sub_region,season_group,area_planted_ha,area_harvested_ha,production_mt,yield_over_harvested,yield_over_planted,cv_area_planted_pct,cv_area_harvested_pct,cv_production_pct,harvest_loss_ratio,year,daily_year,daily_season_total_mm,daily_longest_dry_spell_days,daily_dry_spell_count_7d,daily_dry_spell_count_10d,daily_rain_days_1mm,daily_rain_days_10mm,daily_rain_days_20mm,daily_mean_wet_day_rainfall,daily_maximum_5day_rainfall,daily_season_onset_day,daily_season_cessation_day,daily_season_length_days,daily_false_onset_flag,temp_year,temp_season_gdd,temp_heat_days,temp_extreme_heat_days,temp_warm_night_days,temp_heatwave_count,rain_MAM,rain_SON,rain_DJF,rain_JJA,rain_annual_rainfall,rain_rain_cv,rain_max_monthly,rain_min_monthly,rain_rainy_months,rain_rainfall_anomaly,rain_rainfall_zscore,rain_MAM_anomaly,rain_MAM_zscore,rain_SON_anomaly,rain_SON_zscore,district,lat_x,lon_x,lat_y,lon_y,soil_clay,soil_sand,soil_silt,soil_soc,soil_bdod,soil_cec,soil_phh2o,yield_source,rainfall_source,temperature_source,soil_source,soil_moisture_source,yield_granularity,is_proxy,is_imputed,data_quality_score,data_quality_note
Acholi,first_season_2020,41311.86339982357,33491.00876369796,19415.75629115963,0.579730411471064,0.4699801629195586,19.58088345501453,20.71998715096573,24.83473730660469,0.1893125604244472,2020,2020.0,572.7000713534653,9.625,1.0,0.5,70.125,17.875,1.875,8.171791002696578,57.323903918266296,66.375,91.5,26.125,0.0,2020.0,1725.021875,32.125,4.25,36.625,4.25,429.8889408111572,490.36515522003174,69.14666032791138,518.1679534912109,1507.5687098503113,0.5593996689194904,228.08902740478516,16.66800856590271,9.0,185.7858531475067,1.6576316046658746,46.66194772720337,0.7774568923056622,104.91718101501465,1.6678938868094362,Agago,2.7930061395530275,33.31204317423587,2.7930061395530275,33.31204317423587,34.016666666666666,38.75,27.23333333333333,21.333333333333336,1.2983333333333331,22.0,6.2,AAS2020_subregion,CHIRPS_v2.0_monthly+CHIRPS_v2.0_daily_climateserv,NASA_POWER_daily,,,district,False,False,A,Subregion panel assigned to districts via official AAS district grouping; district-level climate features used directly.
Acholi,first_season_2020,41311.86339982357,33491.00876369796,19415.75629115963,0.579730411471064,0.4699801629195586,19.58088345501453,20.71998715096573,24.83473730660469,0.1893125604244472,2020,2020.0,572.7000713534653,9.625,1.0,0.5,70.125,17.875,1.875,8.171791002696578,57.323903918266296,66.375,91.5,26.125,0.0,2020.0,1725.021875,32.125,4.25,36.625,4.25,429.8889408111572,490.36515522003174,69.14666032791138,518.1679534912109,1507.5687098503113,0.5593996689194904,228.08902740478516,16.66800856590271,9.0,185.7858531475067,1.6576316046658746,46.66194772720337,0.7774568923056622,104.91718101501465,1.6678938868094362,Amuru,2.9832032742483587,31.838702189644746,2.9832032742483587,31.838702189644746,35.41666666666667,40.45,24.116666666666667,27.35,1.275,20.6,6.1,AAS2020_subregion,CHIRPS_v2.0_monthly+CHIRPS_v2.0_daily_climateserv,NASA_POWER_daily,,,district,False,False,A,Subregion panel assigned to districts via official AAS district grouping; district-level climate features used directly.
Acholi,first_season_2020,41311.86339982357,33491.00876369796,19415.75629115963,0.579730411471064,0.4699801629195586,19.58088345501453,20.71998715096573,24.83473730660469,0.1893125604244472,2020,2020.0,572.7000713534653,9.625,1.0,0.5,70.125,17.875,1.875,8.171791002696578,57.323903918266296,66.375,91.5,26.125,0.0,2020.0,1725.021875,32.125,4.25,36.625,4.25,429.8889408111572,490.36515522003174,69.14666032791138,518.1679534912109,1507.5687098503113,0.5593996689194904,228.08902740478516,16.66800856590271,9.0,185.7858531475067,1.6576316046658746,46.66194772720337,0.7774568923056622,104.91718101501465,1.6678938868094362,Gulu,2.9779834598684705,32.38685513102706,2.9779834598684705,32.38685513102706,37.516666666666666,37.45,25.03333333333333,23.7,1.306,19.65,6.3,AAS2020_subregion,CHIRPS_v2.0_monthly+CHIRPS_v2.0_daily_climateserv,NASA_POWER_daily,,,district,False,False,A,Subregion panel assigned to districts via official AAS district grouping; district-level climate features used directly.
Acholi,first_season_2020,41311.86339982357,33491.00876369796,19415.75629115963,0.579730411471064,0.4699801629195586,19.58088345501453,20.71998715096573,24.83473730660469,0.1893125604244472,2020,2020.0,572.7000713534653,9.625,1.0,0.5,70.125,17.875,1.875,8.171791002696578,57.323903918266296,66.375,91.5,26.125,0.0,2020.0,1725.021875,32.125,4.25,36.625,4.25,429.8889408111572,490.36515522003174,69.14666032791138,518.1679534912109,1507.5687098503113,0.5593996689194904,228.08902740478516,16.66800856590271,9.0,185.7858531475067,1.6576316046658746,46.66194772720337,0.7774568923056622,104.91718101501465,1.6678938868094362,Kitgum,3.307646037563655,33.16950142704869,3.307646037563655,33.16950142704869,35.58,38.2,26.025,34.7,1.31,21.7,6.2,AAS2020_subregion,CHIRPS_v2.0_monthly+CHIRPS_v2.0_daily_climateserv,NASA_POWER_daily,,,district,False,False,A,Subregion panel assigned to districts via official AAS district grouping; district-level climate features used directly.
Acholi,first_season_2020,41311.86339982357,33491.00876369796,19415.75629115963,0.579730411471064,0.4699801629195586,19.58088345501453,20.71998715096573,24.83473730660469,0.1893125604244472,2020,2020.0,572.7000713534653,9.625,1.0,0.5,70.125,17.875,1.875,8.171791002696578,57.323903918266296,66.375,91.5,26.125,0.0,2020.0,1725.021875,32.125,4.25,36.625,4.25,429.8889408111572,490.36515522003174,69.14666032791138,518.1679534912109,1507.5687098503113,0.5593996689194904,228.08902740478516,16.66800856590271,9.0,185.7858531475067,1.6576316046658746,46.66194772720337,0.7774568923056622,104.91718101501465,1.6678938868094362,Lamwo,3.3860375514530143,32.764728408701686,3.3860375514530143,32.764728408701686,34.1,40.425,25.0,,,21.9,6.2,AAS2020_subregion,CHIRPS_v2.0_monthly+CHIRPS_v2.0_daily_climateserv,NASA_POWER_daily,,,district,False,False,A,Subregion panel assigned to districts via official AAS district grouping; district-level climate features used directly.
Acholi,first_season_2020,41311.86339982357,33491.00876369796,19415.75629115963,0.579730411471064,0.4699801629195586,19.58088345501453,20.71998715096573,24.83473730660469,0.1893125604244472,2020,2020.0,572.7000713534653,9.625,1.0,0.5,70.125,17.875,1.875,8.171791002696578,57.323903918266296,66.375,91.5,26.125,0.0,2020.0,1725.021875,32.125,4.25,36.625,4.25,429.8889408111572,490.36515522003174,69.14666032791138,518.1679534912109,1507.5687098503113,0.5593996689194904,228.08902740478516,16.66800856590271,9.0,185.7858531475067,1.6576316046658746,46.66194772720337,0.7774568923056622,104.91718101501465,1.6678938868094362,Nwoya,2.6048242312904546,31.87910053369296,2.6048242312904546,31.87910053369296,32.8,45.833333333333336,21.0,21.3,1.35,23.7,,AAS2020_subregion,CHIRPS_v2.0_monthly+CHIRPS_v2.0_daily_climateserv,NASA_POWER_daily,,,district,False,False,A,Subregion panel assigned to districts via official AAS district grouping; district-level climate features used directly.
Acholi,first_season_2020,41311.86339982357,33491.00876369796,19415.75629115963,0.579730411471064,0.4699801629195586,19.58088345501453,20.71998715096573,24.83473730660469,0.1893125604244472,2020,2020.0,572.7000713534653,9.625,1.0,0.5,70.125,17.875,1.875,8.171791002696578,57.323903918266296,66.375,91.5,26.125,0.0,2020.0,1725.021875,32.125,4.25,36.625,4.25,429.8889408111572,490.36515522003174,69.14666032791138,518.1679534912109,1507.5687098503113,0.5593996689194904,228.08902740478516,16.66800856590271,9.0,185.7858531475067,1.6576316046658746,46.66194772720337,0.7774568923056622,104.91718101501465,1.6678938868094362,Omoro,2.679455304659223,32.443382834975075,2.679455304659223,32.443382834975075,,,,,,20.0,,AAS2020_subregion,CHIRPS_v2.0_monthly+CHIRPS_v2.0_daily_climateserv,NASA_POWER_daily,,,district,False,False,A,Subregion panel assigned to districts via official AAS district grouping; district-level climate features used directly.
Acholi,first_season_2020,41311.86339982357,33491.00876369796,19415.75629115963,0.579730411471064,0.4699801629195586,19.58088345501453,20.71998715096573,24.83473730660469,0.1893125604244472,2020,2020.0,572.7000713534653,9.625,1.0,0.5,70.125,17.875,1.875,8.171791002696578,57.323903918266296,66.375,91.5,26.125,0.0,2020.0,1725.021875,32.125,4.25,36.625,4.25,429.8889408111572,490.36515522003174,69.14666032791138,518.1679534912109,1507.5687098503113,0.5593996689194904,228.08902740478516,16.66800856590271,9.0,185.7858531475067,1.6576316046658746,46.66194772720337,0.7774568923056622,104.91718101501465,1.6678938868094362,Pader,2.8597845546680296,32.9142194521287,2.8597845546680296,32.9142194521287,33.7,40.06666666666666,26.5,15.2,,,,AAS2020_subregion,CHIRPS_v2.0_monthly+CHIRPS_v2.0_daily_climateserv,NASA_POWER_daily,,,district,False,False,A,Subregion panel assigned to districts via official AAS district grouping; district-level climate features used directly.
Acholi,second_season_2020,21212.19136588105,14727.171704613364,11403.00442943078,0.774283389787513,0.5375684309435399,25.12317623417041,27.01519384363122,33.11498337346168,0.3057213443632504,2020,2020.0,689.2091083079576,7.25,0.75,0.0,73.75,24.375,4.625,9.378765549747122,71.7936801314354,215.25,326.25,112.0,0.0,2020.0,1576.105,1.25,0.0,3.5,0.0,429.8889408111572,490.36515522003174,69.14666032791138,518.1679534912109,1507.5687098503113,0.5593996689194904,228.08902740478516,16.66800856590271,9.0,185.7858531475067,1.6576316046658746,46.66194772720337,0.7774568923056622,104.91718101501465,1.6678938868094362,Agago,2.7930061395530275,33.31204317423587,2.7930061395530275,33.31204317423587,34.016666666666666,38.75,27.23333333333333,21.333333333333336,1.2983333333333331,22.0,6.2,AAS2020_subregion,CHIRPS_v2.0_monthly+CHIRPS_v2.0_daily_climateserv,NASA_POWER_daily,,,district,False,False,A,Subregion panel assigned to districts via official AAS district grouping; district-level climate features used directly.
Acholi,second_season_2020,21212.19136588105,14727.171704613364,11403.00442943078,0.774283389787513,0.5375684309435399,25.12317623417041,27.01519384363122,33.11498337346168,0.3057213443632504,2020,2020.0,689.2091083079576,7.25,0.75,0.0,73.75,24.375,4.625,9.378765549747122,71.7936801314354,215.25,326.25,112.0,0.0,2020.0,1576.105,1.25,0.0,3.5,0.0,429.8889408111572,490.36515522003174,69.14666032791138,518.1679534912109,1507.5687098503113,0.5593996689194904,228.08902740478516,16.66800856590271,9.0,185.7858531475067,1.6576316046658746,46.66194772720337,0.7774568923056622,104.91718101501465,1.6678938868094362,Amuru,2.9832032742483587,31.838702189644746,2.9832032742483587,31.838702189644746,35.41666666666667,40.45,24.116666666666667,27.35,1.275,20.6,6.1,AAS2020_subregion,CHIRPS_v2.0_monthly+CHIRPS_v2.0_daily_climateserv,NASA_POWER_daily,,,district,False,False,A,Subregion panel assigned to districts via official AAS district grouping; district-level climate features used directly.
Acholi,second_season_2020,21212.19136588105,14727.171704613364,11403.00442943078,0.774283389787513,0.5375684309435399,25.12317623417041,27.01519384363122,33.11498337346168,0.3057213443632504,2020,2020.0,689.2091083079576,7.25,0.75,0.0,73.75,24.375,4.625,9.378765549747122,71.7936801314354,215.25,326.25,112.0,0.0,2020.0,1576.105,1.25,0.0,3.5,0.0,429.8889408111572,490.36515522003174,69.14666032791138,518.1679534912109,1507.5687098503113,0.5593996689194904,228.08902740478516,16.66800856590271,9.0,185.7858531475067,1.6576316046658746,46.66194772720337,0.7774568923056622,104.91718101501465,1.6678938868094362,Gulu,2.9779834598684705,32.38685513102706,2.9779834598684705,32.38685513102706,37.516666666666666,37.45,25.03333333333333,23.7,1.306,19.65,6.3,AAS2020_subregion,CHIRPS_v2.0_monthly+CHIRPS_v2.0_daily_climateserv,NASA_POWER_daily,,,district,False,False,A,Subregion panel assigned to districts via official AAS district grouping; district-level climate features used directly.
Acholi,second_season_2020,21212.19136588105,14727.171704613364,11403.00442943078,0.774283389787513,0.5375684309435399,25.12317623417041,27.01519384363122,33.11498337346168,0.3057213443632504,2020,2020.0,689.2091083079576,7.25,0.75,0.0,73.75,24.375,4.625,9.378765549747122,71.7936801314354,215.25,326.25,112.0,0.0,2020.0,1576.105,1.25,0.0,3.5,0.0,429.8889408111572,490.36515522003174,69.14666032791138,518.1679534912109,1507.5687098503113,0.5593996689194904,228.08902740478516,16.66800856590271,9.0,185.7858531475067,1.6576316046658746,46.66194772720337,0.7774568923056622,104.91718101501465,1.6678938868094362,Kitgum,3.307646037563655,33.16950142704869,3.307646037563655,33.16950142704869,35.58,38.2,26.025,34.7,1.31,21.7,6.2,AAS2020_subregion,CHIRPS_v2.0_monthly+CHIRPS_v2.0_daily_climateserv,NASA_POWER_daily,,,district,False,False,A,Subregion panel assigned to districts via official AAS district grouping; district-level climate features used directly.
Acholi,second_season_2020,21212.19136588105,14727.171704613364,11403.00442943078,0.774283389787513,0.5375684309435399,25.12317623417041,27.01519384363122,33.11498337346168,0.3057213443632504,2020,2020.0,689.2091083079576,7.25,0.75,0.0,73.75,24.375,4.625,9.378765549747122,71.7936801314354,215.25,326.25,112.0,0.0,2020.0,1576.105,1.25,0.0,3.5,0.0,429.8889408111572,490.36515522003174,69.14666032791138,518.1679534912109,1507.5687098503113,0.5593996689194904,228.08902740478516,16.66800856590271,9.0,185.7858531475067,1.6576316046658746,46.66194772720337,0.7774568923056622,104.91718101501465,1.6678938868094362,Lamwo,3.3860375514530143,32.764728408701686,3.3860375514530143,32.764728408701686,34.1,40.425,25.0,,,21.9,6.2,AAS2020_subregion,CHIRPS_v2.0_monthly+CHIRPS_v2.0_daily_climateserv,NASA_POWER_daily,,,district,False,False,A,Subregion panel assigned to districts via official AAS district grouping; district-level climate features used directly.
Acholi,second_season_2020,21212.19136588105,14727.171704613364,11403.00442943078,0.774283389787513,0.5375684309435399,25.12317623417041,27.01519384363122,33.11498337346168,0.3057213443632504,2020,2020.0,689.2091083079576,7.25,0.75,0.0,73.75,24.375,4.625,9.378765549747122,71.7936801314354,215.25,326.25,112.0,0.0,2020.0,1576.105,1.25,0.0,3.5,0.0,429.8889408111572,490.36515522003174,69.14666032791138,518.1679534912109,1507.5687098503113,0.5593996689194904,228.08902740478516,16.66800856590271,9.0,185.7858531475067,1.6576316046658746,46.66194772720337,0.7774568923056622,104.91718101501465,1.6678938868094362,Nwoya,2.6048242312904546,31.87910053369296,2.6048242312904546,31.87910053369296,32.8,45.833333333333336,21.0,21.3,1.35,23.7,,AAS2020_subregion,CHIRPS_v2.0_monthly+CHIRPS_v2.0_daily_climateserv,NASA_POWER_daily,,,district,False,False,A,Subregion panel assigned to districts via official AAS district grouping; district-level climate features used directly.
Acholi,second_season_2020,21212.19136588105,14727.171704613364,11403.00442943078,0.774283389787513,0.5375684309435399,25.12317623417041,27.01519384363122,33.11498337346168,0.3057213443632504,2020,2020.0,689.2091083079576,7.25,0.75,0.0,73.75,24.375,4.625,9.378765549747122,71.7936801314354,215.25,326.25,112.0,0.0,2020.0,1576.105,1.25,0.0,3.5,0.0,429.8889408111572,490.36515522003174,69.14666032791138,518.1679534912109,1507.5687098503113,0.5593996689194904,228.08902740478516,16.66800856590271,9.0,185.7858531475067,1.6576316046658746,46.66194772720337,0.7774568923056622,104.91718101501465,1.6678938868094362,Omoro,2.679455304659223,32.443382834975075,2.679455304659223,32.443382834975075,,,,,,20.0,,AAS2020_subregion,CHIRPS_v2.0_monthly+CHIRPS_v2.0_daily_climateserv,NASA_POWER_daily,,,district,False,False,A,Subregion panel assigned to districts via official AAS district grouping; district-level climate features used directly.
Acholi,second_season_2020,21212.19136588105,14727.171704613364,11403.00442943078,0.774283389787513,0.5375684309435399,25.12317623417041,27.01519384363122,33.11498337346168,0.3057213443632504,2020,2020.0,689.2091083079576,7.25,0.75,0.0,73.75,24.375,4.625,9.378765549747122,71.7936801314354,215.25,326.25,112.0,0.0,2020.0,1576.105,1.25,0.0,3.5,0.0,429.8889408111572,490.36515522003174,69.14666032791138,518.1679534912109,1507.5687098503113,0.5593996689194904,228.08902740478516,16.66800856590271,9.0,185.7858531475067,1.6576316046658746,46.66194772720337,0.7774568923056622,104.91718101501465,1.6678938868094362,Pader,2.8597845546680296,32.9142194521287,2.8597845546680296,32.9142194521287,33.7,40.06666666666666,26.5,15.2,,,,AAS2020_subregion,CHIRPS_v2.0_monthly+CHIRPS_v2.0_daily_climateserv,NASA_POWER_daily,,,district,False,False,A,Subregion panel assigned to districts via official AAS district grouping; district-level climate features used directly.
Acholi,total_2020,62524.05476570462,48218.18046831132,30818.76072059041,0.6391522952809118,0.4929104619986188,14.083909204656258,15.415261636337291,19.25885331951384,0.2288059267909201,2020,2020.0,1261.909179661423,9.75,1.75,0.5,143.875,42.25,6.5,8.578404892374339,71.7936801314354,66.375,326.25,260.875,0.0,2020.0,3301.126875,33.375,4.25,40.125,4.25,429.8889408111572,490.36515522003174,69.14666032791138,518.1679534912109,1507.5687098503113,0.5593996689194904,228.08902740478516,16.66800856590271,9.0,185.7858531475067,1.6576316046658746,46.66194772720337,0.7774568923056622,104.91718101501465,1.6678938868094362,Agago,2.7930061395530275,33.31204317423587,2.7930061395530275,33.31204317423587,34.016666666666666,38.75,27.23333333333333,21.333333333333336,1.2983333333333331,22.0,6.2,AAS2020_subregion,CHIRPS_v2.0_monthly+CHIRPS_v2.0_daily_climateserv,NASA_POWER_daily,,,district,False,False,A,Subregion panel assigned to districts via official AAS district grouping; district-level climate features used directly.
Acholi,total_2020,62524.05476570462,48218.18046831132,30818.76072059041,0.6391522952809118,0.4929104619986188,14.083909204656258,15.415261636337291,19.25885331951384,0.2288059267909201,2020,2020.0,1261.909179661423,9.75,1.75,0.5,143.875,42.25,6.5,8.578404892374339,71.7936801314354,66.375,326.25,260.875,0.0,2020.0,3301.126875,33.375,4.25,40.125,4.25,429.8889408111572,490.36515522003174,69.14666032791138,518.1679534912109,1507.5687098503113,0.5593996689194904,228.08902740478516,16.66800856590271,9.0,185.7858531475067,1.6576316046658746,46.66194772720337,0.7774568923056622,104.91718101501465,1.6678938868094362,Amuru,2.9832032742483587,31.838702189644746,2.9832032742483587,31.838702189644746,35.41666666666667,40.45,24.116666666666667,27.35,1.275,20.6,6.1,AAS2020_subregion,CHIRPS_v2.0_monthly+CHIRPS_v2.0_daily_climateserv,NASA_POWER_daily,,,district,False,False,A,Subregion panel assigned to districts via official AAS district grouping; district-level climate features used directly.
Acholi,total_2020,62524.05476570462,48218.18046831132,30818.76072059041,0.6391522952809118,0.4929104619986188,14.083909204656258,15.415261636337291,19.25885331951384,0.2288059267909201,2020,2020.0,1261.909179661423,9.75,1.75,0.5,143.875,42.25,6.5,8.578404892374339,71.7936801314354,66.375,326.25,260.875,0.0,2020.0,3301.126875,33.375,4.25,40.125,4.25,429.8889408111572,490.36515522003174,69.14666032791138,518.1679534912109,1507.5687098503113,0.5593996689194904,228.08902740478516,16.66800856590271,9.0,185.7858531475067,1.6576316046658746,46.66194772720337,0.7774568923056622,104.91718101501465,1.6678938868094362,Gulu,2.9779834598684705,32.38685513102706,2.9779834598684705,32.38685513102706,37.516666666666666,37.45,25.03333333333333,23.7,1.306,19.65,6.3,AAS2020_subregion,CHIRPS_v2.0_monthly+CHIRPS_v2.0_daily_climateserv,NASA_POWER_daily,,,district,False,False,A,Subregion panel assigned to districts via official AAS district grouping; district-level climate features used directly.
Acholi,total_2020,62524.05476570462,48218.18046831132,30818.76072059041,0.6391522952809118,0.4929104619986188,14.083909204656258,15.415261636337291,19.25885331951384,0.2288059267909201,2020,2020.0,1261.909179661423,9.75,1.75,0.5,143.875,42.25,6.5,8.578404892374339,71.7936801314354,66.375,326.25,260.875,0.0,2020.0,3301.126875,33.375,4.25,40.125,4.25,429.8889408111572,490.36515522003174,69.14666032791138,518.1679534912109,1507.5687098503113,0.5593996689194904,228.08902740478516,16.66800856590271,9.0,185.7858531475067,1.6576316046658746,46.66194772720337,0.7774568923056622,104.91718101501465,1.6678938868094362,Kitgum,3.307646037563655,33.16950142704869,3.307646037563655,33.16950142704869,35.58,38.2,26.025,34.7,1.31,21.7,6.2,AAS2020_subregion,CHIRPS_v2.0_monthly+CHIRPS_v2.0_daily_climateserv,NASA_POWER_daily,,,district,False,False,A,Subregion panel assigned to districts via official AAS district grouping; district-level climate features used directly.
Acholi,total_2020,62524.05476570462,48218.18046831132,30818.76072059041,0.6391522952809118,0.4929104619986188,14.083909204656258,15.415261636337291,19.25885331951384,0.2288059267909201,2020,2020.0,1261.909179661423,9.75,1.75,0.5,143.875,42.25,6.5,8.578404892374339,71.7936801314354,66.375,326.25,260.875,0.0,2020.0,3301.126875,33.375,4.25,40.125,4.25,429.8889408111572,490.36515522003174,69.14666032791138,518.1679534912109,1507.5687098503113,0.5593996689194904,228.08902740478516,16.66800856590271,9.0,185.7858531475067,1.6576316046658746,46.66194772720337,0.7774568923056622,104.91718101501465,1.6678938868094362,Lamwo,3.3860375514530143,32.764728408701686,3.3860375514530143,32.764728408701686,34.1,40.425,25.0,,,21.9,6.2,AAS2020_subregion,CHIRPS_v2.0_monthly+CHIRPS_v2.0_daily_climateserv,NASA_POWER_daily,,,district,False,False,A,Subregion panel assigned to districts via official AAS district grouping; district-level climate features used directly.
Acholi,total_2020,62524.05476570462,48218.18046831132,30818.76072059041,0.6391522952809118,0.4929104619986188,14.083909204656258,15.415261636337291,19.25885331951384,0.2288059267909201,2020,2020.0,1261.909179661423,9.75,1.75,0.5,143.875,42.25,6.5,8.578404892374339,71.7936801314354,66.375,326.25,260.875,0.0,2020.0,3301.126875,33.375,4.25,40.125,4.25,429.8889408111572,490.36515522003174,69.14666032791138,518.1679534912109,1507.5687098503113,0.5593996689194904,228.08902740478516,16.66800856590271,9.0,185.7858531475067,1.6576316046658746,46.66194772720337,0.7774568923056622,104.91718101501465,1.6678938868094362,Nwoya,2.6048242312904546,31.87910053369296,2.6048242312904546,31.87910053369296,32.8,45.833333333333336,21.0,21.3,1.35,23.7,,AAS2020_subregion,CHIRPS_v2.0_monthly+CHIRPS_v2.0_daily_climateserv,NASA_POWER_daily,,,district,False,False,A,Subregion panel assigned to districts via official AAS district grouping; district-level climate features used directly.
Acholi,total_2020,62524.05476570462,48218.18046831132,30818.76072059041,0.6391522952809118,0.4929104619986188,14.083909204656258,15.415261636337291,19.25885331951384,0.2288059267909201,2020,2020.0,1261.909179661423,9.75,1.75,0.5,143.875,42.25,6.5,8.578404892374339,71.7936801314354,66.375,326.25,260.875,0.0,2020.0,3301.126875,33.375,4.25,40.125,4.25,429.8889408111572,490.36515522003174,69.14666032791138,518.1679534912109,1507.5687098503113,0.5593996689194904,228.08902740478516,16.66800856590271,9.0,185.7858531475067,1.6576316046658746,46.66194772720337,0.7774568923056622,104.91718101501465,1.6678938868094362,Omoro,2.679455304659223,32.443382834975075,2.679455304659223,32.443382834975075,,,,,,20.0,,AAS2020_subregion,CHIRPS_v2.0_monthly+CHIRPS_v2.0_daily_climateserv,NASA_POWER_daily,,,district,False,False,A,Subregion panel assigned to districts via official AAS district grouping; district-level climate features used directly.
Acholi,total_2020,62524.05476570462,48218.18046831132,30818.76072059041,0.6391522952809118,0.4929104619986188,14.083909204656258,15.415261636337291,19.25885331951384,0.2288059267909201,2020,2020.0,1261.909179661423,9.75,1.75,0.5,143.875,42.25,6.5,8.578404892374339,71.7936801314354,66.375,326.25,260.875,0.0,2020.0,3301.126875,33.375,4.25,40.125,4.25,429.8889408111572,490.36515522003174,69.14666032791138,518.1679534912109,1507.5687098503113,0.5593996689194904,228.08902740478516,16.66800856590271,9.0,185.7858531475067,1.6576316046658746,46.66194772720337,0.7774568923056622,104.91718101501465,1.6678938868094362,Pader,2.8597845546680296,32.9142194521287,2.8597845546680296,32.9142194521287,33.7,40.06666666666666,26.5,15.2,,,,AAS2020_subregion,CHIRPS_v2.0_monthly+CHIRPS_v2.0_daily_climateserv,NASA_POWER_daily,,,district,False,False,A,Subregion panel assigned to districts via official AAS district grouping; district-level climate features used directly.
Ankole,first_season_2020,13519.71785013503,13224.414029447358,6469.507084787104,0.48920935705591045,0.4785238239807267,15.052386327660932,15.241080323814913,16.96439242537923,0.0218424544033455,2020,2020.0,349.7021957648918,13.5,3.6,1.1,43.6,10.6,3.3,8.008444253579558,73.6520622253418,79.7,170.1,91.4,0.0,2020.0,1337.8425,0.0,0.0,0.0,0.0,310.6848606109619,444.8346336364746,271.2373676300049,111.68549699783325,1138.4423588752747,0.6943823472467304,239.6933395385742,12.007702255249024,8.7,83.51945714950561,0.8827483995985753,-3.015725326538086,0.03590513226277618,55.38612518310547,0.9817632327328776,Buhweju,-0.3359757917834646,30.27755849899177,-0.3359757917834646,30.27755849899177,,,30.5,28.2,1.14,21.5,,AAS2020_subregion,CHIRPS_v2.0_monthly+CHIRPS_v2.0_daily_climateserv,NASA_POWER_daily,,,district,False,False,A,Subregion panel assigned to districts via official AAS district grouping; district-level climate features used directly.
Ankole,first_season_2020,13519.71785013503,13224.414029447358,6469.507084787104,0.48920935705591045,0.4785238239807267,15.052386327660932,15.241080323814913,16.96439242537923,0.0218424544033455,2020,2020.0,349.7021957648918,13.5,3.6,1.1,43.6,10.6,3.3,8.008444253579558,73.6520622253418,79.7,170.1,91.4,0.0,2020.0,1337.8425,0.0,0.0,0.0,0.0,310.6848606109619,444.8346336364746,271.2373676300049,111.68549699783325,1138.4423588752747,0.6943823472467304,239.6933395385742,12.007702255249024,8.7,83.51945714950561,0.8827483995985753,-3.015725326538086,0.03590513226277618,55.38612518310547,0.9817632327328776,Bushenyi,-0.4206909534501584,30.13708980539892,-0.4206909534501584,30.13708980539892,,,28.7,,1.23,23.12,5.7,AAS2020_subregion,CHIRPS_v2.0_monthly+CHIRPS_v2.0_daily_climateserv,NASA_POWER_daily,,,district,False,False,A,Subregion panel assigned to districts via official AAS district grouping; district-level climate features used directly.
Ankole,first_season_2020,13519.71785013503,13224.414029447358,6469.507084787104,0.48920935705591045,0.4785238239807267,15.052386327660932,15.241080323814913,16.96439242537923,0.0218424544033455,2020,2020.0,349.7021957648918,13.5,3.6,1.1,43.6,10.6,3.3,8.008444253579558,73.6520622253418,79.7,170.1,91.4,0.0,2020.0,1337.8425,0.0,0.0,0.0,0.0,310.6848606109619,444.8346336364746,271.2373676300049,111.68549699783325,1138.4423588752747,0.6943823472467304,239.6933395385742,12.007702255249024,8.7,83.51945714950561,0.8827483995985753,-3.015725326538086,0.03590513226277618,55.38612518310547,0.9817632327328776,Ibanda,-0.0051880907297385,30.54268502824297,-0.0051880907297385,30.54268502824297,35.96666666666667,33.33333333333333,30.68333333333333,28.75,1.3116666666666663,27.883333333333333,5.8,AAS2020_subregion,CHIRPS_v2.0_monthly+CHIRPS_v2.0_daily_climateserv,NASA_POWER_daily,,,district,False,False,A,Subregion panel assigned to districts via official AAS district grouping; district-level climate features used directly.
Ankole,first_season_2020,13519.71785013503,13224.414029447358,6469.507084787104,0.48920935705591045,0.4785238239807267,15.052386327660932,15.241080323814913,16.96439242537923,0.0218424544033455,2020,2020.0,349.7021957648918,13.5,3.6,1.1,43.6,10.6,3.3,8.008444253579558,73.6520622253418,79.7,170.1,91.4,0.0,2020.0,1337.8425,0.0,0.0,0.0,0.0,310.6848606109619,444.8346336364746,271.2373676300049,111.68549699783325,1138.4423588752747,0.6943823472467304,239.6933395385742,12.007702255249024,8.7,83.51945714950561,0.8827483995985753,-3.015725326538086,0.03590513226277618,55.38612518310547,0.9817632327328776,Isingiro,-0.7443276740301492,30.78529201274008,-0.7443276740301492,30.78529201274008,36.35,39.266666666666666,24.383333333333333,19.716666666666665,1.3516666666666666,19.53333333333333,6.0,AAS2020_subregion,CHIRPS_v2.0_monthly+CHIRPS_v2.0_daily_climateserv,NASA_POWER_daily,,,district,False,False,A,Subregion panel assigned to districts via official AAS district grouping; district-level climate features used directly.
Ankole,first_season_2020,13519.71785013503,13224.414029447358,6469.507084787104,0.48920935705591045,0.4785238239807267,15.052386327660932,15.241080323814913,16.96439242537923,0.0218424544033455,2020,2020.0,349.7021957648918,13.5,3.6,1.1,43.6,10.6,3.3,8.008444253579558,73.6520622253418,79.7,170.1,91.4,0.0,2020.0,1337.8425,0.0,0.0,0.0,0.0,310.6848606109619,444.8346336364746,271.2373676300049,111.68549699783325,1138.4423588752747,0.6943823472467304,239.6933395385742,12.007702255249024,8.7,83.51945714950561,0.8827483995985753,-3.015725326538086,0.03590513226277618,55.38612518310547,0.9817632327328776,Kiruhura,-0.3574551174544705,30.868965556560568,-0.3574551174544705,30.868965556560568,37.08333333333333,38.7,24.68333333333333,25.083333333333336,1.3316666666666666,19.7,,AAS2020_subregion,CHIRPS_v2.0_monthly+CHIRPS_v2.0_daily_climateserv,NASA_POWER_daily,,,district,False,False,A,Subregion panel assigned to districts via official AAS district grouping; district-level climate features used directly.
Ankole,first_season_2020,13519.71785013503,13224.414029447358,6469.507084787104,0.48920935705591045,0.4785238239807267,15.052386327660932,15.241080323814913,16.96439242537923,0.0218424544033455,2020,2020.0,349.7021957648918,13.5,3.6,1.1,43.6,10.6,3.3,8.008444253579558,73.6520622253418,79.7,170.1,91.4,0.0,2020.0,1337.8425,0.0,0.0,0.0,0.0,310.6848606109619,444.8346336364746,271.2373676300049,111.68549699783325,1138.4423588752747,0.6943823472467304,239.6933395385742,12.007702255249024,8.7,83.51945714950561,0.8827483995985753,-3.015725326538086,0.03590513226277618,55.38612518310547,0.9817632327328776,Mbarara,-0.5387368894262103,30.643938944381983,-0.5387368894262103,30.643938944381983,36.33333333333333,35.41666666666667,28.25,25.96666666666667,1.3633333333333335,19.916666666666668,6.016666666666667,AAS2020_subregion,CHIRPS_v2.0_monthly+CHIRPS_v2.0_daily_climateserv,NASA_POWER_daily,,,district,False,False,A,Subregion panel assigned to districts via official AAS district grouping; district-level climate features used directly.
Ankole,first_season_2020,13519.71785013503,13224.414029447358,6469.507084787104,0.48920935705591045,0.4785238239807267,15.052386327660932,15.241080323814913,16.96439242537923,0.0218424544033455,2020,2020.0,349.7021957648918,13.5,3.6,1.1,43.6,10.6,3.3,8.008444253579558,73.6520622253418,79.7,170.1,91.4,0.0,2020.0,1337.8425,0.0,0.0,0.0,0.0,310.6848606109619,444.8346336364746,271.2373676300049,111.68549699783325,1138.4423588752747,0.6943823472467304,239.6933395385742,12.007702255249024,8.7,83.51945714950561,0.8827483995985753,-3.015725326538086,0.03590513226277618,55.38612518310547,0.9817632327328776,Mitooma,-0.6178363077549905,29.9975239790968,-0.6178363077549905,29.9975239790968,35.6,,32.8,,,23.6,5.7,AAS2020_subregion,CHIRPS_v2.0_monthly+CHIRPS_v2.0_daily_climateserv,NASA_POWER_daily,,,district,False,False,A,Subregion panel assigned to districts via official AAS district grouping; district-level climate features used directly.
Ankole,first_season_2020,13519.71785013503,13224.414029447358,6469.507084787104,0.48920935705591045,0.4785238239807267,15.052386327660932,15.241080323814913,16.96439242537923,0.0218424544033455,2020,2020.0,349.7021957648918,13.5,3.6,1.1,43.6,10.6,3.3,8.008444253579558,73.6520622253418,79.7,170.1,91.4,0.0,2020.0,1337.8425,0.0,0.0,0.0,0.0,310.6848606109619,444.8346336364746,271.2373676300049,111.68549699783325,1138.4423588752747,0.6943823472467304,239.6933395385742,12.007702255249024,8.7,83.51945714950561,0.8827483995985753,-3.015725326538086,0.03590513226277618,55.38612518310547,0.9817632327328776,Ntungamo,-0.9433335769230948,30.25897834567976,-0.9433335769230948,30.25897834567976,,30.9,30.625,19.8,1.29,24.116666666666667,6.1,AAS2020_subregion,CHIRPS_v2.0_monthly+CHIRPS_v2.0_daily_climateserv,NASA_POWER_daily,,,district,False,False,A,Subregion panel assigned to districts via official AAS district grouping; district-level climate features used directly.
Ankole,first_season_2020,13519.71785013503,13224.414029447358,6469.507084787104,0.48920935705591045,0.4785238239807267,15.052386327660932,15.241080323814913,16.96439242537923,0.0218424544033455,2020,2020.0,349.7021957648918,13.5,3.6,1.1,43.6,10.6,3.3,8.008444253579558,73.6520622253418,79.7,170.1,91.4,0.0,2020.0,1337.8425,0.0,0.0,0.0,0.0,310.6848606109619,444.8346336364746,271.2373676300049,111.68549699783325,1138.4423588752747,0.6943823472467304,239.6933395385742,12.007702255249024,8.7,83.51945714950561,0.8827483995985753,-3.015725326538086,0.03590513226277618,55.38612518310547,0.9817632327328776,Rubirizi,-0.2878831110051649,30.11649966665435,-0.2878831110051649,30.11649966665435,39.7,,30.4,51.1,1.23,21.0,5.6,AAS2020_subregion,CHIRPS_v2.0_monthly+CHIRPS_v2.0_daily_climateserv,NASA_POWER_daily,,,district,False,False,A,Subregion panel assigned to districts via official AAS district grouping; district-level climate features used directly.
Ankole,first_season_2020,13519.71785013503,13224.414029447358,6469.507084787104,0.48920935705591045,0.4785238239807267,15.052386327660932,15.241080323814913,16.96439242537923,0.0218424544033455,2020,2020.0,349.7021957648918,13.5,3.6,1.1,43.6,10.6,3.3,8.008444253579558,73.6520622253418,79.7,170.1,91.4,0.0,2020.0,1337.8425,0.0,0.0,0.0,0.0,310.6848606109619,444.8346336364746,271.2373676300049,111.68549699783325,1138.4423588752747,0.6943823472467304,239.6933395385742,12.007702255249024,8.7,83.51945714950561,0.8827483995985753,-3.015725326538086,0.03590513226277618,55.38612518310547,0.9817632327328776,Sheema,-0.6064526724468084,30.30190643685336,-0.6064526724468084,30.30190643685336,34.1,33.0,29.1,,,,,AAS2020_subregion,CHIRPS_v2.0_monthly+CHIRPS_v2.0_daily_climateserv,NASA_POWER_daily,,,district,False,False,A,Subregion panel assigned to districts via official AAS district grouping; district-level climate features used directly.
Ankole,second_season_2020,7750.623680207723,4021.440590668345,2236.502995825332,0.5561447310735069,0.2885578100684398,12.72968248344638,16.27230586950763,13.467900643040752,0.4811461946039719,2020,2020.0,503.34004124179484,7.9,0.8,0.3,57.2,17.0,3.5,8.7841959363282,80.87566123008727,263.4,324.6,62.2,0.2,2020.0,1343.2685000000001,0.0,0.0,0.0,0.0,310.6848606109619,444.8346336364746,271.2373676300049,111.68549699783325,1138.4423588752747,0.6943823472467304,239.6933395385742,12.007702255249024,8.7,83.51945714950561,0.8827483995985753,-3.015725326538086,0.03590513226277618,55.38612518310547,0.9817632327328776,Buhweju,-0.3359757917834646,30.27755849899177,-0.3359757917834646,30.27755849899177,,,30.5,28.2,1.14,21.5,,AAS2020_subregion,CHIRPS_v2.0_monthly+CHIRPS_v2.0_daily_climateserv,NASA_POWER_daily,,,district,False,False,A,Subregion panel assigned to districts via official AAS district grouping; district-level climate features used directly.
Ankole,second_season_2020,7750.623680207723,4021.440590668345,2236.502995825332,0.5561447310735069,0.2885578100684398,12.72968248344638,16.27230586950763,13.467900643040752,0.4811461946039719,2020,2020.0,503.34004124179484,7.9,0.8,0.3,57.2,17.0,3.5,8.7841959363282,80.87566123008727,263.4,324.6,62.2,0.2,2020.0,1343.2685000000001,0.0,0.0,0.0,0.0,310.6848606109619,444.8346336364746,271.2373676300049,111.68549699783325,1138.4423588752747,0.6943823472467304,239.6933395385742,12.007702255249024,8.7,83.51945714950561,0.8827483995985753,-3.015725326538086,0.03590513226277618,55.38612518310547,0.9817632327328776,Bushenyi,-0.4206909534501584,30.13708980539892,-0.4206909534501584,30.13708980539892,,,28.7,,1.23,23.12,5.7,AAS2020_subregion,CHIRPS_v2.0_monthly+CHIRPS_v2.0_daily_climateserv,NASA_POWER_daily,,,district,False,False,A,Subregion panel assigned to districts via official AAS district grouping; district-level climate features used directly.
Ankole,second_season_2020,7750.623680207723,4021.440590668345,2236.502995825332,0.5561447310735069,0.2885578100684398,12.72968248344638,16.27230586950763,13.467900643040752,0.4811461946039719,2020,2020.0,503.34004124179484,7.9,0.8,0.3,57.2,17.0,3.5,8.7841959363282,80.87566123008727,263.4,324.6,62.2,0.2,2020.0,1343.2685000000001,0.0,0.0,0.0,0.0,310.6848606109619,444.8346336364746,271.2373676300049,111.68549699783325,1138.4423588752747,0.6943823472467304,239.6933395385742,12.007702255249024,8.7,83.51945714950561,0.8827483995985753,-3.015725326538086,0.03590513226277618,55.38612518310547,0.9817632327328776,Ibanda,-0.0051880907297385,30.54268502824297,-0.0051880907297385,30.54268502824297,35.96666666666667,33.33333333333333,30.68333333333333,28.75,1.3116666666666663,27.883333333333333,5.8,AAS2020_subregion,CHIRPS_v2.0_monthly+CHIRPS_v2.0_daily_climateserv,NASA_POWER_daily,,,district,False,False,A,Subregion panel assigned to districts via official AAS district grouping; district-level climate features used directly.
Ankole,second_season_2020,7750.623680207723,4021.440590668345,2236.502995825332,0.5561447310735069,0.2885578100684398,12.72968248344638,16.27230586950763,13.467900643040752,0.4811461946039719,2020,2020.0,503.34004124179484,7.9,0.8,0.3,57.2,17.0,3.5,8.7841959363282,80.87566123008727,263.4,324.6,62.2,0.2,2020.0,1343.2685000000001,0.0,0.0,0.0,0.0,310.6848606109619,444.8346336364746,271.2373676300049,111.68549699783325,1138.4423588752747,0.6943823472467304,239.6933395385742,12.007702255249024,8.7,83.51945714950561,0.8827483995985753,-3.015725326538086,0.03590513226277618,55.38612518310547,0.9817632327328776,Isingiro,-0.7443276740301492,30.78529201274008,-0.7443276740301492,30.78529201274008,36.35,39.266666666666666,24.383333333333333,19.716666666666665,1.3516666666666666,19.53333333333333,6.0,AAS2020_subregion,CHIRPS_v2.0_monthly+CHIRPS_v2.0_daily_climateserv,NASA_POWER_daily,,,district,False,False,A,Subregion panel assigned to districts via official AAS district grouping; district-level climate features used directly.
Ankole,second_season_2020,7750.623680207723,4021.440590668345,2236.502995825332,0.5561447310735069,0.2885578100684398,12.72968248344638,16.27230586950763,13.467900643040752,0.4811461946039719,2020,2020.0,503.34004124179484,7.9,0.8,0.3,57.2,17.0,3.5,8.7841959363282,80.87566123008727,263.4,324.6,62.2,0.2,2020.0,1343.2685000000001,0.0,0.0,0.0,0.0,310.6848606109619,444.8346336364746,271.2373676300049,111.68549699783325,1138.4423588752747,0.6943823472467304,239.6933395385742,12.007702255249024,8.7,83.51945714950561,0.8827483995985753,-3.015725326538086,0.03590513226277618,55.38612518310547,0.9817632327328776,Kiruhura,-0.3574551174544705,30.868965556560568,-0.3574551174544705,30.868965556560568,37.08333333333333,38.7,24.68333333333333,25.083333333333336,1.3316666666666666,19.7,,AAS2020_subregion,CHIRPS_v2.0_monthly+CHIRPS_v2.0_daily_climateserv,NASA_POWER_daily,,,district,False,False,A,Subregion panel assigned to districts via official AAS district grouping; district-level climate features used directly.
Ankole,second_season_2020,7750.623680207723,4021.440590668345,2236.502995825332,0.5561447310735069,0.2885578100684398,12.72968248344638,16.27230586950763,13.467900643040752,0.4811461946039719,2020,2020.0,503.34004124179484,7.9,0.8,0.3,57.2,17.0,3.5,8.7841959363282,80.87566123008727,263.4,324.6,62.2,0.2,2020.0,1343.2685000000001,0.0,0.0,0.0,0.0,310.6848606109619,444.8346336364746,271.2373676300049,111.68549699783325,1138.4423588752747,0.6943823472467304,239.6933395385742,12.007702255249024,8.7,83.51945714950561,0.8827483995985753,-3.015725326538086,0.03590513226277618,55.38612518310547,0.9817632327328776,Mbarara,-0.5387368894262103,30.643938944381983,-0.5387368894262103,30.643938944381983,36.33333333333333,35.41666666666667,28.25,25.96666666666667,1.3633333333333335,19.916666666666668,6.016666666666667,AAS2020_subregion,CHIRPS_v2.0_monthly+CHIRPS_v2.0_daily_climateserv,NASA_POWER_daily,,,district,False,False,A,Subregion panel assigned to districts via official AAS district grouping; district-level climate features used directly.
Ankole,second_season_2020,7750.623680207723,4021.440590668345,2236.502995825332,0.5561447310735069,0.2885578100684398,12.72968248344638,16.27230586950763,13.467900643040752,0.4811461946039719,2020,2020.0,503.34004124179484,7.9,0.8,0.3,57.2,17.0,3.5,8.7841959363282,80.87566123008727,263.4,324.6,62.2,0.2,2020.0,1343.2685000000001,0.0,0.0,0.0,0.0,310.6848606109619,444.8346336364746,271.2373676300049,111.68549699783325,1138.4423588752747,0.6943823472467304,239.6933395385742,12.007702255249024,8.7,83.51945714950561,0.8827483995985753,-3.015725326538086,0.03590513226277618,55.38612518310547,0.9817632327328776,Mitooma,-0.6178363077549905,29.9975239790968,-0.6178363077549905,29.9975239790968,35.6,,32.8,,,23.6,5.7,AAS2020_subregion,CHIRPS_v2.0_monthly+CHIRPS_v2.0_daily_climateserv,NASA_POWER_daily,,,district,False,False,A,Subregion panel assigned to districts via official AAS district grouping; district-level climate features used directly.
Ankole,second_season_2020,7750.623680207723,4021.440590668345,2236.502995825332,0.5561447310735069,0.2885578100684398,12.72968248344638,16.27230586950763,13.467900643040752,0.4811461946039719,2020,2020.0,503.34004124179484,7.9,0.8,0.3,57.2,17.0,3.5,8.7841959363282,80.87566123008727,263.4,324.6,62.2,0.2,2020.0,1343.2685000000001,0.0,0.0,0.0,0.0,310.6848606109619,444.8346336364746,271.2373676300049,111.68549699783325,1138.4423588752747,0.6943823472467304,239.6933395385742,12.007702255249024,8.7,83.51945714950561,0.8827483995985753,-3.015725326538086,0.03590513226277618,55.38612518310547,0.9817632327328776,Ntungamo,-0.9433335769230948,30.25897834567976,-0.9433335769230948,30.25897834567976,,30.9,30.625,19.8,1.29,24.116666666666667,6.1,AAS2020_subregion,CHIRPS_v2.0_monthly+CHIRPS_v2.0_daily_climateserv,NASA_POWER_daily,,,district,False,False,A,Subregion panel assigned to districts via official AAS district grouping; district-level climate features used directly.
Ankole,second_season_2020,7750.623680207723,4021.440590668345,2236.502995825332,0.5561447310735069,0.2885578100684398,12.72968248344638,16.27230586950763,13.467900643040752,0.4811461946039719,2020,2020.0,503.34004124179484,7.9,0.8,0.3,57.2,17.0,3.5,8.7841959363282,80.87566123008727,263.4,324.6,62.2,0.2,2020.0,1343.2685000000001,0.0,0.0,0.0,0.0,310.6848606109619,444.8346336364746,271.2373676300049,111.68549699783325,1138.4423588752747,0.6943823472467304,239.6933395385742,12.007702255249024,8.7,83.51945714950561,0.8827483995985753,-3.015725326538086,0.03590513226277618,55.38612518310547,0.9817632327328776,Rubirizi,-0.2878831110051649,30.11649966665435,-0.2878831110051649,30.11649966665435,39.7,,30.4,51.1,1.23,21.0,5.6,AAS2020_subregion,CHIRPS_v2.0_monthly+CHIRPS_v2.0_daily_climateserv,NASA_POWER_daily,,,district,False,False,A,Subregion panel assigned to districts via official AAS district grouping; district-level climate features used directly.
Ankole,second_season_2020,7750.623680207723,4021.440590668345,2236.502995825332,0.5561447310735069,0.2885578100684398,12.72968248344638,16.27230586950763,13.467900643040752,0.4811461946039719,2020,2020.0,503.34004124179484,7.9,0.8,0.3,57.2,17.0,3.5,8.7841959363282,80.87566123008727,263.4,324.6,62.2,0.2,2020.0,1343.2685000000001,0.0,0.0,0.0,0.0,310.6848606109619,444.8346336364746,271.2373676300049,111.68549699783325,1138.4423588752747,0.6943823472467304,239.6933395385742,12.007702255249024,8.7,83.51945714950561,0.8827483995985753,-3.015725326538086,0.03590513226277618,55.38612518310547,0.9817632327328776,Sheema,-0.6064526724468084,30.30190643685336,-0.6064526724468084,30.30190643685336,34.1,33.0,29.1,,,,,AAS2020_subregion,CHIRPS_v2.0_monthly+CHIRPS_v2.0_daily_climateserv,NASA_POWER_daily,,,district,False,False,A,Subregion panel assigned to districts via official AAS district grouping; district-level climate features used directly.
Ankole,total_2020,21270.34153034276,17245.854620115704,8706.010080612436,0.5048175502104532,0.4093027875548242,12.1855936838348,13.361911898242282,14.17821019108223,0.1892065016674041,2020,2020.0,853.0422370066866,13.5,4.4,1.4,100.8,27.6,6.8,8.286924300112421,88.41481127738953,79.7,324.6,245.9,0.2,2020.0,2681.111,0.0,0.0,0.0,0.0,310.6848606109619,444.8346336364746,271.2373676300049,111.68549699783325,1138.4423588752747,0.6943823472467304,239.6933395385742,12.007702255249024,8.7,83.51945714950561,0.8827483995985753,-3.015725326538086,0.03590513226277618,55.38612518310547,0.9817632327328776,Buhweju,-0.3359757917834646,30.27755849899177,-0.3359757917834646,30.27755849899177,,,30.5,28.2,1.14,21.5,,AAS2020_subregion,CHIRPS_v2.0_monthly+CHIRPS_v2.0_daily_climateserv,NASA_POWER_daily,,,district,False,False,A,Subregion panel assigned to districts via official AAS district grouping; district-level climate features used directly.
Ankole,total_2020,21270.34153034276,17245.854620115704,8706.010080612436,0.5048175502104532,0.4093027875548242,12.1855936838348,13.361911898242282,14.17821019108223,0.1892065016674041,2020,2020.0,853.0422370066866,13.5,4.4,1.4,100.8,27.6,6.8,8.286924300112421,88.41481127738953,79.7,324.6,245.9,0.2,2020.0,2681.111,0.0,0.0,0.0,0.0,310.6848606109619,444.8346336364746,271.2373676300049,111.68549699783325,1138.4423588752747,0.6943823472467304,239.6933395385742,12.007702255249024,8.7,83.51945714950561,0.8827483995985753,-3.015725326538086,0.03590513226277618,55.38612518310547,0.9817632327328776,Bushenyi,-0.4206909534501584,30.13708980539892,-0.4206909534501584,30.13708980539892,,,28.7,,1.23,23.12,5.7,AAS2020_subregion,CHIRPS_v2.0_monthly+CHIRPS_v2.0_daily_climateserv,NASA_POWER_daily,,,district,False,False,A,Subregion panel assigned to districts via official AAS district grouping; district-level climate features used directly.
Ankole,total_2020,21270.34153034276,17245.854620115704,8706.010080612436,0.5048175502104532,0.4093027875548242,12.1855936838348,13.361911898242282,14.17821019108223,0.1892065016674041,2020,2020.0,853.0422370066866,13.5,4.4,1.4,100.8,27.6,6.8,8.286924300112421,88.41481127738953,79.7,324.6,245.9,0.2,2020.0,2681.111,0.0,0.0,0.0,0.0,310.6848606109619,444.8346336364746,271.2373676300049,111.68549699783325,1138.4423588752747,0.6943823472467304,239.6933395385742,12.007702255249024,8.7,83.51945714950561,0.8827483995985753,-3.015725326538086,0.03590513226277618,55.38612518310547,0.9817632327328776,Ibanda,-0.0051880907297385,30.54268502824297,-0.0051880907297385,30.54268502824297,35.96666666666667,33.33333333333333,30.68333333333333,28.75,1.3116666666666663,27.883333333333333,5.8,AAS2020_subregion,CHIRPS_v2.0_monthly+CHIRPS_v2.0_daily_climateserv,NASA_POWER_daily,,,district,False,False,A,Subregion panel assigned to districts via official AAS district grouping; district-level climate features used directly.
Ankole,total_2020,21270.34153034276,17245.854620115704,8706.010080612436,0.5048175502104532,0.4093027875548242,12.1855936838348,13.361911898242282,14.17821019108223,0.1892065016674041,2020,2020.0,853.0422370066866,13.5,4.4,1.4,100.8,27.6,6.8,8.286924300112421,88.41481127738953,79.7,324.6,245.9,0.2,2020.0,2681.111,0.0,0.0,0.0,0.0,310.6848606109619,444.8346336364746,271.2373676300049,111.68549699783325,1138.4423588752747,0.6943823472467304,239.6933395385742,12.007702255249024,8.7,83.51945714950561,0.8827483995985753,-3.015725326538086,0.03590513226277618,55.38612518310547,0.9817632327328776,Isingiro,-0.7443276740301492,30.78529201274008,-0.7443276740301492,30.78529201274008,36.35,39.266666666666666,24.383333333333333,19.716666666666665,1.3516666666666666,19.53333333333333,6.0,AAS2020_subregion,CHIRPS_v2.0_monthly+CHIRPS_v2.0_daily_climateserv,NASA_POWER_daily,,,district,False,False,A,Subregion panel assigned to districts via official AAS district grouping; district-level climate features used directly.
Ankole,total_2020,21270.34153034276,17245.854620115704,8706.010080612436,0.5048175502104532,0.4093027875548242,12.1855936838348,13.361911898242282,14.17821019108223,0.1892065016674041,2020,2020.0,853.0422370066866,13.5,4.4,1.4,100.8,27.6,6.8,8.286924300112421,88.41481127738953,79.7,324.6,245.9,0.2,2020.0,2681.111,0.0,0.0,0.0,0.0,310.6848606109619,444.8346336364746,271.2373676300049,111.68549699783325,1138.4423588752747,0.6943823472467304,239.6933395385742,12.007702255249024,8.7,83.51945714950561,0.8827483995985753,-3.015725326538086,0.03590513226277618,55.38612518310547,0.9817632327328776,Kiruhura,-0.3574551174544705,30.868965556560568,-0.3574551174544705,30.868965556560568,37.08333333333333,38.7,24.68333333333333,25.083333333333336,1.3316666666666666,19.7,,AAS2020_subregion,CHIRPS_v2.0_monthly+CHIRPS_v2.0_daily_climateserv,NASA_POWER_daily,,,district,False,False,A,Subregion panel assigned to districts via official AAS district grouping; district-level climate features used directly.
Ankole,total_2020,21270.34153034276,17245.854620115704,8706.010080612436,0.5048175502104532,0.4093027875548242,12.1855936838348,13.361911898242282,14.17821019108223,0.1892065016674041,2020,2020.0,853.0422370066866,13.5,4.4,1.4,100.8,27.6,6.8,8.286924300112421,88.41481127738953,79.7,324.6,245.9,0.2,2020.0,2681.111,0.0,0.0,0.0,0.0,310.6848606109619,444.8346336364746,271.2373676300049,111.68549699783325,1138.4423588752747,0.6943823472467304,239.6933395385742,12.007702255249024,8.7,83.51945714950561,0.8827483995985753,-3.015725326538086,0.03590513226277618,55.38612518310547,0.9817632327328776,Mbarara,-0.5387368894262103,30.643938944381983,-0.5387368894262103,30.643938944381983,36.33333333333333,35.41666666666667,28.25,25.96666666666667,1.3633333333333335,19.916666666666668,6.016666666666667,AAS2020_subregion,CHIRPS_v2.0_monthly+CHIRPS_v2.0_daily_climateserv,NASA_POWER_daily,,,district,False,False,A,Subregion panel assigned to districts via official AAS district grouping; district-level climate features used directly.
Ankole,total_2020,21270.34153034276,17245.854620115704,8706.010080612436,0.5048175502104532,0.4093027875548242,12.1855936838348,13.361911898242282,14.17821019108223,0.1892065016674041,2020,2020.0,853.0422370066866,13.5,4.4,1.4,100.8,27.6,6.8,8.286924300112421,88.41481127738953,79.7,324.6,245.9,0.2,2020.0,2681.111,0.0,0.0,0.0,0.0,310.6848606109619,444.8346336364746,271.2373676300049,111.68549699783325,1138.4423588752747,0.6943823472467304,239.6933395385742,12.007702255249024,8.7,83.51945714950561,0.8827483995985753,-3.015725326538086,0.03590513226277618,55.38612518310547,0.9817632327328776,Mitooma,-0.6178363077549905,29.9975239790968,-0.6178363077549905,29.9975239790968,35.6,,32.8,,,23.6,5.7,AAS2020_subregion,CHIRPS_v2.0_monthly+CHIRPS_v2.0_daily_climateserv,NASA_POWER_daily,,,district,False,False,A,Subregion panel assigned to districts via official AAS district grouping; district-level climate features used directly.
Ankole,total_2020,21270.34153034276,17245.854620115704,8706.010080612436,0.5048175502104532,0.4093027875548242,12.1855936838348,13.361911898242282,14.17821019108223,0.1892065016674041,2020,2020.0,853.0422370066866,13.5,4.4,1.4,100.8,27.6,6.8,8.286924300112421,88.41481127738953,79.7,324.6,245.9,0.2,2020.0,2681.111,0.0,0.0,0.0,0.0,310.6848606109619,444.8346336364746,271.2373676300049,111.68549699783325,1138.4423588752747,0.6943823472467304,239.6933395385742,12.007702255249024,8.7,83.51945714950561,0.8827483995985753,-3.015725326538086,0.03590513226277618,55.38612518310547,0.9817632327328776,Ntungamo,-0.9433335769230948,30.25897834567976,-0.9433335769230948,30.25897834567976,,30.9,30.625,19.8,1.29,24.116666666666667,6.1,AAS2020_subregion,CHIRPS_v2.0_monthly+CHIRPS_v2.0_daily_climateserv,NASA_POWER_daily,,,district,False,False,A,Subregion panel assigned to districts via official AAS district grouping; district-level climate features used directly.
Ankole,total_2020,21270.34153034276,17245.854620115704,8706.010080612436,0.5048175502104532,0.4093027875548242,12.1855936838348,13.361911898242282,14.17821019108223,0.1892065016674041,2020,2020.0,853.0422370066866,13.5,4.4,1.4,100.8,27.6,6.8,8.286924300112421,88.41481127738953,79.7,324.6,245.9,0.2,2020.0,2681.111,0.0,0.0,0.0,0.0,310.6848606109619,444.8346336364746,271.2373676300049,111.68549699783325,1138.4423588752747,0.6943823472467304,239.6933395385742,12.007702255249024,8.7,83.51945714950561,0.8827483995985753,-3.015725326538086,0.03590513226277618,55.38612518310547,0.9817632327328776,Rubirizi,-0.2878831110051649,30.11649966665435,-0.2878831110051649,30.11649966665435,39.7,,30.4,51.1,1.23,21.0,5.6,AAS2020_subregion,CHIRPS_v2.0_monthly+CHIRPS_v2.0_daily_climateserv,NASA_POWER_daily,,,district,False,False,A,Subregion panel assigned to districts via official AAS district grouping; district-level climate features used directly.
Ankole,total_2020,21270.34153034276,17245.854620115704,8706.010080612436,0.5048175502104532,0.4093027875548242,12.1855936838348,13.361911898242282,14.17821019108223,0.1892065016674041,2020,2020.0,853.0422370066866,13.5,4.4,1.4,100.8,27.6,6.8,8.286924300112421,88.41481127738953,79.7,324.6,245.9,0.2,2020.0,2681.111,0.0,0.0,0.0,0.0,310.6848606109619,444.8346336364746,271.2373676300049,111.68549699783325,1138.4423588752747,0.6943823472467304,239.6933395385742,12.007702255249024,8.7,83.51945714950561,0.8827483995985753,-3.015725326538086,0.03590513226277618,55.38612518310547,0.9817632327328776,Sheema,-0.6064526724468084,30.30190643685336,-0.6064526724468084,30.30190643685336,34.1,33.0,29.1,,,,,AAS2020_subregion,CHIRPS_v2.0_monthly+CHIRPS_v2.0_daily_climateserv,NASA_POWER_daily,,,district,False,False,A,Subregion panel assigned to districts via official AAS district grouping; district-level climate features used directly.
Bukedi,first_season_2020,19476.054131639823,18383.56111198294,8770.121708536559,0.47706326620362677,0.4503028000055236,15.421584841346656,15.606830571289972,15.58605499578506,0.0560941663168861,2020,2020.0,809.6237435787916,7.333333333333333,0.6666666666666666,0.16666666666666666,77.66666666666667,30.0,6.666666666666667,10.415271057329736,88.75836904843648,65.0,158.83333333333334,94.83333333333333,0.0,2020.0,1534.1625000000001,6.666666666666667,0.0,13.666666666666666,0.6666666666666666,667.2053387959799,794.5850397745768,203.4081185658773,452.70716222127277,2117.9056593577066,0.560799035660458,393.3497365315755,49.560106913248696,11.0,745.7673250834147,5.829329549863792,168.30182266235352,2.438865671778767,402.9198913574219,5.631585246250869,Budaka,1.0887212520432252,34.009018494261014,1.0887212520432252,34.009018494261014,,,,,,,,AAS2020_subregion,CHIRPS_v2.0_monthly+CHIRPS_v2.0_daily_climateserv,NASA_POWER_daily,,,district,False,False,A,Subregion panel assigned to districts via official AAS district grouping; district-level climate features used directly.
Bukedi,first_season_2020,19476.054131639823,18383.56111198294,8770.121708536559,0.47706326620362677,0.4503028000055236,15.421584841346656,15.606830571289972,15.58605499578506,0.0560941663168861,2020,2020.0,809.6237435787916,7.333333333333333,0.6666666666666666,0.16666666666666666,77.66666666666667,30.0,6.666666666666667,10.415271057329736,88.75836904843648,65.0,158.83333333333334,94.83333333333333,0.0,2020.0,1534.1625000000001,6.666666666666667,0.0,13.666666666666666,0.6666666666666666,667.2053387959799,794.5850397745768,203.4081185658773,452.70716222127277,2117.9056593577066,0.560799035660458,393.3497365315755,49.560106913248696,11.0,745.7673250834147,5.829329549863792,168.30182266235352,2.438865671778767,402.9198913574219,5.631585246250869,Busia,0.4448260832734889,34.032737852243365,0.4448260832734889,34.032737852243365,,35.1,18.9,19.0,,18.6,,AAS2020_subregion,CHIRPS_v2.0_monthly+CHIRPS_v2.0_daily_climateserv,NASA_POWER_daily,,,district,False,False,A,Subregion panel assigned to districts via official AAS district grouping; district-level climate features used directly.
Bukedi,first_season_2020,19476.054131639823,18383.56111198294,8770.121708536559,0.47706326620362677,0.4503028000055236,15.421584841346656,15.606830571289972,15.58605499578506,0.0560941663168861,2020,2020.0,809.6237435787916,7.333333333333333,0.6666666666666666,0.16666666666666666,77.66666666666667,30.0,6.666666666666667,10.415271057329736,88.75836904843648,65.0,158.83333333333334,94.83333333333333,0.0,2020.0,1534.1625000000001,6.666666666666667,0.0,13.666666666666666,0.6666666666666666,667.2053387959799,794.5850397745768,203.4081185658773,452.70716222127277,2117.9056593577066,0.560799035660458,393.3497365315755,49.560106913248696,11.0,745.7673250834147,5.829329549863792,168.30182266235352,2.438865671778767,402.9198913574219,5.631585246250869,Butaleja,0.8528562262542055,33.94419242105483,0.8528562262542055,33.94419242105483,,,,22.9,1.38,20.9,6.1,AAS2020_subregion,CHIRPS_v2.0_monthly+CHIRPS_v2.0_daily_climateserv,NASA_POWER_daily,,,district,False,False,A,Subregion panel assigned to districts via official AAS district grouping; district-level climate features used directly.
Bukedi,first_season_2020,19476.054131639823,18383.56111198294,8770.121708536559,0.47706326620362677,0.4503028000055236,15.421584841346656,15.606830571289972,15.58605499578506,0.0560941663168861,2020,2020.0,809.6237435787916,7.333333333333333,0.6666666666666666,0.16666666666666666,77.66666666666667,30.0,6.666666666666667,10.415271057329736,88.75836904843648,65.0,158.83333333333334,94.83333333333333,0.0,2020.0,1534.1625000000001,6.666666666666667,0.0,13.666666666666666,0.6666666666666666,667.2053387959799,794.5850397745768,203.4081185658773,452.70716222127277,2117.9056593577066,0.560799035660458,393.3497365315755,49.560106913248696,11.0,745.7673250834147,5.829329549863792,168.30182266235352,2.438865671778767,402.9198913574219,5.631585246250869,Kibuku,1.073178462096525,33.82439760228314,1.073178462096525,33.82439760228314,39.5,36.05,23.95,22.33333333333333,1.31,20.1,5.9,AAS2020_subregion,CHIRPS_v2.0_monthly+CHIRPS_v2.0_daily_climateserv,NASA_POWER_daily,,,district,False,False,A,Subregion panel assigned to districts via official AAS district grouping; district-level climate features used directly.
Bukedi,first_season_2020,19476.054131639823,18383.56111198294,8770.121708536559,0.47706326620362677,0.4503028000055236,15.421584841346656,15.606830571289972,15.58605499578506,0.0560941663168861,2020,2020.0,809.6237435787916,7.333333333333333,0.6666666666666666,0.16666666666666666,77.66666666666667,30.0,6.666666666666667,10.415271057329736,88.75836904843648,65.0,158.83333333333334,94.83333333333333,0.0,2020.0,1534.1625000000001,6.666666666666667,0.0,13.666666666666666,0.6666666666666666,667.2053387959799,794.5850397745768,203.4081185658773,452.70716222127277,2117.9056593577066,0.560799035660458,393.3497365315755,49.560106913248696,11.0,745.7673250834147,5.829329549863792,168.30182266235352,2.438865671778767,402.9198913574219,5.631585246250869,Pallisa,1.2229171619567758,33.664107182884344,1.2229171619567758,33.664107182884344,37.18333333333333,39.4,24.166666666666664,19.275,1.3233333333333337,18.18,5.85,AAS2020_subregion,CHIRPS_v2.0_monthly+CHIRPS_v2.0_daily_climateserv,NASA_POWER_daily,,,district,False,False,A,Subregion panel assigned to districts via official AAS district grouping; district-level climate features used directly.
Bukedi,first_season_2020,19476.054131639823,18383.56111198294,8770.121708536559,0.47706326620362677,0.4503028000055236,15.421584841346656,15.606830571289972,15.58605499578506,0.0560941663168861,2020,2020.0,809.6237435787916,7.333333333333333,0.6666666666666666,0.16666666666666666,77.66666666666667,30.0,6.666666666666667,10.415271057329736,88.75836904843648,65.0,158.83333333333334,94.83333333333333,0.0,2020.0,1534.1625000000001,6.666666666666667,0.0,13.666666666666666,0.6666666666666666,667.2053387959799,794.5850397745768,203.4081185658773,452.70716222127277,2117.9056593577066,0.560799035660458,393.3497365315755,49.560106913248696,11.0,745.7673250834147,5.829329549863792,168.30182266235352,2.438865671778767,402.9198913574219,5.631585246250869,Tororo,0.6510600243787987,34.12222831065202,0.6510600243787987,34.12222831065202,42.7,35.36666666666667,24.8,28.4,1.3125,21.3,,AAS2020_subregion,CHIRPS_v2.0_monthly+CHIRPS_v2.0_daily_climateserv,NASA_POWER_daily,,,district,False,False,A,Subregion panel assigned to districts via official AAS district grouping; district-level climate features used directly.
Bukedi,second_season_2020,4614.401009321355,2347.0148967595123,1323.975373433528,0.5641103408681047,0.286922478293287,39.86418013686493,35.33050470358466,30.58922233786437,0.4913717095635148,2020,2020.0,992.2721540729204,4.666666666666667,0.0,0.0,78.33333333333333,39.166666666666664,11.166666666666666,12.62093760744031,138.83227117856345,219.66666666666666,334.0,115.33333333333333,0.0,2020.0,1501.6674999999998,0.0,0.0,1.0,0.0,667.2053387959799,794.5850397745768,203.4081185658773,452.70716222127277,2117.9056593577066,0.560799035660458,393.3497365315755,49.560106913248696,11.0,745.7673250834147,5.829329549863792,168.30182266235352,2.438865671778767,402.9198913574219,5.631585246250869,Budaka,1.0887212520432252,34.009018494261014,1.0887212520432252,34.009018494261014,,,,,,,,AAS2020_subregion,CHIRPS_v2.0_monthly+CHIRPS_v2.0_daily_climateserv,NASA_POWER_daily,,,district,False,False,A,Subregion panel assigned to districts via official AAS district grouping; district-level climate features used directly.
Bukedi,second_season_2020,4614.401009321355,2347.0148967595123,1323.975373433528,0.5641103408681047,0.286922478293287,39.86418013686493,35.33050470358466,30.58922233786437,0.4913717095635148,2020,2020.0,992.2721540729204,4.666666666666667,0.0,0.0,78.33333333333333,39.166666666666664,11.166666666666666,12.62093760744031,138.83227117856345,219.66666666666666,334.0,115.33333333333333,0.0,2020.0,1501.6674999999998,0.0,0.0,1.0,0.0,667.2053387959799,794.5850397745768,203.4081185658773,452.70716222127277,2117.9056593577066,0.560799035660458,393.3497365315755,49.560106913248696,11.0,745.7673250834147,5.829329549863792,168.30182266235352,2.438865671778767,402.9198913574219,5.631585246250869,Busia,0.4448260832734889,34.032737852243365,0.4448260832734889,34.032737852243365,,35.1,18.9,19.0,,18.6,,AAS2020_subregion,CHIRPS_v2.0_monthly+CHIRPS_v2.0_daily_climateserv,NASA_POWER_daily,,,district,False,False,A,Subregion panel assigned to districts via official AAS district grouping; district-level climate features used directly.
Bukedi,second_season_2020,4614.401009321355,2347.0148967595123,1323.975373433528,0.5641103408681047,0.286922478293287,39.86418013686493,35.33050470358466,30.58922233786437,0.4913717095635148,2020,2020.0,992.2721540729204,4.666666666666667,0.0,0.0,78.33333333333333,39.166666666666664,11.166666666666666,12.62093760744031,138.83227117856345,219.66666666666666,334.0,115.33333333333333,0.0,2020.0,1501.6674999999998,0.0,0.0,1.0,0.0,667.2053387959799,794.5850397745768,203.4081185658773,452.70716222127277,2117.9056593577066,0.560799035660458,393.3497365315755,49.560106913248696,11.0,745.7673250834147,5.829329549863792,168.30182266235352,2.438865671778767,402.9198913574219,5.631585246250869,Butaleja,0.8528562262542055,33.94419242105483,0.8528562262542055,33.94419242105483,,,,22.9,1.38,20.9,6.1,AAS2020_subregion,CHIRPS_v2.0_monthly+CHIRPS_v2.0_daily_climateserv,NASA_POWER_daily,,,district,False,False,A,Subregion panel assigned to districts via official AAS district grouping; district-level climate features used directly.
Bukedi,second_season_2020,4614.401009321355,2347.0148967595123,1323.975373433528,0.5641103408681047,0.286922478293287,39.86418013686493,35.33050470358466,30.58922233786437,0.4913717095635148,2020,2020.0,992.2721540729204,4.666666666666667,0.0,0.0,78.33333333333333,39.166666666666664,11.166666666666666,12.62093760744031,138.83227117856345,219.66666666666666,334.0,115.33333333333333,0.0,2020.0,1501.6674999999998,0.0,0.0,1.0,0.0,667.2053387959799,794.5850397745768,203.4081185658773,452.70716222127277,2117.9056593577066,0.560799035660458,393.3497365315755,49.560106913248696,11.0,745.7673250834147,5.829329549863792,168.30182266235352,2.438865671778767,402.9198913574219,5.631585246250869,Kibuku,1.073178462096525,33.82439760228314,1.073178462096525,33.82439760228314,39.5,36.05,23.95,22.33333333333333,1.31,20.1,5.9,AAS2020_subregion,CHIRPS_v2.0_monthly+CHIRPS_v2.0_daily_climateserv,NASA_POWER_daily,,,district,False,False,A,Subregion panel assigned to districts via official AAS district grouping; district-level climate features used directly.
Bukedi,second_season_2020,4614.401009321355,2347.0148967595123,1323.975373433528,0.5641103408681047,0.286922478293287,39.86418013686493,35.33050470358466,30.58922233786437,0.4913717095635148,2020,2020.0,992.2721540729204,4.666666666666667,0.0,0.0,78.33333333333333,39.166666666666664,11.166666666666666,12.62093760744031,138.83227117856345,219.66666666666666,334.0,115.33333333333333,0.0,2020.0,1501.6674999999998,0.0,0.0,1.0,0.0,667.2053387959799,794.5850397745768,203.4081185658773,452.70716222127277,2117.9056593577066,0.560799035660458,393.3497365315755,49.560106913248696,11.0,745.7673250834147,5.829329549863792,168.30182266235352,2.438865671778767,402.9198913574219,5.631585246250869,Pallisa,1.2229171619567758,33.664107182884344,1.2229171619567758,33.664107182884344,37.18333333333333,39.4,24.166666666666664,19.275,1.3233333333333337,18.18,5.85,AAS2020_subregion,CHIRPS_v2.0_monthly+CHIRPS_v2.0_daily_climateserv,NASA_POWER_daily,,,district,False,False,A,Subregion panel assigned to districts via official AAS district grouping; district-level climate features used directly.
Bukedi,second_season_2020,4614.401009321355,2347.0148967595123,1323.975373433528,0.5641103408681047,0.286922478293287,39.86418013686493,35.33050470358466,30.58922233786437,0.4913717095635148,2020,2020.0,992.2721540729204,4.666666666666667,0.0,0.0,78.33333333333333,39.166666666666664,11.166666666666666,12.62093760744031,138.83227117856345,219.66666666666666,334.0,115.33333333333333,0.0,2020.0,1501.6674999999998,0.0,0.0,1.0,0.0,667.2053387959799,794.5850397745768,203.4081185658773,452.70716222127277,2117.9056593577066,0.560799035660458,393.3497365315755,49.560106913248696,11.0,745.7673250834147,5.829329549863792,168.30182266235352,2.438865671778767,402.9198913574219,5.631585246250869,Tororo,0.6510600243787987,34.12222831065202,0.6510600243787987,34.12222831065202,42.7,35.36666666666667,24.8,28.4,1.3125,21.3,,AAS2020_subregion,CHIRPS_v2.0_monthly+CHIRPS_v2.0_daily_climateserv,NASA_POWER_daily,,,district,False,False,A,Subregion panel assigned to districts via official AAS district grouping; district-level climate features used directly.
Bukedi,total_2020,24090.455140961178,20730.576008742453,10094.097081970089,0.48691831224145565,0.4190081516893809,14.90683859345308,14.3980096403439,14.952826455671833,0.1394693090088571,2020,2020.0,1801.8958976517122,7.333333333333333,0.6666666666666666,0.16666666666666666,156.0,69.16666666666667,17.833333333333332,11.152388814397248,138.83227117856345,65.0,334.0,270.0,0.0,2020.0,3035.83,6.666666666666667,0.0,14.666666666666666,0.6666666666666666,667.2053387959799,794.5850397745768,203.4081185658773,452.70716222127277,2117.9056593577066,0.560799035660458,393.3497365315755,49.560106913248696,11.0,745.7673250834147,5.829329549863792,168.30182266235352,2.438865671778767,402.9198913574219,5.631585246250869,Budaka,1.0887212520432252,34.009018494261014,1.0887212520432252,34.009018494261014,,,,,,,,AAS2020_subregion,CHIRPS_v2.0_monthly+CHIRPS_v2.0_daily_climateserv,NASA_POWER_daily,,,district,False,False,A,Subregion panel assigned to districts via official AAS district grouping; district-level climate features used directly.
Bukedi,total_2020,24090.455140961178,20730.576008742453,10094.097081970089,0.48691831224145565,0.4190081516893809,14.90683859345308,14.3980096403439,14.952826455671833,0.1394693090088571,2020,2020.0,1801.8958976517122,7.333333333333333,0.6666666666666666,0.16666666666666666,156.0,69.16666666666667,17.833333333333332,11.152388814397248,138.83227117856345,65.0,334.0,270.0,0.0,2020.0,3035.83,6.666666666666667,0.0,14.666666666666666,0.6666666666666666,667.2053387959799,794.5850397745768,203.4081185658773,452.70716222127277,2117.9056593577066,0.560799035660458,393.3497365315755,49.560106913248696,11.0,745.7673250834147,5.829329549863792,168.30182266235352,2.438865671778767,402.9198913574219,5.631585246250869,Busia,0.4448260832734889,34.032737852243365,0.4448260832734889,34.032737852243365,,35.1,18.9,19.0,,18.6,,AAS2020_subregion,CHIRPS_v2.0_monthly+CHIRPS_v2.0_daily_climateserv,NASA_POWER_daily,,,district,False,False,A,Subregion panel assigned to districts via official AAS district grouping; district-level climate features used directly.
Bukedi,total_2020,24090.455140961178,20730.576008742453,10094.097081970089,0.48691831224145565,0.4190081516893809,14.90683859345308,14.3980096403439,14.952826455671833,0.1394693090088571,2020,2020.0,1801.8958976517122,7.333333333333333,0.6666666666666666,0.16666666666666666,156.0,69.16666666666667,17.833333333333332,11.152388814397248,138.83227117856345,65.0,334.0,270.0,0.0,2020.0,3035.83,6.666666666666667,0.0,14.666666666666666,0.6666666666666666,667.2053387959799,794.5850397745768,203.4081185658773,452.70716222127277,2117.9056593577066,0.560799035660458,393.3497365315755,49.560106913248696,11.0,745.7673250834147,5.829329549863792,168.30182266235352,2.438865671778767,402.9198913574219,5.631585246250869,Butaleja,0.8528562262542055,33.94419242105483,0.8528562262542055,33.94419242105483,,,,22.9,1.38,20.9,6.1,AAS2020_subregion,CHIRPS_v2.0_monthly+CHIRPS_v2.0_daily_climateserv,NASA_POWER_daily,,,district,False,False,A,Subregion panel assigned to districts via official AAS district grouping; district-level climate features used directly.
Bukedi,total_2020,24090.455140961178,20730.576008742453,10094.097081970089,0.48691831224145565,0.4190081516893809,14.90683859345308,14.3980096403439,14.952826455671833,0.1394693090088571,2020,2020.0,1801.8958976517122,7.333333333333333,0.6666666666666666,0.16666666666666666,156.0,69.16666666666667,17.833333333333332,11.152388814397248,138.83227117856345,65.0,334.0,270.0,0.0,2020.0,3035.83,6.666666666666667,0.0,14.666666666666666,0.6666666666666666,667.2053387959799,794.5850397745768,203.4081185658773,452.70716222127277,2117.9056593577066,0.560799035660458,393.3497365315755,49.560106913248696,11.0,745.7673250834147,5.829329549863792,168.30182266235352,2.438865671778767,402.9198913574219,5.631585246250869,Kibuku,1.073178462096525,33.82439760228314,1.073178462096525,33.82439760228314,39.5,36.05,23.95,22.33333333333333,1.31,20.1,5.9,AAS2020_subregion,CHIRPS_v2.0_monthly+CHIRPS_v2.0_daily_climateserv,NASA_POWER_daily,,,district,False,False,A,Subregion panel assigned to districts via official AAS district grouping; district-level climate features used directly.
Bukedi,total_2020,24090.455140961178,20730.576008742453,10094.097081970089,0.48691831224145565,0.4190081516893809,14.90683859345308,14.3980096403439,14.952826455671833,0.1394693090088571,2020,2020.0,1801.8958976517122,7.333333333333333,0.6666666666666666,0.16666666666666666,156.0,69.16666666666667,17.833333333333332,11.152388814397248,138.83227117856345,65.0,334.0,270.0,0.0,2020.0,3035.83,6.666666666666667,0.0,14.666666666666666,0.6666666666666666,667.2053387959799,794.5850397745768,203.4081185658773,452.70716222127277,2117.9056593577066,0.560799035660458,393.3497365315755,49.560106913248696,11.0,745.7673250834147,5.829329549863792,168.30182266235352,2.438865671778767,402.9198913574219,5.631585246250869,Pallisa,1.2229171619567758,33.664107182884344,1.2229171619567758,33.664107182884344,37.18333333333333,39.4,24.166666666666664,19.275,1.3233333333333337,18.18,5.85,AAS2020_subregion,CHIRPS_v2.0_monthly+CHIRPS_v2.0_daily_climateserv,NASA_POWER_daily,,,district,False,False,A,Subregion panel assigned to districts via official AAS district grouping; district-level climate features used directly.
Bukedi,total_2020,24090.455140961178,20730.576008742453,10094.097081970089,0.48691831224145565,0.4190081516893809,14.90683859345308,14.3980096403439,14.952826455671833,0.1394693090088571,2020,2020.0,1801.8958976517122,7.333333333333333,0.6666666666666666,0.16666666666666666,156.0,69.16666666666667,17.833333333333332,11.152388814397248,138.83227117856345,65.0,334.0,270.0,0.0,2020.0,3035.83,6.666666666666667,0.0,14.666666666666666,0.6666666666666666,667.2053387959799,794.5850397745768,203.4081185658773,452.70716222127277,2117.9056593577066,0.560799035660458,393.3497365315755,49.560106913248696,11.0,745.7673250834147,5.829329549863792,168.30182266235352,2.438865671778767,402.9198913574219,5.631585246250869,Tororo,0.6510600243787987,34.12222831065202,0.6510600243787987,34.12222831065202,42.7,35.36666666666667,24.8,28.4,1.3125,21.3,,AAS2020_subregion,CHIRPS_v2.0_monthly+CHIRPS_v2.0_daily_climateserv,NASA_POWER_daily,,,district,False,False,A,Subregion panel assigned to districts via official AAS district grouping; district-level climate features used directly.
Bunyoro,first_season_2020,9376.64663776973,8518.16191839341,5664.8387902647655,0.6650306538588546,0.6041433583991993,27.87354797419384,24.961164251632304,25.279177494684173,0.091555622445906,2020,2020.0,495.56492937462673,8.285714285714286,0.8571428571428571,0.2857142857142857,61.285714285714285,17.142857142857142,2.142857142857143,8.112740533440107,60.977203028542654,71.28571428571429,150.28571428571428,80.0,0.0,2020.0,1656.5092857142859,18.428571428571427,0.0,42.0,2.2857142857142856,401.13837759835377,464.5933271135603,116.57960183279855,357.61904580252514,1339.9303523472377,0.475642250642621,186.5789315359933,29.1850095476423,9.571428571428571,110.54870523725238,1.1906279809710258,-7.240126473563058,-0.12392865953335115,47.28554316929409,0.886999619780174,Buliisa,1.864654201188387,31.48302008378839,1.864654201188387,31.48302008378839,36.45,40.775,22.916666666666664,17.34,1.3433333333333335,20.6,6.283333333333333,AAS2020_subregion,CHIRPS_v2.0_monthly+CHIRPS_v2.0_daily_climateserv,NASA_POWER_daily,,,district,False,False,A,Subregion panel assigned to districts via official AAS district grouping; district-level climate features used directly.
Bunyoro,first_season_2020,9376.64663776973,8518.16191839341,5664.8387902647655,0.6650306538588546,0.6041433583991993,27.87354797419384,24.961164251632304,25.279177494684173,0.091555622445906,2020,2020.0,495.56492937462673,8.285714285714286,0.8571428571428571,0.2857142857142857,61.285714285714285,17.142857142857142,2.142857142857143,8.112740533440107,60.977203028542654,71.28571428571429,150.28571428571428,80.0,0.0,2020.0,1656.5092857142859,18.428571428571427,0.0,42.0,2.2857142857142856,401.13837759835377,464.5933271135603,116.57960183279855,357.61904580252514,1339.9303523472377,0.475642250642621,186.5789315359933,29.1850095476423,9.571428571428571,110.54870523725238,1.1906279809710258,-7.240126473563058,-0.12392865953335115,47.28554316929409,0.886999619780174,Hoima,1.5211654549554643,31.29997864576888,1.5211654549554643,31.29997864576888,36.9,,23.56,,1.3325,15.4,5.6,AAS2020_subregion,CHIRPS_v2.0_monthly+CHIRPS_v2.0_daily_climateserv,NASA_POWER_daily,,,district,False,False,A,Subregion panel assigned to districts via official AAS district grouping; district-level climate features used directly.
Bunyoro,first_season_2020,9376.64663776973,8518.16191839341,5664.8387902647655,0.6650306538588546,0.6041433583991993,27.87354797419384,24.961164251632304,25.279177494684173,0.091555622445906,2020,2020.0,495.56492937462673,8.285714285714286,0.8571428571428571,0.2857142857142857,61.285714285714285,17.142857142857142,2.142857142857143,8.112740533440107,60.977203028542654,71.28571428571429,150.28571428571428,80.0,0.0,2020.0,1656.5092857142859,18.428571428571427,0.0,42.0,2.2857142857142856,401.13837759835377,464.5933271135603,116.57960183279855,357.61904580252514,1339.9303523472377,0.475642250642621,186.5789315359933,29.1850095476423,9.571428571428571,110.54870523725238,1.1906279809710258,-7.240126473563058,-0.12392865953335115,47.28554316929409,0.886999619780174,Kagadi,1.0321445755460823,30.88287663217078,1.0321445755460823,30.88287663217078,35.1,38.8,25.42,48.9,,,,AAS2020_subregion,CHIRPS_v2.0_monthly+CHIRPS_v2.0_daily_climateserv,NASA_POWER_daily,,,district,False,False,A,Subregion panel assigned to districts via official AAS district grouping; district-level climate features used directly.
Bunyoro,first_season_2020,9376.64663776973,8518.16191839341,5664.8387902647655,0.6650306538588546,0.6041433583991993,27.87354797419384,24.961164251632304,25.279177494684173,0.091555622445906,2020,2020.0,495.56492937462673,8.285714285714286,0.8571428571428571,0.2857142857142857,61.285714285714285,17.142857142857142,2.142857142857143,8.112740533440107,60.977203028542654,71.28571428571429,150.28571428571428,80.0,0.0,2020.0,1656.5092857142859,18.428571428571427,0.0,42.0,2.2857142857142856,401.13837759835377,464.5933271135603,116.57960183279855,357.61904580252514,1339.9303523472377,0.475642250642621,186.5789315359933,29.1850095476423,9.571428571428571,110.54870523725238,1.1906279809710258,-7.240126473563058,-0.12392865953335115,47.28554316929409,0.886999619780174,Kakumiro,0.9894182972172564,31.264369090715704,0.9894182972172564,31.264369090715704,31.7,41.6,,,,,,AAS2020_subregion,CHIRPS_v2.0_monthly+CHIRPS_v2.0_daily_climateserv,NASA_POWER_daily,,,district,False,False,A,Subregion panel assigned to districts via official AAS district grouping; district-level climate features used directly.
Bunyoro,first_season_2020,9376.64663776973,8518.16191839341,5664.8387902647655,0.6650306538588546,0.6041433583991993,27.87354797419384,24.961164251632304,25.279177494684173,0.091555622445906,2020,2020.0,495.56492937462673,8.285714285714286,0.8571428571428571,0.2857142857142857,61.285714285714285,17.142857142857142,2.142857142857143,8.112740533440107,60.977203028542654,71.28571428571429,150.28571428571428,80.0,0.0,2020.0,1656.5092857142859,18.428571428571427,0.0,42.0,2.2857142857142856,401.13837759835377,464.5933271135603,116.57960183279855,357.61904580252514,1339.9303523472377,0.475642250642621,186.5789315359933,29.1850095476423,9.571428571428571,110.54870523725238,1.1906279809710258,-7.240126473563058,-0.12392865953335115,47.28554316929409,0.886999619780174,Kibaale,0.7999859385435735,31.078679757862314,0.7999859385435735,31.078679757862314,,,24.68,,1.11,21.3,5.8,AAS2020_subregion,CHIRPS_v2.0_monthly+CHIRPS_v2.0_daily_climateserv,NASA_POWER_daily,,,district,False,False,A,Subregion panel assigned to districts via official AAS district grouping; district-level climate features used directly.
Bunyoro,first_season_2020,9376.64663776973,8518.16191839341,5664.8387902647655,0.6650306538588546,0.6041433583991993,27.87354797419384,24.961164251632304,25.279177494684173,0.091555622445906,2020,2020.0,495.56492937462673,8.285714285714286,0.8571428571428571,0.2857142857142857,61.285714285714285,17.142857142857142,2.142857142857143,8.112740533440107,60.977203028542654,71.28571428571429,150.28571428571428,80.0,0.0,2020.0,1656.5092857142859,18.428571428571427,0.0,42.0,2.2857142857142856,401.13837759835377,464.5933271135603,116.57960183279855,357.61904580252514,1339.9303523472377,0.475642250642621,186.5789315359933,29.1850095476423,9.571428571428571,110.54870523725238,1.1906279809710258,-7.240126473563058,-0.12392865953335115,47.28554316929409,0.886999619780174,Kiryandongo,1.988332474161616,32.02551924582113,1.988332474161616,32.02551924582113,31.9,44.4,,27.8,,18.6,5.725,AAS2020_subregion,CHIRPS_v2.0_monthly+CHIRPS_v2.0_daily_climateserv,NASA_POWER_daily,,,district,False,False,A,Subregion panel assigned to districts via official AAS district grouping; district-level climate features used directly.
Bunyoro,first_season_2020,9376.64663776973,8518.16191839341,5664.8387902647655,0.6650306538588546,0.6041433583991993,27.87354797419384,24.961164251632304,25.279177494684173,0.091555622445906,2020,2020.0,495.56492937462673,8.285714285714286,0.8571428571428571,0.2857142857142857,61.285714285714285,17.142857142857142,2.142857142857143,8.112740533440107,60.977203028542654,71.28571428571429,150.28571428571428,80.0,0.0,2020.0,1656.5092857142859,18.428571428571427,0.0,42.0,2.2857142857142856,401.13837759835377,464.5933271135603,116.57960183279855,357.61904580252514,1339.9303523472377,0.475642250642621,186.5789315359933,29.1850095476423,9.571428571428571,110.54870523725238,1.1906279809710258,-7.240126473563058,-0.12392865953335115,47.28554316929409,0.886999619780174,Masindi,1.6608458899114968,31.71941897139713,1.6608458899114968,31.71941897139713,,43.625,20.84,23.75,1.26,18.35,5.9,AAS2020_subregion,CHIRPS_v2.0_monthly+CHIRPS_v2.0_daily_climateserv,NASA_POWER_daily,,,district,False,False,A,Subregion panel assigned to districts via official AAS district grouping; district-level climate features used directly.
Bunyoro,second_season_2020,22918.29886632092,15307.529299226711,11807.09756699586,0.7713261452057005,0.5151821099753053,17.95393782061801,18.96100823136756,18.35311742596945,0.3320826563737,2020,2020.0,615.2274812289646,6.142857142857143,0.42857142857142855,0.0,72.57142857142857,19.428571428571427,3.0,8.509187926749274,60.676331111363005,220.14285714285714,328.85714285714283,109.71428571428571,0.0,2020.0,1627.2207142857144,7.714285714285714,0.0,38.57142857142857,0.5714285714285714,401.13837759835377,464.5933271135603,116.57960183279855,357.61904580252514,1339.9303523472377,0.475642250642621,186.5789315359933,29.1850095476423,9.571428571428571,110.54870523725238,1.1906279809710258,-7.240126473563058,-0.12392865953335115,47.28554316929409,0.886999619780174,Buliisa,1.864654201188387,31.48302008378839,1.864654201188387,31.48302008378839,36.45,40.775,22.916666666666664,17.34,1.3433333333333335,20.6,6.283333333333333,AAS2020_subregion,CHIRPS_v2.0_monthly+CHIRPS_v2.0_daily_climateserv,NASA_POWER_daily,,,district,False,False,A,Subregion panel assigned to districts via official AAS district grouping; district-level climate features used directly.
Bunyoro,second_season_2020,22918.29886632092,15307.529299226711,11807.09756699586,0.7713261452057005,0.5151821099753053,17.95393782061801,18.96100823136756,18.35311742596945,0.3320826563737,2020,2020.0,615.2274812289646,6.142857142857143,0.42857142857142855,0.0,72.57142857142857,19.428571428571427,3.0,8.509187926749274,60.676331111363005,220.14285714285714,328.85714285714283,109.71428571428571,0.0,2020.0,1627.2207142857144,7.714285714285714,0.0,38.57142857142857,0.5714285714285714,401.13837759835377,464.5933271135603,116.57960183279855,357.61904580252514,1339.9303523472377,0.475642250642621,186.5789315359933,29.1850095476423,9.571428571428571,110.54870523725238,1.1906279809710258,-7.240126473563058,-0.12392865953335115,47.28554316929409,0.886999619780174,Hoima,1.5211654549554643,31.29997864576888,1.5211654549554643,31.29997864576888,36.9,,23.56,,1.3325,15.4,5.6,AAS2020_subregion,CHIRPS_v2.0_monthly+CHIRPS_v2.0_daily_climateserv,NASA_POWER_daily,,,district,False,False,A,Subregion panel assigned to districts via official AAS district grouping; district-level climate features used directly.
Bunyoro,second_season_2020,22918.29886632092,15307.529299226711,11807.09756699586,0.7713261452057005,0.5151821099753053,17.95393782061801,18.96100823136756,18.35311742596945,0.3320826563737,2020,2020.0,615.2274812289646,6.142857142857143,0.42857142857142855,0.0,72.57142857142857,19.428571428571427,3.0,8.509187926749274,60.676331111363005,220.14285714285714,328.85714285714283,109.71428571428571,0.0,2020.0,1627.2207142857144,7.714285714285714,0.0,38.57142857142857,0.5714285714285714,401.13837759835377,464.5933271135603,116.57960183279855,357.61904580252514,1339.9303523472377,0.475642250642621,186.5789315359933,29.1850095476423,9.571428571428571,110.54870523725238,1.1906279809710258,-7.240126473563058,-0.12392865953335115,47.28554316929409,0.886999619780174,Kagadi,1.0321445755460823,30.88287663217078,1.0321445755460823,30.88287663217078,35.1,38.8,25.42,48.9,,,,AAS2020_subregion,CHIRPS_v2.0_monthly+CHIRPS_v2.0_daily_climateserv,NASA_POWER_daily,,,district,False,False,A,Subregion panel assigned to districts via official AAS district grouping; district-level climate features used directly.
Bunyoro,second_season_2020,22918.29886632092,15307.529299226711,11807.09756699586,0.7713261452057005,0.5151821099753053,17.95393782061801,18.96100823136756,18.35311742596945,0.3320826563737,2020,2020.0,615.2274812289646,6.142857142857143,0.42857142857142855,0.0,72.57142857142857,19.428571428571427,3.0,8.509187926749274,60.676331111363005,220.14285714285714,328.85714285714283,109.71428571428571,0.0,2020.0,1627.2207142857144,7.714285714285714,0.0,38.57142857142857,0.5714285714285714,401.13837759835377,464.5933271135603,116.57960183279855,357.61904580252514,1339.9303523472377,0.475642250642621,186.5789315359933,29.1850095476423,9.571428571428571,110.54870523725238,1.1906279809710258,-7.240126473563058,-0.12392865953335115,47.28554316929409,0.886999619780174,Kakumiro,0.9894182972172564,31.264369090715704,0.9894182972172564,31.264369090715704,31.7,41.6,,,,,,AAS2020_subregion,CHIRPS_v2.0_monthly+CHIRPS_v2.0_daily_climateserv,NASA_POWER_daily,,,district,False,False,A,Subregion panel assigned to districts via official AAS district grouping; district-level climate features used directly.
Bunyoro,second_season_2020,22918.29886632092,15307.529299226711,11807.09756699586,0.7713261452057005,0.5151821099753053,17.95393782061801,18.96100823136756,18.35311742596945,0.3320826563737,2020,2020.0,615.2274812289646,6.142857142857143,0.42857142857142855,0.0,72.57142857142857,19.428571428571427,3.0,8.509187926749274,60.676331111363005,220.14285714285714,328.85714285714283,109.71428571428571,0.0,2020.0,1627.2207142857144,7.714285714285714,0.0,38.57142857142857,0.5714285714285714,401.13837759835377,464.5933271135603,116.57960183279855,357.61904580252514,1339.9303523472377,0.475642250642621,186.5789315359933,29.1850095476423,9.571428571428571,110.54870523725238,1.1906279809710258,-7.240126473563058,-0.12392865953335115,47.28554316929409,0.886999619780174,Kibaale,0.7999859385435735,31.078679757862314,0.7999859385435735,31.078679757862314,,,24.68,,1.11,21.3,5.8,AAS2020_subregion,CHIRPS_v2.0_monthly+CHIRPS_v2.0_daily_climateserv,NASA_POWER_daily,,,district,False,False,A,Subregion panel assigned to districts via official AAS district grouping; district-level climate features used directly.
Bunyoro,second_season_2020,22918.29886632092,15307.529299226711,11807.09756699586,0.7713261452057005,0.5151821099753053,17.95393782061801,18.96100823136756,18.35311742596945,0.3320826563737,2020,2020.0,615.2274812289646,6.142857142857143,0.42857142857142855,0.0,72.57142857142857,19.428571428571427,3.0,8.509187926749274,60.676331111363005,220.14285714285714,328.85714285714283,109.71428571428571,0.0,2020.0,1627.2207142857144,7.714285714285714,0.0,38.57142857142857,0.5714285714285714,401.13837759835377,464.5933271135603,116.57960183279855,357.61904580252514,1339.9303523472377,0.475642250642621,186.5789315359933,29.1850095476423,9.571428571428571,110.54870523725238,1.1906279809710258,-7.240126473563058,-0.12392865953335115,47.28554316929409,0.886999619780174,Kiryandongo,1.988332474161616,32.02551924582113,1.988332474161616,32.02551924582113,31.9,44.4,,27.8,,18.6,5.725,AAS2020_subregion,CHIRPS_v2.0_monthly+CHIRPS_v2.0_daily_climateserv,NASA_POWER_daily,,,district,False,False,A,Subregion panel assigned to districts via official AAS district grouping; district-level climate features used directly.
Bunyoro,second_season_2020,22918.29886632092,15307.529299226711,11807.09756699586,0.7713261452057005,0.5151821099753053,17.95393782061801,18.96100823136756,18.35311742596945,0.3320826563737,2020,2020.0,615.2274812289646,6.142857142857143,0.42857142857142855,0.0,72.57142857142857,19.428571428571427,3.0,8.509187926749274,60.676331111363005,220.14285714285714,328.85714285714283,109.71428571428571,0.0,2020.0,1627.2207142857144,7.714285714285714,0.0,38.57142857142857,0.5714285714285714,401.13837759835377,464.5933271135603,116.57960183279855,357.61904580252514,1339.9303523472377,0.475642250642621,186.5789315359933,29.1850095476423,9.571428571428571,110.54870523725238,1.1906279809710258,-7.240126473563058,-0.12392865953335115,47.28554316929409,0.886999619780174,Masindi,1.6608458899114968,31.71941897139713,1.6608458899114968,31.71941897139713,,43.625,20.84,23.75,1.26,18.35,5.9,AAS2020_subregion,CHIRPS_v2.0_monthly+CHIRPS_v2.0_daily_climateserv,NASA_POWER_daily,,,district,False,False,A,Subregion panel assigned to districts via official AAS district grouping; district-level climate features used directly.
Bunyoro,total_2020,32294.945504090647,23825.69121762012,17471.936357260623,0.7333233775958355,0.5410114828974564,17.312764362281346,18.129235761783868,16.540020491282963,0.2622470530379984,2020,2020.0,1110.7924106035914,8.285714285714286,1.2857142857142858,0.2857142857142857,133.85714285714286,36.57142857142857,5.142857142857143,8.250283932768435,70.5503591809954,71.28571428571429,328.85714285714283,258.57142857142856,0.0,2020.0,3283.73,26.142857142857142,0.0,80.57142857142857,2.857142857142857,401.13837759835377,464.5933271135603,116.57960183279855,357.61904580252514,1339.9303523472377,0.475642250642621,186.5789315359933,29.1850095476423,9.571428571428571,110.54870523725238,1.1906279809710258,-7.240126473563058,-0.12392865953335115,47.28554316929409,0.886999619780174,Buliisa,1.864654201188387,31.48302008378839,1.864654201188387,31.48302008378839,36.45,40.775,22.916666666666664,17.34,1.3433333333333335,20.6,6.283333333333333,AAS2020_subregion,CHIRPS_v2.0_monthly+CHIRPS_v2.0_daily_climateserv,NASA_POWER_daily,,,district,False,False,A,Subregion panel assigned to districts via official AAS district grouping; district-level climate features used directly.
Bunyoro,total_2020,32294.945504090647,23825.69121762012,17471.936357260623,0.7333233775958355,0.5410114828974564,17.312764362281346,18.129235761783868,16.540020491282963,0.2622470530379984,2020,2020.0,1110.7924106035914,8.285714285714286,1.2857142857142858,0.2857142857142857,133.85714285714286,36.57142857142857,5.142857142857143,8.250283932768435,70.5503591809954,71.28571428571429,328.85714285714283,258.57142857142856,0.0,2020.0,3283.73,26.142857142857142,0.0,80.57142857142857,2.857142857142857,401.13837759835377,464.5933271135603,116.57960183279855,357.61904580252514,1339.9303523472377,0.475642250642621,186.5789315359933,29.1850095476423,9.571428571428571,110.54870523725238,1.1906279809710258,-7.240126473563058,-0.12392865953335115,47.28554316929409,0.886999619780174,Hoima,1.5211654549554643,31.29997864576888,1.5211654549554643,31.29997864576888,36.9,,23.56,,1.3325,15.4,5.6,AAS2020_subregion,CHIRPS_v2.0_monthly+CHIRPS_v2.0_daily_climateserv,NASA_POWER_daily,,,district,False,False,A,Subregion panel assigned to districts via official AAS district grouping; district-level climate features used directly.
Bunyoro,total_2020,32294.945504090647,23825.69121762012,17471.936357260623,0.7333233775958355,0.5410114828974564,17.312764362281346,18.129235761783868,16.540020491282963,0.2622470530379984,2020,2020.0,1110.7924106035914,8.285714285714286,1.2857142857142858,0.2857142857142857,133.85714285714286,36.57142857142857,5.142857142857143,8.250283932768435,70.5503591809954,71.28571428571429,328.85714285714283,258.57142857142856,0.0,2020.0,3283.73,26.142857142857142,0.0,80.57142857142857,2.857142857142857,401.13837759835377,464.5933271135603,116.57960183279855,357.61904580252514,1339.9303523472377,0.475642250642621,186.5789315359933,29.1850095476423,9.571428571428571,110.54870523725238,1.1906279809710258,-7.240126473563058,-0.12392865953335115,47.28554316929409,0.886999619780174,Kagadi,1.0321445755460823,30.88287663217078,1.0321445755460823,30.88287663217078,35.1,38.8,25.42,48.9,,,,AAS2020_subregion,CHIRPS_v2.0_monthly+CHIRPS_v2.0_daily_climateserv,NASA_POWER_daily,,,district,False,False,A,Subregion panel assigned to districts via official AAS district grouping; district-level climate features used directly.
Bunyoro,total_2020,32294.945504090647,23825.69121762012,17471.936357260623,0.7333233775958355,0.5410114828974564,17.312764362281346,18.129235761783868,16.540020491282963,0.2622470530379984,2020,2020.0,1110.7924106035914,8.285714285714286,1.2857142857142858,0.2857142857142857,133.85714285714286,36.57142857142857,5.142857142857143,8.250283932768435,70.5503591809954,71.28571428571429,328.85714285714283,258.57142857142856,0.0,2020.0,3283.73,26.142857142857142,0.0,80.57142857142857,2.857142857142857,401.13837759835377,464.5933271135603,116.57960183279855,357.61904580252514,1339.9303523472377,0.475642250642621,186.5789315359933,29.1850095476423,9.571428571428571,110.54870523725238,1.1906279809710258,-7.240126473563058,-0.12392865953335115,47.28554316929409,0.886999619780174,Kakumiro,0.9894182972172564,31.264369090715704,0.9894182972172564,31.264369090715704,31.7,41.6,,,,,,AAS2020_subregion,CHIRPS_v2.0_monthly+CHIRPS_v2.0_daily_climateserv,NASA_POWER_daily,,,district,False,False,A,Subregion panel assigned to districts via official AAS district grouping; district-level climate features used directly.
Bunyoro,total_2020,32294.945504090647,23825.69121762012,17471.936357260623,0.7333233775958355,0.5410114828974564,17.312764362281346,18.129235761783868,16.540020491282963,0.2622470530379984,2020,2020.0,1110.7924106035914,8.285714285714286,1.2857142857142858,0.2857142857142857,133.85714285714286,36.57142857142857,5.142857142857143,8.250283932768435,70.5503591809954,71.28571428571429,328.85714285714283,258.57142857142856,0.0,2020.0,3283.73,26.142857142857142,0.0,80.57142857142857,2.857142857142857,401.13837759835377,464.5933271135603,116.57960183279855,357.61904580252514,1339.9303523472377,0.475642250642621,186.5789315359933,29.1850095476423,9.571428571428571,110.54870523725238,1.1906279809710258,-7.240126473563058,-0.12392865953335115,47.28554316929409,0.886999619780174,Kibaale,0.7999859385435735,31.078679757862314,0.7999859385435735,31.078679757862314,,,24.68,,1.11,21.3,5.8,AAS2020_subregion,CHIRPS_v2.0_monthly+CHIRPS_v2.0_daily_climateserv,NASA_POWER_daily,,,district,False,False,A,Subregion panel assigned to districts via official AAS district grouping; district-level climate features used directly.
Bunyoro,total_2020,32294.945504090647,23825.69121762012,17471.936357260623,0.7333233775958355,0.5410114828974564,17.312764362281346,18.129235761783868,16.540020491282963,0.2622470530379984,2020,2020.0,1110.7924106035914,8.285714285714286,1.2857142857142858,0.2857142857142857,133.85714285714286,36.57142857142857,5.142857142857143,8.250283932768435,70.5503591809954,71.28571428571429,328.85714285714283,258.57142857142856,0.0,2020.0,3283.73,26.142857142857142,0.0,80.57142857142857,2.857142857142857,401.13837759835377,464.5933271135603,116.57960183279855,357.61904580252514,1339.9303523472377,0.475642250642621,186.5789315359933,29.1850095476423,9.571428571428571,110.54870523725238,1.1906279809710258,-7.240126473563058,-0.12392865953335115,47.28554316929409,0.886999619780174,Kiryandongo,1.988332474161616,32.02551924582113,1.988332474161616,32.02551924582113,31.9,44.4,,27.8,,18.6,5.725,AAS2020_subregion,CHIRPS_v2.0_monthly+CHIRPS_v2.0_daily_climateserv,NASA_POWER_daily,,,district,False,False,A,Subregion panel assigned to districts via official AAS district grouping; district-level climate features used directly.
Bunyoro,total_2020,32294.945504090647,23825.69121762012,17471.936357260623,0.7333233775958355,0.5410114828974564,17.312764362281346,18.129235761783868,16.540020491282963,0.2622470530379984,2020,2020.0,1110.7924106035914,8.285714285714286,1.2857142857142858,0.2857142857142857,133.85714285714286,36.57142857142857,5.142857142857143,8.250283932768435,70.5503591809954,71.28571428571429,328.85714285714283,258.57142857142856,0.0,2020.0,3283.73,26.142857142857142,0.0,80.57142857142857,2.857142857142857,401.13837759835377,464.5933271135603,116.57960183279855,357.61904580252514,1339.9303523472377,0.475642250642621,186.5789315359933,29.1850095476423,9.571428571428571,110.54870523725238,1.1906279809710258,-7.240126473563058,-0.12392865953335115,47.28554316929409,0.886999619780174,Masindi,1.6608458899114968,31.71941897139713,1.6608458899114968,31.71941897139713,,43.625,20.84,23.75,1.26,18.35,5.9,AAS2020_subregion,CHIRPS_v2.0_monthly+CHIRPS_v2.0_daily_climateserv,NASA_POWER_daily,,,district,False,False,A,Subregion panel assigned to districts via official AAS district grouping; district-level climate features used directly.
Busoga,first_season_2020,43792.34683684985,41665.29351724266,13843.222688580288,0.3322482939632105,0.316110546442139,66.57547648732447,70.06930189679127,59.12900162023883,0.0485713480378572,2020,2020.0,773.2258974894881,7.0,0.7,0.1,74.0,34.4,6.3,10.456889315629267,81.66407179832458,65.6,167.5,102.9,0.0,2020.0,1535.425,2.4,0.0,24.6,0.2,675.7435874938965,847.9992752075195,234.8438678741455,356.6991767883301,2115.2859073638915,0.6360433018749576,446.7699676513672,57.443873977661134,11.7,777.0088912963868,7.123400742899475,178.89663009643556,2.878829265571324,452.3278518676758,7.761510064885504,Bugiri,0.5925378321069249,33.79485653491775,0.5925378321069249,33.79485653491775,40.28333333333333,35.85,22.9,39.8,1.33,18.2,5.825,AAS2020_subregion,CHIRPS_v2.0_monthly+CHIRPS_v2.0_daily_climateserv,NASA_POWER_daily,,,district,False,False,A,Subregion panel assigned to districts via official AAS district grouping; district-level climate features used directly.
Busoga,first_season_2020,43792.34683684985,41665.29351724266,13843.222688580288,0.3322482939632105,0.316110546442139,66.57547648732447,70.06930189679127,59.12900162023883,0.0485713480378572,2020,2020.0,773.2258974894881,7.0,0.7,0.1,74.0,34.4,6.3,10.456889315629267,81.66407179832458,65.6,167.5,102.9,0.0,2020.0,1535.425,2.4,0.0,24.6,0.2,675.7435874938965,847.9992752075195,234.8438678741455,356.6991767883301,2115.2859073638915,0.6360433018749576,446.7699676513672,57.443873977661134,11.7,777.0088912963868,7.123400742899475,178.89663009643556,2.878829265571324,452.3278518676758,7.761510064885504,Buyende,1.1716127263893188,33.21708354537384,1.1716127263893188,33.21708354537384,36.6,38.175,23.06,21.21666666666667,,19.8,6.0,AAS2020_subregion,CHIRPS_v2.0_monthly+CHIRPS_v2.0_daily_climateserv,NASA_POWER_daily,,,district,False,False,A,Subregion panel assigned to districts via official AAS district grouping; district-level climate features used directly.
Busoga,first_season_2020,43792.34683684985,41665.29351724266,13843.222688580288,0.3322482939632105,0.316110546442139,66.57547648732447,70.06930189679127,59.12900162023883,0.0485713480378572,2020,2020.0,773.2258974894881,7.0,0.7,0.1,74.0,34.4,6.3,10.456889315629267,81.66407179832458,65.6,167.5,102.9,0.0,2020.0,1535.425,2.4,0.0,24.6,0.2,675.7435874938965,847.9992752075195,234.8438678741455,356.6991767883301,2115.2859073638915,0.6360433018749576,446.7699676513672,57.443873977661134,11.7,777.0088912963868,7.123400742899475,178.89663009643556,2.878829265571324,452.3278518676758,7.761510064885504,Iganga,0.6688530121573191,33.45184024191531,0.6688530121573191,33.45184024191531,38.03333333333333,40.33333333333333,21.566666666666663,20.53333333333333,1.3183333333333334,16.733333333333334,5.8,AAS2020_subregion,CHIRPS_v2.0_monthly+CHIRPS_v2.0_daily_climateserv,NASA_POWER_daily,,,district,False,False,A,Subregion panel assigned to districts via official AAS district grouping; district-level climate features used directly.
Busoga,first_season_2020,43792.34683684985,41665.29351724266,13843.222688580288,0.3322482939632105,0.316110546442139,66.57547648732447,70.06930189679127,59.12900162023883,0.0485713480378572,2020,2020.0,773.2258974894881,7.0,0.7,0.1,74.0,34.4,6.3,10.456889315629267,81.66407179832458,65.6,167.5,102.9,0.0,2020.0,1535.425,2.4,0.0,24.6,0.2,675.7435874938965,847.9992752075195,234.8438678741455,356.6991767883301,2115.2859073638915,0.6360433018749576,446.7699676513672,57.443873977661134,11.7,777.0088912963868,7.123400742899475,178.89663009643556,2.878829265571324,452.3278518676758,7.761510064885504,Jinja,0.583061945094639,33.25109632710175,0.583061945094639,33.25109632710175,37.825,38.0,25.3,27.73333333333333,1.3666666666666665,16.866666666666667,5.5,AAS2020_subregion,CHIRPS_v2.0_monthly+CHIRPS_v2.0_daily_climateserv,NASA_POWER_daily,,,district,False,False,A,Subregion panel assigned to districts via official AAS district grouping; district-level climate features used directly.
Busoga,first_season_2020,43792.34683684985,41665.29351724266,13843.222688580288,0.3322482939632105,0.316110546442139,66.57547648732447,70.06930189679127,59.12900162023883,0.0485713480378572,2020,2020.0,773.2258974894881,7.0,0.7,0.1,74.0,34.4,6.3,10.456889315629267,81.66407179832458,65.6,167.5,102.9,0.0,2020.0,1535.425,2.4,0.0,24.6,0.2,675.7435874938965,847.9992752075195,234.8438678741455,356.6991767883301,2115.2859073638915,0.6360433018749576,446.7699676513672,57.443873977661134,11.7,777.0088912963868,7.123400742899475,178.89663009643556,2.878829265571324,452.3278518676758,7.761510064885504,Kaliro,1.0289683773172045,33.46058443837174,1.0289683773172045,33.46058443837174,37.86,38.14,24.0,23.216666666666665,1.3125,19.380000000000003,5.933333333333334,AAS2020_subregion,CHIRPS_v2.0_monthly+CHIRPS_v2.0_daily_climateserv,NASA_POWER_daily,,,district,False,False,A,Subregion panel assigned to districts via official AAS district grouping; district-level climate features used directly.
Busoga,first_season_2020,43792.34683684985,41665.29351724266,13843.222688580288,0.3322482939632105,0.316110546442139,66.57547648732447,70.06930189679127,59.12900162023883,0.0485713480378572,2020,2020.0,773.2258974894881,7.0,0.7,0.1,74.0,34.4,6.3,10.456889315629267,81.66407179832458,65.6,167.5,102.9,0.0,2020.0,1535.425,2.4,0.0,24.6,0.2,675.7435874938965,847.9992752075195,234.8438678741455,356.6991767883301,2115.2859073638915,0.6360433018749576,446.7699676513672,57.443873977661134,11.7,777.0088912963868,7.123400742899475,178.89663009643556,2.878829265571324,452.3278518676758,7.761510064885504,Kamuli,0.90365111674821,33.13414797430668,0.90365111674821,33.13414797430668,,,21.62,29.56666666666667,,17.525,5.7,AAS2020_subregion,CHIRPS_v2.0_monthly+CHIRPS_v2.0_daily_climateserv,NASA_POWER_daily,,,district,False,False,A,Subregion panel assigned to districts via official AAS district grouping; district-level climate features used directly.
Busoga,first_season_2020,43792.34683684985,41665.29351724266,13843.222688580288,0.3322482939632105,0.316110546442139,66.57547648732447,70.06930189679127,59.12900162023883,0.0485713480378572,2020,2020.0,773.2258974894881,7.0,0.7,0.1,74.0,34.4,6.3,10.456889315629267,81.66407179832458,65.6,167.5,102.9,0.0,2020.0,1535.425,2.4,0.0,24.6,0.2,675.7435874938965,847.9992752075195,234.8438678741455,356.6991767883301,2115.2859073638915,0.6360433018749576,446.7699676513672,57.443873977661134,11.7,777.0088912963868,7.123400742899475,178.89663009643556,2.878829265571324,452.3278518676758,7.761510064885504,Luuka,0.7132207418035909,33.381326036289444,0.7132207418035909,33.381326036289444,,43.53333333333333,23.8,,,16.6,,AAS2020_subregion,CHIRPS_v2.0_monthly+CHIRPS_v2.0_daily_climateserv,NASA_POWER_daily,,,district,False,False,A,Subregion panel assigned to districts via official AAS district grouping; district-level climate features used directly.
Busoga,first_season_2020,43792.34683684985,41665.29351724266,13843.222688580288,0.3322482939632105,0.316110546442139,66.57547648732447,70.06930189679127,59.12900162023883,0.0485713480378572,2020,2020.0,773.2258974894881,7.0,0.7,0.1,74.0,34.4,6.3,10.456889315629267,81.66407179832458,65.6,167.5,102.9,0.0,2020.0,1535.425,2.4,0.0,24.6,0.2,675.7435874938965,847.9992752075195,234.8438678741455,356.6991767883301,2115.2859073638915,0.6360433018749576,446.7699676513672,57.443873977661134,11.7,777.0088912963868,7.123400742899475,178.89663009643556,2.878829265571324,452.3278518676758,7.761510064885504,Mayuge,0.4692019848415745,33.4624109875,0.4692019848415745,33.4624109875,36.0,,,,,,5.5,AAS2020_subregion,CHIRPS_v2.0_monthly+CHIRPS_v2.0_daily_climateserv,NASA_POWER_daily,,,district,False,False,A,Subregion panel assigned to districts via official AAS district grouping; district-level climate features used directly.
Busoga,first_season_2020,43792.34683684985,41665.29351724266,13843.222688580288,0.3322482939632105,0.316110546442139,66.57547648732447,70.06930189679127,59.12900162023883,0.0485713480378572,2020,2020.0,773.2258974894881,7.0,0.7,0.1,74.0,34.4,6.3,10.456889315629267,81.66407179832458,65.6,167.5,102.9,0.0,2020.0,1535.425,2.4,0.0,24.6,0.2,675.7435874938965,847.9992752075195,234.8438678741455,356.6991767883301,2115.2859073638915,0.6360433018749576,446.7699676513672,57.443873977661134,11.7,777.0088912963868,7.123400742899475,178.89663009643556,2.878829265571324,452.3278518676758,7.761510064885504,Namayingo,0.3365914367739261,33.866579171332326,0.3365914367739261,33.866579171332326,36.4,42.05,22.4,16.5,1.3,,,AAS2020_subregion,CHIRPS_v2.0_monthly+CHIRPS_v2.0_daily_climateserv,NASA_POWER_daily,,,district,False,False,A,Subregion panel assigned to districts via official AAS district grouping; district-level climate features used directly.
Busoga,first_season_2020,43792.34683684985,41665.29351724266,13843.222688580288,0.3322482939632105,0.316110546442139,66.57547648732447,70.06930189679127,59.12900162023883,0.0485713480378572,2020,2020.0,773.2258974894881,7.0,0.7,0.1,74.0,34.4,6.3,10.456889315629267,81.66407179832458,65.6,167.5,102.9,0.0,2020.0,1535.425,2.4,0.0,24.6,0.2,675.7435874938965,847.9992752075195,234.8438678741455,356.6991767883301,2115.2859073638915,0.6360433018749576,446.7699676513672,57.443873977661134,11.7,777.0088912963868,7.123400742899475,178.89663009643556,2.878829265571324,452.3278518676758,7.761510064885504,Namutumba,0.7944023639261478,33.71814581780439,0.7944023639261478,33.71814581780439,,36.2,22.860000000000003,22.15,1.3033333333333332,20.55,,AAS2020_subregion,CHIRPS_v2.0_monthly+CHIRPS_v2.0_daily_climateserv,NASA_POWER_daily,,,district,False,False,A,Subregion panel assigned to districts via official AAS district grouping; district-level climate features used directly.
Busoga,second_season_2020,44093.97937781148,32904.6122934112,13367.661491377536,0.4062549460293829,0.303162964196066,69.62985120538107,78.85538760956432,67.95797643404539,0.2537617888493612,2020,2020.0,1029.6410896658897,4.7,0.0,0.0,79.0,36.5,11.5,13.043076616117645,155.53175468444823,219.1,334.0,115.9,0.0,2020.0,1515.443,0.0,0.0,2.2,0.0,675.7435874938965,847.9992752075195,234.8438678741455,356.6991767883301,2115.2859073638915,0.6360433018749576,446.7699676513672,57.443873977661134,11.7,777.0088912963868,7.123400742899475,178.89663009643556,2.878829265571324,452.3278518676758,7.761510064885504,Bugiri,0.5925378321069249,33.79485653491775,0.5925378321069249,33.79485653491775,40.28333333333333,35.85,22.9,39.8,1.33,18.2,5.825,AAS2020_subregion,CHIRPS_v2.0_monthly+CHIRPS_v2.0_daily_climateserv,NASA_POWER_daily,,,district,False,False,A,Subregion panel assigned to districts via official AAS district grouping; district-level climate features used directly.
Busoga,second_season_2020,44093.97937781148,32904.6122934112,13367.661491377536,0.4062549460293829,0.303162964196066,69.62985120538107,78.85538760956432,67.95797643404539,0.2537617888493612,2020,2020.0,1029.6410896658897,4.7,0.0,0.0,79.0,36.5,11.5,13.043076616117645,155.53175468444823,219.1,334.0,115.9,0.0,2020.0,1515.443,0.0,0.0,2.2,0.0,675.7435874938965,847.9992752075195,234.8438678741455,356.6991767883301,2115.2859073638915,0.6360433018749576,446.7699676513672,57.443873977661134,11.7,777.0088912963868,7.123400742899475,178.89663009643556,2.878829265571324,452.3278518676758,7.761510064885504,Buyende,1.1716127263893188,33.21708354537384,1.1716127263893188,33.21708354537384,36.6,38.175,23.06,21.21666666666667,,19.8,6.0,AAS2020_subregion,CHIRPS_v2.0_monthly+CHIRPS_v2.0_daily_climateserv,NASA_POWER_daily,,,district,False,False,A,Subregion panel assigned to districts via official AAS district grouping; district-level climate features used directly.
Busoga,second_season_2020,44093.97937781148,32904.6122934112,13367.661491377536,0.4062549460293829,0.303162964196066,69.62985120538107,78.85538760956432,67.95797643404539,0.2537617888493612,2020,2020.0,1029.6410896658897,4.7,0.0,0.0,79.0,36.5,11.5,13.043076616117645,155.53175468444823,219.1,334.0,115.9,0.0,2020.0,1515.443,0.0,0.0,2.2,0.0,675.7435874938965,847.9992752075195,234.8438678741455,356.6991767883301,2115.2859073638915,0.6360433018749576,446.7699676513672,57.443873977661134,11.7,777.0088912963868,7.123400742899475,178.89663009643556,2.878829265571324,452.3278518676758,7.761510064885504,Iganga,0.6688530121573191,33.45184024191531,0.6688530121573191,33.45184024191531,38.03333333333333,40.33333333333333,21.566666666666663,20.53333333333333,1.3183333333333334,16.733333333333334,5.8,AAS2020_subregion,CHIRPS_v2.0_monthly+CHIRPS_v2.0_daily_climateserv,NASA_POWER_daily,,,district,False,False,A,Subregion panel assigned to districts via official AAS district grouping; district-level climate features used directly.
Busoga,second_season_2020,44093.97937781148,32904.6122934112,13367.661491377536,0.4062549460293829,0.303162964196066,69.62985120538107,78.85538760956432,67.95797643404539,0.2537617888493612,2020,2020.0,1029.6410896658897,4.7,0.0,0.0,79.0,36.5,11.5,13.043076616117645,155.53175468444823,219.1,334.0,115.9,0.0,2020.0,1515.443,0.0,0.0,2.2,0.0,675.7435874938965,847.9992752075195,234.8438678741455,356.6991767883301,2115.2859073638915,0.6360433018749576,446.7699676513672,57.443873977661134,11.7,777.0088912963868,7.123400742899475,178.89663009643556,2.878829265571324,452.3278518676758,7.761510064885504,Jinja,0.583061945094639,33.25109632710175,0.583061945094639,33.25109632710175,37.825,38.0,25.3,27.73333333333333,1.3666666666666665,16.866666666666667,5.5,AAS2020_subregion,CHIRPS_v2.0_monthly+CHIRPS_v2.0_daily_climateserv,NASA_POWER_daily,,,district,False,False,A,Subregion panel assigned to districts via official AAS district grouping; district-level climate features used directly.
Busoga,second_season_2020,44093.97937781148,32904.6122934112,13367.661491377536,0.4062549460293829,0.303162964196066,69.62985120538107,78.85538760956432,67.95797643404539,0.2537617888493612,2020,2020.0,1029.6410896658897,4.7,0.0,0.0,79.0,36.5,11.5,13.043076616117645,155.53175468444823,219.1,334.0,115.9,0.0,2020.0,1515.443,0.0,0.0,2.2,0.0,675.7435874938965,847.9992752075195,234.8438678741455,356.6991767883301,2115.2859073638915,0.6360433018749576,446.7699676513672,57.443873977661134,11.7,777.0088912963868,7.123400742899475,178.89663009643556,2.878829265571324,452.3278518676758,7.761510064885504,Kaliro,1.0289683773172045,33.46058443837174,1.0289683773172045,33.46058443837174,37.86,38.14,24.0,23.216666666666665,1.3125,19.380000000000003,5.933333333333334,AAS2020_subregion,CHIRPS_v2.0_monthly+CHIRPS_v2.0_daily_climateserv,NASA_POWER_daily,,,district,False,False,A,Subregion panel assigned to districts via official AAS district grouping; district-level climate features used directly.
Busoga,second_season_2020,44093.97937781148,32904.6122934112,13367.661491377536,0.4062549460293829,0.303162964196066,69.62985120538107,78.85538760956432,67.95797643404539,0.2537617888493612,2020,2020.0,1029.6410896658897,4.7,0.0,0.0,79.0,36.5,11.5,13.043076616117645,155.53175468444823,219.1,334.0,115.9,0.0,2020.0,1515.443,0.0,0.0,2.2,0.0,675.7435874938965,847.9992752075195,234.8438678741455,356.6991767883301,2115.2859073638915,0.6360433018749576,446.7699676513672,57.443873977661134,11.7,777.0088912963868,7.123400742899475,178.89663009643556,2.878829265571324,452.3278518676758,7.761510064885504,Kamuli,0.90365111674821,33.13414797430668,0.90365111674821,33.13414797430668,,,21.62,29.56666666666667,,17.525,5.7,AAS2020_subregion,CHIRPS_v2.0_monthly+CHIRPS_v2.0_daily_climateserv,NASA_POWER_daily,,,district,False,False,A,Subregion panel assigned to districts via official AAS district grouping; district-level climate features used directly.
Busoga,second_season_2020,44093.97937781148,32904.6122934112,13367.661491377536,0.4062549460293829,0.303162964196066,69.62985120538107,78.85538760956432,67.95797643404539,0.2537617888493612,2020,2020.0,1029.6410896658897,4.7,0.0,0.0,79.0,36.5,11.5,13.043076616117645,155.53175468444823,219.1,334.0,115.9,0.0,2020.0,1515.443,0.0,0.0,2.2,0.0,675.7435874938965,847.9992752075195,234.8438678741455,356.6991767883301,2115.2859073638915,0.6360433018749576,446.7699676513672,57.443873977661134,11.7,777.0088912963868,7.123400742899475,178.89663009643556,2.878829265571324,452.3278518676758,7.761510064885504,Luuka,0.7132207418035909,33.381326036289444,0.7132207418035909,33.381326036289444,,43.53333333333333,23.8,,,16.6,,AAS2020_subregion,CHIRPS_v2.0_monthly+CHIRPS_v2.0_daily_climateserv,NASA_POWER_daily,,,district,False,False,A,Subregion panel assigned to districts via official AAS district grouping; district-level climate features used directly.
Busoga,second_season_2020,44093.97937781148,32904.6122934112,13367.661491377536,0.4062549460293829,0.303162964196066,69.62985120538107,78.85538760956432,67.95797643404539,0.2537617888493612,2020,2020.0,1029.6410896658897,4.7,0.0,0.0,79.0,36.5,11.5,13.043076616117645,155.53175468444823,219.1,334.0,115.9,0.0,2020.0,1515.443,0.0,0.0,2.2,0.0,675.7435874938965,847.9992752075195,234.8438678741455,356.6991767883301,2115.2859073638915,0.6360433018749576,446.7699676513672,57.443873977661134,11.7,777.0088912963868,7.123400742899475,178.89663009643556,2.878829265571324,452.3278518676758,7.761510064885504,Mayuge,0.4692019848415745,33.4624109875,0.4692019848415745,33.4624109875,36.0,,,,,,5.5,AAS2020_subregion,CHIRPS_v2.0_monthly+CHIRPS_v2.0_daily_climateserv,NASA_POWER_daily,,,district,False,False,A,Subregion panel assigned to districts via official AAS district grouping; district-level climate features used directly.
Busoga,second_season_2020,44093.97937781148,32904.6122934112,13367.661491377536,0.4062549460293829,0.303162964196066,69.62985120538107,78.85538760956432,67.95797643404539,0.2537617888493612,2020,2020.0,1029.6410896658897,4.7,0.0,0.0,79.0,36.5,11.5,13.043076616117645,155.53175468444823,219.1,334.0,115.9,0.0,2020.0,1515.443,0.0,0.0,2.2,0.0,675.7435874938965,847.9992752075195,234.8438678741455,356.6991767883301,2115.2859073638915,0.6360433018749576,446.7699676513672,57.443873977661134,11.7,777.0088912963868,7.123400742899475,178.89663009643556,2.878829265571324,452.3278518676758,7.761510064885504,Namayingo,0.3365914367739261,33.866579171332326,0.3365914367739261,33.866579171332326,36.4,42.05,22.4,16.5,1.3,,,AAS2020_subregion,CHIRPS_v2.0_monthly+CHIRPS_v2.0_daily_climateserv,NASA_POWER_daily,,,district,False,False,A,Subregion panel assigned to districts via official AAS district grouping; district-level climate features used directly.
Busoga,second_season_2020,44093.97937781148,32904.6122934112,13367.661491377536,0.4062549460293829,0.303162964196066,69.62985120538107,78.85538760956432,67.95797643404539,0.2537617888493612,2020,2020.0,1029.6410896658897,4.7,0.0,0.0,79.0,36.5,11.5,13.043076616117645,155.53175468444823,219.1,334.0,115.9,0.0,2020.0,1515.443,0.0,0.0,2.2,0.0,675.7435874938965,847.9992752075195,234.8438678741455,356.6991767883301,2115.2859073638915,0.6360433018749576,446.7699676513672,57.443873977661134,11.7,777.0088912963868,7.123400742899475,178.89663009643556,2.878829265571324,452.3278518676758,7.761510064885504,Namutumba,0.7944023639261478,33.71814581780439,0.7944023639261478,33.71814581780439,,36.2,22.860000000000003,22.15,1.3033333333333332,20.55,,AAS2020_subregion,CHIRPS_v2.0_monthly+CHIRPS_v2.0_daily_climateserv,NASA_POWER_daily,,,district,False,False,A,Subregion panel assigned to districts via official AAS district grouping; district-level climate features used directly.
Busoga,total_2020,87886.32621466133,74569.90581065386,27210.884179957822,0.3649043656974847,0.3096145367766944,67.90196862762826,73.76183864184752,63.23955766891672,0.1515186830256423,2020,2020.0,1802.866987155378,7.3,0.7,0.1,153.0,70.9,17.8,11.338777301708948,155.53175468444823,65.6,334.0,269.4,0.0,2020.0,3050.868,2.4,0.0,26.8,0.2,675.7435874938965,847.9992752075195,234.8438678741455,356.6991767883301,2115.2859073638915,0.6360433018749576,446.7699676513672,57.443873977661134,11.7,777.0088912963868,7.123400742899475,178.89663009643556,2.878829265571324,452.3278518676758,7.761510064885504,Bugiri,0.5925378321069249,33.79485653491775,0.5925378321069249,33.79485653491775,40.28333333333333,35.85,22.9,39.8,1.33,18.2,5.825,AAS2020_subregion,CHIRPS_v2.0_monthly+CHIRPS_v2.0_daily_climateserv,NASA_POWER_daily,,,district,False,False,A,Subregion panel assigned to districts via official AAS district grouping; district-level climate features used directly.
Busoga,total_2020,87886.32621466133,74569.90581065386,27210.884179957822,0.3649043656974847,0.3096145367766944,67.90196862762826,73.76183864184752,63.23955766891672,0.1515186830256423,2020,2020.0,1802.866987155378,7.3,0.7,0.1,153.0,70.9,17.8,11.338777301708948,155.53175468444823,65.6,334.0,269.4,0.0,2020.0,3050.868,2.4,0.0,26.8,0.2,675.7435874938965,847.9992752075195,234.8438678741455,356.6991767883301,2115.2859073638915,0.6360433018749576,446.7699676513672,57.443873977661134,11.7,777.0088912963868,7.123400742899475,178.89663009643556,2.878829265571324,452.3278518676758,7.761510064885504,Buyende,1.1716127263893188,33.21708354537384,1.1716127263893188,33.21708354537384,36.6,38.175,23.06,21.21666666666667,,19.8,6.0,AAS2020_subregion,CHIRPS_v2.0_monthly+CHIRPS_v2.0_daily_climateserv,NASA_POWER_daily,,,district,False,False,A,Subregion panel assigned to districts via official AAS district grouping; district-level climate features used directly.
Busoga,total_2020,87886.32621466133,74569.90581065386,27210.884179957822,0.3649043656974847,0.3096145367766944,67.90196862762826,73.76183864184752,63.23955766891672,0.1515186830256423,2020,2020.0,1802.866987155378,7.3,0.7,0.1,153.0,70.9,17.8,11.338777301708948,155.53175468444823,65.6,334.0,269.4,0.0,2020.0,3050.868,2.4,0.0,26.8,0.2,675.7435874938965,847.9992752075195,234.8438678741455,356.6991767883301,2115.2859073638915,0.6360433018749576,446.7699676513672,57.443873977661134,11.7,777.0088912963868,7.123400742899475,178.89663009643556,2.878829265571324,452.3278518676758,7.761510064885504,Iganga,0.6688530121573191,33.45184024191531,0.6688530121573191,33.45184024191531,38.03333333333333,40.33333333333333,21.566666666666663,20.53333333333333,1.3183333333333334,16.733333333333334,5.8,AAS2020_subregion,CHIRPS_v2.0_monthly+CHIRPS_v2.0_daily_climateserv,NASA_POWER_daily,,,district,False,False,A,Subregion panel assigned to districts via official AAS district grouping; district-level climate features used directly.
Busoga,total_2020,87886.32621466133,74569.90581065386,27210.884179957822,0.3649043656974847,0.3096145367766944,67.90196862762826,73.76183864184752,63.23955766891672,0.1515186830256423,2020,2020.0,1802.866987155378,7.3,0.7,0.1,153.0,70.9,17.8,11.338777301708948,155.53175468444823,65.6,334.0,269.4,0.0,2020.0,3050.868,2.4,0.0,26.8,0.2,675.7435874938965,847.9992752075195,234.8438678741455,356.6991767883301,2115.2859073638915,0.6360433018749576,446.7699676513672,57.443873977661134,11.7,777.0088912963868,7.123400742899475,178.89663009643556,2.878829265571324,452.3278518676758,7.761510064885504,Jinja,0.583061945094639,33.25109632710175,0.583061945094639,33.25109632710175,37.825,38.0,25.3,27.73333333333333,1.3666666666666665,16.866666666666667,5.5,AAS2020_subregion,CHIRPS_v2.0_monthly+CHIRPS_v2.0_daily_climateserv,NASA_POWER_daily,,,district,False,False,A,Subregion panel assigned to districts via official AAS district grouping; district-level climate features used directly.
Busoga,total_2020,87886.32621466133,74569.90581065386,27210.884179957822,0.3649043656974847,0.3096145367766944,67.90196862762826,73.76183864184752,63.23955766891672,0.1515186830256423,2020,2020.0,1802.866987155378,7.3,0.7,0.1,153.0,70.9,17.8,11.338777301708948,155.53175468444823,65.6,334.0,269.4,0.0,2020.0,3050.868,2.4,0.0,26.8,0.2,675.7435874938965,847.9992752075195,234.8438678741455,356.6991767883301,2115.2859073638915,0.6360433018749576,446.7699676513672,57.443873977661134,11.7,777.0088912963868,7.123400742899475,178.89663009643556,2.878829265571324,452.3278518676758,7.761510064885504,Kaliro,1.0289683773172045,33.46058443837174,1.0289683773172045,33.46058443837174,37.86,38.14,24.0,23.216666666666665,1.3125,19.380000000000003,5.933333333333334,AAS2020_subregion,CHIRPS_v2.0_monthly+CHIRPS_v2.0_daily_climateserv,NASA_POWER_daily,,,district,False,False,A,Subregion panel assigned to districts via official AAS district grouping; district-level climate features used directly.
Busoga,total_2020,87886.32621466133,74569.90581065386,27210.884179957822,0.3649043656974847,0.3096145367766944,67.90196862762826,73.76183864184752,63.23955766891672,0.1515186830256423,2020,2020.0,1802.866987155378,7.3,0.7,0.1,153.0,70.9,17.8,11.338777301708948,155.53175468444823,65.6,334.0,269.4,0.0,2020.0,3050.868,2.4,0.0,26.8,0.2,675.7435874938965,847.9992752075195,234.8438678741455,356.6991767883301,2115.2859073638915,0.6360433018749576,446.7699676513672,57.443873977661134,11.7,777.0088912963868,7.123400742899475,178.89663009643556,2.878829265571324,452.3278518676758,7.761510064885504,Kamuli,0.90365111674821,33.13414797430668,0.90365111674821,33.13414797430668,,,21.62,29.56666666666667,,17.525,5.7,AAS2020_subregion,CHIRPS_v2.0_monthly+CHIRPS_v2.0_daily_climateserv,NASA_POWER_daily,,,district,False,False,A,Subregion panel assigned to districts via official AAS district grouping; district-level climate features used directly.
Busoga,total_2020,87886.32621466133,74569.90581065386,27210.884179957822,0.3649043656974847,0.3096145367766944,67.90196862762826,73.76183864184752,63.23955766891672,0.1515186830256423,2020,2020.0,1802.866987155378,7.3,0.7,0.1,153.0,70.9,17.8,11.338777301708948,155.53175468444823,65.6,334.0,269.4,0.0,2020.0,3050.868,2.4,0.0,26.8,0.2,675.7435874938965,847.9992752075195,234.8438678741455,356.6991767883301,2115.2859073638915,0.6360433018749576,446.7699676513672,57.443873977661134,11.7,777.0088912963868,7.123400742899475,178.89663009643556,2.878829265571324,452.3278518676758,7.761510064885504,Luuka,0.7132207418035909,33.381326036289444,0.7132207418035909,33.381326036289444,,43.53333333333333,23.8,,,16.6,,AAS2020_subregion,CHIRPS_v2.0_monthly+CHIRPS_v2.0_daily_climateserv,NASA_POWER_daily,,,district,False,False,A,Subregion panel assigned to districts via official AAS district grouping; district-level climate features used directly.
Busoga,total_2020,87886.32621466133,74569.90581065386,27210.884179957822,0.3649043656974847,0.3096145367766944,67.90196862762826,73.76183864184752,63.23955766891672,0.1515186830256423,2020,2020.0,1802.866987155378,7.3,0.7,0.1,153.0,70.9,17.8,11.338777301708948,155.53175468444823,65.6,334.0,269.4,0.0,2020.0,3050.868,2.4,0.0,26.8,0.2,675.7435874938965,847.9992752075195,234.8438678741455,356.6991767883301,2115.2859073638915,0.6360433018749576,446.7699676513672,57.443873977661134,11.7,777.0088912963868,7.123400742899475,178.89663009643556,2.878829265571324,452.3278518676758,7.761510064885504,Mayuge,0.4692019848415745,33.4624109875,0.4692019848415745,33.4624109875,36.0,,,,,,5.5,AAS2020_subregion,CHIRPS_v2.0_monthly+CHIRPS_v2.0_daily_climateserv,NASA_POWER_daily,,,district,False,False,A,Subregion panel assigned to districts via official AAS district grouping; district-level climate features used directly.
Busoga,total_2020,87886.32621466133,74569.90581065386,27210.884179957822,0.3649043656974847,0.3096145367766944,67.90196862762826,73.76183864184752,63.23955766891672,0.1515186830256423,2020,2020.0,1802.866987155378,7.3,0.7,0.1,153.0,70.9,17.8,11.338777301708948,155.53175468444823,65.6,334.0,269.4,0.0,2020.0,3050.868,2.4,0.0,26.8,0.2,675.7435874938965,847.9992752075195,234.8438678741455,356.6991767883301,2115.2859073638915,0.6360433018749576,446.7699676513672,57.443873977661134,11.7,777.0088912963868,7.123400742899475,178.89663009643556,2.878829265571324,452.3278518676758,7.761510064885504,Namayingo,0.3365914367739261,33.866579171332326,0.3365914367739261,33.866579171332326,36.4,42.05,22.4,16.5,1.3,,,AAS2020_subregion,CHIRPS_v2.0_monthly+CHIRPS_v2.0_daily_climateserv,NASA_POWER_daily,,,district,False,False,A,Subregion panel assigned to districts via official AAS district grouping; district-level climate features used directly.
Busoga,total_2020,87886.32621466133,74569.90581065386,27210.884179957822,0.3649043656974847,0.3096145367766944,67.90196862762826,73.76183864184752,63.23955766891672,0.1515186830256423,2020,2020.0,1802.866987155378,7.3,0.7,0.1,153.0,70.9,17.8,11.338777301708948,155.53175468444823,65.6,334.0,269.4,0.0,2020.0,3050.868,2.4,0.0,26.8,0.2,675.7435874938965,847.9992752075195,234.8438678741455,356.6991767883301,2115.2859073638915,0.6360433018749576,446.7699676513672,57.443873977661134,11.7,777.0088912963868,7.123400742899475,178.89663009643556,2.878829265571324,452.3278518676758,7.761510064885504,Namutumba,0.7944023639261478,33.71814581780439,0.7944023639261478,33.71814581780439,,36.2,22.860000000000003,22.15,1.3033333333333332,20.55,,AAS2020_subregion,CHIRPS_v2.0_monthly+CHIRPS_v2.0_daily_climateserv,NASA_POWER_daily,,,district,False,False,A,Subregion panel assigned to districts via official AAS district grouping; district-level climate features used directly.
Elgon,first_season_2020,2173.4602864942685,2119.6791928806774,1049.3657899532895,0.4950587775158489,0.4828088171078973,39.882484914431096,40.75432751158324,35.960193033692114,0.0247444565459894,2020,2020.0,866.8314718306065,12.375,2.0,1.0,61.75,35.0,12.25,14.047689406965448,100.17534798383713,64.0,141.25,78.25,0.0,2020.0,1199.360625,6.5,0.0,0.0,0.0,655.4807319641113,798.0750713348389,158.2289593219757,782.5927791595459,2394.377541780472,0.5263333911348054,363.87797927856445,21.96851897239685,10.5,809.3076527118683,5.100997321581116,143.17700672149658,1.7398683522203706,347.93835639953613,3.6619587452533766,Bududa,1.0435111127569587,34.40505864267179,1.0435111127569587,34.40505864267179,41.6,,26.46,40.3,1.078,22.6,5.533333333333333,AAS2020_subregion,CHIRPS_v2.0_monthly+CHIRPS_v2.0_daily_climateserv,NASA_POWER_daily,,,district,False,False,A,Subregion panel assigned to districts via official AAS district grouping; district-level climate features used directly.
Elgon,first_season_2020,2173.4602864942685,2119.6791928806774,1049.3657899532895,0.4950587775158489,0.4828088171078973,39.882484914431096,40.75432751158324,35.960193033692114,0.0247444565459894,2020,2020.0,866.8314718306065,12.375,2.0,1.0,61.75,35.0,12.25,14.047689406965448,100.17534798383713,64.0,141.25,78.25,0.0,2020.0,1199.360625,6.5,0.0,0.0,0.0,655.4807319641113,798.0750713348389,158.2289593219757,782.5927791595459,2394.377541780472,0.5263333911348054,363.87797927856445,21.96851897239685,10.5,809.3076527118683,5.100997321581116,143.17700672149658,1.7398683522203706,347.93835639953613,3.6619587452533766,Bukwo,1.2922492998158397,34.69608578352513,1.2922492998158397,34.69608578352513,42.575,32.86666666666667,24.9,41.15,1.1483333333333332,23.966666666666665,5.9,AAS2020_subregion,CHIRPS_v2.0_monthly+CHIRPS_v2.0_daily_climateserv,NASA_POWER_daily,,,district,False,False,A,Subregion panel assigned to districts via official AAS district grouping; district-level climate features used directly.
Elgon,first_season_2020,2173.4602864942685,2119.6791928806774,1049.3657899532895,0.4950587775158489,0.4828088171078973,39.882484914431096,40.75432751158324,35.960193033692114,0.0247444565459894,2020,2020.0,866.8314718306065,12.375,2.0,1.0,61.75,35.0,12.25,14.047689406965448,100.17534798383713,64.0,141.25,78.25,0.0,2020.0,1199.360625,6.5,0.0,0.0,0.0,655.4807319641113,798.0750713348389,158.2289593219757,782.5927791595459,2394.377541780472,0.5263333911348054,363.87797927856445,21.96851897239685,10.5,809.3076527118683,5.100997321581116,143.17700672149658,1.7398683522203706,347.93835639953613,3.6619587452533766,Bulambuli,1.344303672909069,34.332707796406645,1.344303672909069,34.332707796406645,,37.08,23.1,22.84,1.26,22.5,6.016666666666667,AAS2020_subregion,CHIRPS_v2.0_monthly+CHIRPS_v2.0_daily_climateserv,NASA_POWER_daily,,,district,False,False,A,Subregion panel assigned to districts via official AAS district grouping; district-level climate features used directly.
Elgon,first_season_2020,2173.4602864942685,2119.6791928806774,1049.3657899532895,0.4950587775158489,0.4828088171078973,39.882484914431096,40.75432751158324,35.960193033692114,0.0247444565459894,2020,2020.0,866.8314718306065,12.375,2.0,1.0,61.75,35.0,12.25,14.047689406965448,100.17534798383713,64.0,141.25,78.25,0.0,2020.0,1199.360625,6.5,0.0,0.0,0.0,655.4807319641113,798.0750713348389,158.2289593219757,782.5927791595459,2394.377541780472,0.5263333911348054,363.87797927856445,21.96851897239685,10.5,809.3076527118683,5.100997321581116,143.17700672149658,1.7398683522203706,347.93835639953613,3.6619587452533766,Kapchorwa,1.3459080440216822,34.44711805903888,1.3459080440216822,34.44711805903888,40.7,36.25,23.0,57.88333333333334,1.0666666666666669,24.866666666666667,5.55,AAS2020_subregion,CHIRPS_v2.0_monthly+CHIRPS_v2.0_daily_climateserv,NASA_POWER_daily,,,district,False,False,A,Subregion panel assigned to districts via official AAS district grouping; district-level climate features used directly.
Elgon,first_season_2020,2173.4602864942685,2119.6791928806774,1049.3657899532895,0.4950587775158489,0.4828088171078973,39.882484914431096,40.75432751158324,35.960193033692114,0.0247444565459894,2020,2020.0,866.8314718306065,12.375,2.0,1.0,61.75,35.0,12.25,14.047689406965448,100.17534798383713,64.0,141.25,78.25,0.0,2020.0,1199.360625,6.5,0.0,0.0,0.0,655.4807319641113,798.0750713348389,158.2289593219757,782.5927791595459,2394.377541780472,0.5263333911348054,363.87797927856445,21.96851897239685,10.5,809.3076527118683,5.100997321581116,143.17700672149658,1.7398683522203706,347.93835639953613,3.6619587452533766,Kween,1.4569156609849714,34.54439195173715,1.4569156609849714,34.54439195173715,41.46666666666667,36.13333333333333,22.35,26.833333333333336,1.24,23.3,6.05,AAS2020_subregion,CHIRPS_v2.0_monthly+CHIRPS_v2.0_daily_climateserv,NASA_POWER_daily,,,district,False,False,A,Subregion panel assigned to districts via official AAS district grouping; district-level climate features used directly.
Elgon,first_season_2020,2173.4602864942685,2119.6791928806774,1049.3657899532895,0.4950587775158489,0.4828088171078973,39.882484914431096,40.75432751158324,35.960193033692114,0.0247444565459894,2020,2020.0,866.8314718306065,12.375,2.0,1.0,61.75,35.0,12.25,14.047689406965448,100.17534798383713,64.0,141.25,78.25,0.0,2020.0,1199.360625,6.5,0.0,0.0,0.0,655.4807319641113,798.0750713348389,158.2289593219757,782.5927791595459,2394.377541780472,0.5263333911348054,363.87797927856445,21.96851897239685,10.5,809.3076527118683,5.100997321581116,143.17700672149658,1.7398683522203706,347.93835639953613,3.6619587452533766,Manafwa,0.9040155096872904,34.28216847933992,0.9040155096872904,34.28216847933992,38.325,37.0,27.6,48.8,1.1766666666666663,22.2,5.9,AAS2020_subregion,CHIRPS_v2.0_monthly+CHIRPS_v2.0_daily_climateserv,NASA_POWER_daily,,,district,False,False,A,Subregion panel assigned to districts via official AAS district grouping; district-level climate features used directly.
Elgon,first_season_2020,2173.4602864942685,2119.6791928806774,1049.3657899532895,0.4950587775158489,0.4828088171078973,39.882484914431096,40.75432751158324,35.960193033692114,0.0247444565459894,2020,2020.0,866.8314718306065,12.375,2.0,1.0,61.75,35.0,12.25,14.047689406965448,100.17534798383713,64.0,141.25,78.25,0.0,2020.0,1199.360625,6.5,0.0,0.0,0.0,655.4807319641113,798.0750713348389,158.2289593219757,782.5927791595459,2394.377541780472,0.5263333911348054,363.87797927856445,21.96851897239685,10.5,809.3076527118683,5.100997321581116,143.17700672149658,1.7398683522203706,347.93835639953613,3.6619587452533766,Mbale,1.0294927840258596,34.213690997489344,1.0294927840258596,34.213690997489344,42.4,36.9,24.72,30.18333333333333,1.2233333333333334,,,AAS2020_subregion,CHIRPS_v2.0_monthly+CHIRPS_v2.0_daily_climateserv,NASA_POWER_daily,,,district,False,False,A,Subregion panel assigned to districts via official AAS district grouping; district-level climate features used directly.
Elgon,first_season_2020,2173.4602864942685,2119.6791928806774,1049.3657899532895,0.4950587775158489,0.4828088171078973,39.882484914431096,40.75432751158324,35.960193033692114,0.0247444565459894,2020,2020.0,866.8314718306065,12.375,2.0,1.0,61.75,35.0,12.25,14.047689406965448,100.17534798383713,64.0,141.25,78.25,0.0,2020.0,1199.360625,6.5,0.0,0.0,0.0,655.4807319641113,798.0750713348389,158.2289593219757,782.5927791595459,2394.377541780472,0.5263333911348054,363.87797927856445,21.96851897239685,10.5,809.3076527118683,5.100997321581116,143.17700672149658,1.7398683522203706,347.93835639953613,3.6619587452533766,Sironko,1.1830235417392074,34.32507966057993,1.1830235417392074,34.32507966057993,40.2,,,,,,5.9,AAS2020_subregion,CHIRPS_v2.0_monthly+CHIRPS_v2.0_daily_climateserv,NASA_POWER_daily,,,district,False,False,A,Subregion panel assigned to districts via official AAS district grouping; district-level climate features used directly.
Elgon,second_season_2020,2442.4599580160752,1341.823211527416,1010.514989448897,0.7530910039174339,0.4137283750066892,44.50920796221065,49.00766464501643,51.02746770953722,0.4506263215805871,2020,2020.0,1130.8543752878904,8.375,1.375,0.125,61.5,45.75,20.0,18.421149979153242,132.78024780750275,215.5,311.625,97.125,0.0,2020.0,1107.919375,0.0,0.0,0.0,0.0,655.4807319641113,798.0750713348389,158.2289593219757,782.5927791595459,2394.377541780472,0.5263333911348054,363.87797927856445,21.96851897239685,10.5,809.3076527118683,5.100997321581116,143.17700672149658,1.7398683522203706,347.93835639953613,3.6619587452533766,Bududa,1.0435111127569587,34.40505864267179,1.0435111127569587,34.40505864267179,41.6,,26.46,40.3,1.078,22.6,5.533333333333333,AAS2020_subregion,CHIRPS_v2.0_monthly+CHIRPS_v2.0_daily_climateserv,NASA_POWER_daily,,,district,False,False,A,Subregion panel assigned to districts via official AAS district grouping; district-level climate features used directly.
Elgon,second_season_2020,2442.4599580160752,1341.823211527416,1010.514989448897,0.7530910039174339,0.4137283750066892,44.50920796221065,49.00766464501643,51.02746770953722,0.4506263215805871,2020,2020.0,1130.8543752878904,8.375,1.375,0.125,61.5,45.75,20.0,18.421149979153242,132.78024780750275,215.5,311.625,97.125,0.0,2020.0,1107.919375,0.0,0.0,0.0,0.0,655.4807319641113,798.0750713348389,158.2289593219757,782.5927791595459,2394.377541780472,0.5263333911348054,363.87797927856445,21.96851897239685,10.5,809.3076527118683,5.100997321581116,143.17700672149658,1.7398683522203706,347.93835639953613,3.6619587452533766,Bukwo,1.2922492998158397,34.69608578352513,1.2922492998158397,34.69608578352513,42.575,32.86666666666667,24.9,41.15,1.1483333333333332,23.966666666666665,5.9,AAS2020_subregion,CHIRPS_v2.0_monthly+CHIRPS_v2.0_daily_climateserv,NASA_POWER_daily,,,district,False,False,A,Subregion panel assigned to districts via official AAS district grouping; district-level climate features used directly.
Elgon,second_season_2020,2442.4599580160752,1341.823211527416,1010.514989448897,0.7530910039174339,0.4137283750066892,44.50920796221065,49.00766464501643,51.02746770953722,0.4506263215805871,2020,2020.0,1130.8543752878904,8.375,1.375,0.125,61.5,45.75,20.0,18.421149979153242,132.78024780750275,215.5,311.625,97.125,0.0,2020.0,1107.919375,0.0,0.0,0.0,0.0,655.4807319641113,798.0750713348389,158.2289593219757,782.5927791595459,2394.377541780472,0.5263333911348054,363.87797927856445,21.96851897239685,10.5,809.3076527118683,5.100997321581116,143.17700672149658,1.7398683522203706,347.93835639953613,3.6619587452533766,Bulambuli,1.344303672909069,34.332707796406645,1.344303672909069,34.332707796406645,,37.08,23.1,22.84,1.26,22.5,6.016666666666667,AAS2020_subregion,CHIRPS_v2.0_monthly+CHIRPS_v2.0_daily_climateserv,NASA_POWER_daily,,,district,False,False,A,Subregion panel assigned to districts via official AAS district grouping; district-level climate features used directly.
Elgon,second_season_2020,2442.4599580160752,1341.823211527416,1010.514989448897,0.7530910039174339,0.4137283750066892,44.50920796221065,49.00766464501643,51.02746770953722,0.4506263215805871,2020,2020.0,1130.8543752878904,8.375,1.375,0.125,61.5,45.75,20.0,18.421149979153242,132.78024780750275,215.5,311.625,97.125,0.0,2020.0,1107.919375,0.0,0.0,0.0,0.0,655.4807319641113,798.0750713348389,158.2289593219757,782.5927791595459,2394.377541780472,0.5263333911348054,363.87797927856445,21.96851897239685,10.5,809.3076527118683,5.100997321581116,143.17700672149658,1.7398683522203706,347.93835639953613,3.6619587452533766,Kapchorwa,1.3459080440216822,34.44711805903888,1.3459080440216822,34.44711805903888,40.7,36.25,23.0,57.88333333333334,1.0666666666666669,24.866666666666667,5.55,AAS2020_subregion,CHIRPS_v2.0_monthly+CHIRPS_v2.0_daily_climateserv,NASA_POWER_daily,,,district,False,False,A,Subregion panel assigned to districts via official AAS district grouping; district-level climate features used directly.
Elgon,second_season_2020,2442.4599580160752,1341.823211527416,1010.514989448897,0.7530910039174339,0.4137283750066892,44.50920796221065,49.00766464501643,51.02746770953722,0.4506263215805871,2020,2020.0,1130.8543752878904,8.375,1.375,0.125,61.5,45.75,20.0,18.421149979153242,132.78024780750275,215.5,311.625,97.125,0.0,2020.0,1107.919375,0.0,0.0,0.0,0.0,655.4807319641113,798.0750713348389,158.2289593219757,782.5927791595459,2394.377541780472,0.5263333911348054,363.87797927856445,21.96851897239685,10.5,809.3076527118683,5.100997321581116,143.17700672149658,1.7398683522203706,347.93835639953613,3.6619587452533766,Kween,1.4569156609849714,34.54439195173715,1.4569156609849714,34.54439195173715,41.46666666666667,36.13333333333333,22.35,26.833333333333336,1.24,23.3,6.05,AAS2020_subregion,CHIRPS_v2.0_monthly+CHIRPS_v2.0_daily_climateserv,NASA_POWER_daily,,,district,False,False,A,Subregion panel assigned to districts via official AAS district grouping; district-level climate features used directly.
Elgon,second_season_2020,2442.4599580160752,1341.823211527416,1010.514989448897,0.7530910039174339,0.4137283750066892,44.50920796221065,49.00766464501643,51.02746770953722,0.4506263215805871,2020,2020.0,1130.8543752878904,8.375,1.375,0.125,61.5,45.75,20.0,18.421149979153242,132.78024780750275,215.5,311.625,97.125,0.0,2020.0,1107.919375,0.0,0.0,0.0,0.0,655.4807319641113,798.0750713348389,158.2289593219757,782.5927791595459,2394.377541780472,0.5263333911348054,363.87797927856445,21.96851897239685,10.5,809.3076527118683,5.100997321581116,143.17700672149658,1.7398683522203706,347.93835639953613,3.6619587452533766,Manafwa,0.9040155096872904,34.28216847933992,0.9040155096872904,34.28216847933992,38.325,37.0,27.6,48.8,1.1766666666666663,22.2,5.9,AAS2020_subregion,CHIRPS_v2.0_monthly+CHIRPS_v2.0_daily_climateserv,NASA_POWER_daily,,,district,False,False,A,Subregion panel assigned to districts via official AAS district grouping; district-level climate features used directly.
Elgon,second_season_2020,2442.4599580160752,1341.823211527416,1010.514989448897,0.7530910039174339,0.4137283750066892,44.50920796221065,49.00766464501643,51.02746770953722,0.4506263215805871,2020,2020.0,1130.8543752878904,8.375,1.375,0.125,61.5,45.75,20.0,18.421149979153242,132.78024780750275,215.5,311.625,97.125,0.0,2020.0,1107.919375,0.0,0.0,0.0,0.0,655.4807319641113,798.0750713348389,158.2289593219757,782.5927791595459,2394.377541780472,0.5263333911348054,363.87797927856445,21.96851897239685,10.5,809.3076527118683,5.100997321581116,143.17700672149658,1.7398683522203706,347.93835639953613,3.6619587452533766,Mbale,1.0294927840258596,34.213690997489344,1.0294927840258596,34.213690997489344,42.4,36.9,24.72,30.18333333333333,1.2233333333333334,,,AAS2020_subregion,CHIRPS_v2.0_monthly+CHIRPS_v2.0_daily_climateserv,NASA_POWER_daily,,,district,False,False,A,Subregion panel assigned to districts via official AAS district grouping; district-level climate features used directly.
Elgon,second_season_2020,2442.4599580160752,1341.823211527416,1010.514989448897,0.7530910039174339,0.4137283750066892,44.50920796221065,49.00766464501643,51.02746770953722,0.4506263215805871,2020,2020.0,1130.8543752878904,8.375,1.375,0.125,61.5,45.75,20.0,18.421149979153242,132.78024780750275,215.5,311.625,97.125,0.0,2020.0,1107.919375,0.0,0.0,0.0,0.0,655.4807319641113,798.0750713348389,158.2289593219757,782.5927791595459,2394.377541780472,0.5263333911348054,363.87797927856445,21.96851897239685,10.5,809.3076527118683,5.100997321581116,143.17700672149658,1.7398683522203706,347.93835639953613,3.6619587452533766,Sironko,1.1830235417392074,34.32507966057993,1.1830235417392074,34.32507966057993,40.2,,,,,,5.9,AAS2020_subregion,CHIRPS_v2.0_monthly+CHIRPS_v2.0_daily_climateserv,NASA_POWER_daily,,,district,False,False,A,Subregion panel assigned to districts via official AAS district grouping; district-level climate features used directly.
Elgon,total_2020,4615.920244510344,3461.5024044080938,2059.880779402187,0.5950828682883496,0.4462557128997143,31.938944630404603,32.89727019881295,33.680707807706824,0.2500948411045847,2020,2020.0,1997.685847118497,12.5,3.375,1.125,123.25,80.75,32.25,15.485456930224673,134.67745733261108,64.0,311.625,248.625,0.0,2020.0,2307.2799999999997,6.5,0.0,0.0,0.0,655.4807319641113,798.0750713348389,158.2289593219757,782.5927791595459,2394.377541780472,0.5263333911348054,363.87797927856445,21.96851897239685,10.5,809.3076527118683,5.100997321581116,143.17700672149658,1.7398683522203706,347.93835639953613,3.6619587452533766,Bududa,1.0435111127569587,34.40505864267179,1.0435111127569587,34.40505864267179,41.6,,26.46,40.3,1.078,22.6,5.533333333333333,AAS2020_subregion,CHIRPS_v2.0_monthly+CHIRPS_v2.0_daily_climateserv,NASA_POWER_daily,,,district,False,False,A,Subregion panel assigned to districts via official AAS district grouping; district-level climate features used directly.
Elgon,total_2020,4615.920244510344,3461.5024044080938,2059.880779402187,0.5950828682883496,0.4462557128997143,31.938944630404603,32.89727019881295,33.680707807706824,0.2500948411045847,2020,2020.0,1997.685847118497,12.5,3.375,1.125,123.25,80.75,32.25,15.485456930224673,134.67745733261108,64.0,311.625,248.625,0.0,2020.0,2307.2799999999997,6.5,0.0,0.0,0.0,655.4807319641113,798.0750713348389,158.2289593219757,782.5927791595459,2394.377541780472,0.5263333911348054,363.87797927856445,21.96851897239685,10.5,809.3076527118683,5.100997321581116,143.17700672149658,1.7398683522203706,347.93835639953613,3.6619587452533766,Bukwo,1.2922492998158397,34.69608578352513,1.2922492998158397,34.69608578352513,42.575,32.86666666666667,24.9,41.15,1.1483333333333332,23.966666666666665,5.9,AAS2020_subregion,CHIRPS_v2.0_monthly+CHIRPS_v2.0_daily_climateserv,NASA_POWER_daily,,,district,False,False,A,Subregion panel assigned to districts via official AAS district grouping; district-level climate features used directly.
Elgon,total_2020,4615.920244510344,3461.5024044080938,2059.880779402187,0.5950828682883496,0.4462557128997143,31.938944630404603,32.89727019881295,33.680707807706824,0.2500948411045847,2020,2020.0,1997.685847118497,12.5,3.375,1.125,123.25,80.75,32.25,15.485456930224673,134.67745733261108,64.0,311.625,248.625,0.0,2020.0,2307.2799999999997,6.5,0.0,0.0,0.0,655.4807319641113,798.0750713348389,158.2289593219757,782.5927791595459,2394.377541780472,0.5263333911348054,363.87797927856445,21.96851897239685,10.5,809.3076527118683,5.100997321581116,143.17700672149658,1.7398683522203706,347.93835639953613,3.6619587452533766,Bulambuli,1.344303672909069,34.332707796406645,1.344303672909069,34.332707796406645,,37.08,23.1,22.84,1.26,22.5,6.016666666666667,AAS2020_subregion,CHIRPS_v2.0_monthly+CHIRPS_v2.0_daily_climateserv,NASA_POWER_daily,,,district,False,False,A,Subregion panel assigned to districts via official AAS district grouping; district-level climate features used directly.
Elgon,total_2020,4615.920244510344,3461.5024044080938,2059.880779402187,0.5950828682883496,0.4462557128997143,31.938944630404603,32.89727019881295,33.680707807706824,0.2500948411045847,2020,2020.0,1997.685847118497,12.5,3.375,1.125,123.25,80.75,32.25,15.485456930224673,134.67745733261108,64.0,311.625,248.625,0.0,2020.0,2307.2799999999997,6.5,0.0,0.0,0.0,655.4807319641113,798.0750713348389,158.2289593219757,782.5927791595459,2394.377541780472,0.5263333911348054,363.87797927856445,21.96851897239685,10.5,809.3076527118683,5.100997321581116,143.17700672149658,1.7398683522203706,347.93835639953613,3.6619587452533766,Kapchorwa,1.3459080440216822,34.44711805903888,1.3459080440216822,34.44711805903888,40.7,36.25,23.0,57.88333333333334,1.0666666666666669,24.866666666666667,5.55,AAS2020_subregion,CHIRPS_v2.0_monthly+CHIRPS_v2.0_daily_climateserv,NASA_POWER_daily,,,district,False,False,A,Subregion panel assigned to districts via official AAS district grouping; district-level climate features used directly.
Elgon,total_2020,4615.920244510344,3461.5024044080938,2059.880779402187,0.5950828682883496,0.4462557128997143,31.938944630404603,32.89727019881295,33.680707807706824,0.2500948411045847,2020,2020.0,1997.685847118497,12.5,3.375,1.125,123.25,80.75,32.25,15.485456930224673,134.67745733261108,64.0,311.625,248.625,0.0,2020.0,2307.2799999999997,6.5,0.0,0.0,0.0,655.4807319641113,798.0750713348389,158.2289593219757,782.5927791595459,2394.377541780472,0.5263333911348054,363.87797927856445,21.96851897239685,10.5,809.3076527118683,5.100997321581116,143.17700672149658,1.7398683522203706,347.93835639953613,3.6619587452533766,Kween,1.4569156609849714,34.54439195173715,1.4569156609849714,34.54439195173715,41.46666666666667,36.13333333333333,22.35,26.833333333333336,1.24,23.3,6.05,AAS2020_subregion,CHIRPS_v2.0_monthly+CHIRPS_v2.0_daily_climateserv,NASA_POWER_daily,,,district,False,False,A,Subregion panel assigned to districts via official AAS district grouping; district-level climate features used directly.
Elgon,total_2020,4615.920244510344,3461.5024044080938,2059.880779402187,0.5950828682883496,0.4462557128997143,31.938944630404603,32.89727019881295,33.680707807706824,0.2500948411045847,2020,2020.0,1997.685847118497,12.5,3.375,1.125,123.25,80.75,32.25,15.485456930224673,134.67745733261108,64.0,311.625,248.625,0.0,2020.0,2307.2799999999997,6.5,0.0,0.0,0.0,655.4807319641113,798.0750713348389,158.2289593219757,782.5927791595459,2394.377541780472,0.5263333911348054,363.87797927856445,21.96851897239685,10.5,809.3076527118683,5.100997321581116,143.17700672149658,1.7398683522203706,347.93835639953613,3.6619587452533766,Manafwa,0.9040155096872904,34.28216847933992,0.9040155096872904,34.28216847933992,38.325,37.0,27.6,48.8,1.1766666666666663,22.2,5.9,AAS2020_subregion,CHIRPS_v2.0_monthly+CHIRPS_v2.0_daily_climateserv,NASA_POWER_daily,,,district,False,False,A,Subregion panel assigned to districts via official AAS district grouping; district-level climate features used directly.
Elgon,total_2020,4615.920244510344,3461.5024044080938,2059.880779402187,0.5950828682883496,0.4462557128997143,31.938944630404603,32.89727019881295,33.680707807706824,0.2500948411045847,2020,2020.0,1997.685847118497,12.5,3.375,1.125,123.25,80.75,32.25,15.485456930224673,134.67745733261108,64.0,311.625,248.625,0.0,2020.0,2307.2799999999997,6.5,0.0,0.0,0.0,655.4807319641113,798.0750713348389,158.2289593219757,782.5927791595459,2394.377541780472,0.5263333911348054,363.87797927856445,21.96851897239685,10.5,809.3076527118683,5.100997321581116,143.17700672149658,1.7398683522203706,347.93835639953613,3.6619587452533766,Mbale,1.0294927840258596,34.213690997489344,1.0294927840258596,34.213690997489344,42.4,36.9,24.72,30.18333333333333,1.2233333333333334,,,AAS2020_subregion,CHIRPS_v2.0_monthly+CHIRPS_v2.0_daily_climateserv,NASA_POWER_daily,,,district,False,False,A,Subregion panel assigned to districts via official AAS district grouping; district-level climate features used directly.
Elgon,total_2020,4615.920244510344,3461.5024044080938,2059.880779402187,0.5950828682883496,0.4462557128997143,31.938944630404603,32.89727019881295,33.680707807706824,0.2500948411045847,2020,2020.0,1997.685847118497,12.5,3.375,1.125,123.25,80.75,32.25,15.485456930224673,134.67745733261108,64.0,311.625,248.625,0.0,2020.0,2307.2799999999997,6.5,0.0,0.0,0.0,655.4807319641113,798.0750713348389,158.2289593219757,782.5927791595459,2394.377541780472,0.5263333911348054,363.87797927856445,21.96851897239685,10.5,809.3076527118683,5.100997321581116,143.17700672149658,1.7398683522203706,347.93835639953613,3.6619587452533766,Sironko,1.1830235417392074,34.32507966057993,1.1830235417392074,34.32507966057993,40.2,,,,,,5.9,AAS2020_subregion,CHIRPS_v2.0_monthly+CHIRPS_v2.0_daily_climateserv,NASA_POWER_daily,,,district,False,False,A,Subregion panel assigned to districts via official AAS district grouping; district-level climate features used directly.
Karamoja,first_season_2020,10974.983995101922,9125.909646375736,5245.55414746277,0.5747979489963491,0.4779555168193259,37.76155988714906,41.7214132241466,45.03303744233678,0.1684808241680733,2020,2020.0,638.4189957869904,12.857142857142858,2.2857142857142856,1.2857142857142858,58.0,26.142857142857142,6.142857142857143,11.103146619530133,80.74639129638672,66.71428571428571,135.28571428571428,69.57142857142857,0.0,2020.0,1592.297142857143,29.714285714285715,2.7142857142857144,9.0,3.2857142857142856,490.7982657296317,444.2856695992606,53.92278930119106,535.8876364571707,1524.894361087254,0.6198793666330776,246.31166076660156,10.635579790387835,8.857142857142858,542.8523216928754,4.457076029416298,168.09947095598494,2.6292177157688172,209.76719883510046,3.321768440153991,Abim,2.65183532206906,33.7716142764045,2.65183532206906,33.7716142764045,39.4,,,,,25.575,6.2,AAS2020_subregion,CHIRPS_v2.0_monthly+CHIRPS_v2.0_daily_climateserv,NASA_POWER_daily,,,district,False,False,A,Subregion panel assigned to districts via official AAS district grouping; district-level climate features used directly.
Karamoja,first_season_2020,10974.983995101922,9125.909646375736,5245.55414746277,0.5747979489963491,0.4779555168193259,37.76155988714906,41.7214132241466,45.03303744233678,0.1684808241680733,2020,2020.0,638.4189957869904,12.857142857142858,2.2857142857142856,1.2857142857142858,58.0,26.142857142857142,6.142857142857143,11.103146619530133,80.74639129638672,66.71428571428571,135.28571428571428,69.57142857142857,0.0,2020.0,1592.297142857143,29.714285714285715,2.7142857142857144,9.0,3.2857142857142856,490.7982657296317,444.2856695992606,53.92278930119106,535.8876364571707,1524.894361087254,0.6198793666330776,246.31166076660156,10.635579790387835,8.857142857142858,542.8523216928754,4.457076029416298,168.09947095598494,2.6292177157688172,209.76719883510046,3.321768440153991,Amudat,1.7105038023994157,34.778613739131046,1.7105038023994157,34.778613739131046,38.5,38.46666666666666,,,1.256,20.875,6.2,AAS2020_subregion,CHIRPS_v2.0_monthly+CHIRPS_v2.0_daily_climateserv,NASA_POWER_daily,,,district,False,False,A,Subregion panel assigned to districts via official AAS district grouping; district-level climate features used directly.
Karamoja,first_season_2020,10974.983995101922,9125.909646375736,5245.55414746277,0.5747979489963491,0.4779555168193259,37.76155988714906,41.7214132241466,45.03303744233678,0.1684808241680733,2020,2020.0,638.4189957869904,12.857142857142858,2.2857142857142856,1.2857142857142858,58.0,26.142857142857142,6.142857142857143,11.103146619530133,80.74639129638672,66.71428571428571,135.28571428571428,69.57142857142857,0.0,2020.0,1592.297142857143,29.714285714285715,2.7142857142857144,9.0,3.2857142857142856,490.7982657296317,444.2856695992606,53.92278930119106,535.8876364571707,1524.894361087254,0.6198793666330776,246.31166076660156,10.635579790387835,8.857142857142858,542.8523216928754,4.457076029416298,168.09947095598494,2.6292177157688172,209.76719883510046,3.321768440153991,Kaabong,3.45133838560172,33.99402537180229,3.45133838560172,33.99402537180229,34.0,43.7,22.575,21.8,1.276,24.53333333333333,6.8,AAS2020_subregion,CHIRPS_v2.0_monthly+CHIRPS_v2.0_daily_climateserv,NASA_POWER_daily,,,district,False,False,A,Subregion panel assigned to districts via official AAS district grouping; district-level climate features used directly.
Karamoja,first_season_2020,10974.983995101922,9125.909646375736,5245.55414746277,0.5747979489963491,0.4779555168193259,37.76155988714906,41.7214132241466,45.03303744233678,0.1684808241680733,2020,2020.0,638.4189957869904,12.857142857142858,2.2857142857142856,1.2857142857142858,58.0,26.142857142857142,6.142857142857143,11.103146619530133,80.74639129638672,66.71428571428571,135.28571428571428,69.57142857142857,0.0,2020.0,1592.297142857143,29.714285714285715,2.7142857142857144,9.0,3.2857142857142856,490.7982657296317,444.2856695992606,53.92278930119106,535.8876364571707,1524.894361087254,0.6198793666330776,246.31166076660156,10.635579790387835,8.857142857142858,542.8523216928754,4.457076029416298,168.09947095598494,2.6292177157688172,209.76719883510046,3.321768440153991,Kotido,3.1140191410414144,33.823586326362026,3.1140191410414144,33.823586326362026,,40.0,25.4,23.133333333333333,1.2725,22.5,,AAS2020_subregion,CHIRPS_v2.0_monthly+CHIRPS_v2.0_daily_climateserv,NASA_POWER_daily,,,district,False,False,A,Subregion panel assigned to districts via official AAS district grouping; district-level climate features used directly.
Karamoja,first_season_2020,10974.983995101922,9125.909646375736,5245.55414746277,0.5747979489963491,0.4779555168193259,37.76155988714906,41.7214132241466,45.03303744233678,0.1684808241680733,2020,2020.0,638.4189957869904,12.857142857142858,2.2857142857142856,1.2857142857142858,58.0,26.142857142857142,6.142857142857143,11.103146619530133,80.74639129638672,66.71428571428571,135.28571428571428,69.57142857142857,0.0,2020.0,1592.297142857143,29.714285714285715,2.7142857142857144,9.0,3.2857142857142856,490.7982657296317,444.2856695992606,53.92278930119106,535.8876364571707,1524.894361087254,0.6198793666330776,246.31166076660156,10.635579790387835,8.857142857142858,542.8523216928754,4.457076029416298,168.09947095598494,2.6292177157688172,209.76719883510046,3.321768440153991,Moroto,2.4546842468939127,34.67330217331044,2.4546842468939127,34.67330217331044,36.18333333333333,39.5,24.31666666666667,16.44,1.2933333333333334,26.8,6.8,AAS2020_subregion,CHIRPS_v2.0_monthly+CHIRPS_v2.0_daily_climateserv,NASA_POWER_daily,,,district,False,False,A,Subregion panel assigned to districts via official AAS district grouping; district-level climate features used directly.
Karamoja,first_season_2020,10974.983995101922,9125.909646375736,5245.55414746277,0.5747979489963491,0.4779555168193259,37.76155988714906,41.7214132241466,45.03303744233678,0.1684808241680733,2020,2020.0,638.4189957869904,12.857142857142858,2.2857142857142856,1.2857142857142858,58.0,26.142857142857142,6.142857142857143,11.103146619530133,80.74639129638672,66.71428571428571,135.28571428571428,69.57142857142857,0.0,2020.0,1592.297142857143,29.714285714285715,2.7142857142857144,9.0,3.2857142857142856,490.7982657296317,444.2856695992606,53.92278930119106,535.8876364571707,1524.894361087254,0.6198793666330776,246.31166076660156,10.635579790387835,8.857142857142858,542.8523216928754,4.457076029416298,168.09947095598494,2.6292177157688172,209.76719883510046,3.321768440153991,Nakapiripirit,1.7101543051354364,34.56521702207132,1.7101543051354364,34.56521702207132,43.1,33.15,23.716666666666665,27.15,1.2466666666666666,26.0,6.3,AAS2020_subregion,CHIRPS_v2.0_monthly+CHIRPS_v2.0_daily_climateserv,NASA_POWER_daily,,,district,False,False,A,Subregion panel assigned to districts via official AAS district grouping; district-level climate features used directly.
Karamoja,first_season_2020,10974.983995101922,9125.909646375736,5245.55414746277,0.5747979489963491,0.4779555168193259,37.76155988714906,41.7214132241466,45.03303744233678,0.1684808241680733,2020,2020.0,638.4189957869904,12.857142857142858,2.2857142857142856,1.2857142857142858,58.0,26.142857142857142,6.142857142857143,11.103146619530133,80.74639129638672,66.71428571428571,135.28571428571428,69.57142857142857,0.0,2020.0,1592.297142857143,29.714285714285715,2.7142857142857144,9.0,3.2857142857142856,490.7982657296317,444.2856695992606,53.92278930119106,535.8876364571707,1524.894361087254,0.6198793666330776,246.31166076660156,10.635579790387835,8.857142857142858,542.8523216928754,4.457076029416298,168.09947095598494,2.6292177157688172,209.76719883510046,3.321768440153991,Napak,2.4977812437858136,34.13805428828976,2.4977812437858136,34.13805428828976,35.575,,25.2,13.6,1.3159999999999998,25.3,6.6,AAS2020_subregion,CHIRPS_v2.0_monthly+CHIRPS_v2.0_daily_climateserv,NASA_POWER_daily,,,district,False,False,A,Subregion panel assigned to districts via official AAS district grouping; district-level climate features used directly.
Karamoja,second_season_2020,311.50237852301154,311.50237852301154,32.62460250915018,0.1047330767226874,0.1047330767226874,100.0,100.0,100.0,0.0,2020,2020.0,678.1786400484187,13.714285714285714,3.857142857142857,1.2857142857142858,41.285714285714285,27.285714285714285,11.857142857142858,17.030363016060704,111.91937841687884,224.71428571428572,316.14285714285717,92.42857142857143,0.14285714285714285,2020.0,1486.3157142857142,19.857142857142858,0.0,0.0,2.142857142857143,490.7982657296317,444.2856695992606,53.92278930119106,535.8876364571707,1524.894361087254,0.6198793666330776,246.31166076660156,10.635579790387835,8.857142857142858,542.8523216928754,4.457076029416298,168.09947095598494,2.6292177157688172,209.76719883510046,3.321768440153991,Abim,2.65183532206906,33.7716142764045,2.65183532206906,33.7716142764045,39.4,,,,,25.575,6.2,AAS2020_subregion,CHIRPS_v2.0_monthly+CHIRPS_v2.0_daily_climateserv,NASA_POWER_daily,,,district,False,False,A,Subregion panel assigned to districts via official AAS district grouping; district-level climate features used directly.
Karamoja,second_season_2020,311.50237852301154,311.50237852301154,32.62460250915018,0.1047330767226874,0.1047330767226874,100.0,100.0,100.0,0.0,2020,2020.0,678.1786400484187,13.714285714285714,3.857142857142857,1.2857142857142858,41.285714285714285,27.285714285714285,11.857142857142858,17.030363016060704,111.91937841687884,224.71428571428572,316.14285714285717,92.42857142857143,0.14285714285714285,2020.0,1486.3157142857142,19.857142857142858,0.0,0.0,2.142857142857143,490.7982657296317,444.2856695992606,53.92278930119106,535.8876364571707,1524.894361087254,0.6198793666330776,246.31166076660156,10.635579790387835,8.857142857142858,542.8523216928754,4.457076029416298,168.09947095598494,2.6292177157688172,209.76719883510046,3.321768440153991,Amudat,1.7105038023994157,34.778613739131046,1.7105038023994157,34.778613739131046,38.5,38.46666666666666,,,1.256,20.875,6.2,AAS2020_subregion,CHIRPS_v2.0_monthly+CHIRPS_v2.0_daily_climateserv,NASA_POWER_daily,,,district,False,False,A,Subregion panel assigned to districts via official AAS district grouping; district-level climate features used directly.
Karamoja,second_season_2020,311.50237852301154,311.50237852301154,32.62460250915018,0.1047330767226874,0.1047330767226874,100.0,100.0,100.0,0.0,2020,2020.0,678.1786400484187,13.714285714285714,3.857142857142857,1.2857142857142858,41.285714285714285,27.285714285714285,11.857142857142858,17.030363016060704,111.91937841687884,224.71428571428572,316.14285714285717,92.42857142857143,0.14285714285714285,2020.0,1486.3157142857142,19.857142857142858,0.0,0.0,2.142857142857143,490.7982657296317,444.2856695992606,53.92278930119106,535.8876364571707,1524.894361087254,0.6198793666330776,246.31166076660156,10.635579790387835,8.857142857142858,542.8523216928754,4.457076029416298,168.09947095598494,2.6292177157688172,209.76719883510046,3.321768440153991,Kaabong,3.45133838560172,33.99402537180229,3.45133838560172,33.99402537180229,34.0,43.7,22.575,21.8,1.276,24.53333333333333,6.8,AAS2020_subregion,CHIRPS_v2.0_monthly+CHIRPS_v2.0_daily_climateserv,NASA_POWER_daily,,,district,False,False,A,Subregion panel assigned to districts via official AAS district grouping; district-level climate features used directly.
Karamoja,second_season_2020,311.50237852301154,311.50237852301154,32.62460250915018,0.1047330767226874,0.1047330767226874,100.0,100.0,100.0,0.0,2020,2020.0,678.1786400484187,13.714285714285714,3.857142857142857,1.2857142857142858,41.285714285714285,27.285714285714285,11.857142857142858,17.030363016060704,111.91937841687884,224.71428571428572,316.14285714285717,92.42857142857143,0.14285714285714285,2020.0,1486.3157142857142,19.857142857142858,0.0,0.0,2.142857142857143,490.7982657296317,444.2856695992606,53.92278930119106,535.8876364571707,1524.894361087254,0.6198793666330776,246.31166076660156,10.635579790387835,8.857142857142858,542.8523216928754,4.457076029416298,168.09947095598494,2.6292177157688172,209.76719883510046,3.321768440153991,Kotido,3.1140191410414144,33.823586326362026,3.1140191410414144,33.823586326362026,,40.0,25.4,23.133333333333333,1.2725,22.5,,AAS2020_subregion,CHIRPS_v2.0_monthly+CHIRPS_v2.0_daily_climateserv,NASA_POWER_daily,,,district,False,False,A,Subregion panel assigned to districts via official AAS district grouping; district-level climate features used directly.
Karamoja,second_season_2020,311.50237852301154,311.50237852301154,32.62460250915018,0.1047330767226874,0.1047330767226874,100.0,100.0,100.0,0.0,2020,2020.0,678.1786400484187,13.714285714285714,3.857142857142857,1.2857142857142858,41.285714285714285,27.285714285714285,11.857142857142858,17.030363016060704,111.91937841687884,224.71428571428572,316.14285714285717,92.42857142857143,0.14285714285714285,2020.0,1486.3157142857142,19.857142857142858,0.0,0.0,2.142857142857143,490.7982657296317,444.2856695992606,53.92278930119106,535.8876364571707,1524.894361087254,0.6198793666330776,246.31166076660156,10.635579790387835,8.857142857142858,542.8523216928754,4.457076029416298,168.09947095598494,2.6292177157688172,209.76719883510046,3.321768440153991,Moroto,2.4546842468939127,34.67330217331044,2.4546842468939127,34.67330217331044,36.18333333333333,39.5,24.31666666666667,16.44,1.2933333333333334,26.8,6.8,AAS2020_subregion,CHIRPS_v2.0_monthly+CHIRPS_v2.0_daily_climateserv,NASA_POWER_daily,,,district,False,False,A,Subregion panel assigned to districts via official AAS district grouping; district-level climate features used directly.
Karamoja,second_season_2020,311.50237852301154,311.50237852301154,32.62460250915018,0.1047330767226874,0.1047330767226874,100.0,100.0,100.0,0.0,2020,2020.0,678.1786400484187,13.714285714285714,3.857142857142857,1.2857142857142858,41.285714285714285,27.285714285714285,11.857142857142858,17.030363016060704,111.91937841687884,224.71428571428572,316.14285714285717,92.42857142857143,0.14285714285714285,2020.0,1486.3157142857142,19.857142857142858,0.0,0.0,2.142857142857143,490.7982657296317,444.2856695992606,53.92278930119106,535.8876364571707,1524.894361087254,0.6198793666330776,246.31166076660156,10.635579790387835,8.857142857142858,542.8523216928754,4.457076029416298,168.09947095598494,2.6292177157688172,209.76719883510046,3.321768440153991,Nakapiripirit,1.7101543051354364,34.56521702207132,1.7101543051354364,34.56521702207132,43.1,33.15,23.716666666666665,27.15,1.2466666666666666,26.0,6.3,AAS2020_subregion,CHIRPS_v2.0_monthly+CHIRPS_v2.0_daily_climateserv,NASA_POWER_daily,,,district,False,False,A,Subregion panel assigned to districts via official AAS district grouping; district-level climate features used directly.
Karamoja,second_season_2020,311.50237852301154,311.50237852301154,32.62460250915018,0.1047330767226874,0.1047330767226874,100.0,100.0,100.0,0.0,2020,2020.0,678.1786400484187,13.714285714285714,3.857142857142857,1.2857142857142858,41.285714285714285,27.285714285714285,11.857142857142858,17.030363016060704,111.91937841687884,224.71428571428572,316.14285714285717,92.42857142857143,0.14285714285714285,2020.0,1486.3157142857142,19.857142857142858,0.0,0.0,2.142857142857143,490.7982657296317,444.2856695992606,53.92278930119106,535.8876364571707,1524.894361087254,0.6198793666330776,246.31166076660156,10.635579790387835,8.857142857142858,542.8523216928754,4.457076029416298,168.09947095598494,2.6292177157688172,209.76719883510046,3.321768440153991,Napak,2.4977812437858136,34.13805428828976,2.4977812437858136,34.13805428828976,35.575,,25.2,13.6,1.3159999999999998,25.3,6.6,AAS2020_subregion,CHIRPS_v2.0_monthly+CHIRPS_v2.0_daily_climateserv,NASA_POWER_daily,,,district,False,False,A,Subregion panel assigned to districts via official AAS district grouping; district-level climate features used directly.
Karamoja,total_2020,11286.486373624934,9437.412024898747,5278.17874997192,0.5592824320954186,0.4676547310867574,38.67398511120464,42.79746293413695,45.257133870505655,0.1638308227658197,2020,2020.0,1316.5976358354092,15.142857142857142,6.142857142857143,2.5714285714285716,99.28571428571429,53.42857142857143,18.0,12.77019983400575,111.91937841687884,66.71428571428571,316.14285714285717,250.42857142857142,0.14285714285714285,2020.0,3078.612857142857,49.57142857142857,2.7142857142857144,9.0,5.428571428571429,490.7982657296317,444.2856695992606,53.92278930119106,535.8876364571707,1524.894361087254,0.6198793666330776,246.31166076660156,10.635579790387835,8.857142857142858,542.8523216928754,4.457076029416298,168.09947095598494,2.6292177157688172,209.76719883510046,3.321768440153991,Abim,2.65183532206906,33.7716142764045,2.65183532206906,33.7716142764045,39.4,,,,,25.575,6.2,AAS2020_subregion,CHIRPS_v2.0_monthly+CHIRPS_v2.0_daily_climateserv,NASA_POWER_daily,,,district,False,False,A,Subregion panel assigned to districts via official AAS district grouping; district-level climate features used directly.
Karamoja,total_2020,11286.486373624934,9437.412024898747,5278.17874997192,0.5592824320954186,0.4676547310867574,38.67398511120464,42.79746293413695,45.257133870505655,0.1638308227658197,2020,2020.0,1316.5976358354092,15.142857142857142,6.142857142857143,2.5714285714285716,99.28571428571429,53.42857142857143,18.0,12.77019983400575,111.91937841687884,66.71428571428571,316.14285714285717,250.42857142857142,0.14285714285714285,2020.0,3078.612857142857,49.57142857142857,2.7142857142857144,9.0,5.428571428571429,490.7982657296317,444.2856695992606,53.92278930119106,535.8876364571707,1524.894361087254,0.6198793666330776,246.31166076660156,10.635579790387835,8.857142857142858,542.8523216928754,4.457076029416298,168.09947095598494,2.6292177157688172,209.76719883510046,3.321768440153991,Amudat,1.7105038023994157,34.778613739131046,1.7105038023994157,34.778613739131046,38.5,38.46666666666666,,,1.256,20.875,6.2,AAS2020_subregion,CHIRPS_v2.0_monthly+CHIRPS_v2.0_daily_climateserv,NASA_POWER_daily,,,district,False,False,A,Subregion panel assigned to districts via official AAS district grouping; district-level climate features used directly.
Karamoja,total_2020,11286.486373624934,9437.412024898747,5278.17874997192,0.5592824320954186,0.4676547310867574,38.67398511120464,42.79746293413695,45.257133870505655,0.1638308227658197,2020,2020.0,1316.5976358354092,15.142857142857142,6.142857142857143,2.5714285714285716,99.28571428571429,53.42857142857143,18.0,12.77019983400575,111.91937841687884,66.71428571428571,316.14285714285717,250.42857142857142,0.14285714285714285,2020.0,3078.612857142857,49.57142857142857,2.7142857142857144,9.0,5.428571428571429,490.7982657296317,444.2856695992606,53.92278930119106,535.8876364571707,1524.894361087254,0.6198793666330776,246.31166076660156,10.635579790387835,8.857142857142858,542.8523216928754,4.457076029416298,168.09947095598494,2.6292177157688172,209.76719883510046,3.321768440153991,Kaabong,3.45133838560172,33.99402537180229,3.45133838560172,33.99402537180229,34.0,43.7,22.575,21.8,1.276,24.53333333333333,6.8,AAS2020_subregion,CHIRPS_v2.0_monthly+CHIRPS_v2.0_daily_climateserv,NASA_POWER_daily,,,district,False,False,A,Subregion panel assigned to districts via official AAS district grouping; district-level climate features used directly.
Karamoja,total_2020,11286.486373624934,9437.412024898747,5278.17874997192,0.5592824320954186,0.4676547310867574,38.67398511120464,42.79746293413695,45.257133870505655,0.1638308227658197,2020,2020.0,1316.5976358354092,15.142857142857142,6.142857142857143,2.5714285714285716,99.28571428571429,53.42857142857143,18.0,12.77019983400575,111.91937841687884,66.71428571428571,316.14285714285717,250.42857142857142,0.14285714285714285,2020.0,3078.612857142857,49.57142857142857,2.7142857142857144,9.0,5.428571428571429,490.7982657296317,444.2856695992606,53.92278930119106,535.8876364571707,1524.894361087254,0.6198793666330776,246.31166076660156,10.635579790387835,8.857142857142858,542.8523216928754,4.457076029416298,168.09947095598494,2.6292177157688172,209.76719883510046,3.321768440153991,Kotido,3.1140191410414144,33.823586326362026,3.1140191410414144,33.823586326362026,,40.0,25.4,23.133333333333333,1.2725,22.5,,AAS2020_subregion,CHIRPS_v2.0_monthly+CHIRPS_v2.0_daily_climateserv,NASA_POWER_daily,,,district,False,False,A,Subregion panel assigned to districts via official AAS district grouping; district-level climate features used directly.
Karamoja,total_2020,11286.486373624934,9437.412024898747,5278.17874997192,0.5592824320954186,0.4676547310867574,38.67398511120464,42.79746293413695,45.257133870505655,0.1638308227658197,2020,2020.0,1316.5976358354092,15.142857142857142,6.142857142857143,2.5714285714285716,99.28571428571429,53.42857142857143,18.0,12.77019983400575,111.91937841687884,66.71428571428571,316.14285714285717,250.42857142857142,0.14285714285714285,2020.0,3078.612857142857,49.57142857142857,2.7142857142857144,9.0,5.428571428571429,490.7982657296317,444.2856695992606,53.92278930119106,535.8876364571707,1524.894361087254,0.6198793666330776,246.31166076660156,10.635579790387835,8.857142857142858,542.8523216928754,4.457076029416298,168.09947095598494,2.6292177157688172,209.76719883510046,3.321768440153991,Moroto,2.4546842468939127,34.67330217331044,2.4546842468939127,34.67330217331044,36.18333333333333,39.5,24.31666666666667,16.44,1.2933333333333334,26.8,6.8,AAS2020_subregion,CHIRPS_v2.0_monthly+CHIRPS_v2.0_daily_climateserv,NASA_POWER_daily,,,district,False,False,A,Subregion panel assigned to districts via official AAS district grouping; district-level climate features used directly.
Karamoja,total_2020,11286.486373624934,9437.412024898747,5278.17874997192,0.5592824320954186,0.4676547310867574,38.67398511120464,42.79746293413695,45.257133870505655,0.1638308227658197,2020,2020.0,1316.5976358354092,15.142857142857142,6.142857142857143,2.5714285714285716,99.28571428571429,53.42857142857143,18.0,12.77019983400575,111.91937841687884,66.71428571428571,316.14285714285717,250.42857142857142,0.14285714285714285,2020.0,3078.612857142857,49.57142857142857,2.7142857142857144,9.0,5.428571428571429,490.7982657296317,444.2856695992606,53.92278930119106,535.8876364571707,1524.894361087254,0.6198793666330776,246.31166076660156,10.635579790387835,8.857142857142858,542.8523216928754,4.457076029416298,168.09947095598494,2.6292177157688172,209.76719883510046,3.321768440153991,Nakapiripirit,1.7101543051354364,34.56521702207132,1.7101543051354364,34.56521702207132,43.1,33.15,23.716666666666665,27.15,1.2466666666666666,26.0,6.3,AAS2020_subregion,CHIRPS_v2.0_monthly+CHIRPS_v2.0_daily_climateserv,NASA_POWER_daily,,,district,False,False,A,Subregion panel assigned to districts via official AAS district grouping; district-level climate features used directly.
Karamoja,total_2020,11286.486373624934,9437.412024898747,5278.17874997192,0.5592824320954186,0.4676547310867574,38.67398511120464,42.79746293413695,45.257133870505655,0.1638308227658197,2020,2020.0,1316.5976358354092,15.142857142857142,6.142857142857143,2.5714285714285716,99.28571428571429,53.42857142857143,18.0,12.77019983400575,111.91937841687884,66.71428571428571,316.14285714285717,250.42857142857142,0.14285714285714285,2020.0,3078.612857142857,49.57142857142857,2.7142857142857144,9.0,5.428571428571429,490.7982657296317,444.2856695992606,53.92278930119106,535.8876364571707,1524.894361087254,0.6198793666330776,246.31166076660156,10.635579790387835,8.857142857142858,542.8523216928754,4.457076029416298,168.09947095598494,2.6292177157688172,209.76719883510046,3.321768440153991,Napak,2.4977812437858136,34.13805428828976,2.4977812437858136,34.13805428828976,35.575,,25.2,13.6,1.3159999999999998,25.3,6.6,AAS2020_subregion,CHIRPS_v2.0_monthly+CHIRPS_v2.0_daily_climateserv,NASA_POWER_daily,,,district,False,False,A,Subregion panel assigned to districts via official AAS district grouping; district-level climate features used directly.
Kigezi,first_season_2020,2954.8453197718586,2549.7381304384567,1181.2055876040988,0.4632654520489824,0.3997520884427543,38.488333124012335,40.57628637223244,47.63650073515106,0.1370992879467139,2020,2020.0,419.8052535884082,16.0,3.0,1.6,45.4,11.6,3.4,9.334573627051634,79.99146547317505,70.2,172.8,103.6,0.0,2020.0,1226.184,0.0,0.0,0.0,0.0,366.7005142211914,417.3038024902344,306.25871353149415,107.26607494354248,1197.5291051864624,0.592968414615566,199.07511291503906,8.237049102783203,10.0,75.93529834747315,0.7648774248931078,17.782861328125,0.4063375125656762,25.924378967285158,0.493283613934104,Kabale,-1.3222487711517437,30.013791310666356,-1.3222487711517437,30.013791310666356,44.66,31.1,24.6,42.3,,,,AAS2020_subregion,CHIRPS_v2.0_monthly+CHIRPS_v2.0_daily_climateserv,NASA_POWER_daily,,,district,False,False,A,Subregion panel assigned to districts via official AAS district grouping; district-level climate features used directly.
Kigezi,first_season_2020,2954.8453197718586,2549.7381304384567,1181.2055876040988,0.4632654520489824,0.3997520884427543,38.488333124012335,40.57628637223244,47.63650073515106,0.1370992879467139,2020,2020.0,419.8052535884082,16.0,3.0,1.6,45.4,11.6,3.4,9.334573627051634,79.99146547317505,70.2,172.8,103.6,0.0,2020.0,1226.184,0.0,0.0,0.0,0.0,366.7005142211914,417.3038024902344,306.25871353149415,107.26607494354248,1197.5291051864624,0.592968414615566,199.07511291503906,8.237049102783203,10.0,75.93529834747315,0.7648774248931078,17.782861328125,0.4063375125656762,25.924378967285158,0.493283613934104,Kanungu,-0.7963978009044944,29.73404269681348,-0.7963978009044944,29.73404269681348,,,,,1.22,18.2,5.625,AAS2020_subregion,CHIRPS_v2.0_monthly+CHIRPS_v2.0_daily_climateserv,NASA_POWER_daily,,,district,False,False,A,Subregion panel assigned to districts via official AAS district grouping; district-level climate features used directly.
Kigezi,first_season_2020,2954.8453197718586,2549.7381304384567,1181.2055876040988,0.4632654520489824,0.3997520884427543,38.488333124012335,40.57628637223244,47.63650073515106,0.1370992879467139,2020,2020.0,419.8052535884082,16.0,3.0,1.6,45.4,11.6,3.4,9.334573627051634,79.99146547317505,70.2,172.8,103.6,0.0,2020.0,1226.184,0.0,0.0,0.0,0.0,366.7005142211914,417.3038024902344,306.25871353149415,107.26607494354248,1197.5291051864624,0.592968414615566,199.07511291503906,8.237049102783203,10.0,75.93529834747315,0.7648774248931078,17.782861328125,0.4063375125656762,25.924378967285158,0.493283613934104,Kisoro,-1.1497486032806357,29.67520247315182,-1.1497486032806357,29.67520247315182,43.0,31.366666666666664,25.1,,,,5.7,AAS2020_subregion,CHIRPS_v2.0_monthly+CHIRPS_v2.0_daily_climateserv,NASA_POWER_daily,,,district,False,False,A,Subregion panel assigned to districts via official AAS district grouping; district-level climate features used directly.
Kigezi,first_season_2020,2954.8453197718586,2549.7381304384567,1181.2055876040988,0.4632654520489824,0.3997520884427543,38.488333124012335,40.57628637223244,47.63650073515106,0.1370992879467139,2020,2020.0,419.8052535884082,16.0,3.0,1.6,45.4,11.6,3.4,9.334573627051634,79.99146547317505,70.2,172.8,103.6,0.0,2020.0,1226.184,0.0,0.0,0.0,0.0,366.7005142211914,417.3038024902344,306.25871353149415,107.26607494354248,1197.5291051864624,0.592968414615566,199.07511291503906,8.237049102783203,10.0,75.93529834747315,0.7648774248931078,17.782861328125,0.4063375125656762,25.924378967285158,0.493283613934104,Rubanda,-1.109799743143831,29.83123852360904,-1.109799743143831,29.83123852360904,38.5,,,61.5,,,,AAS2020_subregion,CHIRPS_v2.0_monthly+CHIRPS_v2.0_daily_climateserv,NASA_POWER_daily,,,district,False,False,A,Subregion panel assigned to districts via official AAS district grouping; district-level climate features used directly.
Kigezi,first_season_2020,2954.8453197718586,2549.7381304384567,1181.2055876040988,0.4632654520489824,0.3997520884427543,38.488333124012335,40.57628637223244,47.63650073515106,0.1370992879467139,2020,2020.0,419.8052535884082,16.0,3.0,1.6,45.4,11.6,3.4,9.334573627051634,79.99146547317505,70.2,172.8,103.6,0.0,2020.0,1226.184,0.0,0.0,0.0,0.0,366.7005142211914,417.3038024902344,306.25871353149415,107.26607494354248,1197.5291051864624,0.592968414615566,199.07511291503906,8.237049102783203,10.0,75.93529834747315,0.7648774248931078,17.782861328125,0.4063375125656762,25.924378967285158,0.493283613934104,Rukungiri,-0.7188219227669995,29.90370531323003,-0.7188219227669995,29.90370531323003,35.4,32.65,30.875,34.43333333333334,1.1716666666666666,22.96,5.7,AAS2020_subregion,CHIRPS_v2.0_monthly+CHIRPS_v2.0_daily_climateserv,NASA_POWER_daily,,,district,False,False,A,Subregion panel assigned to districts via official AAS district grouping; district-level climate features used directly.
Kigezi,second_season_2020,2415.1814015484115,1369.2353296513695,1026.4205553539448,0.7496304931127424,0.4249869408135928,33.11515729192193,38.71160221698355,36.33604888685081,0.4330714335687038,2020,2020.0,463.22811539545654,8.4,1.6,0.4,56.2,14.6,3.0,8.43383158217954,73.5714608669281,256.8,299.2,43.4,0.4,2020.0,1226.238,0.0,0.0,0.0,0.0,366.7005142211914,417.3038024902344,306.25871353149415,107.26607494354248,1197.5291051864624,0.592968414615566,199.07511291503906,8.237049102783203,10.0,75.93529834747315,0.7648774248931078,17.782861328125,0.4063375125656762,25.924378967285158,0.493283613934104,Kabale,-1.3222487711517437,30.013791310666356,-1.3222487711517437,30.013791310666356,44.66,31.1,24.6,42.3,,,,AAS2020_subregion,CHIRPS_v2.0_monthly+CHIRPS_v2.0_daily_climateserv,NASA_POWER_daily,,,district,False,False,A,Subregion panel assigned to districts via official AAS district grouping; district-level climate features used directly.
Kigezi,second_season_2020,2415.1814015484115,1369.2353296513695,1026.4205553539448,0.7496304931127424,0.4249869408135928,33.11515729192193,38.71160221698355,36.33604888685081,0.4330714335687038,2020,2020.0,463.22811539545654,8.4,1.6,0.4,56.2,14.6,3.0,8.43383158217954,73.5714608669281,256.8,299.2,43.4,0.4,2020.0,1226.238,0.0,0.0,0.0,0.0,366.7005142211914,417.3038024902344,306.25871353149415,107.26607494354248,1197.5291051864624,0.592968414615566,199.07511291503906,8.237049102783203,10.0,75.93529834747315,0.7648774248931078,17.782861328125,0.4063375125656762,25.924378967285158,0.493283613934104,Kanungu,-0.7963978009044944,29.73404269681348,-0.7963978009044944,29.73404269681348,,,,,1.22,18.2,5.625,AAS2020_subregion,CHIRPS_v2.0_monthly+CHIRPS_v2.0_daily_climateserv,NASA_POWER_daily,,,district,False,False,A,Subregion panel assigned to districts via official AAS district grouping; district-level climate features used directly.
Kigezi,second_season_2020,2415.1814015484115,1369.2353296513695,1026.4205553539448,0.7496304931127424,0.4249869408135928,33.11515729192193,38.71160221698355,36.33604888685081,0.4330714335687038,2020,2020.0,463.22811539545654,8.4,1.6,0.4,56.2,14.6,3.0,8.43383158217954,73.5714608669281,256.8,299.2,43.4,0.4,2020.0,1226.238,0.0,0.0,0.0,0.0,366.7005142211914,417.3038024902344,306.25871353149415,107.26607494354248,1197.5291051864624,0.592968414615566,199.07511291503906,8.237049102783203,10.0,75.93529834747315,0.7648774248931078,17.782861328125,0.4063375125656762,25.924378967285158,0.493283613934104,Kisoro,-1.1497486032806357,29.67520247315182,-1.1497486032806357,29.67520247315182,43.0,31.366666666666664,25.1,,,,5.7,AAS2020_subregion,CHIRPS_v2.0_monthly+CHIRPS_v2.0_daily_climateserv,NASA_POWER_daily,,,district,False,False,A,Subregion panel assigned to districts via official AAS district grouping; district-level climate features used directly.
Kigezi,second_season_2020,2415.1814015484115,1369.2353296513695,1026.4205553539448,0.7496304931127424,0.4249869408135928,33.11515729192193,38.71160221698355,36.33604888685081,0.4330714335687038,2020,2020.0,463.22811539545654,8.4,1.6,0.4,56.2,14.6,3.0,8.43383158217954,73.5714608669281,256.8,299.2,43.4,0.4,2020.0,1226.238,0.0,0.0,0.0,0.0,366.7005142211914,417.3038024902344,306.25871353149415,107.26607494354248,1197.5291051864624,0.592968414615566,199.07511291503906,8.237049102783203,10.0,75.93529834747315,0.7648774248931078,17.782861328125,0.4063375125656762,25.924378967285158,0.493283613934104,Rubanda,-1.109799743143831,29.83123852360904,-1.109799743143831,29.83123852360904,38.5,,,61.5,,,,AAS2020_subregion,CHIRPS_v2.0_monthly+CHIRPS_v2.0_daily_climateserv,NASA_POWER_daily,,,district,False,False,A,Subregion panel assigned to districts via official AAS district grouping; district-level climate features used directly.
Kigezi,second_season_2020,2415.1814015484115,1369.2353296513695,1026.4205553539448,0.7496304931127424,0.4249869408135928,33.11515729192193,38.71160221698355,36.33604888685081,0.4330714335687038,2020,2020.0,463.22811539545654,8.4,1.6,0.4,56.2,14.6,3.0,8.43383158217954,73.5714608669281,256.8,299.2,43.4,0.4,2020.0,1226.238,0.0,0.0,0.0,0.0,366.7005142211914,417.3038024902344,306.25871353149415,107.26607494354248,1197.5291051864624,0.592968414615566,199.07511291503906,8.237049102783203,10.0,75.93529834747315,0.7648774248931078,17.782861328125,0.4063375125656762,25.924378967285158,0.493283613934104,Rukungiri,-0.7188219227669995,29.90370531323003,-0.7188219227669995,29.90370531323003,35.4,32.65,30.875,34.43333333333334,1.1716666666666666,22.96,5.7,AAS2020_subregion,CHIRPS_v2.0_monthly+CHIRPS_v2.0_daily_climateserv,NASA_POWER_daily,,,district,False,False,A,Subregion panel assigned to districts via official AAS district grouping; district-level climate features used directly.
Kigezi,total_2020,5370.02672132027,3918.9734600898255,2207.626142958044,0.5633174517358029,0.4111015191401652,34.31402591571423,37.54911257678866,41.12426859126519,0.2702134154136368,2020,2020.0,883.0333689838648,16.2,4.6,2.0,101.6,26.2,6.4,9.009084415346383,81.86837434768677,70.2,299.2,230.0,0.4,2020.0,2452.422,0.0,0.0,0.0,0.0,366.7005142211914,417.3038024902344,306.25871353149415,107.26607494354248,1197.5291051864624,0.592968414615566,199.07511291503906,8.237049102783203,10.0,75.93529834747315,0.7648774248931078,17.782861328125,0.4063375125656762,25.924378967285158,0.493283613934104,Kabale,-1.3222487711517437,30.013791310666356,-1.3222487711517437,30.013791310666356,44.66,31.1,24.6,42.3,,,,AAS2020_subregion,CHIRPS_v2.0_monthly+CHIRPS_v2.0_daily_climateserv,NASA_POWER_daily,,,district,False,False,A,Subregion panel assigned to districts via official AAS district grouping; district-level climate features used directly.
Kigezi,total_2020,5370.02672132027,3918.9734600898255,2207.626142958044,0.5633174517358029,0.4111015191401652,34.31402591571423,37.54911257678866,41.12426859126519,0.2702134154136368,2020,2020.0,883.0333689838648,16.2,4.6,2.0,101.6,26.2,6.4,9.009084415346383,81.86837434768677,70.2,299.2,230.0,0.4,2020.0,2452.422,0.0,0.0,0.0,0.0,366.7005142211914,417.3038024902344,306.25871353149415,107.26607494354248,1197.5291051864624,0.592968414615566,199.07511291503906,8.237049102783203,10.0,75.93529834747315,0.7648774248931078,17.782861328125,0.4063375125656762,25.924378967285158,0.493283613934104,Kanungu,-0.7963978009044944,29.73404269681348,-0.7963978009044944,29.73404269681348,,,,,1.22,18.2,5.625,AAS2020_subregion,CHIRPS_v2.0_monthly+CHIRPS_v2.0_daily_climateserv,NASA_POWER_daily,,,district,False,False,A,Subregion panel assigned to districts via official AAS district grouping; district-level climate features used directly.
Kigezi,total_2020,5370.02672132027,3918.9734600898255,2207.626142958044,0.5633174517358029,0.4111015191401652,34.31402591571423,37.54911257678866,41.12426859126519,0.2702134154136368,2020,2020.0,883.0333689838648,16.2,4.6,2.0,101.6,26.2,6.4,9.009084415346383,81.86837434768677,70.2,299.2,230.0,0.4,2020.0,2452.422,0.0,0.0,0.0,0.0,366.7005142211914,417.3038024902344,306.25871353149415,107.26607494354248,1197.5291051864624,0.592968414615566,199.07511291503906,8.237049102783203,10.0,75.93529834747315,0.7648774248931078,17.782861328125,0.4063375125656762,25.924378967285158,0.493283613934104,Kisoro,-1.1497486032806357,29.67520247315182,-1.1497486032806357,29.67520247315182,43.0,31.366666666666664,25.1,,,,5.7,AAS2020_subregion,CHIRPS_v2.0_monthly+CHIRPS_v2.0_daily_climateserv,NASA_POWER_daily,,,district,False,False,A,Subregion panel assigned to districts via official AAS district grouping; district-level climate features used directly.
Kigezi,total_2020,5370.02672132027,3918.9734600898255,2207.626142958044,0.5633174517358029,0.4111015191401652,34.31402591571423,37.54911257678866,41.12426859126519,0.2702134154136368,2020,2020.0,883.0333689838648,16.2,4.6,2.0,101.6,26.2,6.4,9.009084415346383,81.86837434768677,70.2,299.2,230.0,0.4,2020.0,2452.422,0.0,0.0,0.0,0.0,366.7005142211914,417.3038024902344,306.25871353149415,107.26607494354248,1197.5291051864624,0.592968414615566,199.07511291503906,8.237049102783203,10.0,75.93529834747315,0.7648774248931078,17.782861328125,0.4063375125656762,25.924378967285158,0.493283613934104,Rubanda,-1.109799743143831,29.83123852360904,-1.109799743143831,29.83123852360904,38.5,,,61.5,,,,AAS2020_subregion,CHIRPS_v2.0_monthly+CHIRPS_v2.0_daily_climateserv,NASA_POWER_daily,,,district,False,False,A,Subregion panel assigned to districts via official AAS district grouping; district-level climate features used directly.
Kigezi,total_2020,5370.02672132027,3918.9734600898255,2207.626142958044,0.5633174517358029,0.4111015191401652,34.31402591571423,37.54911257678866,41.12426859126519,0.2702134154136368,2020,2020.0,883.0333689838648,16.2,4.6,2.0,101.6,26.2,6.4,9.009084415346383,81.86837434768677,70.2,299.2,230.0,0.4,2020.0,2452.422,0.0,0.0,0.0,0.0,366.7005142211914,417.3038024902344,306.25871353149415,107.26607494354248,1197.5291051864624,0.592968414615566,199.07511291503906,8.237049102783203,10.0,75.93529834747315,0.7648774248931078,17.782861328125,0.4063375125656762,25.924378967285158,0.493283613934104,Rukungiri,-0.7188219227669995,29.90370531323003,-0.7188219227669995,29.90370531323003,35.4,32.65,30.875,34.43333333333334,1.1716666666666666,22.96,5.7,AAS2020_subregion,CHIRPS_v2.0_monthly+CHIRPS_v2.0_daily_climateserv,NASA_POWER_daily,,,district,False,False,A,Subregion panel assigned to districts via official AAS district grouping; district-level climate features used directly.
Lango,first_season_2020,22038.4938439674,21147.21467427177,7618.835324026386,0.3602760666772656,0.3457058081177309,19.76960637512548,19.90276320862997,18.47882989782212,0.0404419274749848,2020,2020.0,569.0463572852314,9.125,1.25,0.25,69.0,18.5,2.375,8.23657017869764,57.27364045381546,68.875,112.625,44.75,0.0,2020.0,1673.785,24.5,0.75,34.375,2.875,445.3541011810303,489.1878824234009,77.11536657810211,467.53977966308594,1479.1971298456192,0.5430420105428071,213.06434631347656,17.895450234413147,9.0,173.28332769870758,1.4357485546175497,38.312665939331055,0.5780503290727711,96.94019031524658,1.3718757587684112,Alebtong,2.3132434092721423,33.26632316456276,2.3132434092721423,33.26632316456276,,,23.8,32.5,1.3016666666666663,21.383333333333333,6.2,AAS2020_subregion,CHIRPS_v2.0_monthly+CHIRPS_v2.0_daily_climateserv,NASA_POWER_daily,,,district,False,False,A,Subregion panel assigned to districts via official AAS district grouping; district-level climate features used directly.
Lango,first_season_2020,22038.4938439674,21147.21467427177,7618.835324026386,0.3602760666772656,0.3457058081177309,19.76960637512548,19.90276320862997,18.47882989782212,0.0404419274749848,2020,2020.0,569.0463572852314,9.125,1.25,0.25,69.0,18.5,2.375,8.23657017869764,57.27364045381546,68.875,112.625,44.75,0.0,2020.0,1673.785,24.5,0.75,34.375,2.875,445.3541011810303,489.1878824234009,77.11536657810211,467.53977966308594,1479.1971298456192,0.5430420105428071,213.06434631347656,17.895450234413147,9.0,173.28332769870758,1.4357485546175497,38.312665939331055,0.5780503290727711,96.94019031524658,1.3718757587684112,Amolatar,1.6112529219003882,32.68450245416171,1.6112529219003882,32.68450245416171,39.32,34.425,23.8,31.433333333333337,1.2966666666666669,19.6,6.1,AAS2020_subregion,CHIRPS_v2.0_monthly+CHIRPS_v2.0_daily_climateserv,NASA_POWER_daily,,,district,False,False,A,Subregion panel assigned to districts via official AAS district grouping; district-level climate features used directly.
Lango,first_season_2020,22038.4938439674,21147.21467427177,7618.835324026386,0.3602760666772656,0.3457058081177309,19.76960637512548,19.90276320862997,18.47882989782212,0.0404419274749848,2020,2020.0,569.0463572852314,9.125,1.25,0.25,69.0,18.5,2.375,8.23657017869764,57.27364045381546,68.875,112.625,44.75,0.0,2020.0,1673.785,24.5,0.75,34.375,2.875,445.3541011810303,489.1878824234009,77.11536657810211,467.53977966308594,1479.1971298456192,0.5430420105428071,213.06434631347656,17.895450234413147,9.0,173.28332769870758,1.4357485546175497,38.312665939331055,0.5780503290727711,96.94019031524658,1.3718757587684112,Apac,1.9426493805849772,32.439277346604705,1.9426493805849772,32.439277346604705,39.4,36.125,23.666666666666664,27.825,1.3316666666666666,22.616666666666667,6.1,AAS2020_subregion,CHIRPS_v2.0_monthly+CHIRPS_v2.0_daily_climateserv,NASA_POWER_daily,,,district,False,False,A,Subregion panel assigned to districts via official AAS district grouping; district-level climate features used directly.
Lango,first_season_2020,22038.4938439674,21147.21467427177,7618.835324026386,0.3602760666772656,0.3457058081177309,19.76960637512548,19.90276320862997,18.47882989782212,0.0404419274749848,2020,2020.0,569.0463572852314,9.125,1.25,0.25,69.0,18.5,2.375,8.23657017869764,57.27364045381546,68.875,112.625,44.75,0.0,2020.0,1673.785,24.5,0.75,34.375,2.875,445.3541011810303,489.1878824234009,77.11536657810211,467.53977966308594,1479.1971298456192,0.5430420105428071,213.06434631347656,17.895450234413147,9.0,173.28332769870758,1.4357485546175497,38.312665939331055,0.5780503290727711,96.94019031524658,1.3718757587684112,Dokolo,1.9603107248231637,33.09781783605168,1.9603107248231637,33.09781783605168,42.025,39.6,21.2,18.78333333333333,1.296,,6.1,AAS2020_subregion,CHIRPS_v2.0_monthly+CHIRPS_v2.0_daily_climateserv,NASA_POWER_daily,,,district,False,False,A,Subregion panel assigned to districts via official AAS district grouping; district-level climate features used directly.
Lango,first_season_2020,22038.4938439674,21147.21467427177,7618.835324026386,0.3602760666772656,0.3457058081177309,19.76960637512548,19.90276320862997,18.47882989782212,0.0404419274749848,2020,2020.0,569.0463572852314,9.125,1.25,0.25,69.0,18.5,2.375,8.23657017869764,57.27364045381546,68.875,112.625,44.75,0.0,2020.0,1673.785,24.5,0.75,34.375,2.875,445.3541011810303,489.1878824234009,77.11536657810211,467.53977966308594,1479.1971298456192,0.5430420105428071,213.06434631347656,17.895450234413147,9.0,173.28332769870758,1.4357485546175497,38.312665939331055,0.5780503290727711,96.94019031524658,1.3718757587684112,Kole,2.3295358464481875,32.77280396644526,2.3295358464481875,32.77280396644526,41.7,39.12,22.4,21.875,1.35,21.0,6.3,AAS2020_subregion,CHIRPS_v2.0_monthly+CHIRPS_v2.0_daily_climateserv,NASA_POWER_daily,,,district,False,False,A,Subregion panel assigned to districts via official AAS district grouping; district-level climate features used directly.
Lango,first_season_2020,22038.4938439674,21147.21467427177,7618.835324026386,0.3602760666772656,0.3457058081177309,19.76960637512548,19.90276320862997,18.47882989782212,0.0404419274749848,2020,2020.0,569.0463572852314,9.125,1.25,0.25,69.0,18.5,2.375,8.23657017869764,57.27364045381546,68.875,112.625,44.75,0.0,2020.0,1673.785,24.5,0.75,34.375,2.875,445.3541011810303,489.1878824234009,77.11536657810211,467.53977966308594,1479.1971298456192,0.5430420105428071,213.06434631347656,17.895450234413147,9.0,173.28332769870758,1.4357485546175497,38.312665939331055,0.5780503290727711,96.94019031524658,1.3718757587684112,Lira,2.3948669632318484,32.94536913071559,2.3948669632318484,32.94536913071559,,39.63333333333334,25.35,29.3,1.27,20.7,,AAS2020_subregion,CHIRPS_v2.0_monthly+CHIRPS_v2.0_daily_climateserv,NASA_POWER_daily,,,district,False,False,A,Subregion panel assigned to districts via official AAS district grouping; district-level climate features used directly.
Lango,first_season_2020,22038.4938439674,21147.21467427177,7618.835324026386,0.3602760666772656,0.3457058081177309,19.76960637512548,19.90276320862997,18.47882989782212,0.0404419274749848,2020,2020.0,569.0463572852314,9.125,1.25,0.25,69.0,18.5,2.375,8.23657017869764,57.27364045381546,68.875,112.625,44.75,0.0,2020.0,1673.785,24.5,0.75,34.375,2.875,445.3541011810303,489.1878824234009,77.11536657810211,467.53977966308594,1479.1971298456192,0.5430420105428071,213.06434631347656,17.895450234413147,9.0,173.28332769870758,1.4357485546175497,38.312665939331055,0.5780503290727711,96.94019031524658,1.3718757587684112,Otuke,2.4655362958876967,33.37592240993547,2.4655362958876967,33.37592240993547,,39.1,27.0,,,,,AAS2020_subregion,CHIRPS_v2.0_monthly+CHIRPS_v2.0_daily_climateserv,NASA_POWER_daily,,,district,False,False,A,Subregion panel assigned to districts via official AAS district grouping; district-level climate features used directly.
Lango,first_season_2020,22038.4938439674,21147.21467427177,7618.835324026386,0.3602760666772656,0.3457058081177309,19.76960637512548,19.90276320862997,18.47882989782212,0.0404419274749848,2020,2020.0,569.0463572852314,9.125,1.25,0.25,69.0,18.5,2.375,8.23657017869764,57.27364045381546,68.875,112.625,44.75,0.0,2020.0,1673.785,24.5,0.75,34.375,2.875,445.3541011810303,489.1878824234009,77.11536657810211,467.53977966308594,1479.1971298456192,0.5430420105428071,213.06434631347656,17.895450234413147,9.0,173.28332769870758,1.4357485546175497,38.312665939331055,0.5780503290727711,96.94019031524658,1.3718757587684112,Oyam,2.3694520335046176,32.516143000215,2.3694520335046176,32.516143000215,42.4,36.95,,,1.31,,6.2,AAS2020_subregion,CHIRPS_v2.0_monthly+CHIRPS_v2.0_daily_climateserv,NASA_POWER_daily,,,district,False,False,A,Subregion panel assigned to districts via official AAS district grouping; district-level climate features used directly.
Lango,second_season_2020,9851.57286890081,5613.659480073382,3737.7129428185513,0.6658246650132922,0.3794026591040773,28.61826798917365,34.05704815462972,37.24920077892364,0.4301763226261629,2020,2020.0,693.9344414919615,6.875,0.75,0.0,69.125,24.875,5.875,10.076766247258846,72.63106587529182,218.75,325.0,107.25,0.0,2020.0,1601.58875,11.25,0.0,11.125,0.75,445.3541011810303,489.1878824234009,77.11536657810211,467.53977966308594,1479.1971298456192,0.5430420105428071,213.06434631347656,17.895450234413147,9.0,173.28332769870758,1.4357485546175497,38.312665939331055,0.5780503290727711,96.94019031524658,1.3718757587684112,Alebtong,2.3132434092721423,33.26632316456276,2.3132434092721423,33.26632316456276,,,23.8,32.5,1.3016666666666663,21.383333333333333,6.2,AAS2020_subregion,CHIRPS_v2.0_monthly+CHIRPS_v2.0_daily_climateserv,NASA_POWER_daily,,,district,False,False,A,Subregion panel assigned to districts via official AAS district grouping; district-level climate features used directly.
Lango,second_season_2020,9851.57286890081,5613.659480073382,3737.7129428185513,0.6658246650132922,0.3794026591040773,28.61826798917365,34.05704815462972,37.24920077892364,0.4301763226261629,2020,2020.0,693.9344414919615,6.875,0.75,0.0,69.125,24.875,5.875,10.076766247258846,72.63106587529182,218.75,325.0,107.25,0.0,2020.0,1601.58875,11.25,0.0,11.125,0.75,445.3541011810303,489.1878824234009,77.11536657810211,467.53977966308594,1479.1971298456192,0.5430420105428071,213.06434631347656,17.895450234413147,9.0,173.28332769870758,1.4357485546175497,38.312665939331055,0.5780503290727711,96.94019031524658,1.3718757587684112,Amolatar,1.6112529219003882,32.68450245416171,1.6112529219003882,32.68450245416171,39.32,34.425,23.8,31.433333333333337,1.2966666666666669,19.6,6.1,AAS2020_subregion,CHIRPS_v2.0_monthly+CHIRPS_v2.0_daily_climateserv,NASA_POWER_daily,,,district,False,False,A,Subregion panel assigned to districts via official AAS district grouping; district-level climate features used directly.
Lango,second_season_2020,9851.57286890081,5613.659480073382,3737.7129428185513,0.6658246650132922,0.3794026591040773,28.61826798917365,34.05704815462972,37.24920077892364,0.4301763226261629,2020,2020.0,693.9344414919615,6.875,0.75,0.0,69.125,24.875,5.875,10.076766247258846,72.63106587529182,218.75,325.0,107.25,0.0,2020.0,1601.58875,11.25,0.0,11.125,0.75,445.3541011810303,489.1878824234009,77.11536657810211,467.53977966308594,1479.1971298456192,0.5430420105428071,213.06434631347656,17.895450234413147,9.0,173.28332769870758,1.4357485546175497,38.312665939331055,0.5780503290727711,96.94019031524658,1.3718757587684112,Apac,1.9426493805849772,32.439277346604705,1.9426493805849772,32.439277346604705,39.4,36.125,23.666666666666664,27.825,1.3316666666666666,22.616666666666667,6.1,AAS2020_subregion,CHIRPS_v2.0_monthly+CHIRPS_v2.0_daily_climateserv,NASA_POWER_daily,,,district,False,False,A,Subregion panel assigned to districts via official AAS district grouping; district-level climate features used directly.
Lango,second_season_2020,9851.57286890081,5613.659480073382,3737.7129428185513,0.6658246650132922,0.3794026591040773,28.61826798917365,34.05704815462972,37.24920077892364,0.4301763226261629,2020,2020.0,693.9344414919615,6.875,0.75,0.0,69.125,24.875,5.875,10.076766247258846,72.63106587529182,218.75,325.0,107.25,0.0,2020.0,1601.58875,11.25,0.0,11.125,0.75,445.3541011810303,489.1878824234009,77.11536657810211,467.53977966308594,1479.1971298456192,0.5430420105428071,213.06434631347656,17.895450234413147,9.0,173.28332769870758,1.4357485546175497,38.312665939331055,0.5780503290727711,96.94019031524658,1.3718757587684112,Dokolo,1.9603107248231637,33.09781783605168,1.9603107248231637,33.09781783605168,42.025,39.6,21.2,18.78333333333333,1.296,,6.1,AAS2020_subregion,CHIRPS_v2.0_monthly+CHIRPS_v2.0_daily_climateserv,NASA_POWER_daily,,,district,False,False,A,Subregion panel assigned to districts via official AAS district grouping; district-level climate features used directly.
Lango,second_season_2020,9851.57286890081,5613.659480073382,3737.7129428185513,0.6658246650132922,0.3794026591040773,28.61826798917365,34.05704815462972,37.24920077892364,0.4301763226261629,2020,2020.0,693.9344414919615,6.875,0.75,0.0,69.125,24.875,5.875,10.076766247258846,72.63106587529182,218.75,325.0,107.25,0.0,2020.0,1601.58875,11.25,0.0,11.125,0.75,445.3541011810303,489.1878824234009,77.11536657810211,467.53977966308594,1479.1971298456192,0.5430420105428071,213.06434631347656,17.895450234413147,9.0,173.28332769870758,1.4357485546175497,38.312665939331055,0.5780503290727711,96.94019031524658,1.3718757587684112,Kole,2.3295358464481875,32.77280396644526,2.3295358464481875,32.77280396644526,41.7,39.12,22.4,21.875,1.35,21.0,6.3,AAS2020_subregion,CHIRPS_v2.0_monthly+CHIRPS_v2.0_daily_climateserv,NASA_POWER_daily,,,district,False,False,A,Subregion panel assigned to districts via official AAS district grouping; district-level climate features used directly.
Lango,second_season_2020,9851.57286890081,5613.659480073382,3737.7129428185513,0.6658246650132922,0.3794026591040773,28.61826798917365,34.05704815462972,37.24920077892364,0.4301763226261629,2020,2020.0,693.9344414919615,6.875,0.75,0.0,69.125,24.875,5.875,10.076766247258846,72.63106587529182,218.75,325.0,107.25,0.0,2020.0,1601.58875,11.25,0.0,11.125,0.75,445.3541011810303,489.1878824234009,77.11536657810211,467.53977966308594,1479.1971298456192,0.5430420105428071,213.06434631347656,17.895450234413147,9.0,173.28332769870758,1.4357485546175497,38.312665939331055,0.5780503290727711,96.94019031524658,1.3718757587684112,Lira,2.3948669632318484,32.94536913071559,2.3948669632318484,32.94536913071559,,39.63333333333334,25.35,29.3,1.27,20.7,,AAS2020_subregion,CHIRPS_v2.0_monthly+CHIRPS_v2.0_daily_climateserv,NASA_POWER_daily,,,district,False,False,A,Subregion panel assigned to districts via official AAS district grouping; district-level climate features used directly.
Lango,second_season_2020,9851.57286890081,5613.659480073382,3737.7129428185513,0.6658246650132922,0.3794026591040773,28.61826798917365,34.05704815462972,37.24920077892364,0.4301763226261629,2020,2020.0,693.9344414919615,6.875,0.75,0.0,69.125,24.875,5.875,10.076766247258846,72.63106587529182,218.75,325.0,107.25,0.0,2020.0,1601.58875,11.25,0.0,11.125,0.75,445.3541011810303,489.1878824234009,77.11536657810211,467.53977966308594,1479.1971298456192,0.5430420105428071,213.06434631347656,17.895450234413147,9.0,173.28332769870758,1.4357485546175497,38.312665939331055,0.5780503290727711,96.94019031524658,1.3718757587684112,Otuke,2.4655362958876967,33.37592240993547,2.4655362958876967,33.37592240993547,,39.1,27.0,,,,,AAS2020_subregion,CHIRPS_v2.0_monthly+CHIRPS_v2.0_daily_climateserv,NASA_POWER_daily,,,district,False,False,A,Subregion panel assigned to districts via official AAS district grouping; district-level climate features used directly.
Lango,second_season_2020,9851.57286890081,5613.659480073382,3737.7129428185513,0.6658246650132922,0.3794026591040773,28.61826798917365,34.05704815462972,37.24920077892364,0.4301763226261629,2020,2020.0,693.9344414919615,6.875,0.75,0.0,69.125,24.875,5.875,10.076766247258846,72.63106587529182,218.75,325.0,107.25,0.0,2020.0,1601.58875,11.25,0.0,11.125,0.75,445.3541011810303,489.1878824234009,77.11536657810211,467.53977966308594,1479.1971298456192,0.5430420105428071,213.06434631347656,17.895450234413147,9.0,173.28332769870758,1.4357485546175497,38.312665939331055,0.5780503290727711,96.94019031524658,1.3718757587684112,Oyam,2.3694520335046176,32.516143000215,2.3694520335046176,32.516143000215,42.4,36.95,,,1.31,,6.2,AAS2020_subregion,CHIRPS_v2.0_monthly+CHIRPS_v2.0_daily_climateserv,NASA_POWER_daily,,,district,False,False,A,Subregion panel assigned to districts via official AAS district grouping; district-level climate features used directly.
Lango,total_2020,31890.066712868207,26760.874154345154,11356.548266844937,0.42437134905778023,0.3561155380795227,16.910738634265634,17.844856250096893,17.2250072426287,0.1608398190165382,2020,2020.0,1262.9807987771928,9.125,2.0,0.25,138.125,43.375,8.25,8.84463015650077,72.63106587529182,68.875,325.0,257.125,0.0,2020.0,3275.37375,35.75,0.75,45.5,3.625,445.3541011810303,489.1878824234009,77.11536657810211,467.53977966308594,1479.1971298456192,0.5430420105428071,213.06434631347656,17.895450234413147,9.0,173.28332769870758,1.4357485546175497,38.312665939331055,0.5780503290727711,96.94019031524658,1.3718757587684112,Alebtong,2.3132434092721423,33.26632316456276,2.3132434092721423,33.26632316456276,,,23.8,32.5,1.3016666666666663,21.383333333333333,6.2,AAS2020_subregion,CHIRPS_v2.0_monthly+CHIRPS_v2.0_daily_climateserv,NASA_POWER_daily,,,district,False,False,A,Subregion panel assigned to districts via official AAS district grouping; district-level climate features used directly.
Lango,total_2020,31890.066712868207,26760.874154345154,11356.548266844937,0.42437134905778023,0.3561155380795227,16.910738634265634,17.844856250096893,17.2250072426287,0.1608398190165382,2020,2020.0,1262.9807987771928,9.125,2.0,0.25,138.125,43.375,8.25,8.84463015650077,72.63106587529182,68.875,325.0,257.125,0.0,2020.0,3275.37375,35.75,0.75,45.5,3.625,445.3541011810303,489.1878824234009,77.11536657810211,467.53977966308594,1479.1971298456192,0.5430420105428071,213.06434631347656,17.895450234413147,9.0,173.28332769870758,1.4357485546175497,38.312665939331055,0.5780503290727711,96.94019031524658,1.3718757587684112,Amolatar,1.6112529219003882,32.68450245416171,1.6112529219003882,32.68450245416171,39.32,34.425,23.8,31.433333333333337,1.2966666666666669,19.6,6.1,AAS2020_subregion,CHIRPS_v2.0_monthly+CHIRPS_v2.0_daily_climateserv,NASA_POWER_daily,,,district,False,False,A,Subregion panel assigned to districts via official AAS district grouping; district-level climate features used directly.
Lango,total_2020,31890.066712868207,26760.874154345154,11356.548266844937,0.42437134905778023,0.3561155380795227,16.910738634265634,17.844856250096893,17.2250072426287,0.1608398190165382,2020,2020.0,1262.9807987771928,9.125,2.0,0.25,138.125,43.375,8.25,8.84463015650077,72.63106587529182,68.875,325.0,257.125,0.0,2020.0,3275.37375,35.75,0.75,45.5,3.625,445.3541011810303,489.1878824234009,77.11536657810211,467.53977966308594,1479.1971298456192,0.5430420105428071,213.06434631347656,17.895450234413147,9.0,173.28332769870758,1.4357485546175497,38.312665939331055,0.5780503290727711,96.94019031524658,1.3718757587684112,Apac,1.9426493805849772,32.439277346604705,1.9426493805849772,32.439277346604705,39.4,36.125,23.666666666666664,27.825,1.3316666666666666,22.616666666666667,6.1,AAS2020_subregion,CHIRPS_v2.0_monthly+CHIRPS_v2.0_daily_climateserv,NASA_POWER_daily,,,district,False,False,A,Subregion panel assigned to districts via official AAS district grouping; district-level climate features used directly.
Lango,total_2020,31890.066712868207,26760.874154345154,11356.548266844937,0.42437134905778023,0.3561155380795227,16.910738634265634,17.844856250096893,17.2250072426287,0.1608398190165382,2020,2020.0,1262.9807987771928,9.125,2.0,0.25,138.125,43.375,8.25,8.84463015650077,72.63106587529182,68.875,325.0,257.125,0.0,2020.0,3275.37375,35.75,0.75,45.5,3.625,445.3541011810303,489.1878824234009,77.11536657810211,467.53977966308594,1479.1971298456192,0.5430420105428071,213.06434631347656,17.895450234413147,9.0,173.28332769870758,1.4357485546175497,38.312665939331055,0.5780503290727711,96.94019031524658,1.3718757587684112,Dokolo,1.9603107248231637,33.09781783605168,1.9603107248231637,33.09781783605168,42.025,39.6,21.2,18.78333333333333,1.296,,6.1,AAS2020_subregion,CHIRPS_v2.0_monthly+CHIRPS_v2.0_daily_climateserv,NASA_POWER_daily,,,district,False,False,A,Subregion panel assigned to districts via official AAS district grouping; district-level climate features used directly.
Lango,total_2020,31890.066712868207,26760.874154345154,11356.548266844937,0.42437134905778023,0.3561155380795227,16.910738634265634,17.844856250096893,17.2250072426287,0.1608398190165382,2020,2020.0,1262.9807987771928,9.125,2.0,0.25,138.125,43.375,8.25,8.84463015650077,72.63106587529182,68.875,325.0,257.125,0.0,2020.0,3275.37375,35.75,0.75,45.5,3.625,445.3541011810303,489.1878824234009,77.11536657810211,467.53977966308594,1479.1971298456192,0.5430420105428071,213.06434631347656,17.895450234413147,9.0,173.28332769870758,1.4357485546175497,38.312665939331055,0.5780503290727711,96.94019031524658,1.3718757587684112,Kole,2.3295358464481875,32.77280396644526,2.3295358464481875,32.77280396644526,41.7,39.12,22.4,21.875,1.35,21.0,6.3,AAS2020_subregion,CHIRPS_v2.0_monthly+CHIRPS_v2.0_daily_climateserv,NASA_POWER_daily,,,district,False,False,A,Subregion panel assigned to districts via official AAS district grouping; district-level climate features used directly.
Lango,total_2020,31890.066712868207,26760.874154345154,11356.548266844937,0.42437134905778023,0.3561155380795227,16.910738634265634,17.844856250096893,17.2250072426287,0.1608398190165382,2020,2020.0,1262.9807987771928,9.125,2.0,0.25,138.125,43.375,8.25,8.84463015650077,72.63106587529182,68.875,325.0,257.125,0.0,2020.0,3275.37375,35.75,0.75,45.5,3.625,445.3541011810303,489.1878824234009,77.11536657810211,467.53977966308594,1479.1971298456192,0.5430420105428071,213.06434631347656,17.895450234413147,9.0,173.28332769870758,1.4357485546175497,38.312665939331055,0.5780503290727711,96.94019031524658,1.3718757587684112,Lira,2.3948669632318484,32.94536913071559,2.3948669632318484,32.94536913071559,,39.63333333333334,25.35,29.3,1.27,20.7,,AAS2020_subregion,CHIRPS_v2.0_monthly+CHIRPS_v2.0_daily_climateserv,NASA_POWER_daily,,,district,False,False,A,Subregion panel assigned to districts via official AAS district grouping; district-level climate features used directly.
Lango,total_2020,31890.066712868207,26760.874154345154,11356.548266844937,0.42437134905778023,0.3561155380795227,16.910738634265634,17.844856250096893,17.2250072426287,0.1608398190165382,2020,2020.0,1262.9807987771928,9.125,2.0,0.25,138.125,43.375,8.25,8.84463015650077,72.63106587529182,68.875,325.0,257.125,0.0,2020.0,3275.37375,35.75,0.75,45.5,3.625,445.3541011810303,489.1878824234009,77.11536657810211,467.53977966308594,1479.1971298456192,0.5430420105428071,213.06434631347656,17.895450234413147,9.0,173.28332769870758,1.4357485546175497,38.312665939331055,0.5780503290727711,96.94019031524658,1.3718757587684112,Otuke,2.4655362958876967,33.37592240993547,2.4655362958876967,33.37592240993547,,39.1,27.0,,,,,AAS2020_subregion,CHIRPS_v2.0_monthly+CHIRPS_v2.0_daily_climateserv,NASA_POWER_daily,,,district,False,False,A,Subregion panel assigned to districts via official AAS district grouping; district-level climate features used directly.
Lango,total_2020,31890.066712868207,26760.874154345154,11356.548266844937,0.42437134905778023,0.3561155380795227,16.910738634265634,17.844856250096893,17.2250072426287,0.1608398190165382,2020,2020.0,1262.9807987771928,9.125,2.0,0.25,138.125,43.375,8.25,8.84463015650077,72.63106587529182,68.875,325.0,257.125,0.0,2020.0,3275.37375,35.75,0.75,45.5,3.625,445.3541011810303,489.1878824234009,77.11536657810211,467.53977966308594,1479.1971298456192,0.5430420105428071,213.06434631347656,17.895450234413147,9.0,173.28332769870758,1.4357485546175497,38.312665939331055,0.5780503290727711,96.94019031524658,1.3718757587684112,Oyam,2.3694520335046176,32.516143000215,2.3694520335046176,32.516143000215,42.4,36.95,,,1.31,,6.2,AAS2020_subregion,CHIRPS_v2.0_monthly+CHIRPS_v2.0_daily_climateserv,NASA_POWER_daily,,,district,False,False,A,Subregion panel assigned to districts via official AAS district grouping; district-level climate features used directly.
North Buganda,first_season_2020,10286.190122578782,9149.269729653615,3841.471443659634,0.41986645460993194,0.3734591134211472,23.30828713812006,23.876096472416847,26.01630073832461,0.1105288138150938,2020,2020.0,596.5756522737105,10.454545454545455,1.9090909090909092,0.6363636363636364,63.18181818181818,22.818181818181817,4.181818181818182,9.335370231758041,73.27073834159158,65.54545454545455,167.63636363636363,103.0909090909091,0.0,2020.0,1489.3245454545454,1.0909090909090908,0.0,23.0,0.09090909090909091,534.0825445001775,585.1156560724431,221.46812213550913,283.7430354031649,1624.4093581112948,0.5541317732990907,289.1916711980646,42.72436783530495,10.363636363636363,363.43386806141245,3.1055794345742314,83.39436756480823,1.3190006517931412,191.0105604691939,2.7456506559532374,Buikwe,0.3736190294626262,33.03446193061818,0.3736190294626262,33.03446193061818,34.1,,26.33333333333333,40.4,1.28,15.1,5.6,AAS2020_subregion,CHIRPS_v2.0_monthly+CHIRPS_v2.0_daily_climateserv,NASA_POWER_daily,,,district,False,False,A,Subregion panel assigned to districts via official AAS district grouping; district-level climate features used directly.
North Buganda,first_season_2020,10286.190122578782,9149.269729653615,3841.471443659634,0.41986645460993194,0.3734591134211472,23.30828713812006,23.876096472416847,26.01630073832461,0.1105288138150938,2020,2020.0,596.5756522737105,10.454545454545455,1.9090909090909092,0.6363636363636364,63.18181818181818,22.818181818181817,4.181818181818182,9.335370231758041,73.27073834159158,65.54545454545455,167.63636363636363,103.0909090909091,0.0,2020.0,1489.3245454545454,1.0909090909090908,0.0,23.0,0.09090909090909091,534.0825445001775,585.1156560724431,221.46812213550913,283.7430354031649,1624.4093581112948,0.5541317732990907,289.1916711980646,42.72436783530495,10.363636363636363,363.43386806141245,3.1055794345742314,83.39436756480823,1.3190006517931412,191.0105604691939,2.7456506559532374,Buvuma,0.1683903218640429,33.27736552367799,0.1683903218640429,33.27736552367799,36.13333333333333,37.266666666666666,27.5,43.2,1.11,,5.3,AAS2020_subregion,CHIRPS_v2.0_monthly+CHIRPS_v2.0_daily_climateserv,NASA_POWER_daily,,,district,False,False,A,Subregion panel assigned to districts via official AAS district grouping; district-level climate features used directly.
North Buganda,first_season_2020,10286.190122578782,9149.269729653615,3841.471443659634,0.41986645460993194,0.3734591134211472,23.30828713812006,23.876096472416847,26.01630073832461,0.1105288138150938,2020,2020.0,596.5756522737105,10.454545454545455,1.9090909090909092,0.6363636363636364,63.18181818181818,22.818181818181817,4.181818181818182,9.335370231758041,73.27073834159158,65.54545454545455,167.63636363636363,103.0909090909091,0.0,2020.0,1489.3245454545454,1.0909090909090908,0.0,23.0,0.09090909090909091,534.0825445001775,585.1156560724431,221.46812213550913,283.7430354031649,1624.4093581112948,0.5541317732990907,289.1916711980646,42.72436783530495,10.363636363636363,363.43386806141245,3.1055794345742314,83.39436756480823,1.3190006517931412,191.0105604691939,2.7456506559532374,Kayunga,0.8665786370556292,32.94045985291192,0.8665786370556292,32.94045985291192,33.1,41.2,24.1,22.2,1.34,19.2,5.9,AAS2020_subregion,CHIRPS_v2.0_monthly+CHIRPS_v2.0_daily_climateserv,NASA_POWER_daily,,,district,False,False,A,Subregion panel assigned to districts via official AAS district grouping; district-level climate features used directly.
North Buganda,first_season_2020,10286.190122578782,9149.269729653615,3841.471443659634,0.41986645460993194,0.3734591134211472,23.30828713812006,23.876096472416847,26.01630073832461,0.1105288138150938,2020,2020.0,596.5756522737105,10.454545454545455,1.9090909090909092,0.6363636363636364,63.18181818181818,22.818181818181817,4.181818181818182,9.335370231758041,73.27073834159158,65.54545454545455,167.63636363636363,103.0909090909091,0.0,2020.0,1489.3245454545454,1.0909090909090908,0.0,23.0,0.09090909090909091,534.0825445001775,585.1156560724431,221.46812213550913,283.7430354031649,1624.4093581112948,0.5541317732990907,289.1916711980646,42.72436783530495,10.363636363636363,363.43386806141245,3.1055794345742314,83.39436756480823,1.3190006517931412,191.0105604691939,2.7456506559532374,Kiboga,0.7951726886562009,31.93494420091052,0.7951726886562009,31.93494420091052,33.8,36.16,25.5,34.083333333333336,1.2483333333333335,22.5,6.116666666666666,AAS2020_subregion,CHIRPS_v2.0_monthly+CHIRPS_v2.0_daily_climateserv,NASA_POWER_daily,,,district,False,False,A,Subregion panel assigned to districts via official AAS district grouping; district-level climate features used directly.
North Buganda,first_season_2020,10286.190122578782,9149.269729653615,3841.471443659634,0.41986645460993194,0.3734591134211472,23.30828713812006,23.876096472416847,26.01630073832461,0.1105288138150938,2020,2020.0,596.5756522737105,10.454545454545455,1.9090909090909092,0.6363636363636364,63.18181818181818,22.818181818181817,4.181818181818182,9.335370231758041,73.27073834159158,65.54545454545455,167.63636363636363,103.0909090909091,0.0,2020.0,1489.3245454545454,1.0909090909090908,0.0,23.0,0.09090909090909091,534.0825445001775,585.1156560724431,221.46812213550913,283.7430354031649,1624.4093581112948,0.5541317732990907,289.1916711980646,42.72436783530495,10.363636363636363,363.43386806141245,3.1055794345742314,83.39436756480823,1.3190006517931412,191.0105604691939,2.7456506559532374,Kyankwanzi,1.1287866845477044,31.60949093464832,1.1287866845477044,31.60949093464832,32.0,39.41666666666667,,30.833333333333336,1.3675,20.65,6.025,AAS2020_subregion,CHIRPS_v2.0_monthly+CHIRPS_v2.0_daily_climateserv,NASA_POWER_daily,,,district,False,False,A,Subregion panel assigned to districts via official AAS district grouping; district-level climate features used directly.
North Buganda,first_season_2020,10286.190122578782,9149.269729653615,3841.471443659634,0.41986645460993194,0.3734591134211472,23.30828713812006,23.876096472416847,26.01630073832461,0.1105288138150938,2020,2020.0,596.5756522737105,10.454545454545455,1.9090909090909092,0.6363636363636364,63.18181818181818,22.818181818181817,4.181818181818182,9.335370231758041,73.27073834159158,65.54545454545455,167.63636363636363,103.0909090909091,0.0,2020.0,1489.3245454545454,1.0909090909090908,0.0,23.0,0.09090909090909091,534.0825445001775,585.1156560724431,221.46812213550913,283.7430354031649,1624.4093581112948,0.5541317732990907,289.1916711980646,42.72436783530495,10.363636363636363,363.43386806141245,3.1055794345742314,83.39436756480823,1.3190006517931412,191.0105604691939,2.7456506559532374,Luwero,0.813711465627938,32.53422184459911,0.813711465627938,32.53422184459911,30.660000000000004,44.93333333333334,24.1,29.4,1.34,18.1,5.7,AAS2020_subregion,CHIRPS_v2.0_monthly+CHIRPS_v2.0_daily_climateserv,NASA_POWER_daily,,,district,False,False,A,Subregion panel assigned to districts via official AAS district grouping; district-level climate features used directly.
North Buganda,first_season_2020,10286.190122578782,9149.269729653615,3841.471443659634,0.41986645460993194,0.3734591134211472,23.30828713812006,23.876096472416847,26.01630073832461,0.1105288138150938,2020,2020.0,596.5756522737105,10.454545454545455,1.9090909090909092,0.6363636363636364,63.18181818181818,22.818181818181817,4.181818181818182,9.335370231758041,73.27073834159158,65.54545454545455,167.63636363636363,103.0909090909091,0.0,2020.0,1489.3245454545454,1.0909090909090908,0.0,23.0,0.09090909090909091,534.0825445001775,585.1156560724431,221.46812213550913,283.7430354031649,1624.4093581112948,0.5541317732990907,289.1916711980646,42.72436783530495,10.363636363636363,363.43386806141245,3.1055794345742314,83.39436756480823,1.3190006517931412,191.0105604691939,2.7456506559532374,Mityana,0.4431350972764994,32.06371925372011,0.4431350972764994,32.06371925372011,31.4,42.325,28.2,,1.35,,,AAS2020_subregion,CHIRPS_v2.0_monthly+CHIRPS_v2.0_daily_climateserv,NASA_POWER_daily,,,district,False,False,A,Subregion panel assigned to districts via official AAS district grouping; district-level climate features used directly.
North Buganda,first_season_2020,10286.190122578782,9149.269729653615,3841.471443659634,0.41986645460993194,0.3734591134211472,23.30828713812006,23.876096472416847,26.01630073832461,0.1105288138150938,2020,2020.0,596.5756522737105,10.454545454545455,1.9090909090909092,0.6363636363636364,63.18181818181818,22.818181818181817,4.181818181818182,9.335370231758041,73.27073834159158,65.54545454545455,167.63636363636363,103.0909090909091,0.0,2020.0,1489.3245454545454,1.0909090909090908,0.0,23.0,0.09090909090909091,534.0825445001775,585.1156560724431,221.46812213550913,283.7430354031649,1624.4093581112948,0.5541317732990907,289.1916711980646,42.72436783530495,10.363636363636363,363.43386806141245,3.1055794345742314,83.39436756480823,1.3190006517931412,191.0105604691939,2.7456506559532374,Mubende,0.5301646302498506,31.33839987783861,0.5301646302498506,31.33839987783861,35.9,36.7,28.5,44.6,1.2066666666666666,23.5,6.3,AAS2020_subregion,CHIRPS_v2.0_monthly+CHIRPS_v2.0_daily_climateserv,NASA_POWER_daily,,,district,False,False,A,Subregion panel assigned to districts via official AAS district grouping; district-level climate features used directly.
North Buganda,first_season_2020,10286.190122578782,9149.269729653615,3841.471443659634,0.41986645460993194,0.3734591134211472,23.30828713812006,23.876096472416847,26.01630073832461,0.1105288138150938,2020,2020.0,596.5756522737105,10.454545454545455,1.9090909090909092,0.6363636363636364,63.18181818181818,22.818181818181817,4.181818181818182,9.335370231758041,73.27073834159158,65.54545454545455,167.63636363636363,103.0909090909091,0.0,2020.0,1489.3245454545454,1.0909090909090908,0.0,23.0,0.09090909090909091,534.0825445001775,585.1156560724431,221.46812213550913,283.7430354031649,1624.4093581112948,0.5541317732990907,289.1916711980646,42.72436783530495,10.363636363636363,363.43386806141245,3.1055794345742314,83.39436756480823,1.3190006517931412,191.0105604691939,2.7456506559532374,Mukono,0.4320713816364311,32.79011040424461,0.4320713816364311,32.79011040424461,31.0,,,,1.32,19.7,,AAS2020_subregion,CHIRPS_v2.0_monthly+CHIRPS_v2.0_daily_climateserv,NASA_POWER_daily,,,district,False,False,A,Subregion panel assigned to districts via official AAS district grouping; district-level climate features used directly.
North Buganda,first_season_2020,10286.190122578782,9149.269729653615,3841.471443659634,0.41986645460993194,0.3734591134211472,23.30828713812006,23.876096472416847,26.01630073832461,0.1105288138150938,2020,2020.0,596.5756522737105,10.454545454545455,1.9090909090909092,0.6363636363636364,63.18181818181818,22.818181818181817,4.181818181818182,9.335370231758041,73.27073834159158,65.54545454545455,167.63636363636363,103.0909090909091,0.0,2020.0,1489.3245454545454,1.0909090909090908,0.0,23.0,0.09090909090909091,534.0825445001775,585.1156560724431,221.46812213550913,283.7430354031649,1624.4093581112948,0.5541317732990907,289.1916711980646,42.72436783530495,10.363636363636363,363.43386806141245,3.1055794345742314,83.39436756480823,1.3190006517931412,191.0105604691939,2.7456506559532374,Nakaseke,1.0437404219885733,32.15389318179236,1.0437404219885733,32.15389318179236,39.9,41.5,,,1.384,17.825,6.0,AAS2020_subregion,CHIRPS_v2.0_monthly+CHIRPS_v2.0_daily_climateserv,NASA_POWER_daily,,,district,False,False,A,Subregion panel assigned to districts via official AAS district grouping; district-level climate features used directly.
North Buganda,first_season_2020,10286.190122578782,9149.269729653615,3841.471443659634,0.41986645460993194,0.3734591134211472,23.30828713812006,23.876096472416847,26.01630073832461,0.1105288138150938,2020,2020.0,596.5756522737105,10.454545454545455,1.9090909090909092,0.6363636363636364,63.18181818181818,22.818181818181817,4.181818181818182,9.335370231758041,73.27073834159158,65.54545454545455,167.63636363636363,103.0909090909091,0.0,2020.0,1489.3245454545454,1.0909090909090908,0.0,23.0,0.09090909090909091,534.0825445001775,585.1156560724431,221.46812213550913,283.7430354031649,1624.4093581112948,0.5541317732990907,289.1916711980646,42.72436783530495,10.363636363636363,363.43386806141245,3.1055794345742314,83.39436756480823,1.3190006517931412,191.0105604691939,2.7456506559532374,Nakasongola,1.3630633044136593,32.31010822302173,1.3630633044136593,32.31010822302173,41.6,40.9,24.23333333333333,20.32,1.346666666666667,18.880000000000003,6.2,AAS2020_subregion,CHIRPS_v2.0_monthly+CHIRPS_v2.0_daily_climateserv,NASA_POWER_daily,,,district,False,False,A,Subregion panel assigned to districts via official AAS district grouping; district-level climate features used directly.
North Buganda,second_season_2020,11869.535560263925,6292.520830122474,3808.370671953948,0.6052217822979895,0.3208525432708057,18.16592130055761,23.671461670363097,19.442759923010573,0.4698595578425011,2020,2020.0,720.6998075653206,6.090909090909091,0.45454545454545453,0.0,67.45454545454545,25.818181818181817,6.363636363636363,10.650067078657424,90.05280941182917,222.54545454545453,316.1818181818182,94.63636363636364,0.09090909090909091,2020.0,1494.8449999999998,0.36363636363636365,0.0,16.181818181818183,0.09090909090909091,534.0825445001775,585.1156560724431,221.46812213550913,283.7430354031649,1624.4093581112948,0.5541317732990907,289.1916711980646,42.72436783530495,10.363636363636363,363.43386806141245,3.1055794345742314,83.39436756480823,1.3190006517931412,191.0105604691939,2.7456506559532374,Buikwe,0.3736190294626262,33.03446193061818,0.3736190294626262,33.03446193061818,34.1,,26.33333333333333,40.4,1.28,15.1,5.6,AAS2020_subregion,CHIRPS_v2.0_monthly+CHIRPS_v2.0_daily_climateserv,NASA_POWER_daily,,,district,False,False,A,Subregion panel assigned to districts via official AAS district grouping; district-level climate features used directly.
North Buganda,second_season_2020,11869.535560263925,6292.520830122474,3808.370671953948,0.6052217822979895,0.3208525432708057,18.16592130055761,23.671461670363097,19.442759923010573,0.4698595578425011,2020,2020.0,720.6998075653206,6.090909090909091,0.45454545454545453,0.0,67.45454545454545,25.818181818181817,6.363636363636363,10.650067078657424,90.05280941182917,222.54545454545453,316.1818181818182,94.63636363636364,0.09090909090909091,2020.0,1494.8449999999998,0.36363636363636365,0.0,16.181818181818183,0.09090909090909091,534.0825445001775,585.1156560724431,221.46812213550913,283.7430354031649,1624.4093581112948,0.5541317732990907,289.1916711980646,42.72436783530495,10.363636363636363,363.43386806141245,3.1055794345742314,83.39436756480823,1.3190006517931412,191.0105604691939,2.7456506559532374,Buvuma,0.1683903218640429,33.27736552367799,0.1683903218640429,33.27736552367799,36.13333333333333,37.266666666666666,27.5,43.2,1.11,,5.3,AAS2020_subregion,CHIRPS_v2.0_monthly+CHIRPS_v2.0_daily_climateserv,NASA_POWER_daily,,,district,False,False,A,Subregion panel assigned to districts via official AAS district grouping; district-level climate features used directly.
North Buganda,second_season_2020,11869.535560263925,6292.520830122474,3808.370671953948,0.6052217822979895,0.3208525432708057,18.16592130055761,23.671461670363097,19.442759923010573,0.4698595578425011,2020,2020.0,720.6998075653206,6.090909090909091,0.45454545454545453,0.0,67.45454545454545,25.818181818181817,6.363636363636363,10.650067078657424,90.05280941182917,222.54545454545453,316.1818181818182,94.63636363636364,0.09090909090909091,2020.0,1494.8449999999998,0.36363636363636365,0.0,16.181818181818183,0.09090909090909091,534.0825445001775,585.1156560724431,221.46812213550913,283.7430354031649,1624.4093581112948,0.5541317732990907,289.1916711980646,42.72436783530495,10.363636363636363,363.43386806141245,3.1055794345742314,83.39436756480823,1.3190006517931412,191.0105604691939,2.7456506559532374,Kayunga,0.8665786370556292,32.94045985291192,0.8665786370556292,32.94045985291192,33.1,41.2,24.1,22.2,1.34,19.2,5.9,AAS2020_subregion,CHIRPS_v2.0_monthly+CHIRPS_v2.0_daily_climateserv,NASA_POWER_daily,,,district,False,False,A,Subregion panel assigned to districts via official AAS district grouping; district-level climate features used directly.
North Buganda,second_season_2020,11869.535560263925,6292.520830122474,3808.370671953948,0.6052217822979895,0.3208525432708057,18.16592130055761,23.671461670363097,19.442759923010573,0.4698595578425011,2020,2020.0,720.6998075653206,6.090909090909091,0.45454545454545453,0.0,67.45454545454545,25.818181818181817,6.363636363636363,10.650067078657424,90.05280941182917,222.54545454545453,316.1818181818182,94.63636363636364,0.09090909090909091,2020.0,1494.8449999999998,0.36363636363636365,0.0,16.181818181818183,0.09090909090909091,534.0825445001775,585.1156560724431,221.46812213550913,283.7430354031649,1624.4093581112948,0.5541317732990907,289.1916711980646,42.72436783530495,10.363636363636363,363.43386806141245,3.1055794345742314,83.39436756480823,1.3190006517931412,191.0105604691939,2.7456506559532374,Kiboga,0.7951726886562009,31.93494420091052,0.7951726886562009,31.93494420091052,33.8,36.16,25.5,34.083333333333336,1.2483333333333335,22.5,6.116666666666666,AAS2020_subregion,CHIRPS_v2.0_monthly+CHIRPS_v2.0_daily_climateserv,NASA_POWER_daily,,,district,False,False,A,Subregion panel assigned to districts via official AAS district grouping; district-level climate features used directly.
North Buganda,second_season_2020,11869.535560263925,6292.520830122474,3808.370671953948,0.6052217822979895,0.3208525432708057,18.16592130055761,23.671461670363097,19.442759923010573,0.4698595578425011,2020,2020.0,720.6998075653206,6.090909090909091,0.45454545454545453,0.0,67.45454545454545,25.818181818181817,6.363636363636363,10.650067078657424,90.05280941182917,222.54545454545453,316.1818181818182,94.63636363636364,0.09090909090909091,2020.0,1494.8449999999998,0.36363636363636365,0.0,16.181818181818183,0.09090909090909091,534.0825445001775,585.1156560724431,221.46812213550913,283.7430354031649,1624.4093581112948,0.5541317732990907,289.1916711980646,42.72436783530495,10.363636363636363,363.43386806141245,3.1055794345742314,83.39436756480823,1.3190006517931412,191.0105604691939,2.7456506559532374,Kyankwanzi,1.1287866845477044,31.60949093464832,1.1287866845477044,31.60949093464832,32.0,39.41666666666667,,30.833333333333336,1.3675,20.65,6.025,AAS2020_subregion,CHIRPS_v2.0_monthly+CHIRPS_v2.0_daily_climateserv,NASA_POWER_daily,,,district,False,False,A,Subregion panel assigned to districts via official AAS district grouping; district-level climate features used directly.
North Buganda,second_season_2020,11869.535560263925,6292.520830122474,3808.370671953948,0.6052217822979895,0.3208525432708057,18.16592130055761,23.671461670363097,19.442759923010573,0.4698595578425011,2020,2020.0,720.6998075653206,6.090909090909091,0.45454545454545453,0.0,67.45454545454545,25.818181818181817,6.363636363636363,10.650067078657424,90.05280941182917,222.54545454545453,316.1818181818182,94.63636363636364,0.09090909090909091,2020.0,1494.8449999999998,0.36363636363636365,0.0,16.181818181818183,0.09090909090909091,534.0825445001775,585.1156560724431,221.46812213550913,283.7430354031649,1624.4093581112948,0.5541317732990907,289.1916711980646,42.72436783530495,10.363636363636363,363.43386806141245,3.1055794345742314,83.39436756480823,1.3190006517931412,191.0105604691939,2.7456506559532374,Luwero,0.813711465627938,32.53422184459911,0.813711465627938,32.53422184459911,30.660000000000004,44.93333333333334,24.1,29.4,1.34,18.1,5.7,AAS2020_subregion,CHIRPS_v2.0_monthly+CHIRPS_v2.0_daily_climateserv,NASA_POWER_daily,,,district,False,False,A,Subregion panel assigned to districts via official AAS district grouping; district-level climate features used directly.
North Buganda,second_season_2020,11869.535560263925,6292.520830122474,3808.370671953948,0.6052217822979895,0.3208525432708057,18.16592130055761,23.671461670363097,19.442759923010573,0.4698595578425011,2020,2020.0,720.6998075653206,6.090909090909091,0.45454545454545453,0.0,67.45454545454545,25.818181818181817,6.363636363636363,10.650067078657424,90.05280941182917,222.54545454545453,316.1818181818182,94.63636363636364,0.09090909090909091,2020.0,1494.8449999999998,0.36363636363636365,0.0,16.181818181818183,0.09090909090909091,534.0825445001775,585.1156560724431,221.46812213550913,283.7430354031649,1624.4093581112948,0.5541317732990907,289.1916711980646,42.72436783530495,10.363636363636363,363.43386806141245,3.1055794345742314,83.39436756480823,1.3190006517931412,191.0105604691939,2.7456506559532374,Mityana,0.4431350972764994,32.06371925372011,0.4431350972764994,32.06371925372011,31.4,42.325,28.2,,1.35,,,AAS2020_subregion,CHIRPS_v2.0_monthly+CHIRPS_v2.0_daily_climateserv,NASA_POWER_daily,,,district,False,False,A,Subregion panel assigned to districts via official AAS district grouping; district-level climate features used directly.
North Buganda,second_season_2020,11869.535560263925,6292.520830122474,3808.370671953948,0.6052217822979895,0.3208525432708057,18.16592130055761,23.671461670363097,19.442759923010573,0.4698595578425011,2020,2020.0,720.6998075653206,6.090909090909091,0.45454545454545453,0.0,67.45454545454545,25.818181818181817,6.363636363636363,10.650067078657424,90.05280941182917,222.54545454545453,316.1818181818182,94.63636363636364,0.09090909090909091,2020.0,1494.8449999999998,0.36363636363636365,0.0,16.181818181818183,0.09090909090909091,534.0825445001775,585.1156560724431,221.46812213550913,283.7430354031649,1624.4093581112948,0.5541317732990907,289.1916711980646,42.72436783530495,10.363636363636363,363.43386806141245,3.1055794345742314,83.39436756480823,1.3190006517931412,191.0105604691939,2.7456506559532374,Mubende,0.5301646302498506,31.33839987783861,0.5301646302498506,31.33839987783861,35.9,36.7,28.5,44.6,1.2066666666666666,23.5,6.3,AAS2020_subregion,CHIRPS_v2.0_monthly+CHIRPS_v2.0_daily_climateserv,NASA_POWER_daily,,,district,False,False,A,Subregion panel assigned to districts via official AAS district grouping; district-level climate features used directly.
North Buganda,second_season_2020,11869.535560263925,6292.520830122474,3808.370671953948,0.6052217822979895,0.3208525432708057,18.16592130055761,23.671461670363097,19.442759923010573,0.4698595578425011,2020,2020.0,720.6998075653206,6.090909090909091,0.45454545454545453,0.0,67.45454545454545,25.818181818181817,6.363636363636363,10.650067078657424,90.05280941182917,222.54545454545453,316.1818181818182,94.63636363636364,0.09090909090909091,2020.0,1494.8449999999998,0.36363636363636365,0.0,16.181818181818183,0.09090909090909091,534.0825445001775,585.1156560724431,221.46812213550913,283.7430354031649,1624.4093581112948,0.5541317732990907,289.1916711980646,42.72436783530495,10.363636363636363,363.43386806141245,3.1055794345742314,83.39436756480823,1.3190006517931412,191.0105604691939,2.7456506559532374,Mukono,0.4320713816364311,32.79011040424461,0.4320713816364311,32.79011040424461,31.0,,,,1.32,19.7,,AAS2020_subregion,CHIRPS_v2.0_monthly+CHIRPS_v2.0_daily_climateserv,NASA_POWER_daily,,,district,False,False,A,Subregion panel assigned to districts via official AAS district grouping; district-level climate features used directly.
North Buganda,second_season_2020,11869.535560263925,6292.520830122474,3808.370671953948,0.6052217822979895,0.3208525432708057,18.16592130055761,23.671461670363097,19.442759923010573,0.4698595578425011,2020,2020.0,720.6998075653206,6.090909090909091,0.45454545454545453,0.0,67.45454545454545,25.818181818181817,6.363636363636363,10.650067078657424,90.05280941182917,222.54545454545453,316.1818181818182,94.63636363636364,0.09090909090909091,2020.0,1494.8449999999998,0.36363636363636365,0.0,16.181818181818183,0.09090909090909091,534.0825445001775,585.1156560724431,221.46812213550913,283.7430354031649,1624.4093581112948,0.5541317732990907,289.1916711980646,42.72436783530495,10.363636363636363,363.43386806141245,3.1055794345742314,83.39436756480823,1.3190006517931412,191.0105604691939,2.7456506559532374,Nakaseke,1.0437404219885733,32.15389318179236,1.0437404219885733,32.15389318179236,39.9,41.5,,,1.384,17.825,6.0,AAS2020_subregion,CHIRPS_v2.0_monthly+CHIRPS_v2.0_daily_climateserv,NASA_POWER_daily,,,district,False,False,A,Subregion panel assigned to districts via official AAS district grouping; district-level climate features used directly.
North Buganda,second_season_2020,11869.535560263925,6292.520830122474,3808.370671953948,0.6052217822979895,0.3208525432708057,18.16592130055761,23.671461670363097,19.442759923010573,0.4698595578425011,2020,2020.0,720.6998075653206,6.090909090909091,0.45454545454545453,0.0,67.45454545454545,25.818181818181817,6.363636363636363,10.650067078657424,90.05280941182917,222.54545454545453,316.1818181818182,94.63636363636364,0.09090909090909091,2020.0,1494.8449999999998,0.36363636363636365,0.0,16.181818181818183,0.09090909090909091,534.0825445001775,585.1156560724431,221.46812213550913,283.7430354031649,1624.4093581112948,0.5541317732990907,289.1916711980646,42.72436783530495,10.363636363636363,363.43386806141245,3.1055794345742314,83.39436756480823,1.3190006517931412,191.0105604691939,2.7456506559532374,Nakasongola,1.3630633044136593,32.31010822302173,1.3630633044136593,32.31010822302173,41.6,40.9,24.23333333333333,20.32,1.346666666666667,18.880000000000003,6.2,AAS2020_subregion,CHIRPS_v2.0_monthly+CHIRPS_v2.0_daily_climateserv,NASA_POWER_daily,,,district,False,False,A,Subregion panel assigned to districts via official AAS district grouping; district-level climate features used directly.
North Buganda,total_2020,22155.725682842705,15441.79055977609,7649.842115613582,0.49539864473621686,0.3452760801031936,16.71918385832864,18.6004679949332,19.4033345172696,0.303033862179737,2020,2020.0,1317.275459839031,10.545454545454545,2.3636363636363638,0.6363636363636364,130.63636363636363,48.63636363636363,10.545454545454545,9.780820124907779,93.0529879656705,65.54545454545455,316.1818181818182,251.63636363636363,0.09090909090909091,2020.0,2984.169545454545,1.4545454545454546,0.0,39.18181818181818,0.18181818181818182,534.0825445001775,585.1156560724431,221.46812213550913,283.7430354031649,1624.4093581112948,0.5541317732990907,289.1916711980646,42.72436783530495,10.363636363636363,363.43386806141245,3.1055794345742314,83.39436756480823,1.3190006517931412,191.0105604691939,2.7456506559532374,Buikwe,0.3736190294626262,33.03446193061818,0.3736190294626262,33.03446193061818,34.1,,26.33333333333333,40.4,1.28,15.1,5.6,AAS2020_subregion,CHIRPS_v2.0_monthly+CHIRPS_v2.0_daily_climateserv,NASA_POWER_daily,,,district,False,False,A,Subregion panel assigned to districts via official AAS district grouping; district-level climate features used directly.
North Buganda,total_2020,22155.725682842705,15441.79055977609,7649.842115613582,0.49539864473621686,0.3452760801031936,16.71918385832864,18.6004679949332,19.4033345172696,0.303033862179737,2020,2020.0,1317.275459839031,10.545454545454545,2.3636363636363638,0.6363636363636364,130.63636363636363,48.63636363636363,10.545454545454545,9.780820124907779,93.0529879656705,65.54545454545455,316.1818181818182,251.63636363636363,0.09090909090909091,2020.0,2984.169545454545,1.4545454545454546,0.0,39.18181818181818,0.18181818181818182,534.0825445001775,585.1156560724431,221.46812213550913,283.7430354031649,1624.4093581112948,0.5541317732990907,289.1916711980646,42.72436783530495,10.363636363636363,363.43386806141245,3.1055794345742314,83.39436756480823,1.3190006517931412,191.0105604691939,2.7456506559532374,Buvuma,0.1683903218640429,33.27736552367799,0.1683903218640429,33.27736552367799,36.13333333333333,37.266666666666666,27.5,43.2,1.11,,5.3,AAS2020_subregion,CHIRPS_v2.0_monthly+CHIRPS_v2.0_daily_climateserv,NASA_POWER_daily,,,district,False,False,A,Subregion panel assigned to districts via official AAS district grouping; district-level climate features used directly.
North Buganda,total_2020,22155.725682842705,15441.79055977609,7649.842115613582,0.49539864473621686,0.3452760801031936,16.71918385832864,18.6004679949332,19.4033345172696,0.303033862179737,2020,2020.0,1317.275459839031,10.545454545454545,2.3636363636363638,0.6363636363636364,130.63636363636363,48.63636363636363,10.545454545454545,9.780820124907779,93.0529879656705,65.54545454545455,316.1818181818182,251.63636363636363,0.09090909090909091,2020.0,2984.169545454545,1.4545454545454546,0.0,39.18181818181818,0.18181818181818182,534.0825445001775,585.1156560724431,221.46812213550913,283.7430354031649,1624.4093581112948,0.5541317732990907,289.1916711980646,42.72436783530495,10.363636363636363,363.43386806141245,3.1055794345742314,83.39436756480823,1.3190006517931412,191.0105604691939,2.7456506559532374,Kayunga,0.8665786370556292,32.94045985291192,0.8665786370556292,32.94045985291192,33.1,41.2,24.1,22.2,1.34,19.2,5.9,AAS2020_subregion,CHIRPS_v2.0_monthly+CHIRPS_v2.0_daily_climateserv,NASA_POWER_daily,,,district,False,False,A,Subregion panel assigned to districts via official AAS district grouping; district-level climate features used directly.
North Buganda,total_2020,22155.725682842705,15441.79055977609,7649.842115613582,0.49539864473621686,0.3452760801031936,16.71918385832864,18.6004679949332,19.4033345172696,0.303033862179737,2020,2020.0,1317.275459839031,10.545454545454545,2.3636363636363638,0.6363636363636364,130.63636363636363,48.63636363636363,10.545454545454545,9.780820124907779,93.0529879656705,65.54545454545455,316.1818181818182,251.63636363636363,0.09090909090909091,2020.0,2984.169545454545,1.4545454545454546,0.0,39.18181818181818,0.18181818181818182,534.0825445001775,585.1156560724431,221.46812213550913,283.7430354031649,1624.4093581112948,0.5541317732990907,289.1916711980646,42.72436783530495,10.363636363636363,363.43386806141245,3.1055794345742314,83.39436756480823,1.3190006517931412,191.0105604691939,2.7456506559532374,Kiboga,0.7951726886562009,31.93494420091052,0.7951726886562009,31.93494420091052,33.8,36.16,25.5,34.083333333333336,1.2483333333333335,22.5,6.116666666666666,AAS2020_subregion,CHIRPS_v2.0_monthly+CHIRPS_v2.0_daily_climateserv,NASA_POWER_daily,,,district,False,False,A,Subregion panel assigned to districts via official AAS district grouping; district-level climate features used directly.
North Buganda,total_2020,22155.725682842705,15441.79055977609,7649.842115613582,0.49539864473621686,0.3452760801031936,16.71918385832864,18.6004679949332,19.4033345172696,0.303033862179737,2020,2020.0,1317.275459839031,10.545454545454545,2.3636363636363638,0.6363636363636364,130.63636363636363,48.63636363636363,10.545454545454545,9.780820124907779,93.0529879656705,65.54545454545455,316.1818181818182,251.63636363636363,0.09090909090909091,2020.0,2984.169545454545,1.4545454545454546,0.0,39.18181818181818,0.18181818181818182,534.0825445001775,585.1156560724431,221.46812213550913,283.7430354031649,1624.4093581112948,0.5541317732990907,289.1916711980646,42.72436783530495,10.363636363636363,363.43386806141245,3.1055794345742314,83.39436756480823,1.3190006517931412,191.0105604691939,2.7456506559532374,Kyankwanzi,1.1287866845477044,31.60949093464832,1.1287866845477044,31.60949093464832,32.0,39.41666666666667,,30.833333333333336,1.3675,20.65,6.025,AAS2020_subregion,CHIRPS_v2.0_monthly+CHIRPS_v2.0_daily_climateserv,NASA_POWER_daily,,,district,False,False,A,Subregion panel assigned to districts via official AAS district grouping; district-level climate features used directly.
North Buganda,total_2020,22155.725682842705,15441.79055977609,7649.842115613582,0.49539864473621686,0.3452760801031936,16.71918385832864,18.6004679949332,19.4033345172696,0.303033862179737,2020,2020.0,1317.275459839031,10.545454545454545,2.3636363636363638,0.6363636363636364,130.63636363636363,48.63636363636363,10.545454545454545,9.780820124907779,93.0529879656705,65.54545454545455,316.1818181818182,251.63636363636363,0.09090909090909091,2020.0,2984.169545454545,1.4545454545454546,0.0,39.18181818181818,0.18181818181818182,534.0825445001775,585.1156560724431,221.46812213550913,283.7430354031649,1624.4093581112948,0.5541317732990907,289.1916711980646,42.72436783530495,10.363636363636363,363.43386806141245,3.1055794345742314,83.39436756480823,1.3190006517931412,191.0105604691939,2.7456506559532374,Luwero,0.813711465627938,32.53422184459911,0.813711465627938,32.53422184459911,30.660000000000004,44.93333333333334,24.1,29.4,1.34,18.1,5.7,AAS2020_subregion,CHIRPS_v2.0_monthly+CHIRPS_v2.0_daily_climateserv,NASA_POWER_daily,,,district,False,False,A,Subregion panel assigned to districts via official AAS district grouping; district-level climate features used directly.
North Buganda,total_2020,22155.725682842705,15441.79055977609,7649.842115613582,0.49539864473621686,0.3452760801031936,16.71918385832864,18.6004679949332,19.4033345172696,0.303033862179737,2020,2020.0,1317.275459839031,10.545454545454545,2.3636363636363638,0.6363636363636364,130.63636363636363,48.63636363636363,10.545454545454545,9.780820124907779,93.0529879656705,65.54545454545455,316.1818181818182,251.63636363636363,0.09090909090909091,2020.0,2984.169545454545,1.4545454545454546,0.0,39.18181818181818,0.18181818181818182,534.0825445001775,585.1156560724431,221.46812213550913,283.7430354031649,1624.4093581112948,0.5541317732990907,289.1916711980646,42.72436783530495,10.363636363636363,363.43386806141245,3.1055794345742314,83.39436756480823,1.3190006517931412,191.0105604691939,2.7456506559532374,Mityana,0.4431350972764994,32.06371925372011,0.4431350972764994,32.06371925372011,31.4,42.325,28.2,,1.35,,,AAS2020_subregion,CHIRPS_v2.0_monthly+CHIRPS_v2.0_daily_climateserv,NASA_POWER_daily,,,district,False,False,A,Subregion panel assigned to districts via official AAS district grouping; district-level climate features used directly.
North Buganda,total_2020,22155.725682842705,15441.79055977609,7649.842115613582,0.49539864473621686,0.3452760801031936,16.71918385832864,18.6004679949332,19.4033345172696,0.303033862179737,2020,2020.0,1317.275459839031,10.545454545454545,2.3636363636363638,0.6363636363636364,130.63636363636363,48.63636363636363,10.545454545454545,9.780820124907779,93.0529879656705,65.54545454545455,316.1818181818182,251.63636363636363,0.09090909090909091,2020.0,2984.169545454545,1.4545454545454546,0.0,39.18181818181818,0.18181818181818182,534.0825445001775,585.1156560724431,221.46812213550913,283.7430354031649,1624.4093581112948,0.5541317732990907,289.1916711980646,42.72436783530495,10.363636363636363,363.43386806141245,3.1055794345742314,83.39436756480823,1.3190006517931412,191.0105604691939,2.7456506559532374,Mubende,0.5301646302498506,31.33839987783861,0.5301646302498506,31.33839987783861,35.9,36.7,28.5,44.6,1.2066666666666666,23.5,6.3,AAS2020_subregion,CHIRPS_v2.0_monthly+CHIRPS_v2.0_daily_climateserv,NASA_POWER_daily,,,district,False,False,A,Subregion panel assigned to districts via official AAS district grouping; district-level climate features used directly.
North Buganda,total_2020,22155.725682842705,15441.79055977609,7649.842115613582,0.49539864473621686,0.3452760801031936,16.71918385832864,18.6004679949332,19.4033345172696,0.303033862179737,2020,2020.0,1317.275459839031,10.545454545454545,2.3636363636363638,0.6363636363636364,130.63636363636363,48.63636363636363,10.545454545454545,9.780820124907779,93.0529879656705,65.54545454545455,316.1818181818182,251.63636363636363,0.09090909090909091,2020.0,2984.169545454545,1.4545454545454546,0.0,39.18181818181818,0.18181818181818182,534.0825445001775,585.1156560724431,221.46812213550913,283.7430354031649,1624.4093581112948,0.5541317732990907,289.1916711980646,42.72436783530495,10.363636363636363,363.43386806141245,3.1055794345742314,83.39436756480823,1.3190006517931412,191.0105604691939,2.7456506559532374,Mukono,0.4320713816364311,32.79011040424461,0.4320713816364311,32.79011040424461,31.0,,,,1.32,19.7,,AAS2020_subregion,CHIRPS_v2.0_monthly+CHIRPS_v2.0_daily_climateserv,NASA_POWER_daily,,,district,False,False,A,Subregion panel assigned to districts via official AAS district grouping; district-level climate features used directly.
North Buganda,total_2020,22155.725682842705,15441.79055977609,7649.842115613582,0.49539864473621686,0.3452760801031936,16.71918385832864,18.6004679949332,19.4033345172696,0.303033862179737,2020,2020.0,1317.275459839031,10.545454545454545,2.3636363636363638,0.6363636363636364,130.63636363636363,48.63636363636363,10.545454545454545,9.780820124907779,93.0529879656705,65.54545454545455,316.1818181818182,251.63636363636363,0.09090909090909091,2020.0,2984.169545454545,1.4545454545454546,0.0,39.18181818181818,0.18181818181818182,534.0825445001775,585.1156560724431,221.46812213550913,283.7430354031649,1624.4093581112948,0.5541317732990907,289.1916711980646,42.72436783530495,10.363636363636363,363.43386806141245,3.1055794345742314,83.39436756480823,1.3190006517931412,191.0105604691939,2.7456506559532374,Nakaseke,1.0437404219885733,32.15389318179236,1.0437404219885733,32.15389318179236,39.9,41.5,,,1.384,17.825,6.0,AAS2020_subregion,CHIRPS_v2.0_monthly+CHIRPS_v2.0_daily_climateserv,NASA_POWER_daily,,,district,False,False,A,Subregion panel assigned to districts via official AAS district grouping; district-level climate features used directly.
North Buganda,total_2020,22155.725682842705,15441.79055977609,7649.842115613582,0.49539864473621686,0.3452760801031936,16.71918385832864,18.6004679949332,19.4033345172696,0.303033862179737,2020,2020.0,1317.275459839031,10.545454545454545,2.3636363636363638,0.6363636363636364,130.63636363636363,48.63636363636363,10.545454545454545,9.780820124907779,93.0529879656705,65.54545454545455,316.1818181818182,251.63636363636363,0.09090909090909091,2020.0,2984.169545454545,1.4545454545454546,0.0,39.18181818181818,0.18181818181818182,534.0825445001775,585.1156560724431,221.46812213550913,283.7430354031649,1624.4093581112948,0.5541317732990907,289.1916711980646,42.72436783530495,10.363636363636363,363.43386806141245,3.1055794345742314,83.39436756480823,1.3190006517931412,191.0105604691939,2.7456506559532374,Nakasongola,1.3630633044136593,32.31010822302173,1.3630633044136593,32.31010822302173,41.6,40.9,24.23333333333333,20.32,1.346666666666667,18.880000000000003,6.2,AAS2020_subregion,CHIRPS_v2.0_monthly+CHIRPS_v2.0_daily_climateserv,NASA_POWER_daily,,,district,False,False,A,Subregion panel assigned to districts via official AAS district grouping; district-level climate features used directly.
South Buganda,first_season_2020,4608.280973008998,4068.7024003838255,2521.809753895707,0.6198068833094819,0.5472343740900589,23.897357555369684,24.07774954564745,36.53820104610516,0.1170889049052172,2020,2020.0,632.6961471550167,11.5,2.4166666666666665,0.5833333333333334,53.333333333333336,24.083333333333332,8.833333333333334,11.671595858552672,100.54858708381653,68.75,164.25,96.5,0.0,2020.0,1396.0579166666666,0.0,0.0,26.166666666666668,0.0,596.6642297108968,424.3638032277425,321.55711936950684,204.17437903086343,1546.7595313390095,0.5585967595020187,291.59664662679035,35.71348237991333,10.416666666666666,326.36190096537274,2.92554018440288,125.44070943196614,2.0489094133421104,70.50124168395996,1.0664570234307853,Bukomansimbi,-0.1256678032539902,31.589067188783485,-0.1256678032539902,31.589067188783485,34.5,,26.9,21.216666666666665,1.336666666666667,18.025,5.825,AAS2020_subregion,CHIRPS_v2.0_monthly+CHIRPS_v2.0_daily_climateserv,NASA_POWER_daily,,,district,False,False,A,Subregion panel assigned to districts via official AAS district grouping; district-level climate features used directly.
South Buganda,first_season_2020,4608.280973008998,4068.7024003838255,2521.809753895707,0.6198068833094819,0.5472343740900589,23.897357555369684,24.07774954564745,36.53820104610516,0.1170889049052172,2020,2020.0,632.6961471550167,11.5,2.4166666666666665,0.5833333333333334,53.333333333333336,24.083333333333332,8.833333333333334,11.671595858552672,100.54858708381653,68.75,164.25,96.5,0.0,2020.0,1396.0579166666666,0.0,0.0,26.166666666666668,0.0,596.6642297108968,424.3638032277425,321.55711936950684,204.17437903086343,1546.7595313390095,0.5585967595020187,291.59664662679035,35.71348237991333,10.416666666666666,326.36190096537274,2.92554018440288,125.44070943196614,2.0489094133421104,70.50124168395996,1.0664570234307853,Butambala,0.1693426580186915,32.10415523191632,0.1693426580186915,32.10415523191632,37.3,41.525,22.5,24.675,1.3475,20.15,5.55,AAS2020_subregion,CHIRPS_v2.0_monthly+CHIRPS_v2.0_daily_climateserv,NASA_POWER_daily,,,district,False,False,A,Subregion panel assigned to districts via official AAS district grouping; district-level climate features used directly.
South Buganda,first_season_2020,4608.280973008998,4068.7024003838255,2521.809753895707,0.6198068833094819,0.5472343740900589,23.897357555369684,24.07774954564745,36.53820104610516,0.1170889049052172,2020,2020.0,632.6961471550167,11.5,2.4166666666666665,0.5833333333333334,53.333333333333336,24.083333333333332,8.833333333333334,11.671595858552672,100.54858708381653,68.75,164.25,96.5,0.0,2020.0,1396.0579166666666,0.0,0.0,26.166666666666668,0.0,596.6642297108968,424.3638032277425,321.55711936950684,204.17437903086343,1546.7595313390095,0.5585967595020187,291.59664662679035,35.71348237991333,10.416666666666666,326.36190096537274,2.92554018440288,125.44070943196614,2.0489094133421104,70.50124168395996,1.0664570234307853,Gomba,0.2118934027695063,31.815078573226117,0.2118934027695063,31.815078573226117,33.56666666666667,37.7,30.1,34.56666666666666,1.3175,20.616666666666667,5.7,AAS2020_subregion,CHIRPS_v2.0_monthly+CHIRPS_v2.0_daily_climateserv,NASA_POWER_daily,,,district,False,False,A,Subregion panel assigned to districts via official AAS district grouping; district-level climate features used directly.
South Buganda,first_season_2020,4608.280973008998,4068.7024003838255,2521.809753895707,0.6198068833094819,0.5472343740900589,23.897357555369684,24.07774954564745,36.53820104610516,0.1170889049052172,2020,2020.0,632.6961471550167,11.5,2.4166666666666665,0.5833333333333334,53.333333333333336,24.083333333333332,8.833333333333334,11.671595858552672,100.54858708381653,68.75,164.25,96.5,0.0,2020.0,1396.0579166666666,0.0,0.0,26.166666666666668,0.0,596.6642297108968,424.3638032277425,321.55711936950684,204.17437903086343,1546.7595313390095,0.5585967595020187,291.59664662679035,35.71348237991333,10.416666666666666,326.36190096537274,2.92554018440288,125.44070943196614,2.0489094133421104,70.50124168395996,1.0664570234307853,Kalangala,-0.3043543889880096,32.163667555693046,-0.3043543889880096,32.163667555693046,,,,,,,,AAS2020_subregion,CHIRPS_v2.0_monthly+CHIRPS_v2.0_daily_climateserv,NASA_POWER_daily,,,district,False,False,A,Subregion panel assigned to districts via official AAS district grouping; district-level climate features used directly.
South Buganda,first_season_2020,4608.280973008998,4068.7024003838255,2521.809753895707,0.6198068833094819,0.5472343740900589,23.897357555369684,24.07774954564745,36.53820104610516,0.1170889049052172,2020,2020.0,632.6961471550167,11.5,2.4166666666666665,0.5833333333333334,53.333333333333336,24.083333333333332,8.833333333333334,11.671595858552672,100.54858708381653,68.75,164.25,96.5,0.0,2020.0,1396.0579166666666,0.0,0.0,26.166666666666668,0.0,596.6642297108968,424.3638032277425,321.55711936950684,204.17437903086343,1546.7595313390095,0.5585967595020187,291.59664662679035,35.71348237991333,10.416666666666666,326.36190096537274,2.92554018440288,125.44070943196614,2.0489094133421104,70.50124168395996,1.0664570234307853,Kalungu,-0.1376709574849056,31.806917952915093,-0.1376709574849056,31.806917952915093,35.53333333333333,41.23333333333333,23.26666666666667,23.76666666666667,1.3316666666666666,18.166666666666664,5.716666666666667,AAS2020_subregion,CHIRPS_v2.0_monthly+CHIRPS_v2.0_daily_climateserv,NASA_POWER_daily,,,district,False,False,A,Subregion panel assigned to districts via official AAS district grouping; district-level climate features used directly.
South Buganda,first_season_2020,4608.280973008998,4068.7024003838255,2521.809753895707,0.6198068833094819,0.5472343740900589,23.897357555369684,24.07774954564745,36.53820104610516,0.1170889049052172,2020,2020.0,632.6961471550167,11.5,2.4166666666666665,0.5833333333333334,53.333333333333336,24.083333333333332,8.833333333333334,11.671595858552672,100.54858708381653,68.75,164.25,96.5,0.0,2020.0,1396.0579166666666,0.0,0.0,26.166666666666668,0.0,596.6642297108968,424.3638032277425,321.55711936950684,204.17437903086343,1546.7595313390095,0.5585967595020187,291.59664662679035,35.71348237991333,10.416666666666666,326.36190096537274,2.92554018440288,125.44070943196614,2.0489094133421104,70.50124168395996,1.0664570234307853,Lwengo,-0.4007217006388557,31.482415182914774,-0.4007217006388557,31.482415182914774,34.08333333333333,43.88333333333333,22.0,19.933333333333334,1.346666666666667,18.016666666666666,5.916666666666667,AAS2020_subregion,CHIRPS_v2.0_monthly+CHIRPS_v2.0_daily_climateserv,NASA_POWER_daily,,,district,False,False,A,Subregion panel assigned to districts via official AAS district grouping; district-level climate features used directly.
South Buganda,first_season_2020,4608.280973008998,4068.7024003838255,2521.809753895707,0.6198068833094819,0.5472343740900589,23.897357555369684,24.07774954564745,36.53820104610516,0.1170889049052172,2020,2020.0,632.6961471550167,11.5,2.4166666666666665,0.5833333333333334,53.333333333333336,24.083333333333332,8.833333333333334,11.671595858552672,100.54858708381653,68.75,164.25,96.5,0.0,2020.0,1396.0579166666666,0.0,0.0,26.166666666666668,0.0,596.6642297108968,424.3638032277425,321.55711936950684,204.17437903086343,1546.7595313390095,0.5585967595020187,291.59664662679035,35.71348237991333,10.416666666666666,326.36190096537274,2.92554018440288,125.44070943196614,2.0489094133421104,70.50124168395996,1.0664570234307853,Lyantonde,-0.2258657803551542,31.159330230337847,-0.2258657803551542,31.159330230337847,34.11666666666667,41.3,24.6,24.96666666666667,1.348,21.083333333333336,6.4,AAS2020_subregion,CHIRPS_v2.0_monthly+CHIRPS_v2.0_daily_climateserv,NASA_POWER_daily,,,district,False,False,A,Subregion panel assigned to districts via official AAS district grouping; district-level climate features used directly.
South Buganda,first_season_2020,4608.280973008998,4068.7024003838255,2521.809753895707,0.6198068833094819,0.5472343740900589,23.897357555369684,24.07774954564745,36.53820104610516,0.1170889049052172,2020,2020.0,632.6961471550167,11.5,2.4166666666666665,0.5833333333333334,53.333333333333336,24.083333333333332,8.833333333333334,11.671595858552672,100.54858708381653,68.75,164.25,96.5,0.0,2020.0,1396.0579166666666,0.0,0.0,26.166666666666668,0.0,596.6642297108968,424.3638032277425,321.55711936950684,204.17437903086343,1546.7595313390095,0.5585967595020187,291.59664662679035,35.71348237991333,10.416666666666666,326.36190096537274,2.92554018440288,125.44070943196614,2.0489094133421104,70.50124168395996,1.0664570234307853,Masaka,-0.4140394566376068,31.771510916359546,-0.4140394566376068,31.771510916359546,37.65,38.81666666666667,23.55,31.25,1.25,17.925,5.4,AAS2020_subregion,CHIRPS_v2.0_monthly+CHIRPS_v2.0_daily_climateserv,NASA_POWER_daily,,,district,False,False,A,Subregion panel assigned to districts via official AAS district grouping; district-level climate features used directly.
South Buganda,first_season_2020,4608.280973008998,4068.7024003838255,2521.809753895707,0.6198068833094819,0.5472343740900589,23.897357555369684,24.07774954564745,36.53820104610516,0.1170889049052172,2020,2020.0,632.6961471550167,11.5,2.4166666666666665,0.5833333333333334,53.333333333333336,24.083333333333332,8.833333333333334,11.671595858552672,100.54858708381653,68.75,164.25,96.5,0.0,2020.0,1396.0579166666666,0.0,0.0,26.166666666666668,0.0,596.6642297108968,424.3638032277425,321.55711936950684,204.17437903086343,1546.7595313390095,0.5585967595020187,291.59664662679035,35.71348237991333,10.416666666666666,326.36190096537274,2.92554018440288,125.44070943196614,2.0489094133421104,70.50124168395996,1.0664570234307853,Mpigi,0.1550828886678267,32.20643812182328,0.1550828886678267,32.20643812182328,34.675,43.4,23.4,36.4,1.28,17.56666666666667,5.3,AAS2020_subregion,CHIRPS_v2.0_monthly+CHIRPS_v2.0_daily_climateserv,NASA_POWER_daily,,,district,False,False,A,Subregion panel assigned to districts via official AAS district grouping; district-level climate features used directly.
South Buganda,first_season_2020,4608.280973008998,4068.7024003838255,2521.809753895707,0.6198068833094819,0.5472343740900589,23.897357555369684,24.07774954564745,36.53820104610516,0.1170889049052172,2020,2020.0,632.6961471550167,11.5,2.4166666666666665,0.5833333333333334,53.333333333333336,24.083333333333332,8.833333333333334,11.671595858552672,100.54858708381653,68.75,164.25,96.5,0.0,2020.0,1396.0579166666666,0.0,0.0,26.166666666666668,0.0,596.6642297108968,424.3638032277425,321.55711936950684,204.17437903086343,1546.7595313390095,0.5585967595020187,291.59664662679035,35.71348237991333,10.416666666666666,326.36190096537274,2.92554018440288,125.44070943196614,2.0489094133421104,70.50124168395996,1.0664570234307853,Rakai,-0.738687288481409,31.304580486513373,-0.738687288481409,31.304580486513373,,,,,1.3,,,AAS2020_subregion,CHIRPS_v2.0_monthly+CHIRPS_v2.0_daily_climateserv,NASA_POWER_daily,,,district,False,False,A,Subregion panel assigned to districts via official AAS district grouping; district-level climate features used directly.
South Buganda,first_season_2020,4608.280973008998,4068.7024003838255,2521.809753895707,0.6198068833094819,0.5472343740900589,23.897357555369684,24.07774954564745,36.53820104610516,0.1170889049052172,2020,2020.0,632.6961471550167,11.5,2.4166666666666665,0.5833333333333334,53.333333333333336,24.083333333333332,8.833333333333334,11.671595858552672,100.54858708381653,68.75,164.25,96.5,0.0,2020.0,1396.0579166666666,0.0,0.0,26.166666666666668,0.0,596.6642297108968,424.3638032277425,321.55711936950684,204.17437903086343,1546.7595313390095,0.5585967595020187,291.59664662679035,35.71348237991333,10.416666666666666,326.36190096537274,2.92554018440288,125.44070943196614,2.0489094133421104,70.50124168395996,1.0664570234307853,Ssembabule,-0.0782599118276223,31.37061456485245,-0.0782599118276223,31.37061456485245,,,,,,18.9,6.3,AAS2020_subregion,CHIRPS_v2.0_monthly+CHIRPS_v2.0_daily_climateserv,NASA_POWER_daily,,,district,False,False,A,Subregion panel assigned to districts via official AAS district grouping; district-level climate features used directly.
South Buganda,first_season_2020,4608.280973008998,4068.7024003838255,2521.809753895707,0.6198068833094819,0.5472343740900589,23.897357555369684,24.07774954564745,36.53820104610516,0.1170889049052172,2020,2020.0,632.6961471550167,11.5,2.4166666666666665,0.5833333333333334,53.333333333333336,24.083333333333332,8.833333333333334,11.671595858552672,100.54858708381653,68.75,164.25,96.5,0.0,2020.0,1396.0579166666666,0.0,0.0,26.166666666666668,0.0,596.6642297108968,424.3638032277425,321.55711936950684,204.17437903086343,1546.7595313390095,0.5585967595020187,291.59664662679035,35.71348237991333,10.416666666666666,326.36190096537274,2.92554018440288,125.44070943196614,2.0489094133421104,70.50124168395996,1.0664570234307853,Wakiso,0.3245263253066293,32.51105440726909,0.3245263253066293,32.51105440726909,,,,,,,,AAS2020_subregion,CHIRPS_v2.0_monthly+CHIRPS_v2.0_daily_climateserv,NASA_POWER_daily,,,district,False,False,A,Subregion panel assigned to districts via official AAS district grouping; district-level climate features used directly.
South Buganda,second_season_2020,6288.340965626798,2065.3522843837954,2199.534645035548,`,0.349779799959735,30.890036400074333,38.37821522353708,32.25374914220835,0.6715584769220717,2020,2020.0,510.40700353930396,8.0,1.1666666666666667,0.25,59.166666666666664,18.5,1.75,8.583431824311234,54.65515933434168,244.83333333333334,321.1666666666667,77.33333333333333,0.16666666666666666,2020.0,1404.0341666666666,0.0,0.0,23.666666666666668,0.0,596.6642297108968,424.3638032277425,321.55711936950684,204.17437903086343,1546.7595313390095,0.5585967595020187,291.59664662679035,35.71348237991333,10.416666666666666,326.36190096537274,2.92554018440288,125.44070943196614,2.0489094133421104,70.50124168395996,1.0664570234307853,Bukomansimbi,-0.1256678032539902,31.589067188783485,-0.1256678032539902,31.589067188783485,34.5,,26.9,21.216666666666665,1.336666666666667,18.025,5.825,AAS2020_subregion,CHIRPS_v2.0_monthly+CHIRPS_v2.0_daily_climateserv,NASA_POWER_daily,,,district,False,False,A,Subregion panel assigned to districts via official AAS district grouping; district-level climate features used directly.
South Buganda,second_season_2020,6288.340965626798,2065.3522843837954,2199.534645035548,`,0.349779799959735,30.890036400074333,38.37821522353708,32.25374914220835,0.6715584769220717,2020,2020.0,510.40700353930396,8.0,1.1666666666666667,0.25,59.166666666666664,18.5,1.75,8.583431824311234,54.65515933434168,244.83333333333334,321.1666666666667,77.33333333333333,0.16666666666666666,2020.0,1404.0341666666666,0.0,0.0,23.666666666666668,0.0,596.6642297108968,424.3638032277425,321.55711936950684,204.17437903086343,1546.7595313390095,0.5585967595020187,291.59664662679035,35.71348237991333,10.416666666666666,326.36190096537274,2.92554018440288,125.44070943196614,2.0489094133421104,70.50124168395996,1.0664570234307853,Butambala,0.1693426580186915,32.10415523191632,0.1693426580186915,32.10415523191632,37.3,41.525,22.5,24.675,1.3475,20.15,5.55,AAS2020_subregion,CHIRPS_v2.0_monthly+CHIRPS_v2.0_daily_climateserv,NASA_POWER_daily,,,district,False,False,A,Subregion panel assigned to districts via official AAS district grouping; district-level climate features used directly.
South Buganda,second_season_2020,6288.340965626798,2065.3522843837954,2199.534645035548,`,0.349779799959735,30.890036400074333,38.37821522353708,32.25374914220835,0.6715584769220717,2020,2020.0,510.40700353930396,8.0,1.1666666666666667,0.25,59.166666666666664,18.5,1.75,8.583431824311234,54.65515933434168,244.83333333333334,321.1666666666667,77.33333333333333,0.16666666666666666,2020.0,1404.0341666666666,0.0,0.0,23.666666666666668,0.0,596.6642297108968,424.3638032277425,321.55711936950684,204.17437903086343,1546.7595313390095,0.5585967595020187,291.59664662679035,35.71348237991333,10.416666666666666,326.36190096537274,2.92554018440288,125.44070943196614,2.0489094133421104,70.50124168395996,1.0664570234307853,Gomba,0.2118934027695063,31.815078573226117,0.2118934027695063,31.815078573226117,33.56666666666667,37.7,30.1,34.56666666666666,1.3175,20.616666666666667,5.7,AAS2020_subregion,CHIRPS_v2.0_monthly+CHIRPS_v2.0_daily_climateserv,NASA_POWER_daily,,,district,False,False,A,Subregion panel assigned to districts via official AAS district grouping; district-level climate features used directly.
South Buganda,second_season_2020,6288.340965626798,2065.3522843837954,2199.534645035548,`,0.349779799959735,30.890036400074333,38.37821522353708,32.25374914220835,0.6715584769220717,2020,2020.0,510.40700353930396,8.0,1.1666666666666667,0.25,59.166666666666664,18.5,1.75,8.583431824311234,54.65515933434168,244.83333333333334,321.1666666666667,77.33333333333333,0.16666666666666666,2020.0,1404.0341666666666,0.0,0.0,23.666666666666668,0.0,596.6642297108968,424.3638032277425,321.55711936950684,204.17437903086343,1546.7595313390095,0.5585967595020187,291.59664662679035,35.71348237991333,10.416666666666666,326.36190096537274,2.92554018440288,125.44070943196614,2.0489094133421104,70.50124168395996,1.0664570234307853,Kalangala,-0.3043543889880096,32.163667555693046,-0.3043543889880096,32.163667555693046,,,,,,,,AAS2020_subregion,CHIRPS_v2.0_monthly+CHIRPS_v2.0_daily_climateserv,NASA_POWER_daily,,,district,False,False,A,Subregion panel assigned to districts via official AAS district grouping; district-level climate features used directly.
South Buganda,second_season_2020,6288.340965626798,2065.3522843837954,2199.534645035548,`,0.349779799959735,30.890036400074333,38.37821522353708,32.25374914220835,0.6715584769220717,2020,2020.0,510.40700353930396,8.0,1.1666666666666667,0.25,59.166666666666664,18.5,1.75,8.583431824311234,54.65515933434168,244.83333333333334,321.1666666666667,77.33333333333333,0.16666666666666666,2020.0,1404.0341666666666,0.0,0.0,23.666666666666668,0.0,596.6642297108968,424.3638032277425,321.55711936950684,204.17437903086343,1546.7595313390095,0.5585967595020187,291.59664662679035,35.71348237991333,10.416666666666666,326.36190096537274,2.92554018440288,125.44070943196614,2.0489094133421104,70.50124168395996,1.0664570234307853,Kalungu,-0.1376709574849056,31.806917952915093,-0.1376709574849056,31.806917952915093,35.53333333333333,41.23333333333333,23.26666666666667,23.76666666666667,1.3316666666666666,18.166666666666664,5.716666666666667,AAS2020_subregion,CHIRPS_v2.0_monthly+CHIRPS_v2.0_daily_climateserv,NASA_POWER_daily,,,district,False,False,A,Subregion panel assigned to districts via official AAS district grouping; district-level climate features used directly.
South Buganda,second_season_2020,6288.340965626798,2065.3522843837954,2199.534645035548,`,0.349779799959735,30.890036400074333,38.37821522353708,32.25374914220835,0.6715584769220717,2020,2020.0,510.40700353930396,8.0,1.1666666666666667,0.25,59.166666666666664,18.5,1.75,8.583431824311234,54.65515933434168,244.83333333333334,321.1666666666667,77.33333333333333,0.16666666666666666,2020.0,1404.0341666666666,0.0,0.0,23.666666666666668,0.0,596.6642297108968,424.3638032277425,321.55711936950684,204.17437903086343,1546.7595313390095,0.5585967595020187,291.59664662679035,35.71348237991333,10.416666666666666,326.36190096537274,2.92554018440288,125.44070943196614,2.0489094133421104,70.50124168395996,1.0664570234307853,Lwengo,-0.4007217006388557,31.482415182914774,-0.4007217006388557,31.482415182914774,34.08333333333333,43.88333333333333,22.0,19.933333333333334,1.346666666666667,18.016666666666666,5.916666666666667,AAS2020_subregion,CHIRPS_v2.0_monthly+CHIRPS_v2.0_daily_climateserv,NASA_POWER_daily,,,district,False,False,A,Subregion panel assigned to districts via official AAS district grouping; district-level climate features used directly.
South Buganda,second_season_2020,6288.340965626798,2065.3522843837954,2199.534645035548,`,0.349779799959735,30.890036400074333,38.37821522353708,32.25374914220835,0.6715584769220717,2020,2020.0,510.40700353930396,8.0,1.1666666666666667,0.25,59.166666666666664,18.5,1.75,8.583431824311234,54.65515933434168,244.83333333333334,321.1666666666667,77.33333333333333,0.16666666666666666,2020.0,1404.0341666666666,0.0,0.0,23.666666666666668,0.0,596.6642297108968,424.3638032277425,321.55711936950684,204.17437903086343,1546.7595313390095,0.5585967595020187,291.59664662679035,35.71348237991333,10.416666666666666,326.36190096537274,2.92554018440288,125.44070943196614,2.0489094133421104,70.50124168395996,1.0664570234307853,Lyantonde,-0.2258657803551542,31.159330230337847,-0.2258657803551542,31.159330230337847,34.11666666666667,41.3,24.6,24.96666666666667,1.348,21.083333333333336,6.4,AAS2020_subregion,CHIRPS_v2.0_monthly+CHIRPS_v2.0_daily_climateserv,NASA_POWER_daily,,,district,False,False,A,Subregion panel assigned to districts via official AAS district grouping; district-level climate features used directly.
South Buganda,second_season_2020,6288.340965626798,2065.3522843837954,2199.534645035548,`,0.349779799959735,30.890036400074333,38.37821522353708,32.25374914220835,0.6715584769220717,2020,2020.0,510.40700353930396,8.0,1.1666666666666667,0.25,59.166666666666664,18.5,1.75,8.583431824311234,54.65515933434168,244.83333333333334,321.1666666666667,77.33333333333333,0.16666666666666666,2020.0,1404.0341666666666,0.0,0.0,23.666666666666668,0.0,596.6642297108968,424.3638032277425,321.55711936950684,204.17437903086343,1546.7595313390095,0.5585967595020187,291.59664662679035,35.71348237991333,10.416666666666666,326.36190096537274,2.92554018440288,125.44070943196614,2.0489094133421104,70.50124168395996,1.0664570234307853,Masaka,-0.4140394566376068,31.771510916359546,-0.4140394566376068,31.771510916359546,37.65,38.81666666666667,23.55,31.25,1.25,17.925,5.4,AAS2020_subregion,CHIRPS_v2.0_monthly+CHIRPS_v2.0_daily_climateserv,NASA_POWER_daily,,,district,False,False,A,Subregion panel assigned to districts via official AAS district grouping; district-level climate features used directly.
South Buganda,second_season_2020,6288.340965626798,2065.3522843837954,2199.534645035548,`,0.349779799959735,30.890036400074333,38.37821522353708,32.25374914220835,0.6715584769220717,2020,2020.0,510.40700353930396,8.0,1.1666666666666667,0.25,59.166666666666664,18.5,1.75,8.583431824311234,54.65515933434168,244.83333333333334,321.1666666666667,77.33333333333333,0.16666666666666666,2020.0,1404.0341666666666,0.0,0.0,23.666666666666668,0.0,596.6642297108968,424.3638032277425,321.55711936950684,204.17437903086343,1546.7595313390095,0.5585967595020187,291.59664662679035,35.71348237991333,10.416666666666666,326.36190096537274,2.92554018440288,125.44070943196614,2.0489094133421104,70.50124168395996,1.0664570234307853,Mpigi,0.1550828886678267,32.20643812182328,0.1550828886678267,32.20643812182328,34.675,43.4,23.4,36.4,1.28,17.56666666666667,5.3,AAS2020_subregion,CHIRPS_v2.0_monthly+CHIRPS_v2.0_daily_climateserv,NASA_POWER_daily,,,district,False,False,A,Subregion panel assigned to districts via official AAS district grouping; district-level climate features used directly.
South Buganda,second_season_2020,6288.340965626798,2065.3522843837954,2199.534645035548,`,0.349779799959735,30.890036400074333,38.37821522353708,32.25374914220835,0.6715584769220717,2020,2020.0,510.40700353930396,8.0,1.1666666666666667,0.25,59.166666666666664,18.5,1.75,8.583431824311234,54.65515933434168,244.83333333333334,321.1666666666667,77.33333333333333,0.16666666666666666,2020.0,1404.0341666666666,0.0,0.0,23.666666666666668,0.0,596.6642297108968,424.3638032277425,321.55711936950684,204.17437903086343,1546.7595313390095,0.5585967595020187,291.59664662679035,35.71348237991333,10.416666666666666,326.36190096537274,2.92554018440288,125.44070943196614,2.0489094133421104,70.50124168395996,1.0664570234307853,Rakai,-0.738687288481409,31.304580486513373,-0.738687288481409,31.304580486513373,,,,,1.3,,,AAS2020_subregion,CHIRPS_v2.0_monthly+CHIRPS_v2.0_daily_climateserv,NASA_POWER_daily,,,district,False,False,A,Subregion panel assigned to districts via official AAS district grouping; district-level climate features used directly.
South Buganda,second_season_2020,6288.340965626798,2065.3522843837954,2199.534645035548,`,0.349779799959735,30.890036400074333,38.37821522353708,32.25374914220835,0.6715584769220717,2020,2020.0,510.40700353930396,8.0,1.1666666666666667,0.25,59.166666666666664,18.5,1.75,8.583431824311234,54.65515933434168,244.83333333333334,321.1666666666667,77.33333333333333,0.16666666666666666,2020.0,1404.0341666666666,0.0,0.0,23.666666666666668,0.0,596.6642297108968,424.3638032277425,321.55711936950684,204.17437903086343,1546.7595313390095,0.5585967595020187,291.59664662679035,35.71348237991333,10.416666666666666,326.36190096537274,2.92554018440288,125.44070943196614,2.0489094133421104,70.50124168395996,1.0664570234307853,Ssembabule,-0.0782599118276223,31.37061456485245,-0.0782599118276223,31.37061456485245,,,,,,18.9,6.3,AAS2020_subregion,CHIRPS_v2.0_monthly+CHIRPS_v2.0_daily_climateserv,NASA_POWER_daily,,,district,False,False,A,Subregion panel assigned to districts via official AAS district grouping; district-level climate features used directly.
South Buganda,second_season_2020,6288.340965626798,2065.3522843837954,2199.534645035548,`,0.349779799959735,30.890036400074333,38.37821522353708,32.25374914220835,0.6715584769220717,2020,2020.0,510.40700353930396,8.0,1.1666666666666667,0.25,59.166666666666664,18.5,1.75,8.583431824311234,54.65515933434168,244.83333333333334,321.1666666666667,77.33333333333333,0.16666666666666666,2020.0,1404.0341666666666,0.0,0.0,23.666666666666668,0.0,596.6642297108968,424.3638032277425,321.55711936950684,204.17437903086343,1546.7595313390095,0.5585967595020187,291.59664662679035,35.71348237991333,10.416666666666666,326.36190096537274,2.92554018440288,125.44070943196614,2.0489094133421104,70.50124168395996,1.0664570234307853,Wakiso,0.3245263253066293,32.51105440726909,0.3245263253066293,32.51105440726909,,,,,,,,AAS2020_subregion,CHIRPS_v2.0_monthly+CHIRPS_v2.0_daily_climateserv,NASA_POWER_daily,,,district,False,False,A,Subregion panel assigned to districts via official AAS district grouping; district-level climate features used directly.
South Buganda,total_2020,10896.621938635795,6134.054684767621,4721.344398931256,0.7696938879034653,0.4332851433700695,24.574473514184607,21.219123761522347,31.74003983093905,0.4370682290978358,2020,2020.0,1143.1031506943207,11.833333333333334,3.5833333333333335,0.8333333333333334,112.5,42.583333333333336,10.583333333333334,10.623570783209432,100.74315484364827,68.75,321.1666666666667,253.41666666666666,0.16666666666666666,2020.0,2800.0920833333334,0.0,0.0,49.833333333333336,0.0,596.6642297108968,424.3638032277425,321.55711936950684,204.17437903086343,1546.7595313390095,0.5585967595020187,291.59664662679035,35.71348237991333,10.416666666666666,326.36190096537274,2.92554018440288,125.44070943196614,2.0489094133421104,70.50124168395996,1.0664570234307853,Bukomansimbi,-0.1256678032539902,31.589067188783485,-0.1256678032539902,31.589067188783485,34.5,,26.9,21.216666666666665,1.336666666666667,18.025,5.825,AAS2020_subregion,CHIRPS_v2.0_monthly+CHIRPS_v2.0_daily_climateserv,NASA_POWER_daily,,,district,False,False,A,Subregion panel assigned to districts via official AAS district grouping; district-level climate features used directly.
South Buganda,total_2020,10896.621938635795,6134.054684767621,4721.344398931256,0.7696938879034653,0.4332851433700695,24.574473514184607,21.219123761522347,31.74003983093905,0.4370682290978358,2020,2020.0,1143.1031506943207,11.833333333333334,3.5833333333333335,0.8333333333333334,112.5,42.583333333333336,10.583333333333334,10.623570783209432,100.74315484364827,68.75,321.1666666666667,253.41666666666666,0.16666666666666666,2020.0,2800.0920833333334,0.0,0.0,49.833333333333336,0.0,596.6642297108968,424.3638032277425,321.55711936950684,204.17437903086343,1546.7595313390095,0.5585967595020187,291.59664662679035,35.71348237991333,10.416666666666666,326.36190096537274,2.92554018440288,125.44070943196614,2.0489094133421104,70.50124168395996,1.0664570234307853,Butambala,0.1693426580186915,32.10415523191632,0.1693426580186915,32.10415523191632,37.3,41.525,22.5,24.675,1.3475,20.15,5.55,AAS2020_subregion,CHIRPS_v2.0_monthly+CHIRPS_v2.0_daily_climateserv,NASA_POWER_daily,,,district,False,False,A,Subregion panel assigned to districts via official AAS district grouping; district-level climate features used directly.
South Buganda,total_2020,10896.621938635795,6134.054684767621,4721.344398931256,0.7696938879034653,0.4332851433700695,24.574473514184607,21.219123761522347,31.74003983093905,0.4370682290978358,2020,2020.0,1143.1031506943207,11.833333333333334,3.5833333333333335,0.8333333333333334,112.5,42.583333333333336,10.583333333333334,10.623570783209432,100.74315484364827,68.75,321.1666666666667,253.41666666666666,0.16666666666666666,2020.0,2800.0920833333334,0.0,0.0,49.833333333333336,0.0,596.6642297108968,424.3638032277425,321.55711936950684,204.17437903086343,1546.7595313390095,0.5585967595020187,291.59664662679035,35.71348237991333,10.416666666666666,326.36190096537274,2.92554018440288,125.44070943196614,2.0489094133421104,70.50124168395996,1.0664570234307853,Gomba,0.2118934027695063,31.815078573226117,0.2118934027695063,31.815078573226117,33.56666666666667,37.7,30.1,34.56666666666666,1.3175,20.616666666666667,5.7,AAS2020_subregion,CHIRPS_v2.0_monthly+CHIRPS_v2.0_daily_climateserv,NASA_POWER_daily,,,district,False,False,A,Subregion panel assigned to districts via official AAS district grouping; district-level climate features used directly.
South Buganda,total_2020,10896.621938635795,6134.054684767621,4721.344398931256,0.7696938879034653,0.4332851433700695,24.574473514184607,21.219123761522347,31.74003983093905,0.4370682290978358,2020,2020.0,1143.1031506943207,11.833333333333334,3.5833333333333335,0.8333333333333334,112.5,42.583333333333336,10.583333333333334,10.623570783209432,100.74315484364827,68.75,321.1666666666667,253.41666666666666,0.16666666666666666,2020.0,2800.0920833333334,0.0,0.0,49.833333333333336,0.0,596.6642297108968,424.3638032277425,321.55711936950684,204.17437903086343,1546.7595313390095,0.5585967595020187,291.59664662679035,35.71348237991333,10.416666666666666,326.36190096537274,2.92554018440288,125.44070943196614,2.0489094133421104,70.50124168395996,1.0664570234307853,Kalangala,-0.3043543889880096,32.163667555693046,-0.3043543889880096,32.163667555693046,,,,,,,,AAS2020_subregion,CHIRPS_v2.0_monthly+CHIRPS_v2.0_daily_climateserv,NASA_POWER_daily,,,district,False,False,A,Subregion panel assigned to districts via official AAS district grouping; district-level climate features used directly.
South Buganda,total_2020,10896.621938635795,6134.054684767621,4721.344398931256,0.7696938879034653,0.4332851433700695,24.574473514184607,21.219123761522347,31.74003983093905,0.4370682290978358,2020,2020.0,1143.1031506943207,11.833333333333334,3.5833333333333335,0.8333333333333334,112.5,42.583333333333336,10.583333333333334,10.623570783209432,100.74315484364827,68.75,321.1666666666667,253.41666666666666,0.16666666666666666,2020.0,2800.0920833333334,0.0,0.0,49.833333333333336,0.0,596.6642297108968,424.3638032277425,321.55711936950684,204.17437903086343,1546.7595313390095,0.5585967595020187,291.59664662679035,35.71348237991333,10.416666666666666,326.36190096537274,2.92554018440288,125.44070943196614,2.0489094133421104,70.50124168395996,1.0664570234307853,Kalungu,-0.1376709574849056,31.806917952915093,-0.1376709574849056,31.806917952915093,35.53333333333333,41.23333333333333,23.26666666666667,23.76666666666667,1.3316666666666666,18.166666666666664,5.716666666666667,AAS2020_subregion,CHIRPS_v2.0_monthly+CHIRPS_v2.0_daily_climateserv,NASA_POWER_daily,,,district,False,False,A,Subregion panel assigned to districts via official AAS district grouping; district-level climate features used directly.
South Buganda,total_2020,10896.621938635795,6134.054684767621,4721.344398931256,0.7696938879034653,0.4332851433700695,24.574473514184607,21.219123761522347,31.74003983093905,0.4370682290978358,2020,2020.0,1143.1031506943207,11.833333333333334,3.5833333333333335,0.8333333333333334,112.5,42.583333333333336,10.583333333333334,10.623570783209432,100.74315484364827,68.75,321.1666666666667,253.41666666666666,0.16666666666666666,2020.0,2800.0920833333334,0.0,0.0,49.833333333333336,0.0,596.6642297108968,424.3638032277425,321.55711936950684,204.17437903086343,1546.7595313390095,0.5585967595020187,291.59664662679035,35.71348237991333,10.416666666666666,326.36190096537274,2.92554018440288,125.44070943196614,2.0489094133421104,70.50124168395996,1.0664570234307853,Lwengo,-0.4007217006388557,31.482415182914774,-0.4007217006388557,31.482415182914774,34.08333333333333,43.88333333333333,22.0,19.933333333333334,1.346666666666667,18.016666666666666,5.916666666666667,AAS2020_subregion,CHIRPS_v2.0_monthly+CHIRPS_v2.0_daily_climateserv,NASA_POWER_daily,,,district,False,False,A,Subregion panel assigned to districts via official AAS district grouping; district-level climate features used directly.
South Buganda,total_2020,10896.621938635795,6134.054684767621,4721.344398931256,0.7696938879034653,0.4332851433700695,24.574473514184607,21.219123761522347,31.74003983093905,0.4370682290978358,2020,2020.0,1143.1031506943207,11.833333333333334,3.5833333333333335,0.8333333333333334,112.5,42.583333333333336,10.583333333333334,10.623570783209432,100.74315484364827,68.75,321.1666666666667,253.41666666666666,0.16666666666666666,2020.0,2800.0920833333334,0.0,0.0,49.833333333333336,0.0,596.6642297108968,424.3638032277425,321.55711936950684,204.17437903086343,1546.7595313390095,0.5585967595020187,291.59664662679035,35.71348237991333,10.416666666666666,326.36190096537274,2.92554018440288,125.44070943196614,2.0489094133421104,70.50124168395996,1.0664570234307853,Lyantonde,-0.2258657803551542,31.159330230337847,-0.2258657803551542,31.159330230337847,34.11666666666667,41.3,24.6,24.96666666666667,1.348,21.083333333333336,6.4,AAS2020_subregion,CHIRPS_v2.0_monthly+CHIRPS_v2.0_daily_climateserv,NASA_POWER_daily,,,district,False,False,A,Subregion panel assigned to districts via official AAS district grouping; district-level climate features used directly.
South Buganda,total_2020,10896.621938635795,6134.054684767621,4721.344398931256,0.7696938879034653,0.4332851433700695,24.574473514184607,21.219123761522347,31.74003983093905,0.4370682290978358,2020,2020.0,1143.1031506943207,11.833333333333334,3.5833333333333335,0.8333333333333334,112.5,42.583333333333336,10.583333333333334,10.623570783209432,100.74315484364827,68.75,321.1666666666667,253.41666666666666,0.16666666666666666,2020.0,2800.0920833333334,0.0,0.0,49.833333333333336,0.0,596.6642297108968,424.3638032277425,321.55711936950684,204.17437903086343,1546.7595313390095,0.5585967595020187,291.59664662679035,35.71348237991333,10.416666666666666,326.36190096537274,2.92554018440288,125.44070943196614,2.0489094133421104,70.50124168395996,1.0664570234307853,Masaka,-0.4140394566376068,31.771510916359546,-0.4140394566376068,31.771510916359546,37.65,38.81666666666667,23.55,31.25,1.25,17.925,5.4,AAS2020_subregion,CHIRPS_v2.0_monthly+CHIRPS_v2.0_daily_climateserv,NASA_POWER_daily,,,district,False,False,A,Subregion panel assigned to districts via official AAS district grouping; district-level climate features used directly.
South Buganda,total_2020,10896.621938635795,6134.054684767621,4721.344398931256,0.7696938879034653,0.4332851433700695,24.574473514184607,21.219123761522347,31.74003983093905,0.4370682290978358,2020,2020.0,1143.1031506943207,11.833333333333334,3.5833333333333335,0.8333333333333334,112.5,42.583333333333336,10.583333333333334,10.623570783209432,100.74315484364827,68.75,321.1666666666667,253.41666666666666,0.16666666666666666,2020.0,2800.0920833333334,0.0,0.0,49.833333333333336,0.0,596.6642297108968,424.3638032277425,321.55711936950684,204.17437903086343,1546.7595313390095,0.5585967595020187,291.59664662679035,35.71348237991333,10.416666666666666,326.36190096537274,2.92554018440288,125.44070943196614,2.0489094133421104,70.50124168395996,1.0664570234307853,Mpigi,0.1550828886678267,32.20643812182328,0.1550828886678267,32.20643812182328,34.675,43.4,23.4,36.4,1.28,17.56666666666667,5.3,AAS2020_subregion,CHIRPS_v2.0_monthly+CHIRPS_v2.0_daily_climateserv,NASA_POWER_daily,,,district,False,False,A,Subregion panel assigned to districts via official AAS district grouping; district-level climate features used directly.
South Buganda,total_2020,10896.621938635795,6134.054684767621,4721.344398931256,0.7696938879034653,0.4332851433700695,24.574473514184607,21.219123761522347,31.74003983093905,0.4370682290978358,2020,2020.0,1143.1031506943207,11.833333333333334,3.5833333333333335,0.8333333333333334,112.5,42.583333333333336,10.583333333333334,10.623570783209432,100.74315484364827,68.75,321.1666666666667,253.41666666666666,0.16666666666666666,2020.0,2800.0920833333334,0.0,0.0,49.833333333333336,0.0,596.6642297108968,424.3638032277425,321.55711936950684,204.17437903086343,1546.7595313390095,0.5585967595020187,291.59664662679035,35.71348237991333,10.416666666666666,326.36190096537274,2.92554018440288,125.44070943196614,2.0489094133421104,70.50124168395996,1.0664570234307853,Rakai,-0.738687288481409,31.304580486513373,-0.738687288481409,31.304580486513373,,,,,1.3,,,AAS2020_subregion,CHIRPS_v2.0_monthly+CHIRPS_v2.0_daily_climateserv,NASA_POWER_daily,,,district,False,False,A,Subregion panel assigned to districts via official AAS district grouping; district-level climate features used directly.
South Buganda,total_2020,10896.621938635795,6134.054684767621,4721.344398931256,0.7696938879034653,0.4332851433700695,24.574473514184607,21.219123761522347,31.74003983093905,0.4370682290978358,2020,2020.0,1143.1031506943207,11.833333333333334,3.5833333333333335,0.8333333333333334,112.5,42.583333333333336,10.583333333333334,10.623570783209432,100.74315484364827,68.75,321.1666666666667,253.41666666666666,0.16666666666666666,2020.0,2800.0920833333334,0.0,0.0,49.833333333333336,0.0,596.6642297108968,424.3638032277425,321.55711936950684,204.17437903086343,1546.7595313390095,0.5585967595020187,291.59664662679035,35.71348237991333,10.416666666666666,326.36190096537274,2.92554018440288,125.44070943196614,2.0489094133421104,70.50124168395996,1.0664570234307853,Ssembabule,-0.0782599118276223,31.37061456485245,-0.0782599118276223,31.37061456485245,,,,,,18.9,6.3,AAS2020_subregion,CHIRPS_v2.0_monthly+CHIRPS_v2.0_daily_climateserv,NASA_POWER_daily,,,district,False,False,A,Subregion panel assigned to districts via official AAS district grouping; district-level climate features used directly.
South Buganda,total_2020,10896.621938635795,6134.054684767621,4721.344398931256,0.7696938879034653,0.4332851433700695,24.574473514184607,21.219123761522347,31.74003983093905,0.4370682290978358,2020,2020.0,1143.1031506943207,11.833333333333334,3.5833333333333335,0.8333333333333334,112.5,42.583333333333336,10.583333333333334,10.623570783209432,100.74315484364827,68.75,321.1666666666667,253.41666666666666,0.16666666666666666,2020.0,2800.0920833333334,0.0,0.0,49.833333333333336,0.0,596.6642297108968,424.3638032277425,321.55711936950684,204.17437903086343,1546.7595313390095,0.5585967595020187,291.59664662679035,35.71348237991333,10.416666666666666,326.36190096537274,2.92554018440288,125.44070943196614,2.0489094133421104,70.50124168395996,1.0664570234307853,Wakiso,0.3245263253066293,32.51105440726909,0.3245263253066293,32.51105440726909,,,,,,,,AAS2020_subregion,CHIRPS_v2.0_monthly+CHIRPS_v2.0_daily_climateserv,NASA_POWER_daily,,,district,False,False,A,Subregion panel assigned to districts via official AAS district grouping; district-level climate features used directly.
Teso,first_season_2020,65048.57182822785,56996.6283450636,21016.561981925144,0.3687334249789068,0.3230902907049682,13.604949639622852,14.02948358507436,15.836928908657988,0.1237835552243455,2020,2020.0,718.8491614870727,12.0,1.875,0.875,64.25,29.25,6.25,11.269178719280108,79.04015874862671,66.375,138.5,73.125,0.0,2020.0,1669.5249999999999,30.0,2.25,34.0,4.125,567.0684833526611,544.7363414764404,94.35681462287903,545.4307222366333,1751.592361688614,0.5267747515057891,252.7609806060791,18.44440770149231,9.125,432.5460443496704,3.148880772905238,110.15176582336426,1.4473873597718143,180.83578395843506,2.436987242438899,Amuria,2.104745827458959,33.5971858707727,2.104745827458959,33.5971858707727,37.7,38.6,23.7,21.64,1.2816666666666665,21.7,6.2,AAS2020_subregion,CHIRPS_v2.0_monthly+CHIRPS_v2.0_daily_climateserv,NASA_POWER_daily,,,district,False,False,A,Subregion panel assigned to districts via official AAS district grouping; district-level climate features used directly.
Teso,first_season_2020,65048.57182822785,56996.6283450636,21016.561981925144,0.3687334249789068,0.3230902907049682,13.604949639622852,14.02948358507436,15.836928908657988,0.1237835552243455,2020,2020.0,718.8491614870727,12.0,1.875,0.875,64.25,29.25,6.25,11.269178719280108,79.04015874862671,66.375,138.5,73.125,0.0,2020.0,1669.5249999999999,30.0,2.25,34.0,4.125,567.0684833526611,544.7363414764404,94.35681462287903,545.4307222366333,1751.592361688614,0.5267747515057891,252.7609806060791,18.44440770149231,9.125,432.5460443496704,3.148880772905238,110.15176582336426,1.4473873597718143,180.83578395843506,2.436987242438899,Bukedea,1.33673969214377,34.20822165137673,1.33673969214377,34.20822165137673,42.91666666666666,35.766666666666666,21.5,25.03333333333333,1.3316666666666666,24.7,6.2,AAS2020_subregion,CHIRPS_v2.0_monthly+CHIRPS_v2.0_daily_climateserv,NASA_POWER_daily,,,district,False,False,A,Subregion panel assigned to districts via official AAS district grouping; district-level climate features used directly.
Teso,first_season_2020,65048.57182822785,56996.6283450636,21016.561981925144,0.3687334249789068,0.3230902907049682,13.604949639622852,14.02948358507436,15.836928908657988,0.1237835552243455,2020,2020.0,718.8491614870727,12.0,1.875,0.875,64.25,29.25,6.25,11.269178719280108,79.04015874862671,66.375,138.5,73.125,0.0,2020.0,1669.5249999999999,30.0,2.25,34.0,4.125,567.0684833526611,544.7363414764404,94.35681462287903,545.4307222366333,1751.592361688614,0.5267747515057891,252.7609806060791,18.44440770149231,9.125,432.5460443496704,3.148880772905238,110.15176582336426,1.4473873597718143,180.83578395843506,2.436987242438899,Kaberamaido,1.7715105224757035,33.1574345042046,1.7715105224757035,33.1574345042046,35.6,36.16666666666667,26.53333333333333,23.633333333333333,1.28,19.9,6.05,AAS2020_subregion,CHIRPS_v2.0_monthly+CHIRPS_v2.0_daily_climateserv,NASA_POWER_daily,,,district,False,False,A,Subregion panel assigned to districts via official AAS district grouping; district-level climate features used directly.
Teso,first_season_2020,65048.57182822785,56996.6283450636,21016.561981925144,0.3687334249789068,0.3230902907049682,13.604949639622852,14.02948358507436,15.836928908657988,0.1237835552243455,2020,2020.0,718.8491614870727,12.0,1.875,0.875,64.25,29.25,6.25,11.269178719280108,79.04015874862671,66.375,138.5,73.125,0.0,2020.0,1669.5249999999999,30.0,2.25,34.0,4.125,567.0684833526611,544.7363414764404,94.35681462287903,545.4307222366333,1751.592361688614,0.5267747515057891,252.7609806060791,18.44440770149231,9.125,432.5460443496704,3.148880772905238,110.15176582336426,1.4473873597718143,180.83578395843506,2.436987242438899,Katakwi,2.1006235215220403,33.90105446901385,2.1006235215220403,33.90105446901385,38.175,37.15,25.116666666666667,22.7,1.3133333333333337,26.03333333333333,6.2,AAS2020_subregion,CHIRPS_v2.0_monthly+CHIRPS_v2.0_daily_climateserv,NASA_POWER_daily,,,district,False,False,A,Subregion panel assigned to districts via official AAS district grouping; district-level climate features used directly.
Teso,first_season_2020,65048.57182822785,56996.6283450636,21016.561981925144,0.3687334249789068,0.3230902907049682,13.604949639622852,14.02948358507436,15.836928908657988,0.1237835552243455,2020,2020.0,718.8491614870727,12.0,1.875,0.875,64.25,29.25,6.25,11.269178719280108,79.04015874862671,66.375,138.5,73.125,0.0,2020.0,1669.5249999999999,30.0,2.25,34.0,4.125,567.0684833526611,544.7363414764404,94.35681462287903,545.4307222366333,1751.592361688614,0.5267747515057891,252.7609806060791,18.44440770149231,9.125,432.5460443496704,3.148880772905238,110.15176582336426,1.4473873597718143,180.83578395843506,2.436987242438899,Kumi,1.4420515599317698,33.93114888259595,1.4420515599317698,33.93114888259595,42.08,39.9,20.380000000000003,24.466666666666665,1.325,20.9,6.1,AAS2020_subregion,CHIRPS_v2.0_monthly+CHIRPS_v2.0_daily_climateserv,NASA_POWER_daily,,,district,False,False,A,Subregion panel assigned to districts via official AAS district grouping; district-level climate features used directly.
Teso,first_season_2020,65048.57182822785,56996.6283450636,21016.561981925144,0.3687334249789068,0.3230902907049682,13.604949639622852,14.02948358507436,15.836928908657988,0.1237835552243455,2020,2020.0,718.8491614870727,12.0,1.875,0.875,64.25,29.25,6.25,11.269178719280108,79.04015874862671,66.375,138.5,73.125,0.0,2020.0,1669.5249999999999,30.0,2.25,34.0,4.125,567.0684833526611,544.7363414764404,94.35681462287903,545.4307222366333,1751.592361688614,0.5267747515057891,252.7609806060791,18.44440770149231,9.125,432.5460443496704,3.148880772905238,110.15176582336426,1.4473873597718143,180.83578395843506,2.436987242438899,Ngora,1.475446179937896,33.75041700135742,1.475446179937896,33.75041700135742,40.575,,23.4,16.7,1.332,,6.2,AAS2020_subregion,CHIRPS_v2.0_monthly+CHIRPS_v2.0_daily_climateserv,NASA_POWER_daily,,,district,False,False,A,Subregion panel assigned to districts via official AAS district grouping; district-level climate features used directly.
Teso,first_season_2020,65048.57182822785,56996.6283450636,21016.561981925144,0.3687334249789068,0.3230902907049682,13.604949639622852,14.02948358507436,15.836928908657988,0.1237835552243455,2020,2020.0,718.8491614870727,12.0,1.875,0.875,64.25,29.25,6.25,11.269178719280108,79.04015874862671,66.375,138.5,73.125,0.0,2020.0,1669.5249999999999,30.0,2.25,34.0,4.125,567.0684833526611,544.7363414764404,94.35681462287903,545.4307222366333,1751.592361688614,0.5267747515057891,252.7609806060791,18.44440770149231,9.125,432.5460443496704,3.148880772905238,110.15176582336426,1.4473873597718143,180.83578395843506,2.436987242438899,Serere,1.4833509613506786,33.45058142145701,1.4833509613506786,33.45058142145701,,,23.0,,,,,AAS2020_subregion,CHIRPS_v2.0_monthly+CHIRPS_v2.0_daily_climateserv,NASA_POWER_daily,,,district,False,False,A,Subregion panel assigned to districts via official AAS district grouping; district-level climate features used directly.
Teso,first_season_2020,65048.57182822785,56996.6283450636,21016.561981925144,0.3687334249789068,0.3230902907049682,13.604949639622852,14.02948358507436,15.836928908657988,0.1237835552243455,2020,2020.0,718.8491614870727,12.0,1.875,0.875,64.25,29.25,6.25,11.269178719280108,79.04015874862671,66.375,138.5,73.125,0.0,2020.0,1669.5249999999999,30.0,2.25,34.0,4.125,567.0684833526611,544.7363414764404,94.35681462287903,545.4307222366333,1751.592361688614,0.5267747515057891,252.7609806060791,18.44440770149231,9.125,432.5460443496704,3.148880772905238,110.15176582336426,1.4473873597718143,180.83578395843506,2.436987242438899,Soroti,1.8443527292763875,33.578105330727965,1.8443527292763875,33.578105330727965,,,,,,,,AAS2020_subregion,CHIRPS_v2.0_monthly+CHIRPS_v2.0_daily_climateserv,NASA_POWER_daily,,,district,False,False,A,Subregion panel assigned to districts via official AAS district grouping; district-level climate features used directly.
Teso,second_season_2020,7359.601433314435,1865.3162773463475,804.5424257630066,0.43131689544229557,0.109318749534603,33.78598630307698,54.34253164285448,33.71362572205208,0.7465465631192079,2020,2020.0,771.3133741170168,6.25,0.75,0.0,66.375,30.0,7.75,11.734419782703148,92.56062760949135,215.75,319.375,104.625,0.0,2020.0,1599.635625,15.125,0.0,11.0,1.625,567.0684833526611,544.7363414764404,94.35681462287903,545.4307222366333,1751.592361688614,0.5267747515057891,252.7609806060791,18.44440770149231,9.125,432.5460443496704,3.148880772905238,110.15176582336426,1.4473873597718143,180.83578395843506,2.436987242438899,Amuria,2.104745827458959,33.5971858707727,2.104745827458959,33.5971858707727,37.7,38.6,23.7,21.64,1.2816666666666665,21.7,6.2,AAS2020_subregion,CHIRPS_v2.0_monthly+CHIRPS_v2.0_daily_climateserv,NASA_POWER_daily,,,district,False,False,A,Subregion panel assigned to districts via official AAS district grouping; district-level climate features used directly.
Teso,second_season_2020,7359.601433314435,1865.3162773463475,804.5424257630066,0.43131689544229557,0.109318749534603,33.78598630307698,54.34253164285448,33.71362572205208,0.7465465631192079,2020,2020.0,771.3133741170168,6.25,0.75,0.0,66.375,30.0,7.75,11.734419782703148,92.56062760949135,215.75,319.375,104.625,0.0,2020.0,1599.635625,15.125,0.0,11.0,1.625,567.0684833526611,544.7363414764404,94.35681462287903,545.4307222366333,1751.592361688614,0.5267747515057891,252.7609806060791,18.44440770149231,9.125,432.5460443496704,3.148880772905238,110.15176582336426,1.4473873597718143,180.83578395843506,2.436987242438899,Bukedea,1.33673969214377,34.20822165137673,1.33673969214377,34.20822165137673,42.91666666666666,35.766666666666666,21.5,25.03333333333333,1.3316666666666666,24.7,6.2,AAS2020_subregion,CHIRPS_v2.0_monthly+CHIRPS_v2.0_daily_climateserv,NASA_POWER_daily,,,district,False,False,A,Subregion panel assigned to districts via official AAS district grouping; district-level climate features used directly.
Teso,second_season_2020,7359.601433314435,1865.3162773463475,804.5424257630066,0.43131689544229557,0.109318749534603,33.78598630307698,54.34253164285448,33.71362572205208,0.7465465631192079,2020,2020.0,771.3133741170168,6.25,0.75,0.0,66.375,30.0,7.75,11.734419782703148,92.56062760949135,215.75,319.375,104.625,0.0,2020.0,1599.635625,15.125,0.0,11.0,1.625,567.0684833526611,544.7363414764404,94.35681462287903,545.4307222366333,1751.592361688614,0.5267747515057891,252.7609806060791,18.44440770149231,9.125,432.5460443496704,3.148880772905238,110.15176582336426,1.4473873597718143,180.83578395843506,2.436987242438899,Kaberamaido,1.7715105224757035,33.1574345042046,1.7715105224757035,33.1574345042046,35.6,36.16666666666667,26.53333333333333,23.633333333333333,1.28,19.9,6.05,AAS2020_subregion,CHIRPS_v2.0_monthly+CHIRPS_v2.0_daily_climateserv,NASA_POWER_daily,,,district,False,False,A,Subregion panel assigned to districts via official AAS district grouping; district-level climate features used directly.
Teso,second_season_2020,7359.601433314435,1865.3162773463475,804.5424257630066,0.43131689544229557,0.109318749534603,33.78598630307698,54.34253164285448,33.71362572205208,0.7465465631192079,2020,2020.0,771.3133741170168,6.25,0.75,0.0,66.375,30.0,7.75,11.734419782703148,92.56062760949135,215.75,319.375,104.625,0.0,2020.0,1599.635625,15.125,0.0,11.0,1.625,567.0684833526611,544.7363414764404,94.35681462287903,545.4307222366333,1751.592361688614,0.5267747515057891,252.7609806060791,18.44440770149231,9.125,432.5460443496704,3.148880772905238,110.15176582336426,1.4473873597718143,180.83578395843506,2.436987242438899,Katakwi,2.1006235215220403,33.90105446901385,2.1006235215220403,33.90105446901385,38.175,37.15,25.116666666666667,22.7,1.3133333333333337,26.03333333333333,6.2,AAS2020_subregion,CHIRPS_v2.0_monthly+CHIRPS_v2.0_daily_climateserv,NASA_POWER_daily,,,district,False,False,A,Subregion panel assigned to districts via official AAS district grouping; district-level climate features used directly.
Teso,second_season_2020,7359.601433314435,1865.3162773463475,804.5424257630066,0.43131689544229557,0.109318749534603,33.78598630307698,54.34253164285448,33.71362572205208,0.7465465631192079,2020,2020.0,771.3133741170168,6.25,0.75,0.0,66.375,30.0,7.75,11.734419782703148,92.56062760949135,215.75,319.375,104.625,0.0,2020.0,1599.635625,15.125,0.0,11.0,1.625,567.0684833526611,544.7363414764404,94.35681462287903,545.4307222366333,1751.592361688614,0.5267747515057891,252.7609806060791,18.44440770149231,9.125,432.5460443496704,3.148880772905238,110.15176582336426,1.4473873597718143,180.83578395843506,2.436987242438899,Kumi,1.4420515599317698,33.93114888259595,1.4420515599317698,33.93114888259595,42.08,39.9,20.380000000000003,24.466666666666665,1.325,20.9,6.1,AAS2020_subregion,CHIRPS_v2.0_monthly+CHIRPS_v2.0_daily_climateserv,NASA_POWER_daily,,,district,False,False,A,Subregion panel assigned to districts via official AAS district grouping; district-level climate features used directly.
Teso,second_season_2020,7359.601433314435,1865.3162773463475,804.5424257630066,0.43131689544229557,0.109318749534603,33.78598630307698,54.34253164285448,33.71362572205208,0.7465465631192079,2020,2020.0,771.3133741170168,6.25,0.75,0.0,66.375,30.0,7.75,11.734419782703148,92.56062760949135,215.75,319.375,104.625,0.0,2020.0,1599.635625,15.125,0.0,11.0,1.625,567.0684833526611,544.7363414764404,94.35681462287903,545.4307222366333,1751.592361688614,0.5267747515057891,252.7609806060791,18.44440770149231,9.125,432.5460443496704,3.148880772905238,110.15176582336426,1.4473873597718143,180.83578395843506,2.436987242438899,Ngora,1.475446179937896,33.75041700135742,1.475446179937896,33.75041700135742,40.575,,23.4,16.7,1.332,,6.2,AAS2020_subregion,CHIRPS_v2.0_monthly+CHIRPS_v2.0_daily_climateserv,NASA_POWER_daily,,,district,False,False,A,Subregion panel assigned to districts via official AAS district grouping; district-level climate features used directly.
Teso,second_season_2020,7359.601433314435,1865.3162773463475,804.5424257630066,0.43131689544229557,0.109318749534603,33.78598630307698,54.34253164285448,33.71362572205208,0.7465465631192079,2020,2020.0,771.3133741170168,6.25,0.75,0.0,66.375,30.0,7.75,11.734419782703148,92.56062760949135,215.75,319.375,104.625,0.0,2020.0,1599.635625,15.125,0.0,11.0,1.625,567.0684833526611,544.7363414764404,94.35681462287903,545.4307222366333,1751.592361688614,0.5267747515057891,252.7609806060791,18.44440770149231,9.125,432.5460443496704,3.148880772905238,110.15176582336426,1.4473873597718143,180.83578395843506,2.436987242438899,Serere,1.4833509613506786,33.45058142145701,1.4833509613506786,33.45058142145701,,,23.0,,,,,AAS2020_subregion,CHIRPS_v2.0_monthly+CHIRPS_v2.0_daily_climateserv,NASA_POWER_daily,,,district,False,False,A,Subregion panel assigned to districts via official AAS district grouping; district-level climate features used directly.
Teso,second_season_2020,7359.601433314435,1865.3162773463475,804.5424257630066,0.43131689544229557,0.109318749534603,33.78598630307698,54.34253164285448,33.71362572205208,0.7465465631192079,2020,2020.0,771.3133741170168,6.25,0.75,0.0,66.375,30.0,7.75,11.734419782703148,92.56062760949135,215.75,319.375,104.625,0.0,2020.0,1599.635625,15.125,0.0,11.0,1.625,567.0684833526611,544.7363414764404,94.35681462287903,545.4307222366333,1751.592361688614,0.5267747515057891,252.7609806060791,18.44440770149231,9.125,432.5460443496704,3.148880772905238,110.15176582336426,1.4473873597718143,180.83578395843506,2.436987242438899,Soroti,1.8443527292763875,33.578105330727965,1.8443527292763875,33.578105330727965,,,,,,,,AAS2020_subregion,CHIRPS_v2.0_monthly+CHIRPS_v2.0_daily_climateserv,NASA_POWER_daily,,,district,False,False,A,Subregion panel assigned to districts via official AAS district grouping; district-level climate features used directly.
Teso,total_2020,72408.17326154228,58861.94462240995,21821.10440768815,0.37071667522483465,0.301362448806285,13.62455854446633,13.795122201975914,15.393839964481836,0.1870814858179422,2020,2020.0,1490.1625356040895,12.0,2.625,0.875,130.625,59.25,14.0,11.422720584285173,94.30053216218948,66.375,319.375,254.0,0.0,2020.0,3269.1606249999995,45.125,2.25,45.0,5.75,567.0684833526611,544.7363414764404,94.35681462287903,545.4307222366333,1751.592361688614,0.5267747515057891,252.7609806060791,18.44440770149231,9.125,432.5460443496704,3.148880772905238,110.15176582336426,1.4473873597718143,180.83578395843506,2.436987242438899,Amuria,2.104745827458959,33.5971858707727,2.104745827458959,33.5971858707727,37.7,38.6,23.7,21.64,1.2816666666666665,21.7,6.2,AAS2020_subregion,CHIRPS_v2.0_monthly+CHIRPS_v2.0_daily_climateserv,NASA_POWER_daily,,,district,False,False,A,Subregion panel assigned to districts via official AAS district grouping; district-level climate features used directly.
Teso,total_2020,72408.17326154228,58861.94462240995,21821.10440768815,0.37071667522483465,0.301362448806285,13.62455854446633,13.795122201975914,15.393839964481836,0.1870814858179422,2020,2020.0,1490.1625356040895,12.0,2.625,0.875,130.625,59.25,14.0,11.422720584285173,94.30053216218948,66.375,319.375,254.0,0.0,2020.0,3269.1606249999995,45.125,2.25,45.0,5.75,567.0684833526611,544.7363414764404,94.35681462287903,545.4307222366333,1751.592361688614,0.5267747515057891,252.7609806060791,18.44440770149231,9.125,432.5460443496704,3.148880772905238,110.15176582336426,1.4473873597718143,180.83578395843506,2.436987242438899,Bukedea,1.33673969214377,34.20822165137673,1.33673969214377,34.20822165137673,42.91666666666666,35.766666666666666,21.5,25.03333333333333,1.3316666666666666,24.7,6.2,AAS2020_subregion,CHIRPS_v2.0_monthly+CHIRPS_v2.0_daily_climateserv,NASA_POWER_daily,,,district,False,False,A,Subregion panel assigned to districts via official AAS district grouping; district-level climate features used directly.
Teso,total_2020,72408.17326154228,58861.94462240995,21821.10440768815,0.37071667522483465,0.301362448806285,13.62455854446633,13.795122201975914,15.393839964481836,0.1870814858179422,2020,2020.0,1490.1625356040895,12.0,2.625,0.875,130.625,59.25,14.0,11.422720584285173,94.30053216218948,66.375,319.375,254.0,0.0,2020.0,3269.1606249999995,45.125,2.25,45.0,5.75,567.0684833526611,544.7363414764404,94.35681462287903,545.4307222366333,1751.592361688614,0.5267747515057891,252.7609806060791,18.44440770149231,9.125,432.5460443496704,3.148880772905238,110.15176582336426,1.4473873597718143,180.83578395843506,2.436987242438899,Kaberamaido,1.7715105224757035,33.1574345042046,1.7715105224757035,33.1574345042046,35.6,36.16666666666667,26.53333333333333,23.633333333333333,1.28,19.9,6.05,AAS2020_subregion,CHIRPS_v2.0_monthly+CHIRPS_v2.0_daily_climateserv,NASA_POWER_daily,,,district,False,False,A,Subregion panel assigned to districts via official AAS district grouping; district-level climate features used directly.
Teso,total_2020,72408.17326154228,58861.94462240995,21821.10440768815,0.37071667522483465,0.301362448806285,13.62455854446633,13.795122201975914,15.393839964481836,0.1870814858179422,2020,2020.0,1490.1625356040895,12.0,2.625,0.875,130.625,59.25,14.0,11.422720584285173,94.30053216218948,66.375,319.375,254.0,0.0,2020.0,3269.1606249999995,45.125,2.25,45.0,5.75,567.0684833526611,544.7363414764404,94.35681462287903,545.4307222366333,1751.592361688614,0.5267747515057891,252.7609806060791,18.44440770149231,9.125,432.5460443496704,3.148880772905238,110.15176582336426,1.4473873597718143,180.83578395843506,2.436987242438899,Katakwi,2.1006235215220403,33.90105446901385,2.1006235215220403,33.90105446901385,38.175,37.15,25.116666666666667,22.7,1.3133333333333337,26.03333333333333,6.2,AAS2020_subregion,CHIRPS_v2.0_monthly+CHIRPS_v2.0_daily_climateserv,NASA_POWER_daily,,,district,False,False,A,Subregion panel assigned to districts via official AAS district grouping; district-level climate features used directly.
Teso,total_2020,72408.17326154228,58861.94462240995,21821.10440768815,0.37071667522483465,0.301362448806285,13.62455854446633,13.795122201975914,15.393839964481836,0.1870814858179422,2020,2020.0,1490.1625356040895,12.0,2.625,0.875,130.625,59.25,14.0,11.422720584285173,94.30053216218948,66.375,319.375,254.0,0.0,2020.0,3269.1606249999995,45.125,2.25,45.0,5.75,567.0684833526611,544.7363414764404,94.35681462287903,545.4307222366333,1751.592361688614,0.5267747515057891,252.7609806060791,18.44440770149231,9.125,432.5460443496704,3.148880772905238,110.15176582336426,1.4473873597718143,180.83578395843506,2.436987242438899,Kumi,1.4420515599317698,33.93114888259595,1.4420515599317698,33.93114888259595,42.08,39.9,20.380000000000003,24.466666666666665,1.325,20.9,6.1,AAS2020_subregion,CHIRPS_v2.0_monthly+CHIRPS_v2.0_daily_climateserv,NASA_POWER_daily,,,district,False,False,A,Subregion panel assigned to districts via official AAS district grouping; district-level climate features used directly.
Teso,total_2020,72408.17326154228,58861.94462240995,21821.10440768815,0.37071667522483465,0.301362448806285,13.62455854446633,13.795122201975914,15.393839964481836,0.1870814858179422,2020,2020.0,1490.1625356040895,12.0,2.625,0.875,130.625,59.25,14.0,11.422720584285173,94.30053216218948,66.375,319.375,254.0,0.0,2020.0,3269.1606249999995,45.125,2.25,45.0,5.75,567.0684833526611,544.7363414764404,94.35681462287903,545.4307222366333,1751.592361688614,0.5267747515057891,252.7609806060791,18.44440770149231,9.125,432.5460443496704,3.148880772905238,110.15176582336426,1.4473873597718143,180.83578395843506,2.436987242438899,Ngora,1.475446179937896,33.75041700135742,1.475446179937896,33.75041700135742,40.575,,23.4,16.7,1.332,,6.2,AAS2020_subregion,CHIRPS_v2.0_monthly+CHIRPS_v2.0_daily_climateserv,NASA_POWER_daily,,,district,False,False,A,Subregion panel assigned to districts via official AAS district grouping; district-level climate features used directly.
Teso,total_2020,72408.17326154228,58861.94462240995,21821.10440768815,0.37071667522483465,0.301362448806285,13.62455854446633,13.795122201975914,15.393839964481836,0.1870814858179422,2020,2020.0,1490.1625356040895,12.0,2.625,0.875,130.625,59.25,14.0,11.422720584285173,94.30053216218948,66.375,319.375,254.0,0.0,2020.0,3269.1606249999995,45.125,2.25,45.0,5.75,567.0684833526611,544.7363414764404,94.35681462287903,545.4307222366333,1751.592361688614,0.5267747515057891,252.7609806060791,18.44440770149231,9.125,432.5460443496704,3.148880772905238,110.15176582336426,1.4473873597718143,180.83578395843506,2.436987242438899,Serere,1.4833509613506786,33.45058142145701,1.4833509613506786,33.45058142145701,,,23.0,,,,,AAS2020_subregion,CHIRPS_v2.0_monthly+CHIRPS_v2.0_daily_climateserv,NASA_POWER_daily,,,district,False,False,A,Subregion panel assigned to districts via official AAS district grouping; district-level climate features used directly.
Teso,total_2020,72408.17326154228,58861.94462240995,21821.10440768815,0.37071667522483465,0.301362448806285,13.62455854446633,13.795122201975914,15.393839964481836,0.1870814858179422,2020,2020.0,1490.1625356040895,12.0,2.625,0.875,130.625,59.25,14.0,11.422720584285173,94.30053216218948,66.375,319.375,254.0,0.0,2020.0,3269.1606249999995,45.125,2.25,45.0,5.75,567.0684833526611,544.7363414764404,94.35681462287903,545.4307222366333,1751.592361688614,0.5267747515057891,252.7609806060791,18.44440770149231,9.125,432.5460443496704,3.148880772905238,110.15176582336426,1.4473873597718143,180.83578395843506,2.436987242438899,Soroti,1.8443527292763875,33.578105330727965,1.8443527292763875,33.578105330727965,,,,,,,,AAS2020_subregion,CHIRPS_v2.0_monthly+CHIRPS_v2.0_daily_climateserv,NASA_POWER_daily,,,district,False,False,A,Subregion panel assigned to districts via official AAS district grouping; district-level climate features used directly.
Tooro,first_season_2020,13284.98754284861,12351.182642997628,5913.857110104041,0.4788089757102604,0.4451533801616175,20.30143096856489,21.029170666207342,21.55090374209809,0.0702902352628591,2020,2020.0,420.3883653643231,7.5,1.3333333333333333,0.0,59.833333333333336,11.833333333333334,2.3333333333333335,7.062722270110696,71.11472137769063,79.83333333333333,172.66666666666666,93.83333333333333,0.0,2020.0,1342.7875000000001,0.0,0.0,0.0,0.0,355.97414525349933,431.6625912984212,204.09065055847168,212.6048501332601,1204.3322372436523,0.47932599741362775,190.47071838378906,32.74074681599935,9.166666666666666,16.10162099202474,0.1709815567377501,-12.726359049479166,-0.2667215358856098,13.203530629475912,0.21729363402539736,Bundibugyo,0.6913731300069565,30.049763836755943,0.6913731300069565,30.049763836755943,,,,,,19.43333333333333,5.4,AAS2020_subregion,CHIRPS_v2.0_monthly+CHIRPS_v2.0_daily_climateserv,NASA_POWER_daily,,,district,False,False,A,Subregion panel assigned to districts via official AAS district grouping; district-level climate features used directly.
Tooro,first_season_2020,13284.98754284861,12351.182642997628,5913.857110104041,0.4788089757102604,0.4451533801616175,20.30143096856489,21.029170666207342,21.55090374209809,0.0702902352628591,2020,2020.0,420.3883653643231,7.5,1.3333333333333333,0.0,59.833333333333336,11.833333333333334,2.3333333333333335,7.062722270110696,71.11472137769063,79.83333333333333,172.66666666666666,93.83333333333333,0.0,2020.0,1342.7875000000001,0.0,0.0,0.0,0.0,355.97414525349933,431.6625912984212,204.09065055847168,212.6048501332601,1204.3322372436523,0.47932599741362775,190.47071838378906,32.74074681599935,9.166666666666666,16.10162099202474,0.1709815567377501,-12.726359049479166,-0.2667215358856098,13.203530629475912,0.21729363402539736,Kabarole,0.5840987798868537,30.33425453161813,0.5840987798868537,30.33425453161813,43.1,32.6,24.3,28.1,1.14,21.1,5.5,AAS2020_subregion,CHIRPS_v2.0_monthly+CHIRPS_v2.0_daily_climateserv,NASA_POWER_daily,,,district,False,False,A,Subregion panel assigned to districts via official AAS district grouping; district-level climate features used directly.
Tooro,first_season_2020,13284.98754284861,12351.182642997628,5913.857110104041,0.4788089757102604,0.4451533801616175,20.30143096856489,21.029170666207342,21.55090374209809,0.0702902352628591,2020,2020.0,420.3883653643231,7.5,1.3333333333333333,0.0,59.833333333333336,11.833333333333334,2.3333333333333335,7.062722270110696,71.11472137769063,79.83333333333333,172.66666666666666,93.83333333333333,0.0,2020.0,1342.7875000000001,0.0,0.0,0.0,0.0,355.97414525349933,431.6625912984212,204.09065055847168,212.6048501332601,1204.3322372436523,0.47932599741362775,190.47071838378906,32.74074681599935,9.166666666666666,16.10162099202474,0.1709815567377501,-12.726359049479166,-0.2667215358856098,13.203530629475912,0.21729363402539736,Kamwenge,0.344750327473559,30.530502420484357,0.344750327473559,30.530502420484357,34.93333333333334,37.91666666666667,27.3,39.06666666666667,1.3175,,5.9,AAS2020_subregion,CHIRPS_v2.0_monthly+CHIRPS_v2.0_daily_climateserv,NASA_POWER_daily,,,district,False,False,A,Subregion panel assigned to districts via official AAS district grouping; district-level climate features used directly.
Tooro,first_season_2020,13284.98754284861,12351.182642997628,5913.857110104041,0.4788089757102604,0.4451533801616175,20.30143096856489,21.029170666207342,21.55090374209809,0.0702902352628591,2020,2020.0,420.3883653643231,7.5,1.3333333333333333,0.0,59.833333333333336,11.833333333333334,2.3333333333333335,7.062722270110696,71.11472137769063,79.83333333333333,172.66666666666666,93.83333333333333,0.0,2020.0,1342.7875000000001,0.0,0.0,0.0,0.0,355.97414525349933,431.6625912984212,204.09065055847168,212.6048501332601,1204.3322372436523,0.47932599741362775,190.47071838378906,32.74074681599935,9.166666666666666,16.10162099202474,0.1709815567377501,-12.726359049479166,-0.2667215358856098,13.203530629475912,0.21729363402539736,Kasese,0.1866640688426157,30.047453915474968,0.1866640688426157,30.047453915474968,35.0,,27.95,37.4,1.2233333333333334,24.625,6.1,AAS2020_subregion,CHIRPS_v2.0_monthly+CHIRPS_v2.0_daily_climateserv,NASA_POWER_daily,,,district,False,False,A,Subregion panel assigned to districts via official AAS district grouping; district-level climate features used directly.
Tooro,first_season_2020,13284.98754284861,12351.182642997628,5913.857110104041,0.4788089757102604,0.4451533801616175,20.30143096856489,21.029170666207342,21.55090374209809,0.0702902352628591,2020,2020.0,420.3883653643231,7.5,1.3333333333333333,0.0,59.833333333333336,11.833333333333334,2.3333333333333335,7.062722270110696,71.11472137769063,79.83333333333333,172.66666666666666,93.83333333333333,0.0,2020.0,1342.7875000000001,0.0,0.0,0.0,0.0,355.97414525349933,431.6625912984212,204.09065055847168,212.6048501332601,1204.3322372436523,0.47932599741362775,190.47071838378906,32.74074681599935,9.166666666666666,16.10162099202474,0.1709815567377501,-12.726359049479166,-0.2667215358856098,13.203530629475912,0.21729363402539736,Kyegegwa,0.4875341651700774,30.99939795052489,0.4875341651700774,30.99939795052489,36.53333333333333,36.720000000000006,26.633333333333333,30.45,1.225,22.55,5.816666666666666,AAS2020_subregion,CHIRPS_v2.0_monthly+CHIRPS_v2.0_daily_climateserv,NASA_POWER_daily,,,district,False,False,A,Subregion panel assigned to districts via official AAS district grouping; district-level climate features used directly.
Tooro,first_season_2020,13284.98754284861,12351.182642997628,5913.857110104041,0.4788089757102604,0.4451533801616175,20.30143096856489,21.029170666207342,21.55090374209809,0.0702902352628591,2020,2020.0,420.3883653643231,7.5,1.3333333333333333,0.0,59.833333333333336,11.833333333333334,2.3333333333333335,7.062722270110696,71.11472137769063,79.83333333333333,172.66666666666666,93.83333333333333,0.0,2020.0,1342.7875000000001,0.0,0.0,0.0,0.0,355.97414525349933,431.6625912984212,204.09065055847168,212.6048501332601,1204.3322372436523,0.47932599741362775,190.47071838378906,32.74074681599935,9.166666666666666,16.10162099202474,0.1709815567377501,-12.726359049479166,-0.2667215358856098,13.203530629475912,0.21729363402539736,Kyenjojo,0.6104591172015063,30.634728580955628,0.6104591172015063,30.634728580955628,43.25,30.83333333333333,26.7,36.93333333333334,1.2583333333333333,19.56666666666667,,AAS2020_subregion,CHIRPS_v2.0_monthly+CHIRPS_v2.0_daily_climateserv,NASA_POWER_daily,,,district,False,False,A,Subregion panel assigned to districts via official AAS district grouping; district-level climate features used directly.
Tooro,second_season_2020,13598.459294654513,5547.553077917076,4542.698240694583,0.8188652144271537,0.3340597741451706,16.80720470168287,19.521719736714093,18.34434706047047,0.5920454694380126,2020,2020.0,539.9655496279398,5.666666666666667,0.16666666666666666,0.0,75.0,15.833333333333334,0.8333333333333334,7.215844390065075,54.739023526509605,237.16666666666666,334.0,97.83333333333333,0.0,2020.0,1314.0225,0.0,0.0,0.0,0.0,355.97414525349933,431.6625912984212,204.09065055847168,212.6048501332601,1204.3322372436523,0.47932599741362775,190.47071838378906,32.74074681599935,9.166666666666666,16.10162099202474,0.1709815567377501,-12.726359049479166,-0.2667215358856098,13.203530629475912,0.21729363402539736,Bundibugyo,0.6913731300069565,30.049763836755943,0.6913731300069565,30.049763836755943,,,,,,19.43333333333333,5.4,AAS2020_subregion,CHIRPS_v2.0_monthly+CHIRPS_v2.0_daily_climateserv,NASA_POWER_daily,,,district,False,False,A,Subregion panel assigned to districts via official AAS district grouping; district-level climate features used directly.
Tooro,second_season_2020,13598.459294654513,5547.553077917076,4542.698240694583,0.8188652144271537,0.3340597741451706,16.80720470168287,19.521719736714093,18.34434706047047,0.5920454694380126,2020,2020.0,539.9655496279398,5.666666666666667,0.16666666666666666,0.0,75.0,15.833333333333334,0.8333333333333334,7.215844390065075,54.739023526509605,237.16666666666666,334.0,97.83333333333333,0.0,2020.0,1314.0225,0.0,0.0,0.0,0.0,355.97414525349933,431.6625912984212,204.09065055847168,212.6048501332601,1204.3322372436523,0.47932599741362775,190.47071838378906,32.74074681599935,9.166666666666666,16.10162099202474,0.1709815567377501,-12.726359049479166,-0.2667215358856098,13.203530629475912,0.21729363402539736,Kabarole,0.5840987798868537,30.33425453161813,0.5840987798868537,30.33425453161813,43.1,32.6,24.3,28.1,1.14,21.1,5.5,AAS2020_subregion,CHIRPS_v2.0_monthly+CHIRPS_v2.0_daily_climateserv,NASA_POWER_daily,,,district,False,False,A,Subregion panel assigned to districts via official AAS district grouping; district-level climate features used directly.
Tooro,second_season_2020,13598.459294654513,5547.553077917076,4542.698240694583,0.8188652144271537,0.3340597741451706,16.80720470168287,19.521719736714093,18.34434706047047,0.5920454694380126,2020,2020.0,539.9655496279398,5.666666666666667,0.16666666666666666,0.0,75.0,15.833333333333334,0.8333333333333334,7.215844390065075,54.739023526509605,237.16666666666666,334.0,97.83333333333333,0.0,2020.0,1314.0225,0.0,0.0,0.0,0.0,355.97414525349933,431.6625912984212,204.09065055847168,212.6048501332601,1204.3322372436523,0.47932599741362775,190.47071838378906,32.74074681599935,9.166666666666666,16.10162099202474,0.1709815567377501,-12.726359049479166,-0.2667215358856098,13.203530629475912,0.21729363402539736,Kamwenge,0.344750327473559,30.530502420484357,0.344750327473559,30.530502420484357,34.93333333333334,37.91666666666667,27.3,39.06666666666667,1.3175,,5.9,AAS2020_subregion,CHIRPS_v2.0_monthly+CHIRPS_v2.0_daily_climateserv,NASA_POWER_daily,,,district,False,False,A,Subregion panel assigned to districts via official AAS district grouping; district-level climate features used directly.
Tooro,second_season_2020,13598.459294654513,5547.553077917076,4542.698240694583,0.8188652144271537,0.3340597741451706,16.80720470168287,19.521719736714093,18.34434706047047,0.5920454694380126,2020,2020.0,539.9655496279398,5.666666666666667,0.16666666666666666,0.0,75.0,15.833333333333334,0.8333333333333334,7.215844390065075,54.739023526509605,237.16666666666666,334.0,97.83333333333333,0.0,2020.0,1314.0225,0.0,0.0,0.0,0.0,355.97414525349933,431.6625912984212,204.09065055847168,212.6048501332601,1204.3322372436523,0.47932599741362775,190.47071838378906,32.74074681599935,9.166666666666666,16.10162099202474,0.1709815567377501,-12.726359049479166,-0.2667215358856098,13.203530629475912,0.21729363402539736,Kasese,0.1866640688426157,30.047453915474968,0.1866640688426157,30.047453915474968,35.0,,27.95,37.4,1.2233333333333334,24.625,6.1,AAS2020_subregion,CHIRPS_v2.0_monthly+CHIRPS_v2.0_daily_climateserv,NASA_POWER_daily,,,district,False,False,A,Subregion panel assigned to districts via official AAS district grouping; district-level climate features used directly.
Tooro,second_season_2020,13598.459294654513,5547.553077917076,4542.698240694583,0.8188652144271537,0.3340597741451706,16.80720470168287,19.521719736714093,18.34434706047047,0.5920454694380126,2020,2020.0,539.9655496279398,5.666666666666667,0.16666666666666666,0.0,75.0,15.833333333333334,0.8333333333333334,7.215844390065075,54.739023526509605,237.16666666666666,334.0,97.83333333333333,0.0,2020.0,1314.0225,0.0,0.0,0.0,0.0,355.97414525349933,431.6625912984212,204.09065055847168,212.6048501332601,1204.3322372436523,0.47932599741362775,190.47071838378906,32.74074681599935,9.166666666666666,16.10162099202474,0.1709815567377501,-12.726359049479166,-0.2667215358856098,13.203530629475912,0.21729363402539736,Kyegegwa,0.4875341651700774,30.99939795052489,0.4875341651700774,30.99939795052489,36.53333333333333,36.720000000000006,26.633333333333333,30.45,1.225,22.55,5.816666666666666,AAS2020_subregion,CHIRPS_v2.0_monthly+CHIRPS_v2.0_daily_climateserv,NASA_POWER_daily,,,district,False,False,A,Subregion panel assigned to districts via official AAS district grouping; district-level climate features used directly.
Tooro,second_season_2020,13598.459294654513,5547.553077917076,4542.698240694583,0.8188652144271537,0.3340597741451706,16.80720470168287,19.521719736714093,18.34434706047047,0.5920454694380126,2020,2020.0,539.9655496279398,5.666666666666667,0.16666666666666666,0.0,75.0,15.833333333333334,0.8333333333333334,7.215844390065075,54.739023526509605,237.16666666666666,334.0,97.83333333333333,0.0,2020.0,1314.0225,0.0,0.0,0.0,0.0,355.97414525349933,431.6625912984212,204.09065055847168,212.6048501332601,1204.3322372436523,0.47932599741362775,190.47071838378906,32.74074681599935,9.166666666666666,16.10162099202474,0.1709815567377501,-12.726359049479166,-0.2667215358856098,13.203530629475912,0.21729363402539736,Kyenjojo,0.6104591172015063,30.634728580955628,0.6104591172015063,30.634728580955628,43.25,30.83333333333333,26.7,36.93333333333334,1.2583333333333333,19.56666666666667,,AAS2020_subregion,CHIRPS_v2.0_monthly+CHIRPS_v2.0_daily_climateserv,NASA_POWER_daily,,,district,False,False,A,Subregion panel assigned to districts via official AAS district grouping; district-level climate features used directly.
Tooro,total_2020,26883.44683750312,17898.735720914705,10456.555350798622,0.5842063659602571,0.3889588791944435,14.795123134204603,16.913366580574912,16.756179911955595,0.3342097897972854,2020,2020.0,960.353914992263,7.833333333333333,1.5,0.0,134.83333333333334,27.666666666666668,3.1666666666666665,7.117704760634367,71.11472137769063,79.83333333333333,334.0,255.16666666666666,0.0,2020.0,2656.81,0.0,0.0,0.0,0.0,355.97414525349933,431.6625912984212,204.09065055847168,212.6048501332601,1204.3322372436523,0.47932599741362775,190.47071838378906,32.74074681599935,9.166666666666666,16.10162099202474,0.1709815567377501,-12.726359049479166,-0.2667215358856098,13.203530629475912,0.21729363402539736,Bundibugyo,0.6913731300069565,30.049763836755943,0.6913731300069565,30.049763836755943,,,,,,19.43333333333333,5.4,AAS2020_subregion,CHIRPS_v2.0_monthly+CHIRPS_v2.0_daily_climateserv,NASA_POWER_daily,,,district,False,False,A,Subregion panel assigned to districts via official AAS district grouping; district-level climate features used directly.
Tooro,total_2020,26883.44683750312,17898.735720914705,10456.555350798622,0.5842063659602571,0.3889588791944435,14.795123134204603,16.913366580574912,16.756179911955595,0.3342097897972854,2020,2020.0,960.353914992263,7.833333333333333,1.5,0.0,134.83333333333334,27.666666666666668,3.1666666666666665,7.117704760634367,71.11472137769063,79.83333333333333,334.0,255.16666666666666,0.0,2020.0,2656.81,0.0,0.0,0.0,0.0,355.97414525349933,431.6625912984212,204.09065055847168,212.6048501332601,1204.3322372436523,0.47932599741362775,190.47071838378906,32.74074681599935,9.166666666666666,16.10162099202474,0.1709815567377501,-12.726359049479166,-0.2667215358856098,13.203530629475912,0.21729363402539736,Kabarole,0.5840987798868537,30.33425453161813,0.5840987798868537,30.33425453161813,43.1,32.6,24.3,28.1,1.14,21.1,5.5,AAS2020_subregion,CHIRPS_v2.0_monthly+CHIRPS_v2.0_daily_climateserv,NASA_POWER_daily,,,district,False,False,A,Subregion panel assigned to districts via official AAS district grouping; district-level climate features used directly.
Tooro,total_2020,26883.44683750312,17898.735720914705,10456.555350798622,0.5842063659602571,0.3889588791944435,14.795123134204603,16.913366580574912,16.756179911955595,0.3342097897972854,2020,2020.0,960.353914992263,7.833333333333333,1.5,0.0,134.83333333333334,27.666666666666668,3.1666666666666665,7.117704760634367,71.11472137769063,79.83333333333333,334.0,255.16666666666666,0.0,2020.0,2656.81,0.0,0.0,0.0,0.0,355.97414525349933,431.6625912984212,204.09065055847168,212.6048501332601,1204.3322372436523,0.47932599741362775,190.47071838378906,32.74074681599935,9.166666666666666,16.10162099202474,0.1709815567377501,-12.726359049479166,-0.2667215358856098,13.203530629475912,0.21729363402539736,Kamwenge,0.344750327473559,30.530502420484357,0.344750327473559,30.530502420484357,34.93333333333334,37.91666666666667,27.3,39.06666666666667,1.3175,,5.9,AAS2020_subregion,CHIRPS_v2.0_monthly+CHIRPS_v2.0_daily_climateserv,NASA_POWER_daily,,,district,False,False,A,Subregion panel assigned to districts via official AAS district grouping; district-level climate features used directly.
Tooro,total_2020,26883.44683750312,17898.735720914705,10456.555350798622,0.5842063659602571,0.3889588791944435,14.795123134204603,16.913366580574912,16.756179911955595,0.3342097897972854,2020,2020.0,960.353914992263,7.833333333333333,1.5,0.0,134.83333333333334,27.666666666666668,3.1666666666666665,7.117704760634367,71.11472137769063,79.83333333333333,334.0,255.16666666666666,0.0,2020.0,2656.81,0.0,0.0,0.0,0.0,355.97414525349933,431.6625912984212,204.09065055847168,212.6048501332601,1204.3322372436523,0.47932599741362775,190.47071838378906,32.74074681599935,9.166666666666666,16.10162099202474,0.1709815567377501,-12.726359049479166,-0.2667215358856098,13.203530629475912,0.21729363402539736,Kasese,0.1866640688426157,30.047453915474968,0.1866640688426157,30.047453915474968,35.0,,27.95,37.4,1.2233333333333334,24.625,6.1,AAS2020_subregion,CHIRPS_v2.0_monthly+CHIRPS_v2.0_daily_climateserv,NASA_POWER_daily,,,district,False,False,A,Subregion panel assigned to districts via official AAS district grouping; district-level climate features used directly.
Tooro,total_2020,26883.44683750312,17898.735720914705,10456.555350798622,0.5842063659602571,0.3889588791944435,14.795123134204603,16.913366580574912,16.756179911955595,0.3342097897972854,2020,2020.0,960.353914992263,7.833333333333333,1.5,0.0,134.83333333333334,27.666666666666668,3.1666666666666665,7.117704760634367,71.11472137769063,79.83333333333333,334.0,255.16666666666666,0.0,2020.0,2656.81,0.0,0.0,0.0,0.0,355.97414525349933,431.6625912984212,204.09065055847168,212.6048501332601,1204.3322372436523,0.47932599741362775,190.47071838378906,32.74074681599935,9.166666666666666,16.10162099202474,0.1709815567377501,-12.726359049479166,-0.2667215358856098,13.203530629475912,0.21729363402539736,Kyegegwa,0.4875341651700774,30.99939795052489,0.4875341651700774,30.99939795052489,36.53333333333333,36.720000000000006,26.633333333333333,30.45,1.225,22.55,5.816666666666666,AAS2020_subregion,CHIRPS_v2.0_monthly+CHIRPS_v2.0_daily_climateserv,NASA_POWER_daily,,,district,False,False,A,Subregion panel assigned to districts via official AAS district grouping; district-level climate features used directly.
Tooro,total_2020,26883.44683750312,17898.735720914705,10456.555350798622,0.5842063659602571,0.3889588791944435,14.795123134204603,16.913366580574912,16.756179911955595,0.3342097897972854,2020,2020.0,960.353914992263,7.833333333333333,1.5,0.0,134.83333333333334,27.666666666666668,3.1666666666666665,7.117704760634367,71.11472137769063,79.83333333333333,334.0,255.16666666666666,0.0,2020.0,2656.81,0.0,0.0,0.0,0.0,355.97414525349933,431.6625912984212,204.09065055847168,212.6048501332601,1204.3322372436523,0.47932599741362775,190.47071838378906,32.74074681599935,9.166666666666666,16.10162099202474,0.1709815567377501,-12.726359049479166,-0.2667215358856098,13.203530629475912,0.21729363402539736,Kyenjojo,0.6104591172015063,30.634728580955628,0.6104591172015063,30.634728580955628,43.25,30.83333333333333,26.7,36.93333333333334,1.2583333333333333,19.56666666666667,,AAS2020_subregion,CHIRPS_v2.0_monthly+CHIRPS_v2.0_daily_climateserv,NASA_POWER_daily,,,district,False,False,A,Subregion panel assigned to districts via official AAS district grouping; district-level climate features used directly.
West Nile,first_season_2020,20346.62966069895,13812.252229777523,5601.538197262956,0.4055485017270916,0.2753054579885901,20.363590611992983,19.04585118933058,20.07344790957988,0.3211528169475197,2020,2020.0,483.52667271438986,8.875,0.875,0.5,61.5,17.625,0.5,7.825545069772218,51.422300547361374,67.0,119.5,53.5,0.0,2020.0,1761.97375,36.5,7.5,65.125,3.375,360.669960975647,493.01258277893066,66.64463460445404,483.41222190856934,1403.739400267601,0.5647084882010742,203.7938175201416,13.26979124546051,9.125,111.49882352352142,1.1023286179104022,7.397730827331543,0.14432181147424195,62.93607711791992,1.0631675336045212,Adjumani,3.1071081067413435,31.73335152542036,3.1071081067413435,31.73335152542036,38.2,39.0,23.0,26.8,1.33,20.8,6.0,AAS2020_subregion,CHIRPS_v2.0_monthly+CHIRPS_v2.0_daily_climateserv,NASA_POWER_daily,,,district,False,False,A,Subregion panel assigned to districts via official AAS district grouping; district-level climate features used directly.
West Nile,first_season_2020,20346.62966069895,13812.252229777523,5601.538197262956,0.4055485017270916,0.2753054579885901,20.363590611992983,19.04585118933058,20.07344790957988,0.3211528169475197,2020,2020.0,483.52667271438986,8.875,0.875,0.5,61.5,17.625,0.5,7.825545069772218,51.422300547361374,67.0,119.5,53.5,0.0,2020.0,1761.97375,36.5,7.5,65.125,3.375,360.669960975647,493.01258277893066,66.64463460445404,483.41222190856934,1403.739400267601,0.5647084882010742,203.7938175201416,13.26979124546051,9.125,111.49882352352142,1.1023286179104022,7.397730827331543,0.14432181147424195,62.93607711791992,1.0631675336045212,Arua,3.052014223515101,31.074909972484136,3.052014223515101,31.074909972484136,35.766666666666666,,,20.4,1.3225,20.24,,AAS2020_subregion,CHIRPS_v2.0_monthly+CHIRPS_v2.0_daily_climateserv,NASA_POWER_daily,,,district,False,False,A,Subregion panel assigned to districts via official AAS district grouping; district-level climate features used directly.
West Nile,first_season_2020,20346.62966069895,13812.252229777523,5601.538197262956,0.4055485017270916,0.2753054579885901,20.363590611992983,19.04585118933058,20.07344790957988,0.3211528169475197,2020,2020.0,483.52667271438986,8.875,0.875,0.5,61.5,17.625,0.5,7.825545069772218,51.422300547361374,67.0,119.5,53.5,0.0,2020.0,1761.97375,36.5,7.5,65.125,3.375,360.669960975647,493.01258277893066,66.64463460445404,483.41222190856934,1403.739400267601,0.5647084882010742,203.7938175201416,13.26979124546051,9.125,111.49882352352142,1.1023286179104022,7.397730827331543,0.14432181147424195,62.93607711791992,1.0631675336045212,Koboko,3.510676781970545,30.978701242689617,3.510676781970545,30.978701242689617,36.7,,,17.9,1.28,,,AAS2020_subregion,CHIRPS_v2.0_monthly+CHIRPS_v2.0_daily_climateserv,NASA_POWER_daily,,,district,False,False,A,Subregion panel assigned to districts via official AAS district grouping; district-level climate features used directly.
West Nile,first_season_2020,20346.62966069895,13812.252229777523,5601.538197262956,0.4055485017270916,0.2753054579885901,20.363590611992983,19.04585118933058,20.07344790957988,0.3211528169475197,2020,2020.0,483.52667271438986,8.875,0.875,0.5,61.5,17.625,0.5,7.825545069772218,51.422300547361374,67.0,119.5,53.5,0.0,2020.0,1761.97375,36.5,7.5,65.125,3.375,360.669960975647,493.01258277893066,66.64463460445404,483.41222190856934,1403.739400267601,0.5647084882010742,203.7938175201416,13.26979124546051,9.125,111.49882352352142,1.1023286179104022,7.397730827331543,0.14432181147424195,62.93607711791992,1.0631675336045212,Maracha,3.2566236007273885,30.961310266786835,3.2566236007273885,30.961310266786835,33.6,,23.7,,1.29,,,AAS2020_subregion,CHIRPS_v2.0_monthly+CHIRPS_v2.0_daily_climateserv,NASA_POWER_daily,,,district,False,False,A,Subregion panel assigned to districts via official AAS district grouping; district-level climate features used directly.
West Nile,first_season_2020,20346.62966069895,13812.252229777523,5601.538197262956,0.4055485017270916,0.2753054579885901,20.363590611992983,19.04585118933058,20.07344790957988,0.3211528169475197,2020,2020.0,483.52667271438986,8.875,0.875,0.5,61.5,17.625,0.5,7.825545069772218,51.422300547361374,67.0,119.5,53.5,0.0,2020.0,1761.97375,36.5,7.5,65.125,3.375,360.669960975647,493.01258277893066,66.64463460445404,483.41222190856934,1403.739400267601,0.5647084882010742,203.7938175201416,13.26979124546051,9.125,111.49882352352142,1.1023286179104022,7.397730827331543,0.14432181147424195,62.93607711791992,1.0631675336045212,Moyo,3.624389701180688,31.68632753240945,3.624389701180688,31.68632753240945,35.7,40.7,23.53333333333333,25.32,1.2766666666666666,21.06666666666667,6.2,AAS2020_subregion,CHIRPS_v2.0_monthly+CHIRPS_v2.0_daily_climateserv,NASA_POWER_daily,,,district,False,False,A,Subregion panel assigned to districts via official AAS district grouping; district-level climate features used directly.
West Nile,first_season_2020,20346.62966069895,13812.252229777523,5601.538197262956,0.4055485017270916,0.2753054579885901,20.363590611992983,19.04585118933058,20.07344790957988,0.3211528169475197,2020,2020.0,483.52667271438986,8.875,0.875,0.5,61.5,17.625,0.5,7.825545069772218,51.422300547361374,67.0,119.5,53.5,0.0,2020.0,1761.97375,36.5,7.5,65.125,3.375,360.669960975647,493.01258277893066,66.64463460445404,483.41222190856934,1403.739400267601,0.5647084882010742,203.7938175201416,13.26979124546051,9.125,111.49882352352142,1.1023286179104022,7.397730827331543,0.14432181147424195,62.93607711791992,1.0631675336045212,Nebbi,2.450398946754796,31.156356789392397,2.450398946754796,31.156356789392397,35.58333333333333,41.18333333333333,22.575,20.55,1.33,17.633333333333333,6.1,AAS2020_subregion,CHIRPS_v2.0_monthly+CHIRPS_v2.0_daily_climateserv,NASA_POWER_daily,,,district,False,False,A,Subregion panel assigned to districts via official AAS district grouping; district-level climate features used directly.
West Nile,first_season_2020,20346.62966069895,13812.252229777523,5601.538197262956,0.4055485017270916,0.2753054579885901,20.363590611992983,19.04585118933058,20.07344790957988,0.3211528169475197,2020,2020.0,483.52667271438986,8.875,0.875,0.5,61.5,17.625,0.5,7.825545069772218,51.422300547361374,67.0,119.5,53.5,0.0,2020.0,1761.97375,36.5,7.5,65.125,3.375,360.669960975647,493.01258277893066,66.64463460445404,483.41222190856934,1403.739400267601,0.5647084882010742,203.7938175201416,13.26979124546051,9.125,111.49882352352142,1.1023286179104022,7.397730827331543,0.14432181147424195,62.93607711791992,1.0631675336045212,Yumbe,3.3757578957767094,31.25670029081544,3.3757578957767094,31.25670029081544,35.925,39.38333333333333,25.31666666666667,35.4,1.3183333333333334,20.133333333333333,6.033333333333333,AAS2020_subregion,CHIRPS_v2.0_monthly+CHIRPS_v2.0_daily_climateserv,NASA_POWER_daily,,,district,False,False,A,Subregion panel assigned to districts via official AAS district grouping; district-level climate features used directly.
West Nile,first_season_2020,20346.62966069895,13812.252229777523,5601.538197262956,0.4055485017270916,0.2753054579885901,20.363590611992983,19.04585118933058,20.07344790957988,0.3211528169475197,2020,2020.0,483.52667271438986,8.875,0.875,0.5,61.5,17.625,0.5,7.825545069772218,51.422300547361374,67.0,119.5,53.5,0.0,2020.0,1761.97375,36.5,7.5,65.125,3.375,360.669960975647,493.01258277893066,66.64463460445404,483.41222190856934,1403.739400267601,0.5647084882010742,203.7938175201416,13.26979124546051,9.125,111.49882352352142,1.1023286179104022,7.397730827331543,0.14432181147424195,62.93607711791992,1.0631675336045212,Zombo,2.563940024983629,30.9202107013206,2.563940024983629,30.9202107013206,45.08333333333333,36.83333333333333,18.075,27.3,1.23,14.633333333333336,5.8,AAS2020_subregion,CHIRPS_v2.0_monthly+CHIRPS_v2.0_daily_climateserv,NASA_POWER_daily,,,district,False,False,A,Subregion panel assigned to districts via official AAS district grouping; district-level climate features used directly.
West Nile,second_season_2020,24198.718150919853,14918.570534183047,10379.455815364154,0.6957406402698985,0.4289258526270163,20.49567736201292,18.52885981178847,22.64701621926756,0.3834974877123417,2020,2020.0,674.592796459794,7.125,0.75,0.125,72.25,24.625,3.875,9.322872237632467,67.03485369682312,222.125,325.875,104.75,0.0,2020.0,1560.473125,0.125,0.0,12.375,0.0,360.669960975647,493.01258277893066,66.64463460445404,483.41222190856934,1403.739400267601,0.5647084882010742,203.7938175201416,13.26979124546051,9.125,111.49882352352142,1.1023286179104022,7.397730827331543,0.14432181147424195,62.93607711791992,1.0631675336045212,Adjumani,3.1071081067413435,31.73335152542036,3.1071081067413435,31.73335152542036,38.2,39.0,23.0,26.8,1.33,20.8,6.0,AAS2020_subregion,CHIRPS_v2.0_monthly+CHIRPS_v2.0_daily_climateserv,NASA_POWER_daily,,,district,False,False,A,Subregion panel assigned to districts via official AAS district grouping; district-level climate features used directly.
West Nile,second_season_2020,24198.718150919853,14918.570534183047,10379.455815364154,0.6957406402698985,0.4289258526270163,20.49567736201292,18.52885981178847,22.64701621926756,0.3834974877123417,2020,2020.0,674.592796459794,7.125,0.75,0.125,72.25,24.625,3.875,9.322872237632467,67.03485369682312,222.125,325.875,104.75,0.0,2020.0,1560.473125,0.125,0.0,12.375,0.0,360.669960975647,493.01258277893066,66.64463460445404,483.41222190856934,1403.739400267601,0.5647084882010742,203.7938175201416,13.26979124546051,9.125,111.49882352352142,1.1023286179104022,7.397730827331543,0.14432181147424195,62.93607711791992,1.0631675336045212,Arua,3.052014223515101,31.074909972484136,3.052014223515101,31.074909972484136,35.766666666666666,,,20.4,1.3225,20.24,,AAS2020_subregion,CHIRPS_v2.0_monthly+CHIRPS_v2.0_daily_climateserv,NASA_POWER_daily,,,district,False,False,A,Subregion panel assigned to districts via official AAS district grouping; district-level climate features used directly.
West Nile,second_season_2020,24198.718150919853,14918.570534183047,10379.455815364154,0.6957406402698985,0.4289258526270163,20.49567736201292,18.52885981178847,22.64701621926756,0.3834974877123417,2020,2020.0,674.592796459794,7.125,0.75,0.125,72.25,24.625,3.875,9.322872237632467,67.03485369682312,222.125,325.875,104.75,0.0,2020.0,1560.473125,0.125,0.0,12.375,0.0,360.669960975647,493.01258277893066,66.64463460445404,483.41222190856934,1403.739400267601,0.5647084882010742,203.7938175201416,13.26979124546051,9.125,111.49882352352142,1.1023286179104022,7.397730827331543,0.14432181147424195,62.93607711791992,1.0631675336045212,Koboko,3.510676781970545,30.978701242689617,3.510676781970545,30.978701242689617,36.7,,,17.9,1.28,,,AAS2020_subregion,CHIRPS_v2.0_monthly+CHIRPS_v2.0_daily_climateserv,NASA_POWER_daily,,,district,False,False,A,Subregion panel assigned to districts via official AAS district grouping; district-level climate features used directly.
West Nile,second_season_2020,24198.718150919853,14918.570534183047,10379.455815364154,0.6957406402698985,0.4289258526270163,20.49567736201292,18.52885981178847,22.64701621926756,0.3834974877123417,2020,2020.0,674.592796459794,7.125,0.75,0.125,72.25,24.625,3.875,9.322872237632467,67.03485369682312,222.125,325.875,104.75,0.0,2020.0,1560.473125,0.125,0.0,12.375,0.0,360.669960975647,493.01258277893066,66.64463460445404,483.41222190856934,1403.739400267601,0.5647084882010742,203.7938175201416,13.26979124546051,9.125,111.49882352352142,1.1023286179104022,7.397730827331543,0.14432181147424195,62.93607711791992,1.0631675336045212,Maracha,3.2566236007273885,30.961310266786835,3.2566236007273885,30.961310266786835,33.6,,23.7,,1.29,,,AAS2020_subregion,CHIRPS_v2.0_monthly+CHIRPS_v2.0_daily_climateserv,NASA_POWER_daily,,,district,False,False,A,Subregion panel assigned to districts via official AAS district grouping; district-level climate features used directly.
West Nile,second_season_2020,24198.718150919853,14918.570534183047,10379.455815364154,0.6957406402698985,0.4289258526270163,20.49567736201292,18.52885981178847,22.64701621926756,0.3834974877123417,2020,2020.0,674.592796459794,7.125,0.75,0.125,72.25,24.625,3.875,9.322872237632467,67.03485369682312,222.125,325.875,104.75,0.0,2020.0,1560.473125,0.125,0.0,12.375,0.0,360.669960975647,493.01258277893066,66.64463460445404,483.41222190856934,1403.739400267601,0.5647084882010742,203.7938175201416,13.26979124546051,9.125,111.49882352352142,1.1023286179104022,7.397730827331543,0.14432181147424195,62.93607711791992,1.0631675336045212,Moyo,3.624389701180688,31.68632753240945,3.624389701180688,31.68632753240945,35.7,40.7,23.53333333333333,25.32,1.2766666666666666,21.06666666666667,6.2,AAS2020_subregion,CHIRPS_v2.0_monthly+CHIRPS_v2.0_daily_climateserv,NASA_POWER_daily,,,district,False,False,A,Subregion panel assigned to districts via official AAS district grouping; district-level climate features used directly.
West Nile,second_season_2020,24198.718150919853,14918.570534183047,10379.455815364154,0.6957406402698985,0.4289258526270163,20.49567736201292,18.52885981178847,22.64701621926756,0.3834974877123417,2020,2020.0,674.592796459794,7.125,0.75,0.125,72.25,24.625,3.875,9.322872237632467,67.03485369682312,222.125,325.875,104.75,0.0,2020.0,1560.473125,0.125,0.0,12.375,0.0,360.669960975647,493.01258277893066,66.64463460445404,483.41222190856934,1403.739400267601,0.5647084882010742,203.7938175201416,13.26979124546051,9.125,111.49882352352142,1.1023286179104022,7.397730827331543,0.14432181147424195,62.93607711791992,1.0631675336045212,Nebbi,2.450398946754796,31.156356789392397,2.450398946754796,31.156356789392397,35.58333333333333,41.18333333333333,22.575,20.55,1.33,17.633333333333333,6.1,AAS2020_subregion,CHIRPS_v2.0_monthly+CHIRPS_v2.0_daily_climateserv,NASA_POWER_daily,,,district,False,False,A,Subregion panel assigned to districts via official AAS district grouping; district-level climate features used directly.
West Nile,second_season_2020,24198.718150919853,14918.570534183047,10379.455815364154,0.6957406402698985,0.4289258526270163,20.49567736201292,18.52885981178847,22.64701621926756,0.3834974877123417,2020,2020.0,674.592796459794,7.125,0.75,0.125,72.25,24.625,3.875,9.322872237632467,67.03485369682312,222.125,325.875,104.75,0.0,2020.0,1560.473125,0.125,0.0,12.375,0.0,360.669960975647,493.01258277893066,66.64463460445404,483.41222190856934,1403.739400267601,0.5647084882010742,203.7938175201416,13.26979124546051,9.125,111.49882352352142,1.1023286179104022,7.397730827331543,0.14432181147424195,62.93607711791992,1.0631675336045212,Yumbe,3.3757578957767094,31.25670029081544,3.3757578957767094,31.25670029081544,35.925,39.38333333333333,25.31666666666667,35.4,1.3183333333333334,20.133333333333333,6.033333333333333,AAS2020_subregion,CHIRPS_v2.0_monthly+CHIRPS_v2.0_daily_climateserv,NASA_POWER_daily,,,district,False,False,A,Subregion panel assigned to districts via official AAS district grouping; district-level climate features used directly.
West Nile,second_season_2020,24198.718150919853,14918.570534183047,10379.455815364154,0.6957406402698985,0.4289258526270163,20.49567736201292,18.52885981178847,22.64701621926756,0.3834974877123417,2020,2020.0,674.592796459794,7.125,0.75,0.125,72.25,24.625,3.875,9.322872237632467,67.03485369682312,222.125,325.875,104.75,0.0,2020.0,1560.473125,0.125,0.0,12.375,0.0,360.669960975647,493.01258277893066,66.64463460445404,483.41222190856934,1403.739400267601,0.5647084882010742,203.7938175201416,13.26979124546051,9.125,111.49882352352142,1.1023286179104022,7.397730827331543,0.14432181147424195,62.93607711791992,1.0631675336045212,Zombo,2.563940024983629,30.9202107013206,2.563940024983629,30.9202107013206,45.08333333333333,36.83333333333333,18.075,27.3,1.23,14.633333333333336,5.8,AAS2020_subregion,CHIRPS_v2.0_monthly+CHIRPS_v2.0_daily_climateserv,NASA_POWER_daily,,,district,False,False,A,Subregion panel assigned to districts via official AAS district grouping; district-level climate features used directly.
West Nile,total_2020,44545.347811618805,28730.82276396057,15980.99401262711,0.5562316869210366,0.3587578680541534,12.440661082857831,10.708103406580738,15.739178902715958,0.3550208007026341,2020,2020.0,1158.119469174184,9.25,1.625,0.625,133.75,42.25,4.375,8.351270635323328,67.03485369682312,67.0,325.875,259.875,0.0,2020.0,3322.446875,36.625,7.5,77.5,3.375,360.669960975647,493.01258277893066,66.64463460445404,483.41222190856934,1403.739400267601,0.5647084882010742,203.7938175201416,13.26979124546051,9.125,111.49882352352142,1.1023286179104022,7.397730827331543,0.14432181147424195,62.93607711791992,1.0631675336045212,Adjumani,3.1071081067413435,31.73335152542036,3.1071081067413435,31.73335152542036,38.2,39.0,23.0,26.8,1.33,20.8,6.0,AAS2020_subregion,CHIRPS_v2.0_monthly+CHIRPS_v2.0_daily_climateserv,NASA_POWER_daily,,,district,False,False,A,Subregion panel assigned to districts via official AAS district grouping; district-level climate features used directly.
West Nile,total_2020,44545.347811618805,28730.82276396057,15980.99401262711,0.5562316869210366,0.3587578680541534,12.440661082857831,10.708103406580738,15.739178902715958,0.3550208007026341,2020,2020.0,1158.119469174184,9.25,1.625,0.625,133.75,42.25,4.375,8.351270635323328,67.03485369682312,67.0,325.875,259.875,0.0,2020.0,3322.446875,36.625,7.5,77.5,3.375,360.669960975647,493.01258277893066,66.64463460445404,483.41222190856934,1403.739400267601,0.5647084882010742,203.7938175201416,13.26979124546051,9.125,111.49882352352142,1.1023286179104022,7.397730827331543,0.14432181147424195,62.93607711791992,1.0631675336045212,Arua,3.052014223515101,31.074909972484136,3.052014223515101,31.074909972484136,35.766666666666666,,,20.4,1.3225,20.24,,AAS2020_subregion,CHIRPS_v2.0_monthly+CHIRPS_v2.0_daily_climateserv,NASA_POWER_daily,,,district,False,False,A,Subregion panel assigned to districts via official AAS district grouping; district-level climate features used directly.
West Nile,total_2020,44545.347811618805,28730.82276396057,15980.99401262711,0.5562316869210366,0.3587578680541534,12.440661082857831,10.708103406580738,15.739178902715958,0.3550208007026341,2020,2020.0,1158.119469174184,9.25,1.625,0.625,133.75,42.25,4.375,8.351270635323328,67.03485369682312,67.0,325.875,259.875,0.0,2020.0,3322.446875,36.625,7.5,77.5,3.375,360.669960975647,493.01258277893066,66.64463460445404,483.41222190856934,1403.739400267601,0.5647084882010742,203.7938175201416,13.26979124546051,9.125,111.49882352352142,1.1023286179104022,7.397730827331543,0.14432181147424195,62.93607711791992,1.0631675336045212,Koboko,3.510676781970545,30.978701242689617,3.510676781970545,30.978701242689617,36.7,,,17.9,1.28,,,AAS2020_subregion,CHIRPS_v2.0_monthly+CHIRPS_v2.0_daily_climateserv,NASA_POWER_daily,,,district,False,False,A,Subregion panel assigned to districts via official AAS district grouping; district-level climate features used directly.
West Nile,total_2020,44545.347811618805,28730.82276396057,15980.99401262711,0.5562316869210366,0.3587578680541534,12.440661082857831,10.708103406580738,15.739178902715958,0.3550208007026341,2020,2020.0,1158.119469174184,9.25,1.625,0.625,133.75,42.25,4.375,8.351270635323328,67.03485369682312,67.0,325.875,259.875,0.0,2020.0,3322.446875,36.625,7.5,77.5,3.375,360.669960975647,493.01258277893066,66.64463460445404,483.41222190856934,1403.739400267601,0.5647084882010742,203.7938175201416,13.26979124546051,9.125,111.49882352352142,1.1023286179104022,7.397730827331543,0.14432181147424195,62.93607711791992,1.0631675336045212,Maracha,3.2566236007273885,30.961310266786835,3.2566236007273885,30.961310266786835,33.6,,23.7,,1.29,,,AAS2020_subregion,CHIRPS_v2.0_monthly+CHIRPS_v2.0_daily_climateserv,NASA_POWER_daily,,,district,False,False,A,Subregion panel assigned to districts via official AAS district grouping; district-level climate features used directly.
West Nile,total_2020,44545.347811618805,28730.82276396057,15980.99401262711,0.5562316869210366,0.3587578680541534,12.440661082857831,10.708103406580738,15.739178902715958,0.3550208007026341,2020,2020.0,1158.119469174184,9.25,1.625,0.625,133.75,42.25,4.375,8.351270635323328,67.03485369682312,67.0,325.875,259.875,0.0,2020.0,3322.446875,36.625,7.5,77.5,3.375,360.669960975647,493.01258277893066,66.64463460445404,483.41222190856934,1403.739400267601,0.5647084882010742,203.7938175201416,13.26979124546051,9.125,111.49882352352142,1.1023286179104022,7.397730827331543,0.14432181147424195,62.93607711791992,1.0631675336045212,Moyo,3.624389701180688,31.68632753240945,3.624389701180688,31.68632753240945,35.7,40.7,23.53333333333333,25.32,1.2766666666666666,21.06666666666667,6.2,AAS2020_subregion,CHIRPS_v2.0_monthly+CHIRPS_v2.0_daily_climateserv,NASA_POWER_daily,,,district,False,False,A,Subregion panel assigned to districts via official AAS district grouping; district-level climate features used directly.
West Nile,total_2020,44545.347811618805,28730.82276396057,15980.99401262711,0.5562316869210366,0.3587578680541534,12.440661082857831,10.708103406580738,15.739178902715958,0.3550208007026341,2020,2020.0,1158.119469174184,9.25,1.625,0.625,133.75,42.25,4.375,8.351270635323328,67.03485369682312,67.0,325.875,259.875,0.0,2020.0,3322.446875,36.625,7.5,77.5,3.375,360.669960975647,493.01258277893066,66.64463460445404,483.41222190856934,1403.739400267601,0.5647084882010742,203.7938175201416,13.26979124546051,9.125,111.49882352352142,1.1023286179104022,7.397730827331543,0.14432181147424195,62.93607711791992,1.0631675336045212,Nebbi,2.450398946754796,31.156356789392397,2.450398946754796,31.156356789392397,35.58333333333333,41.18333333333333,22.575,20.55,1.33,17.633333333333333,6.1,AAS2020_subregion,CHIRPS_v2.0_monthly+CHIRPS_v2.0_daily_climateserv,NASA_POWER_daily,,,district,False,False,A,Subregion panel assigned to districts via official AAS district grouping; district-level climate features used directly.
West Nile,total_2020,44545.347811618805,28730.82276396057,15980.99401262711,0.5562316869210366,0.3587578680541534,12.440661082857831,10.708103406580738,15.739178902715958,0.3550208007026341,2020,2020.0,1158.119469174184,9.25,1.625,0.625,133.75,42.25,4.375,8.351270635323328,67.03485369682312,67.0,325.875,259.875,0.0,2020.0,3322.446875,36.625,7.5,77.5,3.375,360.669960975647,493.01258277893066,66.64463460445404,483.41222190856934,1403.739400267601,0.5647084882010742,203.7938175201416,13.26979124546051,9.125,111.49882352352142,1.1023286179104022,7.397730827331543,0.14432181147424195,62.93607711791992,1.0631675336045212,Yumbe,3.3757578957767094,31.25670029081544,3.3757578957767094,31.25670029081544,35.925,39.38333333333333,25.31666666666667,35.4,1.3183333333333334,20.133333333333333,6.033333333333333,AAS2020_subregion,CHIRPS_v2.0_monthly+CHIRPS_v2.0_daily_climateserv,NASA_POWER_daily,,,district,False,False,A,Subregion panel assigned to districts via official AAS district grouping; district-level climate features used directly.
West Nile,total_2020,44545.347811618805,28730.82276396057,15980.99401262711,0.5562316869210366,0.3587578680541534,12.440661082857831,10.708103406580738,15.739178902715958,0.3550208007026341,2020,2020.0,1158.119469174184,9.25,1.625,0.625,133.75,42.25,4.375,8.351270635323328,67.03485369682312,67.0,325.875,259.875,0.0,2020.0,3322.446875,36.625,7.5,77.5,3.375,360.669960975647,493.01258277893066,66.64463460445404,483.41222190856934,1403.739400267601,0.5647084882010742,203.7938175201416,13.26979124546051,9.125,111.49882352352142,1.1023286179104022,7.397730827331543,0.14432181147424195,62.93607711791992,1.0631675336045212,Zombo,2.563940024983629,30.9202107013206,2.563940024983629,30.9202107013206,45.08333333333333,36.83333333333333,18.075,27.3,1.23,14.633333333333336,5.8,AAS2020_subregion,CHIRPS_v2.0_monthly+CHIRPS_v2.0_daily_climateserv,NASA_POWER_daily,,,district,False,False,A,Subregion panel assigned to districts via official AAS district grouping; district-level climate features used directly.
Acholi,total_2018,30393.0,8804.0,14739.0,0.6,0.5,,,27.6,0.7103280360609351,2018,2018.0,1297.993301793933,9.5,2.25,0.75,131.0,53.5,7.875,10.09085539189485,74.19288450479507,65.875,312.5,247.625,0.125,2018.0,3571.703125,113.875,13.5,76.25,11.5,587.9534330368042,367.18062353134155,84.7395316362381,463.0955591201782,1502.969147324562,0.5761652462293185,228.6103973388672,3.5434058904647827,9.5,181.1862906217575,1.6256564460291145,204.72643995285034,3.4001401929672337,-18.267350673675537,-0.2996272532481422,Agago,2.7930061395530275,33.31204317423587,2.7930061395530275,33.31204317423587,34.016666666666666,38.75,27.23333333333333,21.333333333333336,1.2983333333333331,22.0,6.2,AAS2020_subregion,CHIRPS_v2.0_monthly+CHIRPS_v2.0_daily_climateserv,NASA_POWER_daily,,,district,False,False,A,Subregion panel assigned to districts via official AAS district grouping; district-level climate features used directly.
Acholi,total_2018,30393.0,8804.0,14739.0,0.6,0.5,,,27.6,0.7103280360609351,2018,2018.0,1297.993301793933,9.5,2.25,0.75,131.0,53.5,7.875,10.09085539189485,74.19288450479507,65.875,312.5,247.625,0.125,2018.0,3571.703125,113.875,13.5,76.25,11.5,587.9534330368042,367.18062353134155,84.7395316362381,463.0955591201782,1502.969147324562,0.5761652462293185,228.6103973388672,3.5434058904647827,9.5,181.1862906217575,1.6256564460291145,204.72643995285034,3.4001401929672337,-18.267350673675537,-0.2996272532481422,Amuru,2.9832032742483587,31.838702189644746,2.9832032742483587,31.838702189644746,35.41666666666667,40.45,24.116666666666667,27.35,1.275,20.6,6.1,AAS2020_subregion,CHIRPS_v2.0_monthly+CHIRPS_v2.0_daily_climateserv,NASA_POWER_daily,,,district,False,False,A,Subregion panel assigned to districts via official AAS district grouping; district-level climate features used directly.
Acholi,total_2018,30393.0,8804.0,14739.0,0.6,0.5,,,27.6,0.7103280360609351,2018,2018.0,1297.993301793933,9.5,2.25,0.75,131.0,53.5,7.875,10.09085539189485,74.19288450479507,65.875,312.5,247.625,0.125,2018.0,3571.703125,113.875,13.5,76.25,11.5,587.9534330368042,367.18062353134155,84.7395316362381,463.0955591201782,1502.969147324562,0.5761652462293185,228.6103973388672,3.5434058904647827,9.5,181.1862906217575,1.6256564460291145,204.72643995285034,3.4001401929672337,-18.267350673675537,-0.2996272532481422,Gulu,2.9779834598684705,32.38685513102706,2.9779834598684705,32.38685513102706,37.516666666666666,37.45,25.03333333333333,23.7,1.306,19.65,6.3,AAS2020_subregion,CHIRPS_v2.0_monthly+CHIRPS_v2.0_daily_climateserv,NASA_POWER_daily,,,district,False,False,A,Subregion panel assigned to districts via official AAS district grouping; district-level climate features used directly.
Acholi,total_2018,30393.0,8804.0,14739.0,0.6,0.5,,,27.6,0.7103280360609351,2018,2018.0,1297.993301793933,9.5,2.25,0.75,131.0,53.5,7.875,10.09085539189485,74.19288450479507,65.875,312.5,247.625,0.125,2018.0,3571.703125,113.875,13.5,76.25,11.5,587.9534330368042,367.18062353134155,84.7395316362381,463.0955591201782,1502.969147324562,0.5761652462293185,228.6103973388672,3.5434058904647827,9.5,181.1862906217575,1.6256564460291145,204.72643995285034,3.4001401929672337,-18.267350673675537,-0.2996272532481422,Kitgum,3.307646037563655,33.16950142704869,3.307646037563655,33.16950142704869,35.58,38.2,26.025,34.7,1.31,21.7,6.2,AAS2020_subregion,CHIRPS_v2.0_monthly+CHIRPS_v2.0_daily_climateserv,NASA_POWER_daily,,,district,False,False,A,Subregion panel assigned to districts via official AAS district grouping; district-level climate features used directly.
Acholi,total_2018,30393.0,8804.0,14739.0,0.6,0.5,,,27.6,0.7103280360609351,2018,2018.0,1297.993301793933,9.5,2.25,0.75,131.0,53.5,7.875,10.09085539189485,74.19288450479507,65.875,312.5,247.625,0.125,2018.0,3571.703125,113.875,13.5,76.25,11.5,587.9534330368042,367.18062353134155,84.7395316362381,463.0955591201782,1502.969147324562,0.5761652462293185,228.6103973388672,3.5434058904647827,9.5,181.1862906217575,1.6256564460291145,204.72643995285034,3.4001401929672337,-18.267350673675537,-0.2996272532481422,Lamwo,3.3860375514530143,32.764728408701686,3.3860375514530143,32.764728408701686,34.1,40.425,25.0,,,21.9,6.2,AAS2020_subregion,CHIRPS_v2.0_monthly+CHIRPS_v2.0_daily_climateserv,NASA_POWER_daily,,,district,False,False,A,Subregion panel assigned to districts via official AAS district grouping; district-level climate features used directly.
Acholi,total_2018,30393.0,8804.0,14739.0,0.6,0.5,,,27.6,0.7103280360609351,2018,2018.0,1297.993301793933,9.5,2.25,0.75,131.0,53.5,7.875,10.09085539189485,74.19288450479507,65.875,312.5,247.625,0.125,2018.0,3571.703125,113.875,13.5,76.25,11.5,587.9534330368042,367.18062353134155,84.7395316362381,463.0955591201782,1502.969147324562,0.5761652462293185,228.6103973388672,3.5434058904647827,9.5,181.1862906217575,1.6256564460291145,204.72643995285034,3.4001401929672337,-18.267350673675537,-0.2996272532481422,Nwoya,2.6048242312904546,31.87910053369296,2.6048242312904546,31.87910053369296,32.8,45.833333333333336,21.0,21.3,1.35,23.7,,AAS2020_subregion,CHIRPS_v2.0_monthly+CHIRPS_v2.0_daily_climateserv,NASA_POWER_daily,,,district,False,False,A,Subregion panel assigned to districts via official AAS district grouping; district-level climate features used directly.
Acholi,total_2018,30393.0,8804.0,14739.0,0.6,0.5,,,27.6,0.7103280360609351,2018,2018.0,1297.993301793933,9.5,2.25,0.75,131.0,53.5,7.875,10.09085539189485,74.19288450479507,65.875,312.5,247.625,0.125,2018.0,3571.703125,113.875,13.5,76.25,11.5,587.9534330368042,367.18062353134155,84.7395316362381,463.0955591201782,1502.969147324562,0.5761652462293185,228.6103973388672,3.5434058904647827,9.5,181.1862906217575,1.6256564460291145,204.72643995285034,3.4001401929672337,-18.267350673675537,-0.2996272532481422,Omoro,2.679455304659223,32.443382834975075,2.679455304659223,32.443382834975075,,,,,,20.0,,AAS2020_subregion,CHIRPS_v2.0_monthly+CHIRPS_v2.0_daily_climateserv,NASA_POWER_daily,,,district,False,False,A,Subregion panel assigned to districts via official AAS district grouping; district-level climate features used directly.
Acholi,total_2018,30393.0,8804.0,14739.0,0.6,0.5,,,27.6,0.7103280360609351,2018,2018.0,1297.993301793933,9.5,2.25,0.75,131.0,53.5,7.875,10.09085539189485,74.19288450479507,65.875,312.5,247.625,0.125,2018.0,3571.703125,113.875,13.5,76.25,11.5,587.9534330368042,367.18062353134155,84.7395316362381,463.0955591201782,1502.969147324562,0.5761652462293185,228.6103973388672,3.5434058904647827,9.5,181.1862906217575,1.6256564460291145,204.72643995285034,3.4001401929672337,-18.267350673675537,-0.2996272532481422,Pader,2.8597845546680296,32.9142194521287,2.8597845546680296,32.9142194521287,33.7,40.06666666666666,26.5,15.2,,,,AAS2020_subregion,CHIRPS_v2.0_monthly+CHIRPS_v2.0_daily_climateserv,NASA_POWER_daily,,,district,False,False,A,Subregion panel assigned to districts via official AAS district grouping; district-level climate features used directly.
Ankole,total_2018,44860.0,14646.0,23401.0,0.5,0.5,,,28.9,0.6735176103432903,2018,2018.0,996.1152784257408,19.6,4.4,2.2,119.6,34.0,5.4,8.673759301200255,75.81697468757629,62.5,325.5,264.0,0.3,2018.0,2714.403,3.5,0.0,0.0,0.5,495.5467948913574,380.0913887023926,231.99917488098146,135.87353043556215,1243.5108889102935,0.6427294724306255,247.5020538330078,12.322136735916137,8.9,188.58798718452454,1.8995998933526397,181.84620895385743,3.737732083847076,-9.357119750976562,-0.19052904602842116,Buhweju,-0.3359757917834646,30.27755849899177,-0.3359757917834646,30.27755849899177,,,30.5,28.2,1.14,21.5,,AAS2020_subregion,CHIRPS_v2.0_monthly+CHIRPS_v2.0_daily_climateserv,NASA_POWER_daily,,,district,False,False,A,Subregion panel assigned to districts via official AAS district grouping; district-level climate features used directly.
Ankole,total_2018,44860.0,14646.0,23401.0,0.5,0.5,,,28.9,0.6735176103432903,2018,2018.0,996.1152784257408,19.6,4.4,2.2,119.6,34.0,5.4,8.673759301200255,75.81697468757629,62.5,325.5,264.0,0.3,2018.0,2714.403,3.5,0.0,0.0,0.5,495.5467948913574,380.0913887023926,231.99917488098146,135.87353043556215,1243.5108889102935,0.6427294724306255,247.5020538330078,12.322136735916137,8.9,188.58798718452454,1.8995998933526397,181.84620895385743,3.737732083847076,-9.357119750976562,-0.19052904602842116,Bushenyi,-0.4206909534501584,30.13708980539892,-0.4206909534501584,30.13708980539892,,,28.7,,1.23,23.12,5.7,AAS2020_subregion,CHIRPS_v2.0_monthly+CHIRPS_v2.0_daily_climateserv,NASA_POWER_daily,,,district,False,False,A,Subregion panel assigned to districts via official AAS district grouping; district-level climate features used directly.
Ankole,total_2018,44860.0,14646.0,23401.0,0.5,0.5,,,28.9,0.6735176103432903,2018,2018.0,996.1152784257408,19.6,4.4,2.2,119.6,34.0,5.4,8.673759301200255,75.81697468757629,62.5,325.5,264.0,0.3,2018.0,2714.403,3.5,0.0,0.0,0.5,495.5467948913574,380.0913887023926,231.99917488098146,135.87353043556215,1243.5108889102935,0.6427294724306255,247.5020538330078,12.322136735916137,8.9,188.58798718452454,1.8995998933526397,181.84620895385743,3.737732083847076,-9.357119750976562,-0.19052904602842116,Ibanda,-0.0051880907297385,30.54268502824297,-0.0051880907297385,30.54268502824297,35.96666666666667,33.33333333333333,30.68333333333333,28.75,1.3116666666666663,27.883333333333333,5.8,AAS2020_subregion,CHIRPS_v2.0_monthly+CHIRPS_v2.0_daily_climateserv,NASA_POWER_daily,,,district,False,False,A,Subregion panel assigned to districts via official AAS district grouping; district-level climate features used directly.
Ankole,total_2018,44860.0,14646.0,23401.0,0.5,0.5,,,28.9,0.6735176103432903,2018,2018.0,996.1152784257408,19.6,4.4,2.2,119.6,34.0,5.4,8.673759301200255,75.81697468757629,62.5,325.5,264.0,0.3,2018.0,2714.403,3.5,0.0,0.0,0.5,495.5467948913574,380.0913887023926,231.99917488098146,135.87353043556215,1243.5108889102935,0.6427294724306255,247.5020538330078,12.322136735916137,8.9,188.58798718452454,1.8995998933526397,181.84620895385743,3.737732083847076,-9.357119750976562,-0.19052904602842116,Isingiro,-0.7443276740301492,30.78529201274008,-0.7443276740301492,30.78529201274008,36.35,39.266666666666666,24.383333333333333,19.716666666666665,1.3516666666666666,19.53333333333333,6.0,AAS2020_subregion,CHIRPS_v2.0_monthly+CHIRPS_v2.0_daily_climateserv,NASA_POWER_daily,,,district,False,False,A,Subregion panel assigned to districts via official AAS district grouping; district-level climate features used directly.
Ankole,total_2018,44860.0,14646.0,23401.0,0.5,0.5,,,28.9,0.6735176103432903,2018,2018.0,996.1152784257408,19.6,4.4,2.2,119.6,34.0,5.4,8.673759301200255,75.81697468757629,62.5,325.5,264.0,0.3,2018.0,2714.403,3.5,0.0,0.0,0.5,495.5467948913574,380.0913887023926,231.99917488098146,135.87353043556215,1243.5108889102935,0.6427294724306255,247.5020538330078,12.322136735916137,8.9,188.58798718452454,1.8995998933526397,181.84620895385743,3.737732083847076,-9.357119750976562,-0.19052904602842116,Kiruhura,-0.3574551174544705,30.868965556560568,-0.3574551174544705,30.868965556560568,37.08333333333333,38.7,24.68333333333333,25.083333333333336,1.3316666666666666,19.7,,AAS2020_subregion,CHIRPS_v2.0_monthly+CHIRPS_v2.0_daily_climateserv,NASA_POWER_daily,,,district,False,False,A,Subregion panel assigned to districts via official AAS district grouping; district-level climate features used directly.
Ankole,total_2018,44860.0,14646.0,23401.0,0.5,0.5,,,28.9,0.6735176103432903,2018,2018.0,996.1152784257408,19.6,4.4,2.2,119.6,34.0,5.4,8.673759301200255,75.81697468757629,62.5,325.5,264.0,0.3,2018.0,2714.403,3.5,0.0,0.0,0.5,495.5467948913574,380.0913887023926,231.99917488098146,135.87353043556215,1243.5108889102935,0.6427294724306255,247.5020538330078,12.322136735916137,8.9,188.58798718452454,1.8995998933526397,181.84620895385743,3.737732083847076,-9.357119750976562,-0.19052904602842116,Mbarara,-0.5387368894262103,30.643938944381983,-0.5387368894262103,30.643938944381983,36.33333333333333,35.41666666666667,28.25,25.96666666666667,1.3633333333333335,19.916666666666668,6.016666666666667,AAS2020_subregion,CHIRPS_v2.0_monthly+CHIRPS_v2.0_daily_climateserv,NASA_POWER_daily,,,district,False,False,A,Subregion panel assigned to districts via official AAS district grouping; district-level climate features used directly.
Ankole,total_2018,44860.0,14646.0,23401.0,0.5,0.5,,,28.9,0.6735176103432903,2018,2018.0,996.1152784257408,19.6,4.4,2.2,119.6,34.0,5.4,8.673759301200255,75.81697468757629,62.5,325.5,264.0,0.3,2018.0,2714.403,3.5,0.0,0.0,0.5,495.5467948913574,380.0913887023926,231.99917488098146,135.87353043556215,1243.5108889102935,0.6427294724306255,247.5020538330078,12.322136735916137,8.9,188.58798718452454,1.8995998933526397,181.84620895385743,3.737732083847076,-9.357119750976562,-0.19052904602842116,Mitooma,-0.6178363077549905,29.9975239790968,-0.6178363077549905,29.9975239790968,35.6,,32.8,,,23.6,5.7,AAS2020_subregion,CHIRPS_v2.0_monthly+CHIRPS_v2.0_daily_climateserv,NASA_POWER_daily,,,district,False,False,A,Subregion panel assigned to districts via official AAS district grouping; district-level climate features used directly.
Ankole,total_2018,44860.0,14646.0,23401.0,0.5,0.5,,,28.9,0.6735176103432903,2018,2018.0,996.1152784257408,19.6,4.4,2.2,119.6,34.0,5.4,8.673759301200255,75.81697468757629,62.5,325.5,264.0,0.3,2018.0,2714.403,3.5,0.0,0.0,0.5,495.5467948913574,380.0913887023926,231.99917488098146,135.87353043556215,1243.5108889102935,0.6427294724306255,247.5020538330078,12.322136735916137,8.9,188.58798718452454,1.8995998933526397,181.84620895385743,3.737732083847076,-9.357119750976562,-0.19052904602842116,Ntungamo,-0.9433335769230948,30.25897834567976,-0.9433335769230948,30.25897834567976,,30.9,30.625,19.8,1.29,24.116666666666667,6.1,AAS2020_subregion,CHIRPS_v2.0_monthly+CHIRPS_v2.0_daily_climateserv,NASA_POWER_daily,,,district,False,False,A,Subregion panel assigned to districts via official AAS district grouping; district-level climate features used directly.
Ankole,total_2018,44860.0,14646.0,23401.0,0.5,0.5,,,28.9,0.6735176103432903,2018,2018.0,996.1152784257408,19.6,4.4,2.2,119.6,34.0,5.4,8.673759301200255,75.81697468757629,62.5,325.5,264.0,0.3,2018.0,2714.403,3.5,0.0,0.0,0.5,495.5467948913574,380.0913887023926,231.99917488098146,135.87353043556215,1243.5108889102935,0.6427294724306255,247.5020538330078,12.322136735916137,8.9,188.58798718452454,1.8995998933526397,181.84620895385743,3.737732083847076,-9.357119750976562,-0.19052904602842116,Rubirizi,-0.2878831110051649,30.11649966665435,-0.2878831110051649,30.11649966665435,39.7,,30.4,51.1,1.23,21.0,5.6,AAS2020_subregion,CHIRPS_v2.0_monthly+CHIRPS_v2.0_daily_climateserv,NASA_POWER_daily,,,district,False,False,A,Subregion panel assigned to districts via official AAS district grouping; district-level climate features used directly.
Ankole,total_2018,44860.0,14646.0,23401.0,0.5,0.5,,,28.9,0.6735176103432903,2018,2018.0,996.1152784257408,19.6,4.4,2.2,119.6,34.0,5.4,8.673759301200255,75.81697468757629,62.5,325.5,264.0,0.3,2018.0,2714.403,3.5,0.0,0.0,0.5,495.5467948913574,380.0913887023926,231.99917488098146,135.87353043556215,1243.5108889102935,0.6427294724306255,247.5020538330078,12.322136735916137,8.9,188.58798718452454,1.8995998933526397,181.84620895385743,3.737732083847076,-9.357119750976562,-0.19052904602842116,Sheema,-0.6064526724468084,30.30190643685336,-0.6064526724468084,30.30190643685336,34.1,33.0,29.1,,,,,AAS2020_subregion,CHIRPS_v2.0_monthly+CHIRPS_v2.0_daily_climateserv,NASA_POWER_daily,,,district,False,False,A,Subregion panel assigned to districts via official AAS district grouping; district-level climate features used directly.
Bukedi,total_2018,39058.0,8889.0,15568.0,0.4,0.4,,,24.8,0.7724153822520354,2018,2018.0,1223.6469823420048,9.666666666666666,3.1666666666666665,1.0,131.5,47.5,8.833333333333334,9.682857167300785,85.07590516408284,66.66666666666667,325.3333333333333,259.6666666666667,0.0,2018.0,3061.883333333333,19.666666666666668,0.0,11.833333333333334,2.0,688.6437784830729,296.1997750600179,179.76185401280722,309.0909481048584,1473.6963556607564,0.6202254517839495,256.36289469401044,17.54391272862752,10.5,101.55802138646443,0.8063606445629515,189.74026234944662,2.743545989419715,-95.46537335713704,-1.345063264936065,Budaka,1.0887212520432252,34.009018494261014,1.0887212520432252,34.009018494261014,,,,,,,,AAS2020_subregion,CHIRPS_v2.0_monthly+CHIRPS_v2.0_daily_climateserv,NASA_POWER_daily,,,district,False,False,A,Subregion panel assigned to districts via official AAS district grouping; district-level climate features used directly.
Bukedi,total_2018,39058.0,8889.0,15568.0,0.4,0.4,,,24.8,0.7724153822520354,2018,2018.0,1223.6469823420048,9.666666666666666,3.1666666666666665,1.0,131.5,47.5,8.833333333333334,9.682857167300785,85.07590516408284,66.66666666666667,325.3333333333333,259.6666666666667,0.0,2018.0,3061.883333333333,19.666666666666668,0.0,11.833333333333334,2.0,688.6437784830729,296.1997750600179,179.76185401280722,309.0909481048584,1473.6963556607564,0.6202254517839495,256.36289469401044,17.54391272862752,10.5,101.55802138646443,0.8063606445629515,189.74026234944662,2.743545989419715,-95.46537335713704,-1.345063264936065,Busia,0.4448260832734889,34.032737852243365,0.4448260832734889,34.032737852243365,,35.1,18.9,19.0,,18.6,,AAS2020_subregion,CHIRPS_v2.0_monthly+CHIRPS_v2.0_daily_climateserv,NASA_POWER_daily,,,district,False,False,A,Subregion panel assigned to districts via official AAS district grouping; district-level climate features used directly.
Bukedi,total_2018,39058.0,8889.0,15568.0,0.4,0.4,,,24.8,0.7724153822520354,2018,2018.0,1223.6469823420048,9.666666666666666,3.1666666666666665,1.0,131.5,47.5,8.833333333333334,9.682857167300785,85.07590516408284,66.66666666666667,325.3333333333333,259.6666666666667,0.0,2018.0,3061.883333333333,19.666666666666668,0.0,11.833333333333334,2.0,688.6437784830729,296.1997750600179,179.76185401280722,309.0909481048584,1473.6963556607564,0.6202254517839495,256.36289469401044,17.54391272862752,10.5,101.55802138646443,0.8063606445629515,189.74026234944662,2.743545989419715,-95.46537335713704,-1.345063264936065,Butaleja,0.8528562262542055,33.94419242105483,0.8528562262542055,33.94419242105483,,,,22.9,1.38,20.9,6.1,AAS2020_subregion,CHIRPS_v2.0_monthly+CHIRPS_v2.0_daily_climateserv,NASA_POWER_daily,,,district,False,False,A,Subregion panel assigned to districts via official AAS district grouping; district-level climate features used directly.
Bukedi,total_2018,39058.0,8889.0,15568.0,0.4,0.4,,,24.8,0.7724153822520354,2018,2018.0,1223.6469823420048,9.666666666666666,3.1666666666666665,1.0,131.5,47.5,8.833333333333334,9.682857167300785,85.07590516408284,66.66666666666667,325.3333333333333,259.6666666666667,0.0,2018.0,3061.883333333333,19.666666666666668,0.0,11.833333333333334,2.0,688.6437784830729,296.1997750600179,179.76185401280722,309.0909481048584,1473.6963556607564,0.6202254517839495,256.36289469401044,17.54391272862752,10.5,101.55802138646443,0.8063606445629515,189.74026234944662,2.743545989419715,-95.46537335713704,-1.345063264936065,Kibuku,1.073178462096525,33.82439760228314,1.073178462096525,33.82439760228314,39.5,36.05,23.95,22.33333333333333,1.31,20.1,5.9,AAS2020_subregion,CHIRPS_v2.0_monthly+CHIRPS_v2.0_daily_climateserv,NASA_POWER_daily,,,district,False,False,A,Subregion panel assigned to districts via official AAS district grouping; district-level climate features used directly.
Bukedi,total_2018,39058.0,8889.0,15568.0,0.4,0.4,,,24.8,0.7724153822520354,2018,2018.0,1223.6469823420048,9.666666666666666,3.1666666666666665,1.0,131.5,47.5,8.833333333333334,9.682857167300785,85.07590516408284,66.66666666666667,325.3333333333333,259.6666666666667,0.0,2018.0,3061.883333333333,19.666666666666668,0.0,11.833333333333334,2.0,688.6437784830729,296.1997750600179,179.76185401280722,309.0909481048584,1473.6963556607564,0.6202254517839495,256.36289469401044,17.54391272862752,10.5,101.55802138646443,0.8063606445629515,189.74026234944662,2.743545989419715,-95.46537335713704,-1.345063264936065,Pallisa,1.2229171619567758,33.664107182884344,1.2229171619567758,33.664107182884344,37.18333333333333,39.4,24.166666666666664,19.275,1.3233333333333337,18.18,5.85,AAS2020_subregion,CHIRPS_v2.0_monthly+CHIRPS_v2.0_daily_climateserv,NASA_POWER_daily,,,district,False,False,A,Subregion panel assigned to districts via official AAS district grouping; district-level climate features used directly.
Bukedi,total_2018,39058.0,8889.0,15568.0,0.4,0.4,,,24.8,0.7724153822520354,2018,2018.0,1223.6469823420048,9.666666666666666,3.1666666666666665,1.0,131.5,47.5,8.833333333333334,9.682857167300785,85.07590516408284,66.66666666666667,325.3333333333333,259.6666666666667,0.0,2018.0,3061.883333333333,19.666666666666668,0.0,11.833333333333334,2.0,688.6437784830729,296.1997750600179,179.76185401280722,309.0909481048584,1473.6963556607564,0.6202254517839495,256.36289469401044,17.54391272862752,10.5,101.55802138646443,0.8063606445629515,189.74026234944662,2.743545989419715,-95.46537335713704,-1.345063264936065,Tororo,0.6510600243787987,34.12222831065202,0.6510600243787987,34.12222831065202,42.7,35.36666666666667,24.8,28.4,1.3125,21.3,,AAS2020_subregion,CHIRPS_v2.0_monthly+CHIRPS_v2.0_daily_climateserv,NASA_POWER_daily,,,district,False,False,A,Subregion panel assigned to districts via official AAS district grouping; district-level climate features used directly.
Bunyoro,total_2018,55500.0,24207.0,34878.0,0.8,0.6,,,11.9,0.5638378378378379,2018,2018.0,1165.2299720535852,13.714285714285714,1.5714285714285714,1.4285714285714286,136.57142857142858,42.42857142857143,3.5714285714285716,8.776554583205309,62.94485630307879,63.42857142857143,326.7142857142857,264.2857142857143,0.0,2018.0,3334.141428571428,53.0,0.0,78.0,7.571428571428571,525.7105691092355,390.0055247715541,164.51955461502075,299.55005264282227,1379.7857011386327,0.5287806758871201,215.79498508998327,10.444469383784703,9.571428571428571,150.4040540286473,1.6417496059959489,117.33206503731864,2.2641972703278577,-27.302259172712052,-0.48755432717256875,Buliisa,1.864654201188387,31.48302008378839,1.864654201188387,31.48302008378839,36.45,40.775,22.916666666666664,17.34,1.3433333333333335,20.6,6.283333333333333,AAS2020_subregion,CHIRPS_v2.0_monthly+CHIRPS_v2.0_daily_climateserv,NASA_POWER_daily,,,district,False,False,A,Subregion panel assigned to districts via official AAS district grouping; district-level climate features used directly.
Bunyoro,total_2018,55500.0,24207.0,34878.0,0.8,0.6,,,11.9,0.5638378378378379,2018,2018.0,1165.2299720535852,13.714285714285714,1.5714285714285714,1.4285714285714286,136.57142857142858,42.42857142857143,3.5714285714285716,8.776554583205309,62.94485630307879,63.42857142857143,326.7142857142857,264.2857142857143,0.0,2018.0,3334.141428571428,53.0,0.0,78.0,7.571428571428571,525.7105691092355,390.0055247715541,164.51955461502075,299.55005264282227,1379.7857011386327,0.5287806758871201,215.79498508998327,10.444469383784703,9.571428571428571,150.4040540286473,1.6417496059959489,117.33206503731864,2.2641972703278577,-27.302259172712052,-0.48755432717256875,Hoima,1.5211654549554643,31.29997864576888,1.5211654549554643,31.29997864576888,36.9,,23.56,,1.3325,15.4,5.6,AAS2020_subregion,CHIRPS_v2.0_monthly+CHIRPS_v2.0_daily_climateserv,NASA_POWER_daily,,,district,False,False,A,Subregion panel assigned to districts via official AAS district grouping; district-level climate features used directly.
Bunyoro,total_2018,55500.0,24207.0,34878.0,0.8,0.6,,,11.9,0.5638378378378379,2018,2018.0,1165.2299720535852,13.714285714285714,1.5714285714285714,1.4285714285714286,136.57142857142858,42.42857142857143,3.5714285714285716,8.776554583205309,62.94485630307879,63.42857142857143,326.7142857142857,264.2857142857143,0.0,2018.0,3334.141428571428,53.0,0.0,78.0,7.571428571428571,525.7105691092355,390.0055247715541,164.51955461502075,299.55005264282227,1379.7857011386327,0.5287806758871201,215.79498508998327,10.444469383784703,9.571428571428571,150.4040540286473,1.6417496059959489,117.33206503731864,2.2641972703278577,-27.302259172712052,-0.48755432717256875,Kagadi,1.0321445755460823,30.88287663217078,1.0321445755460823,30.88287663217078,35.1,38.8,25.42,48.9,,,,AAS2020_subregion,CHIRPS_v2.0_monthly+CHIRPS_v2.0_daily_climateserv,NASA_POWER_daily,,,district,False,False,A,Subregion panel assigned to districts via official AAS district grouping; district-level climate features used directly.
Bunyoro,total_2018,55500.0,24207.0,34878.0,0.8,0.6,,,11.9,0.5638378378378379,2018,2018.0,1165.2299720535852,13.714285714285714,1.5714285714285714,1.4285714285714286,136.57142857142858,42.42857142857143,3.5714285714285716,8.776554583205309,62.94485630307879,63.42857142857143,326.7142857142857,264.2857142857143,0.0,2018.0,3334.141428571428,53.0,0.0,78.0,7.571428571428571,525.7105691092355,390.0055247715541,164.51955461502075,299.55005264282227,1379.7857011386327,0.5287806758871201,215.79498508998327,10.444469383784703,9.571428571428571,150.4040540286473,1.6417496059959489,117.33206503731864,2.2641972703278577,-27.302259172712052,-0.48755432717256875,Kakumiro,0.9894182972172564,31.264369090715704,0.9894182972172564,31.264369090715704,31.7,41.6,,,,,,AAS2020_subregion,CHIRPS_v2.0_monthly+CHIRPS_v2.0_daily_climateserv,NASA_POWER_daily,,,district,False,False,A,Subregion panel assigned to districts via official AAS district grouping; district-level climate features used directly.
Bunyoro,total_2018,55500.0,24207.0,34878.0,0.8,0.6,,,11.9,0.5638378378378379,2018,2018.0,1165.2299720535852,13.714285714285714,1.5714285714285714,1.4285714285714286,136.57142857142858,42.42857142857143,3.5714285714285716,8.776554583205309,62.94485630307879,63.42857142857143,326.7142857142857,264.2857142857143,0.0,2018.0,3334.141428571428,53.0,0.0,78.0,7.571428571428571,525.7105691092355,390.0055247715541,164.51955461502075,299.55005264282227,1379.7857011386327,0.5287806758871201,215.79498508998327,10.444469383784703,9.571428571428571,150.4040540286473,1.6417496059959489,117.33206503731864,2.2641972703278577,-27.302259172712052,-0.48755432717256875,Kibaale,0.7999859385435735,31.078679757862314,0.7999859385435735,31.078679757862314,,,24.68,,1.11,21.3,5.8,AAS2020_subregion,CHIRPS_v2.0_monthly+CHIRPS_v2.0_daily_climateserv,NASA_POWER_daily,,,district,False,False,A,Subregion panel assigned to districts via official AAS district grouping; district-level climate features used directly.
Bunyoro,total_2018,55500.0,24207.0,34878.0,0.8,0.6,,,11.9,0.5638378378378379,2018,2018.0,1165.2299720535852,13.714285714285714,1.5714285714285714,1.4285714285714286,136.57142857142858,42.42857142857143,3.5714285714285716,8.776554583205309,62.94485630307879,63.42857142857143,326.7142857142857,264.2857142857143,0.0,2018.0,3334.141428571428,53.0,0.0,78.0,7.571428571428571,525.7105691092355,390.0055247715541,164.51955461502075,299.55005264282227,1379.7857011386327,0.5287806758871201,215.79498508998327,10.444469383784703,9.571428571428571,150.4040540286473,1.6417496059959489,117.33206503731864,2.2641972703278577,-27.302259172712052,-0.48755432717256875,Kiryandongo,1.988332474161616,32.02551924582113,1.988332474161616,32.02551924582113,31.9,44.4,,27.8,,18.6,5.725,AAS2020_subregion,CHIRPS_v2.0_monthly+CHIRPS_v2.0_daily_climateserv,NASA_POWER_daily,,,district,False,False,A,Subregion panel assigned to districts via official AAS district grouping; district-level climate features used directly.
Bunyoro,total_2018,55500.0,24207.0,34878.0,0.8,0.6,,,11.9,0.5638378378378379,2018,2018.0,1165.2299720535852,13.714285714285714,1.5714285714285714,1.4285714285714286,136.57142857142858,42.42857142857143,3.5714285714285716,8.776554583205309,62.94485630307879,63.42857142857143,326.7142857142857,264.2857142857143,0.0,2018.0,3334.141428571428,53.0,0.0,78.0,7.571428571428571,525.7105691092355,390.0055247715541,164.51955461502075,299.55005264282227,1379.7857011386327,0.5287806758871201,215.79498508998327,10.444469383784703,9.571428571428571,150.4040540286473,1.6417496059959489,117.33206503731864,2.2641972703278577,-27.302259172712052,-0.48755432717256875,Masindi,1.6608458899114968,31.71941897139713,1.6608458899114968,31.71941897139713,,43.625,20.84,23.75,1.26,18.35,5.9,AAS2020_subregion,CHIRPS_v2.0_monthly+CHIRPS_v2.0_daily_climateserv,NASA_POWER_daily,,,district,False,False,A,Subregion panel assigned to districts via official AAS district grouping; district-level climate features used directly.
Busoga,total_2018,51362.0,19161.0,22942.0,0.5,0.4,,,27.4,0.6269420972703554,2018,2018.0,1296.9030754357577,11.0,2.7,1.5,130.6,50.6,9.5,10.323244155153235,84.97893571853638,62.6,312.0,250.4,0.4,2018.0,3089.417,15.4,0.0,24.8,2.0,735.6537338256836,321.9559047698975,224.0965503692627,289.6874603271484,1571.3936492919922,0.6150324887960037,275.6630065917969,25.841302108764648,10.5,233.11663322448732,2.1517740743900444,238.80677642822266,3.8123543758751666,-73.71551856994628,-1.2631691717331726,Bugiri,0.5925378321069249,33.79485653491775,0.5925378321069249,33.79485653491775,40.28333333333333,35.85,22.9,39.8,1.33,18.2,5.825,AAS2020_subregion,CHIRPS_v2.0_monthly+CHIRPS_v2.0_daily_climateserv,NASA_POWER_daily,,,district,False,False,A,Subregion panel assigned to districts via official AAS district grouping; district-level climate features used directly.
Busoga,total_2018,51362.0,19161.0,22942.0,0.5,0.4,,,27.4,0.6269420972703554,2018,2018.0,1296.9030754357577,11.0,2.7,1.5,130.6,50.6,9.5,10.323244155153235,84.97893571853638,62.6,312.0,250.4,0.4,2018.0,3089.417,15.4,0.0,24.8,2.0,735.6537338256836,321.9559047698975,224.0965503692627,289.6874603271484,1571.3936492919922,0.6150324887960037,275.6630065917969,25.841302108764648,10.5,233.11663322448732,2.1517740743900444,238.80677642822266,3.8123543758751666,-73.71551856994628,-1.2631691717331726,Buyende,1.1716127263893188,33.21708354537384,1.1716127263893188,33.21708354537384,36.6,38.175,23.06,21.21666666666667,,19.8,6.0,AAS2020_subregion,CHIRPS_v2.0_monthly+CHIRPS_v2.0_daily_climateserv,NASA_POWER_daily,,,district,False,False,A,Subregion panel assigned to districts via official AAS district grouping; district-level climate features used directly.
Busoga,total_2018,51362.0,19161.0,22942.0,0.5,0.4,,,27.4,0.6269420972703554,2018,2018.0,1296.9030754357577,11.0,2.7,1.5,130.6,50.6,9.5,10.323244155153235,84.97893571853638,62.6,312.0,250.4,0.4,2018.0,3089.417,15.4,0.0,24.8,2.0,735.6537338256836,321.9559047698975,224.0965503692627,289.6874603271484,1571.3936492919922,0.6150324887960037,275.6630065917969,25.841302108764648,10.5,233.11663322448732,2.1517740743900444,238.80677642822266,3.8123543758751666,-73.71551856994628,-1.2631691717331726,Iganga,0.6688530121573191,33.45184024191531,0.6688530121573191,33.45184024191531,38.03333333333333,40.33333333333333,21.566666666666663,20.53333333333333,1.3183333333333334,16.733333333333334,5.8,AAS2020_subregion,CHIRPS_v2.0_monthly+CHIRPS_v2.0_daily_climateserv,NASA_POWER_daily,,,district,False,False,A,Subregion panel assigned to districts via official AAS district grouping; district-level climate features used directly.
Busoga,total_2018,51362.0,19161.0,22942.0,0.5,0.4,,,27.4,0.6269420972703554,2018,2018.0,1296.9030754357577,11.0,2.7,1.5,130.6,50.6,9.5,10.323244155153235,84.97893571853638,62.6,312.0,250.4,0.4,2018.0,3089.417,15.4,0.0,24.8,2.0,735.6537338256836,321.9559047698975,224.0965503692627,289.6874603271484,1571.3936492919922,0.6150324887960037,275.6630065917969,25.841302108764648,10.5,233.11663322448732,2.1517740743900444,238.80677642822266,3.8123543758751666,-73.71551856994628,-1.2631691717331726,Jinja,0.583061945094639,33.25109632710175,0.583061945094639,33.25109632710175,37.825,38.0,25.3,27.73333333333333,1.3666666666666665,16.866666666666667,5.5,AAS2020_subregion,CHIRPS_v2.0_monthly+CHIRPS_v2.0_daily_climateserv,NASA_POWER_daily,,,district,False,False,A,Subregion panel assigned to districts via official AAS district grouping; district-level climate features used directly.
Busoga,total_2018,51362.0,19161.0,22942.0,0.5,0.4,,,27.4,0.6269420972703554,2018,2018.0,1296.9030754357577,11.0,2.7,1.5,130.6,50.6,9.5,10.323244155153235,84.97893571853638,62.6,312.0,250.4,0.4,2018.0,3089.417,15.4,0.0,24.8,2.0,735.6537338256836,321.9559047698975,224.0965503692627,289.6874603271484,1571.3936492919922,0.6150324887960037,275.6630065917969,25.841302108764648,10.5,233.11663322448732,2.1517740743900444,238.80677642822266,3.8123543758751666,-73.71551856994628,-1.2631691717331726,Kaliro,1.0289683773172045,33.46058443837174,1.0289683773172045,33.46058443837174,37.86,38.14,24.0,23.216666666666665,1.3125,19.380000000000003,5.933333333333334,AAS2020_subregion,CHIRPS_v2.0_monthly+CHIRPS_v2.0_daily_climateserv,NASA_POWER_daily,,,district,False,False,A,Subregion panel assigned to districts via official AAS district grouping; district-level climate features used directly.
Busoga,total_2018,51362.0,19161.0,22942.0,0.5,0.4,,,27.4,0.6269420972703554,2018,2018.0,1296.9030754357577,11.0,2.7,1.5,130.6,50.6,9.5,10.323244155153235,84.97893571853638,62.6,312.0,250.4,0.4,2018.0,3089.417,15.4,0.0,24.8,2.0,735.6537338256836,321.9559047698975,224.0965503692627,289.6874603271484,1571.3936492919922,0.6150324887960037,275.6630065917969,25.841302108764648,10.5,233.11663322448732,2.1517740743900444,238.80677642822266,3.8123543758751666,-73.71551856994628,-1.2631691717331726,Kamuli,0.90365111674821,33.13414797430668,0.90365111674821,33.13414797430668,,,21.62,29.56666666666667,,17.525,5.7,AAS2020_subregion,CHIRPS_v2.0_monthly+CHIRPS_v2.0_daily_climateserv,NASA_POWER_daily,,,district,False,False,A,Subregion panel assigned to districts via official AAS district grouping; district-level climate features used directly.
Busoga,total_2018,51362.0,19161.0,22942.0,0.5,0.4,,,27.4,0.6269420972703554,2018,2018.0,1296.9030754357577,11.0,2.7,1.5,130.6,50.6,9.5,10.323244155153235,84.97893571853638,62.6,312.0,250.4,0.4,2018.0,3089.417,15.4,0.0,24.8,2.0,735.6537338256836,321.9559047698975,224.0965503692627,289.6874603271484,1571.3936492919922,0.6150324887960037,275.6630065917969,25.841302108764648,10.5,233.11663322448732,2.1517740743900444,238.80677642822266,3.8123543758751666,-73.71551856994628,-1.2631691717331726,Luuka,0.7132207418035909,33.381326036289444,0.7132207418035909,33.381326036289444,,43.53333333333333,23.8,,,16.6,,AAS2020_subregion,CHIRPS_v2.0_monthly+CHIRPS_v2.0_daily_climateserv,NASA_POWER_daily,,,district,False,False,A,Subregion panel assigned to districts via official AAS district grouping; district-level climate features used directly.
Busoga,total_2018,51362.0,19161.0,22942.0,0.5,0.4,,,27.4,0.6269420972703554,2018,2018.0,1296.9030754357577,11.0,2.7,1.5,130.6,50.6,9.5,10.323244155153235,84.97893571853638,62.6,312.0,250.4,0.4,2018.0,3089.417,15.4,0.0,24.8,2.0,735.6537338256836,321.9559047698975,224.0965503692627,289.6874603271484,1571.3936492919922,0.6150324887960037,275.6630065917969,25.841302108764648,10.5,233.11663322448732,2.1517740743900444,238.80677642822266,3.8123543758751666,-73.71551856994628,-1.2631691717331726,Mayuge,0.4692019848415745,33.4624109875,0.4692019848415745,33.4624109875,36.0,,,,,,5.5,AAS2020_subregion,CHIRPS_v2.0_monthly+CHIRPS_v2.0_daily_climateserv,NASA_POWER_daily,,,district,False,False,A,Subregion panel assigned to districts via official AAS district grouping; district-level climate features used directly.
Busoga,total_2018,51362.0,19161.0,22942.0,0.5,0.4,,,27.4,0.6269420972703554,2018,2018.0,1296.9030754357577,11.0,2.7,1.5,130.6,50.6,9.5,10.323244155153235,84.97893571853638,62.6,312.0,250.4,0.4,2018.0,3089.417,15.4,0.0,24.8,2.0,735.6537338256836,321.9559047698975,224.0965503692627,289.6874603271484,1571.3936492919922,0.6150324887960037,275.6630065917969,25.841302108764648,10.5,233.11663322448732,2.1517740743900444,238.80677642822266,3.8123543758751666,-73.71551856994628,-1.2631691717331726,Namayingo,0.3365914367739261,33.866579171332326,0.3365914367739261,33.866579171332326,36.4,42.05,22.4,16.5,1.3,,,AAS2020_subregion,CHIRPS_v2.0_monthly+CHIRPS_v2.0_daily_climateserv,NASA_POWER_daily,,,district,False,False,A,Subregion panel assigned to districts via official AAS district grouping; district-level climate features used directly.
Busoga,total_2018,51362.0,19161.0,22942.0,0.5,0.4,,,27.4,0.6269420972703554,2018,2018.0,1296.9030754357577,11.0,2.7,1.5,130.6,50.6,9.5,10.323244155153235,84.97893571853638,62.6,312.0,250.4,0.4,2018.0,3089.417,15.4,0.0,24.8,2.0,735.6537338256836,321.9559047698975,224.0965503692627,289.6874603271484,1571.3936492919922,0.6150324887960037,275.6630065917969,25.841302108764648,10.5,233.11663322448732,2.1517740743900444,238.80677642822266,3.8123543758751666,-73.71551856994628,-1.2631691717331726,Namutumba,0.7944023639261478,33.71814581780439,0.7944023639261478,33.71814581780439,,36.2,22.860000000000003,22.15,1.3033333333333332,20.55,,AAS2020_subregion,CHIRPS_v2.0_monthly+CHIRPS_v2.0_daily_climateserv,NASA_POWER_daily,,,district,False,False,A,Subregion panel assigned to districts via official AAS district grouping; district-level climate features used directly.
Elgon,total_2018,13370.0,2909.0,6621.0,0.5,0.5,,,56.2,0.7824233358264772,2018,2018.0,1537.3219298571348,12.875,3.625,1.75,118.125,65.0,20.625,13.210176756099498,105.4630154967308,62.75,322.5,260.75,0.0,2018.0,2377.785,12.625,0.0,0.0,1.5,821.1363525390625,346.22642946243286,129.94558215141296,530.4853630065918,1827.7937271595001,0.658134718643457,325.0998058319092,19.135969161987305,10.0,242.7238380908966,1.5288118442671623,308.83262729644775,3.765680949467672,-103.91028547286987,-1.1330632667152585,Bududa,1.0435111127569587,34.40505864267179,1.0435111127569587,34.40505864267179,41.6,,26.46,40.3,1.078,22.6,5.533333333333333,AAS2020_subregion,CHIRPS_v2.0_monthly+CHIRPS_v2.0_daily_climateserv,NASA_POWER_daily,,,district,False,False,A,Subregion panel assigned to districts via official AAS district grouping; district-level climate features used directly.
Elgon,total_2018,13370.0,2909.0,6621.0,0.5,0.5,,,56.2,0.7824233358264772,2018,2018.0,1537.3219298571348,12.875,3.625,1.75,118.125,65.0,20.625,13.210176756099498,105.4630154967308,62.75,322.5,260.75,0.0,2018.0,2377.785,12.625,0.0,0.0,1.5,821.1363525390625,346.22642946243286,129.94558215141296,530.4853630065918,1827.7937271595001,0.658134718643457,325.0998058319092,19.135969161987305,10.0,242.7238380908966,1.5288118442671623,308.83262729644775,3.765680949467672,-103.91028547286987,-1.1330632667152585,Bukwo,1.2922492998158397,34.69608578352513,1.2922492998158397,34.69608578352513,42.575,32.86666666666667,24.9,41.15,1.1483333333333332,23.966666666666665,5.9,AAS2020_subregion,CHIRPS_v2.0_monthly+CHIRPS_v2.0_daily_climateserv,NASA_POWER_daily,,,district,False,False,A,Subregion panel assigned to districts via official AAS district grouping; district-level climate features used directly.
Elgon,total_2018,13370.0,2909.0,6621.0,0.5,0.5,,,56.2,0.7824233358264772,2018,2018.0,1537.3219298571348,12.875,3.625,1.75,118.125,65.0,20.625,13.210176756099498,105.4630154967308,62.75,322.5,260.75,0.0,2018.0,2377.785,12.625,0.0,0.0,1.5,821.1363525390625,346.22642946243286,129.94558215141296,530.4853630065918,1827.7937271595001,0.658134718643457,325.0998058319092,19.135969161987305,10.0,242.7238380908966,1.5288118442671623,308.83262729644775,3.765680949467672,-103.91028547286987,-1.1330632667152585,Bulambuli,1.344303672909069,34.332707796406645,1.344303672909069,34.332707796406645,,37.08,23.1,22.84,1.26,22.5,6.016666666666667,AAS2020_subregion,CHIRPS_v2.0_monthly+CHIRPS_v2.0_daily_climateserv,NASA_POWER_daily,,,district,False,False,A,Subregion panel assigned to districts via official AAS district grouping; district-level climate features used directly.
Elgon,total_2018,13370.0,2909.0,6621.0,0.5,0.5,,,56.2,0.7824233358264772,2018,2018.0,1537.3219298571348,12.875,3.625,1.75,118.125,65.0,20.625,13.210176756099498,105.4630154967308,62.75,322.5,260.75,0.0,2018.0,2377.785,12.625,0.0,0.0,1.5,821.1363525390625,346.22642946243286,129.94558215141296,530.4853630065918,1827.7937271595001,0.658134718643457,325.0998058319092,19.135969161987305,10.0,242.7238380908966,1.5288118442671623,308.83262729644775,3.765680949467672,-103.91028547286987,-1.1330632667152585,Kapchorwa,1.3459080440216822,34.44711805903888,1.3459080440216822,34.44711805903888,40.7,36.25,23.0,57.88333333333334,1.0666666666666669,24.866666666666667,5.55,AAS2020_subregion,CHIRPS_v2.0_monthly+CHIRPS_v2.0_daily_climateserv,NASA_POWER_daily,,,district,False,False,A,Subregion panel assigned to districts via official AAS district grouping; district-level climate features used directly.
Elgon,total_2018,13370.0,2909.0,6621.0,0.5,0.5,,,56.2,0.7824233358264772,2018,2018.0,1537.3219298571348,12.875,3.625,1.75,118.125,65.0,20.625,13.210176756099498,105.4630154967308,62.75,322.5,260.75,0.0,2018.0,2377.785,12.625,0.0,0.0,1.5,821.1363525390625,346.22642946243286,129.94558215141296,530.4853630065918,1827.7937271595001,0.658134718643457,325.0998058319092,19.135969161987305,10.0,242.7238380908966,1.5288118442671623,308.83262729644775,3.765680949467672,-103.91028547286987,-1.1330632667152585,Kween,1.4569156609849714,34.54439195173715,1.4569156609849714,34.54439195173715,41.46666666666667,36.13333333333333,22.35,26.833333333333336,1.24,23.3,6.05,AAS2020_subregion,CHIRPS_v2.0_monthly+CHIRPS_v2.0_daily_climateserv,NASA_POWER_daily,,,district,False,False,A,Subregion panel assigned to districts via official AAS district grouping; district-level climate features used directly.
Elgon,total_2018,13370.0,2909.0,6621.0,0.5,0.5,,,56.2,0.7824233358264772,2018,2018.0,1537.3219298571348,12.875,3.625,1.75,118.125,65.0,20.625,13.210176756099498,105.4630154967308,62.75,322.5,260.75,0.0,2018.0,2377.785,12.625,0.0,0.0,1.5,821.1363525390625,346.22642946243286,129.94558215141296,530.4853630065918,1827.7937271595001,0.658134718643457,325.0998058319092,19.135969161987305,10.0,242.7238380908966,1.5288118442671623,308.83262729644775,3.765680949467672,-103.91028547286987,-1.1330632667152585,Manafwa,0.9040155096872904,34.28216847933992,0.9040155096872904,34.28216847933992,38.325,37.0,27.6,48.8,1.1766666666666663,22.2,5.9,AAS2020_subregion,CHIRPS_v2.0_monthly+CHIRPS_v2.0_daily_climateserv,NASA_POWER_daily,,,district,False,False,A,Subregion panel assigned to districts via official AAS district grouping; district-level climate features used directly.
Elgon,total_2018,13370.0,2909.0,6621.0,0.5,0.5,,,56.2,0.7824233358264772,2018,2018.0,1537.3219298571348,12.875,3.625,1.75,118.125,65.0,20.625,13.210176756099498,105.4630154967308,62.75,322.5,260.75,0.0,2018.0,2377.785,12.625,0.0,0.0,1.5,821.1363525390625,346.22642946243286,129.94558215141296,530.4853630065918,1827.7937271595001,0.658134718643457,325.0998058319092,19.135969161987305,10.0,242.7238380908966,1.5288118442671623,308.83262729644775,3.765680949467672,-103.91028547286987,-1.1330632667152585,Mbale,1.0294927840258596,34.213690997489344,1.0294927840258596,34.213690997489344,42.4,36.9,24.72,30.18333333333333,1.2233333333333334,,,AAS2020_subregion,CHIRPS_v2.0_monthly+CHIRPS_v2.0_daily_climateserv,NASA_POWER_daily,,,district,False,False,A,Subregion panel assigned to districts via official AAS district grouping; district-level climate features used directly.
Elgon,total_2018,13370.0,2909.0,6621.0,0.5,0.5,,,56.2,0.7824233358264772,2018,2018.0,1537.3219298571348,12.875,3.625,1.75,118.125,65.0,20.625,13.210176756099498,105.4630154967308,62.75,322.5,260.75,0.0,2018.0,2377.785,12.625,0.0,0.0,1.5,821.1363525390625,346.22642946243286,129.94558215141296,530.4853630065918,1827.7937271595001,0.658134718643457,325.0998058319092,19.135969161987305,10.0,242.7238380908966,1.5288118442671623,308.83262729644775,3.765680949467672,-103.91028547286987,-1.1330632667152585,Sironko,1.1830235417392074,34.32507966057993,1.1830235417392074,34.32507966057993,40.2,,,,,,5.9,AAS2020_subregion,CHIRPS_v2.0_monthly+CHIRPS_v2.0_daily_climateserv,NASA_POWER_daily,,,district,False,False,A,Subregion panel assigned to districts via official AAS district grouping; district-level climate features used directly.
Karamoja,total_2018,33039.0,5934.0,14228.0,0.4,0.4,,,51.3,0.8203940797239626,2018,2018.0,1184.5411929062434,20.428571428571427,8.571428571428571,3.5714285714285716,86.14285714285714,49.42857142857143,15.714285714285714,14.246824615542163,104.75294985089984,65.28571428571429,321.42857142857144,257.14285714285717,0.2857142857142857,2018.0,3225.690714285714,90.42857142857143,2.7142857142857144,8.0,7.714285714285714,665.8696888514927,159.54168483189173,58.64976494652884,459.43540845598494,1343.4965470858983,0.8535693590964771,277.29381016322543,3.9569649696350098,7.428571428571429,361.4545076915196,2.978259744352143,343.17089407784596,5.359529608590135,-74.97678593226841,-1.1392735259819262,Abim,2.65183532206906,33.7716142764045,2.65183532206906,33.7716142764045,39.4,,,,,25.575,6.2,AAS2020_subregion,CHIRPS_v2.0_monthly+CHIRPS_v2.0_daily_climateserv,NASA_POWER_daily,,,district,False,False,A,Subregion panel assigned to districts via official AAS district grouping; district-level climate features used directly.
Karamoja,total_2018,33039.0,5934.0,14228.0,0.4,0.4,,,51.3,0.8203940797239626,2018,2018.0,1184.5411929062434,20.428571428571427,8.571428571428571,3.5714285714285716,86.14285714285714,49.42857142857143,15.714285714285714,14.246824615542163,104.75294985089984,65.28571428571429,321.42857142857144,257.14285714285717,0.2857142857142857,2018.0,3225.690714285714,90.42857142857143,2.7142857142857144,8.0,7.714285714285714,665.8696888514927,159.54168483189173,58.64976494652884,459.43540845598494,1343.4965470858983,0.8535693590964771,277.29381016322543,3.9569649696350098,7.428571428571429,361.4545076915196,2.978259744352143,343.17089407784596,5.359529608590135,-74.97678593226841,-1.1392735259819262,Amudat,1.7105038023994157,34.778613739131046,1.7105038023994157,34.778613739131046,38.5,38.46666666666666,,,1.256,20.875,6.2,AAS2020_subregion,CHIRPS_v2.0_monthly+CHIRPS_v2.0_daily_climateserv,NASA_POWER_daily,,,district,False,False,A,Subregion panel assigned to districts via official AAS district grouping; district-level climate features used directly.
Karamoja,total_2018,33039.0,5934.0,14228.0,0.4,0.4,,,51.3,0.8203940797239626,2018,2018.0,1184.5411929062434,20.428571428571427,8.571428571428571,3.5714285714285716,86.14285714285714,49.42857142857143,15.714285714285714,14.246824615542163,104.75294985089984,65.28571428571429,321.42857142857144,257.14285714285717,0.2857142857142857,2018.0,3225.690714285714,90.42857142857143,2.7142857142857144,8.0,7.714285714285714,665.8696888514927,159.54168483189173,58.64976494652884,459.43540845598494,1343.4965470858983,0.8535693590964771,277.29381016322543,3.9569649696350098,7.428571428571429,361.4545076915196,2.978259744352143,343.17089407784596,5.359529608590135,-74.97678593226841,-1.1392735259819262,Kaabong,3.45133838560172,33.99402537180229,3.45133838560172,33.99402537180229,34.0,43.7,22.575,21.8,1.276,24.53333333333333,6.8,AAS2020_subregion,CHIRPS_v2.0_monthly+CHIRPS_v2.0_daily_climateserv,NASA_POWER_daily,,,district,False,False,A,Subregion panel assigned to districts via official AAS district grouping; district-level climate features used directly.
Karamoja,total_2018,33039.0,5934.0,14228.0,0.4,0.4,,,51.3,0.8203940797239626,2018,2018.0,1184.5411929062434,20.428571428571427,8.571428571428571,3.5714285714285716,86.14285714285714,49.42857142857143,15.714285714285714,14.246824615542163,104.75294985089984,65.28571428571429,321.42857142857144,257.14285714285717,0.2857142857142857,2018.0,3225.690714285714,90.42857142857143,2.7142857142857144,8.0,7.714285714285714,665.8696888514927,159.54168483189173,58.64976494652884,459.43540845598494,1343.4965470858983,0.8535693590964771,277.29381016322543,3.9569649696350098,7.428571428571429,361.4545076915196,2.978259744352143,343.17089407784596,5.359529608590135,-74.97678593226841,-1.1392735259819262,Kotido,3.1140191410414144,33.823586326362026,3.1140191410414144,33.823586326362026,,40.0,25.4,23.133333333333333,1.2725,22.5,,AAS2020_subregion,CHIRPS_v2.0_monthly+CHIRPS_v2.0_daily_climateserv,NASA_POWER_daily,,,district,False,False,A,Subregion panel assigned to districts via official AAS district grouping; district-level climate features used directly.
Karamoja,total_2018,33039.0,5934.0,14228.0,0.4,0.4,,,51.3,0.8203940797239626,2018,2018.0,1184.5411929062434,20.428571428571427,8.571428571428571,3.5714285714285716,86.14285714285714,49.42857142857143,15.714285714285714,14.246824615542163,104.75294985089984,65.28571428571429,321.42857142857144,257.14285714285717,0.2857142857142857,2018.0,3225.690714285714,90.42857142857143,2.7142857142857144,8.0,7.714285714285714,665.8696888514927,159.54168483189173,58.64976494652884,459.43540845598494,1343.4965470858983,0.8535693590964771,277.29381016322543,3.9569649696350098,7.428571428571429,361.4545076915196,2.978259744352143,343.17089407784596,5.359529608590135,-74.97678593226841,-1.1392735259819262,Moroto,2.4546842468939127,34.67330217331044,2.4546842468939127,34.67330217331044,36.18333333333333,39.5,24.31666666666667,16.44,1.2933333333333334,26.8,6.8,AAS2020_subregion,CHIRPS_v2.0_monthly+CHIRPS_v2.0_daily_climateserv,NASA_POWER_daily,,,district,False,False,A,Subregion panel assigned to districts via official AAS district grouping; district-level climate features used directly.
Karamoja,total_2018,33039.0,5934.0,14228.0,0.4,0.4,,,51.3,0.8203940797239626,2018,2018.0,1184.5411929062434,20.428571428571427,8.571428571428571,3.5714285714285716,86.14285714285714,49.42857142857143,15.714285714285714,14.246824615542163,104.75294985089984,65.28571428571429,321.42857142857144,257.14285714285717,0.2857142857142857,2018.0,3225.690714285714,90.42857142857143,2.7142857142857144,8.0,7.714285714285714,665.8696888514927,159.54168483189173,58.64976494652884,459.43540845598494,1343.4965470858983,0.8535693590964771,277.29381016322543,3.9569649696350098,7.428571428571429,361.4545076915196,2.978259744352143,343.17089407784596,5.359529608590135,-74.97678593226841,-1.1392735259819262,Nakapiripirit,1.7101543051354364,34.56521702207132,1.7101543051354364,34.56521702207132,43.1,33.15,23.716666666666665,27.15,1.2466666666666666,26.0,6.3,AAS2020_subregion,CHIRPS_v2.0_monthly+CHIRPS_v2.0_daily_climateserv,NASA_POWER_daily,,,district,False,False,A,Subregion panel assigned to districts via official AAS district grouping; district-level climate features used directly.
Karamoja,total_2018,33039.0,5934.0,14228.0,0.4,0.4,,,51.3,0.8203940797239626,2018,2018.0,1184.5411929062434,20.428571428571427,8.571428571428571,3.5714285714285716,86.14285714285714,49.42857142857143,15.714285714285714,14.246824615542163,104.75294985089984,65.28571428571429,321.42857142857144,257.14285714285717,0.2857142857142857,2018.0,3225.690714285714,90.42857142857143,2.7142857142857144,8.0,7.714285714285714,665.8696888514927,159.54168483189173,58.64976494652884,459.43540845598494,1343.4965470858983,0.8535693590964771,277.29381016322543,3.9569649696350098,7.428571428571429,361.4545076915196,2.978259744352143,343.17089407784596,5.359529608590135,-74.97678593226841,-1.1392735259819262,Napak,2.4977812437858136,34.13805428828976,2.4977812437858136,34.13805428828976,35.575,,25.2,13.6,1.3159999999999998,25.3,6.6,AAS2020_subregion,CHIRPS_v2.0_monthly+CHIRPS_v2.0_daily_climateserv,NASA_POWER_daily,,,district,False,False,A,Subregion panel assigned to districts via official AAS district grouping; district-level climate features used directly.
Kigezi,total_2018,12995.0,5026.0,6138.0,0.4,0.5,,,40.2,0.6132358599461332,2018,2018.0,1113.6591416970477,18.2,4.0,2.2,125.0,39.8,7.6,9.547616730039794,79.61275711059571,61.4,307.8,247.4,0.0,2018.0,2419.301,1.4,0.0,0.0,0.2,602.3397262573242,395.11658935546876,273.946004486084,132.51262798309327,1403.9149480819701,0.6298086246890426,261.4533721923828,16.309780502319335,9.4,282.32114124298096,2.7728135725666623,253.4220733642578,5.212754661959374,3.7371658325195307,0.055807393065385916,Kabale,-1.3222487711517437,30.013791310666356,-1.3222487711517437,30.013791310666356,44.66,31.1,24.6,42.3,,,,AAS2020_subregion,CHIRPS_v2.0_monthly+CHIRPS_v2.0_daily_climateserv,NASA_POWER_daily,,,district,False,False,A,Subregion panel assigned to districts via official AAS district grouping; district-level climate features used directly.
Kigezi,total_2018,12995.0,5026.0,6138.0,0.4,0.5,,,40.2,0.6132358599461332,2018,2018.0,1113.6591416970477,18.2,4.0,2.2,125.0,39.8,7.6,9.547616730039794,79.61275711059571,61.4,307.8,247.4,0.0,2018.0,2419.301,1.4,0.0,0.0,0.2,602.3397262573242,395.11658935546876,273.946004486084,132.51262798309327,1403.9149480819701,0.6298086246890426,261.4533721923828,16.309780502319335,9.4,282.32114124298096,2.7728135725666623,253.4220733642578,5.212754661959374,3.7371658325195307,0.055807393065385916,Kanungu,-0.7963978009044944,29.73404269681348,-0.7963978009044944,29.73404269681348,,,,,1.22,18.2,5.625,AAS2020_subregion,CHIRPS_v2.0_monthly+CHIRPS_v2.0_daily_climateserv,NASA_POWER_daily,,,district,False,False,A,Subregion panel assigned to districts via official AAS district grouping; district-level climate features used directly.
Kigezi,total_2018,12995.0,5026.0,6138.0,0.4,0.5,,,40.2,0.6132358599461332,2018,2018.0,1113.6591416970477,18.2,4.0,2.2,125.0,39.8,7.6,9.547616730039794,79.61275711059571,61.4,307.8,247.4,0.0,2018.0,2419.301,1.4,0.0,0.0,0.2,602.3397262573242,395.11658935546876,273.946004486084,132.51262798309327,1403.9149480819701,0.6298086246890426,261.4533721923828,16.309780502319335,9.4,282.32114124298096,2.7728135725666623,253.4220733642578,5.212754661959374,3.7371658325195307,0.055807393065385916,Kisoro,-1.1497486032806357,29.67520247315182,-1.1497486032806357,29.67520247315182,43.0,31.366666666666664,25.1,,,,5.7,AAS2020_subregion,CHIRPS_v2.0_monthly+CHIRPS_v2.0_daily_climateserv,NASA_POWER_daily,,,district,False,False,A,Subregion panel assigned to districts via official AAS district grouping; district-level climate features used directly.
Kigezi,total_2018,12995.0,5026.0,6138.0,0.4,0.5,,,40.2,0.6132358599461332,2018,2018.0,1113.6591416970477,18.2,4.0,2.2,125.0,39.8,7.6,9.547616730039794,79.61275711059571,61.4,307.8,247.4,0.0,2018.0,2419.301,1.4,0.0,0.0,0.2,602.3397262573242,395.11658935546876,273.946004486084,132.51262798309327,1403.9149480819701,0.6298086246890426,261.4533721923828,16.309780502319335,9.4,282.32114124298096,2.7728135725666623,253.4220733642578,5.212754661959374,3.7371658325195307,0.055807393065385916,Rubanda,-1.109799743143831,29.83123852360904,-1.109799743143831,29.83123852360904,38.5,,,61.5,,,,AAS2020_subregion,CHIRPS_v2.0_monthly+CHIRPS_v2.0_daily_climateserv,NASA_POWER_daily,,,district,False,False,A,Subregion panel assigned to districts via official AAS district grouping; district-level climate features used directly.
Kigezi,total_2018,12995.0,5026.0,6138.0,0.4,0.5,,,40.2,0.6132358599461332,2018,2018.0,1113.6591416970477,18.2,4.0,2.2,125.0,39.8,7.6,9.547616730039794,79.61275711059571,61.4,307.8,247.4,0.0,2018.0,2419.301,1.4,0.0,0.0,0.2,602.3397262573242,395.11658935546876,273.946004486084,132.51262798309327,1403.9149480819701,0.6298086246890426,261.4533721923828,16.309780502319335,9.4,282.32114124298096,2.7728135725666623,253.4220733642578,5.212754661959374,3.7371658325195307,0.055807393065385916,Rukungiri,-0.7188219227669995,29.90370531323003,-0.7188219227669995,29.90370531323003,35.4,32.65,30.875,34.43333333333334,1.1716666666666666,22.96,5.7,AAS2020_subregion,CHIRPS_v2.0_monthly+CHIRPS_v2.0_daily_climateserv,NASA_POWER_daily,,,district,False,False,A,Subregion panel assigned to districts via official AAS district grouping; district-level climate features used directly.
Lango,total_2018,36371.0,12923.0,13919.0,0.3,0.4,,,25.6,0.6446894503862968,2018,2018.0,1242.8373610302806,11.875,3.25,1.5,126.625,50.125,8.625,10.014780862379324,77.99202477931976,62.125,323.625,262.5,0.125,2018.0,3524.9312500000005,97.625,6.75,74.25,11.625,593.8219223022461,324.0818738937378,114.95286193490028,422.49482107162476,1455.351479202509,0.5826960740133942,236.17976188659668,4.664751201868057,9.875,149.4376770555973,1.2383927448897447,186.78048706054688,2.9338214629412844,-68.1658182144165,-1.034530383000785,Alebtong,2.3132434092721423,33.26632316456276,2.3132434092721423,33.26632316456276,,,23.8,32.5,1.3016666666666663,21.383333333333333,6.2,AAS2020_subregion,CHIRPS_v2.0_monthly+CHIRPS_v2.0_daily_climateserv,NASA_POWER_daily,,,district,False,False,A,Subregion panel assigned to districts via official AAS district grouping; district-level climate features used directly.
Lango,total_2018,36371.0,12923.0,13919.0,0.3,0.4,,,25.6,0.6446894503862968,2018,2018.0,1242.8373610302806,11.875,3.25,1.5,126.625,50.125,8.625,10.014780862379324,77.99202477931976,62.125,323.625,262.5,0.125,2018.0,3524.9312500000005,97.625,6.75,74.25,11.625,593.8219223022461,324.0818738937378,114.95286193490028,422.49482107162476,1455.351479202509,0.5826960740133942,236.17976188659668,4.664751201868057,9.875,149.4376770555973,1.2383927448897447,186.78048706054688,2.9338214629412844,-68.1658182144165,-1.034530383000785,Amolatar,1.6112529219003882,32.68450245416171,1.6112529219003882,32.68450245416171,39.32,34.425,23.8,31.433333333333337,1.2966666666666669,19.6,6.1,AAS2020_subregion,CHIRPS_v2.0_monthly+CHIRPS_v2.0_daily_climateserv,NASA_POWER_daily,,,district,False,False,A,Subregion panel assigned to districts via official AAS district grouping; district-level climate features used directly.
Lango,total_2018,36371.0,12923.0,13919.0,0.3,0.4,,,25.6,0.6446894503862968,2018,2018.0,1242.8373610302806,11.875,3.25,1.5,126.625,50.125,8.625,10.014780862379324,77.99202477931976,62.125,323.625,262.5,0.125,2018.0,3524.9312500000005,97.625,6.75,74.25,11.625,593.8219223022461,324.0818738937378,114.95286193490028,422.49482107162476,1455.351479202509,0.5826960740133942,236.17976188659668,4.664751201868057,9.875,149.4376770555973,1.2383927448897447,186.78048706054688,2.9338214629412844,-68.1658182144165,-1.034530383000785,Apac,1.9426493805849772,32.439277346604705,1.9426493805849772,32.439277346604705,39.4,36.125,23.666666666666664,27.825,1.3316666666666666,22.616666666666667,6.1,AAS2020_subregion,CHIRPS_v2.0_monthly+CHIRPS_v2.0_daily_climateserv,NASA_POWER_daily,,,district,False,False,A,Subregion panel assigned to districts via official AAS district grouping; district-level climate features used directly.
Lango,total_2018,36371.0,12923.0,13919.0,0.3,0.4,,,25.6,0.6446894503862968,2018,2018.0,1242.8373610302806,11.875,3.25,1.5,126.625,50.125,8.625,10.014780862379324,77.99202477931976,62.125,323.625,262.5,0.125,2018.0,3524.9312500000005,97.625,6.75,74.25,11.625,593.8219223022461,324.0818738937378,114.95286193490028,422.49482107162476,1455.351479202509,0.5826960740133942,236.17976188659668,4.664751201868057,9.875,149.4376770555973,1.2383927448897447,186.78048706054688,2.9338214629412844,-68.1658182144165,-1.034530383000785,Dokolo,1.9603107248231637,33.09781783605168,1.9603107248231637,33.09781783605168,42.025,39.6,21.2,18.78333333333333,1.296,,6.1,AAS2020_subregion,CHIRPS_v2.0_monthly+CHIRPS_v2.0_daily_climateserv,NASA_POWER_daily,,,district,False,False,A,Subregion panel assigned to districts via official AAS district grouping; district-level climate features used directly.
Lango,total_2018,36371.0,12923.0,13919.0,0.3,0.4,,,25.6,0.6446894503862968,2018,2018.0,1242.8373610302806,11.875,3.25,1.5,126.625,50.125,8.625,10.014780862379324,77.99202477931976,62.125,323.625,262.5,0.125,2018.0,3524.9312500000005,97.625,6.75,74.25,11.625,593.8219223022461,324.0818738937378,114.95286193490028,422.49482107162476,1455.351479202509,0.5826960740133942,236.17976188659668,4.664751201868057,9.875,149.4376770555973,1.2383927448897447,186.78048706054688,2.9338214629412844,-68.1658182144165,-1.034530383000785,Kole,2.3295358464481875,32.77280396644526,2.3295358464481875,32.77280396644526,41.7,39.12,22.4,21.875,1.35,21.0,6.3,AAS2020_subregion,CHIRPS_v2.0_monthly+CHIRPS_v2.0_daily_climateserv,NASA_POWER_daily,,,district,False,False,A,Subregion panel assigned to districts via official AAS district grouping; district-level climate features used directly.
Lango,total_2018,36371.0,12923.0,13919.0,0.3,0.4,,,25.6,0.6446894503862968,2018,2018.0,1242.8373610302806,11.875,3.25,1.5,126.625,50.125,8.625,10.014780862379324,77.99202477931976,62.125,323.625,262.5,0.125,2018.0,3524.9312500000005,97.625,6.75,74.25,11.625,593.8219223022461,324.0818738937378,114.95286193490028,422.49482107162476,1455.351479202509,0.5826960740133942,236.17976188659668,4.664751201868057,9.875,149.4376770555973,1.2383927448897447,186.78048706054688,2.9338214629412844,-68.1658182144165,-1.034530383000785,Lira,2.3948669632318484,32.94536913071559,2.3948669632318484,32.94536913071559,,39.63333333333334,25.35,29.3,1.27,20.7,,AAS2020_subregion,CHIRPS_v2.0_monthly+CHIRPS_v2.0_daily_climateserv,NASA_POWER_daily,,,district,False,False,A,Subregion panel assigned to districts via official AAS district grouping; district-level climate features used directly.
Lango,total_2018,36371.0,12923.0,13919.0,0.3,0.4,,,25.6,0.6446894503862968,2018,2018.0,1242.8373610302806,11.875,3.25,1.5,126.625,50.125,8.625,10.014780862379324,77.99202477931976,62.125,323.625,262.5,0.125,2018.0,3524.9312500000005,97.625,6.75,74.25,11.625,593.8219223022461,324.0818738937378,114.95286193490028,422.49482107162476,1455.351479202509,0.5826960740133942,236.17976188659668,4.664751201868057,9.875,149.4376770555973,1.2383927448897447,186.78048706054688,2.9338214629412844,-68.1658182144165,-1.034530383000785,Otuke,2.4655362958876967,33.37592240993547,2.4655362958876967,33.37592240993547,,39.1,27.0,,,,,AAS2020_subregion,CHIRPS_v2.0_monthly+CHIRPS_v2.0_daily_climateserv,NASA_POWER_daily,,,district,False,False,A,Subregion panel assigned to districts via official AAS district grouping; district-level climate features used directly.
Lango,total_2018,36371.0,12923.0,13919.0,0.3,0.4,,,25.6,0.6446894503862968,2018,2018.0,1242.8373610302806,11.875,3.25,1.5,126.625,50.125,8.625,10.014780862379324,77.99202477931976,62.125,323.625,262.5,0.125,2018.0,3524.9312500000005,97.625,6.75,74.25,11.625,593.8219223022461,324.0818738937378,114.95286193490028,422.49482107162476,1455.351479202509,0.5826960740133942,236.17976188659668,4.664751201868057,9.875,149.4376770555973,1.2383927448897447,186.78048706054688,2.9338214629412844,-68.1658182144165,-1.034530383000785,Oyam,2.3694520335046176,32.516143000215,2.3694520335046176,32.516143000215,42.4,36.95,,,1.31,,6.2,AAS2020_subregion,CHIRPS_v2.0_monthly+CHIRPS_v2.0_daily_climateserv,NASA_POWER_daily,,,district,False,False,A,Subregion panel assigned to districts via official AAS district grouping; district-level climate features used directly.
North Buganda,total_2018,42593.0,15928.0,22274.0,0.6,0.5,,,17.5,0.6260418378606813,2018,2018.0,1158.813574438068,15.090909090909092,3.090909090909091,2.0,119.63636363636364,45.09090909090909,8.636363636363637,9.955694653821393,77.69701502539895,63.09090909090909,321.54545454545456,259.45454545454544,0.0,2018.0,3077.5413636363637,27.0,0.0,37.90909090909091,3.909090909090909,610.2176257046787,324.47113210504705,221.73553232713178,272.11133852871984,1428.5356286655772,0.5656856424408608,241.6861336447976,21.74912790818648,10.363636363636363,167.5601386156949,1.4805464301233073,159.5294487693093,2.586762883012903,-69.63396349820223,-1.0372331239547032,Buikwe,0.3736190294626262,33.03446193061818,0.3736190294626262,33.03446193061818,34.1,,26.33333333333333,40.4,1.28,15.1,5.6,AAS2020_subregion,CHIRPS_v2.0_monthly+CHIRPS_v2.0_daily_climateserv,NASA_POWER_daily,,,district,False,False,A,Subregion panel assigned to districts via official AAS district grouping; district-level climate features used directly.
North Buganda,total_2018,42593.0,15928.0,22274.0,0.6,0.5,,,17.5,0.6260418378606813,2018,2018.0,1158.813574438068,15.090909090909092,3.090909090909091,2.0,119.63636363636364,45.09090909090909,8.636363636363637,9.955694653821393,77.69701502539895,63.09090909090909,321.54545454545456,259.45454545454544,0.0,2018.0,3077.5413636363637,27.0,0.0,37.90909090909091,3.909090909090909,610.2176257046787,324.47113210504705,221.73553232713178,272.11133852871984,1428.5356286655772,0.5656856424408608,241.6861336447976,21.74912790818648,10.363636363636363,167.5601386156949,1.4805464301233073,159.5294487693093,2.586762883012903,-69.63396349820223,-1.0372331239547032,Buvuma,0.1683903218640429,33.27736552367799,0.1683903218640429,33.27736552367799,36.13333333333333,37.266666666666666,27.5,43.2,1.11,,5.3,AAS2020_subregion,CHIRPS_v2.0_monthly+CHIRPS_v2.0_daily_climateserv,NASA_POWER_daily,,,district,False,False,A,Subregion panel assigned to districts via official AAS district grouping; district-level climate features used directly.
North Buganda,total_2018,42593.0,15928.0,22274.0,0.6,0.5,,,17.5,0.6260418378606813,2018,2018.0,1158.813574438068,15.090909090909092,3.090909090909091,2.0,119.63636363636364,45.09090909090909,8.636363636363637,9.955694653821393,77.69701502539895,63.09090909090909,321.54545454545456,259.45454545454544,0.0,2018.0,3077.5413636363637,27.0,0.0,37.90909090909091,3.909090909090909,610.2176257046787,324.47113210504705,221.73553232713178,272.11133852871984,1428.5356286655772,0.5656856424408608,241.6861336447976,21.74912790818648,10.363636363636363,167.5601386156949,1.4805464301233073,159.5294487693093,2.586762883012903,-69.63396349820223,-1.0372331239547032,Kayunga,0.8665786370556292,32.94045985291192,0.8665786370556292,32.94045985291192,33.1,41.2,24.1,22.2,1.34,19.2,5.9,AAS2020_subregion,CHIRPS_v2.0_monthly+CHIRPS_v2.0_daily_climateserv,NASA_POWER_daily,,,district,False,False,A,Subregion panel assigned to districts via official AAS district grouping; district-level climate features used directly.
North Buganda,total_2018,42593.0,15928.0,22274.0,0.6,0.5,,,17.5,0.6260418378606813,2018,2018.0,1158.813574438068,15.090909090909092,3.090909090909091,2.0,119.63636363636364,45.09090909090909,8.636363636363637,9.955694653821393,77.69701502539895,63.09090909090909,321.54545454545456,259.45454545454544,0.0,2018.0,3077.5413636363637,27.0,0.0,37.90909090909091,3.909090909090909,610.2176257046787,324.47113210504705,221.73553232713178,272.11133852871984,1428.5356286655772,0.5656856424408608,241.6861336447976,21.74912790818648,10.363636363636363,167.5601386156949,1.4805464301233073,159.5294487693093,2.586762883012903,-69.63396349820223,-1.0372331239547032,Kiboga,0.7951726886562009,31.93494420091052,0.7951726886562009,31.93494420091052,33.8,36.16,25.5,34.083333333333336,1.2483333333333335,22.5,6.116666666666666,AAS2020_subregion,CHIRPS_v2.0_monthly+CHIRPS_v2.0_daily_climateserv,NASA_POWER_daily,,,district,False,False,A,Subregion panel assigned to districts via official AAS district grouping; district-level climate features used directly.
North Buganda,total_2018,42593.0,15928.0,22274.0,0.6,0.5,,,17.5,0.6260418378606813,2018,2018.0,1158.813574438068,15.090909090909092,3.090909090909091,2.0,119.63636363636364,45.09090909090909,8.636363636363637,9.955694653821393,77.69701502539895,63.09090909090909,321.54545454545456,259.45454545454544,0.0,2018.0,3077.5413636363637,27.0,0.0,37.90909090909091,3.909090909090909,610.2176257046787,324.47113210504705,221.73553232713178,272.11133852871984,1428.5356286655772,0.5656856424408608,241.6861336447976,21.74912790818648,10.363636363636363,167.5601386156949,1.4805464301233073,159.5294487693093,2.586762883012903,-69.63396349820223,-1.0372331239547032,Kyankwanzi,1.1287866845477044,31.60949093464832,1.1287866845477044,31.60949093464832,32.0,39.41666666666667,,30.833333333333336,1.3675,20.65,6.025,AAS2020_subregion,CHIRPS_v2.0_monthly+CHIRPS_v2.0_daily_climateserv,NASA_POWER_daily,,,district,False,False,A,Subregion panel assigned to districts via official AAS district grouping; district-level climate features used directly.
North Buganda,total_2018,42593.0,15928.0,22274.0,0.6,0.5,,,17.5,0.6260418378606813,2018,2018.0,1158.813574438068,15.090909090909092,3.090909090909091,2.0,119.63636363636364,45.09090909090909,8.636363636363637,9.955694653821393,77.69701502539895,63.09090909090909,321.54545454545456,259.45454545454544,0.0,2018.0,3077.5413636363637,27.0,0.0,37.90909090909091,3.909090909090909,610.2176257046787,324.47113210504705,221.73553232713178,272.11133852871984,1428.5356286655772,0.5656856424408608,241.6861336447976,21.74912790818648,10.363636363636363,167.5601386156949,1.4805464301233073,159.5294487693093,2.586762883012903,-69.63396349820223,-1.0372331239547032,Luwero,0.813711465627938,32.53422184459911,0.813711465627938,32.53422184459911,30.660000000000004,44.93333333333334,24.1,29.4,1.34,18.1,5.7,AAS2020_subregion,CHIRPS_v2.0_monthly+CHIRPS_v2.0_daily_climateserv,NASA_POWER_daily,,,district,False,False,A,Subregion panel assigned to districts via official AAS district grouping; district-level climate features used directly.
North Buganda,total_2018,42593.0,15928.0,22274.0,0.6,0.5,,,17.5,0.6260418378606813,2018,2018.0,1158.813574438068,15.090909090909092,3.090909090909091,2.0,119.63636363636364,45.09090909090909,8.636363636363637,9.955694653821393,77.69701502539895,63.09090909090909,321.54545454545456,259.45454545454544,0.0,2018.0,3077.5413636363637,27.0,0.0,37.90909090909091,3.909090909090909,610.2176257046787,324.47113210504705,221.73553232713178,272.11133852871984,1428.5356286655772,0.5656856424408608,241.6861336447976,21.74912790818648,10.363636363636363,167.5601386156949,1.4805464301233073,159.5294487693093,2.586762883012903,-69.63396349820223,-1.0372331239547032,Mityana,0.4431350972764994,32.06371925372011,0.4431350972764994,32.06371925372011,31.4,42.325,28.2,,1.35,,,AAS2020_subregion,CHIRPS_v2.0_monthly+CHIRPS_v2.0_daily_climateserv,NASA_POWER_daily,,,district,False,False,A,Subregion panel assigned to districts via official AAS district grouping; district-level climate features used directly.
North Buganda,total_2018,42593.0,15928.0,22274.0,0.6,0.5,,,17.5,0.6260418378606813,2018,2018.0,1158.813574438068,15.090909090909092,3.090909090909091,2.0,119.63636363636364,45.09090909090909,8.636363636363637,9.955694653821393,77.69701502539895,63.09090909090909,321.54545454545456,259.45454545454544,0.0,2018.0,3077.5413636363637,27.0,0.0,37.90909090909091,3.909090909090909,610.2176257046787,324.47113210504705,221.73553232713178,272.11133852871984,1428.5356286655772,0.5656856424408608,241.6861336447976,21.74912790818648,10.363636363636363,167.5601386156949,1.4805464301233073,159.5294487693093,2.586762883012903,-69.63396349820223,-1.0372331239547032,Mubende,0.5301646302498506,31.33839987783861,0.5301646302498506,31.33839987783861,35.9,36.7,28.5,44.6,1.2066666666666666,23.5,6.3,AAS2020_subregion,CHIRPS_v2.0_monthly+CHIRPS_v2.0_daily_climateserv,NASA_POWER_daily,,,district,False,False,A,Subregion panel assigned to districts via official AAS district grouping; district-level climate features used directly.
North Buganda,total_2018,42593.0,15928.0,22274.0,0.6,0.5,,,17.5,0.6260418378606813,2018,2018.0,1158.813574438068,15.090909090909092,3.090909090909091,2.0,119.63636363636364,45.09090909090909,8.636363636363637,9.955694653821393,77.69701502539895,63.09090909090909,321.54545454545456,259.45454545454544,0.0,2018.0,3077.5413636363637,27.0,0.0,37.90909090909091,3.909090909090909,610.2176257046787,324.47113210504705,221.73553232713178,272.11133852871984,1428.5356286655772,0.5656856424408608,241.6861336447976,21.74912790818648,10.363636363636363,167.5601386156949,1.4805464301233073,159.5294487693093,2.586762883012903,-69.63396349820223,-1.0372331239547032,Mukono,0.4320713816364311,32.79011040424461,0.4320713816364311,32.79011040424461,31.0,,,,1.32,19.7,,AAS2020_subregion,CHIRPS_v2.0_monthly+CHIRPS_v2.0_daily_climateserv,NASA_POWER_daily,,,district,False,False,A,Subregion panel assigned to districts via official AAS district grouping; district-level climate features used directly.
North Buganda,total_2018,42593.0,15928.0,22274.0,0.6,0.5,,,17.5,0.6260418378606813,2018,2018.0,1158.813574438068,15.090909090909092,3.090909090909091,2.0,119.63636363636364,45.09090909090909,8.636363636363637,9.955694653821393,77.69701502539895,63.09090909090909,321.54545454545456,259.45454545454544,0.0,2018.0,3077.5413636363637,27.0,0.0,37.90909090909091,3.909090909090909,610.2176257046787,324.47113210504705,221.73553232713178,272.11133852871984,1428.5356286655772,0.5656856424408608,241.6861336447976,21.74912790818648,10.363636363636363,167.5601386156949,1.4805464301233073,159.5294487693093,2.586762883012903,-69.63396349820223,-1.0372331239547032,Nakaseke,1.0437404219885733,32.15389318179236,1.0437404219885733,32.15389318179236,39.9,41.5,,,1.384,17.825,6.0,AAS2020_subregion,CHIRPS_v2.0_monthly+CHIRPS_v2.0_daily_climateserv,NASA_POWER_daily,,,district,False,False,A,Subregion panel assigned to districts via official AAS district grouping; district-level climate features used directly.
North Buganda,total_2018,42593.0,15928.0,22274.0,0.6,0.5,,,17.5,0.6260418378606813,2018,2018.0,1158.813574438068,15.090909090909092,3.090909090909091,2.0,119.63636363636364,45.09090909090909,8.636363636363637,9.955694653821393,77.69701502539895,63.09090909090909,321.54545454545456,259.45454545454544,0.0,2018.0,3077.5413636363637,27.0,0.0,37.90909090909091,3.909090909090909,610.2176257046787,324.47113210504705,221.73553232713178,272.11133852871984,1428.5356286655772,0.5656856424408608,241.6861336447976,21.74912790818648,10.363636363636363,167.5601386156949,1.4805464301233073,159.5294487693093,2.586762883012903,-69.63396349820223,-1.0372331239547032,Nakasongola,1.3630633044136593,32.31010822302173,1.3630633044136593,32.31010822302173,41.6,40.9,24.23333333333333,20.32,1.346666666666667,18.880000000000003,6.2,AAS2020_subregion,CHIRPS_v2.0_monthly+CHIRPS_v2.0_daily_climateserv,NASA_POWER_daily,,,district,False,False,A,Subregion panel assigned to districts via official AAS district grouping; district-level climate features used directly.
South Buganda,total_2018,20736.0,11808.0,11040.0,0.5,0.5,,,19.8,0.4305555555555556,2018,2018.0,1102.8067770993446,13.583333333333334,4.333333333333333,1.9166666666666667,113.58333333333333,43.083333333333336,8.75,9.953865441035786,72.8550816377004,60.083333333333336,314.25,255.16666666666666,0.5,2018.0,2847.9779166666667,0.25,0.0,45.25,0.0,553.7707850138346,337.64565086364746,241.9257427851359,238.47978778680167,1371.8219664494197,0.5415079784985511,213.70710627237955,23.081258098284405,9.666666666666666,151.42433607578278,1.3510859870943357,82.54726473490398,1.483903699154667,-16.21691068013509,-0.20787993947915503,Bukomansimbi,-0.1256678032539902,31.589067188783485,-0.1256678032539902,31.589067188783485,34.5,,26.9,21.216666666666665,1.336666666666667,18.025,5.825,AAS2020_subregion,CHIRPS_v2.0_monthly+CHIRPS_v2.0_daily_climateserv,NASA_POWER_daily,,,district,False,False,A,Subregion panel assigned to districts via official AAS district grouping; district-level climate features used directly.
South Buganda,total_2018,20736.0,11808.0,11040.0,0.5,0.5,,,19.8,0.4305555555555556,2018,2018.0,1102.8067770993446,13.583333333333334,4.333333333333333,1.9166666666666667,113.58333333333333,43.083333333333336,8.75,9.953865441035786,72.8550816377004,60.083333333333336,314.25,255.16666666666666,0.5,2018.0,2847.9779166666667,0.25,0.0,45.25,0.0,553.7707850138346,337.64565086364746,241.9257427851359,238.47978778680167,1371.8219664494197,0.5415079784985511,213.70710627237955,23.081258098284405,9.666666666666666,151.42433607578278,1.3510859870943357,82.54726473490398,1.483903699154667,-16.21691068013509,-0.20787993947915503,Butambala,0.1693426580186915,32.10415523191632,0.1693426580186915,32.10415523191632,37.3,41.525,22.5,24.675,1.3475,20.15,5.55,AAS2020_subregion,CHIRPS_v2.0_monthly+CHIRPS_v2.0_daily_climateserv,NASA_POWER_daily,,,district,False,False,A,Subregion panel assigned to districts via official AAS district grouping; district-level climate features used directly.
South Buganda,total_2018,20736.0,11808.0,11040.0,0.5,0.5,,,19.8,0.4305555555555556,2018,2018.0,1102.8067770993446,13.583333333333334,4.333333333333333,1.9166666666666667,113.58333333333333,43.083333333333336,8.75,9.953865441035786,72.8550816377004,60.083333333333336,314.25,255.16666666666666,0.5,2018.0,2847.9779166666667,0.25,0.0,45.25,0.0,553.7707850138346,337.64565086364746,241.9257427851359,238.47978778680167,1371.8219664494197,0.5415079784985511,213.70710627237955,23.081258098284405,9.666666666666666,151.42433607578278,1.3510859870943357,82.54726473490398,1.483903699154667,-16.21691068013509,-0.20787993947915503,Gomba,0.2118934027695063,31.815078573226117,0.2118934027695063,31.815078573226117,33.56666666666667,37.7,30.1,34.56666666666666,1.3175,20.616666666666667,5.7,AAS2020_subregion,CHIRPS_v2.0_monthly+CHIRPS_v2.0_daily_climateserv,NASA_POWER_daily,,,district,False,False,A,Subregion panel assigned to districts via official AAS district grouping; district-level climate features used directly.
South Buganda,total_2018,20736.0,11808.0,11040.0,0.5,0.5,,,19.8,0.4305555555555556,2018,2018.0,1102.8067770993446,13.583333333333334,4.333333333333333,1.9166666666666667,113.58333333333333,43.083333333333336,8.75,9.953865441035786,72.8550816377004,60.083333333333336,314.25,255.16666666666666,0.5,2018.0,2847.9779166666667,0.25,0.0,45.25,0.0,553.7707850138346,337.64565086364746,241.9257427851359,238.47978778680167,1371.8219664494197,0.5415079784985511,213.70710627237955,23.081258098284405,9.666666666666666,151.42433607578278,1.3510859870943357,82.54726473490398,1.483903699154667,-16.21691068013509,-0.20787993947915503,Kalangala,-0.3043543889880096,32.163667555693046,-0.3043543889880096,32.163667555693046,,,,,,,,AAS2020_subregion,CHIRPS_v2.0_monthly+CHIRPS_v2.0_daily_climateserv,NASA_POWER_daily,,,district,False,False,A,Subregion panel assigned to districts via official AAS district grouping; district-level climate features used directly.
South Buganda,total_2018,20736.0,11808.0,11040.0,0.5,0.5,,,19.8,0.4305555555555556,2018,2018.0,1102.8067770993446,13.583333333333334,4.333333333333333,1.9166666666666667,113.58333333333333,43.083333333333336,8.75,9.953865441035786,72.8550816377004,60.083333333333336,314.25,255.16666666666666,0.5,2018.0,2847.9779166666667,0.25,0.0,45.25,0.0,553.7707850138346,337.64565086364746,241.9257427851359,238.47978778680167,1371.8219664494197,0.5415079784985511,213.70710627237955,23.081258098284405,9.666666666666666,151.42433607578278,1.3510859870943357,82.54726473490398,1.483903699154667,-16.21691068013509,-0.20787993947915503,Kalungu,-0.1376709574849056,31.806917952915093,-0.1376709574849056,31.806917952915093,35.53333333333333,41.23333333333333,23.26666666666667,23.76666666666667,1.3316666666666666,18.166666666666664,5.716666666666667,AAS2020_subregion,CHIRPS_v2.0_monthly+CHIRPS_v2.0_daily_climateserv,NASA_POWER_daily,,,district,False,False,A,Subregion panel assigned to districts via official AAS district grouping; district-level climate features used directly.
South Buganda,total_2018,20736.0,11808.0,11040.0,0.5,0.5,,,19.8,0.4305555555555556,2018,2018.0,1102.8067770993446,13.583333333333334,4.333333333333333,1.9166666666666667,113.58333333333333,43.083333333333336,8.75,9.953865441035786,72.8550816377004,60.083333333333336,314.25,255.16666666666666,0.5,2018.0,2847.9779166666667,0.25,0.0,45.25,0.0,553.7707850138346,337.64565086364746,241.9257427851359,238.47978778680167,1371.8219664494197,0.5415079784985511,213.70710627237955,23.081258098284405,9.666666666666666,151.42433607578278,1.3510859870943357,82.54726473490398,1.483903699154667,-16.21691068013509,-0.20787993947915503,Lwengo,-0.4007217006388557,31.482415182914774,-0.4007217006388557,31.482415182914774,34.08333333333333,43.88333333333333,22.0,19.933333333333334,1.346666666666667,18.016666666666666,5.916666666666667,AAS2020_subregion,CHIRPS_v2.0_monthly+CHIRPS_v2.0_daily_climateserv,NASA_POWER_daily,,,district,False,False,A,Subregion panel assigned to districts via official AAS district grouping; district-level climate features used directly.
South Buganda,total_2018,20736.0,11808.0,11040.0,0.5,0.5,,,19.8,0.4305555555555556,2018,2018.0,1102.8067770993446,13.583333333333334,4.333333333333333,1.9166666666666667,113.58333333333333,43.083333333333336,8.75,9.953865441035786,72.8550816377004,60.083333333333336,314.25,255.16666666666666,0.5,2018.0,2847.9779166666667,0.25,0.0,45.25,0.0,553.7707850138346,337.64565086364746,241.9257427851359,238.47978778680167,1371.8219664494197,0.5415079784985511,213.70710627237955,23.081258098284405,9.666666666666666,151.42433607578278,1.3510859870943357,82.54726473490398,1.483903699154667,-16.21691068013509,-0.20787993947915503,Lyantonde,-0.2258657803551542,31.159330230337847,-0.2258657803551542,31.159330230337847,34.11666666666667,41.3,24.6,24.96666666666667,1.348,21.083333333333336,6.4,AAS2020_subregion,CHIRPS_v2.0_monthly+CHIRPS_v2.0_daily_climateserv,NASA_POWER_daily,,,district,False,False,A,Subregion panel assigned to districts via official AAS district grouping; district-level climate features used directly.
South Buganda,total_2018,20736.0,11808.0,11040.0,0.5,0.5,,,19.8,0.4305555555555556,2018,2018.0,1102.8067770993446,13.583333333333334,4.333333333333333,1.9166666666666667,113.58333333333333,43.083333333333336,8.75,9.953865441035786,72.8550816377004,60.083333333333336,314.25,255.16666666666666,0.5,2018.0,2847.9779166666667,0.25,0.0,45.25,0.0,553.7707850138346,337.64565086364746,241.9257427851359,238.47978778680167,1371.8219664494197,0.5415079784985511,213.70710627237955,23.081258098284405,9.666666666666666,151.42433607578278,1.3510859870943357,82.54726473490398,1.483903699154667,-16.21691068013509,-0.20787993947915503,Masaka,-0.4140394566376068,31.771510916359546,-0.4140394566376068,31.771510916359546,37.65,38.81666666666667,23.55,31.25,1.25,17.925,5.4,AAS2020_subregion,CHIRPS_v2.0_monthly+CHIRPS_v2.0_daily_climateserv,NASA_POWER_daily,,,district,False,False,A,Subregion panel assigned to districts via official AAS district grouping; district-level climate features used directly.
South Buganda,total_2018,20736.0,11808.0,11040.0,0.5,0.5,,,19.8,0.4305555555555556,2018,2018.0,1102.8067770993446,13.583333333333334,4.333333333333333,1.9166666666666667,113.58333333333333,43.083333333333336,8.75,9.953865441035786,72.8550816377004,60.083333333333336,314.25,255.16666666666666,0.5,2018.0,2847.9779166666667,0.25,0.0,45.25,0.0,553.7707850138346,337.64565086364746,241.9257427851359,238.47978778680167,1371.8219664494197,0.5415079784985511,213.70710627237955,23.081258098284405,9.666666666666666,151.42433607578278,1.3510859870943357,82.54726473490398,1.483903699154667,-16.21691068013509,-0.20787993947915503,Mpigi,0.1550828886678267,32.20643812182328,0.1550828886678267,32.20643812182328,34.675,43.4,23.4,36.4,1.28,17.56666666666667,5.3,AAS2020_subregion,CHIRPS_v2.0_monthly+CHIRPS_v2.0_daily_climateserv,NASA_POWER_daily,,,district,False,False,A,Subregion panel assigned to districts via official AAS district grouping; district-level climate features used directly.
South Buganda,total_2018,20736.0,11808.0,11040.0,0.5,0.5,,,19.8,0.4305555555555556,2018,2018.0,1102.8067770993446,13.583333333333334,4.333333333333333,1.9166666666666667,113.58333333333333,43.083333333333336,8.75,9.953865441035786,72.8550816377004,60.083333333333336,314.25,255.16666666666666,0.5,2018.0,2847.9779166666667,0.25,0.0,45.25,0.0,553.7707850138346,337.64565086364746,241.9257427851359,238.47978778680167,1371.8219664494197,0.5415079784985511,213.70710627237955,23.081258098284405,9.666666666666666,151.42433607578278,1.3510859870943357,82.54726473490398,1.483903699154667,-16.21691068013509,-0.20787993947915503,Rakai,-0.738687288481409,31.304580486513373,-0.738687288481409,31.304580486513373,,,,,1.3,,,AAS2020_subregion,CHIRPS_v2.0_monthly+CHIRPS_v2.0_daily_climateserv,NASA_POWER_daily,,,district,False,False,A,Subregion panel assigned to districts via official AAS district grouping; district-level climate features used directly.
South Buganda,total_2018,20736.0,11808.0,11040.0,0.5,0.5,,,19.8,0.4305555555555556,2018,2018.0,1102.8067770993446,13.583333333333334,4.333333333333333,1.9166666666666667,113.58333333333333,43.083333333333336,8.75,9.953865441035786,72.8550816377004,60.083333333333336,314.25,255.16666666666666,0.5,2018.0,2847.9779166666667,0.25,0.0,45.25,0.0,553.7707850138346,337.64565086364746,241.9257427851359,238.47978778680167,1371.8219664494197,0.5415079784985511,213.70710627237955,23.081258098284405,9.666666666666666,151.42433607578278,1.3510859870943357,82.54726473490398,1.483903699154667,-16.21691068013509,-0.20787993947915503,Ssembabule,-0.0782599118276223,31.37061456485245,-0.0782599118276223,31.37061456485245,,,,,,18.9,6.3,AAS2020_subregion,CHIRPS_v2.0_monthly+CHIRPS_v2.0_daily_climateserv,NASA_POWER_daily,,,district,False,False,A,Subregion panel assigned to districts via official AAS district grouping; district-level climate features used directly.
South Buganda,total_2018,20736.0,11808.0,11040.0,0.5,0.5,,,19.8,0.4305555555555556,2018,2018.0,1102.8067770993446,13.583333333333334,4.333333333333333,1.9166666666666667,113.58333333333333,43.083333333333336,8.75,9.953865441035786,72.8550816377004,60.083333333333336,314.25,255.16666666666666,0.5,2018.0,2847.9779166666667,0.25,0.0,45.25,0.0,553.7707850138346,337.64565086364746,241.9257427851359,238.47978778680167,1371.8219664494197,0.5415079784985511,213.70710627237955,23.081258098284405,9.666666666666666,151.42433607578278,1.3510859870943357,82.54726473490398,1.483903699154667,-16.21691068013509,-0.20787993947915503,Wakiso,0.3245263253066293,32.51105440726909,0.3245263253066293,32.51105440726909,,,,,,,,AAS2020_subregion,CHIRPS_v2.0_monthly+CHIRPS_v2.0_daily_climateserv,NASA_POWER_daily,,,district,False,False,A,Subregion panel assigned to districts via official AAS district grouping; district-level climate features used directly.
Teso,total_2018,51095.0,4688.0,22101.0,0.4,0.4,,,59.0,0.9082493394657012,2018,2018.0,1253.0888489037752,12.0,3.625,1.75,119.625,49.625,9.5,10.931848493951698,83.35162037611008,67.25,324.0,257.75,0.125,2018.0,3453.383125,90.875,6.375,66.25,10.125,681.727123260498,256.6796932220459,110.21020019054413,418.49885654449463,1467.1158732175827,0.6808055945301487,281.5084457397461,9.2957843542099,9.75,148.06955587863922,1.0791982803705658,224.81040573120117,2.938603450471212,-107.22086429595947,-1.430068115992032,Amuria,2.104745827458959,33.5971858707727,2.104745827458959,33.5971858707727,37.7,38.6,23.7,21.64,1.2816666666666665,21.7,6.2,AAS2020_subregion,CHIRPS_v2.0_monthly+CHIRPS_v2.0_daily_climateserv,NASA_POWER_daily,,,district,False,False,A,Subregion panel assigned to districts via official AAS district grouping; district-level climate features used directly.
Teso,total_2018,51095.0,4688.0,22101.0,0.4,0.4,,,59.0,0.9082493394657012,2018,2018.0,1253.0888489037752,12.0,3.625,1.75,119.625,49.625,9.5,10.931848493951698,83.35162037611008,67.25,324.0,257.75,0.125,2018.0,3453.383125,90.875,6.375,66.25,10.125,681.727123260498,256.6796932220459,110.21020019054413,418.49885654449463,1467.1158732175827,0.6808055945301487,281.5084457397461,9.2957843542099,9.75,148.06955587863922,1.0791982803705658,224.81040573120117,2.938603450471212,-107.22086429595947,-1.430068115992032,Bukedea,1.33673969214377,34.20822165137673,1.33673969214377,34.20822165137673,42.91666666666666,35.766666666666666,21.5,25.03333333333333,1.3316666666666666,24.7,6.2,AAS2020_subregion,CHIRPS_v2.0_monthly+CHIRPS_v2.0_daily_climateserv,NASA_POWER_daily,,,district,False,False,A,Subregion panel assigned to districts via official AAS district grouping; district-level climate features used directly.
Teso,total_2018,51095.0,4688.0,22101.0,0.4,0.4,,,59.0,0.9082493394657012,2018,2018.0,1253.0888489037752,12.0,3.625,1.75,119.625,49.625,9.5,10.931848493951698,83.35162037611008,67.25,324.0,257.75,0.125,2018.0,3453.383125,90.875,6.375,66.25,10.125,681.727123260498,256.6796932220459,110.21020019054413,418.49885654449463,1467.1158732175827,0.6808055945301487,281.5084457397461,9.2957843542099,9.75,148.06955587863922,1.0791982803705658,224.81040573120117,2.938603450471212,-107.22086429595947,-1.430068115992032,Kaberamaido,1.7715105224757035,33.1574345042046,1.7715105224757035,33.1574345042046,35.6,36.16666666666667,26.53333333333333,23.633333333333333,1.28,19.9,6.05,AAS2020_subregion,CHIRPS_v2.0_monthly+CHIRPS_v2.0_daily_climateserv,NASA_POWER_daily,,,district,False,False,A,Subregion panel assigned to districts via official AAS district grouping; district-level climate features used directly.
Teso,total_2018,51095.0,4688.0,22101.0,0.4,0.4,,,59.0,0.9082493394657012,2018,2018.0,1253.0888489037752,12.0,3.625,1.75,119.625,49.625,9.5,10.931848493951698,83.35162037611008,67.25,324.0,257.75,0.125,2018.0,3453.383125,90.875,6.375,66.25,10.125,681.727123260498,256.6796932220459,110.21020019054413,418.49885654449463,1467.1158732175827,0.6808055945301487,281.5084457397461,9.2957843542099,9.75,148.06955587863922,1.0791982803705658,224.81040573120117,2.938603450471212,-107.22086429595947,-1.430068115992032,Katakwi,2.1006235215220403,33.90105446901385,2.1006235215220403,33.90105446901385,38.175,37.15,25.116666666666667,22.7,1.3133333333333337,26.03333333333333,6.2,AAS2020_subregion,CHIRPS_v2.0_monthly+CHIRPS_v2.0_daily_climateserv,NASA_POWER_daily,,,district,False,False,A,Subregion panel assigned to districts via official AAS district grouping; district-level climate features used directly.
Teso,total_2018,51095.0,4688.0,22101.0,0.4,0.4,,,59.0,0.9082493394657012,2018,2018.0,1253.0888489037752,12.0,3.625,1.75,119.625,49.625,9.5,10.931848493951698,83.35162037611008,67.25,324.0,257.75,0.125,2018.0,3453.383125,90.875,6.375,66.25,10.125,681.727123260498,256.6796932220459,110.21020019054413,418.49885654449463,1467.1158732175827,0.6808055945301487,281.5084457397461,9.2957843542099,9.75,148.06955587863922,1.0791982803705658,224.81040573120117,2.938603450471212,-107.22086429595947,-1.430068115992032,Kumi,1.4420515599317698,33.93114888259595,1.4420515599317698,33.93114888259595,42.08,39.9,20.380000000000003,24.466666666666665,1.325,20.9,6.1,AAS2020_subregion,CHIRPS_v2.0_monthly+CHIRPS_v2.0_daily_climateserv,NASA_POWER_daily,,,district,False,False,A,Subregion panel assigned to districts via official AAS district grouping; district-level climate features used directly.
Teso,total_2018,51095.0,4688.0,22101.0,0.4,0.4,,,59.0,0.9082493394657012,2018,2018.0,1253.0888489037752,12.0,3.625,1.75,119.625,49.625,9.5,10.931848493951698,83.35162037611008,67.25,324.0,257.75,0.125,2018.0,3453.383125,90.875,6.375,66.25,10.125,681.727123260498,256.6796932220459,110.21020019054413,418.49885654449463,1467.1158732175827,0.6808055945301487,281.5084457397461,9.2957843542099,9.75,148.06955587863922,1.0791982803705658,224.81040573120117,2.938603450471212,-107.22086429595947,-1.430068115992032,Ngora,1.475446179937896,33.75041700135742,1.475446179937896,33.75041700135742,40.575,,23.4,16.7,1.332,,6.2,AAS2020_subregion,CHIRPS_v2.0_monthly+CHIRPS_v2.0_daily_climateserv,NASA_POWER_daily,,,district,False,False,A,Subregion panel assigned to districts via official AAS district grouping; district-level climate features used directly.
Teso,total_2018,51095.0,4688.0,22101.0,0.4,0.4,,,59.0,0.9082493394657012,2018,2018.0,1253.0888489037752,12.0,3.625,1.75,119.625,49.625,9.5,10.931848493951698,83.35162037611008,67.25,324.0,257.75,0.125,2018.0,3453.383125,90.875,6.375,66.25,10.125,681.727123260498,256.6796932220459,110.21020019054413,418.49885654449463,1467.1158732175827,0.6808055945301487,281.5084457397461,9.2957843542099,9.75,148.06955587863922,1.0791982803705658,224.81040573120117,2.938603450471212,-107.22086429595947,-1.430068115992032,Serere,1.4833509613506786,33.45058142145701,1.4833509613506786,33.45058142145701,,,23.0,,,,,AAS2020_subregion,CHIRPS_v2.0_monthly+CHIRPS_v2.0_daily_climateserv,NASA_POWER_daily,,,district,False,False,A,Subregion panel assigned to districts via official AAS district grouping; district-level climate features used directly.
Teso,total_2018,51095.0,4688.0,22101.0,0.4,0.4,,,59.0,0.9082493394657012,2018,2018.0,1253.0888489037752,12.0,3.625,1.75,119.625,49.625,9.5,10.931848493951698,83.35162037611008,67.25,324.0,257.75,0.125,2018.0,3453.383125,90.875,6.375,66.25,10.125,681.727123260498,256.6796932220459,110.21020019054413,418.49885654449463,1467.1158732175827,0.6808055945301487,281.5084457397461,9.2957843542099,9.75,148.06955587863922,1.0791982803705658,224.81040573120117,2.938603450471212,-107.22086429595947,-1.430068115992032,Soroti,1.8443527292763875,33.578105330727965,1.8443527292763875,33.578105330727965,,,,,,,,AAS2020_subregion,CHIRPS_v2.0_monthly+CHIRPS_v2.0_daily_climateserv,NASA_POWER_daily,,,district,False,False,A,Subregion panel assigned to districts via official AAS district grouping; district-level climate features used directly.
Tooro,total_2018,41748.0,20689.0,23152.0,0.6,0.6,,,14.6,0.5044313500047907,2018,2018.0,1085.4182376811902,14.666666666666666,2.8333333333333335,1.6666666666666667,133.16666666666666,38.166666666666664,2.8333333333333335,8.29458282768816,59.02206015586853,64.5,319.3333333333333,255.83333333333334,0.16666666666666666,2018.0,2643.8725,0.3333333333333333,0.0,0.0,0.0,453.04015096028644,446.4355278015137,184.95953528086343,216.255126953125,1300.6903409957886,0.534679106022179,199.7302678426107,23.761218388875324,9.166666666666666,112.45972474416097,1.1571678106016552,84.33964665730794,1.7280906546617123,27.97646713256836,0.46409968627473414,Bundibugyo,0.6913731300069565,30.049763836755943,0.6913731300069565,30.049763836755943,,,,,,19.43333333333333,5.4,AAS2020_subregion,CHIRPS_v2.0_monthly+CHIRPS_v2.0_daily_climateserv,NASA_POWER_daily,,,district,False,False,A,Subregion panel assigned to districts via official AAS district grouping; district-level climate features used directly.
Tooro,total_2018,41748.0,20689.0,23152.0,0.6,0.6,,,14.6,0.5044313500047907,2018,2018.0,1085.4182376811902,14.666666666666666,2.8333333333333335,1.6666666666666667,133.16666666666666,38.166666666666664,2.8333333333333335,8.29458282768816,59.02206015586853,64.5,319.3333333333333,255.83333333333334,0.16666666666666666,2018.0,2643.8725,0.3333333333333333,0.0,0.0,0.0,453.04015096028644,446.4355278015137,184.95953528086343,216.255126953125,1300.6903409957886,0.534679106022179,199.7302678426107,23.761218388875324,9.166666666666666,112.45972474416097,1.1571678106016552,84.33964665730794,1.7280906546617123,27.97646713256836,0.46409968627473414,Kabarole,0.5840987798868537,30.33425453161813,0.5840987798868537,30.33425453161813,43.1,32.6,24.3,28.1,1.14,21.1,5.5,AAS2020_subregion,CHIRPS_v2.0_monthly+CHIRPS_v2.0_daily_climateserv,NASA_POWER_daily,,,district,False,False,A,Subregion panel assigned to districts via official AAS district grouping; district-level climate features used directly.
Tooro,total_2018,41748.0,20689.0,23152.0,0.6,0.6,,,14.6,0.5044313500047907,2018,2018.0,1085.4182376811902,14.666666666666666,2.8333333333333335,1.6666666666666667,133.16666666666666,38.166666666666664,2.8333333333333335,8.29458282768816,59.02206015586853,64.5,319.3333333333333,255.83333333333334,0.16666666666666666,2018.0,2643.8725,0.3333333333333333,0.0,0.0,0.0,453.04015096028644,446.4355278015137,184.95953528086343,216.255126953125,1300.6903409957886,0.534679106022179,199.7302678426107,23.761218388875324,9.166666666666666,112.45972474416097,1.1571678106016552,84.33964665730794,1.7280906546617123,27.97646713256836,0.46409968627473414,Kamwenge,0.344750327473559,30.530502420484357,0.344750327473559,30.530502420484357,34.93333333333334,37.91666666666667,27.3,39.06666666666667,1.3175,,5.9,AAS2020_subregion,CHIRPS_v2.0_monthly+CHIRPS_v2.0_daily_climateserv,NASA_POWER_daily,,,district,False,False,A,Subregion panel assigned to districts via official AAS district grouping; district-level climate features used directly.
Tooro,total_2018,41748.0,20689.0,23152.0,0.6,0.6,,,14.6,0.5044313500047907,2018,2018.0,1085.4182376811902,14.666666666666666,2.8333333333333335,1.6666666666666667,133.16666666666666,38.166666666666664,2.8333333333333335,8.29458282768816,59.02206015586853,64.5,319.3333333333333,255.83333333333334,0.16666666666666666,2018.0,2643.8725,0.3333333333333333,0.0,0.0,0.0,453.04015096028644,446.4355278015137,184.95953528086343,216.255126953125,1300.6903409957886,0.534679106022179,199.7302678426107,23.761218388875324,9.166666666666666,112.45972474416097,1.1571678106016552,84.33964665730794,1.7280906546617123,27.97646713256836,0.46409968627473414,Kasese,0.1866640688426157,30.047453915474968,0.1866640688426157,30.047453915474968,35.0,,27.95,37.4,1.2233333333333334,24.625,6.1,AAS2020_subregion,CHIRPS_v2.0_monthly+CHIRPS_v2.0_daily_climateserv,NASA_POWER_daily,,,district,False,False,A,Subregion panel assigned to districts via official AAS district grouping; district-level climate features used directly.
Tooro,total_2018,41748.0,20689.0,23152.0,0.6,0.6,,,14.6,0.5044313500047907,2018,2018.0,1085.4182376811902,14.666666666666666,2.8333333333333335,1.6666666666666667,133.16666666666666,38.166666666666664,2.8333333333333335,8.29458282768816,59.02206015586853,64.5,319.3333333333333,255.83333333333334,0.16666666666666666,2018.0,2643.8725,0.3333333333333333,0.0,0.0,0.0,453.04015096028644,446.4355278015137,184.95953528086343,216.255126953125,1300.6903409957886,0.534679106022179,199.7302678426107,23.761218388875324,9.166666666666666,112.45972474416097,1.1571678106016552,84.33964665730794,1.7280906546617123,27.97646713256836,0.46409968627473414,Kyegegwa,0.4875341651700774,30.99939795052489,0.4875341651700774,30.99939795052489,36.53333333333333,36.720000000000006,26.633333333333333,30.45,1.225,22.55,5.816666666666666,AAS2020_subregion,CHIRPS_v2.0_monthly+CHIRPS_v2.0_daily_climateserv,NASA_POWER_daily,,,district,False,False,A,Subregion panel assigned to districts via official AAS district grouping; district-level climate features used directly.
Tooro,total_2018,41748.0,20689.0,23152.0,0.6,0.6,,,14.6,0.5044313500047907,2018,2018.0,1085.4182376811902,14.666666666666666,2.8333333333333335,1.6666666666666667,133.16666666666666,38.166666666666664,2.8333333333333335,8.29458282768816,59.02206015586853,64.5,319.3333333333333,255.83333333333334,0.16666666666666666,2018.0,2643.8725,0.3333333333333333,0.0,0.0,0.0,453.04015096028644,446.4355278015137,184.95953528086343,216.255126953125,1300.6903409957886,0.534679106022179,199.7302678426107,23.761218388875324,9.166666666666666,112.45972474416097,1.1571678106016552,84.33964665730794,1.7280906546617123,27.97646713256836,0.46409968627473414,Kyenjojo,0.6104591172015063,30.634728580955628,0.6104591172015063,30.634728580955628,43.25,30.83333333333333,26.7,36.93333333333334,1.2583333333333333,19.56666666666667,,AAS2020_subregion,CHIRPS_v2.0_monthly+CHIRPS_v2.0_daily_climateserv,NASA_POWER_daily,,,district,False,False,A,Subregion panel assigned to districts via official AAS district grouping; district-level climate features used directly.
West Nile,total_2018,41920.0,18752.0,22278.0,0.6,0.5,,,23.7,0.5526717557251908,2018,2018.0,1197.698100939393,10.625,2.125,1.25,123.375,47.0,7.375,9.63271561240217,71.4289847612381,65.25,320.75,256.5,0.0,2018.0,3387.3431250000003,66.375,6.5,94.375,9.375,433.0388431549072,451.51755142211914,95.55104261636734,401.2724142074585,1381.3798514008522,0.5225231198535019,192.49038887023926,4.205187380313873,9.75,89.13927465677261,0.8697596005752545,79.7666130065918,1.574377909953197,21.4410457611084,0.35516186793597415,Adjumani,3.1071081067413435,31.73335152542036,3.1071081067413435,31.73335152542036,38.2,39.0,23.0,26.8,1.33,20.8,6.0,AAS2020_subregion,CHIRPS_v2.0_monthly+CHIRPS_v2.0_daily_climateserv,NASA_POWER_daily,,,district,False,False,A,Subregion panel assigned to districts via official AAS district grouping; district-level climate features used directly.
West Nile,total_2018,41920.0,18752.0,22278.0,0.6,0.5,,,23.7,0.5526717557251908,2018,2018.0,1197.698100939393,10.625,2.125,1.25,123.375,47.0,7.375,9.63271561240217,71.4289847612381,65.25,320.75,256.5,0.0,2018.0,3387.3431250000003,66.375,6.5,94.375,9.375,433.0388431549072,451.51755142211914,95.55104261636734,401.2724142074585,1381.3798514008522,0.5225231198535019,192.49038887023926,4.205187380313873,9.75,89.13927465677261,0.8697596005752545,79.7666130065918,1.574377909953197,21.4410457611084,0.35516186793597415,Arua,3.052014223515101,31.074909972484136,3.052014223515101,31.074909972484136,35.766666666666666,,,20.4,1.3225,20.24,,AAS2020_subregion,CHIRPS_v2.0_monthly+CHIRPS_v2.0_daily_climateserv,NASA_POWER_daily,,,district,False,False,A,Subregion panel assigned to districts via official AAS district grouping; district-level climate features used directly.
West Nile,total_2018,41920.0,18752.0,22278.0,0.6,0.5,,,23.7,0.5526717557251908,2018,2018.0,1197.698100939393,10.625,2.125,1.25,123.375,47.0,7.375,9.63271561240217,71.4289847612381,65.25,320.75,256.5,0.0,2018.0,3387.3431250000003,66.375,6.5,94.375,9.375,433.0388431549072,451.51755142211914,95.55104261636734,401.2724142074585,1381.3798514008522,0.5225231198535019,192.49038887023926,4.205187380313873,9.75,89.13927465677261,0.8697596005752545,79.7666130065918,1.574377909953197,21.4410457611084,0.35516186793597415,Koboko,3.510676781970545,30.978701242689617,3.510676781970545,30.978701242689617,36.7,,,17.9,1.28,,,AAS2020_subregion,CHIRPS_v2.0_monthly+CHIRPS_v2.0_daily_climateserv,NASA_POWER_daily,,,district,False,False,A,Subregion panel assigned to districts via official AAS district grouping; district-level climate features used directly.
West Nile,total_2018,41920.0,18752.0,22278.0,0.6,0.5,,,23.7,0.5526717557251908,2018,2018.0,1197.698100939393,10.625,2.125,1.25,123.375,47.0,7.375,9.63271561240217,71.4289847612381,65.25,320.75,256.5,0.0,2018.0,3387.3431250000003,66.375,6.5,94.375,9.375,433.0388431549072,451.51755142211914,95.55104261636734,401.2724142074585,1381.3798514008522,0.5225231198535019,192.49038887023926,4.205187380313873,9.75,89.13927465677261,0.8697596005752545,79.7666130065918,1.574377909953197,21.4410457611084,0.35516186793597415,Maracha,3.2566236007273885,30.961310266786835,3.2566236007273885,30.961310266786835,33.6,,23.7,,1.29,,,AAS2020_subregion,CHIRPS_v2.0_monthly+CHIRPS_v2.0_daily_climateserv,NASA_POWER_daily,,,district,False,False,A,Subregion panel assigned to districts via official AAS district grouping; district-level climate features used directly.
West Nile,total_2018,41920.0,18752.0,22278.0,0.6,0.5,,,23.7,0.5526717557251908,2018,2018.0,1197.698100939393,10.625,2.125,1.25,123.375,47.0,7.375,9.63271561240217,71.4289847612381,65.25,320.75,256.5,0.0,2018.0,3387.3431250000003,66.375,6.5,94.375,9.375,433.0388431549072,451.51755142211914,95.55104261636734,401.2724142074585,1381.3798514008522,0.5225231198535019,192.49038887023926,4.205187380313873,9.75,89.13927465677261,0.8697596005752545,79.7666130065918,1.574377909953197,21.4410457611084,0.35516186793597415,Moyo,3.624389701180688,31.68632753240945,3.624389701180688,31.68632753240945,35.7,40.7,23.53333333333333,25.32,1.2766666666666666,21.06666666666667,6.2,AAS2020_subregion,CHIRPS_v2.0_monthly+CHIRPS_v2.0_daily_climateserv,NASA_POWER_daily,,,district,False,False,A,Subregion panel assigned to districts via official AAS district grouping; district-level climate features used directly.
West Nile,total_2018,41920.0,18752.0,22278.0,0.6,0.5,,,23.7,0.5526717557251908,2018,2018.0,1197.698100939393,10.625,2.125,1.25,123.375,47.0,7.375,9.63271561240217,71.4289847612381,65.25,320.75,256.5,0.0,2018.0,3387.3431250000003,66.375,6.5,94.375,9.375,433.0388431549072,451.51755142211914,95.55104261636734,401.2724142074585,1381.3798514008522,0.5225231198535019,192.49038887023926,4.205187380313873,9.75,89.13927465677261,0.8697596005752545,79.7666130065918,1.574377909953197,21.4410457611084,0.35516186793597415,Nebbi,2.450398946754796,31.156356789392397,2.450398946754796,31.156356789392397,35.58333333333333,41.18333333333333,22.575,20.55,1.33,17.633333333333333,6.1,AAS2020_subregion,CHIRPS_v2.0_monthly+CHIRPS_v2.0_daily_climateserv,NASA_POWER_daily,,,district,False,False,A,Subregion panel assigned to districts via official AAS district grouping; district-level climate features used directly.
West Nile,total_2018,41920.0,18752.0,22278.0,0.6,0.5,,,23.7,0.5526717557251908,2018,2018.0,1197.698100939393,10.625,2.125,1.25,123.375,47.0,7.375,9.63271561240217,71.4289847612381,65.25,320.75,256.5,0.0,2018.0,3387.3431250000003,66.375,6.5,94.375,9.375,433.0388431549072,451.51755142211914,95.55104261636734,401.2724142074585,1381.3798514008522,0.5225231198535019,192.49038887023926,4.205187380313873,9.75,89.13927465677261,0.8697596005752545,79.7666130065918,1.574377909953197,21.4410457611084,0.35516186793597415,Yumbe,3.3757578957767094,31.25670029081544,3.3757578957767094,31.25670029081544,35.925,39.38333333333333,25.31666666666667,35.4,1.3183333333333334,20.133333333333333,6.033333333333333,AAS2020_subregion,CHIRPS_v2.0_monthly+CHIRPS_v2.0_daily_climateserv,NASA_POWER_daily,,,district,False,False,A,Subregion panel assigned to districts via official AAS district grouping; district-level climate features used directly.
West Nile,total_2018,41920.0,18752.0,22278.0,0.6,0.5,,,23.7,0.5526717557251908,2018,2018.0,1197.698100939393,10.625,2.125,1.25,123.375,47.0,7.375,9.63271561240217,71.4289847612381,65.25,320.75,256.5,0.0,2018.0,3387.3431250000003,66.375,6.5,94.375,9.375,433.0388431549072,451.51755142211914,95.55104261636734,401.2724142074585,1381.3798514008522,0.5225231198535019,192.49038887023926,4.205187380313873,9.75,89.13927465677261,0.8697596005752545,79.7666130065918,1.574377909953197,21.4410457611084,0.35516186793597415,Zombo,2.563940024983629,30.9202107013206,2.563940024983629,30.9202107013206,45.08333333333333,36.83333333333333,18.075,27.3,1.23,14.633333333333336,5.8,AAS2020_subregion,CHIRPS_v2.0_monthly+CHIRPS_v2.0_daily_climateserv,NASA_POWER_daily,,,district,False,False,A,Subregion panel assigned to districts via official AAS district grouping; district-level climate features used directly.
