spatial_unit,year,season,crop,yield_tons_ha,yield_tons_ha_planted,harvested_fraction,area_planted_ha,area_harvested_ha,production_mt,cv_area_planted_pct,cv_area_harvested_pct,cv_production_pct,rain_total_mm,rain_mean_daily_mm,rainy_days_1mm,rainy_days_10mm,heavy_rain_days_20mm,maximum_1day_rainfall_mm,maximum_5day_rainfall_mm,longest_dry_spell_days,wet_day_rainfall_cv,rainfall_onset_date,rainfall_cessation_date,onset_day_of_year,cessation_day_of_year,season_length_days,temperature_mean_c,temperature_maximum_c,temperature_minimum_c,temperature_range_c,growing_degree_days,heat_days_32c,extreme_heat_days_35c,cold_days_10c,target_source,target_source_type,target_geographic_level,predictor_geographic_level,target_definition,target_year,target_season,is_proxy,is_synthetic,is_geographically_assigned,season_definition,yield_consistency_ok,rainfall_source,temperature_source,soil_source,soil_source_version,soil_depth_cm,soil_extraction_date,soil_quality_flag,data_version,processing_version
Acholi,2018,annual,beans,0.7,0.6089352018205774,0.44442448197388906,16698.0,7421.0,10168.0,,,53.1,1499.7622353427555,4.108937631076042,205,54,3,26.905988931655884,62.98626798391342,49,0.674960441189505,2018-03-04,2018-12-15,63,349,287,25.193111301369868,38.35875,15.745,11.436099315068493,5545.485624999999,141,52,0,AAS2018_Annex4,official_aggregate,sub_region,sub_region,published_official_subregion_yield_over_harvested,2018,annual,False,False,False,published_annual_aggregate_total_and_s2_harvested_area,False,CHIRPS_v2.0_daily_via_ClimateSERV,NASA_POWER_daily,not_included,none,30,,soil_not_included_for_milestone,aas-chirps-v1,uganda_crop_model-0.2.0
Acholi,2018,annual,groundnuts,0.6,0.48494719178758267,0.2896719639390649,30393.0,8804.0,14739.0,,,27.6,1499.7622353427555,4.108937631076042,205,54,3,26.905988931655884,62.98626798391342,49,0.674960441189505,2018-03-04,2018-12-15,63,349,287,25.193111301369868,38.35875,15.745,11.436099315068493,5545.485624999999,141,52,0,AAS2018_Annex4,official_aggregate,sub_region,sub_region,published_official_subregion_yield_over_harvested,2018,annual,False,False,False,published_annual_aggregate_total_and_s2_harvested_area,False,CHIRPS_v2.0_daily_via_ClimateSERV,NASA_POWER_daily,not_included,none,30,,soil_not_included_for_milestone,aas-chirps-v1,uganda_crop_model-0.2.0
Acholi,2018,annual,maize,1.0,0.922780502452207,0.15996063123477797,59946.0,9589.0,55317.0,,,22.9,1499.7622353427555,4.108937631076042,205,54,3,26.905988931655884,62.98626798391342,49,0.674960441189505,2018-03-04,2018-12-15,63,349,287,25.193111301369868,38.35875,15.745,11.436099315068493,5545.485624999999,141,52,0,AAS2018_Annex4,official_aggregate,sub_region,sub_region,published_official_subregion_yield_over_harvested,2018,annual,False,False,False,published_annual_aggregate_total_and_s2_harvested_area,False,CHIRPS_v2.0_daily_via_ClimateSERV,NASA_POWER_daily,not_included,none,30,,soil_not_included_for_milestone,aas-chirps-v1,uganda_crop_model-0.2.0
Acholi,2018,annual,millet,0.4,0.5132491193430412,0.20799210213377012,44569.0,9270.0,22875.0,,,30.4,1499.7622353427555,4.108937631076042,205,54,3,26.905988931655884,62.98626798391342,49,0.674960441189505,2018-03-04,2018-12-15,63,349,287,25.193111301369868,38.35875,15.745,11.436099315068493,5545.485624999999,141,52,0,AAS2018_Annex4,official_aggregate,sub_region,sub_region,published_official_subregion_yield_over_harvested,2018,annual,False,False,False,published_annual_aggregate_total_and_s2_harvested_area,False,CHIRPS_v2.0_daily_via_ClimateSERV,NASA_POWER_daily,not_included,none,30,,soil_not_included_for_milestone,aas-chirps-v1,uganda_crop_model-0.2.0
Acholi,2018,annual,rice,1.4,1.130425726901608,0.3729484295592769,24006.0,8953.0,27137.0,,,75.6,1499.7622353427555,4.108937631076042,205,54,3,26.905988931655884,62.98626798391342,49,0.674960441189505,2018-03-04,2018-12-15,63,349,287,25.193111301369868,38.35875,15.745,11.436099315068493,5545.485624999999,141,52,0,AAS2018_Annex4,official_aggregate,sub_region,sub_region,published_official_subregion_yield_over_harvested,2018,annual,False,False,False,published_annual_aggregate_total_and_s2_harvested_area,False,CHIRPS_v2.0_daily_via_ClimateSERV,NASA_POWER_daily,not_included,none,30,,soil_not_included_for_milestone,aas-chirps-v1,uganda_crop_model-0.2.0
Acholi,2018,annual,simsim,0.2,0.21211191889307812,0.8943409160608302,55433.0,49576.0,11758.0,,,15.6,1499.7622353427555,4.108937631076042,205,54,3,26.905988931655884,62.98626798391342,49,0.674960441189505,2018-03-04,2018-12-15,63,349,287,25.193111301369868,38.35875,15.745,11.436099315068493,5545.485624999999,141,52,0,AAS2018_Annex4,official_aggregate,sub_region,sub_region,published_official_subregion_yield_over_harvested,2018,annual,False,False,False,published_annual_aggregate_total_and_s2_harvested_area,False,CHIRPS_v2.0_daily_via_ClimateSERV,NASA_POWER_daily,not_included,none,30,,soil_not_included_for_milestone,aas-chirps-v1,uganda_crop_model-0.2.0
Acholi,2018,annual,sorghum,0.8,0.6855038205706119,0.4208674619317245,36382.0,15312.0,24940.0,,,21.7,1499.7622353427555,4.108937631076042,205,54,3,26.905988931655884,62.98626798391342,49,0.674960441189505,2018-03-04,2018-12-15,63,349,287,25.193111301369868,38.35875,15.745,11.436099315068493,5545.485624999999,141,52,0,AAS2018_Annex4,official_aggregate,sub_region,sub_region,published_official_subregion_yield_over_harvested,2018,annual,False,False,False,published_annual_aggregate_total_and_s2_harvested_area,False,CHIRPS_v2.0_daily_via_ClimateSERV,NASA_POWER_daily,not_included,none,30,,soil_not_included_for_milestone,aas-chirps-v1,uganda_crop_model-0.2.0
Acholi,2018,annual,soya_beans,0.4,0.4638608643276615,0.30673091401897307,13282.0,4074.0,6161.0,,,38.5,1499.7622353427555,4.108937631076042,205,54,3,26.905988931655884,62.98626798391342,49,0.674960441189505,2018-03-04,2018-12-15,63,349,287,25.193111301369868,38.35875,15.745,11.436099315068493,5545.485624999999,141,52,0,AAS2018_Annex4,official_aggregate,sub_region,sub_region,published_official_subregion_yield_over_harvested,2018,annual,False,False,False,published_annual_aggregate_total_and_s2_harvested_area,False,CHIRPS_v2.0_daily_via_ClimateSERV,NASA_POWER_daily,not_included,none,30,,soil_not_included_for_milestone,aas-chirps-v1,uganda_crop_model-0.2.0
Acholi,2018,annual,sweet_potatoes,4.8,2.4347165222678218,0.3447332421340629,6579.0,2268.0,16018.0,,,29.0,1499.7622353427555,4.108937631076042,205,54,3,26.905988931655884,62.98626798391342,49,0.674960441189505,2018-03-04,2018-12-15,63,349,287,25.193111301369868,38.35875,15.745,11.436099315068493,5545.485624999999,141,52,0,AAS2018_Annex4,official_aggregate,sub_region,sub_region,published_official_subregion_yield_over_harvested,2018,annual,False,False,False,published_annual_aggregate_total_and_s2_harvested_area,False,CHIRPS_v2.0_daily_via_ClimateSERV,NASA_POWER_daily,not_included,none,30,,soil_not_included_for_milestone,aas-chirps-v1,uganda_crop_model-0.2.0
Acholi,2020,first_season,beans,0.8570862730857126,0.6306447226456525,0.7358007501102344,22327.76975470912,16428.789733803573,14080.89016425452,21.786650903736906,19.298945705759856,24.43402835114369,651.0392740555108,4.752111489456283,106,13,0,17.036237239837646,44.716405779123306,8,0.5628318110874938,2020-03-07,2020-04-01,67,92,26,23.905652372262775,36.575,16.9,9.103786496350367,1905.074375,18,2,0,AAS2020_Table_6_1,official_aggregate,sub_region,sub_region,production_mt_divided_by_area_harvested_ha,2020,first_season,False,False,False,surveyed_seasonal_block,True,CHIRPS_v2.0_daily_via_ClimateSERV,NASA_POWER_daily,not_included,none,30,,soil_not_included_for_milestone,aas-chirps-v1,uganda_crop_model-0.2.0
Acholi,2020,first_season,groundnuts,0.579730411471064,0.4699801629195586,0.8106874395755528,41311.86339982357,33491.00876369796,19415.75629115963,19.58088345501453,20.71998715096573,24.83473730660469,651.0392740555108,4.752111489456283,106,13,0,17.036237239837646,44.716405779123306,8,0.5628318110874938,2020-03-07,2020-04-01,67,92,26,23.905652372262775,36.575,16.9,9.103786496350367,1905.074375,18,2,0,AAS2020_Table_6_1,official_aggregate,sub_region,sub_region,production_mt_divided_by_area_harvested_ha,2020,first_season,False,False,False,surveyed_seasonal_block,True,CHIRPS_v2.0_daily_via_ClimateSERV,NASA_POWER_daily,not_included,none,30,,soil_not_included_for_milestone,aas-chirps-v1,uganda_crop_model-0.2.0
Acholi,2020,first_season,maize,1.6268858066002263,1.4161667964861673,0.8704770738922312,47942.14032561288,41732.53402677024,67894.06728161349,16.589763354664175,17.47189964546245,20.00325538597934,651.0392740555108,4.752111489456283,106,13,0,17.036237239837646,44.716405779123306,8,0.5628318110874938,2020-03-07,2020-04-01,67,92,26,23.905652372262775,36.575,16.9,9.103786496350367,1905.074375,18,2,0,AAS2020_Table_6_1,official_aggregate,sub_region,sub_region,production_mt_divided_by_area_harvested_ha,2020,first_season,False,False,False,surveyed_seasonal_block,True,CHIRPS_v2.0_daily_via_ClimateSERV,NASA_POWER_daily,not_included,none,30,,soil_not_included_for_milestone,aas-chirps-v1,uganda_crop_model-0.2.0
Acholi,2020,first_season,millet,0.2602112569707439,0.2259111580158064,0.8681836468020524,44337.8584152843,38493.4036103746,10016.416938537744,18.91381759063734,19.162182913175712,20.245770999015463,651.0392740555108,4.752111489456283,106,13,0,17.036237239837646,44.716405779123306,8,0.5628318110874938,2020-03-07,2020-04-01,67,92,26,23.905652372262775,36.575,16.9,9.103786496350367,1905.074375,18,2,0,AAS2020_Table_6_1,official_aggregate,sub_region,sub_region,production_mt_divided_by_area_harvested_ha,2020,first_season,False,False,False,surveyed_seasonal_block,True,CHIRPS_v2.0_daily_via_ClimateSERV,NASA_POWER_daily,not_included,none,30,,soil_not_included_for_milestone,aas-chirps-v1,uganda_crop_model-0.2.0
Acholi,2020,first_season,rice,1.8354492390020587,1.5309637823770317,0.8341084840948383,22967.47873768385,19157.368873369905,35162.37811990852,40.59264994900399,44.37531912713453,60.59384741154692,651.0392740555108,4.752111489456283,106,13,0,17.036237239837646,44.716405779123306,8,0.5628318110874938,2020-03-07,2020-04-01,67,92,26,23.905652372262775,36.575,16.9,9.103786496350367,1905.074375,18,2,0,AAS2020_Table_6_1,official_aggregate,sub_region,sub_region,production_mt_divided_by_area_harvested_ha,2020,first_season,False,False,False,surveyed_seasonal_block,True,CHIRPS_v2.0_daily_via_ClimateSERV,NASA_POWER_daily,not_included,none,30,,soil_not_included_for_milestone,aas-chirps-v1,uganda_crop_model-0.2.0
Acholi,2020,first_season,simsim,0.24056413363666956,0.09238113907846422,0.38401875492374904,23408.286443384248,8989.221014886893,2162.484165514809,23.81012969175752,37.93932942082419,30.68974725106307,651.0392740555108,4.752111489456283,106,13,0,17.036237239837646,44.716405779123306,8,0.5628318110874938,2020-03-07,2020-04-01,67,92,26,23.905652372262775,36.575,16.9,9.103786496350367,1905.074375,18,2,0,AAS2020_Table_6_1,official_aggregate,sub_region,sub_region,production_mt_divided_by_area_harvested_ha,2020,first_season,False,False,False,surveyed_seasonal_block,True,CHIRPS_v2.0_daily_via_ClimateSERV,NASA_POWER_daily,not_included,none,30,,soil_not_included_for_milestone,aas-chirps-v1,uganda_crop_model-0.2.0
Acholi,2020,first_season,sorghum,0.7136992535711828,0.016867887047735765,0.02363444681122032,53700.54900578078,1269.182769210456,905.8147950309092,16.18051337229043,47.45715494719151,32.2584217737696,651.0392740555108,4.752111489456283,106,13,0,17.036237239837646,44.716405779123306,8,0.5628318110874938,2020-03-07,2020-04-01,67,92,26,23.905652372262775,36.575,16.9,9.103786496350367,1905.074375,18,2,0,AAS2020_Table_6_1,official_aggregate,sub_region,sub_region,production_mt_divided_by_area_harvested_ha,2020,first_season,False,False,False,surveyed_seasonal_block,True,CHIRPS_v2.0_daily_via_ClimateSERV,NASA_POWER_daily,not_included,none,30,,soil_not_included_for_milestone,aas-chirps-v1,uganda_crop_model-0.2.0
Acholi,2020,first_season,soya_beans,1.0958248492916713,0.9190197884814282,0.8386557295862309,20487.345117292487,17181.829366627837,18828.27557624016,20.55769950101332,22.62806615191082,24.478383155329823,651.0392740555108,4.752111489456283,106,13,0,17.036237239837646,44.716405779123306,8,0.5628318110874938,2020-03-07,2020-04-01,67,92,26,23.905652372262775,36.575,16.9,9.103786496350367,1905.074375,18,2,0,AAS2020_Table_6_1,official_aggregate,sub_region,sub_region,production_mt_divided_by_area_harvested_ha,2020,first_season,False,False,False,surveyed_seasonal_block,True,CHIRPS_v2.0_daily_via_ClimateSERV,NASA_POWER_daily,not_included,none,30,,soil_not_included_for_milestone,aas-chirps-v1,uganda_crop_model-0.2.0
Acholi,2020,first_season,sweet_potatoes,7.360751879011887,1.7372837399985381,0.23601987521847462,12821.508783342924,3026.130903157173,22274.5987315501,9.315706041535202,13.477143439272796,9.537826708613345,651.0392740555108,4.752111489456283,106,13,0,17.036237239837646,44.716405779123306,8,0.5628318110874938,2020-03-07,2020-04-01,67,92,26,23.905652372262775,36.575,16.9,9.103786496350367,1905.074375,18,2,0,AAS2020_Table_6_1,official_aggregate,sub_region,sub_region,production_mt_divided_by_area_harvested_ha,2020,first_season,False,False,False,surveyed_seasonal_block,True,CHIRPS_v2.0_daily_via_ClimateSERV,NASA_POWER_daily,not_included,none,30,,soil_not_included_for_milestone,aas-chirps-v1,uganda_crop_model-0.2.0
Acholi,2020,second_season,beans,0.8791468943891129,0.6237504367676856,0.7094951261826468,14288.101607569732,10137.338452973165,8912.209618302692,30.90510484445952,35.202092009781225,34.55364940435578,650.1106713861227,5.285452612895306,93,18,2,22.452183485031128,61.82121396064758,8,0.6666527513708788,2020-08-15,2020-12-09,228,344,117,23.030365853658534,29.81,15.34875,9.431280487804873,1602.7350000000001,0,0,0,AAS2020_Table_6_1,official_aggregate,sub_region,sub_region,production_mt_divided_by_area_harvested_ha,2020,second_season,False,False,False,surveyed_seasonal_block,True,CHIRPS_v2.0_daily_via_ClimateSERV,NASA_POWER_daily,not_included,none,30,,soil_not_included_for_milestone,aas-chirps-v1,uganda_crop_model-0.2.0
Acholi,2020,second_season,groundnuts,0.774283389787513,0.5375684309435399,0.6942786556367496,21212.19136588105,14727.171704613364,11403.00442943078,25.12317623417041,27.01519384363122,33.11498337346168,650.1106713861227,5.285452612895306,93,18,2,22.452183485031128,61.82121396064758,8,0.6666527513708788,2020-08-15,2020-12-09,228,344,117,23.030365853658534,29.81,15.34875,9.431280487804873,1602.7350000000001,0,0,0,AAS2020_Table_6_1,official_aggregate,sub_region,sub_region,production_mt_divided_by_area_harvested_ha,2020,second_season,False,False,False,surveyed_seasonal_block,True,CHIRPS_v2.0_daily_via_ClimateSERV,NASA_POWER_daily,not_included,none,30,,soil_not_included_for_milestone,aas-chirps-v1,uganda_crop_model-0.2.0
Acholi,2020,second_season,maize,1.9919193221111424,1.1823105666877405,0.5935534404248184,10696.561668655642,6348.980979146792,12646.657888078616,18.42136967448647,19.386080764407403,21.47042551825298,650.1106713861227,5.285452612895306,93,18,2,22.452183485031128,61.82121396064758,8,0.6666527513708788,2020-08-15,2020-12-09,228,344,117,23.030365853658534,29.81,15.34875,9.431280487804873,1602.7350000000001,0,0,0,AAS2020_Table_6_1,official_aggregate,sub_region,sub_region,production_mt_divided_by_area_harvested_ha,2020,second_season,False,False,False,surveyed_seasonal_block,True,CHIRPS_v2.0_daily_via_ClimateSERV,NASA_POWER_daily,not_included,none,30,,soil_not_included_for_milestone,aas-chirps-v1,uganda_crop_model-0.2.0
Acholi,2020,second_season,millet,0.3783444913194841,0.16344406912940498,0.43199801471772575,10845.818462987523,4685.372043999466,1772.6847026295095,39.28169245727766,44.58241851756428,42.39707266072143,650.1106713861227,5.285452612895306,93,18,2,22.452183485031128,61.82121396064758,8,0.6666527513708788,2020-08-15,2020-12-09,228,344,117,23.030365853658534,29.81,15.34875,9.431280487804873,1602.7350000000001,0,0,0,AAS2020_Table_6_1,official_aggregate,sub_region,sub_region,production_mt_divided_by_area_harvested_ha,2020,second_season,False,False,False,surveyed_seasonal_block,True,CHIRPS_v2.0_daily_via_ClimateSERV,NASA_POWER_daily,not_included,none,30,,soil_not_included_for_milestone,aas-chirps-v1,uganda_crop_model-0.2.0
Acholi,2020,second_season,rice,0.8047415933139703,0.6865295288792632,0.8531055615655415,15680.716306644015,13377.306290529486,10765.274778489696,48.28847420372187,49.59736152682535,40.94279102886895,650.1106713861227,5.285452612895306,93,18,2,22.452183485031128,61.82121396064758,8,0.6666527513708788,2020-08-15,2020-12-09,228,344,117,23.030365853658534,29.81,15.34875,9.431280487804873,1602.7350000000001,0,0,0,AAS2020_Table_6_1,official_aggregate,sub_region,sub_region,production_mt_divided_by_area_harvested_ha,2020,second_season,False,False,False,surveyed_seasonal_block,True,CHIRPS_v2.0_daily_via_ClimateSERV,NASA_POWER_daily,not_included,none,30,,soil_not_included_for_milestone,aas-chirps-v1,uganda_crop_model-0.2.0
Acholi,2020,second_season,simsim,0.35926115652040563,0.20563306058666006,0.5723776613600595,83807.27339402742,47969.41115023655,17233.546127436824,14.3098587378472,17.11160589391599,18.683544188524102,650.1106713861227,5.285452612895306,93,18,2,22.452183485031128,61.82121396064758,8,0.6666527513708788,2020-08-15,2020-12-09,228,344,117,23.030365853658534,29.81,15.34875,9.431280487804873,1602.7350000000001,0,0,0,AAS2020_Table_6_1,official_aggregate,sub_region,sub_region,production_mt_divided_by_area_harvested_ha,2020,second_season,False,False,False,surveyed_seasonal_block,True,CHIRPS_v2.0_daily_via_ClimateSERV,NASA_POWER_daily,not_included,none,30,,soil_not_included_for_milestone,aas-chirps-v1,uganda_crop_model-0.2.0
Acholi,2020,second_season,sorghum,1.0529020128934115,0.684478114577132,0.6500871934855194,84984.94790626831,55247.62627289903,58170.33691031832,16.659338487503128,20.34983141362077,20.041784279774983,650.1106713861227,5.285452612895306,93,18,2,22.452183485031128,61.82121396064758,8,0.6666527513708788,2020-08-15,2020-12-09,228,344,117,23.030365853658534,29.81,15.34875,9.431280487804873,1602.7350000000001,0,0,0,AAS2020_Table_6_1,official_aggregate,sub_region,sub_region,production_mt_divided_by_area_harvested_ha,2020,second_season,False,False,False,surveyed_seasonal_block,True,CHIRPS_v2.0_daily_via_ClimateSERV,NASA_POWER_daily,not_included,none,30,,soil_not_included_for_milestone,aas-chirps-v1,uganda_crop_model-0.2.0
Acholi,2020,second_season,soya_beans,0.8621074636111007,0.5609956901236228,0.6507259405617323,6260.606063045007,4073.938768861446,3512.1730189300715,29.241787062656133,34.780000869378135,37.71877863325827,650.1106713861227,5.285452612895306,93,18,2,22.452183485031128,61.82121396064758,8,0.6666527513708788,2020-08-15,2020-12-09,228,344,117,23.030365853658534,29.81,15.34875,9.431280487804873,1602.7350000000001,0,0,0,AAS2020_Table_6_1,official_aggregate,sub_region,sub_region,production_mt_divided_by_area_harvested_ha,2020,second_season,False,False,False,surveyed_seasonal_block,True,CHIRPS_v2.0_daily_via_ClimateSERV,NASA_POWER_daily,not_included,none,30,,soil_not_included_for_milestone,aas-chirps-v1,uganda_crop_model-0.2.0
Acholi,2020,second_season,sweet_potatoes,14.728567574673178,7.318880459133953,0.4969173289953389,11382.383031721018,5656.103373724676,83306.30074924084,11.578422114464187,14.626769930820274,12.164077876108378,650.1106713861227,5.285452612895306,93,18,2,22.452183485031128,61.82121396064758,8,0.6666527513708788,2020-08-15,2020-12-09,228,344,117,23.030365853658534,29.81,15.34875,9.431280487804873,1602.7350000000001,0,0,0,AAS2020_Table_6_1,official_aggregate,sub_region,sub_region,production_mt_divided_by_area_harvested_ha,2020,second_season,False,False,False,surveyed_seasonal_block,True,CHIRPS_v2.0_daily_via_ClimateSERV,NASA_POWER_daily,not_included,none,30,,soil_not_included_for_milestone,aas-chirps-v1,uganda_crop_model-0.2.0
Ankole,2018,annual,beans,0.7,0.660831541530019,0.4000608127185457,138129.0,55260.0,91280.0,,,12.5,1243.510916313457,3.406879222776595,223,33,2,25.05243225097656,75.01569557189941,19,0.7622655808384896,2018-03-04,2018-08-04,63,216,154,21.358550684931505,31.914000000000005,11.931,10.138312328767128,4145.871,0,0,0,AAS2018_Annex4,official_aggregate,sub_region,sub_region,published_official_subregion_yield_over_harvested,2018,annual,False,False,False,published_annual_aggregate_total_and_s2_harvested_area,False,CHIRPS_v2.0_daily_via_ClimateSERV,NASA_POWER_daily,not_included,none,30,,soil_not_included_for_milestone,aas-chirps-v1,uganda_crop_model-0.2.0
Ankole,2018,annual,groundnuts,0.5,0.5216451181453411,0.3264823896567098,44860.0,14646.0,23401.0,,,28.9,1243.510916313457,3.406879222776595,223,33,2,25.05243225097656,75.01569557189941,19,0.7622655808384896,2018-03-04,2018-08-04,63,216,154,21.358550684931505,31.914000000000005,11.931,10.138312328767128,4145.871,0,0,0,AAS2018_Annex4,official_aggregate,sub_region,sub_region,published_official_subregion_yield_over_harvested,2018,annual,False,False,False,published_annual_aggregate_total_and_s2_harvested_area,False,CHIRPS_v2.0_daily_via_ClimateSERV,NASA_POWER_daily,not_included,none,30,,soil_not_included_for_milestone,aas-chirps-v1,uganda_crop_model-0.2.0
Ankole,2018,annual,irish_potatoes,2.6,2.514278136327469,0.4616744761736363,11311.0,5222.0,28439.0,,,26.7,1243.510916313457,3.406879222776595,223,33,2,25.05243225097656,75.01569557189941,19,0.7622655808384896,2018-03-04,2018-08-04,63,216,154,21.358550684931505,31.914000000000005,11.931,10.138312328767128,4145.871,0,0,0,AAS2018_Annex4,official_aggregate,sub_region,sub_region,published_official_subregion_yield_over_harvested,2018,annual,False,False,False,published_annual_aggregate_total_and_s2_harvested_area,False,CHIRPS_v2.0_daily_via_ClimateSERV,NASA_POWER_daily,not_included,none,30,,soil_not_included_for_milestone,aas-chirps-v1,uganda_crop_model-0.2.0
Ankole,2018,annual,maize,2.3,1.9206666102698586,0.524557990017765,59105.0,31004.0,113521.0,,,44.6,1243.510916313457,3.406879222776595,223,33,2,25.05243225097656,75.01569557189941,19,0.7622655808384896,2018-03-04,2018-08-04,63,216,154,21.358550684931505,31.914000000000005,11.931,10.138312328767128,4145.871,0,0,0,AAS2018_Annex4,official_aggregate,sub_region,sub_region,published_official_subregion_yield_over_harvested,2018,annual,False,False,False,published_annual_aggregate_total_and_s2_harvested_area,False,CHIRPS_v2.0_daily_via_ClimateSERV,NASA_POWER_daily,not_included,none,30,,soil_not_included_for_milestone,aas-chirps-v1,uganda_crop_model-0.2.0
Ankole,2018,annual,millet,0.7,0.6872617120175485,0.9630229278738184,38294.0,36878.0,26318.0,,,11.3,1243.510916313457,3.406879222776595,223,33,2,25.05243225097656,75.01569557189941,19,0.7622655808384896,2018-03-04,2018-08-04,63,216,154,21.358550684931505,31.914000000000005,11.931,10.138312328767128,4145.871,0,0,0,AAS2018_Annex4,official_aggregate,sub_region,sub_region,published_official_subregion_yield_over_harvested,2018,annual,False,False,False,published_annual_aggregate_total_and_s2_harvested_area,False,CHIRPS_v2.0_daily_via_ClimateSERV,NASA_POWER_daily,not_included,none,30,,soil_not_included_for_milestone,aas-chirps-v1,uganda_crop_model-0.2.0
Ankole,2018,annual,sorghum,0.5,0.5712493970091654,0.42875060299083456,10365.0,4444.0,5921.0,,,36.7,1243.510916313457,3.406879222776595,223,33,2,25.05243225097656,75.01569557189941,19,0.7622655808384896,2018-03-04,2018-08-04,63,216,154,21.358550684931505,31.914000000000005,11.931,10.138312328767128,4145.871,0,0,0,AAS2018_Annex4,official_aggregate,sub_region,sub_region,published_official_subregion_yield_over_harvested,2018,annual,False,False,False,published_annual_aggregate_total_and_s2_harvested_area,False,CHIRPS_v2.0_daily_via_ClimateSERV,NASA_POWER_daily,not_included,none,30,,soil_not_included_for_milestone,aas-chirps-v1,uganda_crop_model-0.2.0
Ankole,2018,annual,soya_beans,0.5,0.5218274111675127,0.6213197969543147,985.0,612.0,514.0,,,76.4,1243.510916313457,3.406879222776595,223,33,2,25.05243225097656,75.01569557189941,19,0.7622655808384896,2018-03-04,2018-08-04,63,216,154,21.358550684931505,31.914000000000005,11.931,10.138312328767128,4145.871,0,0,0,AAS2018_Annex4,official_aggregate,sub_region,sub_region,published_official_subregion_yield_over_harvested,2018,annual,False,False,False,published_annual_aggregate_total_and_s2_harvested_area,False,CHIRPS_v2.0_daily_via_ClimateSERV,NASA_POWER_daily,not_included,none,30,,soil_not_included_for_milestone,aas-chirps-v1,uganda_crop_model-0.2.0
Ankole,2018,annual,sweet_potatoes,3.9,2.6217106304822826,0.3380094366509389,31579.0,10674.0,82791.0,,,14.5,1243.510916313457,3.406879222776595,223,33,2,25.05243225097656,75.01569557189941,19,0.7622655808384896,2018-03-04,2018-08-04,63,216,154,21.358550684931505,31.914000000000005,11.931,10.138312328767128,4145.871,0,0,0,AAS2018_Annex4,official_aggregate,sub_region,sub_region,published_official_subregion_yield_over_harvested,2018,annual,False,False,False,published_annual_aggregate_total_and_s2_harvested_area,False,CHIRPS_v2.0_daily_via_ClimateSERV,NASA_POWER_daily,not_included,none,30,,soil_not_included_for_milestone,aas-chirps-v1,uganda_crop_model-0.2.0
Ankole,2020,first_season,beans,0.7107039593083359,0.6303004572719194,0.8868678006034102,54452.04004389917,48291.76099210168,34321.14573905851,8.460903534537016,8.243617313528219,9.564089570366017,357.87710261475297,2.612241624925204,66,8,2,28.72265033721924,68.87206845283508,19,0.979865753552169,2020-03-16,2020-06-23,76,175,100,20.86895620437956,27.946,13.906,8.98510948905109,1489.047,0,0,0,AAS2020_Table_6_1,official_aggregate,sub_region,sub_region,production_mt_divided_by_area_harvested_ha,2020,first_season,False,False,False,surveyed_seasonal_block,True,CHIRPS_v2.0_daily_via_ClimateSERV,NASA_POWER_daily,not_included,none,30,,soil_not_included_for_milestone,aas-chirps-v1,uganda_crop_model-0.2.0
Ankole,2020,first_season,groundnuts,0.48920935705591045,0.4785238239807267,0.9781575455966545,13519.71785013503,13224.414029447358,6469.507084787104,15.052386327660932,15.241080323814913,16.96439242537923,357.87710261475297,2.612241624925204,66,8,2,28.72265033721924,68.87206845283508,19,0.979865753552169,2020-03-16,2020-06-23,76,175,100,20.86895620437956,27.946,13.906,8.98510948905109,1489.047,0,0,0,AAS2020_Table_6_1,official_aggregate,sub_region,sub_region,production_mt_divided_by_area_harvested_ha,2020,first_season,False,False,False,surveyed_seasonal_block,True,CHIRPS_v2.0_daily_via_ClimateSERV,NASA_POWER_daily,not_included,none,30,,soil_not_included_for_milestone,aas-chirps-v1,uganda_crop_model-0.2.0
Ankole,2020,first_season,irish_potatoes,2.6066656470507263,2.150613792439885,0.8250439771104383,1696.9033134770534,1400.019858522989,3649.383670400693,39.28353740000834,41.771267580252825,41.294124133831566,357.87710261475297,2.612241624925204,66,8,2,28.72265033721924,68.87206845283508,19,0.979865753552169,2020-03-16,2020-06-23,76,175,100,20.86895620437956,27.946,13.906,8.98510948905109,1489.047,0,0,0,AAS2020_Table_6_1,official_aggregate,sub_region,sub_region,production_mt_divided_by_area_harvested_ha,2020,first_season,False,False,False,surveyed_seasonal_block,True,CHIRPS_v2.0_daily_via_ClimateSERV,NASA_POWER_daily,not_included,none,30,,soil_not_included_for_milestone,aas-chirps-v1,uganda_crop_model-0.2.0
Ankole,2020,first_season,maize,2.2911775934330265,2.0956935372106344,0.9146796578394061,8773.79237101778,8025.209403876534,18387.17996876993,19.024986164773527,20.499349643686564,20.05132831229202,357.87710261475297,2.612241624925204,66,8,2,28.72265033721924,68.87206845283508,19,0.979865753552169,2020-03-16,2020-06-23,76,175,100,20.86895620437956,27.946,13.906,8.98510948905109,1489.047,0,0,0,AAS2020_Table_6_1,official_aggregate,sub_region,sub_region,production_mt_divided_by_area_harvested_ha,2020,first_season,False,False,False,surveyed_seasonal_block,True,CHIRPS_v2.0_daily_via_ClimateSERV,NASA_POWER_daily,not_included,none,30,,soil_not_included_for_milestone,aas-chirps-v1,uganda_crop_model-0.2.0
Ankole,2020,first_season,millet,1.2807764204080456,0.5732466781386375,0.447577476446674,448.8739097013501,200.9058517468825,257.31547763940165,41.35140819523545,60.09392341741842,57.99340818055172,357.87710261475297,2.612241624925204,66,8,2,28.72265033721924,68.87206845283508,19,0.979865753552169,2020-03-16,2020-06-23,76,175,100,20.86895620437956,27.946,13.906,8.98510948905109,1489.047,0,0,0,AAS2020_Table_6_1,official_aggregate,sub_region,sub_region,production_mt_divided_by_area_harvested_ha,2020,first_season,False,False,False,surveyed_seasonal_block,True,CHIRPS_v2.0_daily_via_ClimateSERV,NASA_POWER_daily,not_included,none,30,,soil_not_included_for_milestone,aas-chirps-v1,uganda_crop_model-0.2.0
Ankole,2020,first_season,sorghum,0.660753068253978,0.5990797520112768,0.9066620811831093,3842.9955489552776,3484.298342393218,2302.260820448568,31.47285185561868,34.061378145632574,38.14556727812998,357.87710261475297,2.612241624925204,66,8,2,28.72265033721924,68.87206845283508,19,0.979865753552169,2020-03-16,2020-06-23,76,175,100,20.86895620437956,27.946,13.906,8.98510948905109,1489.047,0,0,0,AAS2020_Table_6_1,official_aggregate,sub_region,sub_region,production_mt_divided_by_area_harvested_ha,2020,first_season,False,False,False,surveyed_seasonal_block,True,CHIRPS_v2.0_daily_via_ClimateSERV,NASA_POWER_daily,not_included,none,30,,soil_not_included_for_milestone,aas-chirps-v1,uganda_crop_model-0.2.0
Ankole,2020,first_season,soya_beans,0.33778217738642624,0.10071848840878768,0.2981758516334173,101.90414617320354,30.38535557017121,10.263631565153206,75.7439993406501,100.00000000000004,100.0,357.87710261475297,2.612241624925204,66,8,2,28.72265033721924,68.87206845283508,19,0.979865753552169,2020-03-16,2020-06-23,76,175,100,20.86895620437956,27.946,13.906,8.98510948905109,1489.047,0,0,0,AAS2020_Table_6_1,official_aggregate,sub_region,sub_region,production_mt_divided_by_area_harvested_ha,2020,first_season,False,False,False,surveyed_seasonal_block,True,CHIRPS_v2.0_daily_via_ClimateSERV,NASA_POWER_daily,not_included,none,30,,soil_not_included_for_milestone,aas-chirps-v1,uganda_crop_model-0.2.0
Ankole,2020,first_season,sweet_potatoes,4.329712242698299,2.8394525370602723,0.6558062933278704,6150.545949162995,4033.5667408633326,17464.183299656648,15.500458883056734,17.281653648438066,18.766399528317223,357.87710261475297,2.612241624925204,66,8,2,28.72265033721924,68.87206845283508,19,0.979865753552169,2020-03-16,2020-06-23,76,175,100,20.86895620437956,27.946,13.906,8.98510948905109,1489.047,0,0,0,AAS2020_Table_6_1,official_aggregate,sub_region,sub_region,production_mt_divided_by_area_harvested_ha,2020,first_season,False,False,False,surveyed_seasonal_block,True,CHIRPS_v2.0_daily_via_ClimateSERV,NASA_POWER_daily,not_included,none,30,,soil_not_included_for_milestone,aas-chirps-v1,uganda_crop_model-0.2.0
Ankole,2020,second_season,beans,1.3411688832335629,0.756005699326928,0.5636916489623556,64474.96625307064,36344.000043985616,48743.44195123275,7.958436674417017,11.57136772640079,8.669024528679175,552.1310719825328,4.488870503923031,89,18,3,36.17350177764892,79.46211805343628,3,0.9458557344724235,2020-09-24,2020-12-13,268,348,81,21.010479674796752,28.569,13.436000000000002,9.163121951219509,1354.289,0,0,0,AAS2020_Table_6_1,official_aggregate,sub_region,sub_region,production_mt_divided_by_area_harvested_ha,2020,second_season,False,False,False,surveyed_seasonal_block,True,CHIRPS_v2.0_daily_via_ClimateSERV,NASA_POWER_daily,not_included,none,30,,soil_not_included_for_milestone,aas-chirps-v1,uganda_crop_model-0.2.0
Ankole,2020,second_season,groundnuts,0.556144731073507,0.28855781006843984,0.5188538053960281,7750.623680207723,4021.440590668345,2236.502995825332,12.72968248344638,16.27230586950763,13.467900643040752,552.1310719825328,4.488870503923031,89,18,3,36.17350177764892,79.46211805343628,3,0.9458557344724235,2020-09-24,2020-12-13,268,348,81,21.010479674796752,28.569,13.436000000000002,9.163121951219509,1354.289,0,0,0,AAS2020_Table_6_1,official_aggregate,sub_region,sub_region,production_mt_divided_by_area_harvested_ha,2020,second_season,False,False,False,surveyed_seasonal_block,True,CHIRPS_v2.0_daily_via_ClimateSERV,NASA_POWER_daily,not_included,none,30,,soil_not_included_for_milestone,aas-chirps-v1,uganda_crop_model-0.2.0
Ankole,2020,second_season,irish_potatoes,4.840624253728912,2.9941867029262896,0.6185538364436688,2027.737898198324,1254.265056232795,6071.425851805124,41.4212319455072,41.582486097250666,37.2992350663371,552.1310719825328,4.488870503923031,89,18,3,36.17350177764892,79.46211805343628,3,0.9458557344724235,2020-09-24,2020-12-13,268,348,81,21.010479674796752,28.569,13.436000000000002,9.163121951219509,1354.289,0,0,0,AAS2020_Table_6_1,official_aggregate,sub_region,sub_region,production_mt_divided_by_area_harvested_ha,2020,second_season,False,False,False,surveyed_seasonal_block,True,CHIRPS_v2.0_daily_via_ClimateSERV,NASA_POWER_daily,not_included,none,30,,soil_not_included_for_milestone,aas-chirps-v1,uganda_crop_model-0.2.0
Ankole,2020,second_season,maize,4.746403988018382,2.9577814469350803,0.623162599391366,11986.055961617616,7469.261789492012,35452.1339451982,13.196671304950222,15.758581518624698,16.529419799404966,552.1310719825328,4.488870503923031,89,18,3,36.17350177764892,79.46211805343628,3,0.9458557344724235,2020-09-24,2020-12-13,268,348,81,21.010479674796752,28.569,13.436000000000002,9.163121951219509,1354.289,0,0,0,AAS2020_Table_6_1,official_aggregate,sub_region,sub_region,production_mt_divided_by_area_harvested_ha,2020,second_season,False,False,False,surveyed_seasonal_block,True,CHIRPS_v2.0_daily_via_ClimateSERV,NASA_POWER_daily,not_included,none,30,,soil_not_included_for_milestone,aas-chirps-v1,uganda_crop_model-0.2.0
Ankole,2020,second_season,millet,0.7193080425140036,0.4866445669147005,0.6765454272050995,32133.924774832703,21740.059864565723,15637.799905318025,11.936822268520208,13.698477547222804,12.055019469735957,552.1310719825328,4.488870503923031,89,18,3,36.17350177764892,79.46211805343628,3,0.9458557344724235,2020-09-24,2020-12-13,268,348,81,21.010479674796752,28.569,13.436000000000002,9.163121951219509,1354.289,0,0,0,AAS2020_Table_6_1,official_aggregate,sub_region,sub_region,production_mt_divided_by_area_harvested_ha,2020,second_season,False,False,False,surveyed_seasonal_block,True,CHIRPS_v2.0_daily_via_ClimateSERV,NASA_POWER_daily,not_included,none,30,,soil_not_included_for_milestone,aas-chirps-v1,uganda_crop_model-0.2.0
Ankole,2020,second_season,sorghum,1.8183667473252825,1.452986955136681,0.7990615519525668,2458.7296497057914,1964.6763297257005,3572.502107230296,38.36697362095664,45.393019044784175,41.11655781314592,552.1310719825328,4.488870503923031,89,18,3,36.17350177764892,79.46211805343628,3,0.9458557344724235,2020-09-24,2020-12-13,268,348,81,21.010479674796752,28.569,13.436000000000002,9.163121951219509,1354.289,0,0,0,AAS2020_Table_6_1,official_aggregate,sub_region,sub_region,production_mt_divided_by_area_harvested_ha,2020,second_season,False,False,False,surveyed_seasonal_block,True,CHIRPS_v2.0_daily_via_ClimateSERV,NASA_POWER_daily,not_included,none,30,,soil_not_included_for_milestone,aas-chirps-v1,uganda_crop_model-0.2.0
Ankole,2020,second_season,sweet_potatoes,7.086512596688682,3.194257061421171,0.45075162399538427,7094.444774779529,3197.832503577441,22661.48031870204,15.44793855602328,24.347711374335145,16.602723657308246,552.1310719825328,4.488870503923031,89,18,3,36.17350177764892,79.46211805343628,3,0.9458557344724235,2020-09-24,2020-12-13,268,348,81,21.010479674796752,28.569,13.436000000000002,9.163121951219509,1354.289,0,0,0,AAS2020_Table_6_1,official_aggregate,sub_region,sub_region,production_mt_divided_by_area_harvested_ha,2020,second_season,False,False,False,surveyed_seasonal_block,True,CHIRPS_v2.0_daily_via_ClimateSERV,NASA_POWER_daily,not_included,none,30,,soil_not_included_for_milestone,aas-chirps-v1,uganda_crop_model-0.2.0
Bukedi,2018,annual,beans,0.4,0.34561306137551456,0.40826048748901533,43242.0,17654.0,14945.0,,,20.9,1473.672702934302,4.037459460093978,226,46,4,24.90098206202189,79.15534496307373,19,0.7634577124831139,2018-02-18,2018-11-24,49,328,280,22.99686073059361,35.845,15.146666666666668,9.392589041095892,4743.854166666666,30,6,0,AAS2018_Annex4,official_aggregate,sub_region,sub_region,published_official_subregion_yield_over_harvested,2018,annual,False,False,False,published_annual_aggregate_total_and_s2_harvested_area,False,CHIRPS_v2.0_daily_via_ClimateSERV,NASA_POWER_daily,not_included,none,30,,soil_not_included_for_milestone,aas-chirps-v1,uganda_crop_model-0.2.0
Bukedi,2018,annual,groundnuts,0.4,0.39858671718982025,0.22758461774796457,39058.0,8889.0,15568.0,,,24.8,1473.672702934302,4.037459460093978,226,46,4,24.90098206202189,79.15534496307373,19,0.7634577124831139,2018-02-18,2018-11-24,49,328,280,22.99686073059361,35.845,15.146666666666668,9.392589041095892,4743.854166666666,30,6,0,AAS2018_Annex4,official_aggregate,sub_region,sub_region,published_official_subregion_yield_over_harvested,2018,annual,False,False,False,published_annual_aggregate_total_and_s2_harvested_area,False,CHIRPS_v2.0_daily_via_ClimateSERV,NASA_POWER_daily,not_included,none,30,,soil_not_included_for_milestone,aas-chirps-v1,uganda_crop_model-0.2.0
Bukedi,2018,annual,maize,1.0,1.2122380323276951,0.40056598733747717,138519.0,55486.0,167918.0,,,11.2,1473.672702934302,4.037459460093978,226,46,4,24.90098206202189,79.15534496307373,19,0.7634577124831139,2018-02-18,2018-11-24,49,328,280,22.99686073059361,35.845,15.146666666666668,9.392589041095892,4743.854166666666,30,6,0,AAS2018_Annex4,official_aggregate,sub_region,sub_region,published_official_subregion_yield_over_harvested,2018,annual,False,False,False,published_annual_aggregate_total_and_s2_harvested_area,False,CHIRPS_v2.0_daily_via_ClimateSERV,NASA_POWER_daily,not_included,none,30,,soil_not_included_for_milestone,aas-chirps-v1,uganda_crop_model-0.2.0
Bukedi,2018,annual,millet,0.3,0.4295345400812708,0.06741780568895456,32484.0,2190.0,13953.0,,,49.3,1473.672702934302,4.037459460093978,226,46,4,24.90098206202189,79.15534496307373,19,0.7634577124831139,2018-02-18,2018-11-24,49,328,280,22.99686073059361,35.845,15.146666666666668,9.392589041095892,4743.854166666666,30,6,0,AAS2018_Annex4,official_aggregate,sub_region,sub_region,published_official_subregion_yield_over_harvested,2018,annual,False,False,False,published_annual_aggregate_total_and_s2_harvested_area,False,CHIRPS_v2.0_daily_via_ClimateSERV,NASA_POWER_daily,not_included,none,30,,soil_not_included_for_milestone,aas-chirps-v1,uganda_crop_model-0.2.0
Bukedi,2018,annual,rice,1.0,0.8946788368609941,0.3606691722949106,35387.0,12763.0,31660.0,,,24.8,1473.672702934302,4.037459460093978,226,46,4,24.90098206202189,79.15534496307373,19,0.7634577124831139,2018-02-18,2018-11-24,49,328,280,22.99686073059361,35.845,15.146666666666668,9.392589041095892,4743.854166666666,30,6,0,AAS2018_Annex4,official_aggregate,sub_region,sub_region,published_official_subregion_yield_over_harvested,2018,annual,False,False,False,published_annual_aggregate_total_and_s2_harvested_area,False,CHIRPS_v2.0_daily_via_ClimateSERV,NASA_POWER_daily,not_included,none,30,,soil_not_included_for_milestone,aas-chirps-v1,uganda_crop_model-0.2.0
Bukedi,2018,annual,simsim,0.1,0.16815742397137745,0.5992844364937389,1118.0,670.0,188.0,,,53.1,1473.672702934302,4.037459460093978,226,46,4,24.90098206202189,79.15534496307373,19,0.7634577124831139,2018-02-18,2018-11-24,49,328,280,22.99686073059361,35.845,15.146666666666668,9.392589041095892,4743.854166666666,30,6,0,AAS2018_Annex4,official_aggregate,sub_region,sub_region,published_official_subregion_yield_over_harvested,2018,annual,False,False,False,published_annual_aggregate_total_and_s2_harvested_area,False,CHIRPS_v2.0_daily_via_ClimateSERV,NASA_POWER_daily,not_included,none,30,,soil_not_included_for_milestone,aas-chirps-v1,uganda_crop_model-0.2.0
Bukedi,2018,annual,sorghum,0.5,0.5473150495505877,0.17778289928554966,21695.0,3857.0,11874.0,,,26.7,1473.672702934302,4.037459460093978,226,46,4,24.90098206202189,79.15534496307373,19,0.7634577124831139,2018-02-18,2018-11-24,49,328,280,22.99686073059361,35.845,15.146666666666668,9.392589041095892,4743.854166666666,30,6,0,AAS2018_Annex4,official_aggregate,sub_region,sub_region,published_official_subregion_yield_over_harvested,2018,annual,False,False,False,published_annual_aggregate_total_and_s2_harvested_area,False,CHIRPS_v2.0_daily_via_ClimateSERV,NASA_POWER_daily,not_included,none,30,,soil_not_included_for_milestone,aas-chirps-v1,uganda_crop_model-0.2.0
Bukedi,2018,annual,soya_beans,0.3,0.2644795846117536,0.49157422704743925,21185.0,10414.0,5603.0,,,25.7,1473.672702934302,4.037459460093978,226,46,4,24.90098206202189,79.15534496307373,19,0.7634577124831139,2018-02-18,2018-11-24,49,328,280,22.99686073059361,35.845,15.146666666666668,9.392589041095892,4743.854166666666,30,6,0,AAS2018_Annex4,official_aggregate,sub_region,sub_region,published_official_subregion_yield_over_harvested,2018,annual,False,False,False,published_annual_aggregate_total_and_s2_harvested_area,False,CHIRPS_v2.0_daily_via_ClimateSERV,NASA_POWER_daily,not_included,none,30,,soil_not_included_for_milestone,aas-chirps-v1,uganda_crop_model-0.2.0
Bukedi,2018,annual,sweet_potatoes,2.1,1.788007174666007,0.4909388916378031,32336.0,15875.0,57817.0,,,12.6,1473.672702934302,4.037459460093978,226,46,4,24.90098206202189,79.15534496307373,19,0.7634577124831139,2018-02-18,2018-11-24,49,328,280,22.99686073059361,35.845,15.146666666666668,9.392589041095892,4743.854166666666,30,6,0,AAS2018_Annex4,official_aggregate,sub_region,sub_region,published_official_subregion_yield_over_harvested,2018,annual,False,False,False,published_annual_aggregate_total_and_s2_harvested_area,False,CHIRPS_v2.0_daily_via_ClimateSERV,NASA_POWER_daily,not_included,none,30,,soil_not_included_for_milestone,aas-chirps-v1,uganda_crop_model-0.2.0
Bukedi,2020,first_season,beans,0.5175817230094646,0.49110511332778667,0.9488455474669191,7898.659006215235,7494.607429006806,3879.071826384876,22.41427170874125,23.51968372065901,26.687005541874143,866.8002625753484,6.327009215878455,114,30,2,27.57192389170329,77.6539474328359,2,0.711099872806906,2020-03-06,2020-07-15,66,197,132,22.404902676399026,30.615,16.669999999999998,7.621824817518249,1699.4716666666666,0,0,0,AAS2020_Table_6_1,official_aggregate,sub_region,sub_region,production_mt_divided_by_area_harvested_ha,2020,first_season,False,False,False,surveyed_seasonal_block,True,CHIRPS_v2.0_daily_via_ClimateSERV,NASA_POWER_daily,not_included,none,30,,soil_not_included_for_milestone,aas-chirps-v1,uganda_crop_model-0.2.0
Bukedi,2020,first_season,groundnuts,0.47706326620362677,0.4503028000055236,0.9439058336831139,19476.054131639823,18383.56111198294,8770.121708536559,15.421584841346656,15.606830571289972,15.58605499578506,866.8002625753484,6.327009215878455,114,30,2,27.57192389170329,77.6539474328359,2,0.711099872806906,2020-03-06,2020-07-15,66,197,132,22.404902676399026,30.615,16.669999999999998,7.621824817518249,1699.4716666666666,0,0,0,AAS2020_Table_6_1,official_aggregate,sub_region,sub_region,production_mt_divided_by_area_harvested_ha,2020,first_season,False,False,False,surveyed_seasonal_block,True,CHIRPS_v2.0_daily_via_ClimateSERV,NASA_POWER_daily,not_included,none,30,,soil_not_included_for_milestone,aas-chirps-v1,uganda_crop_model-0.2.0
Bukedi,2020,first_season,maize,1.5470171390615695,1.499062875139715,0.9690021120574372,46005.41547499803,44579.344761353,68965.01039394768,9.875934481201492,9.809122856761505,11.446508316265888,866.8002625753484,6.327009215878455,114,30,2,27.57192389170329,77.6539474328359,2,0.711099872806906,2020-03-06,2020-07-15,66,197,132,22.404902676399026,30.615,16.669999999999998,7.621824817518249,1699.4716666666666,0,0,0,AAS2020_Table_6_1,official_aggregate,sub_region,sub_region,production_mt_divided_by_area_harvested_ha,2020,first_season,False,False,False,surveyed_seasonal_block,True,CHIRPS_v2.0_daily_via_ClimateSERV,NASA_POWER_daily,not_included,none,30,,soil_not_included_for_milestone,aas-chirps-v1,uganda_crop_model-0.2.0
Bukedi,2020,first_season,millet,0.4272092427017133,0.41100202837892164,0.9620625850220477,14470.562243034405,13921.58651825612,5947.430433670578,19.320378665013,19.58861313069356,25.63611225557745,866.8002625753484,6.327009215878455,114,30,2,27.57192389170329,77.6539474328359,2,0.711099872806906,2020-03-06,2020-07-15,66,197,132,22.404902676399026,30.615,16.669999999999998,7.621824817518249,1699.4716666666666,0,0,0,AAS2020_Table_6_1,official_aggregate,sub_region,sub_region,production_mt_divided_by_area_harvested_ha,2020,first_season,False,False,False,surveyed_seasonal_block,True,CHIRPS_v2.0_daily_via_ClimateSERV,NASA_POWER_daily,not_included,none,30,,soil_not_included_for_milestone,aas-chirps-v1,uganda_crop_model-0.2.0
Bukedi,2020,first_season,rice,1.3882164630489437,1.3749875641997342,0.9904705791918396,22513.23985184557,22298.701715542287,30955.424826133527,16.55827665890812,16.65796614463508,17.552100533750455,866.8002625753484,6.327009215878455,114,30,2,27.57192389170329,77.6539474328359,2,0.711099872806906,2020-03-06,2020-07-15,66,197,132,22.404902676399026,30.615,16.669999999999998,7.621824817518249,1699.4716666666666,0,0,0,AAS2020_Table_6_1,official_aggregate,sub_region,sub_region,production_mt_divided_by_area_harvested_ha,2020,first_season,False,False,False,surveyed_seasonal_block,True,CHIRPS_v2.0_daily_via_ClimateSERV,NASA_POWER_daily,not_included,none,30,,soil_not_included_for_milestone,aas-chirps-v1,uganda_crop_model-0.2.0
Bukedi,2020,first_season,simsim,0.3317125177589506,0.3141611101882066,0.9470884979279005,485.9786915090834,460.2648289663043,152.6756052523056,46.092576097067855,48.6144100168761,60.108339793228026,866.8002625753484,6.327009215878455,114,30,2,27.57192389170329,77.6539474328359,2,0.711099872806906,2020-03-06,2020-07-15,66,197,132,22.404902676399026,30.615,16.669999999999998,7.621824817518249,1699.4716666666666,0,0,0,AAS2020_Table_6_1,official_aggregate,sub_region,sub_region,production_mt_divided_by_area_harvested_ha,2020,first_season,False,False,False,surveyed_seasonal_block,True,CHIRPS_v2.0_daily_via_ClimateSERV,NASA_POWER_daily,not_included,none,30,,soil_not_included_for_milestone,aas-chirps-v1,uganda_crop_model-0.2.0
Bukedi,2020,first_season,sorghum,0.5913910230747661,0.4840766306201121,0.8185390236451274,7423.576513205711,6076.487071074303,3593.579905663221,22.856327950437745,22.76174921211808,28.27803191064603,866.8002625753484,6.327009215878455,114,30,2,27.57192389170329,77.6539474328359,2,0.711099872806906,2020-03-06,2020-07-15,66,197,132,22.404902676399026,30.615,16.669999999999998,7.621824817518249,1699.4716666666666,0,0,0,AAS2020_Table_6_1,official_aggregate,sub_region,sub_region,production_mt_divided_by_area_harvested_ha,2020,first_season,False,False,False,surveyed_seasonal_block,True,CHIRPS_v2.0_daily_via_ClimateSERV,NASA_POWER_daily,not_included,none,30,,soil_not_included_for_milestone,aas-chirps-v1,uganda_crop_model-0.2.0
Bukedi,2020,first_season,soya_beans,0.41759938898187365,0.41759938898187365,1.0,3921.261433848563,3921.261433848563,1637.5163788133457,28.0040925578669,28.004092557866905,30.79059525895591,866.8002625753484,6.327009215878455,114,30,2,27.57192389170329,77.6539474328359,2,0.711099872806906,2020-03-06,2020-07-15,66,197,132,22.404902676399026,30.615,16.669999999999998,7.621824817518249,1699.4716666666666,0,0,0,AAS2020_Table_6_1,official_aggregate,sub_region,sub_region,production_mt_divided_by_area_harvested_ha,2020,first_season,False,False,False,surveyed_seasonal_block,True,CHIRPS_v2.0_daily_via_ClimateSERV,NASA_POWER_daily,not_included,none,30,,soil_not_included_for_milestone,aas-chirps-v1,uganda_crop_model-0.2.0
Bukedi,2020,first_season,sweet_potatoes,2.6225674475211567,1.2780478904628834,0.487326986259549,17988.225638238728,8766.147788439632,22989.81383012136,12.373306421044065,14.410178086730092,15.15825351271332,866.8002625753484,6.327009215878455,114,30,2,27.57192389170329,77.6539474328359,2,0.711099872806906,2020-03-06,2020-07-15,66,197,132,22.404902676399026,30.615,16.669999999999998,7.621824817518249,1699.4716666666666,0,0,0,AAS2020_Table_6_1,official_aggregate,sub_region,sub_region,production_mt_divided_by_area_harvested_ha,2020,first_season,False,False,False,surveyed_seasonal_block,True,CHIRPS_v2.0_daily_via_ClimateSERV,NASA_POWER_daily,not_included,none,30,,soil_not_included_for_milestone,aas-chirps-v1,uganda_crop_model-0.2.0
Bukedi,2020,second_season,beans,0.7056484947012807,0.36934646111429853,0.5234142266124333,6009.0445929110965,3145.2194282781857,2219.419355069724,21.266998609749425,25.94437994479266,24.86723903561505,946.2316509683926,7.69294025177555,105,28,8,51.53489621480306,138.83227117856345,4,0.9545681726833233,2020-08-15,2020-12-11,228,346,119,22.436768292682924,29.02333333333333,14.981666666666667,8.5660027100271,1529.7224999999999,0,0,0,AAS2020_Table_6_1,official_aggregate,sub_region,sub_region,production_mt_divided_by_area_harvested_ha,2020,second_season,False,False,False,surveyed_seasonal_block,True,CHIRPS_v2.0_daily_via_ClimateSERV,NASA_POWER_daily,not_included,none,30,,soil_not_included_for_milestone,aas-chirps-v1,uganda_crop_model-0.2.0
Bukedi,2020,second_season,groundnuts,0.5641103408681046,0.286922478293287,0.5086282904364852,4614.401009321355,2347.0148967595123,1323.975373433528,39.86418013686493,35.33050470358466,30.58922233786437,946.2316509683926,7.69294025177555,105,28,8,51.53489621480306,138.83227117856345,4,0.9545681726833233,2020-08-15,2020-12-11,228,346,119,22.436768292682924,29.02333333333333,14.981666666666667,8.5660027100271,1529.7224999999999,0,0,0,AAS2020_Table_6_1,official_aggregate,sub_region,sub_region,production_mt_divided_by_area_harvested_ha,2020,second_season,False,False,False,surveyed_seasonal_block,True,CHIRPS_v2.0_daily_via_ClimateSERV,NASA_POWER_daily,not_included,none,30,,soil_not_included_for_milestone,aas-chirps-v1,uganda_crop_model-0.2.0
Bukedi,2020,second_season,maize,2.5941966847486744,1.3446807030776011,0.518341847780086,38307.0939749609,19856.169874066632,51510.81005911016,10.48923636761742,12.632343295255431,12.560235646556675,946.2316509683926,7.69294025177555,105,28,8,51.53489621480306,138.83227117856345,4,0.9545681726833233,2020-08-15,2020-12-11,228,346,119,22.436768292682924,29.02333333333333,14.981666666666667,8.5660027100271,1529.7224999999999,0,0,0,AAS2020_Table_6_1,official_aggregate,sub_region,sub_region,production_mt_divided_by_area_harvested_ha,2020,second_season,False,False,False,surveyed_seasonal_block,True,CHIRPS_v2.0_daily_via_ClimateSERV,NASA_POWER_daily,not_included,none,30,,soil_not_included_for_milestone,aas-chirps-v1,uganda_crop_model-0.2.0
Bukedi,2020,second_season,millet,2.0388508171880413,0.2203974674727743,0.10809886903679587,4211.544836636266,455.2632337381376,928.213816142672,66.34094855862375,74.68240675646058,60.59124353091213,946.2316509683926,7.69294025177555,105,28,8,51.53489621480306,138.83227117856345,4,0.9545681726833233,2020-08-15,2020-12-11,228,346,119,22.436768292682924,29.02333333333333,14.981666666666667,8.5660027100271,1529.7224999999999,0,0,0,AAS2020_Table_6_1,official_aggregate,sub_region,sub_region,production_mt_divided_by_area_harvested_ha,2020,second_season,False,False,False,surveyed_seasonal_block,True,CHIRPS_v2.0_daily_via_ClimateSERV,NASA_POWER_daily,not_included,none,30,,soil_not_included_for_milestone,aas-chirps-v1,uganda_crop_model-0.2.0
Bukedi,2020,second_season,rice,1.4277627442802343,1.1758706745934924,0.8235756811165947,17998.404119818333,14823.047931991108,21163.795593977076,16.85611896651339,17.74699561238577,18.480236964692693,946.2316509683926,7.69294025177555,105,28,8,51.53489621480306,138.83227117856345,4,0.9545681726833233,2020-08-15,2020-12-11,228,346,119,22.436768292682924,29.02333333333333,14.981666666666667,8.5660027100271,1529.7224999999999,0,0,0,AAS2020_Table_6_1,official_aggregate,sub_region,sub_region,production_mt_divided_by_area_harvested_ha,2020,second_season,False,False,False,surveyed_seasonal_block,True,CHIRPS_v2.0_daily_via_ClimateSERV,NASA_POWER_daily,not_included,none,30,,soil_not_included_for_milestone,aas-chirps-v1,uganda_crop_model-0.2.0
Bukedi,2020,second_season,simsim,0.3924463982333242,0.3232548786176945,0.8236917960590052,283.58120746486213,233.58351410531367,91.66900879731324,61.95213873193307,74.98245307837426,65.08523898524497,946.2316509683926,7.69294025177555,105,28,8,51.53489621480306,138.83227117856345,4,0.9545681726833233,2020-08-15,2020-12-11,228,346,119,22.436768292682924,29.02333333333333,14.981666666666667,8.5660027100271,1529.7224999999999,0,0,0,AAS2020_Table_6_1,official_aggregate,sub_region,sub_region,production_mt_divided_by_area_harvested_ha,2020,second_season,False,False,False,surveyed_seasonal_block,True,CHIRPS_v2.0_daily_via_ClimateSERV,NASA_POWER_daily,not_included,none,30,,soil_not_included_for_milestone,aas-chirps-v1,uganda_crop_model-0.2.0
Bukedi,2020,second_season,sorghum,0.8805407710527358,0.4414884440088395,0.5013833073067309,1923.206320285478,964.2635454979408,849.0733658508015,35.90678366068724,53.846660970630445,37.82543921171106,946.2316509683926,7.69294025177555,105,28,8,51.53489621480306,138.83227117856345,4,0.9545681726833233,2020-08-15,2020-12-11,228,346,119,22.436768292682924,29.02333333333333,14.981666666666667,8.5660027100271,1529.7224999999999,0,0,0,AAS2020_Table_6_1,official_aggregate,sub_region,sub_region,production_mt_divided_by_area_harvested_ha,2020,second_season,False,False,False,surveyed_seasonal_block,True,CHIRPS_v2.0_daily_via_ClimateSERV,NASA_POWER_daily,not_included,none,30,,soil_not_included_for_milestone,aas-chirps-v1,uganda_crop_model-0.2.0
Bukedi,2020,second_season,soya_beans,0.8286553858983726,0.3572226076888445,0.431087052311339,6721.905048933581,2897.7262334614843,2401.216450216864,33.01102716276399,24.955382088230373,30.40033483434578,946.2316509683926,7.69294025177555,105,28,8,51.53489621480306,138.83227117856345,4,0.9545681726833233,2020-08-15,2020-12-11,228,346,119,22.436768292682924,29.02333333333333,14.981666666666667,8.5660027100271,1529.7224999999999,0,0,0,AAS2020_Table_6_1,official_aggregate,sub_region,sub_region,production_mt_divided_by_area_harvested_ha,2020,second_season,False,False,False,surveyed_seasonal_block,True,CHIRPS_v2.0_daily_via_ClimateSERV,NASA_POWER_daily,not_included,none,30,,soil_not_included_for_milestone,aas-chirps-v1,uganda_crop_model-0.2.0
Bukedi,2020,second_season,sweet_potatoes,6.335755329287477,2.6836680258891406,0.4235750729646543,20749.039117804212,8788.775758270385,55683.53284837418,11.608245776778856,14.11233337755728,12.34311145220501,946.2316509683926,7.69294025177555,105,28,8,51.53489621480306,138.83227117856345,4,0.9545681726833233,2020-08-15,2020-12-11,228,346,119,22.436768292682924,29.02333333333333,14.981666666666667,8.5660027100271,1529.7224999999999,0,0,0,AAS2020_Table_6_1,official_aggregate,sub_region,sub_region,production_mt_divided_by_area_harvested_ha,2020,second_season,False,False,False,surveyed_seasonal_block,True,CHIRPS_v2.0_daily_via_ClimateSERV,NASA_POWER_daily,not_included,none,30,,soil_not_included_for_milestone,aas-chirps-v1,uganda_crop_model-0.2.0
Bunyoro,2018,annual,beans,0.7,0.8259760378181997,0.38314286943746045,162673.0,62327.0,134364.0,,,14.3,1379.1427689871216,3.778473339690744,230,38,1,23.338536398751398,50.85511830874851,18,0.6762629553865023,2018-03-04,2018-12-17,63,351,289,24.319369863013698,36.68571428571429,15.795714285714286,9.803444227005876,5226.570000000001,56,10,0,AAS2018_Annex4,official_aggregate,sub_region,sub_region,published_official_subregion_yield_over_harvested,2018,annual,False,False,False,published_annual_aggregate_total_and_s2_harvested_area,False,CHIRPS_v2.0_daily_via_ClimateSERV,NASA_POWER_daily,not_included,none,30,,soil_not_included_for_milestone,aas-chirps-v1,uganda_crop_model-0.2.0
Bunyoro,2018,annual,groundnuts,0.8,0.6284324324324324,0.43616216216216214,55500.0,24207.0,34878.0,,,11.9,1379.1427689871216,3.778473339690744,230,38,1,23.338536398751398,50.85511830874851,18,0.6762629553865023,2018-03-04,2018-12-17,63,351,289,24.319369863013698,36.68571428571429,15.795714285714286,9.803444227005876,5226.570000000001,56,10,0,AAS2018_Annex4,official_aggregate,sub_region,sub_region,published_official_subregion_yield_over_harvested,2018,annual,False,False,False,published_annual_aggregate_total_and_s2_harvested_area,False,CHIRPS_v2.0_daily_via_ClimateSERV,NASA_POWER_daily,not_included,none,30,,soil_not_included_for_milestone,aas-chirps-v1,uganda_crop_model-0.2.0
Bunyoro,2018,annual,irish_potatoes,3.7,3.2828224407171778,0.5756699440909967,5187.0,2986.0,17028.0,,,39.4,1379.1427689871216,3.778473339690744,230,38,1,23.338536398751398,50.85511830874851,18,0.6762629553865023,2018-03-04,2018-12-17,63,351,289,24.319369863013698,36.68571428571429,15.795714285714286,9.803444227005876,5226.570000000001,56,10,0,AAS2018_Annex4,official_aggregate,sub_region,sub_region,published_official_subregion_yield_over_harvested,2018,annual,False,False,False,published_annual_aggregate_total_and_s2_harvested_area,False,CHIRPS_v2.0_daily_via_ClimateSERV,NASA_POWER_daily,not_included,none,30,,soil_not_included_for_milestone,aas-chirps-v1,uganda_crop_model-0.2.0
Bunyoro,2018,annual,maize,1.7,1.4533244754470465,0.3684504235176881,451575.0,166383.0,656285.0,,,14.4,1379.1427689871216,3.778473339690744,230,38,1,23.338536398751398,50.85511830874851,18,0.6762629553865023,2018-03-04,2018-12-17,63,351,289,24.319369863013698,36.68571428571429,15.795714285714286,9.803444227005876,5226.570000000001,56,10,0,AAS2018_Annex4,official_aggregate,sub_region,sub_region,published_official_subregion_yield_over_harvested,2018,annual,False,False,False,published_annual_aggregate_total_and_s2_harvested_area,False,CHIRPS_v2.0_daily_via_ClimateSERV,NASA_POWER_daily,not_included,none,30,,soil_not_included_for_milestone,aas-chirps-v1,uganda_crop_model-0.2.0
Bunyoro,2018,annual,millet,0.6,0.5607058823529412,0.6844705882352942,4250.0,2909.0,2383.0,,,23.1,1379.1427689871216,3.778473339690744,230,38,1,23.338536398751398,50.85511830874851,18,0.6762629553865023,2018-03-04,2018-12-17,63,351,289,24.319369863013698,36.68571428571429,15.795714285714286,9.803444227005876,5226.570000000001,56,10,0,AAS2018_Annex4,official_aggregate,sub_region,sub_region,published_official_subregion_yield_over_harvested,2018,annual,False,False,False,published_annual_aggregate_total_and_s2_harvested_area,False,CHIRPS_v2.0_daily_via_ClimateSERV,NASA_POWER_daily,not_included,none,30,,soil_not_included_for_milestone,aas-chirps-v1,uganda_crop_model-0.2.0
Bunyoro,2018,annual,rice,1.1,1.0749474401954657,0.8336269106199216,17599.0,14671.0,18918.0,,,35.8,1379.1427689871216,3.778473339690744,230,38,1,23.338536398751398,50.85511830874851,18,0.6762629553865023,2018-03-04,2018-12-17,63,351,289,24.319369863013698,36.68571428571429,15.795714285714286,9.803444227005876,5226.570000000001,56,10,0,AAS2018_Annex4,official_aggregate,sub_region,sub_region,published_official_subregion_yield_over_harvested,2018,annual,False,False,False,published_annual_aggregate_total_and_s2_harvested_area,False,CHIRPS_v2.0_daily_via_ClimateSERV,NASA_POWER_daily,not_included,none,30,,soil_not_included_for_milestone,aas-chirps-v1,uganda_crop_model-0.2.0
Bunyoro,2018,annual,simsim,0.2,0.4934989326605861,0.20657869202406365,10306.0,2129.0,5086.0,,,67.2,1379.1427689871216,3.778473339690744,230,38,1,23.338536398751398,50.85511830874851,18,0.6762629553865023,2018-03-04,2018-12-17,63,351,289,24.319369863013698,36.68571428571429,15.795714285714286,9.803444227005876,5226.570000000001,56,10,0,AAS2018_Annex4,official_aggregate,sub_region,sub_region,published_official_subregion_yield_over_harvested,2018,annual,False,False,False,published_annual_aggregate_total_and_s2_harvested_area,False,CHIRPS_v2.0_daily_via_ClimateSERV,NASA_POWER_daily,not_included,none,30,,soil_not_included_for_milestone,aas-chirps-v1,uganda_crop_model-0.2.0
Bunyoro,2018,annual,sorghum,0.6,0.5482515131136516,0.6297915265635508,5948.0,3746.0,3261.0,,,39.4,1379.1427689871216,3.778473339690744,230,38,1,23.338536398751398,50.85511830874851,18,0.6762629553865023,2018-03-04,2018-12-17,63,351,289,24.319369863013698,36.68571428571429,15.795714285714286,9.803444227005876,5226.570000000001,56,10,0,AAS2018_Annex4,official_aggregate,sub_region,sub_region,published_official_subregion_yield_over_harvested,2018,annual,False,False,False,published_annual_aggregate_total_and_s2_harvested_area,False,CHIRPS_v2.0_daily_via_ClimateSERV,NASA_POWER_daily,not_included,none,30,,soil_not_included_for_milestone,aas-chirps-v1,uganda_crop_model-0.2.0
Bunyoro,2018,annual,soya_beans,0.2,0.24124513618677043,0.9922178988326849,1028.0,1020.0,248.0,,,65.4,1379.1427689871216,3.778473339690744,230,38,1,23.338536398751398,50.85511830874851,18,0.6762629553865023,2018-03-04,2018-12-17,63,351,289,24.319369863013698,36.68571428571429,15.795714285714286,9.803444227005876,5226.570000000001,56,10,0,AAS2018_Annex4,official_aggregate,sub_region,sub_region,published_official_subregion_yield_over_harvested,2018,annual,False,False,False,published_annual_aggregate_total_and_s2_harvested_area,False,CHIRPS_v2.0_daily_via_ClimateSERV,NASA_POWER_daily,not_included,none,30,,soil_not_included_for_milestone,aas-chirps-v1,uganda_crop_model-0.2.0
Bunyoro,2018,annual,sweet_potatoes,3.7,2.408238944527131,0.4190610731313539,39641.0,16612.0,95465.0,,,15.3,1379.1427689871216,3.778473339690744,230,38,1,23.338536398751398,50.85511830874851,18,0.6762629553865023,2018-03-04,2018-12-17,63,351,289,24.319369863013698,36.68571428571429,15.795714285714286,9.803444227005876,5226.570000000001,56,10,0,AAS2018_Annex4,official_aggregate,sub_region,sub_region,published_official_subregion_yield_over_harvested,2018,annual,False,False,False,published_annual_aggregate_total_and_s2_harvested_area,False,CHIRPS_v2.0_daily_via_ClimateSERV,NASA_POWER_daily,not_included,none,30,,soil_not_included_for_milestone,aas-chirps-v1,uganda_crop_model-0.2.0
Bunyoro,2020,first_season,beans,0.8260947143833511,0.7854618568238501,0.9508133185553281,67785.82438098382,64451.66463069189,53243.17948462295,10.920167078695178,11.392450160066206,12.003582031674116,545.8108597057206,3.984020873764384,99,11,2,21.4175010408674,52.071894373212544,5,0.7813416729770315,2020-03-07,2020-07-15,67,197,131,23.476152241918665,32.77142857142857,16.447142857142858,8.534306569343066,1846.2328571428573,2,0,0,AAS2020_Table_6_1,official_aggregate,sub_region,sub_region,production_mt_divided_by_area_harvested_ha,2020,first_season,False,False,False,surveyed_seasonal_block,True,CHIRPS_v2.0_daily_via_ClimateSERV,NASA_POWER_daily,not_included,none,30,,soil_not_included_for_milestone,aas-chirps-v1,uganda_crop_model-0.2.0
Bunyoro,2020,first_season,groundnuts,0.6650306538588546,0.6041433583991993,0.9084443775540939,9376.64663776973,8518.16191839341,5664.8387902647655,27.873547974193837,24.961164251632304,25.279177494684173,545.8108597057206,3.984020873764384,99,11,2,21.4175010408674,52.071894373212544,5,0.7813416729770315,2020-03-07,2020-07-15,67,197,131,23.476152241918665,32.77142857142857,16.447142857142858,8.534306569343066,1846.2328571428573,2,0,0,AAS2020_Table_6_1,official_aggregate,sub_region,sub_region,production_mt_divided_by_area_harvested_ha,2020,first_season,False,False,False,surveyed_seasonal_block,True,CHIRPS_v2.0_daily_via_ClimateSERV,NASA_POWER_daily,not_included,none,30,,soil_not_included_for_milestone,aas-chirps-v1,uganda_crop_model-0.2.0
Bunyoro,2020,first_season,irish_potatoes,2.220589656235262,2.200774107362157,0.9910764472772065,2755.876523629056,2731.284314172943,6065.061696290059,46.07812877261946,45.82036892137052,42.29952893144189,545.8108597057206,3.984020873764384,99,11,2,21.4175010408674,52.071894373212544,5,0.7813416729770315,2020-03-07,2020-07-15,67,197,131,23.476152241918665,32.77142857142857,16.447142857142858,8.534306569343066,1846.2328571428573,2,0,0,AAS2020_Table_6_1,official_aggregate,sub_region,sub_region,production_mt_divided_by_area_harvested_ha,2020,first_season,False,False,False,surveyed_seasonal_block,True,CHIRPS_v2.0_daily_via_ClimateSERV,NASA_POWER_daily,not_included,none,30,,soil_not_included_for_milestone,aas-chirps-v1,uganda_crop_model-0.2.0
Bunyoro,2020,first_season,maize,2.3426553850030096,2.269077260238554,0.9685919981080099,175979.4170716595,170452.2552073215,399310.89354733896,15.251338188788091,15.331678571489354,15.499039803341756,545.8108597057206,3.984020873764384,99,11,2,21.4175010408674,52.071894373212544,5,0.7813416729770315,2020-03-07,2020-07-15,67,197,131,23.476152241918665,32.77142857142857,16.447142857142858,8.534306569343066,1846.2328571428573,2,0,0,AAS2020_Table_6_1,official_aggregate,sub_region,sub_region,production_mt_divided_by_area_harvested_ha,2020,first_season,False,False,False,surveyed_seasonal_block,True,CHIRPS_v2.0_daily_via_ClimateSERV,NASA_POWER_daily,not_included,none,30,,soil_not_included_for_milestone,aas-chirps-v1,uganda_crop_model-0.2.0
Bunyoro,2020,first_season,millet,0.2753703982834791,0.2753703982834791,1.0,738.8454391609631,738.8454391609631,203.45616285168643,58.47488872330832,58.47488872330832,62.98336641293365,545.8108597057206,3.984020873764384,99,11,2,21.4175010408674,52.071894373212544,5,0.7813416729770315,2020-03-07,2020-07-15,67,197,131,23.476152241918665,32.77142857142857,16.447142857142858,8.534306569343066,1846.2328571428573,2,0,0,AAS2020_Table_6_1,official_aggregate,sub_region,sub_region,production_mt_divided_by_area_harvested_ha,2020,first_season,False,False,False,surveyed_seasonal_block,True,CHIRPS_v2.0_daily_via_ClimateSERV,NASA_POWER_daily,not_included,none,30,,soil_not_included_for_milestone,aas-chirps-v1,uganda_crop_model-0.2.0
Bunyoro,2020,first_season,rice,1.4308437859507233,1.1942856327578488,0.8346722713439373,1194.7448821163623,997.2204244326088,1426.8666475225411,52.91562124030595,50.64258263500045,56.51495350069492,545.8108597057206,3.984020873764384,99,11,2,21.4175010408674,52.071894373212544,5,0.7813416729770315,2020-03-07,2020-07-15,67,197,131,23.476152241918665,32.77142857142857,16.447142857142858,8.534306569343066,1846.2328571428573,2,0,0,AAS2020_Table_6_1,official_aggregate,sub_region,sub_region,production_mt_divided_by_area_harvested_ha,2020,first_season,False,False,False,surveyed_seasonal_block,True,CHIRPS_v2.0_daily_via_ClimateSERV,NASA_POWER_daily,not_included,none,30,,soil_not_included_for_milestone,aas-chirps-v1,uganda_crop_model-0.2.0
Bunyoro,2020,first_season,simsim,0.5005342402042084,0.5005342402042084,1.0,5295.8162583126905,5295.8162583126905,2650.7373671156365,98.75228407148676,98.75228407148676,99.02783698524348,545.8108597057206,3.984020873764384,99,11,2,21.4175010408674,52.071894373212544,5,0.7813416729770315,2020-03-07,2020-07-15,67,197,131,23.476152241918665,32.77142857142857,16.447142857142858,8.534306569343066,1846.2328571428573,2,0,0,AAS2020_Table_6_1,official_aggregate,sub_region,sub_region,production_mt_divided_by_area_harvested_ha,2020,first_season,False,False,False,surveyed_seasonal_block,True,CHIRPS_v2.0_daily_via_ClimateSERV,NASA_POWER_daily,not_included,none,30,,soil_not_included_for_milestone,aas-chirps-v1,uganda_crop_model-0.2.0
Bunyoro,2020,first_season,sorghum,1.3881045542850072,0.8907952264612239,0.6417349642081246,1912.326466726449,1227.2067566789472,1703.4912879953793,65.42863594628373,92.4350964273252,97.75039526491923,545.8108597057206,3.984020873764384,99,11,2,21.4175010408674,52.071894373212544,5,0.7813416729770315,2020-03-07,2020-07-15,67,197,131,23.476152241918665,32.77142857142857,16.447142857142858,8.534306569343066,1846.2328571428573,2,0,0,AAS2020_Table_6_1,official_aggregate,sub_region,sub_region,production_mt_divided_by_area_harvested_ha,2020,first_season,False,False,False,surveyed_seasonal_block,True,CHIRPS_v2.0_daily_via_ClimateSERV,NASA_POWER_daily,not_included,none,30,,soil_not_included_for_milestone,aas-chirps-v1,uganda_crop_model-0.2.0
Bunyoro,2020,first_season,soya_beans,0.6855186697585186,0.6730023646297008,0.9817418464573302,1357.6306602382729,1332.8428311894063,913.6886446341396,42.86321530930277,43.71978418871264,42.03001230337957,545.8108597057206,3.984020873764384,99,11,2,21.4175010408674,52.071894373212544,5,0.7813416729770315,2020-03-07,2020-07-15,67,197,131,23.476152241918665,32.77142857142857,16.447142857142858,8.534306569343066,1846.2328571428573,2,0,0,AAS2020_Table_6_1,official_aggregate,sub_region,sub_region,production_mt_divided_by_area_harvested_ha,2020,first_season,False,False,False,surveyed_seasonal_block,True,CHIRPS_v2.0_daily_via_ClimateSERV,NASA_POWER_daily,not_included,none,30,,soil_not_included_for_milestone,aas-chirps-v1,uganda_crop_model-0.2.0
Bunyoro,2020,first_season,sweet_potatoes,2.0298423975087787,1.330764978051018,0.6556001489003596,7938.402641078389,5204.417953521999,10564.148216414826,23.63222686315975,31.61460030671072,26.30199026716345,545.8108597057206,3.984020873764384,99,11,2,21.4175010408674,52.071894373212544,5,0.7813416729770315,2020-03-07,2020-07-15,67,197,131,23.476152241918665,32.77142857142857,16.447142857142858,8.534306569343066,1846.2328571428573,2,0,0,AAS2020_Table_6_1,official_aggregate,sub_region,sub_region,production_mt_divided_by_area_harvested_ha,2020,first_season,False,False,False,surveyed_seasonal_block,True,CHIRPS_v2.0_daily_via_ClimateSERV,NASA_POWER_daily,not_included,none,30,,soil_not_included_for_milestone,aas-chirps-v1,uganda_crop_model-0.2.0
Bunyoro,2020,second_season,beans,1.200511704804833,0.7287107152124713,0.6070000919574022,79168.8194210672,48055.48066874676,57691.16702285287,12.654467348002653,14.188196835238642,14.201341401403822,603.9577806677137,4.910225859087103,90,14,1,20.156745229448592,52.483161176954,7,0.6928009120892608,2020-08-15,2020-12-09,228,344,117,23.449065040650403,30.888571428571428,17.274285714285714,8.434065040650406,1654.235,0,0,0,AAS2020_Table_6_1,official_aggregate,sub_region,sub_region,production_mt_divided_by_area_harvested_ha,2020,second_season,False,False,False,surveyed_seasonal_block,True,CHIRPS_v2.0_daily_via_ClimateSERV,NASA_POWER_daily,not_included,none,30,,soil_not_included_for_milestone,aas-chirps-v1,uganda_crop_model-0.2.0
Bunyoro,2020,second_season,groundnuts,0.7713261452057008,0.5151821099753053,0.6679173436263,22918.29886632092,15307.529299226711,11807.09756699586,17.95393782061801,18.96100823136756,18.35311742596945,603.9577806677137,4.910225859087103,90,14,1,20.156745229448592,52.483161176954,7,0.6928009120892608,2020-08-15,2020-12-09,228,344,117,23.449065040650403,30.888571428571428,17.274285714285714,8.434065040650406,1654.235,0,0,0,AAS2020_Table_6_1,official_aggregate,sub_region,sub_region,production_mt_divided_by_area_harvested_ha,2020,second_season,False,False,False,surveyed_seasonal_block,True,CHIRPS_v2.0_daily_via_ClimateSERV,NASA_POWER_daily,not_included,none,30,,soil_not_included_for_milestone,aas-chirps-v1,uganda_crop_model-0.2.0
Bunyoro,2020,second_season,irish_potatoes,2.6451990178871103,2.248296319786223,0.8499535591019846,4408.82713779474,3747.298317234055,9912.349828477543,44.4109626619471,47.634503965384894,41.05053458849077,603.9577806677137,4.910225859087103,90,14,1,20.156745229448592,52.483161176954,7,0.6928009120892608,2020-08-15,2020-12-09,228,344,117,23.449065040650403,30.888571428571428,17.274285714285714,8.434065040650406,1654.235,0,0,0,AAS2020_Table_6_1,official_aggregate,sub_region,sub_region,production_mt_divided_by_area_harvested_ha,2020,second_season,False,False,False,surveyed_seasonal_block,True,CHIRPS_v2.0_daily_via_ClimateSERV,NASA_POWER_daily,not_included,none,30,,soil_not_included_for_milestone,aas-chirps-v1,uganda_crop_model-0.2.0
Bunyoro,2020,second_season,maize,3.0549264654046246,1.8157240029157948,0.594359315511479,157769.22991330645,93771.61150004598,286465.37767513114,14.894061671122882,18.231437997273936,17.07727225114018,603.9577806677137,4.910225859087103,90,14,1,20.156745229448592,52.483161176954,7,0.6928009120892608,2020-08-15,2020-12-09,228,344,117,23.449065040650403,30.888571428571428,17.274285714285714,8.434065040650406,1654.235,0,0,0,AAS2020_Table_6_1,official_aggregate,sub_region,sub_region,production_mt_divided_by_area_harvested_ha,2020,second_season,False,False,False,surveyed_seasonal_block,True,CHIRPS_v2.0_daily_via_ClimateSERV,NASA_POWER_daily,not_included,none,30,,soil_not_included_for_milestone,aas-chirps-v1,uganda_crop_model-0.2.0
Bunyoro,2020,second_season,millet,0.4212512776206598,0.30471053902038,0.7233462667258053,1243.955895558419,899.810853023738,379.04647145318535,35.11364479650715,43.92348506531173,42.00226804558954,603.9577806677137,4.910225859087103,90,14,1,20.156745229448592,52.483161176954,7,0.6928009120892608,2020-08-15,2020-12-09,228,344,117,23.449065040650403,30.888571428571428,17.274285714285714,8.434065040650406,1654.235,0,0,0,AAS2020_Table_6_1,official_aggregate,sub_region,sub_region,production_mt_divided_by_area_harvested_ha,2020,second_season,False,False,False,surveyed_seasonal_block,True,CHIRPS_v2.0_daily_via_ClimateSERV,NASA_POWER_daily,not_included,none,30,,soil_not_included_for_milestone,aas-chirps-v1,uganda_crop_model-0.2.0
Bunyoro,2020,second_season,rice,1.6224963809696238,1.3304929350948436,0.8200282914034758,8697.780609920781,7132.42617255562,11572.335652504518,37.19368034388873,37.84712687080745,39.65281753065025,603.9577806677137,4.910225859087103,90,14,1,20.156745229448592,52.483161176954,7,0.6928009120892608,2020-08-15,2020-12-09,228,344,117,23.449065040650403,30.888571428571428,17.274285714285714,8.434065040650406,1654.235,0,0,0,AAS2020_Table_6_1,official_aggregate,sub_region,sub_region,production_mt_divided_by_area_harvested_ha,2020,second_season,False,False,False,surveyed_seasonal_block,True,CHIRPS_v2.0_daily_via_ClimateSERV,NASA_POWER_daily,not_included,none,30,,soil_not_included_for_milestone,aas-chirps-v1,uganda_crop_model-0.2.0
Bunyoro,2020,second_season,sorghum,0.8920114348791089,0.4735495249103795,0.5308783120863892,3963.5132956255034,2104.143248313629,1876.9198381194296,57.55080292103661,62.31052832026651,52.21025312715744,603.9577806677137,4.910225859087103,90,14,1,20.156745229448592,52.483161176954,7,0.6928009120892608,2020-08-15,2020-12-09,228,344,117,23.449065040650403,30.888571428571428,17.274285714285714,8.434065040650406,1654.235,0,0,0,AAS2020_Table_6_1,official_aggregate,sub_region,sub_region,production_mt_divided_by_area_harvested_ha,2020,second_season,False,False,False,surveyed_seasonal_block,True,CHIRPS_v2.0_daily_via_ClimateSERV,NASA_POWER_daily,not_included,none,30,,soil_not_included_for_milestone,aas-chirps-v1,uganda_crop_model-0.2.0
Bunyoro,2020,second_season,soya_beans,0.7040260876893635,0.3984484462396266,0.5659569342768922,2416.4326109414883,1367.596792375151,962.8238192724002,43.02794630523129,55.901323790443634,45.65738860387681,603.9577806677137,4.910225859087103,90,14,1,20.156745229448592,52.483161176954,7,0.6928009120892608,2020-08-15,2020-12-09,228,344,117,23.449065040650403,30.888571428571428,17.274285714285714,8.434065040650406,1654.235,0,0,0,AAS2020_Table_6_1,official_aggregate,sub_region,sub_region,production_mt_divided_by_area_harvested_ha,2020,second_season,False,False,False,surveyed_seasonal_block,True,CHIRPS_v2.0_daily_via_ClimateSERV,NASA_POWER_daily,not_included,none,30,,soil_not_included_for_milestone,aas-chirps-v1,uganda_crop_model-0.2.0
Bunyoro,2020,second_season,sweet_potatoes,8.162182280896847,2.7383292625483557,0.3354898442978013,11248.26070282154,3773.677231810676,30801.44143530896,16.74775782084161,25.3590230977596,20.46677151862649,603.9577806677137,4.910225859087103,90,14,1,20.156745229448592,52.483161176954,7,0.6928009120892608,2020-08-15,2020-12-09,228,344,117,23.449065040650403,30.888571428571428,17.274285714285714,8.434065040650406,1654.235,0,0,0,AAS2020_Table_6_1,official_aggregate,sub_region,sub_region,production_mt_divided_by_area_harvested_ha,2020,second_season,False,False,False,surveyed_seasonal_block,True,CHIRPS_v2.0_daily_via_ClimateSERV,NASA_POWER_daily,not_included,none,30,,soil_not_included_for_milestone,aas-chirps-v1,uganda_crop_model-0.2.0
Busoga,2018,annual,beans,0.4,0.37866171003717475,0.20105947955390335,53800.0,10817.0,20372.0,,,19.3,1571.3936869088561,4.305188183311935,215,51,5,23.5648943901062,81.67446064949036,14,0.7218777809247509,2018-02-18,2018-11-21,49,325,277,23.132663013698632,35.114,15.907999999999998,8.625095890410957,4793.422,26,1,0,AAS2018_Annex4,official_aggregate,sub_region,sub_region,published_official_subregion_yield_over_harvested,2018,annual,False,False,False,published_annual_aggregate_total_and_s2_harvested_area,False,CHIRPS_v2.0_daily_via_ClimateSERV,NASA_POWER_daily,not_included,none,30,,soil_not_included_for_milestone,aas-chirps-v1,uganda_crop_model-0.2.0
Busoga,2018,annual,groundnuts,0.5,0.4466726373583583,0.3730579027296445,51362.0,19161.0,22942.0,,,27.4,1571.3936869088561,4.305188183311935,215,51,5,23.5648943901062,81.67446064949036,14,0.7218777809247509,2018-02-18,2018-11-21,49,325,277,23.132663013698632,35.114,15.907999999999998,8.625095890410957,4793.422,26,1,0,AAS2018_Annex4,official_aggregate,sub_region,sub_region,published_official_subregion_yield_over_harvested,2018,annual,False,False,False,published_annual_aggregate_total_and_s2_harvested_area,False,CHIRPS_v2.0_daily_via_ClimateSERV,NASA_POWER_daily,not_included,none,30,,soil_not_included_for_milestone,aas-chirps-v1,uganda_crop_model-0.2.0
Busoga,2018,annual,maize,1.3,1.1116343797935768,0.27340653696390027,288146.0,78781.0,320313.0,,,18.8,1571.3936869088561,4.305188183311935,215,51,5,23.5648943901062,81.67446064949036,14,0.7218777809247509,2018-02-18,2018-11-21,49,325,277,23.132663013698632,35.114,15.907999999999998,8.625095890410957,4793.422,26,1,0,AAS2018_Annex4,official_aggregate,sub_region,sub_region,published_official_subregion_yield_over_harvested,2018,annual,False,False,False,published_annual_aggregate_total_and_s2_harvested_area,False,CHIRPS_v2.0_daily_via_ClimateSERV,NASA_POWER_daily,not_included,none,30,,soil_not_included_for_milestone,aas-chirps-v1,uganda_crop_model-0.2.0
Busoga,2018,annual,millet,0.2,0.5220942531437301,0.045422493830062284,17018.0,773.0,8885.0,,,64.0,1571.3936869088561,4.305188183311935,215,51,5,23.5648943901062,81.67446064949036,14,0.7218777809247509,2018-02-18,2018-11-21,49,325,277,23.132663013698632,35.114,15.907999999999998,8.625095890410957,4793.422,26,1,0,AAS2018_Annex4,official_aggregate,sub_region,sub_region,published_official_subregion_yield_over_harvested,2018,annual,False,False,False,published_annual_aggregate_total_and_s2_harvested_area,False,CHIRPS_v2.0_daily_via_ClimateSERV,NASA_POWER_daily,not_included,none,30,,soil_not_included_for_milestone,aas-chirps-v1,uganda_crop_model-0.2.0
Busoga,2018,annual,rice,1.2,1.0241080038572805,0.3279059416957199,53924.0,17682.0,55224.0,,,33.2,1571.3936869088561,4.305188183311935,215,51,5,23.5648943901062,81.67446064949036,14,0.7218777809247509,2018-02-18,2018-11-21,49,325,277,23.132663013698632,35.114,15.907999999999998,8.625095890410957,4793.422,26,1,0,AAS2018_Annex4,official_aggregate,sub_region,sub_region,published_official_subregion_yield_over_harvested,2018,annual,False,False,False,published_annual_aggregate_total_and_s2_harvested_area,False,CHIRPS_v2.0_daily_via_ClimateSERV,NASA_POWER_daily,not_included,none,30,,soil_not_included_for_milestone,aas-chirps-v1,uganda_crop_model-0.2.0
Busoga,2018,annual,simsim,0.2,0.1994368840919756,0.48897231346785547,2131.0,1042.0,425.0,,,35.7,1571.3936869088561,4.305188183311935,215,51,5,23.5648943901062,81.67446064949036,14,0.7218777809247509,2018-02-18,2018-11-21,49,325,277,23.132663013698632,35.114,15.907999999999998,8.625095890410957,4793.422,26,1,0,AAS2018_Annex4,official_aggregate,sub_region,sub_region,published_official_subregion_yield_over_harvested,2018,annual,False,False,False,published_annual_aggregate_total_and_s2_harvested_area,False,CHIRPS_v2.0_daily_via_ClimateSERV,NASA_POWER_daily,not_included,none,30,,soil_not_included_for_milestone,aas-chirps-v1,uganda_crop_model-0.2.0
Busoga,2018,annual,sorghum,0.3,0.574937343358396,0.044945697577276525,5985.0,269.0,3441.0,,,55.6,1571.3936869088561,4.305188183311935,215,51,5,23.5648943901062,81.67446064949036,14,0.7218777809247509,2018-02-18,2018-11-21,49,325,277,23.132663013698632,35.114,15.907999999999998,8.625095890410957,4793.422,26,1,0,AAS2018_Annex4,official_aggregate,sub_region,sub_region,published_official_subregion_yield_over_harvested,2018,annual,False,False,False,published_annual_aggregate_total_and_s2_harvested_area,False,CHIRPS_v2.0_daily_via_ClimateSERV,NASA_POWER_daily,not_included,none,30,,soil_not_included_for_milestone,aas-chirps-v1,uganda_crop_model-0.2.0
Busoga,2018,annual,soya_beans,0.4,0.4310244357251078,0.4274115224738744,25741.0,11002.0,11095.0,,,30.5,1571.3936869088561,4.305188183311935,215,51,5,23.5648943901062,81.67446064949036,14,0.7218777809247509,2018-02-18,2018-11-21,49,325,277,23.132663013698632,35.114,15.907999999999998,8.625095890410957,4793.422,26,1,0,AAS2018_Annex4,official_aggregate,sub_region,sub_region,published_official_subregion_yield_over_harvested,2018,annual,False,False,False,published_annual_aggregate_total_and_s2_harvested_area,False,CHIRPS_v2.0_daily_via_ClimateSERV,NASA_POWER_daily,not_included,none,30,,soil_not_included_for_milestone,aas-chirps-v1,uganda_crop_model-0.2.0
Busoga,2018,annual,sweet_potatoes,2.7,1.9709457549392218,0.43066243678738575,127348.0,54844.0,250996.0,,,15.1,1571.3936869088561,4.305188183311935,215,51,5,23.5648943901062,81.67446064949036,14,0.7218777809247509,2018-02-18,2018-11-21,49,325,277,23.132663013698632,35.114,15.907999999999998,8.625095890410957,4793.422,26,1,0,AAS2018_Annex4,official_aggregate,sub_region,sub_region,published_official_subregion_yield_over_harvested,2018,annual,False,False,False,published_annual_aggregate_total_and_s2_harvested_area,False,CHIRPS_v2.0_daily_via_ClimateSERV,NASA_POWER_daily,not_included,none,30,,soil_not_included_for_milestone,aas-chirps-v1,uganda_crop_model-0.2.0
Busoga,2020,first_season,beans,0.6401206168693182,0.5514043121446687,0.8614068936592912,24839.352489050936,21396.78946810155,13696.526073344095,16.598182013275505,17.402636543136794,28.844351885079988,818.0559137925505,5.971211049580661,105,31,3,22.69278450012207,77.68881459236145,4,0.6876691554100404,2020-03-07,2020-07-15,67,197,131,22.442240875912407,29.478,17.176,6.699284671532851,1704.5870000000002,0,0,0,AAS2020_Table_6_1,official_aggregate,sub_region,sub_region,production_mt_divided_by_area_harvested_ha,2020,first_season,False,False,False,surveyed_seasonal_block,True,CHIRPS_v2.0_daily_via_ClimateSERV,NASA_POWER_daily,not_included,none,30,,soil_not_included_for_milestone,aas-chirps-v1,uganda_crop_model-0.2.0
Busoga,2020,first_season,groundnuts,0.33224829396321054,0.3161105464421391,0.9514286519621428,43792.34683684985,41665.29351724266,13843.222688580288,66.57547648732447,70.06930189679127,59.12900162023883,818.0559137925505,5.971211049580661,105,31,3,22.69278450012207,77.68881459236145,4,0.6876691554100404,2020-03-07,2020-07-15,67,197,131,22.442240875912407,29.478,17.176,6.699284671532851,1704.5870000000002,0,0,0,AAS2020_Table_6_1,official_aggregate,sub_region,sub_region,production_mt_divided_by_area_harvested_ha,2020,first_season,False,False,False,surveyed_seasonal_block,True,CHIRPS_v2.0_daily_via_ClimateSERV,NASA_POWER_daily,not_included,none,30,,soil_not_included_for_milestone,aas-chirps-v1,uganda_crop_model-0.2.0
Busoga,2020,first_season,maize,1.5222384603844508,1.4363899819841985,0.9436037909733468,124578.5300679457,117552.77324600064,178943.35255991446,11.36669466268392,12.294182115478415,11.292854602544352,818.0559137925505,5.971211049580661,105,31,3,22.69278450012207,77.68881459236145,4,0.6876691554100404,2020-03-07,2020-07-15,67,197,131,22.442240875912407,29.478,17.176,6.699284671532851,1704.5870000000002,0,0,0,AAS2020_Table_6_1,official_aggregate,sub_region,sub_region,production_mt_divided_by_area_harvested_ha,2020,first_season,False,False,False,surveyed_seasonal_block,True,CHIRPS_v2.0_daily_via_ClimateSERV,NASA_POWER_daily,not_included,none,30,,soil_not_included_for_milestone,aas-chirps-v1,uganda_crop_model-0.2.0
Busoga,2020,first_season,millet,0.6572884828877947,0.6545326775093581,0.995807312237803,5803.244401195481,5778.913209413551,3798.41309615567,90.59915375370127,90.9896517630849,96.15203882318217,818.0559137925505,5.971211049580661,105,31,3,22.69278450012207,77.68881459236145,4,0.6876691554100404,2020-03-07,2020-07-15,67,197,131,22.442240875912407,29.478,17.176,6.699284671532851,1704.5870000000002,0,0,0,AAS2020_Table_6_1,official_aggregate,sub_region,sub_region,production_mt_divided_by_area_harvested_ha,2020,first_season,False,False,False,surveyed_seasonal_block,True,CHIRPS_v2.0_daily_via_ClimateSERV,NASA_POWER_daily,not_included,none,30,,soil_not_included_for_milestone,aas-chirps-v1,uganda_crop_model-0.2.0
Busoga,2020,first_season,rice,1.4797729580148753,1.441303625722154,0.9740032198288527,25562.08311612485,24897.551260638356,36842.72307628181,30.10275345560092,30.871942426481585,34.6895173226728,818.0559137925505,5.971211049580661,105,31,3,22.69278450012207,77.68881459236145,4,0.6876691554100404,2020-03-07,2020-07-15,67,197,131,22.442240875912407,29.478,17.176,6.699284671532851,1704.5870000000002,0,0,0,AAS2020_Table_6_1,official_aggregate,sub_region,sub_region,production_mt_divided_by_area_harvested_ha,2020,first_season,False,False,False,surveyed_seasonal_block,True,CHIRPS_v2.0_daily_via_ClimateSERV,NASA_POWER_daily,not_included,none,30,,soil_not_included_for_milestone,aas-chirps-v1,uganda_crop_model-0.2.0
Busoga,2020,first_season,simsim,0.39943511136339466,0.39943511136339466,1.0,466.7314683180948,466.7314683180948,186.4289360244389,72.17504195361293,72.17504195361293,67.49485205578364,818.0559137925505,5.971211049580661,105,31,3,22.69278450012207,77.68881459236145,4,0.6876691554100404,2020-03-07,2020-07-15,67,197,131,22.442240875912407,29.478,17.176,6.699284671532851,1704.5870000000002,0,0,0,AAS2020_Table_6_1,official_aggregate,sub_region,sub_region,production_mt_divided_by_area_harvested_ha,2020,first_season,False,False,False,surveyed_seasonal_block,True,CHIRPS_v2.0_daily_via_ClimateSERV,NASA_POWER_daily,not_included,none,30,,soil_not_included_for_milestone,aas-chirps-v1,uganda_crop_model-0.2.0
Busoga,2020,first_season,sorghum,0.6036980012037914,0.5069060305127693,0.8396682273288696,629.2757655201128,528.3828665352905,318.98368039768457,57.78267239963417,66.76705956170436,63.2712193683736,818.0559137925505,5.971211049580661,105,31,3,22.69278450012207,77.68881459236145,4,0.6876691554100404,2020-03-07,2020-07-15,67,197,131,22.442240875912407,29.478,17.176,6.699284671532851,1704.5870000000002,0,0,0,AAS2020_Table_6_1,official_aggregate,sub_region,sub_region,production_mt_divided_by_area_harvested_ha,2020,first_season,False,False,False,surveyed_seasonal_block,True,CHIRPS_v2.0_daily_via_ClimateSERV,NASA_POWER_daily,not_included,none,30,,soil_not_included_for_milestone,aas-chirps-v1,uganda_crop_model-0.2.0
Busoga,2020,first_season,soya_beans,0.43333911847085876,0.35787890389035953,0.8258633680550727,13554.597435421016,11194.24549064745,4850.904472863552,22.28897927786882,25.729163397911968,20.261408280164137,818.0559137925505,5.971211049580661,105,31,3,22.69278450012207,77.68881459236145,4,0.6876691554100404,2020-03-07,2020-07-15,67,197,131,22.442240875912407,29.478,17.176,6.699284671532851,1704.5870000000002,0,0,0,AAS2020_Table_6_1,official_aggregate,sub_region,sub_region,production_mt_divided_by_area_harvested_ha,2020,first_season,False,False,False,surveyed_seasonal_block,True,CHIRPS_v2.0_daily_via_ClimateSERV,NASA_POWER_daily,not_included,none,30,,soil_not_included_for_milestone,aas-chirps-v1,uganda_crop_model-0.2.0
Busoga,2020,first_season,sweet_potatoes,3.4113171715767456,2.3712422205090085,0.6951104518413912,37897.693161184674,26343.08261701748,89864.6100836966,10.958173422372608,11.80987887462316,12.496308940014268,818.0559137925505,5.971211049580661,105,31,3,22.69278450012207,77.68881459236145,4,0.6876691554100404,2020-03-07,2020-07-15,67,197,131,22.442240875912407,29.478,17.176,6.699284671532851,1704.5870000000002,0,0,0,AAS2020_Table_6_1,official_aggregate,sub_region,sub_region,production_mt_divided_by_area_harvested_ha,2020,first_season,False,False,False,surveyed_seasonal_block,True,CHIRPS_v2.0_daily_via_ClimateSERV,NASA_POWER_daily,not_included,none,30,,soil_not_included_for_milestone,aas-chirps-v1,uganda_crop_model-0.2.0
Busoga,2020,second_season,beans,0.8018694899438293,0.3563715716380762,0.4444259023535611,21745.571083245977,9664.2950508651,7749.503343103872,21.724865975379096,26.018604429766867,24.941817017002784,1000.9075124144554,8.137459450524027,104,29,9,57.45461845397949,155.53175468444826,4,1.0103692734921026,2020-08-15,2020-12-11,228,346,119,22.509902439024398,28.4,15.418,7.904422764227643,1538.7179999999998,0,0,0,AAS2020_Table_6_1,official_aggregate,sub_region,sub_region,production_mt_divided_by_area_harvested_ha,2020,second_season,False,False,False,surveyed_seasonal_block,True,CHIRPS_v2.0_daily_via_ClimateSERV,NASA_POWER_daily,not_included,none,30,,soil_not_included_for_milestone,aas-chirps-v1,uganda_crop_model-0.2.0
Busoga,2020,second_season,groundnuts,0.4062549460293829,0.30316296419606603,0.7462382111506388,44093.97937781148,32904.6122934112,13367.661491377536,69.62985120538107,78.85538760956432,67.95797643404539,1000.9075124144554,8.137459450524027,104,29,9,57.45461845397949,155.53175468444826,4,1.0103692734921026,2020-08-15,2020-12-11,228,346,119,22.509902439024398,28.4,15.418,7.904422764227643,1538.7179999999998,0,0,0,AAS2020_Table_6_1,official_aggregate,sub_region,sub_region,production_mt_divided_by_area_harvested_ha,2020,second_season,False,False,False,surveyed_seasonal_block,True,CHIRPS_v2.0_daily_via_ClimateSERV,NASA_POWER_daily,not_included,none,30,,soil_not_included_for_milestone,aas-chirps-v1,uganda_crop_model-0.2.0
Busoga,2020,second_season,maize,1.7237131684916815,1.2163794610072725,0.7056739388210704,104778.51309650268,73939.46604062416,127450.43128546736,11.190791135109194,12.872859677786522,13.081074447411623,1000.9075124144554,8.137459450524027,104,29,9,57.45461845397949,155.53175468444826,4,1.0103692734921026,2020-08-15,2020-12-11,228,346,119,22.509902439024398,28.4,15.418,7.904422764227643,1538.7179999999998,0,0,0,AAS2020_Table_6_1,official_aggregate,sub_region,sub_region,production_mt_divided_by_area_harvested_ha,2020,second_season,False,False,False,surveyed_seasonal_block,True,CHIRPS_v2.0_daily_via_ClimateSERV,NASA_POWER_daily,not_included,none,30,,soil_not_included_for_milestone,aas-chirps-v1,uganda_crop_model-0.2.0
Busoga,2020,second_season,millet,0.23691386546378154,0.23691386546378154,1.0,2005.959011552714,2005.959011552714,475.2395033888599,46.4347773258818,46.4347773258818,59.10994241572111,1000.9075124144554,8.137459450524027,104,29,9,57.45461845397949,155.53175468444826,4,1.0103692734921026,2020-08-15,2020-12-11,228,346,119,22.509902439024398,28.4,15.418,7.904422764227643,1538.7179999999998,0,0,0,AAS2020_Table_6_1,official_aggregate,sub_region,sub_region,production_mt_divided_by_area_harvested_ha,2020,second_season,False,False,False,surveyed_seasonal_block,True,CHIRPS_v2.0_daily_via_ClimateSERV,NASA_POWER_daily,not_included,none,30,,soil_not_included_for_milestone,aas-chirps-v1,uganda_crop_model-0.2.0
Busoga,2020,second_season,rice,2.088480457936548,1.2013243565623033,0.5752145546763847,18493.18905761775,10637.551508323784,22216.31844542767,25.525954629145343,36.52385549290777,32.02493208143522,1000.9075124144554,8.137459450524027,104,29,9,57.45461845397949,155.53175468444826,4,1.0103692734921026,2020-08-15,2020-12-11,228,346,119,22.509902439024398,28.4,15.418,7.904422764227643,1538.7179999999998,0,0,0,AAS2020_Table_6_1,official_aggregate,sub_region,sub_region,production_mt_divided_by_area_harvested_ha,2020,second_season,False,False,False,surveyed_seasonal_block,True,CHIRPS_v2.0_daily_via_ClimateSERV,NASA_POWER_daily,not_included,none,30,,soil_not_included_for_milestone,aas-chirps-v1,uganda_crop_model-0.2.0
Busoga,2020,second_season,simsim,0.2995884010467337,0.2689131049402202,0.8976085322417795,1006.9759258923816,903.8701828430676,270.7890228317734,68.06380834874784,75.79680378447947,65.90950105464188,1000.9075124144554,8.137459450524027,104,29,9,57.45461845397949,155.53175468444826,4,1.0103692734921026,2020-08-15,2020-12-11,228,346,119,22.509902439024398,28.4,15.418,7.904422764227643,1538.7179999999998,0,0,0,AAS2020_Table_6_1,official_aggregate,sub_region,sub_region,production_mt_divided_by_area_harvested_ha,2020,second_season,False,False,False,surveyed_seasonal_block,True,CHIRPS_v2.0_daily_via_ClimateSERV,NASA_POWER_daily,not_included,none,30,,soil_not_included_for_milestone,aas-chirps-v1,uganda_crop_model-0.2.0
Busoga,2020,second_season,sorghum,0.6561084833674863,0.49504537379720714,0.7545175627914147,1822.8314211722168,1375.3583212824717,902.3842622634944,51.40749294518765,53.09659343720189,50.27989196658675,1000.9075124144554,8.137459450524027,104,29,9,57.45461845397949,155.53175468444826,4,1.0103692734921026,2020-08-15,2020-12-11,228,346,119,22.509902439024398,28.4,15.418,7.904422764227643,1538.7179999999998,0,0,0,AAS2020_Table_6_1,official_aggregate,sub_region,sub_region,production_mt_divided_by_area_harvested_ha,2020,second_season,False,False,False,surveyed_seasonal_block,True,CHIRPS_v2.0_daily_via_ClimateSERV,NASA_POWER_daily,not_included,none,30,,soil_not_included_for_milestone,aas-chirps-v1,uganda_crop_model-0.2.0
Busoga,2020,second_season,soya_beans,0.5938545772757312,0.4252667717714117,0.716112644483259,11239.744589804091,8048.92322152101,4779.889897241176,20.571453887302944,25.642247967588105,31.059523381197103,1000.9075124144554,8.137459450524027,104,29,9,57.45461845397949,155.53175468444826,4,1.0103692734921026,2020-08-15,2020-12-11,228,346,119,22.509902439024398,28.4,15.418,7.904422764227643,1538.7179999999998,0,0,0,AAS2020_Table_6_1,official_aggregate,sub_region,sub_region,production_mt_divided_by_area_harvested_ha,2020,second_season,False,False,False,surveyed_seasonal_block,True,CHIRPS_v2.0_daily_via_ClimateSERV,NASA_POWER_daily,not_included,none,30,,soil_not_included_for_milestone,aas-chirps-v1,uganda_crop_model-0.2.0
Busoga,2020,second_season,sweet_potatoes,4.046477355605773,2.2570109275115797,0.5577717923924219,46355.76966633691,25855.940734523003,104625.47869013222,16.29512070629807,22.907725075277057,18.91319898189994,1000.9075124144554,8.137459450524027,104,29,9,57.45461845397949,155.53175468444826,4,1.0103692734921026,2020-08-15,2020-12-11,228,346,119,22.509902439024398,28.4,15.418,7.904422764227643,1538.7179999999998,0,0,0,AAS2020_Table_6_1,official_aggregate,sub_region,sub_region,production_mt_divided_by_area_harvested_ha,2020,second_season,False,False,False,surveyed_seasonal_block,True,CHIRPS_v2.0_daily_via_ClimateSERV,NASA_POWER_daily,not_included,none,30,,soil_not_included_for_milestone,aas-chirps-v1,uganda_crop_model-0.2.0
Elgon,2018,annual,beans,0.5,0.5090998877665545,0.37397081930415266,111375.0,41651.0,56701.0,,,14.9,1827.6763648165197,5.007332506346629,208,69,18,41.79936528205872,90.03196603059769,22,0.8422130793858668,2018-02-18,2018-11-20,49,324,276,20.104205479452055,32.6975,11.7075,10.415732876712328,3688.035,6,0,0,AAS2018_Annex4,official_aggregate,sub_region,sub_region,published_official_subregion_yield_over_harvested,2018,annual,False,False,False,published_annual_aggregate_total_and_s2_harvested_area,False,CHIRPS_v2.0_daily_via_ClimateSERV,NASA_POWER_daily,not_included,none,30,,soil_not_included_for_milestone,aas-chirps-v1,uganda_crop_model-0.2.0
Elgon,2018,annual,groundnuts,0.5,0.4952131637995512,0.2175766641735228,13370.0,2909.0,6621.0,,,56.2,1827.6763648165197,5.007332506346629,208,69,18,41.79936528205872,90.03196603059769,22,0.8422130793858668,2018-02-18,2018-11-20,49,324,276,20.104205479452055,32.6975,11.7075,10.415732876712328,3688.035,6,0,0,AAS2018_Annex4,official_aggregate,sub_region,sub_region,published_official_subregion_yield_over_harvested,2018,annual,False,False,False,published_annual_aggregate_total_and_s2_harvested_area,False,CHIRPS_v2.0_daily_via_ClimateSERV,NASA_POWER_daily,not_included,none,30,,soil_not_included_for_milestone,aas-chirps-v1,uganda_crop_model-0.2.0
Elgon,2018,annual,irish_potatoes,5.1,3.503265272381582,0.22046788459948746,12097.0,2667.0,42379.0,,,61.6,1827.6763648165197,5.007332506346629,208,69,18,41.79936528205872,90.03196603059769,22,0.8422130793858668,2018-02-18,2018-11-20,49,324,276,20.104205479452055,32.6975,11.7075,10.415732876712328,3688.035,6,0,0,AAS2018_Annex4,official_aggregate,sub_region,sub_region,published_official_subregion_yield_over_harvested,2018,annual,False,False,False,published_annual_aggregate_total_and_s2_harvested_area,False,CHIRPS_v2.0_daily_via_ClimateSERV,NASA_POWER_daily,not_included,none,30,,soil_not_included_for_milestone,aas-chirps-v1,uganda_crop_model-0.2.0
Elgon,2018,annual,maize,3.0,1.2871629786452443,0.07041559119515095,103443.0,7284.0,133148.0,,,60.9,1827.6763648165197,5.007332506346629,208,69,18,41.79936528205872,90.03196603059769,22,0.8422130793858668,2018-02-18,2018-11-20,49,324,276,20.104205479452055,32.6975,11.7075,10.415732876712328,3688.035,6,0,0,AAS2018_Annex4,official_aggregate,sub_region,sub_region,published_official_subregion_yield_over_harvested,2018,annual,False,False,False,published_annual_aggregate_total_and_s2_harvested_area,False,CHIRPS_v2.0_daily_via_ClimateSERV,NASA_POWER_daily,not_included,none,30,,soil_not_included_for_milestone,aas-chirps-v1,uganda_crop_model-0.2.0
Elgon,2018,annual,rice,0.9,1.0753205128205128,0.133082497212932,14352.0,1910.0,15433.0,,,95.3,1827.6763648165197,5.007332506346629,208,69,18,41.79936528205872,90.03196603059769,22,0.8422130793858668,2018-02-18,2018-11-20,49,324,276,20.104205479452055,32.6975,11.7075,10.415732876712328,3688.035,6,0,0,AAS2018_Annex4,official_aggregate,sub_region,sub_region,published_official_subregion_yield_over_harvested,2018,annual,False,False,False,published_annual_aggregate_total_and_s2_harvested_area,False,CHIRPS_v2.0_daily_via_ClimateSERV,NASA_POWER_daily,not_included,none,30,,soil_not_included_for_milestone,aas-chirps-v1,uganda_crop_model-0.2.0
Elgon,2018,annual,sorghum,0.5,0.2826558265582656,0.35501355013550134,3690.0,1310.0,1043.0,,,74.9,1827.6763648165197,5.007332506346629,208,69,18,41.79936528205872,90.03196603059769,22,0.8422130793858668,2018-02-18,2018-11-20,49,324,276,20.104205479452055,32.6975,11.7075,10.415732876712328,3688.035,6,0,0,AAS2018_Annex4,official_aggregate,sub_region,sub_region,published_official_subregion_yield_over_harvested,2018,annual,False,False,False,published_annual_aggregate_total_and_s2_harvested_area,False,CHIRPS_v2.0_daily_via_ClimateSERV,NASA_POWER_daily,not_included,none,30,,soil_not_included_for_milestone,aas-chirps-v1,uganda_crop_model-0.2.0
Elgon,2018,annual,soya_beans,0.6,0.4065361318495563,0.6078320890266234,7099.0,4315.0,2886.0,,,56.4,1827.6763648165197,5.007332506346629,208,69,18,41.79936528205872,90.03196603059769,22,0.8422130793858668,2018-02-18,2018-11-20,49,324,276,20.104205479452055,32.6975,11.7075,10.415732876712328,3688.035,6,0,0,AAS2018_Annex4,official_aggregate,sub_region,sub_region,published_official_subregion_yield_over_harvested,2018,annual,False,False,False,published_annual_aggregate_total_and_s2_harvested_area,False,CHIRPS_v2.0_daily_via_ClimateSERV,NASA_POWER_daily,not_included,none,30,,soil_not_included_for_milestone,aas-chirps-v1,uganda_crop_model-0.2.0
Elgon,2018,annual,sweet_potatoes,3.3,2.1476464148877943,0.34906951286261634,7308.0,2551.0,15695.0,,,27.6,1827.6763648165197,5.007332506346629,208,69,18,41.79936528205872,90.03196603059769,22,0.8422130793858668,2018-02-18,2018-11-20,49,324,276,20.104205479452055,32.6975,11.7075,10.415732876712328,3688.035,6,0,0,AAS2018_Annex4,official_aggregate,sub_region,sub_region,published_official_subregion_yield_over_harvested,2018,annual,False,False,False,published_annual_aggregate_total_and_s2_harvested_area,False,CHIRPS_v2.0_daily_via_ClimateSERV,NASA_POWER_daily,not_included,none,30,,soil_not_included_for_milestone,aas-chirps-v1,uganda_crop_model-0.2.0
Elgon,2020,first_season,beans,0.6700120852270204,0.6160966003272779,0.9195305784947531,44366.5063498831,40796.35924969914,27334.05373056156,9.266847698887243,9.395639306424288,12.191217189230333,984.5339423716068,7.18637914139859,100,41,7,40.86078214645386,90.84835368394852,10,0.7188793969488054,2020-03-06,2020-03-31,66,91,26,19.673868613138684,28.00625,13.455,8.664963503649634,1325.32,0,0,0,AAS2020_Table_6_1,official_aggregate,sub_region,sub_region,production_mt_divided_by_area_harvested_ha,2020,first_season,False,False,False,surveyed_seasonal_block,True,CHIRPS_v2.0_daily_via_ClimateSERV,NASA_POWER_daily,not_included,none,30,,soil_not_included_for_milestone,aas-chirps-v1,uganda_crop_model-0.2.0
Elgon,2020,first_season,groundnuts,0.4950587775158489,0.48280881710789736,0.9752555434540106,2173.4602864942685,2119.6791928806774,1049.3657899532895,39.882484914431096,40.75432751158324,35.960193033692114,984.5339423716068,7.18637914139859,100,41,7,40.86078214645386,90.84835368394852,10,0.7188793969488054,2020-03-06,2020-03-31,66,91,26,19.673868613138684,28.00625,13.455,8.664963503649634,1325.32,0,0,0,AAS2020_Table_6_1,official_aggregate,sub_region,sub_region,production_mt_divided_by_area_harvested_ha,2020,first_season,False,False,False,surveyed_seasonal_block,True,CHIRPS_v2.0_daily_via_ClimateSERV,NASA_POWER_daily,not_included,none,30,,soil_not_included_for_milestone,aas-chirps-v1,uganda_crop_model-0.2.0
Elgon,2020,first_season,irish_potatoes,4.522840340241605,4.285871727447945,0.9476062396708433,3169.3688520976493,3003.313700066151,13583.508357059463,52.57495553535002,53.667537006194166,60.17445258106926,984.5339423716068,7.18637914139859,100,41,7,40.86078214645386,90.84835368394852,10,0.7188793969488054,2020-03-06,2020-03-31,66,91,26,19.673868613138684,28.00625,13.455,8.664963503649634,1325.32,0,0,0,AAS2020_Table_6_1,official_aggregate,sub_region,sub_region,production_mt_divided_by_area_harvested_ha,2020,first_season,False,False,False,surveyed_seasonal_block,True,CHIRPS_v2.0_daily_via_ClimateSERV,NASA_POWER_daily,not_included,none,30,,soil_not_included_for_milestone,aas-chirps-v1,uganda_crop_model-0.2.0
Elgon,2020,first_season,maize,2.591624259545572,2.083800742577065,0.8040520283377994,77029.08377880692,61935.39105335199,160513.2619783088,17.732660565732,17.573481259724826,21.831516561483628,984.5339423716068,7.18637914139859,100,41,7,40.86078214645386,90.84835368394852,10,0.7188793969488054,2020-03-06,2020-03-31,66,91,26,19.673868613138684,28.00625,13.455,8.664963503649634,1325.32,0,0,0,AAS2020_Table_6_1,official_aggregate,sub_region,sub_region,production_mt_divided_by_area_harvested_ha,2020,first_season,False,False,False,surveyed_seasonal_block,True,CHIRPS_v2.0_daily_via_ClimateSERV,NASA_POWER_daily,not_included,none,30,,soil_not_included_for_milestone,aas-chirps-v1,uganda_crop_model-0.2.0
Elgon,2020,first_season,millet,0.6858292042822013,0.5571081669251445,0.8123132748600608,1320.1526738209118,1072.3775417867305,735.4678361736965,47.41521862666932,45.30574870564419,45.47133964644631,984.5339423716068,7.18637914139859,100,41,7,40.86078214645386,90.84835368394852,10,0.7188793969488054,2020-03-06,2020-03-31,66,91,26,19.673868613138684,28.00625,13.455,8.664963503649634,1325.32,0,0,0,AAS2020_Table_6_1,official_aggregate,sub_region,sub_region,production_mt_divided_by_area_harvested_ha,2020,first_season,False,False,False,surveyed_seasonal_block,True,CHIRPS_v2.0_daily_via_ClimateSERV,NASA_POWER_daily,not_included,none,30,,soil_not_included_for_milestone,aas-chirps-v1,uganda_crop_model-0.2.0
Elgon,2020,first_season,rice,2.4039676735116466,2.140738689565744,0.8905022780271478,10515.011981256492,9363.642122791658,22509.89296952312,48.39264470984782,53.218500950383486,59.66665424008561,984.5339423716068,7.18637914139859,100,41,7,40.86078214645386,90.84835368394852,10,0.7188793969488054,2020-03-06,2020-03-31,66,91,26,19.673868613138684,28.00625,13.455,8.664963503649634,1325.32,0,0,0,AAS2020_Table_6_1,official_aggregate,sub_region,sub_region,production_mt_divided_by_area_harvested_ha,2020,first_season,False,False,False,surveyed_seasonal_block,True,CHIRPS_v2.0_daily_via_ClimateSERV,NASA_POWER_daily,not_included,none,30,,soil_not_included_for_milestone,aas-chirps-v1,uganda_crop_model-0.2.0
Elgon,2020,first_season,simsim,1.0133465202105196,1.0133465202105196,1.0,149.391919979741,149.391919979741,151.38578225903893,100.00000000000004,100.00000000000004,100.00000000000004,984.5339423716068,7.18637914139859,100,41,7,40.86078214645386,90.84835368394852,10,0.7188793969488054,2020-03-06,2020-03-31,66,91,26,19.673868613138684,28.00625,13.455,8.664963503649634,1325.32,0,0,0,AAS2020_Table_6_1,official_aggregate,sub_region,sub_region,production_mt_divided_by_area_harvested_ha,2020,first_season,False,False,False,surveyed_seasonal_block,True,CHIRPS_v2.0_daily_via_ClimateSERV,NASA_POWER_daily,not_included,none,30,,soil_not_included_for_milestone,aas-chirps-v1,uganda_crop_model-0.2.0
Elgon,2020,first_season,sorghum,2.370934481096649,0.5038334453068396,0.2125041621031203,295.7452726083878,62.84710135160434,149.00635963149452,81.02468894535247,100.0,76.82049955379209,984.5339423716068,7.18637914139859,100,41,7,40.86078214645386,90.84835368394852,10,0.7188793969488054,2020-03-06,2020-03-31,66,91,26,19.673868613138684,28.00625,13.455,8.664963503649634,1325.32,0,0,0,AAS2020_Table_6_1,official_aggregate,sub_region,sub_region,production_mt_divided_by_area_harvested_ha,2020,first_season,False,False,False,surveyed_seasonal_block,True,CHIRPS_v2.0_daily_via_ClimateSERV,NASA_POWER_daily,not_included,none,30,,soil_not_included_for_milestone,aas-chirps-v1,uganda_crop_model-0.2.0
Elgon,2020,first_season,soya_beans,0.5911363692957547,0.5334345903772721,0.9023883795422281,1960.6232604740308,1769.2436469119602,1045.8642658351164,41.13886802061771,42.016891400493776,53.34694458658261,984.5339423716068,7.18637914139859,100,41,7,40.86078214645386,90.84835368394852,10,0.7188793969488054,2020-03-06,2020-03-31,66,91,26,19.673868613138684,28.00625,13.455,8.664963503649634,1325.32,0,0,0,AAS2020_Table_6_1,official_aggregate,sub_region,sub_region,production_mt_divided_by_area_harvested_ha,2020,first_season,False,False,False,surveyed_seasonal_block,True,CHIRPS_v2.0_daily_via_ClimateSERV,NASA_POWER_daily,not_included,none,30,,soil_not_included_for_milestone,aas-chirps-v1,uganda_crop_model-0.2.0
Elgon,2020,first_season,sweet_potatoes,3.151255842827831,2.9139468241960405,0.9246938266939199,1592.976553297565,1473.0155849024163,4641.848968500194,31.26535429247999,33.81225869230999,31.877202613401245,984.5339423716068,7.18637914139859,100,41,7,40.86078214645386,90.84835368394852,10,0.7188793969488054,2020-03-06,2020-03-31,66,91,26,19.673868613138684,28.00625,13.455,8.664963503649634,1325.32,0,0,0,AAS2020_Table_6_1,official_aggregate,sub_region,sub_region,production_mt_divided_by_area_harvested_ha,2020,first_season,False,False,False,surveyed_seasonal_block,True,CHIRPS_v2.0_daily_via_ClimateSERV,NASA_POWER_daily,not_included,none,30,,soil_not_included_for_milestone,aas-chirps-v1,uganda_crop_model-0.2.0
Elgon,2020,second_season,beans,0.653829971282899,0.37725349633334077,0.5769902159626006,45488.85585195647,26246.624761911968,17160.829914353926,14.760992000074149,17.417686572969675,14.629274052376768,1009.4460826069117,8.206878720381395,94,38,13,44.08406019210816,123.06542038917542,4,0.8668108479921869,2020-08-15,2020-12-11,228,346,119,19.172083333333333,25.86625,11.655,9.022296747967475,1128.1662500000002,0,0,0,AAS2020_Table_6_1,official_aggregate,sub_region,sub_region,production_mt_divided_by_area_harvested_ha,2020,second_season,False,False,False,surveyed_seasonal_block,True,CHIRPS_v2.0_daily_via_ClimateSERV,NASA_POWER_daily,not_included,none,30,,soil_not_included_for_milestone,aas-chirps-v1,uganda_crop_model-0.2.0
Elgon,2020,second_season,groundnuts,0.7530910039174339,0.4137283750066892,0.5493736784194129,2442.4599580160752,1341.823211527416,1010.514989448897,44.50920796221065,49.00766464501643,51.02746770953722,1009.4460826069117,8.206878720381395,94,38,13,44.08406019210816,123.06542038917542,4,0.8668108479921869,2020-08-15,2020-12-11,228,346,119,19.172083333333333,25.86625,11.655,9.022296747967475,1128.1662500000002,0,0,0,AAS2020_Table_6_1,official_aggregate,sub_region,sub_region,production_mt_divided_by_area_harvested_ha,2020,second_season,False,False,False,surveyed_seasonal_block,True,CHIRPS_v2.0_daily_via_ClimateSERV,NASA_POWER_daily,not_included,none,30,,soil_not_included_for_milestone,aas-chirps-v1,uganda_crop_model-0.2.0
Elgon,2020,second_season,irish_potatoes,9.66384795722705,4.476983171188912,0.4632712756869096,1318.110191293777,610.6425898165845,5901.157144194836,71.38239372956157,67.40938091209468,93.79447288796771,1009.4460826069117,8.206878720381395,94,38,13,44.08406019210816,123.06542038917542,4,0.8668108479921869,2020-08-15,2020-12-11,228,346,119,19.172083333333333,25.86625,11.655,9.022296747967475,1128.1662500000002,0,0,0,AAS2020_Table_6_1,official_aggregate,sub_region,sub_region,production_mt_divided_by_area_harvested_ha,2020,second_season,False,False,False,surveyed_seasonal_block,True,CHIRPS_v2.0_daily_via_ClimateSERV,NASA_POWER_daily,not_included,none,30,,soil_not_included_for_milestone,aas-chirps-v1,uganda_crop_model-0.2.0
Elgon,2020,second_season,maize,3.423349924580549,1.175152687761825,0.34327565503132507,13874.652805084006,4762.830529997424,16304.835535656615,28.232076906195186,22.691492693937057,31.38085242054418,1009.4460826069117,8.206878720381395,94,38,13,44.08406019210816,123.06542038917542,4,0.8668108479921869,2020-08-15,2020-12-11,228,346,119,19.172083333333333,25.86625,11.655,9.022296747967475,1128.1662500000002,0,0,0,AAS2020_Table_6_1,official_aggregate,sub_region,sub_region,production_mt_divided_by_area_harvested_ha,2020,second_season,False,False,False,surveyed_seasonal_block,True,CHIRPS_v2.0_daily_via_ClimateSERV,NASA_POWER_daily,not_included,none,30,,soil_not_included_for_milestone,aas-chirps-v1,uganda_crop_model-0.2.0
Elgon,2020,second_season,rice,0.9781169963836971,0.8665522212048684,0.885939232636477,4223.723116034996,3741.9620162889937,3660.0766479544736,59.472924822209386,66.55136979887902,55.5828739298964,1009.4460826069117,8.206878720381395,94,38,13,44.08406019210816,123.06542038917542,4,0.8668108479921869,2020-08-15,2020-12-11,228,346,119,19.172083333333333,25.86625,11.655,9.022296747967475,1128.1662500000002,0,0,0,AAS2020_Table_6_1,official_aggregate,sub_region,sub_region,production_mt_divided_by_area_harvested_ha,2020,second_season,False,False,False,surveyed_seasonal_block,True,CHIRPS_v2.0_daily_via_ClimateSERV,NASA_POWER_daily,not_included,none,30,,soil_not_included_for_milestone,aas-chirps-v1,uganda_crop_model-0.2.0
Elgon,2020,second_season,simsim,0.18536826314673083,0.08956367728686959,0.4831661891117478,46.24834417461915,22.345636207579236,4.142171772707664,69.8157413646877,100.0,99.99999999999996,1009.4460826069117,8.206878720381395,94,38,13,44.08406019210816,123.06542038917542,4,0.8668108479921869,2020-08-15,2020-12-11,228,346,119,19.172083333333333,25.86625,11.655,9.022296747967475,1128.1662500000002,0,0,0,AAS2020_Table_6_1,official_aggregate,sub_region,sub_region,production_mt_divided_by_area_harvested_ha,2020,second_season,False,False,False,surveyed_seasonal_block,True,CHIRPS_v2.0_daily_via_ClimateSERV,NASA_POWER_daily,not_included,none,30,,soil_not_included_for_milestone,aas-chirps-v1,uganda_crop_model-0.2.0
Elgon,2020,second_season,sorghum,3.258267391159824,0.1128025783637001,0.034620417793134683,466.2267006302697,16.140963162134668,52.59157393309535,85.06567031761928,100.00000000000004,69.88468182836736,1009.4460826069117,8.206878720381395,94,38,13,44.08406019210816,123.06542038917542,4,0.8668108479921869,2020-08-15,2020-12-11,228,346,119,19.172083333333333,25.86625,11.655,9.022296747967475,1128.1662500000002,0,0,0,AAS2020_Table_6_1,official_aggregate,sub_region,sub_region,production_mt_divided_by_area_harvested_ha,2020,second_season,False,False,False,surveyed_seasonal_block,True,CHIRPS_v2.0_daily_via_ClimateSERV,NASA_POWER_daily,not_included,none,30,,soil_not_included_for_milestone,aas-chirps-v1,uganda_crop_model-0.2.0
Elgon,2020,second_season,soya_beans,0.4261906725861129,0.3128908896942782,0.734157056501648,4390.791375693434,3223.530472091913,1373.8386200026823,41.69357420188933,40.244625666456976,57.869982035328285,1009.4460826069117,8.206878720381395,94,38,13,44.08406019210816,123.06542038917542,4,0.8668108479921869,2020-08-15,2020-12-11,228,346,119,19.172083333333333,25.86625,11.655,9.022296747967475,1128.1662500000002,0,0,0,AAS2020_Table_6_1,official_aggregate,sub_region,sub_region,production_mt_divided_by_area_harvested_ha,2020,second_season,False,False,False,surveyed_seasonal_block,True,CHIRPS_v2.0_daily_via_ClimateSERV,NASA_POWER_daily,not_included,none,30,,soil_not_included_for_milestone,aas-chirps-v1,uganda_crop_model-0.2.0
Elgon,2020,second_season,sweet_potatoes,3.5591777349294857,1.6599683419792142,0.46639096600555163,6178.5122313353295,2881.6022880496007,10256.134704548002,20.890067720237777,22.877823243899424,19.91315509466664,1009.4460826069117,8.206878720381395,94,38,13,44.08406019210816,123.06542038917542,4,0.8668108479921869,2020-08-15,2020-12-11,228,346,119,19.172083333333333,25.86625,11.655,9.022296747967475,1128.1662500000002,0,0,0,AAS2020_Table_6_1,official_aggregate,sub_region,sub_region,production_mt_divided_by_area_harvested_ha,2020,second_season,False,False,False,surveyed_seasonal_block,True,CHIRPS_v2.0_daily_via_ClimateSERV,NASA_POWER_daily,not_included,none,30,,soil_not_included_for_milestone,aas-chirps-v1,uganda_crop_model-0.2.0
Karamoja,2018,annual,beans,0.4,0.5603299090540889,0.07198350454729556,27159.0,1955.0,15218.0,,,68.2,1340.7205920768718,3.6732071015804704,154,52,11,39.4178341456822,85.77205644335066,50,0.8444844864765217,2018-03-02,2018-12-24,61,358,298,23.599027397260276,35.73,15.677142857142858,11.784590998043054,4963.6449999999995,92,2,0,AAS2018_Annex4,official_aggregate,sub_region,sub_region,published_official_subregion_yield_over_harvested,2018,annual,False,False,False,published_annual_aggregate_total_and_s2_harvested_area,False,CHIRPS_v2.0_daily_via_ClimateSERV,NASA_POWER_daily,not_included,none,30,,soil_not_included_for_milestone,aas-chirps-v1,uganda_crop_model-0.2.0
Karamoja,2018,annual,groundnuts,0.4,0.4306425739277823,0.17960592027603742,33039.0,5934.0,14228.0,,,51.3,1340.7205920768718,3.6732071015804704,154,52,11,39.4178341456822,85.77205644335066,50,0.8444844864765217,2018-03-02,2018-12-24,61,358,298,23.599027397260276,35.73,15.677142857142858,11.784590998043054,4963.6449999999995,92,2,0,AAS2018_Annex4,official_aggregate,sub_region,sub_region,published_official_subregion_yield_over_harvested,2018,annual,False,False,False,published_annual_aggregate_total_and_s2_harvested_area,False,CHIRPS_v2.0_daily_via_ClimateSERV,NASA_POWER_daily,not_included,none,30,,soil_not_included_for_milestone,aas-chirps-v1,uganda_crop_model-0.2.0
Karamoja,2018,annual,maize,1.0,1.2410618849286794,0.03689506468615237,108524.0,4004.0,134685.0,,,70.2,1340.7205920768718,3.6732071015804704,154,52,11,39.4178341456822,85.77205644335066,50,0.8444844864765217,2018-03-02,2018-12-24,61,358,298,23.599027397260276,35.73,15.677142857142858,11.784590998043054,4963.6449999999995,92,2,0,AAS2018_Annex4,official_aggregate,sub_region,sub_region,published_official_subregion_yield_over_harvested,2018,annual,False,False,False,published_annual_aggregate_total_and_s2_harvested_area,False,CHIRPS_v2.0_daily_via_ClimateSERV,NASA_POWER_daily,not_included,none,30,,soil_not_included_for_milestone,aas-chirps-v1,uganda_crop_model-0.2.0
Karamoja,2018,annual,sweet_potatoes,1.8,1.5295852172203657,0.3845095341065461,10174.0,3912.0,15562.0,,,66.7,1340.7205920768718,3.6732071015804704,154,52,11,39.4178341456822,85.77205644335066,50,0.8444844864765217,2018-03-02,2018-12-24,61,358,298,23.599027397260276,35.73,15.677142857142858,11.784590998043054,4963.6449999999995,92,2,0,AAS2018_Annex4,official_aggregate,sub_region,sub_region,published_official_subregion_yield_over_harvested,2018,annual,False,False,False,published_annual_aggregate_total_and_s2_harvested_area,False,CHIRPS_v2.0_daily_via_ClimateSERV,NASA_POWER_daily,not_included,none,30,,soil_not_included_for_milestone,aas-chirps-v1,uganda_crop_model-0.2.0
Karamoja,2020,first_season,beans,0.5422885207412549,0.4855273748957805,0.8953303570433548,8775.399405409866,7856.881482843659,4260.696636970645,38.82676613795423,43.66365875739333,40.82942329202056,702.7080106032747,5.12925555184872,98,23,3,21.99835538864136,67.63682419913155,11,0.6845387121885701,2020-03-07,2020-03-30,67,90,24,22.834567257559957,34.2,15.838571428571427,9.809426485922835,1758.3357142857144,12,0,0,AAS2020_Table_6_1,official_aggregate,sub_region,sub_region,production_mt_divided_by_area_harvested_ha,2020,first_season,False,False,False,surveyed_seasonal_block,True,CHIRPS_v2.0_daily_via_ClimateSERV,NASA_POWER_daily,not_included,none,30,,soil_not_included_for_milestone,aas-chirps-v1,uganda_crop_model-0.2.0
Karamoja,2020,first_season,groundnuts,0.5747979489963491,0.47795551681932597,0.8315191758319267,10974.983995101922,9125.909646375736,5245.55414746277,37.76155988714906,41.7214132241466,45.03303744233678,702.7080106032747,5.12925555184872,98,23,3,21.99835538864136,67.63682419913155,11,0.6845387121885701,2020-03-07,2020-03-30,67,90,24,22.834567257559957,34.2,15.838571428571427,9.809426485922835,1758.3357142857144,12,0,0,AAS2020_Table_6_1,official_aggregate,sub_region,sub_region,production_mt_divided_by_area_harvested_ha,2020,first_season,False,False,False,surveyed_seasonal_block,True,CHIRPS_v2.0_daily_via_ClimateSERV,NASA_POWER_daily,not_included,none,30,,soil_not_included_for_milestone,aas-chirps-v1,uganda_crop_model-0.2.0
Karamoja,2020,first_season,maize,1.2175480596073383,0.7817810491175016,0.6420946121581662,28988.393844896626,18613.29150292707,22662.57695229461,18.944210044857705,24.146308958298484,27.302096025044857,702.7080106032747,5.12925555184872,98,23,3,21.99835538864136,67.63682419913155,11,0.6845387121885701,2020-03-07,2020-03-30,67,90,24,22.834567257559957,34.2,15.838571428571427,9.809426485922835,1758.3357142857144,12,0,0,AAS2020_Table_6_1,official_aggregate,sub_region,sub_region,production_mt_divided_by_area_harvested_ha,2020,first_season,False,False,False,surveyed_seasonal_block,True,CHIRPS_v2.0_daily_via_ClimateSERV,NASA_POWER_daily,not_included,none,30,,soil_not_included_for_milestone,aas-chirps-v1,uganda_crop_model-0.2.0
Karamoja,2020,first_season,millet,0.2665642826776189,0.16837755840211918,0.6316583628938537,3241.162663729523,2047.3075020440724,545.7390557028859,45.045285131914994,60.574155638118434,50.248351575685646,702.7080106032747,5.12925555184872,98,23,3,21.99835538864136,67.63682419913155,11,0.6845387121885701,2020-03-07,2020-03-30,67,90,24,22.834567257559957,34.2,15.838571428571427,9.809426485922835,1758.3357142857144,12,0,0,AAS2020_Table_6_1,official_aggregate,sub_region,sub_region,production_mt_divided_by_area_harvested_ha,2020,first_season,False,False,False,surveyed_seasonal_block,True,CHIRPS_v2.0_daily_via_ClimateSERV,NASA_POWER_daily,not_included,none,30,,soil_not_included_for_milestone,aas-chirps-v1,uganda_crop_model-0.2.0
Karamoja,2020,first_season,rice,1.5488549025864504,0.5001453308884842,0.3229129662522202,988.6668341631369,319.2533400548104,494.47710091099225,69.69762443488587,100.00000000000004,100.00000000000009,702.7080106032747,5.12925555184872,98,23,3,21.99835538864136,67.63682419913155,11,0.6845387121885701,2020-03-07,2020-03-30,67,90,24,22.834567257559957,34.2,15.838571428571427,9.809426485922835,1758.3357142857144,12,0,0,AAS2020_Table_6_1,official_aggregate,sub_region,sub_region,production_mt_divided_by_area_harvested_ha,2020,first_season,False,False,False,surveyed_seasonal_block,True,CHIRPS_v2.0_daily_via_ClimateSERV,NASA_POWER_daily,not_included,none,30,,soil_not_included_for_milestone,aas-chirps-v1,uganda_crop_model-0.2.0
Karamoja,2020,first_season,simsim,0.2487265028776165,0.18494049228817583,0.7435496022680543,5539.7562167937285,4119.083531658958,1024.5252418903146,47.06606698688073,51.90115103433134,51.19732171931465,702.7080106032747,5.12925555184872,98,23,3,21.99835538864136,67.63682419913155,11,0.6845387121885701,2020-03-07,2020-03-30,67,90,24,22.834567257559957,34.2,15.838571428571427,9.809426485922835,1758.3357142857144,12,0,0,AAS2020_Table_6_1,official_aggregate,sub_region,sub_region,production_mt_divided_by_area_harvested_ha,2020,first_season,False,False,False,surveyed_seasonal_block,True,CHIRPS_v2.0_daily_via_ClimateSERV,NASA_POWER_daily,not_included,none,30,,soil_not_included_for_milestone,aas-chirps-v1,uganda_crop_model-0.2.0
Karamoja,2020,first_season,sorghum,0.6347991969213849,0.18065252818843916,0.2845821624610713,81925.25352475974,23314.46580824763,14800.004171726683,16.830719614649407,17.684704963756886,17.962671961679575,702.7080106032747,5.12925555184872,98,23,3,21.99835538864136,67.63682419913155,11,0.6845387121885701,2020-03-07,2020-03-30,67,90,24,22.834567257559957,34.2,15.838571428571427,9.809426485922835,1758.3357142857144,12,0,0,AAS2020_Table_6_1,official_aggregate,sub_region,sub_region,production_mt_divided_by_area_harvested_ha,2020,first_season,False,False,False,surveyed_seasonal_block,True,CHIRPS_v2.0_daily_via_ClimateSERV,NASA_POWER_daily,not_included,none,30,,soil_not_included_for_milestone,aas-chirps-v1,uganda_crop_model-0.2.0
Karamoja,2020,first_season,soya_beans,0.5697981563805337,0.5035517166863379,0.8837370058987103,529.8033442640743,468.2068211750567,266.7833835103375,70.4584167656938,69.58322067657791,73.0857551494293,702.7080106032747,5.12925555184872,98,23,3,21.99835538864136,67.63682419913155,11,0.6845387121885701,2020-03-07,2020-03-30,67,90,24,22.834567257559957,34.2,15.838571428571427,9.809426485922835,1758.3357142857144,12,0,0,AAS2020_Table_6_1,official_aggregate,sub_region,sub_region,production_mt_divided_by_area_harvested_ha,2020,first_season,False,False,False,surveyed_seasonal_block,True,CHIRPS_v2.0_daily_via_ClimateSERV,NASA_POWER_daily,not_included,none,30,,soil_not_included_for_milestone,aas-chirps-v1,uganda_crop_model-0.2.0
Karamoja,2020,second_season,groundnuts,0.1047330767226874,0.1047330767226874,1.0,311.50237852301154,311.50237852301154,32.62460250915018,100.0,100.0,100.0,559.2658033605132,4.546876450085474,62,23,3,27.605228969029017,85.9785932813372,8,0.6764083015557801,2020-08-15,2020-12-09,228,344,117,22.39354819976771,30.38142857142857,14.38,10.652299651567944,1524.4064285714287,0,0,0,AAS2020_Table_6_1,official_aggregate,sub_region,sub_region,production_mt_divided_by_area_harvested_ha,2020,second_season,False,False,False,surveyed_seasonal_block,True,CHIRPS_v2.0_daily_via_ClimateSERV,NASA_POWER_daily,not_included,none,30,,soil_not_included_for_milestone,aas-chirps-v1,uganda_crop_model-0.2.0
Karamoja,2020,second_season,maize,7.244065383360269,0.9663497839082253,0.13339882134801626,5237.164565568191,698.6315802523923,5060.932846228637,93.4912406033966,63.29115911092179,95.80405164331675,559.2658033605132,4.546876450085474,62,23,3,27.605228969029017,85.9785932813372,8,0.6764083015557801,2020-08-15,2020-12-09,228,344,117,22.39354819976771,30.38142857142857,14.38,10.652299651567944,1524.4064285714287,0,0,0,AAS2020_Table_6_1,official_aggregate,sub_region,sub_region,production_mt_divided_by_area_harvested_ha,2020,second_season,False,False,False,surveyed_seasonal_block,True,CHIRPS_v2.0_daily_via_ClimateSERV,NASA_POWER_daily,not_included,none,30,,soil_not_included_for_milestone,aas-chirps-v1,uganda_crop_model-0.2.0
Karamoja,2020,second_season,millet,0.349296866505584,0.027058391141915952,0.07746531313782452,435.6283993748508,33.746090369302095,11.787403622811487,75.07235552716386,100.0,72.39199428053232,559.2658033605132,4.546876450085474,62,23,3,27.605228969029017,85.9785932813372,8,0.6764083015557801,2020-08-15,2020-12-09,228,344,117,22.39354819976771,30.38142857142857,14.38,10.652299651567944,1524.4064285714287,0,0,0,AAS2020_Table_6_1,official_aggregate,sub_region,sub_region,production_mt_divided_by_area_harvested_ha,2020,second_season,False,False,False,surveyed_seasonal_block,True,CHIRPS_v2.0_daily_via_ClimateSERV,NASA_POWER_daily,not_included,none,30,,soil_not_included_for_milestone,aas-chirps-v1,uganda_crop_model-0.2.0
Karamoja,2020,second_season,sorghum,2.4806161125630215,1.2332728967922038,0.4971639467091753,285.1686263485744,141.77555975309136,351.69073789115987,60.88389844182428,97.85410493882776,58.91991862429038,559.2658033605132,4.546876450085474,62,23,3,27.605228969029017,85.9785932813372,8,0.6764083015557801,2020-08-15,2020-12-09,228,344,117,22.39354819976771,30.38142857142857,14.38,10.652299651567944,1524.4064285714287,0,0,0,AAS2020_Table_6_1,official_aggregate,sub_region,sub_region,production_mt_divided_by_area_harvested_ha,2020,second_season,False,False,False,surveyed_seasonal_block,True,CHIRPS_v2.0_daily_via_ClimateSERV,NASA_POWER_daily,not_included,none,30,,soil_not_included_for_milestone,aas-chirps-v1,uganda_crop_model-0.2.0
Kigezi,2018,annual,beans,0.6,0.6090615884764145,0.5760122328874497,77823.0,44827.0,47399.0,,,16.8,1403.914933408855,3.846342283311931,227,40,3,25.479330825805665,68.74964990615845,36,0.7771274810287513,2018-01-02,2018-08-04,2,216,215,19.985383561643836,30.034,10.488,10.24745753424658,3644.665,0,0,0,AAS2018_Annex4,official_aggregate,sub_region,sub_region,published_official_subregion_yield_over_harvested,2018,annual,False,False,False,published_annual_aggregate_total_and_s2_harvested_area,False,CHIRPS_v2.0_daily_via_ClimateSERV,NASA_POWER_daily,not_included,none,30,,soil_not_included_for_milestone,aas-chirps-v1,uganda_crop_model-0.2.0
Kigezi,2018,annual,groundnuts,0.4,0.47233551365909965,0.3867641400538669,12995.0,5026.0,6138.0,,,40.2,1403.914933408855,3.846342283311931,227,40,3,25.479330825805665,68.74964990615845,36,0.7771274810287513,2018-01-02,2018-08-04,2,216,215,19.985383561643836,30.034,10.488,10.24745753424658,3644.665,0,0,0,AAS2018_Annex4,official_aggregate,sub_region,sub_region,published_official_subregion_yield_over_harvested,2018,annual,False,False,False,published_annual_aggregate_total_and_s2_harvested_area,False,CHIRPS_v2.0_daily_via_ClimateSERV,NASA_POWER_daily,not_included,none,30,,soil_not_included_for_milestone,aas-chirps-v1,uganda_crop_model-0.2.0
Kigezi,2018,annual,irish_potatoes,3.8,3.3882728425876674,0.597487622243136,24439.0,14602.0,82806.0,,,24.6,1403.914933408855,3.846342283311931,227,40,3,25.479330825805665,68.74964990615845,36,0.7771274810287513,2018-01-02,2018-08-04,2,216,215,19.985383561643836,30.034,10.488,10.24745753424658,3644.665,0,0,0,AAS2018_Annex4,official_aggregate,sub_region,sub_region,published_official_subregion_yield_over_harvested,2018,annual,False,False,False,published_annual_aggregate_total_and_s2_harvested_area,False,CHIRPS_v2.0_daily_via_ClimateSERV,NASA_POWER_daily,not_included,none,30,,soil_not_included_for_milestone,aas-chirps-v1,uganda_crop_model-0.2.0
Kigezi,2018,annual,maize,1.1,1.178959174517721,0.5499327052489906,22290.0,12258.0,26279.0,,,19.4,1403.914933408855,3.846342283311931,227,40,3,25.479330825805665,68.74964990615845,36,0.7771274810287513,2018-01-02,2018-08-04,2,216,215,19.985383561643836,30.034,10.488,10.24745753424658,3644.665,0,0,0,AAS2018_Annex4,official_aggregate,sub_region,sub_region,published_official_subregion_yield_over_harvested,2018,annual,False,False,False,published_annual_aggregate_total_and_s2_harvested_area,False,CHIRPS_v2.0_daily_via_ClimateSERV,NASA_POWER_daily,not_included,none,30,,soil_not_included_for_milestone,aas-chirps-v1,uganda_crop_model-0.2.0
Kigezi,2018,annual,millet,0.5,0.49139441873005885,0.8762414056531703,22253.0,19499.0,10935.0,,,26.1,1403.914933408855,3.846342283311931,227,40,3,25.479330825805665,68.74964990615845,36,0.7771274810287513,2018-01-02,2018-08-04,2,216,215,19.985383561643836,30.034,10.488,10.24745753424658,3644.665,0,0,0,AAS2018_Annex4,official_aggregate,sub_region,sub_region,published_official_subregion_yield_over_harvested,2018,annual,False,False,False,published_annual_aggregate_total_and_s2_harvested_area,False,CHIRPS_v2.0_daily_via_ClimateSERV,NASA_POWER_daily,not_included,none,30,,soil_not_included_for_milestone,aas-chirps-v1,uganda_crop_model-0.2.0
Kigezi,2018,annual,rice,1.4,1.430740037950664,0.9122390891840607,4216.0,3846.0,6032.0,,,66.7,1403.914933408855,3.846342283311931,227,40,3,25.479330825805665,68.74964990615845,36,0.7771274810287513,2018-01-02,2018-08-04,2,216,215,19.985383561643836,30.034,10.488,10.24745753424658,3644.665,0,0,0,AAS2018_Annex4,official_aggregate,sub_region,sub_region,published_official_subregion_yield_over_harvested,2018,annual,False,False,False,published_annual_aggregate_total_and_s2_harvested_area,False,CHIRPS_v2.0_daily_via_ClimateSERV,NASA_POWER_daily,not_included,none,30,,soil_not_included_for_milestone,aas-chirps-v1,uganda_crop_model-0.2.0
Kigezi,2018,annual,sorghum,0.5,0.873457860575732,0.06550066887975028,20183.0,1322.0,17629.0,,,34.4,1403.914933408855,3.846342283311931,227,40,3,25.479330825805665,68.74964990615845,36,0.7771274810287513,2018-01-02,2018-08-04,2,216,215,19.985383561643836,30.034,10.488,10.24745753424658,3644.665,0,0,0,AAS2018_Annex4,official_aggregate,sub_region,sub_region,published_official_subregion_yield_over_harvested,2018,annual,False,False,False,published_annual_aggregate_total_and_s2_harvested_area,False,CHIRPS_v2.0_daily_via_ClimateSERV,NASA_POWER_daily,not_included,none,30,,soil_not_included_for_milestone,aas-chirps-v1,uganda_crop_model-0.2.0
Kigezi,2018,annual,soya_beans,0.9,0.6510067114093959,0.30201342281879195,447.0,135.0,291.0,,,97.2,1403.914933408855,3.846342283311931,227,40,3,25.479330825805665,68.74964990615845,36,0.7771274810287513,2018-01-02,2018-08-04,2,216,215,19.985383561643836,30.034,10.488,10.24745753424658,3644.665,0,0,0,AAS2018_Annex4,official_aggregate,sub_region,sub_region,published_official_subregion_yield_over_harvested,2018,annual,False,False,False,published_annual_aggregate_total_and_s2_harvested_area,False,CHIRPS_v2.0_daily_via_ClimateSERV,NASA_POWER_daily,not_included,none,30,,soil_not_included_for_milestone,aas-chirps-v1,uganda_crop_model-0.2.0
Kigezi,2018,annual,sweet_potatoes,2.9,2.1115521792572594,0.45257621859068653,49627.0,22460.0,104790.0,,,14.8,1403.914933408855,3.846342283311931,227,40,3,25.479330825805665,68.74964990615845,36,0.7771274810287513,2018-01-02,2018-08-04,2,216,215,19.985383561643836,30.034,10.488,10.24745753424658,3644.665,0,0,0,AAS2018_Annex4,official_aggregate,sub_region,sub_region,published_official_subregion_yield_over_harvested,2018,annual,False,False,False,published_annual_aggregate_total_and_s2_harvested_area,False,CHIRPS_v2.0_daily_via_ClimateSERV,NASA_POWER_daily,not_included,none,30,,soil_not_included_for_milestone,aas-chirps-v1,uganda_crop_model-0.2.0
Kigezi,2020,first_season,beans,0.6821726355797036,0.5891331531379257,0.8636129953194122,23888.538821726044,20630.45256563489,14073.530199901212,9.910549074687204,11.704519826051362,14.787175149492167,423.73072546646006,3.092925003404818,64,12,1,53.299984741210935,75.2753701210022,19,1.108959742773348,2020-03-16,2020-06-23,76,175,100,19.93578102189781,27.428,12.978,9.256175182481753,1361.202,0,0,0,AAS2020_Table_6_1,official_aggregate,sub_region,sub_region,production_mt_divided_by_area_harvested_ha,2020,first_season,False,False,False,surveyed_seasonal_block,True,CHIRPS_v2.0_daily_via_ClimateSERV,NASA_POWER_daily,not_included,none,30,,soil_not_included_for_milestone,aas-chirps-v1,uganda_crop_model-0.2.0
Kigezi,2020,first_season,groundnuts,0.4632654520489824,0.39975208844275434,0.8629007120532861,2954.8453197718586,2549.7381304384567,1181.2055876040988,38.488333124012335,40.57628637223244,47.63650073515106,423.73072546646006,3.092925003404818,64,12,1,53.299984741210935,75.2753701210022,19,1.108959742773348,2020-03-16,2020-06-23,76,175,100,19.93578102189781,27.428,12.978,9.256175182481753,1361.202,0,0,0,AAS2020_Table_6_1,official_aggregate,sub_region,sub_region,production_mt_divided_by_area_harvested_ha,2020,first_season,False,False,False,surveyed_seasonal_block,True,CHIRPS_v2.0_daily_via_ClimateSERV,NASA_POWER_daily,not_included,none,30,,soil_not_included_for_milestone,aas-chirps-v1,uganda_crop_model-0.2.0
Kigezi,2020,first_season,irish_potatoes,5.319403533719373,4.250217002743852,0.7990025527866023,7512.857833923753,6002.792588027902,31931.276104940083,26.953956060191253,28.149639869757472,34.114082774256175,423.73072546646006,3.092925003404818,64,12,1,53.299984741210935,75.2753701210022,19,1.108959742773348,2020-03-16,2020-06-23,76,175,100,19.93578102189781,27.428,12.978,9.256175182481753,1361.202,0,0,0,AAS2020_Table_6_1,official_aggregate,sub_region,sub_region,production_mt_divided_by_area_harvested_ha,2020,first_season,False,False,False,surveyed_seasonal_block,True,CHIRPS_v2.0_daily_via_ClimateSERV,NASA_POWER_daily,not_included,none,30,,soil_not_included_for_milestone,aas-chirps-v1,uganda_crop_model-0.2.0
Kigezi,2020,first_season,maize,1.6788303054282812,1.4092738378827194,0.839437930877239,5228.6625781950825,4389.13769589533,7368.617378566739,25.8180164851992,27.98378595558704,32.09402224593719,423.73072546646006,3.092925003404818,64,12,1,53.299984741210935,75.2753701210022,19,1.108959742773348,2020-03-16,2020-06-23,76,175,100,19.93578102189781,27.428,12.978,9.256175182481753,1361.202,0,0,0,AAS2020_Table_6_1,official_aggregate,sub_region,sub_region,production_mt_divided_by_area_harvested_ha,2020,first_season,False,False,False,surveyed_seasonal_block,True,CHIRPS_v2.0_daily_via_ClimateSERV,NASA_POWER_daily,not_included,none,30,,soil_not_included_for_milestone,aas-chirps-v1,uganda_crop_model-0.2.0
Kigezi,2020,first_season,millet,0.7582314811841495,0.6680723206127319,0.881092828761721,1188.097329252843,1046.8240366756334,793.7349398677359,35.90812171638097,34.7122050967055,44.23432248100586,423.73072546646006,3.092925003404818,64,12,1,53.299984741210935,75.2753701210022,19,1.108959742773348,2020-03-16,2020-06-23,76,175,100,19.93578102189781,27.428,12.978,9.256175182481753,1361.202,0,0,0,AAS2020_Table_6_1,official_aggregate,sub_region,sub_region,production_mt_divided_by_area_harvested_ha,2020,first_season,False,False,False,surveyed_seasonal_block,True,CHIRPS_v2.0_daily_via_ClimateSERV,NASA_POWER_daily,not_included,none,30,,soil_not_included_for_milestone,aas-chirps-v1,uganda_crop_model-0.2.0
Kigezi,2020,first_season,rice,1.457131297713486,1.3267390054998156,0.9105143836946743,2891.3639114305306,2632.6284298531923,3836.085280389399,76.03800828186048,77.13458499364732,72.10755951531367,423.73072546646006,3.092925003404818,64,12,1,53.299984741210935,75.2753701210022,19,1.108959742773348,2020-03-16,2020-06-23,76,175,100,19.93578102189781,27.428,12.978,9.256175182481753,1361.202,0,0,0,AAS2020_Table_6_1,official_aggregate,sub_region,sub_region,production_mt_divided_by_area_harvested_ha,2020,first_season,False,False,False,surveyed_seasonal_block,True,CHIRPS_v2.0_daily_via_ClimateSERV,NASA_POWER_daily,not_included,none,30,,soil_not_included_for_milestone,aas-chirps-v1,uganda_crop_model-0.2.0
Kigezi,2020,first_season,sorghum,0.9963816683569464,0.9009369499609119,0.9042086768282029,19727.559268904995,17837.830263586537,17773.287077900382,17.789166504331863,17.898580371874708,20.20354137602428,423.73072546646006,3.092925003404818,64,12,1,53.299984741210935,75.2753701210022,19,1.108959742773348,2020-03-16,2020-06-23,76,175,100,19.93578102189781,27.428,12.978,9.256175182481753,1361.202,0,0,0,AAS2020_Table_6_1,official_aggregate,sub_region,sub_region,production_mt_divided_by_area_harvested_ha,2020,first_season,False,False,False,surveyed_seasonal_block,True,CHIRPS_v2.0_daily_via_ClimateSERV,NASA_POWER_daily,not_included,none,30,,soil_not_included_for_milestone,aas-chirps-v1,uganda_crop_model-0.2.0
Kigezi,2020,first_season,soya_beans,0.5069027622936974,0.14623648730982153,0.28849021585148255,135.30976625433686,39.03554367352729,19.78722491574725,83.92346966240831,71.41166005198659,87.27561339824184,423.73072546646006,3.092925003404818,64,12,1,53.299984741210935,75.2753701210022,19,1.108959742773348,2020-03-16,2020-06-23,76,175,100,19.93578102189781,27.428,12.978,9.256175182481753,1361.202,0,0,0,AAS2020_Table_6_1,official_aggregate,sub_region,sub_region,production_mt_divided_by_area_harvested_ha,2020,first_season,False,False,False,surveyed_seasonal_block,True,CHIRPS_v2.0_daily_via_ClimateSERV,NASA_POWER_daily,not_included,none,30,,soil_not_included_for_milestone,aas-chirps-v1,uganda_crop_model-0.2.0
Kigezi,2020,first_season,sweet_potatoes,3.68073317352751,2.6222057917649075,0.7124139860569844,11545.908492895353,8225.466692072767,30275.748121257828,14.929221067572024,17.01315203932117,15.105147354256912,423.73072546646006,3.092925003404818,64,12,1,53.299984741210935,75.2753701210022,19,1.108959742773348,2020-03-16,2020-06-23,76,175,100,19.93578102189781,27.428,12.978,9.256175182481753,1361.202,0,0,0,AAS2020_Table_6_1,official_aggregate,sub_region,sub_region,production_mt_divided_by_area_harvested_ha,2020,first_season,False,False,False,surveyed_seasonal_block,True,CHIRPS_v2.0_daily_via_ClimateSERV,NASA_POWER_daily,not_included,none,30,,soil_not_included_for_milestone,aas-chirps-v1,uganda_crop_model-0.2.0
Kigezi,2020,second_season,beans,1.2309422257456628,0.7137553132392691,0.5798446899543969,30449.83150750389,17656.17310963222,21733.729025721404,11.411649702629768,12.575230951801167,16.720821346428703,527.7183093346655,4.2903927588184185,80,16,5,29.34966087341309,65.46480050086976,4,0.9418999996279661,2020-09-23,2020-12-13,267,348,82,20.08734959349594,27.876,11.892,9.756878048780491,1240.7440000000001,0,0,0,AAS2020_Table_6_1,official_aggregate,sub_region,sub_region,production_mt_divided_by_area_harvested_ha,2020,second_season,False,False,False,surveyed_seasonal_block,True,CHIRPS_v2.0_daily_via_ClimateSERV,NASA_POWER_daily,not_included,none,30,,soil_not_included_for_milestone,aas-chirps-v1,uganda_crop_model-0.2.0
Kigezi,2020,second_season,groundnuts,0.7496304931127425,0.4249869408135928,0.5669285664312962,2415.1814015484115,1369.2353296513695,1026.4205553539448,33.11515729192193,38.71160221698355,36.33604888685081,527.7183093346655,4.2903927588184185,80,16,5,29.34966087341309,65.46480050086976,4,0.9418999996279661,2020-09-23,2020-12-13,267,348,82,20.08734959349594,27.876,11.892,9.756878048780491,1240.7440000000001,0,0,0,AAS2020_Table_6_1,official_aggregate,sub_region,sub_region,production_mt_divided_by_area_harvested_ha,2020,second_season,False,False,False,surveyed_seasonal_block,True,CHIRPS_v2.0_daily_via_ClimateSERV,NASA_POWER_daily,not_included,none,30,,soil_not_included_for_milestone,aas-chirps-v1,uganda_crop_model-0.2.0
Kigezi,2020,second_season,irish_potatoes,7.829884297424306,3.8895656960240474,0.49675902583944265,8434.221330587332,4189.775571896811,32805.45796012678,30.484995621498328,28.543158751006587,29.702810005152525,527.7183093346655,4.2903927588184185,80,16,5,29.34966087341309,65.46480050086976,4,0.9418999996279661,2020-09-23,2020-12-13,267,348,82,20.08734959349594,27.876,11.892,9.756878048780491,1240.7440000000001,0,0,0,AAS2020_Table_6_1,official_aggregate,sub_region,sub_region,production_mt_divided_by_area_harvested_ha,2020,second_season,False,False,False,surveyed_seasonal_block,True,CHIRPS_v2.0_daily_via_ClimateSERV,NASA_POWER_daily,not_included,none,30,,soil_not_included_for_milestone,aas-chirps-v1,uganda_crop_model-0.2.0
Kigezi,2020,second_season,maize,4.580426866194772,1.658375609870581,0.36205699999491325,9892.739728998818,3581.735668011803,16405.878281369343,23.034586873294348,18.717003393404777,25.934220948867157,527.7183093346655,4.2903927588184185,80,16,5,29.34966087341309,65.46480050086976,4,0.9418999996279661,2020-09-23,2020-12-13,267,348,82,20.08734959349594,27.876,11.892,9.756878048780491,1240.7440000000001,0,0,0,AAS2020_Table_6_1,official_aggregate,sub_region,sub_region,production_mt_divided_by_area_harvested_ha,2020,second_season,False,False,False,surveyed_seasonal_block,True,CHIRPS_v2.0_daily_via_ClimateSERV,NASA_POWER_daily,not_included,none,30,,soil_not_included_for_milestone,aas-chirps-v1,uganda_crop_model-0.2.0
Kigezi,2020,second_season,millet,0.96011465247634,0.5266451118450363,0.5485231482372511,10104.947005562886,5542.797344261938,5321.720945932831,25.372635138207745,20.386654601191704,26.471144666202512,527.7183093346655,4.2903927588184185,80,16,5,29.34966087341309,65.46480050086976,4,0.9418999996279661,2020-09-23,2020-12-13,267,348,82,20.08734959349594,27.876,11.892,9.756878048780491,1240.7440000000001,0,0,0,AAS2020_Table_6_1,official_aggregate,sub_region,sub_region,production_mt_divided_by_area_harvested_ha,2020,second_season,False,False,False,surveyed_seasonal_block,True,CHIRPS_v2.0_daily_via_ClimateSERV,NASA_POWER_daily,not_included,none,30,,soil_not_included_for_milestone,aas-chirps-v1,uganda_crop_model-0.2.0
Kigezi,2020,second_season,rice,3.9665147471124236,2.444131377686221,0.616191173741512,4416.796557671982,2721.591055049368,10795.231055462578,77.61323667047691,67.86683928537428,80.3267390890549,527.7183093346655,4.2903927588184185,80,16,5,29.34966087341309,65.46480050086976,4,0.9418999996279661,2020-09-23,2020-12-13,267,348,82,20.08734959349594,27.876,11.892,9.756878048780491,1240.7440000000001,0,0,0,AAS2020_Table_6_1,official_aggregate,sub_region,sub_region,production_mt_divided_by_area_harvested_ha,2020,second_season,False,False,False,surveyed_seasonal_block,True,CHIRPS_v2.0_daily_via_ClimateSERV,NASA_POWER_daily,not_included,none,30,,soil_not_included_for_milestone,aas-chirps-v1,uganda_crop_model-0.2.0
Kigezi,2020,second_season,sorghum,0.9034020239226584,0.5888165565839234,0.6517768844785461,777.5559512149928,506.7929953906604,457.83781774574913,30.526468147823817,31.74017373508357,31.460748679803054,527.7183093346655,4.2903927588184185,80,16,5,29.34966087341309,65.46480050086976,4,0.9418999996279661,2020-09-23,2020-12-13,267,348,82,20.08734959349594,27.876,11.892,9.756878048780491,1240.7440000000001,0,0,0,AAS2020_Table_6_1,official_aggregate,sub_region,sub_region,production_mt_divided_by_area_harvested_ha,2020,second_season,False,False,False,surveyed_seasonal_block,True,CHIRPS_v2.0_daily_via_ClimateSERV,NASA_POWER_daily,not_included,none,30,,soil_not_included_for_milestone,aas-chirps-v1,uganda_crop_model-0.2.0
Kigezi,2020,second_season,soya_beans,44.29863915774654,0.5448680603717253,0.01229988258626775,60.90817954311158,0.7491634569235877,33.186921648428005,53.68267040321071,99.99999999999986,63.41213463841628,527.7183093346655,4.2903927588184185,80,16,5,29.34966087341309,65.46480050086976,4,0.9418999996279661,2020-09-23,2020-12-13,267,348,82,20.08734959349594,27.876,11.892,9.756878048780491,1240.7440000000001,0,0,0,AAS2020_Table_6_1,official_aggregate,sub_region,sub_region,production_mt_divided_by_area_harvested_ha,2020,second_season,False,False,False,surveyed_seasonal_block,True,CHIRPS_v2.0_daily_via_ClimateSERV,NASA_POWER_daily,not_included,none,30,,soil_not_included_for_milestone,aas-chirps-v1,uganda_crop_model-0.2.0
Kigezi,2020,second_season,sweet_potatoes,7.307468270304063,2.694029156856735,0.3686679239928655,11697.511110711192,4312.497137069374,31513.43599491156,12.307644219242816,13.998513638546434,21.33981590364573,527.7183093346655,4.2903927588184185,80,16,5,29.34966087341309,65.46480050086976,4,0.9418999996279661,2020-09-23,2020-12-13,267,348,82,20.08734959349594,27.876,11.892,9.756878048780491,1240.7440000000001,0,0,0,AAS2020_Table_6_1,official_aggregate,sub_region,sub_region,production_mt_divided_by_area_harvested_ha,2020,second_season,False,False,False,surveyed_seasonal_block,True,CHIRPS_v2.0_daily_via_ClimateSERV,NASA_POWER_daily,not_included,none,30,,soil_not_included_for_milestone,aas-chirps-v1,uganda_crop_model-0.2.0
Lango,2018,annual,beans,0.3,0.368373714614222,0.3301158122154534,107847.0,35602.0,39728.0,,,15.7,1452.5022938729498,3.9794583393779446,204,54,4,28.020235538482662,67.19821238517761,49,0.7443255564760712,2018-03-02,2018-12-17,61,351,291,25.034402397260276,37.29625,16.56,11.033660958904104,5487.556875,127,30,0,AAS2018_Annex4,official_aggregate,sub_region,sub_region,published_official_subregion_yield_over_harvested,2018,annual,False,False,False,published_annual_aggregate_total_and_s2_harvested_area,False,CHIRPS_v2.0_daily_via_ClimateSERV,NASA_POWER_daily,not_included,none,30,,soil_not_included_for_milestone,aas-chirps-v1,uganda_crop_model-0.2.0
Lango,2018,annual,groundnuts,0.3,0.382695004261637,0.35531054961370323,36371.0,12923.0,13919.0,,,25.6,1452.5022938729498,3.9794583393779446,204,54,4,28.020235538482662,67.19821238517761,49,0.7443255564760712,2018-03-02,2018-12-17,61,351,291,25.034402397260276,37.29625,16.56,11.033660958904104,5487.556875,127,30,0,AAS2018_Annex4,official_aggregate,sub_region,sub_region,published_official_subregion_yield_over_harvested,2018,annual,False,False,False,published_annual_aggregate_total_and_s2_harvested_area,False,CHIRPS_v2.0_daily_via_ClimateSERV,NASA_POWER_daily,not_included,none,30,,soil_not_included_for_milestone,aas-chirps-v1,uganda_crop_model-0.2.0
Lango,2018,annual,maize,1.3,1.2901204819277108,0.4057831325301205,211650.0,85884.0,273054.0,,,18.3,1452.5022938729498,3.9794583393779446,204,54,4,28.020235538482662,67.19821238517761,49,0.7443255564760712,2018-03-02,2018-12-17,61,351,291,25.034402397260276,37.29625,16.56,11.033660958904104,5487.556875,127,30,0,AAS2018_Annex4,official_aggregate,sub_region,sub_region,published_official_subregion_yield_over_harvested,2018,annual,False,False,False,published_annual_aggregate_total_and_s2_harvested_area,False,CHIRPS_v2.0_daily_via_ClimateSERV,NASA_POWER_daily,not_included,none,30,,soil_not_included_for_milestone,aas-chirps-v1,uganda_crop_model-0.2.0
Lango,2018,annual,millet,0.4,0.34615287428932406,0.20525584333543903,39575.0,8123.0,13699.0,,,39.0,1452.5022938729498,3.9794583393779446,204,54,4,28.020235538482662,67.19821238517761,49,0.7443255564760712,2018-03-02,2018-12-17,61,351,291,25.034402397260276,37.29625,16.56,11.033660958904104,5487.556875,127,30,0,AAS2018_Annex4,official_aggregate,sub_region,sub_region,published_official_subregion_yield_over_harvested,2018,annual,False,False,False,published_annual_aggregate_total_and_s2_harvested_area,False,CHIRPS_v2.0_daily_via_ClimateSERV,NASA_POWER_daily,not_included,none,30,,soil_not_included_for_milestone,aas-chirps-v1,uganda_crop_model-0.2.0
Lango,2018,annual,rice,0.6,0.7124961176105187,0.49886116575214823,19318.0,9637.0,13764.0,,,43.2,1452.5022938729498,3.9794583393779446,204,54,4,28.020235538482662,67.19821238517761,49,0.7443255564760712,2018-03-02,2018-12-17,61,351,291,25.034402397260276,37.29625,16.56,11.033660958904104,5487.556875,127,30,0,AAS2018_Annex4,official_aggregate,sub_region,sub_region,published_official_subregion_yield_over_harvested,2018,annual,False,False,False,published_annual_aggregate_total_and_s2_harvested_area,False,CHIRPS_v2.0_daily_via_ClimateSERV,NASA_POWER_daily,not_included,none,30,,soil_not_included_for_milestone,aas-chirps-v1,uganda_crop_model-0.2.0
Lango,2018,annual,simsim,0.2,0.2277969190466699,0.632378484580996,70238.0,44417.0,16000.0,,,22.3,1452.5022938729498,3.9794583393779446,204,54,4,28.020235538482662,67.19821238517761,49,0.7443255564760712,2018-03-02,2018-12-17,61,351,291,25.034402397260276,37.29625,16.56,11.033660958904104,5487.556875,127,30,0,AAS2018_Annex4,official_aggregate,sub_region,sub_region,published_official_subregion_yield_over_harvested,2018,annual,False,False,False,published_annual_aggregate_total_and_s2_harvested_area,False,CHIRPS_v2.0_daily_via_ClimateSERV,NASA_POWER_daily,not_included,none,30,,soil_not_included_for_milestone,aas-chirps-v1,uganda_crop_model-0.2.0
Lango,2018,annual,sorghum,0.3,0.3063214852736286,0.5810841460648674,30863.0,17934.0,9454.0,,,17.9,1452.5022938729498,3.9794583393779446,204,54,4,28.020235538482662,67.19821238517761,49,0.7443255564760712,2018-03-02,2018-12-17,61,351,291,25.034402397260276,37.29625,16.56,11.033660958904104,5487.556875,127,30,0,AAS2018_Annex4,official_aggregate,sub_region,sub_region,published_official_subregion_yield_over_harvested,2018,annual,False,False,False,published_annual_aggregate_total_and_s2_harvested_area,False,CHIRPS_v2.0_daily_via_ClimateSERV,NASA_POWER_daily,not_included,none,30,,soil_not_included_for_milestone,aas-chirps-v1,uganda_crop_model-0.2.0
Lango,2018,annual,soya_beans,0.5,0.7320112024859227,0.3528486179972093,101049.0,35655.0,73969.0,,,21.5,1452.5022938729498,3.9794583393779446,204,54,4,28.020235538482662,67.19821238517761,49,0.7443255564760712,2018-03-02,2018-12-17,61,351,291,25.034402397260276,37.29625,16.56,11.033660958904104,5487.556875,127,30,0,AAS2018_Annex4,official_aggregate,sub_region,sub_region,published_official_subregion_yield_over_harvested,2018,annual,False,False,False,published_annual_aggregate_total_and_s2_harvested_area,False,CHIRPS_v2.0_daily_via_ClimateSERV,NASA_POWER_daily,not_included,none,30,,soil_not_included_for_milestone,aas-chirps-v1,uganda_crop_model-0.2.0
Lango,2018,annual,sweet_potatoes,3.6,2.9413336182945073,0.6603173755075871,37432.0,24717.0,110100.0,,,13.9,1452.5022938729498,3.9794583393779446,204,54,4,28.020235538482662,67.19821238517761,49,0.7443255564760712,2018-03-02,2018-12-17,61,351,291,25.034402397260276,37.29625,16.56,11.033660958904104,5487.556875,127,30,0,AAS2018_Annex4,official_aggregate,sub_region,sub_region,published_official_subregion_yield_over_harvested,2018,annual,False,False,False,published_annual_aggregate_total_and_s2_harvested_area,False,CHIRPS_v2.0_daily_via_ClimateSERV,NASA_POWER_daily,not_included,none,30,,soil_not_included_for_milestone,aas-chirps-v1,uganda_crop_model-0.2.0
Lango,2020,first_season,beans,0.4538514483659436,0.4225646016496168,0.931063684320117,68830.3902822737,64085.47676940533,29085.28645101664,10.533820828593791,11.09889447201017,12.205720920813516,629.6462391130626,4.595957949730384,106,16,1,20.20732343196869,49.72837895154953,4,0.6489764734505596,2020-03-07,2020-07-15,67,197,131,23.52209397810219,34.26,16.85125,8.588129562043793,1852.526875,8,0,0,AAS2020_Table_6_1,official_aggregate,sub_region,sub_region,production_mt_divided_by_area_harvested_ha,2020,first_season,False,False,False,surveyed_seasonal_block,True,CHIRPS_v2.0_daily_via_ClimateSERV,NASA_POWER_daily,not_included,none,30,,soil_not_included_for_milestone,aas-chirps-v1,uganda_crop_model-0.2.0
Lango,2020,first_season,groundnuts,0.3602760666772656,0.34570580811773083,0.9595580725250151,22038.4938439674,21147.21467427177,7618.835324026386,19.76960637512548,19.90276320862997,18.478829897822116,629.6462391130626,4.595957949730384,106,16,1,20.20732343196869,49.72837895154953,4,0.6489764734505596,2020-03-07,2020-07-15,67,197,131,23.52209397810219,34.26,16.85125,8.588129562043793,1852.526875,8,0,0,AAS2020_Table_6_1,official_aggregate,sub_region,sub_region,production_mt_divided_by_area_harvested_ha,2020,first_season,False,False,False,surveyed_seasonal_block,True,CHIRPS_v2.0_daily_via_ClimateSERV,NASA_POWER_daily,not_included,none,30,,soil_not_included_for_milestone,aas-chirps-v1,uganda_crop_model-0.2.0
Lango,2020,first_season,maize,1.5321273000173696,1.4895923738594221,0.9722379947426919,69185.29275555443,67264.57029434633,103057.8844719054,15.14678643986634,14.909516987867702,15.107604414408504,629.6462391130626,4.595957949730384,106,16,1,20.20732343196869,49.72837895154953,4,0.6489764734505596,2020-03-07,2020-07-15,67,197,131,23.52209397810219,34.26,16.85125,8.588129562043793,1852.526875,8,0,0,AAS2020_Table_6_1,official_aggregate,sub_region,sub_region,production_mt_divided_by_area_harvested_ha,2020,first_season,False,False,False,surveyed_seasonal_block,True,CHIRPS_v2.0_daily_via_ClimateSERV,NASA_POWER_daily,not_included,none,30,,soil_not_included_for_milestone,aas-chirps-v1,uganda_crop_model-0.2.0
Lango,2020,first_season,millet,0.32459090821806835,0.32459090821806835,1.0,17720.560256455905,17720.560256455905,5751.932747776028,26.275680012051204,26.27568001205121,24.92864433834099,629.6462391130626,4.595957949730384,106,16,1,20.20732343196869,49.72837895154953,4,0.6489764734505596,2020-03-07,2020-07-15,67,197,131,23.52209397810219,34.26,16.85125,8.588129562043793,1852.526875,8,0,0,AAS2020_Table_6_1,official_aggregate,sub_region,sub_region,production_mt_divided_by_area_harvested_ha,2020,first_season,False,False,False,surveyed_seasonal_block,True,CHIRPS_v2.0_daily_via_ClimateSERV,NASA_POWER_daily,not_included,none,30,,soil_not_included_for_milestone,aas-chirps-v1,uganda_crop_model-0.2.0
Lango,2020,first_season,rice,1.0257917523061892,0.6982633256284182,0.6807067068521263,8001.641344027296,5446.770928704643,5587.2526953663455,44.06287544297924,48.07043004308742,40.65406338828159,629.6462391130626,4.595957949730384,106,16,1,20.20732343196869,49.72837895154953,4,0.6489764734505596,2020-03-07,2020-07-15,67,197,131,23.52209397810219,34.26,16.85125,8.588129562043793,1852.526875,8,0,0,AAS2020_Table_6_1,official_aggregate,sub_region,sub_region,production_mt_divided_by_area_harvested_ha,2020,first_season,False,False,False,surveyed_seasonal_block,True,CHIRPS_v2.0_daily_via_ClimateSERV,NASA_POWER_daily,not_included,none,30,,soil_not_included_for_milestone,aas-chirps-v1,uganda_crop_model-0.2.0
Lango,2020,first_season,simsim,0.35986023841894527,0.33745092438737945,0.9377277297152314,24620.38429653048,23087.217071102063,8308.171439636732,26.247456047406807,27.083993615086865,28.586312066462234,629.6462391130626,4.595957949730384,106,16,1,20.20732343196869,49.72837895154953,4,0.6489764734505596,2020-03-07,2020-07-15,67,197,131,23.52209397810219,34.26,16.85125,8.588129562043793,1852.526875,8,0,0,AAS2020_Table_6_1,official_aggregate,sub_region,sub_region,production_mt_divided_by_area_harvested_ha,2020,first_season,False,False,False,surveyed_seasonal_block,True,CHIRPS_v2.0_daily_via_ClimateSERV,NASA_POWER_daily,not_included,none,30,,soil_not_included_for_milestone,aas-chirps-v1,uganda_crop_model-0.2.0
Lango,2020,first_season,sorghum,0.5398912763008505,0.4120421126556627,0.7631946111054686,4163.428431794878,3177.506142869143,1715.5078469274142,40.95980792721387,42.17752648559576,35.29226078755473,629.6462391130626,4.595957949730384,106,16,1,20.20732343196869,49.72837895154953,4,0.6489764734505596,2020-03-07,2020-07-15,67,197,131,23.52209397810219,34.26,16.85125,8.588129562043793,1852.526875,8,0,0,AAS2020_Table_6_1,official_aggregate,sub_region,sub_region,production_mt_divided_by_area_harvested_ha,2020,first_season,False,False,False,surveyed_seasonal_block,True,CHIRPS_v2.0_daily_via_ClimateSERV,NASA_POWER_daily,not_included,none,30,,soil_not_included_for_milestone,aas-chirps-v1,uganda_crop_model-0.2.0
Lango,2020,first_season,soya_beans,0.6956216106623382,0.6825483696997566,0.9812063904252,100756.54648747016,98862.96729067946,68771.2165416005,16.25119328289573,16.518564123154423,17.16481330277448,629.6462391130626,4.595957949730384,106,16,1,20.20732343196869,49.72837895154953,4,0.6489764734505596,2020-03-07,2020-07-15,67,197,131,23.52209397810219,34.26,16.85125,8.588129562043793,1852.526875,8,0,0,AAS2020_Table_6_1,official_aggregate,sub_region,sub_region,production_mt_divided_by_area_harvested_ha,2020,first_season,False,False,False,surveyed_seasonal_block,True,CHIRPS_v2.0_daily_via_ClimateSERV,NASA_POWER_daily,not_included,none,30,,soil_not_included_for_milestone,aas-chirps-v1,uganda_crop_model-0.2.0
Lango,2020,first_season,sweet_potatoes,4.627154243214652,3.0204980303335263,0.6527766034086379,13382.639796042986,8735.874150702206,40422.2371446109,16.844753488658355,18.950486285089312,19.83491520010831,629.6462391130626,4.595957949730384,106,16,1,20.20732343196869,49.72837895154953,4,0.6489764734505596,2020-03-07,2020-07-15,67,197,131,23.52209397810219,34.26,16.85125,8.588129562043793,1852.526875,8,0,0,AAS2020_Table_6_1,official_aggregate,sub_region,sub_region,production_mt_divided_by_area_harvested_ha,2020,first_season,False,False,False,surveyed_seasonal_block,True,CHIRPS_v2.0_daily_via_ClimateSERV,NASA_POWER_daily,not_included,none,30,,soil_not_included_for_milestone,aas-chirps-v1,uganda_crop_model-0.2.0
Lango,2020,second_season,beans,0.9979898086925608,0.4386254884720302,0.43950898561445373,31064.7232123575,13653.22498745702,13625.779393268724,18.810679879793177,18.484650807736443,18.973159005724145,646.7427622675896,5.258071237947883,89,20,3,25.378374934196472,58.08967339992523,7,0.6870440587237131,2020-08-15,2020-12-09,228,344,117,23.315675813008134,31.4025,15.42625,9.729054878048778,1637.828125,0,0,0,AAS2020_Table_6_1,official_aggregate,sub_region,sub_region,production_mt_divided_by_area_harvested_ha,2020,second_season,False,False,False,surveyed_seasonal_block,True,CHIRPS_v2.0_daily_via_ClimateSERV,NASA_POWER_daily,not_included,none,30,,soil_not_included_for_milestone,aas-chirps-v1,uganda_crop_model-0.2.0
Lango,2020,second_season,groundnuts,0.6658246650132922,0.37940265910407733,0.5698236773738371,9851.57286890081,5613.659480073382,3737.7129428185513,28.61826798917365,34.05704815462972,37.24920077892364,646.7427622675896,5.258071237947883,89,20,3,25.378374934196472,58.08967339992523,7,0.6870440587237131,2020-08-15,2020-12-09,228,344,117,23.315675813008134,31.4025,15.42625,9.729054878048778,1637.828125,0,0,0,AAS2020_Table_6_1,official_aggregate,sub_region,sub_region,production_mt_divided_by_area_harvested_ha,2020,second_season,False,False,False,surveyed_seasonal_block,True,CHIRPS_v2.0_daily_via_ClimateSERV,NASA_POWER_daily,not_included,none,30,,soil_not_included_for_milestone,aas-chirps-v1,uganda_crop_model-0.2.0
Lango,2020,second_season,maize,2.9489717758099068,1.4266889913384897,0.48379201287766255,137032.14525612045,66295.05738240275,195502.2530964039,11.73544245354198,13.95645092152128,14.755382612409312,646.7427622675896,5.258071237947883,89,20,3,25.378374934196472,58.08967339992523,7,0.6870440587237131,2020-08-15,2020-12-09,228,344,117,23.315675813008134,31.4025,15.42625,9.729054878048778,1637.828125,0,0,0,AAS2020_Table_6_1,official_aggregate,sub_region,sub_region,production_mt_divided_by_area_harvested_ha,2020,second_season,False,False,False,surveyed_seasonal_block,True,CHIRPS_v2.0_daily_via_ClimateSERV,NASA_POWER_daily,not_included,none,30,,soil_not_included_for_milestone,aas-chirps-v1,uganda_crop_model-0.2.0
Lango,2020,second_season,millet,0.35916200929579406,0.21684090007472573,0.6037411932845678,5409.093518168776,3265.692575247038,1172.9127070680822,35.09330464328961,49.08242824298699,44.89861570750599,646.7427622675896,5.258071237947883,89,20,3,25.378374934196472,58.08967339992523,7,0.6870440587237131,2020-08-15,2020-12-09,228,344,117,23.315675813008134,31.4025,15.42625,9.729054878048778,1637.828125,0,0,0,AAS2020_Table_6_1,official_aggregate,sub_region,sub_region,production_mt_divided_by_area_harvested_ha,2020,second_season,False,False,False,surveyed_seasonal_block,True,CHIRPS_v2.0_daily_via_ClimateSERV,NASA_POWER_daily,not_included,none,30,,soil_not_included_for_milestone,aas-chirps-v1,uganda_crop_model-0.2.0
Lango,2020,second_season,rice,1.516949718283846,0.9192439196002297,0.6059817992122953,7686.930253915823,4658.139825687337,7066.16389630317,33.61309351846652,38.5371899140378,39.106394288151066,646.7427622675896,5.258071237947883,89,20,3,25.378374934196472,58.08967339992523,7,0.6870440587237131,2020-08-15,2020-12-09,228,344,117,23.315675813008134,31.4025,15.42625,9.729054878048778,1637.828125,0,0,0,AAS2020_Table_6_1,official_aggregate,sub_region,sub_region,production_mt_divided_by_area_harvested_ha,2020,second_season,False,False,False,surveyed_seasonal_block,True,CHIRPS_v2.0_daily_via_ClimateSERV,NASA_POWER_daily,not_included,none,30,,soil_not_included_for_milestone,aas-chirps-v1,uganda_crop_model-0.2.0
Lango,2020,second_season,simsim,0.4067343534390761,0.25188124716132665,0.6192770417142929,33926.00945049996,21009.598769676755,8545.325571598883,19.27301964090073,21.202843100364444,22.32518916320733,646.7427622675896,5.258071237947883,89,20,3,25.378374934196472,58.08967339992523,7,0.6870440587237131,2020-08-15,2020-12-09,228,344,117,23.315675813008134,31.4025,15.42625,9.729054878048778,1637.828125,0,0,0,AAS2020_Table_6_1,official_aggregate,sub_region,sub_region,production_mt_divided_by_area_harvested_ha,2020,second_season,False,False,False,surveyed_seasonal_block,True,CHIRPS_v2.0_daily_via_ClimateSERV,NASA_POWER_daily,not_included,none,30,,soil_not_included_for_milestone,aas-chirps-v1,uganda_crop_model-0.2.0
Lango,2020,second_season,sorghum,2.142946828492448,0.61174504344835,0.2854690724541725,7059.605936318313,2015.299158532759,4318.678940241276,29.07084192939732,59.292139119488354,28.60635719649589,646.7427622675896,5.258071237947883,89,20,3,25.378374934196472,58.08967339992523,7,0.6870440587237131,2020-08-15,2020-12-09,228,344,117,23.315675813008134,31.4025,15.42625,9.729054878048778,1637.828125,0,0,0,AAS2020_Table_6_1,official_aggregate,sub_region,sub_region,production_mt_divided_by_area_harvested_ha,2020,second_season,False,False,False,surveyed_seasonal_block,True,CHIRPS_v2.0_daily_via_ClimateSERV,NASA_POWER_daily,not_included,none,30,,soil_not_included_for_milestone,aas-chirps-v1,uganda_crop_model-0.2.0
Lango,2020,second_season,soya_beans,1.5236675808652385,0.863197334309712,0.5665260225721491,23340.53856730227,13223.022479225603,20147.490672648342,22.678175464894863,21.333897374208927,24.85764818091678,646.7427622675896,5.258071237947883,89,20,3,25.378374934196472,58.08967339992523,7,0.6870440587237131,2020-08-15,2020-12-09,228,344,117,23.315675813008134,31.4025,15.42625,9.729054878048778,1637.828125,0,0,0,AAS2020_Table_6_1,official_aggregate,sub_region,sub_region,production_mt_divided_by_area_harvested_ha,2020,second_season,False,False,False,surveyed_seasonal_block,True,CHIRPS_v2.0_daily_via_ClimateSERV,NASA_POWER_daily,not_included,none,30,,soil_not_included_for_milestone,aas-chirps-v1,uganda_crop_model-0.2.0
Lango,2020,second_season,sweet_potatoes,14.045356396131785,7.119975882163775,0.506927391612838,7706.0853122741155,3906.425726897119,54867.14156928821,14.83512579371322,20.06352911939188,14.182772648364658,646.7427622675896,5.258071237947883,89,20,3,25.378374934196472,58.08967339992523,7,0.6870440587237131,2020-08-15,2020-12-09,228,344,117,23.315675813008134,31.4025,15.42625,9.729054878048778,1637.828125,0,0,0,AAS2020_Table_6_1,official_aggregate,sub_region,sub_region,production_mt_divided_by_area_harvested_ha,2020,second_season,False,False,False,surveyed_seasonal_block,True,CHIRPS_v2.0_daily_via_ClimateSERV,NASA_POWER_daily,not_included,none,30,,soil_not_included_for_milestone,aas-chirps-v1,uganda_crop_model-0.2.0
North Buganda,2018,annual,beans,0.6,0.6633893015998696,0.43924920239398246,214705.0,94309.0,142433.0,,,14.4,1428.5356517447667,3.913796306150046,232,41,1,21.855369611219928,72.85702883113515,18,0.7904018613495304,2018-03-02,2018-07-16,61,197,137,23.203494396014943,34.91,15.481818181818182,9.237205479452054,4819.2754545454545,29,0,0,AAS2018_Annex4,official_aggregate,sub_region,sub_region,published_official_subregion_yield_over_harvested,2018,annual,False,False,False,published_annual_aggregate_total_and_s2_harvested_area,False,CHIRPS_v2.0_daily_via_ClimateSERV,NASA_POWER_daily,not_included,none,30,,soil_not_included_for_milestone,aas-chirps-v1,uganda_crop_model-0.2.0
North Buganda,2018,annual,groundnuts,0.6,0.5229497804803607,0.37395816213931865,42593.0,15928.0,22274.0,,,17.5,1428.5356517447667,3.913796306150046,232,41,1,21.855369611219928,72.85702883113515,18,0.7904018613495304,2018-03-02,2018-07-16,61,197,137,23.203494396014943,34.91,15.481818181818182,9.237205479452054,4819.2754545454545,29,0,0,AAS2018_Annex4,official_aggregate,sub_region,sub_region,published_official_subregion_yield_over_harvested,2018,annual,False,False,False,published_annual_aggregate_total_and_s2_harvested_area,False,CHIRPS_v2.0_daily_via_ClimateSERV,NASA_POWER_daily,not_included,none,30,,soil_not_included_for_milestone,aas-chirps-v1,uganda_crop_model-0.2.0
North Buganda,2018,annual,irish_potatoes,3.8,3.7795777008155516,0.6378058317506424,8951.0,5709.0,33831.0,,,38.0,1428.5356517447667,3.913796306150046,232,41,1,21.855369611219928,72.85702883113515,18,0.7904018613495304,2018-03-02,2018-07-16,61,197,137,23.203494396014943,34.91,15.481818181818182,9.237205479452054,4819.2754545454545,29,0,0,AAS2018_Annex4,official_aggregate,sub_region,sub_region,published_official_subregion_yield_over_harvested,2018,annual,False,False,False,published_annual_aggregate_total_and_s2_harvested_area,False,CHIRPS_v2.0_daily_via_ClimateSERV,NASA_POWER_daily,not_included,none,30,,soil_not_included_for_milestone,aas-chirps-v1,uganda_crop_model-0.2.0
North Buganda,2018,annual,maize,2.1,1.4712611175900296,0.2642649393713732,569368.0,150464.0,837689.0,,,20.4,1428.5356517447667,3.913796306150046,232,41,1,21.855369611219928,72.85702883113515,18,0.7904018613495304,2018-03-02,2018-07-16,61,197,137,23.203494396014943,34.91,15.481818181818182,9.237205479452054,4819.2754545454545,29,0,0,AAS2018_Annex4,official_aggregate,sub_region,sub_region,published_official_subregion_yield_over_harvested,2018,annual,False,False,False,published_annual_aggregate_total_and_s2_harvested_area,False,CHIRPS_v2.0_daily_via_ClimateSERV,NASA_POWER_daily,not_included,none,30,,soil_not_included_for_milestone,aas-chirps-v1,uganda_crop_model-0.2.0
North Buganda,2018,annual,millet,0.5,0.4514991181657848,0.2515432098765432,4536.0,1141.0,2048.0,,,58.5,1428.5356517447667,3.913796306150046,232,41,1,21.855369611219928,72.85702883113515,18,0.7904018613495304,2018-03-02,2018-07-16,61,197,137,23.203494396014943,34.91,15.481818181818182,9.237205479452054,4819.2754545454545,29,0,0,AAS2018_Annex4,official_aggregate,sub_region,sub_region,published_official_subregion_yield_over_harvested,2018,annual,False,False,False,published_annual_aggregate_total_and_s2_harvested_area,False,CHIRPS_v2.0_daily_via_ClimateSERV,NASA_POWER_daily,not_included,none,30,,soil_not_included_for_milestone,aas-chirps-v1,uganda_crop_model-0.2.0
North Buganda,2018,annual,rice,0.7,0.7354625764488885,0.5723716144063683,10301.0,5896.0,7576.0,,,55.0,1428.5356517447667,3.913796306150046,232,41,1,21.855369611219928,72.85702883113515,18,0.7904018613495304,2018-03-02,2018-07-16,61,197,137,23.203494396014943,34.91,15.481818181818182,9.237205479452054,4819.2754545454545,29,0,0,AAS2018_Annex4,official_aggregate,sub_region,sub_region,published_official_subregion_yield_over_harvested,2018,annual,False,False,False,published_annual_aggregate_total_and_s2_harvested_area,False,CHIRPS_v2.0_daily_via_ClimateSERV,NASA_POWER_daily,not_included,none,30,,soil_not_included_for_milestone,aas-chirps-v1,uganda_crop_model-0.2.0
North Buganda,2018,annual,simsim,0.5,,,,198.0,303.0,,,65.9,1428.5356517447667,3.913796306150046,232,41,1,21.855369611219928,72.85702883113515,18,0.7904018613495304,2018-03-02,2018-07-16,61,197,137,23.203494396014943,34.91,15.481818181818182,9.237205479452054,4819.2754545454545,29,0,0,AAS2018_Annex4,official_aggregate,sub_region,sub_region,published_official_subregion_yield_over_harvested,2018,annual,False,False,False,published_annual_aggregate_total_and_s2_harvested_area,False,CHIRPS_v2.0_daily_via_ClimateSERV,NASA_POWER_daily,not_included,none,30,,soil_not_included_for_milestone,aas-chirps-v1,uganda_crop_model-0.2.0
North Buganda,2018,annual,sorghum,0.4,0.7315875613747954,0.4713584288052373,611.0,288.0,447.0,,,66.6,1428.5356517447667,3.913796306150046,232,41,1,21.855369611219928,72.85702883113515,18,0.7904018613495304,2018-03-02,2018-07-16,61,197,137,23.203494396014943,34.91,15.481818181818182,9.237205479452054,4819.2754545454545,29,0,0,AAS2018_Annex4,official_aggregate,sub_region,sub_region,published_official_subregion_yield_over_harvested,2018,annual,False,False,False,published_annual_aggregate_total_and_s2_harvested_area,False,CHIRPS_v2.0_daily_via_ClimateSERV,NASA_POWER_daily,not_included,none,30,,soil_not_included_for_milestone,aas-chirps-v1,uganda_crop_model-0.2.0
North Buganda,2018,annual,soya_beans,0.4,0.42970737913486007,0.4844147582697201,3144.0,1523.0,1351.0,,,36.9,1428.5356517447667,3.913796306150046,232,41,1,21.855369611219928,72.85702883113515,18,0.7904018613495304,2018-03-02,2018-07-16,61,197,137,23.203494396014943,34.91,15.481818181818182,9.237205479452054,4819.2754545454545,29,0,0,AAS2018_Annex4,official_aggregate,sub_region,sub_region,published_official_subregion_yield_over_harvested,2018,annual,False,False,False,published_annual_aggregate_total_and_s2_harvested_area,False,CHIRPS_v2.0_daily_via_ClimateSERV,NASA_POWER_daily,not_included,none,30,,soil_not_included_for_milestone,aas-chirps-v1,uganda_crop_model-0.2.0
North Buganda,2018,annual,sweet_potatoes,4.1,2.6207856175347866,0.36114394778968106,162420.0,58657.0,425668.0,,,31.2,1428.5356517447667,3.913796306150046,232,41,1,21.855369611219928,72.85702883113515,18,0.7904018613495304,2018-03-02,2018-07-16,61,197,137,23.203494396014943,34.91,15.481818181818182,9.237205479452054,4819.2754545454545,29,0,0,AAS2018_Annex4,official_aggregate,sub_region,sub_region,published_official_subregion_yield_over_harvested,2018,annual,False,False,False,published_annual_aggregate_total_and_s2_harvested_area,False,CHIRPS_v2.0_daily_via_ClimateSERV,NASA_POWER_daily,not_included,none,30,,soil_not_included_for_milestone,aas-chirps-v1,uganda_crop_model-0.2.0
North Buganda,2020,first_season,beans,0.6433017110440628,0.5789641720595257,0.8999885467736144,91912.42710669462,82720.13170218986,53214.00226180896,12.663193784684417,14.002751840473184,13.681640369696153,638.1251030830159,4.6578474677592405,102,20,1,20.148593295704234,59.351783665743746,5,0.7284979986835934,2020-03-02,2020-07-15,62,197,136,22.080875912408757,29.02636363636364,16.24,7.263344392833446,1655.08,0,0,0,AAS2020_Table_6_1,official_aggregate,sub_region,sub_region,production_mt_divided_by_area_harvested_ha,2020,first_season,False,False,False,surveyed_seasonal_block,True,CHIRPS_v2.0_daily_via_ClimateSERV,NASA_POWER_daily,not_included,none,30,,soil_not_included_for_milestone,aas-chirps-v1,uganda_crop_model-0.2.0
North Buganda,2020,first_season,groundnuts,0.41986645460993194,0.37345911342114724,0.8894711861849062,10286.190122578782,9149.269729653615,3841.471443659634,23.30828713812006,23.876096472416847,26.01630073832461,638.1251030830159,4.6578474677592405,102,20,1,20.148593295704234,59.351783665743746,5,0.7284979986835934,2020-03-02,2020-07-15,62,197,136,22.080875912408757,29.02636363636364,16.24,7.263344392833446,1655.08,0,0,0,AAS2020_Table_6_1,official_aggregate,sub_region,sub_region,production_mt_divided_by_area_harvested_ha,2020,first_season,False,False,False,surveyed_seasonal_block,True,CHIRPS_v2.0_daily_via_ClimateSERV,NASA_POWER_daily,not_included,none,30,,soil_not_included_for_milestone,aas-chirps-v1,uganda_crop_model-0.2.0
North Buganda,2020,first_season,irish_potatoes,3.149663292713082,3.149663292713082,1.0,2034.5835592702483,2034.5835592702483,6408.253152591033,39.71989477799656,39.71989477799656,38.76383595967478,638.1251030830159,4.6578474677592405,102,20,1,20.148593295704234,59.351783665743746,5,0.7284979986835934,2020-03-02,2020-07-15,62,197,136,22.080875912408757,29.02636363636364,16.24,7.263344392833446,1655.08,0,0,0,AAS2020_Table_6_1,official_aggregate,sub_region,sub_region,production_mt_divided_by_area_harvested_ha,2020,first_season,False,False,False,surveyed_seasonal_block,True,CHIRPS_v2.0_daily_via_ClimateSERV,NASA_POWER_daily,not_included,none,30,,soil_not_included_for_milestone,aas-chirps-v1,uganda_crop_model-0.2.0
North Buganda,2020,first_season,maize,2.169407944352197,1.9407868042052872,0.8946158832219184,215227.037221874,192545.52599748352,417709.7937484132,14.404944499910464,14.57607379166666,15.123540005708216,638.1251030830159,4.6578474677592405,102,20,1,20.148593295704234,59.351783665743746,5,0.7284979986835934,2020-03-02,2020-07-15,62,197,136,22.080875912408757,29.02636363636364,16.24,7.263344392833446,1655.08,0,0,0,AAS2020_Table_6_1,official_aggregate,sub_region,sub_region,production_mt_divided_by_area_harvested_ha,2020,first_season,False,False,False,surveyed_seasonal_block,True,CHIRPS_v2.0_daily_via_ClimateSERV,NASA_POWER_daily,not_included,none,30,,soil_not_included_for_milestone,aas-chirps-v1,uganda_crop_model-0.2.0
North Buganda,2020,first_season,millet,0.493228260930458,0.493228260930458,1.0,928.4738529937928,928.4738529937928,457.94954383153015,51.1396966607526,51.1396966607526,58.35669879797526,638.1251030830159,4.6578474677592405,102,20,1,20.148593295704234,59.351783665743746,5,0.7284979986835934,2020-03-02,2020-07-15,62,197,136,22.080875912408757,29.02636363636364,16.24,7.263344392833446,1655.08,0,0,0,AAS2020_Table_6_1,official_aggregate,sub_region,sub_region,production_mt_divided_by_area_harvested_ha,2020,first_season,False,False,False,surveyed_seasonal_block,True,CHIRPS_v2.0_daily_via_ClimateSERV,NASA_POWER_daily,not_included,none,30,,soil_not_included_for_milestone,aas-chirps-v1,uganda_crop_model-0.2.0
North Buganda,2020,first_season,rice,1.0029754145357688,0.8542189576641358,0.8516848422047457,7859.749772171961,6694.029744481063,6713.947257885661,41.43762507715817,40.31016784517909,39.691382353614266,638.1251030830159,4.6578474677592405,102,20,1,20.148593295704234,59.351783665743746,5,0.7284979986835934,2020-03-02,2020-07-15,62,197,136,22.080875912408757,29.02636363636364,16.24,7.263344392833446,1655.08,0,0,0,AAS2020_Table_6_1,official_aggregate,sub_region,sub_region,production_mt_divided_by_area_harvested_ha,2020,first_season,False,False,False,surveyed_seasonal_block,True,CHIRPS_v2.0_daily_via_ClimateSERV,NASA_POWER_daily,not_included,none,30,,soil_not_included_for_milestone,aas-chirps-v1,uganda_crop_model-0.2.0
North Buganda,2020,first_season,simsim,0.18546989867314195,0.18546989867314195,1.0,283.6634229190994,283.6634229190994,52.611026306081975,71.00309803075368,71.00309803075368,70.83901743051347,638.1251030830159,4.6578474677592405,102,20,1,20.148593295704234,59.351783665743746,5,0.7284979986835934,2020-03-02,2020-07-15,62,197,136,22.080875912408757,29.02636363636364,16.24,7.263344392833446,1655.08,0,0,0,AAS2020_Table_6_1,official_aggregate,sub_region,sub_region,production_mt_divided_by_area_harvested_ha,2020,first_season,False,False,False,surveyed_seasonal_block,True,CHIRPS_v2.0_daily_via_ClimateSERV,NASA_POWER_daily,not_included,none,30,,soil_not_included_for_milestone,aas-chirps-v1,uganda_crop_model-0.2.0
North Buganda,2020,first_season,sorghum,0.09886307379507389,0.09886307379507389,1.0,117.7176455697708,117.7176455697708,11.637928280946603,99.99999999999996,99.99999999999996,100.00000000000004,638.1251030830159,4.6578474677592405,102,20,1,20.148593295704234,59.351783665743746,5,0.7284979986835934,2020-03-02,2020-07-15,62,197,136,22.080875912408757,29.02636363636364,16.24,7.263344392833446,1655.08,0,0,0,AAS2020_Table_6_1,official_aggregate,sub_region,sub_region,production_mt_divided_by_area_harvested_ha,2020,first_season,False,False,False,surveyed_seasonal_block,True,CHIRPS_v2.0_daily_via_ClimateSERV,NASA_POWER_daily,not_included,none,30,,soil_not_included_for_milestone,aas-chirps-v1,uganda_crop_model-0.2.0
North Buganda,2020,first_season,soya_beans,0.47023015995482453,0.36625828250924786,0.7788915167509346,1426.111430988981,1110.7860955388533,522.32512338083,43.30999129543983,49.00908107736476,48.80517765497909,638.1251030830159,4.6578474677592405,102,20,1,20.148593295704234,59.351783665743746,5,0.7284979986835934,2020-03-02,2020-07-15,62,197,136,22.080875912408757,29.02636363636364,16.24,7.263344392833446,1655.08,0,0,0,AAS2020_Table_6_1,official_aggregate,sub_region,sub_region,production_mt_divided_by_area_harvested_ha,2020,first_season,False,False,False,surveyed_seasonal_block,True,CHIRPS_v2.0_daily_via_ClimateSERV,NASA_POWER_daily,not_included,none,30,,soil_not_included_for_milestone,aas-chirps-v1,uganda_crop_model-0.2.0
North Buganda,2020,first_season,sweet_potatoes,2.687525566046792,1.8093374167402507,0.6732354250313943,47781.9840764895,32168.524358578725,86453.7316356793,11.797288764442266,13.5688404994599,13.831600761880978,638.1251030830159,4.6578474677592405,102,20,1,20.148593295704234,59.351783665743746,5,0.7284979986835934,2020-03-02,2020-07-15,62,197,136,22.080875912408757,29.02636363636364,16.24,7.263344392833446,1655.08,0,0,0,AAS2020_Table_6_1,official_aggregate,sub_region,sub_region,production_mt_divided_by_area_harvested_ha,2020,first_season,False,False,False,surveyed_seasonal_block,True,CHIRPS_v2.0_daily_via_ClimateSERV,NASA_POWER_daily,not_included,none,30,,soil_not_included_for_milestone,aas-chirps-v1,uganda_crop_model-0.2.0
North Buganda,2020,second_season,beans,0.9823435270848497,0.6124036960618028,0.6234109343389673,108983.32043731376,67941.39362118884,66741.78824489875,10.382360827390292,12.621671158738495,12.439082588990834,713.3111252215776,5.7992774408258345,108,17,5,37.12618940526789,75.88339151035656,2,0.9181693613363788,2020-08-16,2020-12-15,229,350,122,22.353340724316336,28.22636363636364,15.992727272727274,8.138359201773842,1519.460909090909,0,0,0,AAS2020_Table_6_1,official_aggregate,sub_region,sub_region,production_mt_divided_by_area_harvested_ha,2020,second_season,False,False,False,surveyed_seasonal_block,True,CHIRPS_v2.0_daily_via_ClimateSERV,NASA_POWER_daily,not_included,none,30,,soil_not_included_for_milestone,aas-chirps-v1,uganda_crop_model-0.2.0
North Buganda,2020,second_season,groundnuts,0.6052217822979895,0.3208525432708057,0.5301404421574989,11869.535560263925,6292.520830122474,3808.370671953948,18.16592130055761,23.671461670363097,19.442759923010573,713.3111252215776,5.7992774408258345,108,17,5,37.12618940526789,75.88339151035656,2,0.9181693613363788,2020-08-16,2020-12-15,229,350,122,22.353340724316336,28.22636363636364,15.992727272727274,8.138359201773842,1519.460909090909,0,0,0,AAS2020_Table_6_1,official_aggregate,sub_region,sub_region,production_mt_divided_by_area_harvested_ha,2020,second_season,False,False,False,surveyed_seasonal_block,True,CHIRPS_v2.0_daily_via_ClimateSERV,NASA_POWER_daily,not_included,none,30,,soil_not_included_for_milestone,aas-chirps-v1,uganda_crop_model-0.2.0
North Buganda,2020,second_season,irish_potatoes,6.482172439710905,3.9799047434350143,0.613976993122465,1597.384111813828,980.7570938330535,6357.436603695582,34.625543967399864,41.00102532908851,44.65601927223328,713.3111252215776,5.7992774408258345,108,17,5,37.12618940526789,75.88339151035656,2,0.9181693613363788,2020-08-16,2020-12-15,229,350,122,22.353340724316336,28.22636363636364,15.992727272727274,8.138359201773842,1519.460909090909,0,0,0,AAS2020_Table_6_1,official_aggregate,sub_region,sub_region,production_mt_divided_by_area_harvested_ha,2020,second_season,False,False,False,surveyed_seasonal_block,True,CHIRPS_v2.0_daily_via_ClimateSERV,NASA_POWER_daily,not_included,none,30,,soil_not_included_for_milestone,aas-chirps-v1,uganda_crop_model-0.2.0
North Buganda,2020,second_season,maize,2.6867403311215865,1.9325388886750048,0.7192875568545404,223403.78002482187,160691.5591261233,431736.4927749645,12.96591442306122,14.189739878565364,15.35713871023032,713.3111252215776,5.7992774408258345,108,17,5,37.12618940526789,75.88339151035656,2,0.9181693613363788,2020-08-16,2020-12-15,229,350,122,22.353340724316336,28.22636363636364,15.992727272727274,8.138359201773842,1519.460909090909,0,0,0,AAS2020_Table_6_1,official_aggregate,sub_region,sub_region,production_mt_divided_by_area_harvested_ha,2020,second_season,False,False,False,surveyed_seasonal_block,True,CHIRPS_v2.0_daily_via_ClimateSERV,NASA_POWER_daily,not_included,none,30,,soil_not_included_for_milestone,aas-chirps-v1,uganda_crop_model-0.2.0
North Buganda,2020,second_season,millet,0.7672214167665391,0.5242992738353546,0.6833741373448856,610.0726459584362,416.9078681495581,319.86064526282144,51.86524437403063,60.97380772969952,71.16010396957131,713.3111252215776,5.7992774408258345,108,17,5,37.12618940526789,75.88339151035656,2,0.9181693613363788,2020-08-16,2020-12-15,229,350,122,22.353340724316336,28.22636363636364,15.992727272727274,8.138359201773842,1519.460909090909,0,0,0,AAS2020_Table_6_1,official_aggregate,sub_region,sub_region,production_mt_divided_by_area_harvested_ha,2020,second_season,False,False,False,surveyed_seasonal_block,True,CHIRPS_v2.0_daily_via_ClimateSERV,NASA_POWER_daily,not_included,none,30,,soil_not_included_for_milestone,aas-chirps-v1,uganda_crop_model-0.2.0
North Buganda,2020,second_season,rice,0.7664154644961585,0.647859317929183,0.8453108632862538,9042.745690695392,7643.931166279774,5858.427055380976,39.11937972813407,43.28668347467124,39.06771950412482,713.3111252215776,5.7992774408258345,108,17,5,37.12618940526789,75.88339151035656,2,0.9181693613363788,2020-08-16,2020-12-15,229,350,122,22.353340724316336,28.22636363636364,15.992727272727274,8.138359201773842,1519.460909090909,0,0,0,AAS2020_Table_6_1,official_aggregate,sub_region,sub_region,production_mt_divided_by_area_harvested_ha,2020,second_season,False,False,False,surveyed_seasonal_block,True,CHIRPS_v2.0_daily_via_ClimateSERV,NASA_POWER_daily,not_included,none,30,,soil_not_included_for_milestone,aas-chirps-v1,uganda_crop_model-0.2.0
North Buganda,2020,second_season,simsim,1.0617776543409592,0.7227464487346286,0.6806947252843009,288.2653254057236,196.22068648603863,208.34274023031884,73.75783132771298,80.36361790859922,89.28093197876153,713.3111252215776,5.7992774408258345,108,17,5,37.12618940526789,75.88339151035656,2,0.9181693613363788,2020-08-16,2020-12-15,229,350,122,22.353340724316336,28.22636363636364,15.992727272727274,8.138359201773842,1519.460909090909,0,0,0,AAS2020_Table_6_1,official_aggregate,sub_region,sub_region,production_mt_divided_by_area_harvested_ha,2020,second_season,False,False,False,surveyed_seasonal_block,True,CHIRPS_v2.0_daily_via_ClimateSERV,NASA_POWER_daily,not_included,none,30,,soil_not_included_for_milestone,aas-chirps-v1,uganda_crop_model-0.2.0
North Buganda,2020,second_season,sorghum,3.8791100754366425,0.6002401082940222,0.15473654952327118,890.7742394343009,137.8353322142799,534.67842594357,71.44743645846816,100.00000000000004,71.44743616683962,713.3111252215776,5.7992774408258345,108,17,5,37.12618940526789,75.88339151035656,2,0.9181693613363788,2020-08-16,2020-12-15,229,350,122,22.353340724316336,28.22636363636364,15.992727272727274,8.138359201773842,1519.460909090909,0,0,0,AAS2020_Table_6_1,official_aggregate,sub_region,sub_region,production_mt_divided_by_area_harvested_ha,2020,second_season,False,False,False,surveyed_seasonal_block,True,CHIRPS_v2.0_daily_via_ClimateSERV,NASA_POWER_daily,not_included,none,30,,soil_not_included_for_milestone,aas-chirps-v1,uganda_crop_model-0.2.0
North Buganda,2020,second_season,soya_beans,0.4386972792209299,0.24975416824513394,0.5693086783867576,1811.010495160384,1031.0239915443055,452.3074199019899,38.050642008698304,47.20885297113233,33.28537993520736,713.3111252215776,5.7992774408258345,108,17,5,37.12618940526789,75.88339151035656,2,0.9181693613363788,2020-08-16,2020-12-15,229,350,122,22.353340724316336,28.22636363636364,15.992727272727274,8.138359201773842,1519.460909090909,0,0,0,AAS2020_Table_6_1,official_aggregate,sub_region,sub_region,production_mt_divided_by_area_harvested_ha,2020,second_season,False,False,False,surveyed_seasonal_block,True,CHIRPS_v2.0_daily_via_ClimateSERV,NASA_POWER_daily,not_included,none,30,,soil_not_included_for_milestone,aas-chirps-v1,uganda_crop_model-0.2.0
North Buganda,2020,second_season,sweet_potatoes,6.9509363188894655,2.040246385645454,0.29352108723841963,49320.79379096321,14476.693016985417,100626.57126917744,9.296620586620795,15.23992031410271,14.648613068790278,713.3111252215776,5.7992774408258345,108,17,5,37.12618940526789,75.88339151035656,2,0.9181693613363788,2020-08-16,2020-12-15,229,350,122,22.353340724316336,28.22636363636364,15.992727272727274,8.138359201773842,1519.460909090909,0,0,0,AAS2020_Table_6_1,official_aggregate,sub_region,sub_region,production_mt_divided_by_area_harvested_ha,2020,second_season,False,False,False,surveyed_seasonal_block,True,CHIRPS_v2.0_daily_via_ClimateSERV,NASA_POWER_daily,not_included,none,30,,soil_not_included_for_milestone,aas-chirps-v1,uganda_crop_model-0.2.0
South Buganda,2018,annual,beans,0.6,0.6106360168540726,0.5062704131242365,120327.0,60918.0,73476.0,,,16.8,1371.821970452441,3.758416357403948,218,41,2,24.340054194132488,67.9126580953598,19,0.7626678866157455,2018-02-22,2018-11-21,53,325,273,22.01733904109589,31.89583333333333,14.640833333333331,7.832257990867586,4386.32875,0,0,0,AAS2018_Annex4,official_aggregate,sub_region,sub_region,published_official_subregion_yield_over_harvested,2018,annual,False,False,False,published_annual_aggregate_total_and_s2_harvested_area,False,CHIRPS_v2.0_daily_via_ClimateSERV,NASA_POWER_daily,not_included,none,30,,soil_not_included_for_milestone,aas-chirps-v1,uganda_crop_model-0.2.0
South Buganda,2018,annual,groundnuts,0.5,0.5324074074074074,0.5694444444444444,20736.0,11808.0,11040.0,,,19.8,1371.821970452441,3.758416357403948,218,41,2,24.340054194132488,67.9126580953598,19,0.7626678866157455,2018-02-22,2018-11-21,53,325,273,22.01733904109589,31.89583333333333,14.640833333333331,7.832257990867586,4386.32875,0,0,0,AAS2018_Annex4,official_aggregate,sub_region,sub_region,published_official_subregion_yield_over_harvested,2018,annual,False,False,False,published_annual_aggregate_total_and_s2_harvested_area,False,CHIRPS_v2.0_daily_via_ClimateSERV,NASA_POWER_daily,not_included,none,30,,soil_not_included_for_milestone,aas-chirps-v1,uganda_crop_model-0.2.0
South Buganda,2018,annual,irish_potatoes,2.5,1.861616264814058,0.34424805884756843,19576.0,6739.0,36443.0,,,30.4,1371.821970452441,3.758416357403948,218,41,2,24.340054194132488,67.9126580953598,19,0.7626678866157455,2018-02-22,2018-11-21,53,325,273,22.01733904109589,31.89583333333333,14.640833333333331,7.832257990867586,4386.32875,0,0,0,AAS2018_Annex4,official_aggregate,sub_region,sub_region,published_official_subregion_yield_over_harvested,2018,annual,False,False,False,published_annual_aggregate_total_and_s2_harvested_area,False,CHIRPS_v2.0_daily_via_ClimateSERV,NASA_POWER_daily,not_included,none,30,,soil_not_included_for_milestone,aas-chirps-v1,uganda_crop_model-0.2.0
South Buganda,2018,annual,maize,2.5,1.6074900580468618,0.3104283064134438,183817.0,57062.0,295484.0,,,19.6,1371.821970452441,3.758416357403948,218,41,2,24.340054194132488,67.9126580953598,19,0.7626678866157455,2018-02-22,2018-11-21,53,325,273,22.01733904109589,31.89583333333333,14.640833333333331,7.832257990867586,4386.32875,0,0,0,AAS2018_Annex4,official_aggregate,sub_region,sub_region,published_official_subregion_yield_over_harvested,2018,annual,False,False,False,published_annual_aggregate_total_and_s2_harvested_area,False,CHIRPS_v2.0_daily_via_ClimateSERV,NASA_POWER_daily,not_included,none,30,,soil_not_included_for_milestone,aas-chirps-v1,uganda_crop_model-0.2.0
South Buganda,2018,annual,millet,1.1,1.0333333333333334,0.9494949494949495,990.0,940.0,1023.0,,,56.6,1371.821970452441,3.758416357403948,218,41,2,24.340054194132488,67.9126580953598,19,0.7626678866157455,2018-02-22,2018-11-21,53,325,273,22.01733904109589,31.89583333333333,14.640833333333331,7.832257990867586,4386.32875,0,0,0,AAS2018_Annex4,official_aggregate,sub_region,sub_region,published_official_subregion_yield_over_harvested,2018,annual,False,False,False,published_annual_aggregate_total_and_s2_harvested_area,False,CHIRPS_v2.0_daily_via_ClimateSERV,NASA_POWER_daily,not_included,none,30,,soil_not_included_for_milestone,aas-chirps-v1,uganda_crop_model-0.2.0
South Buganda,2018,annual,rice,4.8,1.9393215480172001,0.2312470138557095,2093.0,484.0,4059.0,,,100.0,1371.821970452441,3.758416357403948,218,41,2,24.340054194132488,67.9126580953598,19,0.7626678866157455,2018-02-22,2018-11-21,53,325,273,22.01733904109589,31.89583333333333,14.640833333333331,7.832257990867586,4386.32875,0,0,0,AAS2018_Annex4,official_aggregate,sub_region,sub_region,published_official_subregion_yield_over_harvested,2018,annual,False,False,False,published_annual_aggregate_total_and_s2_harvested_area,False,CHIRPS_v2.0_daily_via_ClimateSERV,NASA_POWER_daily,not_included,none,30,,soil_not_included_for_milestone,aas-chirps-v1,uganda_crop_model-0.2.0
South Buganda,2018,annual,simsim,0.1,0.08413461538461539,0.8028846153846154,1664.0,1336.0,140.0,,,81.7,1371.821970452441,3.758416357403948,218,41,2,24.340054194132488,67.9126580953598,19,0.7626678866157455,2018-02-22,2018-11-21,53,325,273,22.01733904109589,31.89583333333333,14.640833333333331,7.832257990867586,4386.32875,0,0,0,AAS2018_Annex4,official_aggregate,sub_region,sub_region,published_official_subregion_yield_over_harvested,2018,annual,False,False,False,published_annual_aggregate_total_and_s2_harvested_area,False,CHIRPS_v2.0_daily_via_ClimateSERV,NASA_POWER_daily,not_included,none,30,,soil_not_included_for_milestone,aas-chirps-v1,uganda_crop_model-0.2.0
South Buganda,2018,annual,sorghum,0.6,1.2991452991452992,0.6111111111111112,234.0,143.0,304.0,,,97.4,1371.821970452441,3.758416357403948,218,41,2,24.340054194132488,67.9126580953598,19,0.7626678866157455,2018-02-22,2018-11-21,53,325,273,22.01733904109589,31.89583333333333,14.640833333333331,7.832257990867586,4386.32875,0,0,0,AAS2018_Annex4,official_aggregate,sub_region,sub_region,published_official_subregion_yield_over_harvested,2018,annual,False,False,False,published_annual_aggregate_total_and_s2_harvested_area,False,CHIRPS_v2.0_daily_via_ClimateSERV,NASA_POWER_daily,not_included,none,30,,soil_not_included_for_milestone,aas-chirps-v1,uganda_crop_model-0.2.0
South Buganda,2018,annual,soya_beans,1.3,0.7598152424942263,0.558891454965358,433.0,242.0,329.0,,,76.1,1371.821970452441,3.758416357403948,218,41,2,24.340054194132488,67.9126580953598,19,0.7626678866157455,2018-02-22,2018-11-21,53,325,273,22.01733904109589,31.89583333333333,14.640833333333331,7.832257990867586,4386.32875,0,0,0,AAS2018_Annex4,official_aggregate,sub_region,sub_region,published_official_subregion_yield_over_harvested,2018,annual,False,False,False,published_annual_aggregate_total_and_s2_harvested_area,False,CHIRPS_v2.0_daily_via_ClimateSERV,NASA_POWER_daily,not_included,none,30,,soil_not_included_for_milestone,aas-chirps-v1,uganda_crop_model-0.2.0
South Buganda,2018,annual,sweet_potatoes,3.2,2.333433787890203,0.4773098269670258,39819.0,19006.0,92915.0,,,17.9,1371.821970452441,3.758416357403948,218,41,2,24.340054194132488,67.9126580953598,19,0.7626678866157455,2018-02-22,2018-11-21,53,325,273,22.01733904109589,31.89583333333333,14.640833333333331,7.832257990867586,4386.32875,0,0,0,AAS2018_Annex4,official_aggregate,sub_region,sub_region,published_official_subregion_yield_over_harvested,2018,annual,False,False,False,published_annual_aggregate_total_and_s2_harvested_area,False,CHIRPS_v2.0_daily_via_ClimateSERV,NASA_POWER_daily,not_included,none,30,,soil_not_included_for_milestone,aas-chirps-v1,uganda_crop_model-0.2.0
South Buganda,2020,first_season,beans,0.6286830497610721,0.5381312229127057,0.8559658529321249,56167.89294924032,48077.79839569677,30225.696921204628,12.598244233749234,13.27184862534991,13.062321216703682,676.87982256338,4.940728631849489,84,24,6,34.418052991231285,82.2259621222814,8,0.9180494420325114,2020-03-02,2020-06-29,62,181,120,21.3220498783455,27.471666666666668,16.046666666666667,6.291776155717763,1551.1208333333332,0,0,0,AAS2020_Table_6_1,official_aggregate,sub_region,sub_region,production_mt_divided_by_area_harvested_ha,2020,first_season,False,False,False,surveyed_seasonal_block,True,CHIRPS_v2.0_daily_via_ClimateSERV,NASA_POWER_daily,not_included,none,30,,soil_not_included_for_milestone,aas-chirps-v1,uganda_crop_model-0.2.0
South Buganda,2020,first_season,groundnuts,0.6198068833094821,0.5472343740900589,0.8829110950947827,4608.280973008998,4068.7024003838255,2521.809753895707,23.897357555369684,24.07774954564745,36.53820104610516,676.87982256338,4.940728631849489,84,24,6,34.418052991231285,82.2259621222814,8,0.9180494420325114,2020-03-02,2020-06-29,62,181,120,21.3220498783455,27.471666666666668,16.046666666666667,6.291776155717763,1551.1208333333332,0,0,0,AAS2020_Table_6_1,official_aggregate,sub_region,sub_region,production_mt_divided_by_area_harvested_ha,2020,first_season,False,False,False,surveyed_seasonal_block,True,CHIRPS_v2.0_daily_via_ClimateSERV,NASA_POWER_daily,not_included,none,30,,soil_not_included_for_milestone,aas-chirps-v1,uganda_crop_model-0.2.0
South Buganda,2020,first_season,irish_potatoes,3.3283582090790134,2.1832610135267383,0.6559573448468655,8005.137001233056,5251.028412464235,17477.303522732476,35.2343194642732,36.91572596648452,35.64570226053877,676.87982256338,4.940728631849489,84,24,6,34.418052991231285,82.2259621222814,8,0.9180494420325114,2020-03-02,2020-06-29,62,181,120,21.3220498783455,27.471666666666668,16.046666666666667,6.291776155717763,1551.1208333333332,0,0,0,AAS2020_Table_6_1,official_aggregate,sub_region,sub_region,production_mt_divided_by_area_harvested_ha,2020,first_season,False,False,False,surveyed_seasonal_block,True,CHIRPS_v2.0_daily_via_ClimateSERV,NASA_POWER_daily,not_included,none,30,,soil_not_included_for_milestone,aas-chirps-v1,uganda_crop_model-0.2.0
South Buganda,2020,first_season,maize,1.6587198212915781,1.525442590239123,0.9196505465590461,125557.02432467446,115468.58604451432,191530.032408548,22.20082568868207,23.033297881011123,18.255009247480807,676.87982256338,4.940728631849489,84,24,6,34.418052991231285,82.2259621222814,8,0.9180494420325114,2020-03-02,2020-06-29,62,181,120,21.3220498783455,27.471666666666668,16.046666666666667,6.291776155717763,1551.1208333333332,0,0,0,AAS2020_Table_6_1,official_aggregate,sub_region,sub_region,production_mt_divided_by_area_harvested_ha,2020,first_season,False,False,False,surveyed_seasonal_block,True,CHIRPS_v2.0_daily_via_ClimateSERV,NASA_POWER_daily,not_included,none,30,,soil_not_included_for_milestone,aas-chirps-v1,uganda_crop_model-0.2.0
South Buganda,2020,first_season,millet,0.43888921555307947,0.43888921555307947,1.0,668.5517781707882,668.5517781707882,293.42016547799363,68.90149663149437,68.90149663149437,66.44849802170765,676.87982256338,4.940728631849489,84,24,6,34.418052991231285,82.2259621222814,8,0.9180494420325114,2020-03-02,2020-06-29,62,181,120,21.3220498783455,27.471666666666668,16.046666666666667,6.291776155717763,1551.1208333333332,0,0,0,AAS2020_Table_6_1,official_aggregate,sub_region,sub_region,production_mt_divided_by_area_harvested_ha,2020,first_season,False,False,False,surveyed_seasonal_block,True,CHIRPS_v2.0_daily_via_ClimateSERV,NASA_POWER_daily,not_included,none,30,,soil_not_included_for_milestone,aas-chirps-v1,uganda_crop_model-0.2.0
South Buganda,2020,first_season,rice,2.3727137710817736,1.1863568855408868,0.5,532.2230146082504,266.1115073041252,631.4064380238259,100.00000000000009,100.00000000000009,99.99999999999996,676.87982256338,4.940728631849489,84,24,6,34.418052991231285,82.2259621222814,8,0.9180494420325114,2020-03-02,2020-06-29,62,181,120,21.3220498783455,27.471666666666668,16.046666666666667,6.291776155717763,1551.1208333333332,0,0,0,AAS2020_Table_6_1,official_aggregate,sub_region,sub_region,production_mt_divided_by_area_harvested_ha,2020,first_season,False,False,False,surveyed_seasonal_block,True,CHIRPS_v2.0_daily_via_ClimateSERV,NASA_POWER_daily,not_included,none,30,,soil_not_included_for_milestone,aas-chirps-v1,uganda_crop_model-0.2.0
South Buganda,2020,first_season,sorghum,0.5363321684614435,0.5363321684614435,1.0,270.20553712775205,270.20553712775205,144.91992165801634,100.00000000000016,100.00000000000016,100.00000000000009,676.87982256338,4.940728631849489,84,24,6,34.418052991231285,82.2259621222814,8,0.9180494420325114,2020-03-02,2020-06-29,62,181,120,21.3220498783455,27.471666666666668,16.046666666666667,6.291776155717763,1551.1208333333332,0,0,0,AAS2020_Table_6_1,official_aggregate,sub_region,sub_region,production_mt_divided_by_area_harvested_ha,2020,first_season,False,False,False,surveyed_seasonal_block,True,CHIRPS_v2.0_daily_via_ClimateSERV,NASA_POWER_daily,not_included,none,30,,soil_not_included_for_milestone,aas-chirps-v1,uganda_crop_model-0.2.0
South Buganda,2020,first_season,soya_beans,0.5931784427704433,0.5931784427704433,1.0,145.944345173915,145.944345173915,86.57103940141496,99.99999999999989,99.99999999999989,99.99999999999996,676.87982256338,4.940728631849489,84,24,6,34.418052991231285,82.2259621222814,8,0.9180494420325114,2020-03-02,2020-06-29,62,181,120,21.3220498783455,27.471666666666668,16.046666666666667,6.291776155717763,1551.1208333333332,0,0,0,AAS2020_Table_6_1,official_aggregate,sub_region,sub_region,production_mt_divided_by_area_harvested_ha,2020,first_season,False,False,False,surveyed_seasonal_block,True,CHIRPS_v2.0_daily_via_ClimateSERV,NASA_POWER_daily,not_included,none,30,,soil_not_included_for_milestone,aas-chirps-v1,uganda_crop_model-0.2.0
South Buganda,2020,first_season,sweet_potatoes,3.6665373796963476,2.390768173949665,0.6520506751652595,15180.0405424273,9898.155684725732,36291.95780810079,27.182423355016223,36.31815801376093,33.81013582349148,676.87982256338,4.940728631849489,84,24,6,34.418052991231285,82.2259621222814,8,0.9180494420325114,2020-03-02,2020-06-29,62,181,120,21.3220498783455,27.471666666666668,16.046666666666667,6.291776155717763,1551.1208333333332,0,0,0,AAS2020_Table_6_1,official_aggregate,sub_region,sub_region,production_mt_divided_by_area_harvested_ha,2020,first_season,False,False,False,surveyed_seasonal_block,True,CHIRPS_v2.0_daily_via_ClimateSERV,NASA_POWER_daily,not_included,none,30,,soil_not_included_for_milestone,aas-chirps-v1,uganda_crop_model-0.2.0
South Buganda,2020,second_season,beans,1.1321807165247713,0.7376016523580905,0.6514875598854561,64380.16421119512,41942.87608697648,47486.91550126272,10.393587984984492,11.782363164922687,12.287596796776556,561.0112580930193,4.561067138967636,97,17,0,19.778140624364216,54.771332144737244,2,0.7596610038065545,2020-09-25,2020-12-15,269,350,82,21.57031842818428,27.25333333333333,15.494166666666668,7.157249322493225,1423.1491666666668,0,0,0,AAS2020_Table_6_1,official_aggregate,sub_region,sub_region,production_mt_divided_by_area_harvested_ha,2020,second_season,False,False,False,surveyed_seasonal_block,True,CHIRPS_v2.0_daily_via_ClimateSERV,NASA_POWER_daily,not_included,none,30,,soil_not_included_for_milestone,aas-chirps-v1,uganda_crop_model-0.2.0
South Buganda,2020,second_season,groundnuts,1.0649682679639256,0.34977979995973496,0.32844152307792823,6288.340965626798,2065.3522843837954,2199.534645035548,30.890036400074333,38.37821522353708,32.25374914220835,561.0112580930193,4.561067138967636,97,17,0,19.778140624364216,54.771332144737244,2,0.7596610038065545,2020-09-25,2020-12-15,269,350,82,21.57031842818428,27.25333333333333,15.494166666666668,7.157249322493225,1423.1491666666668,0,0,0,AAS2020_Table_6_1,official_aggregate,sub_region,sub_region,production_mt_divided_by_area_harvested_ha,2020,second_season,False,False,False,surveyed_seasonal_block,True,CHIRPS_v2.0_daily_via_ClimateSERV,NASA_POWER_daily,not_included,none,30,,soil_not_included_for_milestone,aas-chirps-v1,uganda_crop_model-0.2.0
South Buganda,2020,second_season,irish_potatoes,6.759325459944138,3.2139689971202006,0.475486646732167,5762.353919109315,2739.922342281249,18520.026846451423,58.12927836242231,43.7460964999013,42.904405353292496,561.0112580930193,4.561067138967636,97,17,0,19.778140624364216,54.771332144737244,2,0.7596610038065545,2020-09-25,2020-12-15,269,350,82,21.57031842818428,27.25333333333333,15.494166666666668,7.157249322493225,1423.1491666666668,0,0,0,AAS2020_Table_6_1,official_aggregate,sub_region,sub_region,production_mt_divided_by_area_harvested_ha,2020,second_season,False,False,False,surveyed_seasonal_block,True,CHIRPS_v2.0_daily_via_ClimateSERV,NASA_POWER_daily,not_included,none,30,,soil_not_included_for_milestone,aas-chirps-v1,uganda_crop_model-0.2.0
South Buganda,2020,second_season,maize,2.314641460829224,1.890454985809621,0.816737718476866,102766.93537164223,83933.63233029463,194276.26534969616,19.10868159790685,22.71591307493866,21.704358314262265,561.0112580930193,4.561067138967636,97,17,0,19.778140624364216,54.771332144737244,2,0.7596610038065545,2020-09-25,2020-12-15,269,350,82,21.57031842818428,27.25333333333333,15.494166666666668,7.157249322493225,1423.1491666666668,0,0,0,AAS2020_Table_6_1,official_aggregate,sub_region,sub_region,production_mt_divided_by_area_harvested_ha,2020,second_season,False,False,False,surveyed_seasonal_block,True,CHIRPS_v2.0_daily_via_ClimateSERV,NASA_POWER_daily,not_included,none,30,,soil_not_included_for_milestone,aas-chirps-v1,uganda_crop_model-0.2.0
South Buganda,2020,second_season,millet,0.721953108076217,0.4410148803298166,0.6108636078941271,616.3485243981629,376.5048833340832,271.8188707289149,54.0077714704553,63.39315123839904,58.44519462625127,561.0112580930193,4.561067138967636,97,17,0,19.778140624364216,54.771332144737244,2,0.7596610038065545,2020-09-25,2020-12-15,269,350,82,21.57031842818428,27.25333333333333,15.494166666666668,7.157249322493225,1423.1491666666668,0,0,0,AAS2020_Table_6_1,official_aggregate,sub_region,sub_region,production_mt_divided_by_area_harvested_ha,2020,second_season,False,False,False,surveyed_seasonal_block,True,CHIRPS_v2.0_daily_via_ClimateSERV,NASA_POWER_daily,not_included,none,30,,soil_not_included_for_milestone,aas-chirps-v1,uganda_crop_model-0.2.0
South Buganda,2020,second_season,sorghum,3.5799019725152155,1.184659653261375,0.3309195789037321,469.13319211695455,155.24535838510624,555.7631647066734,57.05012306699413,99.99999999999991,58.10736472630239,561.0112580930193,4.561067138967636,97,17,0,19.778140624364216,54.771332144737244,2,0.7596610038065545,2020-09-25,2020-12-15,269,350,82,21.57031842818428,27.25333333333333,15.494166666666668,7.157249322493225,1423.1491666666668,0,0,0,AAS2020_Table_6_1,official_aggregate,sub_region,sub_region,production_mt_divided_by_area_harvested_ha,2020,second_season,False,False,False,surveyed_seasonal_block,True,CHIRPS_v2.0_daily_via_ClimateSERV,NASA_POWER_daily,not_included,none,30,,soil_not_included_for_milestone,aas-chirps-v1,uganda_crop_model-0.2.0
South Buganda,2020,second_season,sweet_potatoes,6.065522206096139,2.940597516339685,0.4848053335596141,11844.73561213915,5742.39099936856,34830.6001227566,27.42461290851909,34.74660867056167,25.872117275365085,561.0112580930193,4.561067138967636,97,17,0,19.778140624364216,54.771332144737244,2,0.7596610038065545,2020-09-25,2020-12-15,269,350,82,21.57031842818428,27.25333333333333,15.494166666666668,7.157249322493225,1423.1491666666668,0,0,0,AAS2020_Table_6_1,official_aggregate,sub_region,sub_region,production_mt_divided_by_area_harvested_ha,2020,second_season,False,False,False,surveyed_seasonal_block,True,CHIRPS_v2.0_daily_via_ClimateSERV,NASA_POWER_daily,not_included,none,30,,soil_not_included_for_milestone,aas-chirps-v1,uganda_crop_model-0.2.0
Teso,2018,annual,beans,0.4,0.32839398561778166,0.33634778818914796,9178.0,3087.0,3014.0,,,35.1,1466.6364698022953,4.018182109047385,206,48,6,36.43361806869507,73.01919835805893,24,0.7986461944613098,2018-02-19,2018-12-16,50,350,301,24.715746575342465,37.3275,16.57625,10.96628082191781,5371.2474999999995,127,34,0,AAS2018_Annex4,official_aggregate,sub_region,sub_region,published_official_subregion_yield_over_harvested,2018,annual,False,False,False,published_annual_aggregate_total_and_s2_harvested_area,False,CHIRPS_v2.0_daily_via_ClimateSERV,NASA_POWER_daily,not_included,none,30,,soil_not_included_for_milestone,aas-chirps-v1,uganda_crop_model-0.2.0
Teso,2018,annual,groundnuts,0.4,0.4325472159702515,0.09175066053429885,51095.0,4688.0,22101.0,,,59.0,1466.6364698022953,4.018182109047385,206,48,6,36.43361806869507,73.01919835805893,24,0.7986461944613098,2018-02-19,2018-12-16,50,350,301,24.715746575342465,37.3275,16.57625,10.96628082191781,5371.2474999999995,127,34,0,AAS2018_Annex4,official_aggregate,sub_region,sub_region,published_official_subregion_yield_over_harvested,2018,annual,False,False,False,published_annual_aggregate_total_and_s2_harvested_area,False,CHIRPS_v2.0_daily_via_ClimateSERV,NASA_POWER_daily,not_included,none,30,,soil_not_included_for_milestone,aas-chirps-v1,uganda_crop_model-0.2.0
Teso,2018,annual,maize,1.2,0.9434355828220858,0.29530061349693254,81500.0,24067.0,76890.0,,,22.1,1466.6364698022953,4.018182109047385,206,48,6,36.43361806869507,73.01919835805893,24,0.7986461944613098,2018-02-19,2018-12-16,50,350,301,24.715746575342465,37.3275,16.57625,10.96628082191781,5371.2474999999995,127,34,0,AAS2018_Annex4,official_aggregate,sub_region,sub_region,published_official_subregion_yield_over_harvested,2018,annual,False,False,False,published_annual_aggregate_total_and_s2_harvested_area,False,CHIRPS_v2.0_daily_via_ClimateSERV,NASA_POWER_daily,not_included,none,30,,soil_not_included_for_milestone,aas-chirps-v1,uganda_crop_model-0.2.0
Teso,2018,annual,millet,0.3,0.4304737703716373,0.12277958316026095,40927.0,5025.0,17618.0,,,30.2,1466.6364698022953,4.018182109047385,206,48,6,36.43361806869507,73.01919835805893,24,0.7986461944613098,2018-02-19,2018-12-16,50,350,301,24.715746575342465,37.3275,16.57625,10.96628082191781,5371.2474999999995,127,34,0,AAS2018_Annex4,official_aggregate,sub_region,sub_region,published_official_subregion_yield_over_harvested,2018,annual,False,False,False,published_annual_aggregate_total_and_s2_harvested_area,False,CHIRPS_v2.0_daily_via_ClimateSERV,NASA_POWER_daily,not_included,none,30,,soil_not_included_for_milestone,aas-chirps-v1,uganda_crop_model-0.2.0
Teso,2018,annual,rice,0.8,0.858285321179809,0.4355490583885115,11629.0,5065.0,9981.0,,,40.8,1466.6364698022953,4.018182109047385,206,48,6,36.43361806869507,73.01919835805893,24,0.7986461944613098,2018-02-19,2018-12-16,50,350,301,24.715746575342465,37.3275,16.57625,10.96628082191781,5371.2474999999995,127,34,0,AAS2018_Annex4,official_aggregate,sub_region,sub_region,published_official_subregion_yield_over_harvested,2018,annual,False,False,False,published_annual_aggregate_total_and_s2_harvested_area,False,CHIRPS_v2.0_daily_via_ClimateSERV,NASA_POWER_daily,not_included,none,30,,soil_not_included_for_milestone,aas-chirps-v1,uganda_crop_model-0.2.0
Teso,2018,annual,simsim,0.2,0.24510408635312259,0.6365458750963763,12970.0,8256.0,3179.0,,,31.0,1466.6364698022953,4.018182109047385,206,48,6,36.43361806869507,73.01919835805893,24,0.7986461944613098,2018-02-19,2018-12-16,50,350,301,24.715746575342465,37.3275,16.57625,10.96628082191781,5371.2474999999995,127,34,0,AAS2018_Annex4,official_aggregate,sub_region,sub_region,published_official_subregion_yield_over_harvested,2018,annual,False,False,False,published_annual_aggregate_total_and_s2_harvested_area,False,CHIRPS_v2.0_daily_via_ClimateSERV,NASA_POWER_daily,not_included,none,30,,soil_not_included_for_milestone,aas-chirps-v1,uganda_crop_model-0.2.0
Teso,2018,annual,sorghum,0.4,0.45002459357540137,0.3539709165205766,79289.0,28066.0,35682.0,,,17.4,1466.6364698022953,4.018182109047385,206,48,6,36.43361806869507,73.01919835805893,24,0.7986461944613098,2018-02-19,2018-12-16,50,350,301,24.715746575342465,37.3275,16.57625,10.96628082191781,5371.2474999999995,127,34,0,AAS2018_Annex4,official_aggregate,sub_region,sub_region,published_official_subregion_yield_over_harvested,2018,annual,False,False,False,published_annual_aggregate_total_and_s2_harvested_area,False,CHIRPS_v2.0_daily_via_ClimateSERV,NASA_POWER_daily,not_included,none,30,,soil_not_included_for_milestone,aas-chirps-v1,uganda_crop_model-0.2.0
Teso,2018,annual,soya_beans,0.2,0.2900547273070391,0.5665219852802416,10598.0,6004.0,3074.0,,,34.0,1466.6364698022953,4.018182109047385,206,48,6,36.43361806869507,73.01919835805893,24,0.7986461944613098,2018-02-19,2018-12-16,50,350,301,24.715746575342465,37.3275,16.57625,10.96628082191781,5371.2474999999995,127,34,0,AAS2018_Annex4,official_aggregate,sub_region,sub_region,published_official_subregion_yield_over_harvested,2018,annual,False,False,False,published_annual_aggregate_total_and_s2_harvested_area,False,CHIRPS_v2.0_daily_via_ClimateSERV,NASA_POWER_daily,not_included,none,30,,soil_not_included_for_milestone,aas-chirps-v1,uganda_crop_model-0.2.0
Teso,2018,annual,sweet_potatoes,2.4,1.8496884735202492,0.6289085035190954,34668.0,21803.0,64125.0,,,13.4,1466.6364698022953,4.018182109047385,206,48,6,36.43361806869507,73.01919835805893,24,0.7986461944613098,2018-02-19,2018-12-16,50,350,301,24.715746575342465,37.3275,16.57625,10.96628082191781,5371.2474999999995,127,34,0,AAS2018_Annex4,official_aggregate,sub_region,sub_region,published_official_subregion_yield_over_harvested,2018,annual,False,False,False,published_annual_aggregate_total_and_s2_harvested_area,False,CHIRPS_v2.0_daily_via_ClimateSERV,NASA_POWER_daily,not_included,none,30,,soil_not_included_for_milestone,aas-chirps-v1,uganda_crop_model-0.2.0
Teso,2020,first_season,beans,0.47878209092690016,0.4664682671505587,0.9742809432313927,9602.81295877452,9355.83766714948,4479.40752065048,27.724418486910984,27.878087411259024,28.87642504148957,805.9775736145675,5.883047982588084,99,32,4,24.54419231414795,67.23028874397278,11,0.6652180335591267,2020-03-06,2020-03-30,66,90,25,23.474466240875913,34.09625,16.7675,8.84734489051095,1846.001875,17,0,0,AAS2020_Table_6_1,official_aggregate,sub_region,sub_region,production_mt_divided_by_area_harvested_ha,2020,first_season,False,False,False,surveyed_seasonal_block,True,CHIRPS_v2.0_daily_via_ClimateSERV,NASA_POWER_daily,not_included,none,30,,soil_not_included_for_milestone,aas-chirps-v1,uganda_crop_model-0.2.0
Teso,2020,first_season,groundnuts,0.3687334249789069,0.32309029070496825,0.8762164447756544,65048.57182822785,56996.6283450636,21016.561981925144,13.604949639622852,14.02948358507436,15.836928908657988,805.9775736145675,5.883047982588084,99,32,4,24.54419231414795,67.23028874397278,11,0.6652180335591267,2020-03-06,2020-03-30,66,90,25,23.474466240875913,34.09625,16.7675,8.84734489051095,1846.001875,17,0,0,AAS2020_Table_6_1,official_aggregate,sub_region,sub_region,production_mt_divided_by_area_harvested_ha,2020,first_season,False,False,False,surveyed_seasonal_block,True,CHIRPS_v2.0_daily_via_ClimateSERV,NASA_POWER_daily,not_included,none,30,,soil_not_included_for_milestone,aas-chirps-v1,uganda_crop_model-0.2.0
Teso,2020,first_season,maize,1.3718829183654722,1.2086517898312572,0.8810167206333495,43328.557223445394,38173.183394774285,52369.138238923326,16.33521281097101,12.485533058134896,17.74650106778382,805.9775736145675,5.883047982588084,99,32,4,24.54419231414795,67.23028874397278,11,0.6652180335591267,2020-03-06,2020-03-30,66,90,25,23.474466240875913,34.09625,16.7675,8.84734489051095,1846.001875,17,0,0,AAS2020_Table_6_1,official_aggregate,sub_region,sub_region,production_mt_divided_by_area_harvested_ha,2020,first_season,False,False,False,surveyed_seasonal_block,True,CHIRPS_v2.0_daily_via_ClimateSERV,NASA_POWER_daily,not_included,none,30,,soil_not_included_for_milestone,aas-chirps-v1,uganda_crop_model-0.2.0
Teso,2020,first_season,millet,0.22661179560371988,0.21410373338201708,0.9448040108045572,16812.142720075,15884.179872145498,3599.542522519357,17.211847304866026,16.676680449907145,18.385463401999704,805.9775736145675,5.883047982588084,99,32,4,24.54419231414795,67.23028874397278,11,0.6652180335591267,2020-03-06,2020-03-30,66,90,25,23.474466240875913,34.09625,16.7675,8.84734489051095,1846.001875,17,0,0,AAS2020_Table_6_1,official_aggregate,sub_region,sub_region,production_mt_divided_by_area_harvested_ha,2020,first_season,False,False,False,surveyed_seasonal_block,True,CHIRPS_v2.0_daily_via_ClimateSERV,NASA_POWER_daily,not_included,none,30,,soil_not_included_for_milestone,aas-chirps-v1,uganda_crop_model-0.2.0
Teso,2020,first_season,rice,1.3123638688539285,1.0352293602638967,0.7888279956746674,8333.441814006905,6573.652203214531,8627.023637910774,27.09485869933609,31.03937576124262,35.43913175485595,805.9775736145675,5.883047982588084,99,32,4,24.54419231414795,67.23028874397278,11,0.6652180335591267,2020-03-06,2020-03-30,66,90,25,23.474466240875913,34.09625,16.7675,8.84734489051095,1846.001875,17,0,0,AAS2020_Table_6_1,official_aggregate,sub_region,sub_region,production_mt_divided_by_area_harvested_ha,2020,first_season,False,False,False,surveyed_seasonal_block,True,CHIRPS_v2.0_daily_via_ClimateSERV,NASA_POWER_daily,not_included,none,30,,soil_not_included_for_milestone,aas-chirps-v1,uganda_crop_model-0.2.0
Teso,2020,first_season,simsim,0.3758526836726521,0.28700997061290695,0.7636235766853737,5319.608878305706,4062.178758219072,1526.7807878346796,40.94264478690082,42.43400621973572,42.55709760990744,805.9775736145675,5.883047982588084,99,32,4,24.54419231414795,67.23028874397278,11,0.6652180335591267,2020-03-06,2020-03-30,66,90,25,23.474466240875913,34.09625,16.7675,8.84734489051095,1846.001875,17,0,0,AAS2020_Table_6_1,official_aggregate,sub_region,sub_region,production_mt_divided_by_area_harvested_ha,2020,first_season,False,False,False,surveyed_seasonal_block,True,CHIRPS_v2.0_daily_via_ClimateSERV,NASA_POWER_daily,not_included,none,30,,soil_not_included_for_milestone,aas-chirps-v1,uganda_crop_model-0.2.0
Teso,2020,first_season,sorghum,0.6439380500075159,0.5869510500620725,0.911502356562439,17265.577450233675,15737.614533299304,10134.048814342696,25.31765110774485,25.588239071768555,22.258945580087328,805.9775736145675,5.883047982588084,99,32,4,24.54419231414795,67.23028874397278,11,0.6652180335591267,2020-03-06,2020-03-30,66,90,25,23.474466240875913,34.09625,16.7675,8.84734489051095,1846.001875,17,0,0,AAS2020_Table_6_1,official_aggregate,sub_region,sub_region,production_mt_divided_by_area_harvested_ha,2020,first_season,False,False,False,surveyed_seasonal_block,True,CHIRPS_v2.0_daily_via_ClimateSERV,NASA_POWER_daily,not_included,none,30,,soil_not_included_for_milestone,aas-chirps-v1,uganda_crop_model-0.2.0
Teso,2020,first_season,soya_beans,0.4286664418152572,0.41734233774046886,0.9735829470885694,5662.51514563866,5512.928183424547,2363.20730837165,32.27072250370278,32.86305961057481,31.689278581295195,805.9775736145675,5.883047982588084,99,32,4,24.54419231414795,67.23028874397278,11,0.6652180335591267,2020-03-06,2020-03-30,66,90,25,23.474466240875913,34.09625,16.7675,8.84734489051095,1846.001875,17,0,0,AAS2020_Table_6_1,official_aggregate,sub_region,sub_region,production_mt_divided_by_area_harvested_ha,2020,first_season,False,False,False,surveyed_seasonal_block,True,CHIRPS_v2.0_daily_via_ClimateSERV,NASA_POWER_daily,not_included,none,30,,soil_not_included_for_milestone,aas-chirps-v1,uganda_crop_model-0.2.0
Teso,2020,first_season,sweet_potatoes,2.3919434486183864,0.939332397578782,0.3927067749537937,18668.22629033616,7331.138940585537,17535.669759844714,16.21128380405782,18.26002232870298,15.714758139026966,805.9775736145675,5.883047982588084,99,32,4,24.54419231414795,67.23028874397278,11,0.6652180335591267,2020-03-06,2020-03-30,66,90,25,23.474466240875913,34.09625,16.7675,8.84734489051095,1846.001875,17,0,0,AAS2020_Table_6_1,official_aggregate,sub_region,sub_region,production_mt_divided_by_area_harvested_ha,2020,first_season,False,False,False,surveyed_seasonal_block,True,CHIRPS_v2.0_daily_via_ClimateSERV,NASA_POWER_daily,not_included,none,30,,soil_not_included_for_milestone,aas-chirps-v1,uganda_crop_model-0.2.0
Teso,2020,second_season,beans,0.7279249098775472,0.33479928736195946,0.4599365715047174,7839.183178115692,3605.5270343399857,2624.5529415329943,28.223952433731004,29.148170170975344,29.64140507186321,699.9961485862732,5.691025598262383,89,25,3,36.834675550460815,86.9707268178463,7,0.775300121718531,2020-08-15,2020-12-09,228,344,117,23.311189024390238,31.225,15.48625,9.662642276422762,1637.27625,0,0,0,AAS2020_Table_6_1,official_aggregate,sub_region,sub_region,production_mt_divided_by_area_harvested_ha,2020,second_season,False,False,False,surveyed_seasonal_block,True,CHIRPS_v2.0_daily_via_ClimateSERV,NASA_POWER_daily,not_included,none,30,,soil_not_included_for_milestone,aas-chirps-v1,uganda_crop_model-0.2.0
Teso,2020,second_season,groundnuts,0.43131689544229557,0.10931874953460309,0.25345343688079214,7359.601433314435,1865.3162773463475,804.5424257630066,33.78598630307698,54.34253164285448,33.71362572205208,699.9961485862732,5.691025598262383,89,25,3,36.834675550460815,86.9707268178463,7,0.775300121718531,2020-08-15,2020-12-09,228,344,117,23.311189024390238,31.225,15.48625,9.662642276422762,1637.27625,0,0,0,AAS2020_Table_6_1,official_aggregate,sub_region,sub_region,production_mt_divided_by_area_harvested_ha,2020,second_season,False,False,False,surveyed_seasonal_block,True,CHIRPS_v2.0_daily_via_ClimateSERV,NASA_POWER_daily,not_included,none,30,,soil_not_included_for_milestone,aas-chirps-v1,uganda_crop_model-0.2.0
Teso,2020,second_season,maize,1.540156423059482,0.6244522579581919,0.4054472965270198,50805.87175391593,20599.10335032369,31725.841334267127,13.912503766713566,14.26600221224707,18.56680274224161,699.9961485862732,5.691025598262383,89,25,3,36.834675550460815,86.9707268178463,7,0.775300121718531,2020-08-15,2020-12-09,228,344,117,23.311189024390238,31.225,15.48625,9.662642276422762,1637.27625,0,0,0,AAS2020_Table_6_1,official_aggregate,sub_region,sub_region,production_mt_divided_by_area_harvested_ha,2020,second_season,False,False,False,surveyed_seasonal_block,True,CHIRPS_v2.0_daily_via_ClimateSERV,NASA_POWER_daily,not_included,none,30,,soil_not_included_for_milestone,aas-chirps-v1,uganda_crop_model-0.2.0
Teso,2020,second_season,millet,0.35572649625143976,0.15778197407941766,0.4435485569449736,12665.494199428173,5617.7616751513,1998.3866774771907,22.88562779973989,27.008818140616707,24.229764498241863,699.9961485862732,5.691025598262383,89,25,3,36.834675550460815,86.9707268178463,7,0.775300121718531,2020-08-15,2020-12-09,228,344,117,23.311189024390238,31.225,15.48625,9.662642276422762,1637.27625,0,0,0,AAS2020_Table_6_1,official_aggregate,sub_region,sub_region,production_mt_divided_by_area_harvested_ha,2020,second_season,False,False,False,surveyed_seasonal_block,True,CHIRPS_v2.0_daily_via_ClimateSERV,NASA_POWER_daily,not_included,none,30,,soil_not_included_for_milestone,aas-chirps-v1,uganda_crop_model-0.2.0
Teso,2020,second_season,rice,1.0709719442643844,0.8996384634563747,0.8400205703561235,6587.33720136707,5533.498753020476,5926.221918106886,29.195171382911937,29.3049785364106,31.596791282788537,699.9961485862732,5.691025598262383,89,25,3,36.834675550460815,86.9707268178463,7,0.775300121718531,2020-08-15,2020-12-09,228,344,117,23.311189024390238,31.225,15.48625,9.662642276422762,1637.27625,0,0,0,AAS2020_Table_6_1,official_aggregate,sub_region,sub_region,production_mt_divided_by_area_harvested_ha,2020,second_season,False,False,False,surveyed_seasonal_block,True,CHIRPS_v2.0_daily_via_ClimateSERV,NASA_POWER_daily,not_included,none,30,,soil_not_included_for_milestone,aas-chirps-v1,uganda_crop_model-0.2.0
Teso,2020,second_season,simsim,0.6034722059137033,0.36128655010791866,0.5986796849424126,9048.628687809613,5417.230171978736,3269.1478418262777,25.63417318681421,26.11441645041444,38.10915638326489,699.9961485862732,5.691025598262383,89,25,3,36.834675550460815,86.9707268178463,7,0.775300121718531,2020-08-15,2020-12-09,228,344,117,23.311189024390238,31.225,15.48625,9.662642276422762,1637.27625,0,0,0,AAS2020_Table_6_1,official_aggregate,sub_region,sub_region,production_mt_divided_by_area_harvested_ha,2020,second_season,False,False,False,surveyed_seasonal_block,True,CHIRPS_v2.0_daily_via_ClimateSERV,NASA_POWER_daily,not_included,none,30,,soil_not_included_for_milestone,aas-chirps-v1,uganda_crop_model-0.2.0
Teso,2020,second_season,sorghum,1.141258363083009,0.4255682459551316,0.37289386848872363,48938.253033171975,18248.77449061951,20826.566503435395,12.934294754131756,15.011751619385624,14.394969823170015,699.9961485862732,5.691025598262383,89,25,3,36.834675550460815,86.9707268178463,7,0.775300121718531,2020-08-15,2020-12-09,228,344,117,23.311189024390238,31.225,15.48625,9.662642276422762,1637.27625,0,0,0,AAS2020_Table_6_1,official_aggregate,sub_region,sub_region,production_mt_divided_by_area_harvested_ha,2020,second_season,False,False,False,surveyed_seasonal_block,True,CHIRPS_v2.0_daily_via_ClimateSERV,NASA_POWER_daily,not_included,none,30,,soil_not_included_for_milestone,aas-chirps-v1,uganda_crop_model-0.2.0
Teso,2020,second_season,soya_beans,0.5653018244408415,0.11630027547311933,0.20573129334609122,11438.5399626886,2353.2656205148755,1330.3053486709682,33.7151913992894,37.453175193140645,36.7505998388784,699.9961485862732,5.691025598262383,89,25,3,36.834675550460815,86.9707268178463,7,0.775300121718531,2020-08-15,2020-12-09,228,344,117,23.311189024390238,31.225,15.48625,9.662642276422762,1637.27625,0,0,0,AAS2020_Table_6_1,official_aggregate,sub_region,sub_region,production_mt_divided_by_area_harvested_ha,2020,second_season,False,False,False,surveyed_seasonal_block,True,CHIRPS_v2.0_daily_via_ClimateSERV,NASA_POWER_daily,not_included,none,30,,soil_not_included_for_milestone,aas-chirps-v1,uganda_crop_model-0.2.0
Teso,2020,second_season,sweet_potatoes,4.986556877001546,2.263234146859474,0.453867107642493,41468.65281475067,18821.25751086161,93853.27107460397,11.284870342701694,11.68726853451528,11.55784483277248,699.9961485862732,5.691025598262383,89,25,3,36.834675550460815,86.9707268178463,7,0.775300121718531,2020-08-15,2020-12-09,228,344,117,23.311189024390238,31.225,15.48625,9.662642276422762,1637.27625,0,0,0,AAS2020_Table_6_1,official_aggregate,sub_region,sub_region,production_mt_divided_by_area_harvested_ha,2020,second_season,False,False,False,surveyed_seasonal_block,True,CHIRPS_v2.0_daily_via_ClimateSERV,NASA_POWER_daily,not_included,none,30,,soil_not_included_for_milestone,aas-chirps-v1,uganda_crop_model-0.2.0
Tooro,2018,annual,beans,0.7,0.642408512367687,0.4591469159292853,108266.0,49710.0,69551.0,,,11.7,1300.6903450811901,3.5635351920032607,216,40,1,20.946760813395183,54.75246445337931,31,0.6668246216096457,2018-03-04,2018-12-17,63,351,289,21.147328767123287,32.89,11.665,9.647881278538812,4068.7749999999996,6,0,0,AAS2018_Annex4,official_aggregate,sub_region,sub_region,published_official_subregion_yield_over_harvested,2018,annual,False,False,False,published_annual_aggregate_total_and_s2_harvested_area,False,CHIRPS_v2.0_daily_via_ClimateSERV,NASA_POWER_daily,not_included,none,30,,soil_not_included_for_milestone,aas-chirps-v1,uganda_crop_model-0.2.0
Tooro,2018,annual,groundnuts,0.6,0.5545654881670978,0.49556864999520933,41748.0,20689.0,23152.0,,,14.6,1300.6903450811901,3.5635351920032607,216,40,1,20.946760813395183,54.75246445337931,31,0.6668246216096457,2018-03-04,2018-12-17,63,351,289,21.147328767123287,32.89,11.665,9.647881278538812,4068.7749999999996,6,0,0,AAS2018_Annex4,official_aggregate,sub_region,sub_region,published_official_subregion_yield_over_harvested,2018,annual,False,False,False,published_annual_aggregate_total_and_s2_harvested_area,False,CHIRPS_v2.0_daily_via_ClimateSERV,NASA_POWER_daily,not_included,none,30,,soil_not_included_for_milestone,aas-chirps-v1,uganda_crop_model-0.2.0
Tooro,2018,annual,irish_potatoes,3.4,2.8611041896557863,0.5478588972341865,28093.0,15391.0,80377.0,,,23.4,1300.6903450811901,3.5635351920032607,216,40,1,20.946760813395183,54.75246445337931,31,0.6668246216096457,2018-03-04,2018-12-17,63,351,289,21.147328767123287,32.89,11.665,9.647881278538812,4068.7749999999996,6,0,0,AAS2018_Annex4,official_aggregate,sub_region,sub_region,published_official_subregion_yield_over_harvested,2018,annual,False,False,False,published_annual_aggregate_total_and_s2_harvested_area,False,CHIRPS_v2.0_daily_via_ClimateSERV,NASA_POWER_daily,not_included,none,30,,soil_not_included_for_milestone,aas-chirps-v1,uganda_crop_model-0.2.0
Tooro,2018,annual,maize,2.1,1.9306070988467758,0.4227467964014275,140389.0,59349.0,271036.0,,,18.5,1300.6903450811901,3.5635351920032607,216,40,1,20.946760813395183,54.75246445337931,31,0.6668246216096457,2018-03-04,2018-12-17,63,351,289,21.147328767123287,32.89,11.665,9.647881278538812,4068.7749999999996,6,0,0,AAS2018_Annex4,official_aggregate,sub_region,sub_region,published_official_subregion_yield_over_harvested,2018,annual,False,False,False,published_annual_aggregate_total_and_s2_harvested_area,False,CHIRPS_v2.0_daily_via_ClimateSERV,NASA_POWER_daily,not_included,none,30,,soil_not_included_for_milestone,aas-chirps-v1,uganda_crop_model-0.2.0
Tooro,2018,annual,millet,0.7,0.6842802716581083,0.8345204571807189,6037.0,5038.0,4131.0,,,21.6,1300.6903450811901,3.5635351920032607,216,40,1,20.946760813395183,54.75246445337931,31,0.6668246216096457,2018-03-04,2018-12-17,63,351,289,21.147328767123287,32.89,11.665,9.647881278538812,4068.7749999999996,6,0,0,AAS2018_Annex4,official_aggregate,sub_region,sub_region,published_official_subregion_yield_over_harvested,2018,annual,False,False,False,published_annual_aggregate_total_and_s2_harvested_area,False,CHIRPS_v2.0_daily_via_ClimateSERV,NASA_POWER_daily,not_included,none,30,,soil_not_included_for_milestone,aas-chirps-v1,uganda_crop_model-0.2.0
Tooro,2018,annual,rice,1.7,1.6755249343832022,0.9914698162729659,3048.0,3022.0,5107.0,,,99.4,1300.6903450811901,3.5635351920032607,216,40,1,20.946760813395183,54.75246445337931,31,0.6668246216096457,2018-03-04,2018-12-17,63,351,289,21.147328767123287,32.89,11.665,9.647881278538812,4068.7749999999996,6,0,0,AAS2018_Annex4,official_aggregate,sub_region,sub_region,published_official_subregion_yield_over_harvested,2018,annual,False,False,False,published_annual_aggregate_total_and_s2_harvested_area,False,CHIRPS_v2.0_daily_via_ClimateSERV,NASA_POWER_daily,not_included,none,30,,soil_not_included_for_milestone,aas-chirps-v1,uganda_crop_model-0.2.0
Tooro,2018,annual,simsim,0.6,0.29244629244629244,0.028413028413028413,1443.0,41.0,422.0,,,100.0,1300.6903450811901,3.5635351920032607,216,40,1,20.946760813395183,54.75246445337931,31,0.6668246216096457,2018-03-04,2018-12-17,63,351,289,21.147328767123287,32.89,11.665,9.647881278538812,4068.7749999999996,6,0,0,AAS2018_Annex4,official_aggregate,sub_region,sub_region,published_official_subregion_yield_over_harvested,2018,annual,False,False,False,published_annual_aggregate_total_and_s2_harvested_area,False,CHIRPS_v2.0_daily_via_ClimateSERV,NASA_POWER_daily,not_included,none,30,,soil_not_included_for_milestone,aas-chirps-v1,uganda_crop_model-0.2.0
Tooro,2018,annual,sorghum,1.0,1.0322670764073194,0.45844391674814916,7159.0,3282.0,7390.0,,,46.9,1300.6903450811901,3.5635351920032607,216,40,1,20.946760813395183,54.75246445337931,31,0.6668246216096457,2018-03-04,2018-12-17,63,351,289,21.147328767123287,32.89,11.665,9.647881278538812,4068.7749999999996,6,0,0,AAS2018_Annex4,official_aggregate,sub_region,sub_region,published_official_subregion_yield_over_harvested,2018,annual,False,False,False,published_annual_aggregate_total_and_s2_harvested_area,False,CHIRPS_v2.0_daily_via_ClimateSERV,NASA_POWER_daily,not_included,none,30,,soil_not_included_for_milestone,aas-chirps-v1,uganda_crop_model-0.2.0
Tooro,2018,annual,soya_beans,0.3,0.46932114882506526,0.5972584856396866,3064.0,1830.0,1438.0,,,49.8,1300.6903450811901,3.5635351920032607,216,40,1,20.946760813395183,54.75246445337931,31,0.6668246216096457,2018-03-04,2018-12-17,63,351,289,21.147328767123287,32.89,11.665,9.647881278538812,4068.7749999999996,6,0,0,AAS2018_Annex4,official_aggregate,sub_region,sub_region,published_official_subregion_yield_over_harvested,2018,annual,False,False,False,published_annual_aggregate_total_and_s2_harvested_area,False,CHIRPS_v2.0_daily_via_ClimateSERV,NASA_POWER_daily,not_included,none,30,,soil_not_included_for_milestone,aas-chirps-v1,uganda_crop_model-0.2.0
Tooro,2018,annual,sweet_potatoes,3.3,2.2265125430398425,0.4048204623708805,24396.0,9876.0,54318.0,,,18.4,1300.6903450811901,3.5635351920032607,216,40,1,20.946760813395183,54.75246445337931,31,0.6668246216096457,2018-03-04,2018-12-17,63,351,289,21.147328767123287,32.89,11.665,9.647881278538812,4068.7749999999996,6,0,0,AAS2018_Annex4,official_aggregate,sub_region,sub_region,published_official_subregion_yield_over_harvested,2018,annual,False,False,False,published_annual_aggregate_total_and_s2_harvested_area,False,CHIRPS_v2.0_daily_via_ClimateSERV,NASA_POWER_daily,not_included,none,30,,soil_not_included_for_milestone,aas-chirps-v1,uganda_crop_model-0.2.0
Tooro,2020,first_season,beans,0.5714159022282193,0.49091922676666305,0.8591276946482207,71359.82343336675,61307.20059681245,35031.909342114006,8.297373619576605,9.339106708024056,11.02239006735167,443.1376402539512,3.2345813157222714,84,7,2,29.801388104756672,69.78730813662212,7,0.9669469823253094,2020-03-23,2020-06-29,83,181,99,20.894872262773724,28.08333333333333,13.875,8.655997566909974,1492.5975,0,0,0,AAS2020_Table_6_1,official_aggregate,sub_region,sub_region,production_mt_divided_by_area_harvested_ha,2020,first_season,False,False,False,surveyed_seasonal_block,True,CHIRPS_v2.0_daily_via_ClimateSERV,NASA_POWER_daily,not_included,none,30,,soil_not_included_for_milestone,aas-chirps-v1,uganda_crop_model-0.2.0
Tooro,2020,first_season,groundnuts,0.4788089757102604,0.44515338016161754,0.9297097647371408,13284.98754284861,12351.182642997628,5913.857110104041,20.30143096856489,21.029170666207342,21.55090374209809,443.1376402539512,3.2345813157222714,84,7,2,29.801388104756672,69.78730813662212,7,0.9669469823253094,2020-03-23,2020-06-29,83,181,99,20.894872262773724,28.08333333333333,13.875,8.655997566909974,1492.5975,0,0,0,AAS2020_Table_6_1,official_aggregate,sub_region,sub_region,production_mt_divided_by_area_harvested_ha,2020,first_season,False,False,False,surveyed_seasonal_block,True,CHIRPS_v2.0_daily_via_ClimateSERV,NASA_POWER_daily,not_included,none,30,,soil_not_included_for_milestone,aas-chirps-v1,uganda_crop_model-0.2.0
Tooro,2020,first_season,irish_potatoes,2.6024431954057294,1.9448697422987304,0.7473245701316908,15657.560888852642,11701.279960572576,30451.91641092952,31.903765917544373,36.06627547360483,47.07866411788354,443.1376402539512,3.2345813157222714,84,7,2,29.801388104756672,69.78730813662212,7,0.9669469823253094,2020-03-23,2020-06-29,83,181,99,20.894872262773724,28.08333333333333,13.875,8.655997566909974,1492.5975,0,0,0,AAS2020_Table_6_1,official_aggregate,sub_region,sub_region,production_mt_divided_by_area_harvested_ha,2020,first_season,False,False,False,surveyed_seasonal_block,True,CHIRPS_v2.0_daily_via_ClimateSERV,NASA_POWER_daily,not_included,none,30,,soil_not_included_for_milestone,aas-chirps-v1,uganda_crop_model-0.2.0
Tooro,2020,first_season,maize,3.0038294115831783,2.5133364385980332,0.8367107762199355,64066.41396896392,53605.05896159952,161020.45271850307,26.09312179262629,23.904563954035098,25.692759896606,443.1376402539512,3.2345813157222714,84,7,2,29.801388104756672,69.78730813662212,7,0.9669469823253094,2020-03-23,2020-06-29,83,181,99,20.894872262773724,28.08333333333333,13.875,8.655997566909974,1492.5975,0,0,0,AAS2020_Table_6_1,official_aggregate,sub_region,sub_region,production_mt_divided_by_area_harvested_ha,2020,first_season,False,False,False,surveyed_seasonal_block,True,CHIRPS_v2.0_daily_via_ClimateSERV,NASA_POWER_daily,not_included,none,30,,soil_not_included_for_milestone,aas-chirps-v1,uganda_crop_model-0.2.0
Tooro,2020,first_season,millet,0.4632153663470989,0.33143790165981335,0.715515774602906,864.5322250050185,618.5864446436397,286.53874657295296,45.271313598692686,47.41169185453503,40.89855540113433,443.1376402539512,3.2345813157222714,84,7,2,29.801388104756672,69.78730813662212,7,0.9669469823253094,2020-03-23,2020-06-29,83,181,99,20.894872262773724,28.08333333333333,13.875,8.655997566909974,1492.5975,0,0,0,AAS2020_Table_6_1,official_aggregate,sub_region,sub_region,production_mt_divided_by_area_harvested_ha,2020,first_season,False,False,False,surveyed_seasonal_block,True,CHIRPS_v2.0_daily_via_ClimateSERV,NASA_POWER_daily,not_included,none,30,,soil_not_included_for_milestone,aas-chirps-v1,uganda_crop_model-0.2.0
Tooro,2020,first_season,rice,1.3679142770311534,0.9650928718339173,0.7055214555757853,1245.5929597294887,878.7925580032994,1202.1128866414413,51.64475002576435,54.02781909404879,56.42932063922554,443.1376402539512,3.2345813157222714,84,7,2,29.801388104756672,69.78730813662212,7,0.9669469823253094,2020-03-23,2020-06-29,83,181,99,20.894872262773724,28.08333333333333,13.875,8.655997566909974,1492.5975,0,0,0,AAS2020_Table_6_1,official_aggregate,sub_region,sub_region,production_mt_divided_by_area_harvested_ha,2020,first_season,False,False,False,surveyed_seasonal_block,True,CHIRPS_v2.0_daily_via_ClimateSERV,NASA_POWER_daily,not_included,none,30,,soil_not_included_for_milestone,aas-chirps-v1,uganda_crop_model-0.2.0
Tooro,2020,first_season,simsim,0.27785952268600317,0.21526880367785306,0.7747397015473854,5663.900378598119,4388.0484889092295,1219.261058651356,88.23816661512687,85.08912316749846,83.16277733389035,443.1376402539512,3.2345813157222714,84,7,2,29.801388104756672,69.78730813662212,7,0.9669469823253094,2020-03-23,2020-06-29,83,181,99,20.894872262773724,28.08333333333333,13.875,8.655997566909974,1492.5975,0,0,0,AAS2020_Table_6_1,official_aggregate,sub_region,sub_region,production_mt_divided_by_area_harvested_ha,2020,first_season,False,False,False,surveyed_seasonal_block,True,CHIRPS_v2.0_daily_via_ClimateSERV,NASA_POWER_daily,not_included,none,30,,soil_not_included_for_milestone,aas-chirps-v1,uganda_crop_model-0.2.0
Tooro,2020,first_season,sorghum,0.5962480462055857,0.5018424813497141,0.8416672969301091,1773.9473440727124,1493.0734659820262,890.2421369331851,56.03861969870818,65.78743796053274,64.38630397630509,443.1376402539512,3.2345813157222714,84,7,2,29.801388104756672,69.78730813662212,7,0.9669469823253094,2020-03-23,2020-06-29,83,181,99,20.894872262773724,28.08333333333333,13.875,8.655997566909974,1492.5975,0,0,0,AAS2020_Table_6_1,official_aggregate,sub_region,sub_region,production_mt_divided_by_area_harvested_ha,2020,first_season,False,False,False,surveyed_seasonal_block,True,CHIRPS_v2.0_daily_via_ClimateSERV,NASA_POWER_daily,not_included,none,30,,soil_not_included_for_milestone,aas-chirps-v1,uganda_crop_model-0.2.0
Tooro,2020,first_season,soya_beans,0.4113045140407508,0.4113045140407508,1.0,1201.750244048454,1201.750244048454,494.2853001267031,36.27136344179719,36.27136344179719,53.77213183301258,443.1376402539512,3.2345813157222714,84,7,2,29.801388104756672,69.78730813662212,7,0.9669469823253094,2020-03-23,2020-06-29,83,181,99,20.894872262773724,28.08333333333333,13.875,8.655997566909974,1492.5975,0,0,0,AAS2020_Table_6_1,official_aggregate,sub_region,sub_region,production_mt_divided_by_area_harvested_ha,2020,first_season,False,False,False,surveyed_seasonal_block,True,CHIRPS_v2.0_daily_via_ClimateSERV,NASA_POWER_daily,not_included,none,30,,soil_not_included_for_milestone,aas-chirps-v1,uganda_crop_model-0.2.0
Tooro,2020,first_season,sweet_potatoes,2.031705860523254,1.7267037235523697,0.8498787925470999,6699.080209798372,5693.406199879613,11567.32674263484,22.703038034052756,26.920217590556412,24.547335648731845,443.1376402539512,3.2345813157222714,84,7,2,29.801388104756672,69.78730813662212,7,0.9669469823253094,2020-03-23,2020-06-29,83,181,99,20.894872262773724,28.08333333333333,13.875,8.655997566909974,1492.5975,0,0,0,AAS2020_Table_6_1,official_aggregate,sub_region,sub_region,production_mt_divided_by_area_harvested_ha,2020,first_season,False,False,False,surveyed_seasonal_block,True,CHIRPS_v2.0_daily_via_ClimateSERV,NASA_POWER_daily,not_included,none,30,,soil_not_included_for_milestone,aas-chirps-v1,uganda_crop_model-0.2.0
Tooro,2020,second_season,beans,1.1835686146592244,0.5554145389050816,0.4692710942364738,83433.83875252922,39153.0888077489,46340.36707981695,11.438125213862792,13.931134441321708,12.933145292822362,572.6255900263786,4.655492601840477,97,14,0,17.376190185546875,50.14780724048615,6,0.610020101338572,2020-08-19,2020-12-09,232,344,113,20.81642953929539,27.3,14.433333333333332,8.609661246612461,1330.4208333333336,0,0,0,AAS2020_Table_6_1,official_aggregate,sub_region,sub_region,production_mt_divided_by_area_harvested_ha,2020,second_season,False,False,False,surveyed_seasonal_block,True,CHIRPS_v2.0_daily_via_ClimateSERV,NASA_POWER_daily,not_included,none,30,,soil_not_included_for_milestone,aas-chirps-v1,uganda_crop_model-0.2.0
Tooro,2020,second_season,groundnuts,0.8188652144271537,0.33405977414517063,0.4079545305619874,13598.459294654513,5547.553077917076,4542.698240694583,16.80720470168287,19.521719736714093,18.34434706047047,572.6255900263786,4.655492601840477,97,14,0,17.376190185546875,50.14780724048615,6,0.610020101338572,2020-08-19,2020-12-09,232,344,113,20.81642953929539,27.3,14.433333333333332,8.609661246612461,1330.4208333333336,0,0,0,AAS2020_Table_6_1,official_aggregate,sub_region,sub_region,production_mt_divided_by_area_harvested_ha,2020,second_season,False,False,False,surveyed_seasonal_block,True,CHIRPS_v2.0_daily_via_ClimateSERV,NASA_POWER_daily,not_included,none,30,,soil_not_included_for_milestone,aas-chirps-v1,uganda_crop_model-0.2.0
Tooro,2020,second_season,irish_potatoes,5.09052971295232,2.0202270749918436,0.3968598925670912,13702.617445540409,5438.019287325116,27682.398761736305,31.96706129768925,28.160372054124597,27.21426058747143,572.6255900263786,4.655492601840477,97,14,0,17.376190185546875,50.14780724048615,6,0.610020101338572,2020-08-19,2020-12-09,232,344,113,20.81642953929539,27.3,14.433333333333332,8.609661246612461,1330.4208333333336,0,0,0,AAS2020_Table_6_1,official_aggregate,sub_region,sub_region,production_mt_divided_by_area_harvested_ha,2020,second_season,False,False,False,surveyed_seasonal_block,True,CHIRPS_v2.0_daily_via_ClimateSERV,NASA_POWER_daily,not_included,none,30,,soil_not_included_for_milestone,aas-chirps-v1,uganda_crop_model-0.2.0
Tooro,2020,second_season,maize,4.280134298861752,2.3012558595620862,0.537659731886001,85373.47509107928,45901.87972764587,196466.209804524,21.15153463720992,29.60295582909324,22.956032838810632,572.6255900263786,4.655492601840477,97,14,0,17.376190185546875,50.14780724048615,6,0.610020101338572,2020-08-19,2020-12-09,232,344,113,20.81642953929539,27.3,14.433333333333332,8.609661246612461,1330.4208333333336,0,0,0,AAS2020_Table_6_1,official_aggregate,sub_region,sub_region,production_mt_divided_by_area_harvested_ha,2020,second_season,False,False,False,surveyed_seasonal_block,True,CHIRPS_v2.0_daily_via_ClimateSERV,NASA_POWER_daily,not_included,none,30,,soil_not_included_for_milestone,aas-chirps-v1,uganda_crop_model-0.2.0
Tooro,2020,second_season,millet,1.0445138088407484,0.4273231949812395,0.40911205899278946,7929.003031983963,3243.85075617503,3388.2469086433225,31.68375157812945,25.95851329252889,33.59420703167864,572.6255900263786,4.655492601840477,97,14,0,17.376190185546875,50.14780724048615,6,0.610020101338572,2020-08-19,2020-12-09,232,344,113,20.81642953929539,27.3,14.433333333333332,8.609661246612461,1330.4208333333336,0,0,0,AAS2020_Table_6_1,official_aggregate,sub_region,sub_region,production_mt_divided_by_area_harvested_ha,2020,second_season,False,False,False,surveyed_seasonal_block,True,CHIRPS_v2.0_daily_via_ClimateSERV,NASA_POWER_daily,not_included,none,30,,soil_not_included_for_milestone,aas-chirps-v1,uganda_crop_model-0.2.0
Tooro,2020,second_season,rice,2.631104714179096,1.8187715753609495,0.6912577692402507,7479.508192177458,5170.26814793877,13603.516897611722,69.32965679552045,57.37019267860168,64.5592608410431,572.6255900263786,4.655492601840477,97,14,0,17.376190185546875,50.14780724048615,6,0.610020101338572,2020-08-19,2020-12-09,232,344,113,20.81642953929539,27.3,14.433333333333332,8.609661246612461,1330.4208333333336,0,0,0,AAS2020_Table_6_1,official_aggregate,sub_region,sub_region,production_mt_divided_by_area_harvested_ha,2020,second_season,False,False,False,surveyed_seasonal_block,True,CHIRPS_v2.0_daily_via_ClimateSERV,NASA_POWER_daily,not_included,none,30,,soil_not_included_for_milestone,aas-chirps-v1,uganda_crop_model-0.2.0
Tooro,2020,second_season,simsim,0.30962587166580197,0.2835965928254459,0.9159331269692766,2130.408372967061,1951.3116027732492,604.1765559002604,93.69867703469136,96.80141367676735,85.51381678791516,572.6255900263786,4.655492601840477,97,14,0,17.376190185546875,50.14780724048615,6,0.610020101338572,2020-08-19,2020-12-09,232,344,113,20.81642953929539,27.3,14.433333333333332,8.609661246612461,1330.4208333333336,0,0,0,AAS2020_Table_6_1,official_aggregate,sub_region,sub_region,production_mt_divided_by_area_harvested_ha,2020,second_season,False,False,False,surveyed_seasonal_block,True,CHIRPS_v2.0_daily_via_ClimateSERV,NASA_POWER_daily,not_included,none,30,,soil_not_included_for_milestone,aas-chirps-v1,uganda_crop_model-0.2.0
Tooro,2020,second_season,sorghum,1.958342814699392,0.40113716160203505,0.2048350056951648,2640.0670574540377,540.7781507492148,1059.0290058661494,60.756487528358285,73.78136477364028,60.81590581860468,572.6255900263786,4.655492601840477,97,14,0,17.376190185546875,50.14780724048615,6,0.610020101338572,2020-08-19,2020-12-09,232,344,113,20.81642953929539,27.3,14.433333333333332,8.609661246612461,1330.4208333333336,0,0,0,AAS2020_Table_6_1,official_aggregate,sub_region,sub_region,production_mt_divided_by_area_harvested_ha,2020,second_season,False,False,False,surveyed_seasonal_block,True,CHIRPS_v2.0_daily_via_ClimateSERV,NASA_POWER_daily,not_included,none,30,,soil_not_included_for_milestone,aas-chirps-v1,uganda_crop_model-0.2.0
Tooro,2020,second_season,soya_beans,0.5816289868880459,0.4548648600809303,0.7820532854021672,2704.690674407025,2115.2122279166174,1230.2687451763486,38.98789507613504,45.39338460718363,41.47614494573647,572.6255900263786,4.655492601840477,97,14,0,17.376190185546875,50.14780724048615,6,0.610020101338572,2020-08-19,2020-12-09,232,344,113,20.81642953929539,27.3,14.433333333333332,8.609661246612461,1330.4208333333336,0,0,0,AAS2020_Table_6_1,official_aggregate,sub_region,sub_region,production_mt_divided_by_area_harvested_ha,2020,second_season,False,False,False,surveyed_seasonal_block,True,CHIRPS_v2.0_daily_via_ClimateSERV,NASA_POWER_daily,not_included,none,30,,soil_not_included_for_milestone,aas-chirps-v1,uganda_crop_model-0.2.0
Tooro,2020,second_season,sweet_potatoes,17.19569748995181,3.712630290244218,0.2159046059291092,7320.674494929634,1580.5673419630632,27178.95787489405,17.170850746718415,26.048537200544807,43.04377656027263,572.6255900263786,4.655492601840477,97,14,0,17.376190185546875,50.14780724048615,6,0.610020101338572,2020-08-19,2020-12-09,232,344,113,20.81642953929539,27.3,14.433333333333332,8.609661246612461,1330.4208333333336,0,0,0,AAS2020_Table_6_1,official_aggregate,sub_region,sub_region,production_mt_divided_by_area_harvested_ha,2020,second_season,False,False,False,surveyed_seasonal_block,True,CHIRPS_v2.0_daily_via_ClimateSERV,NASA_POWER_daily,not_included,none,30,,soil_not_included_for_milestone,aas-chirps-v1,uganda_crop_model-0.2.0
West Nile,2018,annual,beans,0.7,0.6301532862042416,0.6074753272205502,14287.0,8679.0,9003.0,,,26.5,1378.101045006079,3.775619301386518,201,43,4,25.69434142112732,62.344817101955414,47,0.7099499717935994,2018-03-16,2018-12-16,75,350,276,24.508309931506854,38.5975,15.33625,10.145352739726029,5295.533125000001,83,23,0,AAS2018_Annex4,official_aggregate,sub_region,sub_region,published_official_subregion_yield_over_harvested,2018,annual,False,False,False,published_annual_aggregate_total_and_s2_harvested_area,False,CHIRPS_v2.0_daily_via_ClimateSERV,NASA_POWER_daily,not_included,none,30,,soil_not_included_for_milestone,aas-chirps-v1,uganda_crop_model-0.2.0
West Nile,2018,annual,groundnuts,0.6,0.5314408396946565,0.44732824427480916,41920.0,18752.0,22278.0,,,23.7,1378.101045006079,3.775619301386518,201,43,4,25.69434142112732,62.344817101955414,47,0.7099499717935994,2018-03-16,2018-12-16,75,350,276,24.508309931506854,38.5975,15.33625,10.145352739726029,5295.533125000001,83,23,0,AAS2018_Annex4,official_aggregate,sub_region,sub_region,published_official_subregion_yield_over_harvested,2018,annual,False,False,False,published_annual_aggregate_total_and_s2_harvested_area,False,CHIRPS_v2.0_daily_via_ClimateSERV,NASA_POWER_daily,not_included,none,30,,soil_not_included_for_milestone,aas-chirps-v1,uganda_crop_model-0.2.0
West Nile,2018,annual,irish_potatoes,6.6,4.104152484683458,0.3587474472430225,1469.0,527.0,6029.0,,,69.4,1378.101045006079,3.775619301386518,201,43,4,25.69434142112732,62.344817101955414,47,0.7099499717935994,2018-03-16,2018-12-16,75,350,276,24.508309931506854,38.5975,15.33625,10.145352739726029,5295.533125000001,83,23,0,AAS2018_Annex4,official_aggregate,sub_region,sub_region,published_official_subregion_yield_over_harvested,2018,annual,False,False,False,published_annual_aggregate_total_and_s2_harvested_area,False,CHIRPS_v2.0_daily_via_ClimateSERV,NASA_POWER_daily,not_included,none,30,,soil_not_included_for_milestone,aas-chirps-v1,uganda_crop_model-0.2.0
West Nile,2018,annual,maize,2.1,1.3070926000808734,0.2193449251920744,61825.0,13561.0,80811.0,,,22.5,1378.101045006079,3.775619301386518,201,43,4,25.69434142112732,62.344817101955414,47,0.7099499717935994,2018-03-16,2018-12-16,75,350,276,24.508309931506854,38.5975,15.33625,10.145352739726029,5295.533125000001,83,23,0,AAS2018_Annex4,official_aggregate,sub_region,sub_region,published_official_subregion_yield_over_harvested,2018,annual,False,False,False,published_annual_aggregate_total_and_s2_harvested_area,False,CHIRPS_v2.0_daily_via_ClimateSERV,NASA_POWER_daily,not_included,none,30,,soil_not_included_for_milestone,aas-chirps-v1,uganda_crop_model-0.2.0
West Nile,2018,annual,millet,0.7,0.6782904873895061,0.8550806909415295,12331.0,10544.0,8364.0,,,58.0,1378.101045006079,3.775619301386518,201,43,4,25.69434142112732,62.344817101955414,47,0.7099499717935994,2018-03-16,2018-12-16,75,350,276,24.508309931506854,38.5975,15.33625,10.145352739726029,5295.533125000001,83,23,0,AAS2018_Annex4,official_aggregate,sub_region,sub_region,published_official_subregion_yield_over_harvested,2018,annual,False,False,False,published_annual_aggregate_total_and_s2_harvested_area,False,CHIRPS_v2.0_daily_via_ClimateSERV,NASA_POWER_daily,not_included,none,30,,soil_not_included_for_milestone,aas-chirps-v1,uganda_crop_model-0.2.0
West Nile,2018,annual,rice,1.2,1.1934515688949523,0.8843110504774898,3665.0,3241.0,4374.0,,,51.1,1378.101045006079,3.775619301386518,201,43,4,25.69434142112732,62.344817101955414,47,0.7099499717935994,2018-03-16,2018-12-16,75,350,276,24.508309931506854,38.5975,15.33625,10.145352739726029,5295.533125000001,83,23,0,AAS2018_Annex4,official_aggregate,sub_region,sub_region,published_official_subregion_yield_over_harvested,2018,annual,False,False,False,published_annual_aggregate_total_and_s2_harvested_area,False,CHIRPS_v2.0_daily_via_ClimateSERV,NASA_POWER_daily,not_included,none,30,,soil_not_included_for_milestone,aas-chirps-v1,uganda_crop_model-0.2.0
West Nile,2018,annual,simsim,0.2,0.22469467357247905,0.9754140290299891,31278.0,30509.0,7028.0,,,26.4,1378.101045006079,3.775619301386518,201,43,4,25.69434142112732,62.344817101955414,47,0.7099499717935994,2018-03-16,2018-12-16,75,350,276,24.508309931506854,38.5975,15.33625,10.145352739726029,5295.533125000001,83,23,0,AAS2018_Annex4,official_aggregate,sub_region,sub_region,published_official_subregion_yield_over_harvested,2018,annual,False,False,False,published_annual_aggregate_total_and_s2_harvested_area,False,CHIRPS_v2.0_daily_via_ClimateSERV,NASA_POWER_daily,not_included,none,30,,soil_not_included_for_milestone,aas-chirps-v1,uganda_crop_model-0.2.0
West Nile,2018,annual,sorghum,0.7,0.59296522221342,0.6544799176107106,25246.0,16523.0,14970.0,,,18.1,1378.101045006079,3.775619301386518,201,43,4,25.69434142112732,62.344817101955414,47,0.7099499717935994,2018-03-16,2018-12-16,75,350,276,24.508309931506854,38.5975,15.33625,10.145352739726029,5295.533125000001,83,23,0,AAS2018_Annex4,official_aggregate,sub_region,sub_region,published_official_subregion_yield_over_harvested,2018,annual,False,False,False,published_annual_aggregate_total_and_s2_harvested_area,False,CHIRPS_v2.0_daily_via_ClimateSERV,NASA_POWER_daily,not_included,none,30,,soil_not_included_for_milestone,aas-chirps-v1,uganda_crop_model-0.2.0
West Nile,2018,annual,soya_beans,0.5,0.40181268882175225,0.48217522658610273,1655.0,798.0,665.0,,,38.3,1378.101045006079,3.775619301386518,201,43,4,25.69434142112732,62.344817101955414,47,0.7099499717935994,2018-03-16,2018-12-16,75,350,276,24.508309931506854,38.5975,15.33625,10.145352739726029,5295.533125000001,83,23,0,AAS2018_Annex4,official_aggregate,sub_region,sub_region,published_official_subregion_yield_over_harvested,2018,annual,False,False,False,published_annual_aggregate_total_and_s2_harvested_area,False,CHIRPS_v2.0_daily_via_ClimateSERV,NASA_POWER_daily,not_included,none,30,,soil_not_included_for_milestone,aas-chirps-v1,uganda_crop_model-0.2.0
West Nile,2018,annual,sweet_potatoes,4.9,4.241811091854419,0.6752166377816291,23080.0,15584.0,97901.0,,,29.8,1378.101045006079,3.775619301386518,201,43,4,25.69434142112732,62.344817101955414,47,0.7099499717935994,2018-03-16,2018-12-16,75,350,276,24.508309931506854,38.5975,15.33625,10.145352739726029,5295.533125000001,83,23,0,AAS2018_Annex4,official_aggregate,sub_region,sub_region,published_official_subregion_yield_over_harvested,2018,annual,False,False,False,published_annual_aggregate_total_and_s2_harvested_area,False,CHIRPS_v2.0_daily_via_ClimateSERV,NASA_POWER_daily,not_included,none,30,,soil_not_included_for_milestone,aas-chirps-v1,uganda_crop_model-0.2.0
West Nile,2020,first_season,beans,0.5251432400895707,0.41552436498532996,0.7912590951650761,7323.892066053298,5795.096209272012,3043.255599967893,24.647943322968867,27.29521059906108,28.769463299342373,568.4824554855004,4.149506974346719,97,13,0,18.382431626319885,47.01603955030441,5,0.6748049091887962,2020-03-07,2020-07-15,67,197,131,24.1996852189781,37.00375,17.15625,8.821724452554744,1945.356875,20,5,0,AAS2020_Table_6_1,official_aggregate,sub_region,sub_region,production_mt_divided_by_area_harvested_ha,2020,first_season,False,False,False,surveyed_seasonal_block,True,CHIRPS_v2.0_daily_via_ClimateSERV,NASA_POWER_daily,not_included,none,30,,soil_not_included_for_milestone,aas-chirps-v1,uganda_crop_model-0.2.0
West Nile,2020,first_season,groundnuts,0.40554850172709167,0.2753054579885901,0.6788471830524803,20346.62966069895,13812.252229777523,5601.538197262956,20.363590611992983,19.04585118933058,20.073447909579876,568.4824554855004,4.149506974346719,97,13,0,18.382431626319885,47.01603955030441,5,0.6748049091887962,2020-03-07,2020-07-15,67,197,131,24.1996852189781,37.00375,17.15625,8.821724452554744,1945.356875,20,5,0,AAS2020_Table_6_1,official_aggregate,sub_region,sub_region,production_mt_divided_by_area_harvested_ha,2020,first_season,False,False,False,surveyed_seasonal_block,True,CHIRPS_v2.0_daily_via_ClimateSERV,NASA_POWER_daily,not_included,none,30,,soil_not_included_for_milestone,aas-chirps-v1,uganda_crop_model-0.2.0
West Nile,2020,first_season,irish_potatoes,1.4211566881060225,1.4211566881060225,1.0,243.5609536493434,243.5609536493434,346.1382782402453,100.0,100.0,100.00000000000004,568.4824554855004,4.149506974346719,97,13,0,18.382431626319885,47.01603955030441,5,0.6748049091887962,2020-03-07,2020-07-15,67,197,131,24.1996852189781,37.00375,17.15625,8.821724452554744,1945.356875,20,5,0,AAS2020_Table_6_1,official_aggregate,sub_region,sub_region,production_mt_divided_by_area_harvested_ha,2020,first_season,False,False,False,surveyed_seasonal_block,True,CHIRPS_v2.0_daily_via_ClimateSERV,NASA_POWER_daily,not_included,none,30,,soil_not_included_for_milestone,aas-chirps-v1,uganda_crop_model-0.2.0
West Nile,2020,first_season,maize,1.2660956469166913,1.0690365754504578,0.8443568841373642,39239.518416528,33132.1575052303,41948.48039033027,13.395643531209506,14.64938004915027,15.930838937998889,568.4824554855004,4.149506974346719,97,13,0,18.382431626319885,47.01603955030441,5,0.6748049091887962,2020-03-07,2020-07-15,67,197,131,24.1996852189781,37.00375,17.15625,8.821724452554744,1945.356875,20,5,0,AAS2020_Table_6_1,official_aggregate,sub_region,sub_region,production_mt_divided_by_area_harvested_ha,2020,first_season,False,False,False,surveyed_seasonal_block,True,CHIRPS_v2.0_daily_via_ClimateSERV,NASA_POWER_daily,not_included,none,30,,soil_not_included_for_milestone,aas-chirps-v1,uganda_crop_model-0.2.0
West Nile,2020,first_season,millet,0.21676469621603855,0.14886807058706802,0.6867726764818688,1234.782026387637,848.014557133943,183.8196178639176,44.71719565014482,48.75062087082757,53.26815348686943,568.4824554855004,4.149506974346719,97,13,0,18.382431626319885,47.01603955030441,5,0.6748049091887962,2020-03-07,2020-07-15,67,197,131,24.1996852189781,37.00375,17.15625,8.821724452554744,1945.356875,20,5,0,AAS2020_Table_6_1,official_aggregate,sub_region,sub_region,production_mt_divided_by_area_harvested_ha,2020,first_season,False,False,False,surveyed_seasonal_block,True,CHIRPS_v2.0_daily_via_ClimateSERV,NASA_POWER_daily,not_included,none,30,,soil_not_included_for_milestone,aas-chirps-v1,uganda_crop_model-0.2.0
West Nile,2020,first_season,rice,1.4018188844017145,0.9710617705560998,0.6927155721479251,2307.639835792585,1598.5380491624044,2240.860824750535,39.46056582719616,49.01947986232598,53.217143088541874,568.4824554855004,4.149506974346719,97,13,0,18.382431626319885,47.01603955030441,5,0.6748049091887962,2020-03-07,2020-07-15,67,197,131,24.1996852189781,37.00375,17.15625,8.821724452554744,1945.356875,20,5,0,AAS2020_Table_6_1,official_aggregate,sub_region,sub_region,production_mt_divided_by_area_harvested_ha,2020,first_season,False,False,False,surveyed_seasonal_block,True,CHIRPS_v2.0_daily_via_ClimateSERV,NASA_POWER_daily,not_included,none,30,,soil_not_included_for_milestone,aas-chirps-v1,uganda_crop_model-0.2.0
West Nile,2020,first_season,simsim,0.4766810107273866,0.1427460990562483,0.2994583292471129,2145.746616507965,642.5616967671207,306.2969590696556,40.95941031319473,36.58728787570303,39.46959620363151,568.4824554855004,4.149506974346719,97,13,0,18.382431626319885,47.01603955030441,5,0.6748049091887962,2020-03-07,2020-07-15,67,197,131,24.1996852189781,37.00375,17.15625,8.821724452554744,1945.356875,20,5,0,AAS2020_Table_6_1,official_aggregate,sub_region,sub_region,production_mt_divided_by_area_harvested_ha,2020,first_season,False,False,False,surveyed_seasonal_block,True,CHIRPS_v2.0_daily_via_ClimateSERV,NASA_POWER_daily,not_included,none,30,,soil_not_included_for_milestone,aas-chirps-v1,uganda_crop_model-0.2.0
West Nile,2020,first_season,sorghum,0.39105424841734204,0.09317031798139737,0.23825420221995355,6041.333078997033,1439.3729930814538,562.872924001688,22.649268072056092,47.314399830845375,36.08591159018502,568.4824554855004,4.149506974346719,97,13,0,18.382431626319885,47.01603955030441,5,0.6748049091887962,2020-03-07,2020-07-15,67,197,131,24.1996852189781,37.00375,17.15625,8.821724452554744,1945.356875,20,5,0,AAS2020_Table_6_1,official_aggregate,sub_region,sub_region,production_mt_divided_by_area_harvested_ha,2020,first_season,False,False,False,surveyed_seasonal_block,True,CHIRPS_v2.0_daily_via_ClimateSERV,NASA_POWER_daily,not_included,none,30,,soil_not_included_for_milestone,aas-chirps-v1,uganda_crop_model-0.2.0
West Nile,2020,first_season,soya_beans,0.8717117441917551,0.8339104799628195,0.9566355914316782,541.158081513949,517.691081367129,451.2773954910558,62.00937439220768,64.82826989473867,66.28250121227263,568.4824554855004,4.149506974346719,97,13,0,18.382431626319885,47.01603955030441,5,0.6748049091887962,2020-03-07,2020-07-15,67,197,131,24.1996852189781,37.00375,17.15625,8.821724452554744,1945.356875,20,5,0,AAS2020_Table_6_1,official_aggregate,sub_region,sub_region,production_mt_divided_by_area_harvested_ha,2020,first_season,False,False,False,surveyed_seasonal_block,True,CHIRPS_v2.0_daily_via_ClimateSERV,NASA_POWER_daily,not_included,none,30,,soil_not_included_for_milestone,aas-chirps-v1,uganda_crop_model-0.2.0
West Nile,2020,first_season,sweet_potatoes,5.41252141626667,4.367509938814522,0.8069270498752218,11991.788609740042,9676.49860558482,52374.25593720241,18.445137856196805,22.052357042595126,50.95999644599078,568.4824554855004,4.149506974346719,97,13,0,18.382431626319885,47.01603955030441,5,0.6748049091887962,2020-03-07,2020-07-15,67,197,131,24.1996852189781,37.00375,17.15625,8.821724452554744,1945.356875,20,5,0,AAS2020_Table_6_1,official_aggregate,sub_region,sub_region,production_mt_divided_by_area_harvested_ha,2020,first_season,False,False,False,surveyed_seasonal_block,True,CHIRPS_v2.0_daily_via_ClimateSERV,NASA_POWER_daily,not_included,none,30,,soil_not_included_for_milestone,aas-chirps-v1,uganda_crop_model-0.2.0
West Nile,2020,second_season,beans,0.7559563988183644,0.4972315117773763,0.6577515747662154,17232.453555765158,11334.6734633902,8568.518933166533,16.392894628230174,18.550055356857797,19.27393074816685,652.8203215748072,5.3074822892260745,95,19,2,24.934115648269653,60.49506348371506,7,0.7618747981155384,2020-08-15,2020-12-09,228,344,117,22.84138719512195,28.365,16.295,8.259217479674795,1579.4906250000001,0,0,0,AAS2020_Table_6_1,official_aggregate,sub_region,sub_region,production_mt_divided_by_area_harvested_ha,2020,second_season,False,False,False,surveyed_seasonal_block,True,CHIRPS_v2.0_daily_via_ClimateSERV,NASA_POWER_daily,not_included,none,30,,soil_not_included_for_milestone,aas-chirps-v1,uganda_crop_model-0.2.0
West Nile,2020,second_season,groundnuts,0.6957406402698985,0.4289258526270163,0.6165025122876583,24198.718150919853,14918.570534183047,10379.455815364154,20.49567736201292,18.52885981178847,22.64701621926756,652.8203215748072,5.3074822892260745,95,19,2,24.934115648269653,60.49506348371506,7,0.7618747981155384,2020-08-15,2020-12-09,228,344,117,22.84138719512195,28.365,16.295,8.259217479674795,1579.4906250000001,0,0,0,AAS2020_Table_6_1,official_aggregate,sub_region,sub_region,production_mt_divided_by_area_harvested_ha,2020,second_season,False,False,False,surveyed_seasonal_block,True,CHIRPS_v2.0_daily_via_ClimateSERV,NASA_POWER_daily,not_included,none,30,,soil_not_included_for_milestone,aas-chirps-v1,uganda_crop_model-0.2.0
West Nile,2020,second_season,irish_potatoes,3.3207905514628413,2.8731528166193563,0.8652014549227455,2247.034124936423,1944.1371941560512,6456.072425100894,90.39989793674602,89.01439082061007,91.39319881157228,652.8203215748072,5.3074822892260745,95,19,2,24.934115648269653,60.49506348371506,7,0.7618747981155384,2020-08-15,2020-12-09,228,344,117,22.84138719512195,28.365,16.295,8.259217479674795,1579.4906250000001,0,0,0,AAS2020_Table_6_1,official_aggregate,sub_region,sub_region,production_mt_divided_by_area_harvested_ha,2020,second_season,False,False,False,surveyed_seasonal_block,True,CHIRPS_v2.0_daily_via_ClimateSERV,NASA_POWER_daily,not_included,none,30,,soil_not_included_for_milestone,aas-chirps-v1,uganda_crop_model-0.2.0
West Nile,2020,second_season,maize,2.6368413584111803,1.3415404713794767,0.5087679875393859,13264.093799427596,6748.346308868425,17794.31864810569,17.81649627869704,22.056781947081973,19.44418880114001,652.8203215748072,5.3074822892260745,95,19,2,24.934115648269653,60.49506348371506,7,0.7618747981155384,2020-08-15,2020-12-09,228,344,117,22.84138719512195,28.365,16.295,8.259217479674795,1579.4906250000001,0,0,0,AAS2020_Table_6_1,official_aggregate,sub_region,sub_region,production_mt_divided_by_area_harvested_ha,2020,second_season,False,False,False,surveyed_seasonal_block,True,CHIRPS_v2.0_daily_via_ClimateSERV,NASA_POWER_daily,not_included,none,30,,soil_not_included_for_milestone,aas-chirps-v1,uganda_crop_model-0.2.0
West Nile,2020,second_season,millet,0.6973987237560337,0.47354388425003124,0.6790145552599087,1999.168030462155,1357.464191094088,946.6937944135336,39.04511204641932,36.778694880295326,40.54072157372568,652.8203215748072,5.3074822892260745,95,19,2,24.934115648269653,60.49506348371506,7,0.7618747981155384,2020-08-15,2020-12-09,228,344,117,22.84138719512195,28.365,16.295,8.259217479674795,1579.4906250000001,0,0,0,AAS2020_Table_6_1,official_aggregate,sub_region,sub_region,production_mt_divided_by_area_harvested_ha,2020,second_season,False,False,False,surveyed_seasonal_block,True,CHIRPS_v2.0_daily_via_ClimateSERV,NASA_POWER_daily,not_included,none,30,,soil_not_included_for_milestone,aas-chirps-v1,uganda_crop_model-0.2.0
West Nile,2020,second_season,rice,1.5518859303284125,1.1557626124473386,0.7447471427250805,5346.685563039179,3981.928796122867,6179.499274272631,21.146884616381342,24.58636229803873,24.23505713813964,652.8203215748072,5.3074822892260745,95,19,2,24.934115648269653,60.49506348371506,7,0.7618747981155384,2020-08-15,2020-12-09,228,344,117,22.84138719512195,28.365,16.295,8.259217479674795,1579.4906250000001,0,0,0,AAS2020_Table_6_1,official_aggregate,sub_region,sub_region,production_mt_divided_by_area_harvested_ha,2020,second_season,False,False,False,surveyed_seasonal_block,True,CHIRPS_v2.0_daily_via_ClimateSERV,NASA_POWER_daily,not_included,none,30,,soil_not_included_for_milestone,aas-chirps-v1,uganda_crop_model-0.2.0
West Nile,2020,second_season,simsim,0.39733287811484735,0.22230173956924648,0.5594848848752736,37209.06227078993,20817.90792088979,8271.639270537018,20.542954064056616,23.8636664837164,25.981067437134108,652.8203215748072,5.3074822892260745,95,19,2,24.934115648269653,60.49506348371506,7,0.7618747981155384,2020-08-15,2020-12-09,228,344,117,22.84138719512195,28.365,16.295,8.259217479674795,1579.4906250000001,0,0,0,AAS2020_Table_6_1,official_aggregate,sub_region,sub_region,production_mt_divided_by_area_harvested_ha,2020,second_season,False,False,False,surveyed_seasonal_block,True,CHIRPS_v2.0_daily_via_ClimateSERV,NASA_POWER_daily,not_included,none,30,,soil_not_included_for_milestone,aas-chirps-v1,uganda_crop_model-0.2.0
West Nile,2020,second_season,sorghum,1.2622030417153625,0.617400806762944,0.48914539607184143,18127.388600379327,8866.928676680729,11191.86434637959,23.63981384899266,29.212416410827064,25.808241908037544,652.8203215748072,5.3074822892260745,95,19,2,24.934115648269653,60.49506348371506,7,0.7618747981155384,2020-08-15,2020-12-09,228,344,117,22.84138719512195,28.365,16.295,8.259217479674795,1579.4906250000001,0,0,0,AAS2020_Table_6_1,official_aggregate,sub_region,sub_region,production_mt_divided_by_area_harvested_ha,2020,second_season,False,False,False,surveyed_seasonal_block,True,CHIRPS_v2.0_daily_via_ClimateSERV,NASA_POWER_daily,not_included,none,30,,soil_not_included_for_milestone,aas-chirps-v1,uganda_crop_model-0.2.0
West Nile,2020,second_season,soya_beans,0.6049960464155939,0.36330838553359984,0.6005136524215069,1790.3911908469024,1075.1543532787646,650.4641330201673,44.554832915051925,62.73770885522788,51.29064417353379,652.8203215748072,5.3074822892260745,95,19,2,24.934115648269653,60.49506348371506,7,0.7618747981155384,2020-08-15,2020-12-09,228,344,117,22.84138719512195,28.365,16.295,8.259217479674795,1579.4906250000001,0,0,0,AAS2020_Table_6_1,official_aggregate,sub_region,sub_region,production_mt_divided_by_area_harvested_ha,2020,second_season,False,False,False,surveyed_seasonal_block,True,CHIRPS_v2.0_daily_via_ClimateSERV,NASA_POWER_daily,not_included,none,30,,soil_not_included_for_milestone,aas-chirps-v1,uganda_crop_model-0.2.0
West Nile,2020,second_season,sweet_potatoes,10.905671394570879,5.10492186388567,0.4680978987159864,22255.68268557065,10417.838299605382,113613.52113727134,13.004878410088338,17.774514702894624,20.65823861322909,652.8203215748072,5.3074822892260745,95,19,2,24.934115648269653,60.49506348371506,7,0.7618747981155384,2020-08-15,2020-12-09,228,344,117,22.84138719512195,28.365,16.295,8.259217479674795,1579.4906250000001,0,0,0,AAS2020_Table_6_1,official_aggregate,sub_region,sub_region,production_mt_divided_by_area_harvested_ha,2020,second_season,False,False,False,surveyed_seasonal_block,True,CHIRPS_v2.0_daily_via_ClimateSERV,NASA_POWER_daily,not_included,none,30,,soil_not_included_for_milestone,aas-chirps-v1,uganda_crop_model-0.2.0
