spatial_unit,year,season,crop,target_temporal_granularity,yield_tons_ha,yield_tons_ha_planted,harvested_fraction,area_planted_ha,area_harvested_ha,production_mt,cv_area_planted_pct,cv_area_harvested_pct,cv_production_pct,rain_total_mm,rain_mean_daily_mm,rainy_days_1mm,rainy_days_10mm,heavy_rain_days_20mm,maximum_1day_rainfall_mm,maximum_5day_rainfall_mm,longest_dry_spell_days,wet_day_rainfall_cv,rainfall_onset_date,rainfall_cessation_date,onset_day_of_year,cessation_day_of_year,season_length_days,temperature_mean_c,temperature_maximum_c,temperature_minimum_c,temperature_range_c,growing_degree_days,heat_days_32c,extreme_heat_days_35c,cold_days_10c,target_source,target_source_type,target_geographic_level,predictor_geographic_level,target_definition,target_year,target_season,is_proxy,is_synthetic,is_geographically_assigned,season_definition,yield_consistency_ok,rainfall_source,temperature_source,soil_source,soil_source_version,soil_depth_cm,soil_quality_flag,soil_district_count,soil_ph,soil_ph_sd,soil_organic_carbon,soil_organic_carbon_sd,clay_pct,clay_pct_sd,sand_pct,sand_pct_sd,silt_pct,silt_pct_sd,bulk_density,bulk_density_sd,cation_exchange_capacity,cation_exchange_capacity_sd,elevation_source,data_version,processing_version,predictor_geographic_level_x,predictor_geographic_level_y
Acholi,2018,annual,beans,annual,0.7,0.6089352018205774,0.44442448197388906,16698.0,7421.0,10168.0,,,53.1,1499.7622353427555,4.108937631076042,205,54,3,26.905988931655884,62.98626798391342,49,0.674960441189505,2018-03-04,2018-12-15,63,349,287,25.193111301369868,38.35875,15.745,11.436099315068493,5545.485624999999,141,52,0,AAS2018_Annex4,official_aggregate,sub_region,sub_region,published_official_subregion_yield_over_harvested,2018,annual,False,False,False,published_annual_aggregate_total_and_s2_harvested_area,False,CHIRPS_v2.0_daily_via_ClimateSERV,NASA_POWER_daily,SoilGrids_v2.0,v2.0,30,validated_district_centroid_aggregate,8,6.214583333333334,0.08611431125646078,23.097916666666666,2.4594882275119434,35.916666666666664,1.7501020378415486,39.8,1.999186342426846,24.279166666666665,2.624982993142186,1.290625,0.03736284441603904,21.22291666666667,1.551955691459639,not_available,aas-chirps-v1,uganda_crop_model-0.2.0,sub_region,sub_region
Acholi,2018,annual,groundnuts,annual,0.6,0.48494719178758267,0.2896719639390649,30393.0,8804.0,14739.0,,,27.6,1499.7622353427555,4.108937631076042,205,54,3,26.905988931655884,62.98626798391342,49,0.674960441189505,2018-03-04,2018-12-15,63,349,287,25.193111301369868,38.35875,15.745,11.436099315068493,5545.485624999999,141,52,0,AAS2018_Annex4,official_aggregate,sub_region,sub_region,published_official_subregion_yield_over_harvested,2018,annual,False,False,False,published_annual_aggregate_total_and_s2_harvested_area,False,CHIRPS_v2.0_daily_via_ClimateSERV,NASA_POWER_daily,SoilGrids_v2.0,v2.0,30,validated_district_centroid_aggregate,8,6.214583333333334,0.08611431125646078,23.097916666666666,2.4594882275119434,35.916666666666664,1.7501020378415486,39.8,1.999186342426846,24.279166666666665,2.624982993142186,1.290625,0.03736284441603904,21.22291666666667,1.551955691459639,not_available,aas-chirps-v1,uganda_crop_model-0.2.0,sub_region,sub_region
Acholi,2018,annual,maize,annual,1.0,0.922780502452207,0.15996063123477797,59946.0,9589.0,55317.0,,,22.9,1499.7622353427555,4.108937631076042,205,54,3,26.905988931655884,62.98626798391342,49,0.674960441189505,2018-03-04,2018-12-15,63,349,287,25.193111301369868,38.35875,15.745,11.436099315068493,5545.485624999999,141,52,0,AAS2018_Annex4,official_aggregate,sub_region,sub_region,published_official_subregion_yield_over_harvested,2018,annual,False,False,False,published_annual_aggregate_total_and_s2_harvested_area,False,CHIRPS_v2.0_daily_via_ClimateSERV,NASA_POWER_daily,SoilGrids_v2.0,v2.0,30,validated_district_centroid_aggregate,8,6.214583333333334,0.08611431125646078,23.097916666666666,2.4594882275119434,35.916666666666664,1.7501020378415486,39.8,1.999186342426846,24.279166666666665,2.624982993142186,1.290625,0.03736284441603904,21.22291666666667,1.551955691459639,not_available,aas-chirps-v1,uganda_crop_model-0.2.0,sub_region,sub_region
Acholi,2018,annual,millet,annual,0.4,0.5132491193430412,0.20799210213377012,44569.0,9270.0,22875.0,,,30.4,1499.7622353427555,4.108937631076042,205,54,3,26.905988931655884,62.98626798391342,49,0.674960441189505,2018-03-04,2018-12-15,63,349,287,25.193111301369868,38.35875,15.745,11.436099315068493,5545.485624999999,141,52,0,AAS2018_Annex4,official_aggregate,sub_region,sub_region,published_official_subregion_yield_over_harvested,2018,annual,False,False,False,published_annual_aggregate_total_and_s2_harvested_area,False,CHIRPS_v2.0_daily_via_ClimateSERV,NASA_POWER_daily,SoilGrids_v2.0,v2.0,30,validated_district_centroid_aggregate,8,6.214583333333334,0.08611431125646078,23.097916666666666,2.4594882275119434,35.916666666666664,1.7501020378415486,39.8,1.999186342426846,24.279166666666665,2.624982993142186,1.290625,0.03736284441603904,21.22291666666667,1.551955691459639,not_available,aas-chirps-v1,uganda_crop_model-0.2.0,sub_region,sub_region
Acholi,2018,annual,rice,annual,1.4,1.130425726901608,0.3729484295592769,24006.0,8953.0,27137.0,,,75.6,1499.7622353427555,4.108937631076042,205,54,3,26.905988931655884,62.98626798391342,49,0.674960441189505,2018-03-04,2018-12-15,63,349,287,25.193111301369868,38.35875,15.745,11.436099315068493,5545.485624999999,141,52,0,AAS2018_Annex4,official_aggregate,sub_region,sub_region,published_official_subregion_yield_over_harvested,2018,annual,False,False,False,published_annual_aggregate_total_and_s2_harvested_area,False,CHIRPS_v2.0_daily_via_ClimateSERV,NASA_POWER_daily,SoilGrids_v2.0,v2.0,30,validated_district_centroid_aggregate,8,6.214583333333334,0.08611431125646078,23.097916666666666,2.4594882275119434,35.916666666666664,1.7501020378415486,39.8,1.999186342426846,24.279166666666665,2.624982993142186,1.290625,0.03736284441603904,21.22291666666667,1.551955691459639,not_available,aas-chirps-v1,uganda_crop_model-0.2.0,sub_region,sub_region
Acholi,2018,annual,simsim,annual,0.2,0.21211191889307812,0.8943409160608302,55433.0,49576.0,11758.0,,,15.6,1499.7622353427555,4.108937631076042,205,54,3,26.905988931655884,62.98626798391342,49,0.674960441189505,2018-03-04,2018-12-15,63,349,287,25.193111301369868,38.35875,15.745,11.436099315068493,5545.485624999999,141,52,0,AAS2018_Annex4,official_aggregate,sub_region,sub_region,published_official_subregion_yield_over_harvested,2018,annual,False,False,False,published_annual_aggregate_total_and_s2_harvested_area,False,CHIRPS_v2.0_daily_via_ClimateSERV,NASA_POWER_daily,SoilGrids_v2.0,v2.0,30,validated_district_centroid_aggregate,8,6.214583333333334,0.08611431125646078,23.097916666666666,2.4594882275119434,35.916666666666664,1.7501020378415486,39.8,1.999186342426846,24.279166666666665,2.624982993142186,1.290625,0.03736284441603904,21.22291666666667,1.551955691459639,not_available,aas-chirps-v1,uganda_crop_model-0.2.0,sub_region,sub_region
Acholi,2018,annual,sorghum,annual,0.8,0.6855038205706119,0.4208674619317245,36382.0,15312.0,24940.0,,,21.7,1499.7622353427555,4.108937631076042,205,54,3,26.905988931655884,62.98626798391342,49,0.674960441189505,2018-03-04,2018-12-15,63,349,287,25.193111301369868,38.35875,15.745,11.436099315068493,5545.485624999999,141,52,0,AAS2018_Annex4,official_aggregate,sub_region,sub_region,published_official_subregion_yield_over_harvested,2018,annual,False,False,False,published_annual_aggregate_total_and_s2_harvested_area,False,CHIRPS_v2.0_daily_via_ClimateSERV,NASA_POWER_daily,SoilGrids_v2.0,v2.0,30,validated_district_centroid_aggregate,8,6.214583333333334,0.08611431125646078,23.097916666666666,2.4594882275119434,35.916666666666664,1.7501020378415486,39.8,1.999186342426846,24.279166666666665,2.624982993142186,1.290625,0.03736284441603904,21.22291666666667,1.551955691459639,not_available,aas-chirps-v1,uganda_crop_model-0.2.0,sub_region,sub_region
Acholi,2018,annual,soya_beans,annual,0.4,0.4638608643276615,0.30673091401897307,13282.0,4074.0,6161.0,,,38.5,1499.7622353427555,4.108937631076042,205,54,3,26.905988931655884,62.98626798391342,49,0.674960441189505,2018-03-04,2018-12-15,63,349,287,25.193111301369868,38.35875,15.745,11.436099315068493,5545.485624999999,141,52,0,AAS2018_Annex4,official_aggregate,sub_region,sub_region,published_official_subregion_yield_over_harvested,2018,annual,False,False,False,published_annual_aggregate_total_and_s2_harvested_area,False,CHIRPS_v2.0_daily_via_ClimateSERV,NASA_POWER_daily,SoilGrids_v2.0,v2.0,30,validated_district_centroid_aggregate,8,6.214583333333334,0.08611431125646078,23.097916666666666,2.4594882275119434,35.916666666666664,1.7501020378415486,39.8,1.999186342426846,24.279166666666665,2.624982993142186,1.290625,0.03736284441603904,21.22291666666667,1.551955691459639,not_available,aas-chirps-v1,uganda_crop_model-0.2.0,sub_region,sub_region
Acholi,2018,annual,sweet_potatoes,annual,4.8,2.4347165222678218,0.3447332421340629,6579.0,2268.0,16018.0,,,29.0,1499.7622353427555,4.108937631076042,205,54,3,26.905988931655884,62.98626798391342,49,0.674960441189505,2018-03-04,2018-12-15,63,349,287,25.193111301369868,38.35875,15.745,11.436099315068493,5545.485624999999,141,52,0,AAS2018_Annex4,official_aggregate,sub_region,sub_region,published_official_subregion_yield_over_harvested,2018,annual,False,False,False,published_annual_aggregate_total_and_s2_harvested_area,False,CHIRPS_v2.0_daily_via_ClimateSERV,NASA_POWER_daily,SoilGrids_v2.0,v2.0,30,validated_district_centroid_aggregate,8,6.214583333333334,0.08611431125646078,23.097916666666666,2.4594882275119434,35.916666666666664,1.7501020378415486,39.8,1.999186342426846,24.279166666666665,2.624982993142186,1.290625,0.03736284441603904,21.22291666666667,1.551955691459639,not_available,aas-chirps-v1,uganda_crop_model-0.2.0,sub_region,sub_region
Ankole,2018,annual,beans,annual,0.7,0.660831541530019,0.4000608127185457,138129.0,55260.0,91280.0,,,12.5,1243.510916313457,3.406879222776595,223,33,2,25.05243225097656,75.01569557189941,19,0.7622655808384896,2018-03-04,2018-08-04,63,216,154,21.358550684931505,31.914000000000005,11.931,10.138312328767128,4145.871,0,0,0,AAS2018_Annex4,official_aggregate,sub_region,sub_region,published_official_subregion_yield_over_harvested,2018,annual,False,False,False,published_annual_aggregate_total_and_s2_harvested_area,False,CHIRPS_v2.0_daily_via_ClimateSERV,NASA_POWER_daily,SoilGrids_v2.0,v2.0,30,validated_district_centroid_aggregate,10,5.866666666666666,0.1986062547968831,29.723333333333336,6.272806291081536,36.69166666666666,1.1846302230789565,34.480000000000004,2.5256560081699444,28.839999999999996,2.527273453963998,1.2521666666666669,0.09210182904579173,22.166666666666664,2.5422358196994557,not_available,aas-chirps-v1,uganda_crop_model-0.2.0,sub_region,sub_region
Ankole,2018,annual,groundnuts,annual,0.5,0.5216451181453411,0.3264823896567098,44860.0,14646.0,23401.0,,,28.9,1243.510916313457,3.406879222776595,223,33,2,25.05243225097656,75.01569557189941,19,0.7622655808384896,2018-03-04,2018-08-04,63,216,154,21.358550684931505,31.914000000000005,11.931,10.138312328767128,4145.871,0,0,0,AAS2018_Annex4,official_aggregate,sub_region,sub_region,published_official_subregion_yield_over_harvested,2018,annual,False,False,False,published_annual_aggregate_total_and_s2_harvested_area,False,CHIRPS_v2.0_daily_via_ClimateSERV,NASA_POWER_daily,SoilGrids_v2.0,v2.0,30,validated_district_centroid_aggregate,10,5.866666666666666,0.1986062547968831,29.723333333333336,6.272806291081536,36.69166666666666,1.1846302230789565,34.480000000000004,2.5256560081699444,28.839999999999996,2.527273453963998,1.2521666666666669,0.09210182904579173,22.166666666666664,2.5422358196994557,not_available,aas-chirps-v1,uganda_crop_model-0.2.0,sub_region,sub_region
Ankole,2018,annual,irish_potatoes,annual,2.6,2.514278136327469,0.4616744761736363,11311.0,5222.0,28439.0,,,26.7,1243.510916313457,3.406879222776595,223,33,2,25.05243225097656,75.01569557189941,19,0.7622655808384896,2018-03-04,2018-08-04,63,216,154,21.358550684931505,31.914000000000005,11.931,10.138312328767128,4145.871,0,0,0,AAS2018_Annex4,official_aggregate,sub_region,sub_region,published_official_subregion_yield_over_harvested,2018,annual,False,False,False,published_annual_aggregate_total_and_s2_harvested_area,False,CHIRPS_v2.0_daily_via_ClimateSERV,NASA_POWER_daily,SoilGrids_v2.0,v2.0,30,validated_district_centroid_aggregate,10,5.866666666666666,0.1986062547968831,29.723333333333336,6.272806291081536,36.69166666666666,1.1846302230789565,34.480000000000004,2.5256560081699444,28.839999999999996,2.527273453963998,1.2521666666666669,0.09210182904579173,22.166666666666664,2.5422358196994557,not_available,aas-chirps-v1,uganda_crop_model-0.2.0,sub_region,sub_region
Ankole,2018,annual,maize,annual,2.3,1.9206666102698586,0.524557990017765,59105.0,31004.0,113521.0,,,44.6,1243.510916313457,3.406879222776595,223,33,2,25.05243225097656,75.01569557189941,19,0.7622655808384896,2018-03-04,2018-08-04,63,216,154,21.358550684931505,31.914000000000005,11.931,10.138312328767128,4145.871,0,0,0,AAS2018_Annex4,official_aggregate,sub_region,sub_region,published_official_subregion_yield_over_harvested,2018,annual,False,False,False,published_annual_aggregate_total_and_s2_harvested_area,False,CHIRPS_v2.0_daily_via_ClimateSERV,NASA_POWER_daily,SoilGrids_v2.0,v2.0,30,validated_district_centroid_aggregate,10,5.866666666666666,0.1986062547968831,29.723333333333336,6.272806291081536,36.69166666666666,1.1846302230789565,34.480000000000004,2.5256560081699444,28.839999999999996,2.527273453963998,1.2521666666666669,0.09210182904579173,22.166666666666664,2.5422358196994557,not_available,aas-chirps-v1,uganda_crop_model-0.2.0,sub_region,sub_region
Ankole,2018,annual,millet,annual,0.7,0.6872617120175485,0.9630229278738184,38294.0,36878.0,26318.0,,,11.3,1243.510916313457,3.406879222776595,223,33,2,25.05243225097656,75.01569557189941,19,0.7622655808384896,2018-03-04,2018-08-04,63,216,154,21.358550684931505,31.914000000000005,11.931,10.138312328767128,4145.871,0,0,0,AAS2018_Annex4,official_aggregate,sub_region,sub_region,published_official_subregion_yield_over_harvested,2018,annual,False,False,False,published_annual_aggregate_total_and_s2_harvested_area,False,CHIRPS_v2.0_daily_via_ClimateSERV,NASA_POWER_daily,SoilGrids_v2.0,v2.0,30,validated_district_centroid_aggregate,10,5.866666666666666,0.1986062547968831,29.723333333333336,6.272806291081536,36.69166666666666,1.1846302230789565,34.480000000000004,2.5256560081699444,28.839999999999996,2.527273453963998,1.2521666666666669,0.09210182904579173,22.166666666666664,2.5422358196994557,not_available,aas-chirps-v1,uganda_crop_model-0.2.0,sub_region,sub_region
Ankole,2018,annual,sorghum,annual,0.5,0.5712493970091654,0.42875060299083456,10365.0,4444.0,5921.0,,,36.7,1243.510916313457,3.406879222776595,223,33,2,25.05243225097656,75.01569557189941,19,0.7622655808384896,2018-03-04,2018-08-04,63,216,154,21.358550684931505,31.914000000000005,11.931,10.138312328767128,4145.871,0,0,0,AAS2018_Annex4,official_aggregate,sub_region,sub_region,published_official_subregion_yield_over_harvested,2018,annual,False,False,False,published_annual_aggregate_total_and_s2_harvested_area,False,CHIRPS_v2.0_daily_via_ClimateSERV,NASA_POWER_daily,SoilGrids_v2.0,v2.0,30,validated_district_centroid_aggregate,10,5.866666666666666,0.1986062547968831,29.723333333333336,6.272806291081536,36.69166666666666,1.1846302230789565,34.480000000000004,2.5256560081699444,28.839999999999996,2.527273453963998,1.2521666666666669,0.09210182904579173,22.166666666666664,2.5422358196994557,not_available,aas-chirps-v1,uganda_crop_model-0.2.0,sub_region,sub_region
Ankole,2018,annual,soya_beans,annual,0.5,0.5218274111675127,0.6213197969543147,985.0,612.0,514.0,,,76.4,1243.510916313457,3.406879222776595,223,33,2,25.05243225097656,75.01569557189941,19,0.7622655808384896,2018-03-04,2018-08-04,63,216,154,21.358550684931505,31.914000000000005,11.931,10.138312328767128,4145.871,0,0,0,AAS2018_Annex4,official_aggregate,sub_region,sub_region,published_official_subregion_yield_over_harvested,2018,annual,False,False,False,published_annual_aggregate_total_and_s2_harvested_area,False,CHIRPS_v2.0_daily_via_ClimateSERV,NASA_POWER_daily,SoilGrids_v2.0,v2.0,30,validated_district_centroid_aggregate,10,5.866666666666666,0.1986062547968831,29.723333333333336,6.272806291081536,36.69166666666666,1.1846302230789565,34.480000000000004,2.5256560081699444,28.839999999999996,2.527273453963998,1.2521666666666669,0.09210182904579173,22.166666666666664,2.5422358196994557,not_available,aas-chirps-v1,uganda_crop_model-0.2.0,sub_region,sub_region
Ankole,2018,annual,sweet_potatoes,annual,3.9,2.6217106304822826,0.3380094366509389,31579.0,10674.0,82791.0,,,14.5,1243.510916313457,3.406879222776595,223,33,2,25.05243225097656,75.01569557189941,19,0.7622655808384896,2018-03-04,2018-08-04,63,216,154,21.358550684931505,31.914000000000005,11.931,10.138312328767128,4145.871,0,0,0,AAS2018_Annex4,official_aggregate,sub_region,sub_region,published_official_subregion_yield_over_harvested,2018,annual,False,False,False,published_annual_aggregate_total_and_s2_harvested_area,False,CHIRPS_v2.0_daily_via_ClimateSERV,NASA_POWER_daily,SoilGrids_v2.0,v2.0,30,validated_district_centroid_aggregate,10,5.866666666666666,0.1986062547968831,29.723333333333336,6.272806291081536,36.69166666666666,1.1846302230789565,34.480000000000004,2.5256560081699444,28.839999999999996,2.527273453963998,1.2521666666666669,0.09210182904579173,22.166666666666664,2.5422358196994557,not_available,aas-chirps-v1,uganda_crop_model-0.2.0,sub_region,sub_region
Bukedi,2018,annual,beans,annual,0.4,0.34561306137551456,0.40826048748901533,43242.0,17654.0,14945.0,,,20.9,1473.672702934302,4.037459460093978,226,46,4,24.90098206202189,79.15534496307373,19,0.7634577124831139,2018-02-18,2018-11-24,49,328,280,22.99686073059361,35.845,15.146666666666668,9.392589041095892,4743.854166666666,30,6,0,AAS2018_Annex4,official_aggregate,sub_region,sub_region,published_official_subregion_yield_over_harvested,2018,annual,False,False,False,published_annual_aggregate_total_and_s2_harvested_area,False,CHIRPS_v2.0_daily_via_ClimateSERV,NASA_POWER_daily,SoilGrids_v2.0,v2.0,30,validated_district_centroid_aggregate,6,5.861111111111112,0.2207730525692406,22.21388888888889,1.276340979635258,39.98888888888889,2.928303768901542,37.0,1.6886220549443394,23.030555555555555,1.9876679989560813,1.3194444444444444,0.023444181146494162,19.625,2.8880741372447867,not_available,aas-chirps-v1,uganda_crop_model-0.2.0,sub_region,sub_region
Bukedi,2018,annual,groundnuts,annual,0.4,0.39858671718982025,0.22758461774796457,39058.0,8889.0,15568.0,,,24.8,1473.672702934302,4.037459460093978,226,46,4,24.90098206202189,79.15534496307373,19,0.7634577124831139,2018-02-18,2018-11-24,49,328,280,22.99686073059361,35.845,15.146666666666668,9.392589041095892,4743.854166666666,30,6,0,AAS2018_Annex4,official_aggregate,sub_region,sub_region,published_official_subregion_yield_over_harvested,2018,annual,False,False,False,published_annual_aggregate_total_and_s2_harvested_area,False,CHIRPS_v2.0_daily_via_ClimateSERV,NASA_POWER_daily,SoilGrids_v2.0,v2.0,30,validated_district_centroid_aggregate,6,5.861111111111112,0.2207730525692406,22.21388888888889,1.276340979635258,39.98888888888889,2.928303768901542,37.0,1.6886220549443394,23.030555555555555,1.9876679989560813,1.3194444444444444,0.023444181146494162,19.625,2.8880741372447867,not_available,aas-chirps-v1,uganda_crop_model-0.2.0,sub_region,sub_region
Bukedi,2018,annual,maize,annual,1.0,1.2122380323276951,0.40056598733747717,138519.0,55486.0,167918.0,,,11.2,1473.672702934302,4.037459460093978,226,46,4,24.90098206202189,79.15534496307373,19,0.7634577124831139,2018-02-18,2018-11-24,49,328,280,22.99686073059361,35.845,15.146666666666668,9.392589041095892,4743.854166666666,30,6,0,AAS2018_Annex4,official_aggregate,sub_region,sub_region,published_official_subregion_yield_over_harvested,2018,annual,False,False,False,published_annual_aggregate_total_and_s2_harvested_area,False,CHIRPS_v2.0_daily_via_ClimateSERV,NASA_POWER_daily,SoilGrids_v2.0,v2.0,30,validated_district_centroid_aggregate,6,5.861111111111112,0.2207730525692406,22.21388888888889,1.276340979635258,39.98888888888889,2.928303768901542,37.0,1.6886220549443394,23.030555555555555,1.9876679989560813,1.3194444444444444,0.023444181146494162,19.625,2.8880741372447867,not_available,aas-chirps-v1,uganda_crop_model-0.2.0,sub_region,sub_region
Bukedi,2018,annual,millet,annual,0.3,0.4295345400812708,0.06741780568895456,32484.0,2190.0,13953.0,,,49.3,1473.672702934302,4.037459460093978,226,46,4,24.90098206202189,79.15534496307373,19,0.7634577124831139,2018-02-18,2018-11-24,49,328,280,22.99686073059361,35.845,15.146666666666668,9.392589041095892,4743.854166666666,30,6,0,AAS2018_Annex4,official_aggregate,sub_region,sub_region,published_official_subregion_yield_over_harvested,2018,annual,False,False,False,published_annual_aggregate_total_and_s2_harvested_area,False,CHIRPS_v2.0_daily_via_ClimateSERV,NASA_POWER_daily,SoilGrids_v2.0,v2.0,30,validated_district_centroid_aggregate,6,5.861111111111112,0.2207730525692406,22.21388888888889,1.276340979635258,39.98888888888889,2.928303768901542,37.0,1.6886220549443394,23.030555555555555,1.9876679989560813,1.3194444444444444,0.023444181146494162,19.625,2.8880741372447867,not_available,aas-chirps-v1,uganda_crop_model-0.2.0,sub_region,sub_region
Bukedi,2018,annual,rice,annual,1.0,0.8946788368609941,0.3606691722949106,35387.0,12763.0,31660.0,,,24.8,1473.672702934302,4.037459460093978,226,46,4,24.90098206202189,79.15534496307373,19,0.7634577124831139,2018-02-18,2018-11-24,49,328,280,22.99686073059361,35.845,15.146666666666668,9.392589041095892,4743.854166666666,30,6,0,AAS2018_Annex4,official_aggregate,sub_region,sub_region,published_official_subregion_yield_over_harvested,2018,annual,False,False,False,published_annual_aggregate_total_and_s2_harvested_area,False,CHIRPS_v2.0_daily_via_ClimateSERV,NASA_POWER_daily,SoilGrids_v2.0,v2.0,30,validated_district_centroid_aggregate,6,5.861111111111112,0.2207730525692406,22.21388888888889,1.276340979635258,39.98888888888889,2.928303768901542,37.0,1.6886220549443394,23.030555555555555,1.9876679989560813,1.3194444444444444,0.023444181146494162,19.625,2.8880741372447867,not_available,aas-chirps-v1,uganda_crop_model-0.2.0,sub_region,sub_region
Bukedi,2018,annual,simsim,annual,0.1,0.16815742397137745,0.5992844364937389,1118.0,670.0,188.0,,,53.1,1473.672702934302,4.037459460093978,226,46,4,24.90098206202189,79.15534496307373,19,0.7634577124831139,2018-02-18,2018-11-24,49,328,280,22.99686073059361,35.845,15.146666666666668,9.392589041095892,4743.854166666666,30,6,0,AAS2018_Annex4,official_aggregate,sub_region,sub_region,published_official_subregion_yield_over_harvested,2018,annual,False,False,False,published_annual_aggregate_total_and_s2_harvested_area,False,CHIRPS_v2.0_daily_via_ClimateSERV,NASA_POWER_daily,SoilGrids_v2.0,v2.0,30,validated_district_centroid_aggregate,6,5.861111111111112,0.2207730525692406,22.21388888888889,1.276340979635258,39.98888888888889,2.928303768901542,37.0,1.6886220549443394,23.030555555555555,1.9876679989560813,1.3194444444444444,0.023444181146494162,19.625,2.8880741372447867,not_available,aas-chirps-v1,uganda_crop_model-0.2.0,sub_region,sub_region
Bukedi,2018,annual,sorghum,annual,0.5,0.5473150495505877,0.17778289928554966,21695.0,3857.0,11874.0,,,26.7,1473.672702934302,4.037459460093978,226,46,4,24.90098206202189,79.15534496307373,19,0.7634577124831139,2018-02-18,2018-11-24,49,328,280,22.99686073059361,35.845,15.146666666666668,9.392589041095892,4743.854166666666,30,6,0,AAS2018_Annex4,official_aggregate,sub_region,sub_region,published_official_subregion_yield_over_harvested,2018,annual,False,False,False,published_annual_aggregate_total_and_s2_harvested_area,False,CHIRPS_v2.0_daily_via_ClimateSERV,NASA_POWER_daily,SoilGrids_v2.0,v2.0,30,validated_district_centroid_aggregate,6,5.861111111111112,0.2207730525692406,22.21388888888889,1.276340979635258,39.98888888888889,2.928303768901542,37.0,1.6886220549443394,23.030555555555555,1.9876679989560813,1.3194444444444444,0.023444181146494162,19.625,2.8880741372447867,not_available,aas-chirps-v1,uganda_crop_model-0.2.0,sub_region,sub_region
Bukedi,2018,annual,soya_beans,annual,0.3,0.2644795846117536,0.49157422704743925,21185.0,10414.0,5603.0,,,25.7,1473.672702934302,4.037459460093978,226,46,4,24.90098206202189,79.15534496307373,19,0.7634577124831139,2018-02-18,2018-11-24,49,328,280,22.99686073059361,35.845,15.146666666666668,9.392589041095892,4743.854166666666,30,6,0,AAS2018_Annex4,official_aggregate,sub_region,sub_region,published_official_subregion_yield_over_harvested,2018,annual,False,False,False,published_annual_aggregate_total_and_s2_harvested_area,False,CHIRPS_v2.0_daily_via_ClimateSERV,NASA_POWER_daily,SoilGrids_v2.0,v2.0,30,validated_district_centroid_aggregate,6,5.861111111111112,0.2207730525692406,22.21388888888889,1.276340979635258,39.98888888888889,2.928303768901542,37.0,1.6886220549443394,23.030555555555555,1.9876679989560813,1.3194444444444444,0.023444181146494162,19.625,2.8880741372447867,not_available,aas-chirps-v1,uganda_crop_model-0.2.0,sub_region,sub_region
Bukedi,2018,annual,sweet_potatoes,annual,2.1,1.788007174666007,0.4909388916378031,32336.0,15875.0,57817.0,,,12.6,1473.672702934302,4.037459460093978,226,46,4,24.90098206202189,79.15534496307373,19,0.7634577124831139,2018-02-18,2018-11-24,49,328,280,22.99686073059361,35.845,15.146666666666668,9.392589041095892,4743.854166666666,30,6,0,AAS2018_Annex4,official_aggregate,sub_region,sub_region,published_official_subregion_yield_over_harvested,2018,annual,False,False,False,published_annual_aggregate_total_and_s2_harvested_area,False,CHIRPS_v2.0_daily_via_ClimateSERV,NASA_POWER_daily,SoilGrids_v2.0,v2.0,30,validated_district_centroid_aggregate,6,5.861111111111112,0.2207730525692406,22.21388888888889,1.276340979635258,39.98888888888889,2.928303768901542,37.0,1.6886220549443394,23.030555555555555,1.9876679989560813,1.3194444444444444,0.023444181146494162,19.625,2.8880741372447867,not_available,aas-chirps-v1,uganda_crop_model-0.2.0,sub_region,sub_region
Bunyoro,2018,annual,beans,annual,0.7,0.8259760378181997,0.38314286943746045,162673.0,62327.0,134364.0,,,14.3,1379.1427689871216,3.778473339690744,230,38,1,23.338536398751398,50.85511830874851,18,0.6762629553865023,2018-03-04,2018-12-17,63,351,289,24.319369863013698,36.68571428571429,15.795714285714286,9.803444227005876,5226.570000000001,56,10,0,AAS2018_Annex4,official_aggregate,sub_region,sub_region,published_official_subregion_yield_over_harvested,2018,annual,False,False,False,published_annual_aggregate_total_and_s2_harvested_area,False,CHIRPS_v2.0_daily_via_ClimateSERV,NASA_POWER_daily,SoilGrids_v2.0,v2.0,30,validated_district_centroid_aggregate,7,5.892857142857143,0.23429507014484943,27.39047619047619,6.869045280734657,35.919047619047625,3.6983283081863196,40.121428571428574,4.604091520610632,23.942857142857143,2.036083230281838,1.275952380952381,0.06665872968626269,19.571428571428573,2.0395105232881683,not_available,aas-chirps-v1,uganda_crop_model-0.2.0,sub_region,sub_region
Bunyoro,2018,annual,groundnuts,annual,0.8,0.6284324324324324,0.43616216216216214,55500.0,24207.0,34878.0,,,11.9,1379.1427689871216,3.778473339690744,230,38,1,23.338536398751398,50.85511830874851,18,0.6762629553865023,2018-03-04,2018-12-17,63,351,289,24.319369863013698,36.68571428571429,15.795714285714286,9.803444227005876,5226.570000000001,56,10,0,AAS2018_Annex4,official_aggregate,sub_region,sub_region,published_official_subregion_yield_over_harvested,2018,annual,False,False,False,published_annual_aggregate_total_and_s2_harvested_area,False,CHIRPS_v2.0_daily_via_ClimateSERV,NASA_POWER_daily,SoilGrids_v2.0,v2.0,30,validated_district_centroid_aggregate,7,5.892857142857143,0.23429507014484943,27.39047619047619,6.869045280734657,35.919047619047625,3.6983283081863196,40.121428571428574,4.604091520610632,23.942857142857143,2.036083230281838,1.275952380952381,0.06665872968626269,19.571428571428573,2.0395105232881683,not_available,aas-chirps-v1,uganda_crop_model-0.2.0,sub_region,sub_region
Bunyoro,2018,annual,irish_potatoes,annual,3.7,3.2828224407171778,0.5756699440909967,5187.0,2986.0,17028.0,,,39.4,1379.1427689871216,3.778473339690744,230,38,1,23.338536398751398,50.85511830874851,18,0.6762629553865023,2018-03-04,2018-12-17,63,351,289,24.319369863013698,36.68571428571429,15.795714285714286,9.803444227005876,5226.570000000001,56,10,0,AAS2018_Annex4,official_aggregate,sub_region,sub_region,published_official_subregion_yield_over_harvested,2018,annual,False,False,False,published_annual_aggregate_total_and_s2_harvested_area,False,CHIRPS_v2.0_daily_via_ClimateSERV,NASA_POWER_daily,SoilGrids_v2.0,v2.0,30,validated_district_centroid_aggregate,7,5.892857142857143,0.23429507014484943,27.39047619047619,6.869045280734657,35.919047619047625,3.6983283081863196,40.121428571428574,4.604091520610632,23.942857142857143,2.036083230281838,1.275952380952381,0.06665872968626269,19.571428571428573,2.0395105232881683,not_available,aas-chirps-v1,uganda_crop_model-0.2.0,sub_region,sub_region
Bunyoro,2018,annual,maize,annual,1.7,1.4533244754470465,0.3684504235176881,451575.0,166383.0,656285.0,,,14.4,1379.1427689871216,3.778473339690744,230,38,1,23.338536398751398,50.85511830874851,18,0.6762629553865023,2018-03-04,2018-12-17,63,351,289,24.319369863013698,36.68571428571429,15.795714285714286,9.803444227005876,5226.570000000001,56,10,0,AAS2018_Annex4,official_aggregate,sub_region,sub_region,published_official_subregion_yield_over_harvested,2018,annual,False,False,False,published_annual_aggregate_total_and_s2_harvested_area,False,CHIRPS_v2.0_daily_via_ClimateSERV,NASA_POWER_daily,SoilGrids_v2.0,v2.0,30,validated_district_centroid_aggregate,7,5.892857142857143,0.23429507014484943,27.39047619047619,6.869045280734657,35.919047619047625,3.6983283081863196,40.121428571428574,4.604091520610632,23.942857142857143,2.036083230281838,1.275952380952381,0.06665872968626269,19.571428571428573,2.0395105232881683,not_available,aas-chirps-v1,uganda_crop_model-0.2.0,sub_region,sub_region
Bunyoro,2018,annual,millet,annual,0.6,0.5607058823529412,0.6844705882352942,4250.0,2909.0,2383.0,,,23.1,1379.1427689871216,3.778473339690744,230,38,1,23.338536398751398,50.85511830874851,18,0.6762629553865023,2018-03-04,2018-12-17,63,351,289,24.319369863013698,36.68571428571429,15.795714285714286,9.803444227005876,5226.570000000001,56,10,0,AAS2018_Annex4,official_aggregate,sub_region,sub_region,published_official_subregion_yield_over_harvested,2018,annual,False,False,False,published_annual_aggregate_total_and_s2_harvested_area,False,CHIRPS_v2.0_daily_via_ClimateSERV,NASA_POWER_daily,SoilGrids_v2.0,v2.0,30,validated_district_centroid_aggregate,7,5.892857142857143,0.23429507014484943,27.39047619047619,6.869045280734657,35.919047619047625,3.6983283081863196,40.121428571428574,4.604091520610632,23.942857142857143,2.036083230281838,1.275952380952381,0.06665872968626269,19.571428571428573,2.0395105232881683,not_available,aas-chirps-v1,uganda_crop_model-0.2.0,sub_region,sub_region
Bunyoro,2018,annual,rice,annual,1.1,1.0749474401954657,0.8336269106199216,17599.0,14671.0,18918.0,,,35.8,1379.1427689871216,3.778473339690744,230,38,1,23.338536398751398,50.85511830874851,18,0.6762629553865023,2018-03-04,2018-12-17,63,351,289,24.319369863013698,36.68571428571429,15.795714285714286,9.803444227005876,5226.570000000001,56,10,0,AAS2018_Annex4,official_aggregate,sub_region,sub_region,published_official_subregion_yield_over_harvested,2018,annual,False,False,False,published_annual_aggregate_total_and_s2_harvested_area,False,CHIRPS_v2.0_daily_via_ClimateSERV,NASA_POWER_daily,SoilGrids_v2.0,v2.0,30,validated_district_centroid_aggregate,7,5.892857142857143,0.23429507014484943,27.39047619047619,6.869045280734657,35.919047619047625,3.6983283081863196,40.121428571428574,4.604091520610632,23.942857142857143,2.036083230281838,1.275952380952381,0.06665872968626269,19.571428571428573,2.0395105232881683,not_available,aas-chirps-v1,uganda_crop_model-0.2.0,sub_region,sub_region
Bunyoro,2018,annual,simsim,annual,0.2,0.4934989326605861,0.20657869202406365,10306.0,2129.0,5086.0,,,67.2,1379.1427689871216,3.778473339690744,230,38,1,23.338536398751398,50.85511830874851,18,0.6762629553865023,2018-03-04,2018-12-17,63,351,289,24.319369863013698,36.68571428571429,15.795714285714286,9.803444227005876,5226.570000000001,56,10,0,AAS2018_Annex4,official_aggregate,sub_region,sub_region,published_official_subregion_yield_over_harvested,2018,annual,False,False,False,published_annual_aggregate_total_and_s2_harvested_area,False,CHIRPS_v2.0_daily_via_ClimateSERV,NASA_POWER_daily,SoilGrids_v2.0,v2.0,30,validated_district_centroid_aggregate,7,5.892857142857143,0.23429507014484943,27.39047619047619,6.869045280734657,35.919047619047625,3.6983283081863196,40.121428571428574,4.604091520610632,23.942857142857143,2.036083230281838,1.275952380952381,0.06665872968626269,19.571428571428573,2.0395105232881683,not_available,aas-chirps-v1,uganda_crop_model-0.2.0,sub_region,sub_region
Bunyoro,2018,annual,sorghum,annual,0.6,0.5482515131136516,0.6297915265635508,5948.0,3746.0,3261.0,,,39.4,1379.1427689871216,3.778473339690744,230,38,1,23.338536398751398,50.85511830874851,18,0.6762629553865023,2018-03-04,2018-12-17,63,351,289,24.319369863013698,36.68571428571429,15.795714285714286,9.803444227005876,5226.570000000001,56,10,0,AAS2018_Annex4,official_aggregate,sub_region,sub_region,published_official_subregion_yield_over_harvested,2018,annual,False,False,False,published_annual_aggregate_total_and_s2_harvested_area,False,CHIRPS_v2.0_daily_via_ClimateSERV,NASA_POWER_daily,SoilGrids_v2.0,v2.0,30,validated_district_centroid_aggregate,7,5.892857142857143,0.23429507014484943,27.39047619047619,6.869045280734657,35.919047619047625,3.6983283081863196,40.121428571428574,4.604091520610632,23.942857142857143,2.036083230281838,1.275952380952381,0.06665872968626269,19.571428571428573,2.0395105232881683,not_available,aas-chirps-v1,uganda_crop_model-0.2.0,sub_region,sub_region
Bunyoro,2018,annual,soya_beans,annual,0.2,0.24124513618677043,0.9922178988326849,1028.0,1020.0,248.0,,,65.4,1379.1427689871216,3.778473339690744,230,38,1,23.338536398751398,50.85511830874851,18,0.6762629553865023,2018-03-04,2018-12-17,63,351,289,24.319369863013698,36.68571428571429,15.795714285714286,9.803444227005876,5226.570000000001,56,10,0,AAS2018_Annex4,official_aggregate,sub_region,sub_region,published_official_subregion_yield_over_harvested,2018,annual,False,False,False,published_annual_aggregate_total_and_s2_harvested_area,False,CHIRPS_v2.0_daily_via_ClimateSERV,NASA_POWER_daily,SoilGrids_v2.0,v2.0,30,validated_district_centroid_aggregate,7,5.892857142857143,0.23429507014484943,27.39047619047619,6.869045280734657,35.919047619047625,3.6983283081863196,40.121428571428574,4.604091520610632,23.942857142857143,2.036083230281838,1.275952380952381,0.06665872968626269,19.571428571428573,2.0395105232881683,not_available,aas-chirps-v1,uganda_crop_model-0.2.0,sub_region,sub_region
Bunyoro,2018,annual,sweet_potatoes,annual,3.7,2.408238944527131,0.4190610731313539,39641.0,16612.0,95465.0,,,15.3,1379.1427689871216,3.778473339690744,230,38,1,23.338536398751398,50.85511830874851,18,0.6762629553865023,2018-03-04,2018-12-17,63,351,289,24.319369863013698,36.68571428571429,15.795714285714286,9.803444227005876,5226.570000000001,56,10,0,AAS2018_Annex4,official_aggregate,sub_region,sub_region,published_official_subregion_yield_over_harvested,2018,annual,False,False,False,published_annual_aggregate_total_and_s2_harvested_area,False,CHIRPS_v2.0_daily_via_ClimateSERV,NASA_POWER_daily,SoilGrids_v2.0,v2.0,30,validated_district_centroid_aggregate,7,5.892857142857143,0.23429507014484943,27.39047619047619,6.869045280734657,35.919047619047625,3.6983283081863196,40.121428571428574,4.604091520610632,23.942857142857143,2.036083230281838,1.275952380952381,0.06665872968626269,19.571428571428573,2.0395105232881683,not_available,aas-chirps-v1,uganda_crop_model-0.2.0,sub_region,sub_region
Busoga,2018,annual,beans,annual,0.4,0.37866171003717475,0.20105947955390335,53800.0,10817.0,20372.0,,,19.3,1571.3936869088561,4.305188183311935,215,51,5,23.5648943901062,81.67446064949036,14,0.7218777809247509,2018-02-18,2018-11-21,49,325,277,23.132663013698632,35.114,15.907999999999998,8.625095890410957,4793.422,26,1,0,AAS2018_Annex4,official_aggregate,sub_region,sub_region,published_official_subregion_yield_over_harvested,2018,annual,False,False,False,published_annual_aggregate_total_and_s2_harvested_area,False,CHIRPS_v2.0_daily_via_ClimateSERV,NASA_POWER_daily,SoilGrids_v2.0,v2.0,30,validated_district_centroid_aggregate,10,5.784999999999999,0.17820261737557666,22.363333333333333,1.6861600761698565,38.23,2.252156716692516,39.06999999999999,2.489679933814686,22.69833333333333,1.0704922716693026,1.3295,0.020698452259189003,18.055,1.5767416394358542,not_available,aas-chirps-v1,uganda_crop_model-0.2.0,sub_region,sub_region
Busoga,2018,annual,groundnuts,annual,0.5,0.4466726373583583,0.3730579027296445,51362.0,19161.0,22942.0,,,27.4,1571.3936869088561,4.305188183311935,215,51,5,23.5648943901062,81.67446064949036,14,0.7218777809247509,2018-02-18,2018-11-21,49,325,277,23.132663013698632,35.114,15.907999999999998,8.625095890410957,4793.422,26,1,0,AAS2018_Annex4,official_aggregate,sub_region,sub_region,published_official_subregion_yield_over_harvested,2018,annual,False,False,False,published_annual_aggregate_total_and_s2_harvested_area,False,CHIRPS_v2.0_daily_via_ClimateSERV,NASA_POWER_daily,SoilGrids_v2.0,v2.0,30,validated_district_centroid_aggregate,10,5.784999999999999,0.17820261737557666,22.363333333333333,1.6861600761698565,38.23,2.252156716692516,39.06999999999999,2.489679933814686,22.69833333333333,1.0704922716693026,1.3295,0.020698452259189003,18.055,1.5767416394358542,not_available,aas-chirps-v1,uganda_crop_model-0.2.0,sub_region,sub_region
Busoga,2018,annual,maize,annual,1.3,1.1116343797935768,0.27340653696390027,288146.0,78781.0,320313.0,,,18.8,1571.3936869088561,4.305188183311935,215,51,5,23.5648943901062,81.67446064949036,14,0.7218777809247509,2018-02-18,2018-11-21,49,325,277,23.132663013698632,35.114,15.907999999999998,8.625095890410957,4793.422,26,1,0,AAS2018_Annex4,official_aggregate,sub_region,sub_region,published_official_subregion_yield_over_harvested,2018,annual,False,False,False,published_annual_aggregate_total_and_s2_harvested_area,False,CHIRPS_v2.0_daily_via_ClimateSERV,NASA_POWER_daily,SoilGrids_v2.0,v2.0,30,validated_district_centroid_aggregate,10,5.784999999999999,0.17820261737557666,22.363333333333333,1.6861600761698565,38.23,2.252156716692516,39.06999999999999,2.489679933814686,22.69833333333333,1.0704922716693026,1.3295,0.020698452259189003,18.055,1.5767416394358542,not_available,aas-chirps-v1,uganda_crop_model-0.2.0,sub_region,sub_region
Busoga,2018,annual,millet,annual,0.2,0.5220942531437301,0.045422493830062284,17018.0,773.0,8885.0,,,64.0,1571.3936869088561,4.305188183311935,215,51,5,23.5648943901062,81.67446064949036,14,0.7218777809247509,2018-02-18,2018-11-21,49,325,277,23.132663013698632,35.114,15.907999999999998,8.625095890410957,4793.422,26,1,0,AAS2018_Annex4,official_aggregate,sub_region,sub_region,published_official_subregion_yield_over_harvested,2018,annual,False,False,False,published_annual_aggregate_total_and_s2_harvested_area,False,CHIRPS_v2.0_daily_via_ClimateSERV,NASA_POWER_daily,SoilGrids_v2.0,v2.0,30,validated_district_centroid_aggregate,10,5.784999999999999,0.17820261737557666,22.363333333333333,1.6861600761698565,38.23,2.252156716692516,39.06999999999999,2.489679933814686,22.69833333333333,1.0704922716693026,1.3295,0.020698452259189003,18.055,1.5767416394358542,not_available,aas-chirps-v1,uganda_crop_model-0.2.0,sub_region,sub_region
Busoga,2018,annual,rice,annual,1.2,1.0241080038572805,0.3279059416957199,53924.0,17682.0,55224.0,,,33.2,1571.3936869088561,4.305188183311935,215,51,5,23.5648943901062,81.67446064949036,14,0.7218777809247509,2018-02-18,2018-11-21,49,325,277,23.132663013698632,35.114,15.907999999999998,8.625095890410957,4793.422,26,1,0,AAS2018_Annex4,official_aggregate,sub_region,sub_region,published_official_subregion_yield_over_harvested,2018,annual,False,False,False,published_annual_aggregate_total_and_s2_harvested_area,False,CHIRPS_v2.0_daily_via_ClimateSERV,NASA_POWER_daily,SoilGrids_v2.0,v2.0,30,validated_district_centroid_aggregate,10,5.784999999999999,0.17820261737557666,22.363333333333333,1.6861600761698565,38.23,2.252156716692516,39.06999999999999,2.489679933814686,22.69833333333333,1.0704922716693026,1.3295,0.020698452259189003,18.055,1.5767416394358542,not_available,aas-chirps-v1,uganda_crop_model-0.2.0,sub_region,sub_region
Busoga,2018,annual,simsim,annual,0.2,0.1994368840919756,0.48897231346785547,2131.0,1042.0,425.0,,,35.7,1571.3936869088561,4.305188183311935,215,51,5,23.5648943901062,81.67446064949036,14,0.7218777809247509,2018-02-18,2018-11-21,49,325,277,23.132663013698632,35.114,15.907999999999998,8.625095890410957,4793.422,26,1,0,AAS2018_Annex4,official_aggregate,sub_region,sub_region,published_official_subregion_yield_over_harvested,2018,annual,False,False,False,published_annual_aggregate_total_and_s2_harvested_area,False,CHIRPS_v2.0_daily_via_ClimateSERV,NASA_POWER_daily,SoilGrids_v2.0,v2.0,30,validated_district_centroid_aggregate,10,5.784999999999999,0.17820261737557666,22.363333333333333,1.6861600761698565,38.23,2.252156716692516,39.06999999999999,2.489679933814686,22.69833333333333,1.0704922716693026,1.3295,0.020698452259189003,18.055,1.5767416394358542,not_available,aas-chirps-v1,uganda_crop_model-0.2.0,sub_region,sub_region
Busoga,2018,annual,sorghum,annual,0.3,0.574937343358396,0.044945697577276525,5985.0,269.0,3441.0,,,55.6,1571.3936869088561,4.305188183311935,215,51,5,23.5648943901062,81.67446064949036,14,0.7218777809247509,2018-02-18,2018-11-21,49,325,277,23.132663013698632,35.114,15.907999999999998,8.625095890410957,4793.422,26,1,0,AAS2018_Annex4,official_aggregate,sub_region,sub_region,published_official_subregion_yield_over_harvested,2018,annual,False,False,False,published_annual_aggregate_total_and_s2_harvested_area,False,CHIRPS_v2.0_daily_via_ClimateSERV,NASA_POWER_daily,SoilGrids_v2.0,v2.0,30,validated_district_centroid_aggregate,10,5.784999999999999,0.17820261737557666,22.363333333333333,1.6861600761698565,38.23,2.252156716692516,39.06999999999999,2.489679933814686,22.69833333333333,1.0704922716693026,1.3295,0.020698452259189003,18.055,1.5767416394358542,not_available,aas-chirps-v1,uganda_crop_model-0.2.0,sub_region,sub_region
Busoga,2018,annual,soya_beans,annual,0.4,0.4310244357251078,0.4274115224738744,25741.0,11002.0,11095.0,,,30.5,1571.3936869088561,4.305188183311935,215,51,5,23.5648943901062,81.67446064949036,14,0.7218777809247509,2018-02-18,2018-11-21,49,325,277,23.132663013698632,35.114,15.907999999999998,8.625095890410957,4793.422,26,1,0,AAS2018_Annex4,official_aggregate,sub_region,sub_region,published_official_subregion_yield_over_harvested,2018,annual,False,False,False,published_annual_aggregate_total_and_s2_harvested_area,False,CHIRPS_v2.0_daily_via_ClimateSERV,NASA_POWER_daily,SoilGrids_v2.0,v2.0,30,validated_district_centroid_aggregate,10,5.784999999999999,0.17820261737557666,22.363333333333333,1.6861600761698565,38.23,2.252156716692516,39.06999999999999,2.489679933814686,22.69833333333333,1.0704922716693026,1.3295,0.020698452259189003,18.055,1.5767416394358542,not_available,aas-chirps-v1,uganda_crop_model-0.2.0,sub_region,sub_region
Busoga,2018,annual,sweet_potatoes,annual,2.7,1.9709457549392218,0.43066243678738575,127348.0,54844.0,250996.0,,,15.1,1571.3936869088561,4.305188183311935,215,51,5,23.5648943901062,81.67446064949036,14,0.7218777809247509,2018-02-18,2018-11-21,49,325,277,23.132663013698632,35.114,15.907999999999998,8.625095890410957,4793.422,26,1,0,AAS2018_Annex4,official_aggregate,sub_region,sub_region,published_official_subregion_yield_over_harvested,2018,annual,False,False,False,published_annual_aggregate_total_and_s2_harvested_area,False,CHIRPS_v2.0_daily_via_ClimateSERV,NASA_POWER_daily,SoilGrids_v2.0,v2.0,30,validated_district_centroid_aggregate,10,5.784999999999999,0.17820261737557666,22.363333333333333,1.6861600761698565,38.23,2.252156716692516,39.06999999999999,2.489679933814686,22.69833333333333,1.0704922716693026,1.3295,0.020698452259189003,18.055,1.5767416394358542,not_available,aas-chirps-v1,uganda_crop_model-0.2.0,sub_region,sub_region
Elgon,2018,annual,beans,annual,0.5,0.5090998877665545,0.37397081930415266,111375.0,41651.0,56701.0,,,14.9,1827.6763648165197,5.007332506346629,208,69,18,41.79936528205872,90.03196603059769,22,0.8422130793858668,2018-02-18,2018-11-20,49,324,276,20.104205479452055,32.6975,11.7075,10.415732876712328,3688.035,6,0,0,AAS2018_Annex4,official_aggregate,sub_region,sub_region,published_official_subregion_yield_over_harvested,2018,annual,False,False,False,published_annual_aggregate_total_and_s2_harvested_area,False,CHIRPS_v2.0_daily_via_ClimateSERV,NASA_POWER_daily,SoilGrids_v2.0,v2.0,30,validated_district_centroid_aggregate,8,5.83125,0.1980935925984772,35.19166666666667,11.187762588919727,41.06666666666666,1.9120752459126042,34.6875,2.6788375529174275,24.233333333333334,1.6917165134574887,1.1777083333333334,0.0755820667190558,22.4625,1.7859849001299155,not_available,aas-chirps-v1,uganda_crop_model-0.2.0,sub_region,sub_region
Elgon,2018,annual,groundnuts,annual,0.5,0.4952131637995512,0.2175766641735228,13370.0,2909.0,6621.0,,,56.2,1827.6763648165197,5.007332506346629,208,69,18,41.79936528205872,90.03196603059769,22,0.8422130793858668,2018-02-18,2018-11-20,49,324,276,20.104205479452055,32.6975,11.7075,10.415732876712328,3688.035,6,0,0,AAS2018_Annex4,official_aggregate,sub_region,sub_region,published_official_subregion_yield_over_harvested,2018,annual,False,False,False,published_annual_aggregate_total_and_s2_harvested_area,False,CHIRPS_v2.0_daily_via_ClimateSERV,NASA_POWER_daily,SoilGrids_v2.0,v2.0,30,validated_district_centroid_aggregate,8,5.83125,0.1980935925984772,35.19166666666667,11.187762588919727,41.06666666666666,1.9120752459126042,34.6875,2.6788375529174275,24.233333333333334,1.6917165134574887,1.1777083333333334,0.0755820667190558,22.4625,1.7859849001299155,not_available,aas-chirps-v1,uganda_crop_model-0.2.0,sub_region,sub_region
Elgon,2018,annual,irish_potatoes,annual,5.1,3.503265272381582,0.22046788459948746,12097.0,2667.0,42379.0,,,61.6,1827.6763648165197,5.007332506346629,208,69,18,41.79936528205872,90.03196603059769,22,0.8422130793858668,2018-02-18,2018-11-20,49,324,276,20.104205479452055,32.6975,11.7075,10.415732876712328,3688.035,6,0,0,AAS2018_Annex4,official_aggregate,sub_region,sub_region,published_official_subregion_yield_over_harvested,2018,annual,False,False,False,published_annual_aggregate_total_and_s2_harvested_area,False,CHIRPS_v2.0_daily_via_ClimateSERV,NASA_POWER_daily,SoilGrids_v2.0,v2.0,30,validated_district_centroid_aggregate,8,5.83125,0.1980935925984772,35.19166666666667,11.187762588919727,41.06666666666666,1.9120752459126042,34.6875,2.6788375529174275,24.233333333333334,1.6917165134574887,1.1777083333333334,0.0755820667190558,22.4625,1.7859849001299155,not_available,aas-chirps-v1,uganda_crop_model-0.2.0,sub_region,sub_region
Elgon,2018,annual,maize,annual,3.0,1.2871629786452443,0.07041559119515095,103443.0,7284.0,133148.0,,,60.9,1827.6763648165197,5.007332506346629,208,69,18,41.79936528205872,90.03196603059769,22,0.8422130793858668,2018-02-18,2018-11-20,49,324,276,20.104205479452055,32.6975,11.7075,10.415732876712328,3688.035,6,0,0,AAS2018_Annex4,official_aggregate,sub_region,sub_region,published_official_subregion_yield_over_harvested,2018,annual,False,False,False,published_annual_aggregate_total_and_s2_harvested_area,False,CHIRPS_v2.0_daily_via_ClimateSERV,NASA_POWER_daily,SoilGrids_v2.0,v2.0,30,validated_district_centroid_aggregate,8,5.83125,0.1980935925984772,35.19166666666667,11.187762588919727,41.06666666666666,1.9120752459126042,34.6875,2.6788375529174275,24.233333333333334,1.6917165134574887,1.1777083333333334,0.0755820667190558,22.4625,1.7859849001299155,not_available,aas-chirps-v1,uganda_crop_model-0.2.0,sub_region,sub_region
Elgon,2018,annual,rice,annual,0.9,1.0753205128205128,0.133082497212932,14352.0,1910.0,15433.0,,,95.3,1827.6763648165197,5.007332506346629,208,69,18,41.79936528205872,90.03196603059769,22,0.8422130793858668,2018-02-18,2018-11-20,49,324,276,20.104205479452055,32.6975,11.7075,10.415732876712328,3688.035,6,0,0,AAS2018_Annex4,official_aggregate,sub_region,sub_region,published_official_subregion_yield_over_harvested,2018,annual,False,False,False,published_annual_aggregate_total_and_s2_harvested_area,False,CHIRPS_v2.0_daily_via_ClimateSERV,NASA_POWER_daily,SoilGrids_v2.0,v2.0,30,validated_district_centroid_aggregate,8,5.83125,0.1980935925984772,35.19166666666667,11.187762588919727,41.06666666666666,1.9120752459126042,34.6875,2.6788375529174275,24.233333333333334,1.6917165134574887,1.1777083333333334,0.0755820667190558,22.4625,1.7859849001299155,not_available,aas-chirps-v1,uganda_crop_model-0.2.0,sub_region,sub_region
Elgon,2018,annual,sorghum,annual,0.5,0.2826558265582656,0.35501355013550134,3690.0,1310.0,1043.0,,,74.9,1827.6763648165197,5.007332506346629,208,69,18,41.79936528205872,90.03196603059769,22,0.8422130793858668,2018-02-18,2018-11-20,49,324,276,20.104205479452055,32.6975,11.7075,10.415732876712328,3688.035,6,0,0,AAS2018_Annex4,official_aggregate,sub_region,sub_region,published_official_subregion_yield_over_harvested,2018,annual,False,False,False,published_annual_aggregate_total_and_s2_harvested_area,False,CHIRPS_v2.0_daily_via_ClimateSERV,NASA_POWER_daily,SoilGrids_v2.0,v2.0,30,validated_district_centroid_aggregate,8,5.83125,0.1980935925984772,35.19166666666667,11.187762588919727,41.06666666666666,1.9120752459126042,34.6875,2.6788375529174275,24.233333333333334,1.6917165134574887,1.1777083333333334,0.0755820667190558,22.4625,1.7859849001299155,not_available,aas-chirps-v1,uganda_crop_model-0.2.0,sub_region,sub_region
Elgon,2018,annual,soya_beans,annual,0.6,0.4065361318495563,0.6078320890266234,7099.0,4315.0,2886.0,,,56.4,1827.6763648165197,5.007332506346629,208,69,18,41.79936528205872,90.03196603059769,22,0.8422130793858668,2018-02-18,2018-11-20,49,324,276,20.104205479452055,32.6975,11.7075,10.415732876712328,3688.035,6,0,0,AAS2018_Annex4,official_aggregate,sub_region,sub_region,published_official_subregion_yield_over_harvested,2018,annual,False,False,False,published_annual_aggregate_total_and_s2_harvested_area,False,CHIRPS_v2.0_daily_via_ClimateSERV,NASA_POWER_daily,SoilGrids_v2.0,v2.0,30,validated_district_centroid_aggregate,8,5.83125,0.1980935925984772,35.19166666666667,11.187762588919727,41.06666666666666,1.9120752459126042,34.6875,2.6788375529174275,24.233333333333334,1.6917165134574887,1.1777083333333334,0.0755820667190558,22.4625,1.7859849001299155,not_available,aas-chirps-v1,uganda_crop_model-0.2.0,sub_region,sub_region
Elgon,2018,annual,sweet_potatoes,annual,3.3,2.1476464148877943,0.34906951286261634,7308.0,2551.0,15695.0,,,27.6,1827.6763648165197,5.007332506346629,208,69,18,41.79936528205872,90.03196603059769,22,0.8422130793858668,2018-02-18,2018-11-20,49,324,276,20.104205479452055,32.6975,11.7075,10.415732876712328,3688.035,6,0,0,AAS2018_Annex4,official_aggregate,sub_region,sub_region,published_official_subregion_yield_over_harvested,2018,annual,False,False,False,published_annual_aggregate_total_and_s2_harvested_area,False,CHIRPS_v2.0_daily_via_ClimateSERV,NASA_POWER_daily,SoilGrids_v2.0,v2.0,30,validated_district_centroid_aggregate,8,5.83125,0.1980935925984772,35.19166666666667,11.187762588919727,41.06666666666666,1.9120752459126042,34.6875,2.6788375529174275,24.233333333333334,1.6917165134574887,1.1777083333333334,0.0755820667190558,22.4625,1.7859849001299155,not_available,aas-chirps-v1,uganda_crop_model-0.2.0,sub_region,sub_region
Karamoja,2018,annual,beans,annual,0.4,0.5603299090540889,0.07198350454729556,27159.0,1955.0,15218.0,,,68.2,1340.7205920768718,3.6732071015804704,154,52,11,39.4178341456822,85.77205644335066,50,0.8444844864765217,2018-03-02,2018-12-24,61,358,298,23.599027397260276,35.73,15.677142857142858,11.784590998043054,4963.6449999999995,92,2,0,AAS2018_Annex4,official_aggregate,sub_region,sub_region,published_official_subregion_yield_over_harvested,2018,annual,False,False,False,published_annual_aggregate_total_and_s2_harvested_area,False,CHIRPS_v2.0_daily_via_ClimateSERV,NASA_POWER_daily,SoilGrids_v2.0,v2.0,30,validated_district_centroid_aggregate,7,6.485714285714285,0.26569764412812935,20.571428571428577,3.514858859788369,37.01428571428572,3.5744648469105065,39.42857142857143,3.4768109361474204,23.559523809523807,1.6847864229644338,1.2750000000000001,0.022484562605386792,24.55,2.3700289105909733,not_available,aas-chirps-v1,uganda_crop_model-0.2.0,sub_region,sub_region
Karamoja,2018,annual,groundnuts,annual,0.4,0.4306425739277823,0.17960592027603742,33039.0,5934.0,14228.0,,,51.3,1340.7205920768718,3.6732071015804704,154,52,11,39.4178341456822,85.77205644335066,50,0.8444844864765217,2018-03-02,2018-12-24,61,358,298,23.599027397260276,35.73,15.677142857142858,11.784590998043054,4963.6449999999995,92,2,0,AAS2018_Annex4,official_aggregate,sub_region,sub_region,published_official_subregion_yield_over_harvested,2018,annual,False,False,False,published_annual_aggregate_total_and_s2_harvested_area,False,CHIRPS_v2.0_daily_via_ClimateSERV,NASA_POWER_daily,SoilGrids_v2.0,v2.0,30,validated_district_centroid_aggregate,7,6.485714285714285,0.26569764412812935,20.571428571428577,3.514858859788369,37.01428571428572,3.5744648469105065,39.42857142857143,3.4768109361474204,23.559523809523807,1.6847864229644338,1.2750000000000001,0.022484562605386792,24.55,2.3700289105909733,not_available,aas-chirps-v1,uganda_crop_model-0.2.0,sub_region,sub_region
Karamoja,2018,annual,maize,annual,1.0,1.2410618849286794,0.03689506468615237,108524.0,4004.0,134685.0,,,70.2,1340.7205920768718,3.6732071015804704,154,52,11,39.4178341456822,85.77205644335066,50,0.8444844864765217,2018-03-02,2018-12-24,61,358,298,23.599027397260276,35.73,15.677142857142858,11.784590998043054,4963.6449999999995,92,2,0,AAS2018_Annex4,official_aggregate,sub_region,sub_region,published_official_subregion_yield_over_harvested,2018,annual,False,False,False,published_annual_aggregate_total_and_s2_harvested_area,False,CHIRPS_v2.0_daily_via_ClimateSERV,NASA_POWER_daily,SoilGrids_v2.0,v2.0,30,validated_district_centroid_aggregate,7,6.485714285714285,0.26569764412812935,20.571428571428577,3.514858859788369,37.01428571428572,3.5744648469105065,39.42857142857143,3.4768109361474204,23.559523809523807,1.6847864229644338,1.2750000000000001,0.022484562605386792,24.55,2.3700289105909733,not_available,aas-chirps-v1,uganda_crop_model-0.2.0,sub_region,sub_region
Karamoja,2018,annual,sweet_potatoes,annual,1.8,1.5295852172203657,0.3845095341065461,10174.0,3912.0,15562.0,,,66.7,1340.7205920768718,3.6732071015804704,154,52,11,39.4178341456822,85.77205644335066,50,0.8444844864765217,2018-03-02,2018-12-24,61,358,298,23.599027397260276,35.73,15.677142857142858,11.784590998043054,4963.6449999999995,92,2,0,AAS2018_Annex4,official_aggregate,sub_region,sub_region,published_official_subregion_yield_over_harvested,2018,annual,False,False,False,published_annual_aggregate_total_and_s2_harvested_area,False,CHIRPS_v2.0_daily_via_ClimateSERV,NASA_POWER_daily,SoilGrids_v2.0,v2.0,30,validated_district_centroid_aggregate,7,6.485714285714285,0.26569764412812935,20.571428571428577,3.514858859788369,37.01428571428572,3.5744648469105065,39.42857142857143,3.4768109361474204,23.559523809523807,1.6847864229644338,1.2750000000000001,0.022484562605386792,24.55,2.3700289105909733,not_available,aas-chirps-v1,uganda_crop_model-0.2.0,sub_region,sub_region
Kigezi,2018,annual,beans,annual,0.6,0.6090615884764145,0.5760122328874497,77823.0,44827.0,47399.0,,,16.8,1403.914933408855,3.846342283311931,227,40,3,25.479330825805665,68.74964990615845,36,0.7771274810287513,2018-01-02,2018-08-04,2,216,215,19.985383561643836,30.034,10.488,10.24745753424658,3644.665,0,0,0,AAS2018_Annex4,official_aggregate,sub_region,sub_region,published_official_subregion_yield_over_harvested,2018,annual,False,False,False,published_annual_aggregate_total_and_s2_harvested_area,False,CHIRPS_v2.0_daily_via_ClimateSERV,NASA_POWER_daily,SoilGrids_v2.0,v2.0,30,validated_district_centroid_aggregate,5,5.66,0.09617692030835676,37.58,8.632556271335723,39.79666666666667,4.026740479455919,32.08,1.330643119364136,28.140000000000004,2.997466522841507,1.1653333333333333,0.09258929623762013,24.080000000000002,3.9974019340344324,not_available,aas-chirps-v1,uganda_crop_model-0.2.0,sub_region,sub_region
Kigezi,2018,annual,groundnuts,annual,0.4,0.47233551365909965,0.3867641400538669,12995.0,5026.0,6138.0,,,40.2,1403.914933408855,3.846342283311931,227,40,3,25.479330825805665,68.74964990615845,36,0.7771274810287513,2018-01-02,2018-08-04,2,216,215,19.985383561643836,30.034,10.488,10.24745753424658,3644.665,0,0,0,AAS2018_Annex4,official_aggregate,sub_region,sub_region,published_official_subregion_yield_over_harvested,2018,annual,False,False,False,published_annual_aggregate_total_and_s2_harvested_area,False,CHIRPS_v2.0_daily_via_ClimateSERV,NASA_POWER_daily,SoilGrids_v2.0,v2.0,30,validated_district_centroid_aggregate,5,5.66,0.09617692030835676,37.58,8.632556271335723,39.79666666666667,4.026740479455919,32.08,1.330643119364136,28.140000000000004,2.997466522841507,1.1653333333333333,0.09258929623762013,24.080000000000002,3.9974019340344324,not_available,aas-chirps-v1,uganda_crop_model-0.2.0,sub_region,sub_region
Kigezi,2018,annual,irish_potatoes,annual,3.8,3.3882728425876674,0.597487622243136,24439.0,14602.0,82806.0,,,24.6,1403.914933408855,3.846342283311931,227,40,3,25.479330825805665,68.74964990615845,36,0.7771274810287513,2018-01-02,2018-08-04,2,216,215,19.985383561643836,30.034,10.488,10.24745753424658,3644.665,0,0,0,AAS2018_Annex4,official_aggregate,sub_region,sub_region,published_official_subregion_yield_over_harvested,2018,annual,False,False,False,published_annual_aggregate_total_and_s2_harvested_area,False,CHIRPS_v2.0_daily_via_ClimateSERV,NASA_POWER_daily,SoilGrids_v2.0,v2.0,30,validated_district_centroid_aggregate,5,5.66,0.09617692030835676,37.58,8.632556271335723,39.79666666666667,4.026740479455919,32.08,1.330643119364136,28.140000000000004,2.997466522841507,1.1653333333333333,0.09258929623762013,24.080000000000002,3.9974019340344324,not_available,aas-chirps-v1,uganda_crop_model-0.2.0,sub_region,sub_region
Kigezi,2018,annual,maize,annual,1.1,1.178959174517721,0.5499327052489906,22290.0,12258.0,26279.0,,,19.4,1403.914933408855,3.846342283311931,227,40,3,25.479330825805665,68.74964990615845,36,0.7771274810287513,2018-01-02,2018-08-04,2,216,215,19.985383561643836,30.034,10.488,10.24745753424658,3644.665,0,0,0,AAS2018_Annex4,official_aggregate,sub_region,sub_region,published_official_subregion_yield_over_harvested,2018,annual,False,False,False,published_annual_aggregate_total_and_s2_harvested_area,False,CHIRPS_v2.0_daily_via_ClimateSERV,NASA_POWER_daily,SoilGrids_v2.0,v2.0,30,validated_district_centroid_aggregate,5,5.66,0.09617692030835676,37.58,8.632556271335723,39.79666666666667,4.026740479455919,32.08,1.330643119364136,28.140000000000004,2.997466522841507,1.1653333333333333,0.09258929623762013,24.080000000000002,3.9974019340344324,not_available,aas-chirps-v1,uganda_crop_model-0.2.0,sub_region,sub_region
Kigezi,2018,annual,millet,annual,0.5,0.49139441873005885,0.8762414056531703,22253.0,19499.0,10935.0,,,26.1,1403.914933408855,3.846342283311931,227,40,3,25.479330825805665,68.74964990615845,36,0.7771274810287513,2018-01-02,2018-08-04,2,216,215,19.985383561643836,30.034,10.488,10.24745753424658,3644.665,0,0,0,AAS2018_Annex4,official_aggregate,sub_region,sub_region,published_official_subregion_yield_over_harvested,2018,annual,False,False,False,published_annual_aggregate_total_and_s2_harvested_area,False,CHIRPS_v2.0_daily_via_ClimateSERV,NASA_POWER_daily,SoilGrids_v2.0,v2.0,30,validated_district_centroid_aggregate,5,5.66,0.09617692030835676,37.58,8.632556271335723,39.79666666666667,4.026740479455919,32.08,1.330643119364136,28.140000000000004,2.997466522841507,1.1653333333333333,0.09258929623762013,24.080000000000002,3.9974019340344324,not_available,aas-chirps-v1,uganda_crop_model-0.2.0,sub_region,sub_region
Kigezi,2018,annual,rice,annual,1.4,1.430740037950664,0.9122390891840607,4216.0,3846.0,6032.0,,,66.7,1403.914933408855,3.846342283311931,227,40,3,25.479330825805665,68.74964990615845,36,0.7771274810287513,2018-01-02,2018-08-04,2,216,215,19.985383561643836,30.034,10.488,10.24745753424658,3644.665,0,0,0,AAS2018_Annex4,official_aggregate,sub_region,sub_region,published_official_subregion_yield_over_harvested,2018,annual,False,False,False,published_annual_aggregate_total_and_s2_harvested_area,False,CHIRPS_v2.0_daily_via_ClimateSERV,NASA_POWER_daily,SoilGrids_v2.0,v2.0,30,validated_district_centroid_aggregate,5,5.66,0.09617692030835676,37.58,8.632556271335723,39.79666666666667,4.026740479455919,32.08,1.330643119364136,28.140000000000004,2.997466522841507,1.1653333333333333,0.09258929623762013,24.080000000000002,3.9974019340344324,not_available,aas-chirps-v1,uganda_crop_model-0.2.0,sub_region,sub_region
Kigezi,2018,annual,sorghum,annual,0.5,0.873457860575732,0.06550066887975028,20183.0,1322.0,17629.0,,,34.4,1403.914933408855,3.846342283311931,227,40,3,25.479330825805665,68.74964990615845,36,0.7771274810287513,2018-01-02,2018-08-04,2,216,215,19.985383561643836,30.034,10.488,10.24745753424658,3644.665,0,0,0,AAS2018_Annex4,official_aggregate,sub_region,sub_region,published_official_subregion_yield_over_harvested,2018,annual,False,False,False,published_annual_aggregate_total_and_s2_harvested_area,False,CHIRPS_v2.0_daily_via_ClimateSERV,NASA_POWER_daily,SoilGrids_v2.0,v2.0,30,validated_district_centroid_aggregate,5,5.66,0.09617692030835676,37.58,8.632556271335723,39.79666666666667,4.026740479455919,32.08,1.330643119364136,28.140000000000004,2.997466522841507,1.1653333333333333,0.09258929623762013,24.080000000000002,3.9974019340344324,not_available,aas-chirps-v1,uganda_crop_model-0.2.0,sub_region,sub_region
Kigezi,2018,annual,soya_beans,annual,0.9,0.6510067114093959,0.30201342281879195,447.0,135.0,291.0,,,97.2,1403.914933408855,3.846342283311931,227,40,3,25.479330825805665,68.74964990615845,36,0.7771274810287513,2018-01-02,2018-08-04,2,216,215,19.985383561643836,30.034,10.488,10.24745753424658,3644.665,0,0,0,AAS2018_Annex4,official_aggregate,sub_region,sub_region,published_official_subregion_yield_over_harvested,2018,annual,False,False,False,published_annual_aggregate_total_and_s2_harvested_area,False,CHIRPS_v2.0_daily_via_ClimateSERV,NASA_POWER_daily,SoilGrids_v2.0,v2.0,30,validated_district_centroid_aggregate,5,5.66,0.09617692030835676,37.58,8.632556271335723,39.79666666666667,4.026740479455919,32.08,1.330643119364136,28.140000000000004,2.997466522841507,1.1653333333333333,0.09258929623762013,24.080000000000002,3.9974019340344324,not_available,aas-chirps-v1,uganda_crop_model-0.2.0,sub_region,sub_region
Kigezi,2018,annual,sweet_potatoes,annual,2.9,2.1115521792572594,0.45257621859068653,49627.0,22460.0,104790.0,,,14.8,1403.914933408855,3.846342283311931,227,40,3,25.479330825805665,68.74964990615845,36,0.7771274810287513,2018-01-02,2018-08-04,2,216,215,19.985383561643836,30.034,10.488,10.24745753424658,3644.665,0,0,0,AAS2018_Annex4,official_aggregate,sub_region,sub_region,published_official_subregion_yield_over_harvested,2018,annual,False,False,False,published_annual_aggregate_total_and_s2_harvested_area,False,CHIRPS_v2.0_daily_via_ClimateSERV,NASA_POWER_daily,SoilGrids_v2.0,v2.0,30,validated_district_centroid_aggregate,5,5.66,0.09617692030835676,37.58,8.632556271335723,39.79666666666667,4.026740479455919,32.08,1.330643119364136,28.140000000000004,2.997466522841507,1.1653333333333333,0.09258929623762013,24.080000000000002,3.9974019340344324,not_available,aas-chirps-v1,uganda_crop_model-0.2.0,sub_region,sub_region
Lango,2018,annual,beans,annual,0.3,0.368373714614222,0.3301158122154534,107847.0,35602.0,39728.0,,,15.7,1452.5022938729498,3.9794583393779446,204,54,4,28.020235538482662,67.19821238517761,49,0.7443255564760712,2018-03-02,2018-12-17,61,351,291,25.034402397260276,37.29625,16.56,11.033660958904104,5487.556875,127,30,0,AAS2018_Annex4,official_aggregate,sub_region,sub_region,published_official_subregion_yield_over_harvested,2018,annual,False,False,False,published_annual_aggregate_total_and_s2_harvested_area,False,CHIRPS_v2.0_daily_via_ClimateSERV,NASA_POWER_daily,SoilGrids_v2.0,v2.0,30,validated_district_centroid_aggregate,8,6.166666666666666,0.07237468644557468,23.510416666666668,2.6437548078683446,37.922916666666666,2.2415438539556503,38.14583333333333,1.4789998229176629,23.941666666666666,1.8495387670426504,1.3008333333333333,0.030224031225037886,21.012499999999996,2.024997550459032,not_available,aas-chirps-v1,uganda_crop_model-0.2.0,sub_region,sub_region
Lango,2018,annual,groundnuts,annual,0.3,0.382695004261637,0.35531054961370323,36371.0,12923.0,13919.0,,,25.6,1452.5022938729498,3.9794583393779446,204,54,4,28.020235538482662,67.19821238517761,49,0.7443255564760712,2018-03-02,2018-12-17,61,351,291,25.034402397260276,37.29625,16.56,11.033660958904104,5487.556875,127,30,0,AAS2018_Annex4,official_aggregate,sub_region,sub_region,published_official_subregion_yield_over_harvested,2018,annual,False,False,False,published_annual_aggregate_total_and_s2_harvested_area,False,CHIRPS_v2.0_daily_via_ClimateSERV,NASA_POWER_daily,SoilGrids_v2.0,v2.0,30,validated_district_centroid_aggregate,8,6.166666666666666,0.07237468644557468,23.510416666666668,2.6437548078683446,37.922916666666666,2.2415438539556503,38.14583333333333,1.4789998229176629,23.941666666666666,1.8495387670426504,1.3008333333333333,0.030224031225037886,21.012499999999996,2.024997550459032,not_available,aas-chirps-v1,uganda_crop_model-0.2.0,sub_region,sub_region
Lango,2018,annual,maize,annual,1.3,1.2901204819277108,0.4057831325301205,211650.0,85884.0,273054.0,,,18.3,1452.5022938729498,3.9794583393779446,204,54,4,28.020235538482662,67.19821238517761,49,0.7443255564760712,2018-03-02,2018-12-17,61,351,291,25.034402397260276,37.29625,16.56,11.033660958904104,5487.556875,127,30,0,AAS2018_Annex4,official_aggregate,sub_region,sub_region,published_official_subregion_yield_over_harvested,2018,annual,False,False,False,published_annual_aggregate_total_and_s2_harvested_area,False,CHIRPS_v2.0_daily_via_ClimateSERV,NASA_POWER_daily,SoilGrids_v2.0,v2.0,30,validated_district_centroid_aggregate,8,6.166666666666666,0.07237468644557468,23.510416666666668,2.6437548078683446,37.922916666666666,2.2415438539556503,38.14583333333333,1.4789998229176629,23.941666666666666,1.8495387670426504,1.3008333333333333,0.030224031225037886,21.012499999999996,2.024997550459032,not_available,aas-chirps-v1,uganda_crop_model-0.2.0,sub_region,sub_region
Lango,2018,annual,millet,annual,0.4,0.34615287428932406,0.20525584333543903,39575.0,8123.0,13699.0,,,39.0,1452.5022938729498,3.9794583393779446,204,54,4,28.020235538482662,67.19821238517761,49,0.7443255564760712,2018-03-02,2018-12-17,61,351,291,25.034402397260276,37.29625,16.56,11.033660958904104,5487.556875,127,30,0,AAS2018_Annex4,official_aggregate,sub_region,sub_region,published_official_subregion_yield_over_harvested,2018,annual,False,False,False,published_annual_aggregate_total_and_s2_harvested_area,False,CHIRPS_v2.0_daily_via_ClimateSERV,NASA_POWER_daily,SoilGrids_v2.0,v2.0,30,validated_district_centroid_aggregate,8,6.166666666666666,0.07237468644557468,23.510416666666668,2.6437548078683446,37.922916666666666,2.2415438539556503,38.14583333333333,1.4789998229176629,23.941666666666666,1.8495387670426504,1.3008333333333333,0.030224031225037886,21.012499999999996,2.024997550459032,not_available,aas-chirps-v1,uganda_crop_model-0.2.0,sub_region,sub_region
Lango,2018,annual,rice,annual,0.6,0.7124961176105187,0.49886116575214823,19318.0,9637.0,13764.0,,,43.2,1452.5022938729498,3.9794583393779446,204,54,4,28.020235538482662,67.19821238517761,49,0.7443255564760712,2018-03-02,2018-12-17,61,351,291,25.034402397260276,37.29625,16.56,11.033660958904104,5487.556875,127,30,0,AAS2018_Annex4,official_aggregate,sub_region,sub_region,published_official_subregion_yield_over_harvested,2018,annual,False,False,False,published_annual_aggregate_total_and_s2_harvested_area,False,CHIRPS_v2.0_daily_via_ClimateSERV,NASA_POWER_daily,SoilGrids_v2.0,v2.0,30,validated_district_centroid_aggregate,8,6.166666666666666,0.07237468644557468,23.510416666666668,2.6437548078683446,37.922916666666666,2.2415438539556503,38.14583333333333,1.4789998229176629,23.941666666666666,1.8495387670426504,1.3008333333333333,0.030224031225037886,21.012499999999996,2.024997550459032,not_available,aas-chirps-v1,uganda_crop_model-0.2.0,sub_region,sub_region
Lango,2018,annual,simsim,annual,0.2,0.2277969190466699,0.632378484580996,70238.0,44417.0,16000.0,,,22.3,1452.5022938729498,3.9794583393779446,204,54,4,28.020235538482662,67.19821238517761,49,0.7443255564760712,2018-03-02,2018-12-17,61,351,291,25.034402397260276,37.29625,16.56,11.033660958904104,5487.556875,127,30,0,AAS2018_Annex4,official_aggregate,sub_region,sub_region,published_official_subregion_yield_over_harvested,2018,annual,False,False,False,published_annual_aggregate_total_and_s2_harvested_area,False,CHIRPS_v2.0_daily_via_ClimateSERV,NASA_POWER_daily,SoilGrids_v2.0,v2.0,30,validated_district_centroid_aggregate,8,6.166666666666666,0.07237468644557468,23.510416666666668,2.6437548078683446,37.922916666666666,2.2415438539556503,38.14583333333333,1.4789998229176629,23.941666666666666,1.8495387670426504,1.3008333333333333,0.030224031225037886,21.012499999999996,2.024997550459032,not_available,aas-chirps-v1,uganda_crop_model-0.2.0,sub_region,sub_region
Lango,2018,annual,sorghum,annual,0.3,0.3063214852736286,0.5810841460648674,30863.0,17934.0,9454.0,,,17.9,1452.5022938729498,3.9794583393779446,204,54,4,28.020235538482662,67.19821238517761,49,0.7443255564760712,2018-03-02,2018-12-17,61,351,291,25.034402397260276,37.29625,16.56,11.033660958904104,5487.556875,127,30,0,AAS2018_Annex4,official_aggregate,sub_region,sub_region,published_official_subregion_yield_over_harvested,2018,annual,False,False,False,published_annual_aggregate_total_and_s2_harvested_area,False,CHIRPS_v2.0_daily_via_ClimateSERV,NASA_POWER_daily,SoilGrids_v2.0,v2.0,30,validated_district_centroid_aggregate,8,6.166666666666666,0.07237468644557468,23.510416666666668,2.6437548078683446,37.922916666666666,2.2415438539556503,38.14583333333333,1.4789998229176629,23.941666666666666,1.8495387670426504,1.3008333333333333,0.030224031225037886,21.012499999999996,2.024997550459032,not_available,aas-chirps-v1,uganda_crop_model-0.2.0,sub_region,sub_region
Lango,2018,annual,soya_beans,annual,0.5,0.7320112024859227,0.3528486179972093,101049.0,35655.0,73969.0,,,21.5,1452.5022938729498,3.9794583393779446,204,54,4,28.020235538482662,67.19821238517761,49,0.7443255564760712,2018-03-02,2018-12-17,61,351,291,25.034402397260276,37.29625,16.56,11.033660958904104,5487.556875,127,30,0,AAS2018_Annex4,official_aggregate,sub_region,sub_region,published_official_subregion_yield_over_harvested,2018,annual,False,False,False,published_annual_aggregate_total_and_s2_harvested_area,False,CHIRPS_v2.0_daily_via_ClimateSERV,NASA_POWER_daily,SoilGrids_v2.0,v2.0,30,validated_district_centroid_aggregate,8,6.166666666666666,0.07237468644557468,23.510416666666668,2.6437548078683446,37.922916666666666,2.2415438539556503,38.14583333333333,1.4789998229176629,23.941666666666666,1.8495387670426504,1.3008333333333333,0.030224031225037886,21.012499999999996,2.024997550459032,not_available,aas-chirps-v1,uganda_crop_model-0.2.0,sub_region,sub_region
Lango,2018,annual,sweet_potatoes,annual,3.6,2.9413336182945073,0.6603173755075871,37432.0,24717.0,110100.0,,,13.9,1452.5022938729498,3.9794583393779446,204,54,4,28.020235538482662,67.19821238517761,49,0.7443255564760712,2018-03-02,2018-12-17,61,351,291,25.034402397260276,37.29625,16.56,11.033660958904104,5487.556875,127,30,0,AAS2018_Annex4,official_aggregate,sub_region,sub_region,published_official_subregion_yield_over_harvested,2018,annual,False,False,False,published_annual_aggregate_total_and_s2_harvested_area,False,CHIRPS_v2.0_daily_via_ClimateSERV,NASA_POWER_daily,SoilGrids_v2.0,v2.0,30,validated_district_centroid_aggregate,8,6.166666666666666,0.07237468644557468,23.510416666666668,2.6437548078683446,37.922916666666666,2.2415438539556503,38.14583333333333,1.4789998229176629,23.941666666666666,1.8495387670426504,1.3008333333333333,0.030224031225037886,21.012499999999996,2.024997550459032,not_available,aas-chirps-v1,uganda_crop_model-0.2.0,sub_region,sub_region
North Buganda,2018,annual,beans,annual,0.6,0.6633893015998696,0.43924920239398246,214705.0,94309.0,142433.0,,,14.4,1428.5356517447667,3.913796306150046,232,41,1,21.855369611219928,72.85702883113515,18,0.7904018613495304,2018-03-02,2018-07-16,61,197,137,23.203494396014943,34.91,15.481818181818182,9.237205479452054,4819.2754545454545,29,0,0,AAS2018_Annex4,official_aggregate,sub_region,sub_region,published_official_subregion_yield_over_harvested,2018,annual,False,False,False,published_annual_aggregate_total_and_s2_harvested_area,False,CHIRPS_v2.0_daily_via_ClimateSERV,NASA_POWER_daily,SoilGrids_v2.0,v2.0,30,validated_district_centroid_aggregate,11,5.828787878787879,0.3164113803518477,28.119696969696964,5.9658417408415785,34.090909090909086,3.013436241203385,39.64545454545455,2.868556459548281,26.263636363636362,2.0707462179103198,1.3089393939393943,0.07138033002971837,19.425757575757576,2.2363457747500552,not_available,aas-chirps-v1,uganda_crop_model-0.2.0,sub_region,sub_region
North Buganda,2018,annual,groundnuts,annual,0.6,0.5229497804803607,0.37395816213931865,42593.0,15928.0,22274.0,,,17.5,1428.5356517447667,3.913796306150046,232,41,1,21.855369611219928,72.85702883113515,18,0.7904018613495304,2018-03-02,2018-07-16,61,197,137,23.203494396014943,34.91,15.481818181818182,9.237205479452054,4819.2754545454545,29,0,0,AAS2018_Annex4,official_aggregate,sub_region,sub_region,published_official_subregion_yield_over_harvested,2018,annual,False,False,False,published_annual_aggregate_total_and_s2_harvested_area,False,CHIRPS_v2.0_daily_via_ClimateSERV,NASA_POWER_daily,SoilGrids_v2.0,v2.0,30,validated_district_centroid_aggregate,11,5.828787878787879,0.3164113803518477,28.119696969696964,5.9658417408415785,34.090909090909086,3.013436241203385,39.64545454545455,2.868556459548281,26.263636363636362,2.0707462179103198,1.3089393939393943,0.07138033002971837,19.425757575757576,2.2363457747500552,not_available,aas-chirps-v1,uganda_crop_model-0.2.0,sub_region,sub_region
North Buganda,2018,annual,irish_potatoes,annual,3.8,3.7795777008155516,0.6378058317506424,8951.0,5709.0,33831.0,,,38.0,1428.5356517447667,3.913796306150046,232,41,1,21.855369611219928,72.85702883113515,18,0.7904018613495304,2018-03-02,2018-07-16,61,197,137,23.203494396014943,34.91,15.481818181818182,9.237205479452054,4819.2754545454545,29,0,0,AAS2018_Annex4,official_aggregate,sub_region,sub_region,published_official_subregion_yield_over_harvested,2018,annual,False,False,False,published_annual_aggregate_total_and_s2_harvested_area,False,CHIRPS_v2.0_daily_via_ClimateSERV,NASA_POWER_daily,SoilGrids_v2.0,v2.0,30,validated_district_centroid_aggregate,11,5.828787878787879,0.3164113803518477,28.119696969696964,5.9658417408415785,34.090909090909086,3.013436241203385,39.64545454545455,2.868556459548281,26.263636363636362,2.0707462179103198,1.3089393939393943,0.07138033002971837,19.425757575757576,2.2363457747500552,not_available,aas-chirps-v1,uganda_crop_model-0.2.0,sub_region,sub_region
North Buganda,2018,annual,maize,annual,2.1,1.4712611175900296,0.2642649393713732,569368.0,150464.0,837689.0,,,20.4,1428.5356517447667,3.913796306150046,232,41,1,21.855369611219928,72.85702883113515,18,0.7904018613495304,2018-03-02,2018-07-16,61,197,137,23.203494396014943,34.91,15.481818181818182,9.237205479452054,4819.2754545454545,29,0,0,AAS2018_Annex4,official_aggregate,sub_region,sub_region,published_official_subregion_yield_over_harvested,2018,annual,False,False,False,published_annual_aggregate_total_and_s2_harvested_area,False,CHIRPS_v2.0_daily_via_ClimateSERV,NASA_POWER_daily,SoilGrids_v2.0,v2.0,30,validated_district_centroid_aggregate,11,5.828787878787879,0.3164113803518477,28.119696969696964,5.9658417408415785,34.090909090909086,3.013436241203385,39.64545454545455,2.868556459548281,26.263636363636362,2.0707462179103198,1.3089393939393943,0.07138033002971837,19.425757575757576,2.2363457747500552,not_available,aas-chirps-v1,uganda_crop_model-0.2.0,sub_region,sub_region
North Buganda,2018,annual,millet,annual,0.5,0.4514991181657848,0.2515432098765432,4536.0,1141.0,2048.0,,,58.5,1428.5356517447667,3.913796306150046,232,41,1,21.855369611219928,72.85702883113515,18,0.7904018613495304,2018-03-02,2018-07-16,61,197,137,23.203494396014943,34.91,15.481818181818182,9.237205479452054,4819.2754545454545,29,0,0,AAS2018_Annex4,official_aggregate,sub_region,sub_region,published_official_subregion_yield_over_harvested,2018,annual,False,False,False,published_annual_aggregate_total_and_s2_harvested_area,False,CHIRPS_v2.0_daily_via_ClimateSERV,NASA_POWER_daily,SoilGrids_v2.0,v2.0,30,validated_district_centroid_aggregate,11,5.828787878787879,0.3164113803518477,28.119696969696964,5.9658417408415785,34.090909090909086,3.013436241203385,39.64545454545455,2.868556459548281,26.263636363636362,2.0707462179103198,1.3089393939393943,0.07138033002971837,19.425757575757576,2.2363457747500552,not_available,aas-chirps-v1,uganda_crop_model-0.2.0,sub_region,sub_region
North Buganda,2018,annual,rice,annual,0.7,0.7354625764488885,0.5723716144063683,10301.0,5896.0,7576.0,,,55.0,1428.5356517447667,3.913796306150046,232,41,1,21.855369611219928,72.85702883113515,18,0.7904018613495304,2018-03-02,2018-07-16,61,197,137,23.203494396014943,34.91,15.481818181818182,9.237205479452054,4819.2754545454545,29,0,0,AAS2018_Annex4,official_aggregate,sub_region,sub_region,published_official_subregion_yield_over_harvested,2018,annual,False,False,False,published_annual_aggregate_total_and_s2_harvested_area,False,CHIRPS_v2.0_daily_via_ClimateSERV,NASA_POWER_daily,SoilGrids_v2.0,v2.0,30,validated_district_centroid_aggregate,11,5.828787878787879,0.3164113803518477,28.119696969696964,5.9658417408415785,34.090909090909086,3.013436241203385,39.64545454545455,2.868556459548281,26.263636363636362,2.0707462179103198,1.3089393939393943,0.07138033002971837,19.425757575757576,2.2363457747500552,not_available,aas-chirps-v1,uganda_crop_model-0.2.0,sub_region,sub_region
North Buganda,2018,annual,simsim,annual,0.5,,,,198.0,303.0,,,65.9,1428.5356517447667,3.913796306150046,232,41,1,21.855369611219928,72.85702883113515,18,0.7904018613495304,2018-03-02,2018-07-16,61,197,137,23.203494396014943,34.91,15.481818181818182,9.237205479452054,4819.2754545454545,29,0,0,AAS2018_Annex4,official_aggregate,sub_region,sub_region,published_official_subregion_yield_over_harvested,2018,annual,False,False,False,published_annual_aggregate_total_and_s2_harvested_area,False,CHIRPS_v2.0_daily_via_ClimateSERV,NASA_POWER_daily,SoilGrids_v2.0,v2.0,30,validated_district_centroid_aggregate,11,5.828787878787879,0.3164113803518477,28.119696969696964,5.9658417408415785,34.090909090909086,3.013436241203385,39.64545454545455,2.868556459548281,26.263636363636362,2.0707462179103198,1.3089393939393943,0.07138033002971837,19.425757575757576,2.2363457747500552,not_available,aas-chirps-v1,uganda_crop_model-0.2.0,sub_region,sub_region
North Buganda,2018,annual,sorghum,annual,0.4,0.7315875613747954,0.4713584288052373,611.0,288.0,447.0,,,66.6,1428.5356517447667,3.913796306150046,232,41,1,21.855369611219928,72.85702883113515,18,0.7904018613495304,2018-03-02,2018-07-16,61,197,137,23.203494396014943,34.91,15.481818181818182,9.237205479452054,4819.2754545454545,29,0,0,AAS2018_Annex4,official_aggregate,sub_region,sub_region,published_official_subregion_yield_over_harvested,2018,annual,False,False,False,published_annual_aggregate_total_and_s2_harvested_area,False,CHIRPS_v2.0_daily_via_ClimateSERV,NASA_POWER_daily,SoilGrids_v2.0,v2.0,30,validated_district_centroid_aggregate,11,5.828787878787879,0.3164113803518477,28.119696969696964,5.9658417408415785,34.090909090909086,3.013436241203385,39.64545454545455,2.868556459548281,26.263636363636362,2.0707462179103198,1.3089393939393943,0.07138033002971837,19.425757575757576,2.2363457747500552,not_available,aas-chirps-v1,uganda_crop_model-0.2.0,sub_region,sub_region
North Buganda,2018,annual,soya_beans,annual,0.4,0.42970737913486007,0.4844147582697201,3144.0,1523.0,1351.0,,,36.9,1428.5356517447667,3.913796306150046,232,41,1,21.855369611219928,72.85702883113515,18,0.7904018613495304,2018-03-02,2018-07-16,61,197,137,23.203494396014943,34.91,15.481818181818182,9.237205479452054,4819.2754545454545,29,0,0,AAS2018_Annex4,official_aggregate,sub_region,sub_region,published_official_subregion_yield_over_harvested,2018,annual,False,False,False,published_annual_aggregate_total_and_s2_harvested_area,False,CHIRPS_v2.0_daily_via_ClimateSERV,NASA_POWER_daily,SoilGrids_v2.0,v2.0,30,validated_district_centroid_aggregate,11,5.828787878787879,0.3164113803518477,28.119696969696964,5.9658417408415785,34.090909090909086,3.013436241203385,39.64545454545455,2.868556459548281,26.263636363636362,2.0707462179103198,1.3089393939393943,0.07138033002971837,19.425757575757576,2.2363457747500552,not_available,aas-chirps-v1,uganda_crop_model-0.2.0,sub_region,sub_region
North Buganda,2018,annual,sweet_potatoes,annual,4.1,2.6207856175347866,0.36114394778968106,162420.0,58657.0,425668.0,,,31.2,1428.5356517447667,3.913796306150046,232,41,1,21.855369611219928,72.85702883113515,18,0.7904018613495304,2018-03-02,2018-07-16,61,197,137,23.203494396014943,34.91,15.481818181818182,9.237205479452054,4819.2754545454545,29,0,0,AAS2018_Annex4,official_aggregate,sub_region,sub_region,published_official_subregion_yield_over_harvested,2018,annual,False,False,False,published_annual_aggregate_total_and_s2_harvested_area,False,CHIRPS_v2.0_daily_via_ClimateSERV,NASA_POWER_daily,SoilGrids_v2.0,v2.0,30,validated_district_centroid_aggregate,11,5.828787878787879,0.3164113803518477,28.119696969696964,5.9658417408415785,34.090909090909086,3.013436241203385,39.64545454545455,2.868556459548281,26.263636363636362,2.0707462179103198,1.3089393939393943,0.07138033002971837,19.425757575757576,2.2363457747500552,not_available,aas-chirps-v1,uganda_crop_model-0.2.0,sub_region,sub_region
South Buganda,2018,annual,beans,annual,0.6,0.6106360168540726,0.5062704131242365,120327.0,60918.0,73476.0,,,16.8,1371.821970452441,3.758416357403948,218,41,2,24.340054194132488,67.9126580953598,19,0.7626678866157455,2018-02-22,2018-11-21,53,325,273,22.01733904109589,31.89583333333333,14.640833333333331,7.832257990867586,4386.32875,0,0,0,AAS2018_Annex4,official_aggregate,sub_region,sub_region,published_official_subregion_yield_over_harvested,2018,annual,False,False,False,published_annual_aggregate_total_and_s2_harvested_area,False,CHIRPS_v2.0_daily_via_ClimateSERV,NASA_POWER_daily,SoilGrids_v2.0,v2.0,30,validated_district_centroid_aggregate,12,5.747222222222221,0.3436901156898401,26.593055555555555,8.196021633871865,35.22222222222222,1.8402944062522977,40.80138888888889,2.653056730798462,23.98333333333333,3.136579556321075,1.307222222222222,0.06074176725748349,18.944444444444443,2.3709876616259504,not_available,aas-chirps-v1,uganda_crop_model-0.2.0,sub_region,sub_region
South Buganda,2018,annual,groundnuts,annual,0.5,0.5324074074074074,0.5694444444444444,20736.0,11808.0,11040.0,,,19.8,1371.821970452441,3.758416357403948,218,41,2,24.340054194132488,67.9126580953598,19,0.7626678866157455,2018-02-22,2018-11-21,53,325,273,22.01733904109589,31.89583333333333,14.640833333333331,7.832257990867586,4386.32875,0,0,0,AAS2018_Annex4,official_aggregate,sub_region,sub_region,published_official_subregion_yield_over_harvested,2018,annual,False,False,False,published_annual_aggregate_total_and_s2_harvested_area,False,CHIRPS_v2.0_daily_via_ClimateSERV,NASA_POWER_daily,SoilGrids_v2.0,v2.0,30,validated_district_centroid_aggregate,12,5.747222222222221,0.3436901156898401,26.593055555555555,8.196021633871865,35.22222222222222,1.8402944062522977,40.80138888888889,2.653056730798462,23.98333333333333,3.136579556321075,1.307222222222222,0.06074176725748349,18.944444444444443,2.3709876616259504,not_available,aas-chirps-v1,uganda_crop_model-0.2.0,sub_region,sub_region
South Buganda,2018,annual,irish_potatoes,annual,2.5,1.861616264814058,0.34424805884756843,19576.0,6739.0,36443.0,,,30.4,1371.821970452441,3.758416357403948,218,41,2,24.340054194132488,67.9126580953598,19,0.7626678866157455,2018-02-22,2018-11-21,53,325,273,22.01733904109589,31.89583333333333,14.640833333333331,7.832257990867586,4386.32875,0,0,0,AAS2018_Annex4,official_aggregate,sub_region,sub_region,published_official_subregion_yield_over_harvested,2018,annual,False,False,False,published_annual_aggregate_total_and_s2_harvested_area,False,CHIRPS_v2.0_daily_via_ClimateSERV,NASA_POWER_daily,SoilGrids_v2.0,v2.0,30,validated_district_centroid_aggregate,12,5.747222222222221,0.3436901156898401,26.593055555555555,8.196021633871865,35.22222222222222,1.8402944062522977,40.80138888888889,2.653056730798462,23.98333333333333,3.136579556321075,1.307222222222222,0.06074176725748349,18.944444444444443,2.3709876616259504,not_available,aas-chirps-v1,uganda_crop_model-0.2.0,sub_region,sub_region
South Buganda,2018,annual,maize,annual,2.5,1.6074900580468618,0.3104283064134438,183817.0,57062.0,295484.0,,,19.6,1371.821970452441,3.758416357403948,218,41,2,24.340054194132488,67.9126580953598,19,0.7626678866157455,2018-02-22,2018-11-21,53,325,273,22.01733904109589,31.89583333333333,14.640833333333331,7.832257990867586,4386.32875,0,0,0,AAS2018_Annex4,official_aggregate,sub_region,sub_region,published_official_subregion_yield_over_harvested,2018,annual,False,False,False,published_annual_aggregate_total_and_s2_harvested_area,False,CHIRPS_v2.0_daily_via_ClimateSERV,NASA_POWER_daily,SoilGrids_v2.0,v2.0,30,validated_district_centroid_aggregate,12,5.747222222222221,0.3436901156898401,26.593055555555555,8.196021633871865,35.22222222222222,1.8402944062522977,40.80138888888889,2.653056730798462,23.98333333333333,3.136579556321075,1.307222222222222,0.06074176725748349,18.944444444444443,2.3709876616259504,not_available,aas-chirps-v1,uganda_crop_model-0.2.0,sub_region,sub_region
South Buganda,2018,annual,millet,annual,1.1,1.0333333333333334,0.9494949494949495,990.0,940.0,1023.0,,,56.6,1371.821970452441,3.758416357403948,218,41,2,24.340054194132488,67.9126580953598,19,0.7626678866157455,2018-02-22,2018-11-21,53,325,273,22.01733904109589,31.89583333333333,14.640833333333331,7.832257990867586,4386.32875,0,0,0,AAS2018_Annex4,official_aggregate,sub_region,sub_region,published_official_subregion_yield_over_harvested,2018,annual,False,False,False,published_annual_aggregate_total_and_s2_harvested_area,False,CHIRPS_v2.0_daily_via_ClimateSERV,NASA_POWER_daily,SoilGrids_v2.0,v2.0,30,validated_district_centroid_aggregate,12,5.747222222222221,0.3436901156898401,26.593055555555555,8.196021633871865,35.22222222222222,1.8402944062522977,40.80138888888889,2.653056730798462,23.98333333333333,3.136579556321075,1.307222222222222,0.06074176725748349,18.944444444444443,2.3709876616259504,not_available,aas-chirps-v1,uganda_crop_model-0.2.0,sub_region,sub_region
South Buganda,2018,annual,rice,annual,4.8,1.9393215480172001,0.2312470138557095,2093.0,484.0,4059.0,,,100.0,1371.821970452441,3.758416357403948,218,41,2,24.340054194132488,67.9126580953598,19,0.7626678866157455,2018-02-22,2018-11-21,53,325,273,22.01733904109589,31.89583333333333,14.640833333333331,7.832257990867586,4386.32875,0,0,0,AAS2018_Annex4,official_aggregate,sub_region,sub_region,published_official_subregion_yield_over_harvested,2018,annual,False,False,False,published_annual_aggregate_total_and_s2_harvested_area,False,CHIRPS_v2.0_daily_via_ClimateSERV,NASA_POWER_daily,SoilGrids_v2.0,v2.0,30,validated_district_centroid_aggregate,12,5.747222222222221,0.3436901156898401,26.593055555555555,8.196021633871865,35.22222222222222,1.8402944062522977,40.80138888888889,2.653056730798462,23.98333333333333,3.136579556321075,1.307222222222222,0.06074176725748349,18.944444444444443,2.3709876616259504,not_available,aas-chirps-v1,uganda_crop_model-0.2.0,sub_region,sub_region
South Buganda,2018,annual,simsim,annual,0.1,0.08413461538461539,0.8028846153846154,1664.0,1336.0,140.0,,,81.7,1371.821970452441,3.758416357403948,218,41,2,24.340054194132488,67.9126580953598,19,0.7626678866157455,2018-02-22,2018-11-21,53,325,273,22.01733904109589,31.89583333333333,14.640833333333331,7.832257990867586,4386.32875,0,0,0,AAS2018_Annex4,official_aggregate,sub_region,sub_region,published_official_subregion_yield_over_harvested,2018,annual,False,False,False,published_annual_aggregate_total_and_s2_harvested_area,False,CHIRPS_v2.0_daily_via_ClimateSERV,NASA_POWER_daily,SoilGrids_v2.0,v2.0,30,validated_district_centroid_aggregate,12,5.747222222222221,0.3436901156898401,26.593055555555555,8.196021633871865,35.22222222222222,1.8402944062522977,40.80138888888889,2.653056730798462,23.98333333333333,3.136579556321075,1.307222222222222,0.06074176725748349,18.944444444444443,2.3709876616259504,not_available,aas-chirps-v1,uganda_crop_model-0.2.0,sub_region,sub_region
South Buganda,2018,annual,sorghum,annual,0.6,1.2991452991452992,0.6111111111111112,234.0,143.0,304.0,,,97.4,1371.821970452441,3.758416357403948,218,41,2,24.340054194132488,67.9126580953598,19,0.7626678866157455,2018-02-22,2018-11-21,53,325,273,22.01733904109589,31.89583333333333,14.640833333333331,7.832257990867586,4386.32875,0,0,0,AAS2018_Annex4,official_aggregate,sub_region,sub_region,published_official_subregion_yield_over_harvested,2018,annual,False,False,False,published_annual_aggregate_total_and_s2_harvested_area,False,CHIRPS_v2.0_daily_via_ClimateSERV,NASA_POWER_daily,SoilGrids_v2.0,v2.0,30,validated_district_centroid_aggregate,12,5.747222222222221,0.3436901156898401,26.593055555555555,8.196021633871865,35.22222222222222,1.8402944062522977,40.80138888888889,2.653056730798462,23.98333333333333,3.136579556321075,1.307222222222222,0.06074176725748349,18.944444444444443,2.3709876616259504,not_available,aas-chirps-v1,uganda_crop_model-0.2.0,sub_region,sub_region
South Buganda,2018,annual,soya_beans,annual,1.3,0.7598152424942263,0.558891454965358,433.0,242.0,329.0,,,76.1,1371.821970452441,3.758416357403948,218,41,2,24.340054194132488,67.9126580953598,19,0.7626678866157455,2018-02-22,2018-11-21,53,325,273,22.01733904109589,31.89583333333333,14.640833333333331,7.832257990867586,4386.32875,0,0,0,AAS2018_Annex4,official_aggregate,sub_region,sub_region,published_official_subregion_yield_over_harvested,2018,annual,False,False,False,published_annual_aggregate_total_and_s2_harvested_area,False,CHIRPS_v2.0_daily_via_ClimateSERV,NASA_POWER_daily,SoilGrids_v2.0,v2.0,30,validated_district_centroid_aggregate,12,5.747222222222221,0.3436901156898401,26.593055555555555,8.196021633871865,35.22222222222222,1.8402944062522977,40.80138888888889,2.653056730798462,23.98333333333333,3.136579556321075,1.307222222222222,0.06074176725748349,18.944444444444443,2.3709876616259504,not_available,aas-chirps-v1,uganda_crop_model-0.2.0,sub_region,sub_region
South Buganda,2018,annual,sweet_potatoes,annual,3.2,2.333433787890203,0.4773098269670258,39819.0,19006.0,92915.0,,,17.9,1371.821970452441,3.758416357403948,218,41,2,24.340054194132488,67.9126580953598,19,0.7626678866157455,2018-02-22,2018-11-21,53,325,273,22.01733904109589,31.89583333333333,14.640833333333331,7.832257990867586,4386.32875,0,0,0,AAS2018_Annex4,official_aggregate,sub_region,sub_region,published_official_subregion_yield_over_harvested,2018,annual,False,False,False,published_annual_aggregate_total_and_s2_harvested_area,False,CHIRPS_v2.0_daily_via_ClimateSERV,NASA_POWER_daily,SoilGrids_v2.0,v2.0,30,validated_district_centroid_aggregate,12,5.747222222222221,0.3436901156898401,26.593055555555555,8.196021633871865,35.22222222222222,1.8402944062522977,40.80138888888889,2.653056730798462,23.98333333333333,3.136579556321075,1.307222222222222,0.06074176725748349,18.944444444444443,2.3709876616259504,not_available,aas-chirps-v1,uganda_crop_model-0.2.0,sub_region,sub_region
Teso,2018,annual,beans,annual,0.4,0.32839398561778166,0.33634778818914796,9178.0,3087.0,3014.0,,,35.1,1466.6364698022953,4.018182109047385,206,48,6,36.43361806869507,73.01919835805893,24,0.7986461944613098,2018-02-19,2018-12-16,50,350,301,24.715746575342465,37.3275,16.57625,10.96628082191781,5371.2474999999995,127,34,0,AAS2018_Annex4,official_aggregate,sub_region,sub_region,published_official_subregion_yield_over_harvested,2018,annual,False,False,False,published_annual_aggregate_total_and_s2_harvested_area,False,CHIRPS_v2.0_daily_via_ClimateSERV,NASA_POWER_daily,SoilGrids_v2.0,v2.0,30,validated_district_centroid_aggregate,8,6.116666666666666,0.08451542547285179,22.949999999999996,1.5736672365619644,39.75416666666666,2.1230359737959543,37.08333333333333,1.1910379626911265,23.166666666666664,1.959915774024445,1.3095833333333333,0.023549171791455784,22.016666666666666,2.3083870545579632,not_available,aas-chirps-v1,uganda_crop_model-0.2.0,sub_region,sub_region
Teso,2018,annual,groundnuts,annual,0.4,0.4325472159702515,0.09175066053429885,51095.0,4688.0,22101.0,,,59.0,1466.6364698022953,4.018182109047385,206,48,6,36.43361806869507,73.01919835805893,24,0.7986461944613098,2018-02-19,2018-12-16,50,350,301,24.715746575342465,37.3275,16.57625,10.96628082191781,5371.2474999999995,127,34,0,AAS2018_Annex4,official_aggregate,sub_region,sub_region,published_official_subregion_yield_over_harvested,2018,annual,False,False,False,published_annual_aggregate_total_and_s2_harvested_area,False,CHIRPS_v2.0_daily_via_ClimateSERV,NASA_POWER_daily,SoilGrids_v2.0,v2.0,30,validated_district_centroid_aggregate,8,6.116666666666666,0.08451542547285179,22.949999999999996,1.5736672365619644,39.75416666666666,2.1230359737959543,37.08333333333333,1.1910379626911265,23.166666666666664,1.959915774024445,1.3095833333333333,0.023549171791455784,22.016666666666666,2.3083870545579632,not_available,aas-chirps-v1,uganda_crop_model-0.2.0,sub_region,sub_region
Teso,2018,annual,maize,annual,1.2,0.9434355828220858,0.29530061349693254,81500.0,24067.0,76890.0,,,22.1,1466.6364698022953,4.018182109047385,206,48,6,36.43361806869507,73.01919835805893,24,0.7986461944613098,2018-02-19,2018-12-16,50,350,301,24.715746575342465,37.3275,16.57625,10.96628082191781,5371.2474999999995,127,34,0,AAS2018_Annex4,official_aggregate,sub_region,sub_region,published_official_subregion_yield_over_harvested,2018,annual,False,False,False,published_annual_aggregate_total_and_s2_harvested_area,False,CHIRPS_v2.0_daily_via_ClimateSERV,NASA_POWER_daily,SoilGrids_v2.0,v2.0,30,validated_district_centroid_aggregate,8,6.116666666666666,0.08451542547285179,22.949999999999996,1.5736672365619644,39.75416666666666,2.1230359737959543,37.08333333333333,1.1910379626911265,23.166666666666664,1.959915774024445,1.3095833333333333,0.023549171791455784,22.016666666666666,2.3083870545579632,not_available,aas-chirps-v1,uganda_crop_model-0.2.0,sub_region,sub_region
Teso,2018,annual,millet,annual,0.3,0.4304737703716373,0.12277958316026095,40927.0,5025.0,17618.0,,,30.2,1466.6364698022953,4.018182109047385,206,48,6,36.43361806869507,73.01919835805893,24,0.7986461944613098,2018-02-19,2018-12-16,50,350,301,24.715746575342465,37.3275,16.57625,10.96628082191781,5371.2474999999995,127,34,0,AAS2018_Annex4,official_aggregate,sub_region,sub_region,published_official_subregion_yield_over_harvested,2018,annual,False,False,False,published_annual_aggregate_total_and_s2_harvested_area,False,CHIRPS_v2.0_daily_via_ClimateSERV,NASA_POWER_daily,SoilGrids_v2.0,v2.0,30,validated_district_centroid_aggregate,8,6.116666666666666,0.08451542547285179,22.949999999999996,1.5736672365619644,39.75416666666666,2.1230359737959543,37.08333333333333,1.1910379626911265,23.166666666666664,1.959915774024445,1.3095833333333333,0.023549171791455784,22.016666666666666,2.3083870545579632,not_available,aas-chirps-v1,uganda_crop_model-0.2.0,sub_region,sub_region
Teso,2018,annual,rice,annual,0.8,0.858285321179809,0.4355490583885115,11629.0,5065.0,9981.0,,,40.8,1466.6364698022953,4.018182109047385,206,48,6,36.43361806869507,73.01919835805893,24,0.7986461944613098,2018-02-19,2018-12-16,50,350,301,24.715746575342465,37.3275,16.57625,10.96628082191781,5371.2474999999995,127,34,0,AAS2018_Annex4,official_aggregate,sub_region,sub_region,published_official_subregion_yield_over_harvested,2018,annual,False,False,False,published_annual_aggregate_total_and_s2_harvested_area,False,CHIRPS_v2.0_daily_via_ClimateSERV,NASA_POWER_daily,SoilGrids_v2.0,v2.0,30,validated_district_centroid_aggregate,8,6.116666666666666,0.08451542547285179,22.949999999999996,1.5736672365619644,39.75416666666666,2.1230359737959543,37.08333333333333,1.1910379626911265,23.166666666666664,1.959915774024445,1.3095833333333333,0.023549171791455784,22.016666666666666,2.3083870545579632,not_available,aas-chirps-v1,uganda_crop_model-0.2.0,sub_region,sub_region
Teso,2018,annual,simsim,annual,0.2,0.24510408635312259,0.6365458750963763,12970.0,8256.0,3179.0,,,31.0,1466.6364698022953,4.018182109047385,206,48,6,36.43361806869507,73.01919835805893,24,0.7986461944613098,2018-02-19,2018-12-16,50,350,301,24.715746575342465,37.3275,16.57625,10.96628082191781,5371.2474999999995,127,34,0,AAS2018_Annex4,official_aggregate,sub_region,sub_region,published_official_subregion_yield_over_harvested,2018,annual,False,False,False,published_annual_aggregate_total_and_s2_harvested_area,False,CHIRPS_v2.0_daily_via_ClimateSERV,NASA_POWER_daily,SoilGrids_v2.0,v2.0,30,validated_district_centroid_aggregate,8,6.116666666666666,0.08451542547285179,22.949999999999996,1.5736672365619644,39.75416666666666,2.1230359737959543,37.08333333333333,1.1910379626911265,23.166666666666664,1.959915774024445,1.3095833333333333,0.023549171791455784,22.016666666666666,2.3083870545579632,not_available,aas-chirps-v1,uganda_crop_model-0.2.0,sub_region,sub_region
Teso,2018,annual,sorghum,annual,0.4,0.45002459357540137,0.3539709165205766,79289.0,28066.0,35682.0,,,17.4,1466.6364698022953,4.018182109047385,206,48,6,36.43361806869507,73.01919835805893,24,0.7986461944613098,2018-02-19,2018-12-16,50,350,301,24.715746575342465,37.3275,16.57625,10.96628082191781,5371.2474999999995,127,34,0,AAS2018_Annex4,official_aggregate,sub_region,sub_region,published_official_subregion_yield_over_harvested,2018,annual,False,False,False,published_annual_aggregate_total_and_s2_harvested_area,False,CHIRPS_v2.0_daily_via_ClimateSERV,NASA_POWER_daily,SoilGrids_v2.0,v2.0,30,validated_district_centroid_aggregate,8,6.116666666666666,0.08451542547285179,22.949999999999996,1.5736672365619644,39.75416666666666,2.1230359737959543,37.08333333333333,1.1910379626911265,23.166666666666664,1.959915774024445,1.3095833333333333,0.023549171791455784,22.016666666666666,2.3083870545579632,not_available,aas-chirps-v1,uganda_crop_model-0.2.0,sub_region,sub_region
Teso,2018,annual,soya_beans,annual,0.2,0.2900547273070391,0.5665219852802416,10598.0,6004.0,3074.0,,,34.0,1466.6364698022953,4.018182109047385,206,48,6,36.43361806869507,73.01919835805893,24,0.7986461944613098,2018-02-19,2018-12-16,50,350,301,24.715746575342465,37.3275,16.57625,10.96628082191781,5371.2474999999995,127,34,0,AAS2018_Annex4,official_aggregate,sub_region,sub_region,published_official_subregion_yield_over_harvested,2018,annual,False,False,False,published_annual_aggregate_total_and_s2_harvested_area,False,CHIRPS_v2.0_daily_via_ClimateSERV,NASA_POWER_daily,SoilGrids_v2.0,v2.0,30,validated_district_centroid_aggregate,8,6.116666666666666,0.08451542547285179,22.949999999999996,1.5736672365619644,39.75416666666666,2.1230359737959543,37.08333333333333,1.1910379626911265,23.166666666666664,1.959915774024445,1.3095833333333333,0.023549171791455784,22.016666666666666,2.3083870545579632,not_available,aas-chirps-v1,uganda_crop_model-0.2.0,sub_region,sub_region
Teso,2018,annual,sweet_potatoes,annual,2.4,1.8496884735202492,0.6289085035190954,34668.0,21803.0,64125.0,,,13.4,1466.6364698022953,4.018182109047385,206,48,6,36.43361806869507,73.01919835805893,24,0.7986461944613098,2018-02-19,2018-12-16,50,350,301,24.715746575342465,37.3275,16.57625,10.96628082191781,5371.2474999999995,127,34,0,AAS2018_Annex4,official_aggregate,sub_region,sub_region,published_official_subregion_yield_over_harvested,2018,annual,False,False,False,published_annual_aggregate_total_and_s2_harvested_area,False,CHIRPS_v2.0_daily_via_ClimateSERV,NASA_POWER_daily,SoilGrids_v2.0,v2.0,30,validated_district_centroid_aggregate,8,6.116666666666666,0.08451542547285179,22.949999999999996,1.5736672365619644,39.75416666666666,2.1230359737959543,37.08333333333333,1.1910379626911265,23.166666666666664,1.959915774024445,1.3095833333333333,0.023549171791455784,22.016666666666666,2.3083870545579632,not_available,aas-chirps-v1,uganda_crop_model-0.2.0,sub_region,sub_region
Tooro,2018,annual,beans,annual,0.7,0.642408512367687,0.4591469159292853,108266.0,49710.0,69551.0,,,11.7,1300.6903450811901,3.5635351920032607,216,40,1,20.946760813395183,54.75246445337931,31,0.6668246216096457,2018-03-04,2018-12-17,63,351,289,21.147328767123287,32.89,11.665,9.647881278538812,4068.7749999999996,6,0,0,AAS2018_Annex4,official_aggregate,sub_region,sub_region,published_official_subregion_yield_over_harvested,2018,annual,False,False,False,published_annual_aggregate_total_and_s2_harvested_area,False,CHIRPS_v2.0_daily_via_ClimateSERV,NASA_POWER_daily,SoilGrids_v2.0,v2.0,30,validated_district_centroid_aggregate,6,5.7444444444444445,0.2546602675170426,31.425,1.8287138771400089,38.82222222222222,3.3549410769236485,34.72222222222222,2.8573816037816213,26.458333333333332,1.1892925067731086,1.2222222222222223,0.058997802846722465,21.03333333333333,2.316270949416563,not_available,aas-chirps-v1,uganda_crop_model-0.2.0,sub_region,sub_region
Tooro,2018,annual,groundnuts,annual,0.6,0.5545654881670978,0.49556864999520933,41748.0,20689.0,23152.0,,,14.6,1300.6903450811901,3.5635351920032607,216,40,1,20.946760813395183,54.75246445337931,31,0.6668246216096457,2018-03-04,2018-12-17,63,351,289,21.147328767123287,32.89,11.665,9.647881278538812,4068.7749999999996,6,0,0,AAS2018_Annex4,official_aggregate,sub_region,sub_region,published_official_subregion_yield_over_harvested,2018,annual,False,False,False,published_annual_aggregate_total_and_s2_harvested_area,False,CHIRPS_v2.0_daily_via_ClimateSERV,NASA_POWER_daily,SoilGrids_v2.0,v2.0,30,validated_district_centroid_aggregate,6,5.7444444444444445,0.2546602675170426,31.425,1.8287138771400089,38.82222222222222,3.3549410769236485,34.72222222222222,2.8573816037816213,26.458333333333332,1.1892925067731086,1.2222222222222223,0.058997802846722465,21.03333333333333,2.316270949416563,not_available,aas-chirps-v1,uganda_crop_model-0.2.0,sub_region,sub_region
Tooro,2018,annual,irish_potatoes,annual,3.4,2.8611041896557863,0.5478588972341865,28093.0,15391.0,80377.0,,,23.4,1300.6903450811901,3.5635351920032607,216,40,1,20.946760813395183,54.75246445337931,31,0.6668246216096457,2018-03-04,2018-12-17,63,351,289,21.147328767123287,32.89,11.665,9.647881278538812,4068.7749999999996,6,0,0,AAS2018_Annex4,official_aggregate,sub_region,sub_region,published_official_subregion_yield_over_harvested,2018,annual,False,False,False,published_annual_aggregate_total_and_s2_harvested_area,False,CHIRPS_v2.0_daily_via_ClimateSERV,NASA_POWER_daily,SoilGrids_v2.0,v2.0,30,validated_district_centroid_aggregate,6,5.7444444444444445,0.2546602675170426,31.425,1.8287138771400089,38.82222222222222,3.3549410769236485,34.72222222222222,2.8573816037816213,26.458333333333332,1.1892925067731086,1.2222222222222223,0.058997802846722465,21.03333333333333,2.316270949416563,not_available,aas-chirps-v1,uganda_crop_model-0.2.0,sub_region,sub_region
Tooro,2018,annual,maize,annual,2.1,1.9306070988467758,0.4227467964014275,140389.0,59349.0,271036.0,,,18.5,1300.6903450811901,3.5635351920032607,216,40,1,20.946760813395183,54.75246445337931,31,0.6668246216096457,2018-03-04,2018-12-17,63,351,289,21.147328767123287,32.89,11.665,9.647881278538812,4068.7749999999996,6,0,0,AAS2018_Annex4,official_aggregate,sub_region,sub_region,published_official_subregion_yield_over_harvested,2018,annual,False,False,False,published_annual_aggregate_total_and_s2_harvested_area,False,CHIRPS_v2.0_daily_via_ClimateSERV,NASA_POWER_daily,SoilGrids_v2.0,v2.0,30,validated_district_centroid_aggregate,6,5.7444444444444445,0.2546602675170426,31.425,1.8287138771400089,38.82222222222222,3.3549410769236485,34.72222222222222,2.8573816037816213,26.458333333333332,1.1892925067731086,1.2222222222222223,0.058997802846722465,21.03333333333333,2.316270949416563,not_available,aas-chirps-v1,uganda_crop_model-0.2.0,sub_region,sub_region
Tooro,2018,annual,millet,annual,0.7,0.6842802716581083,0.8345204571807189,6037.0,5038.0,4131.0,,,21.6,1300.6903450811901,3.5635351920032607,216,40,1,20.946760813395183,54.75246445337931,31,0.6668246216096457,2018-03-04,2018-12-17,63,351,289,21.147328767123287,32.89,11.665,9.647881278538812,4068.7749999999996,6,0,0,AAS2018_Annex4,official_aggregate,sub_region,sub_region,published_official_subregion_yield_over_harvested,2018,annual,False,False,False,published_annual_aggregate_total_and_s2_harvested_area,False,CHIRPS_v2.0_daily_via_ClimateSERV,NASA_POWER_daily,SoilGrids_v2.0,v2.0,30,validated_district_centroid_aggregate,6,5.7444444444444445,0.2546602675170426,31.425,1.8287138771400089,38.82222222222222,3.3549410769236485,34.72222222222222,2.8573816037816213,26.458333333333332,1.1892925067731086,1.2222222222222223,0.058997802846722465,21.03333333333333,2.316270949416563,not_available,aas-chirps-v1,uganda_crop_model-0.2.0,sub_region,sub_region
Tooro,2018,annual,rice,annual,1.7,1.6755249343832022,0.9914698162729659,3048.0,3022.0,5107.0,,,99.4,1300.6903450811901,3.5635351920032607,216,40,1,20.946760813395183,54.75246445337931,31,0.6668246216096457,2018-03-04,2018-12-17,63,351,289,21.147328767123287,32.89,11.665,9.647881278538812,4068.7749999999996,6,0,0,AAS2018_Annex4,official_aggregate,sub_region,sub_region,published_official_subregion_yield_over_harvested,2018,annual,False,False,False,published_annual_aggregate_total_and_s2_harvested_area,False,CHIRPS_v2.0_daily_via_ClimateSERV,NASA_POWER_daily,SoilGrids_v2.0,v2.0,30,validated_district_centroid_aggregate,6,5.7444444444444445,0.2546602675170426,31.425,1.8287138771400089,38.82222222222222,3.3549410769236485,34.72222222222222,2.8573816037816213,26.458333333333332,1.1892925067731086,1.2222222222222223,0.058997802846722465,21.03333333333333,2.316270949416563,not_available,aas-chirps-v1,uganda_crop_model-0.2.0,sub_region,sub_region
Tooro,2018,annual,simsim,annual,0.6,0.29244629244629244,0.028413028413028413,1443.0,41.0,422.0,,,100.0,1300.6903450811901,3.5635351920032607,216,40,1,20.946760813395183,54.75246445337931,31,0.6668246216096457,2018-03-04,2018-12-17,63,351,289,21.147328767123287,32.89,11.665,9.647881278538812,4068.7749999999996,6,0,0,AAS2018_Annex4,official_aggregate,sub_region,sub_region,published_official_subregion_yield_over_harvested,2018,annual,False,False,False,published_annual_aggregate_total_and_s2_harvested_area,False,CHIRPS_v2.0_daily_via_ClimateSERV,NASA_POWER_daily,SoilGrids_v2.0,v2.0,30,validated_district_centroid_aggregate,6,5.7444444444444445,0.2546602675170426,31.425,1.8287138771400089,38.82222222222222,3.3549410769236485,34.72222222222222,2.8573816037816213,26.458333333333332,1.1892925067731086,1.2222222222222223,0.058997802846722465,21.03333333333333,2.316270949416563,not_available,aas-chirps-v1,uganda_crop_model-0.2.0,sub_region,sub_region
Tooro,2018,annual,sorghum,annual,1.0,1.0322670764073194,0.45844391674814916,7159.0,3282.0,7390.0,,,46.9,1300.6903450811901,3.5635351920032607,216,40,1,20.946760813395183,54.75246445337931,31,0.6668246216096457,2018-03-04,2018-12-17,63,351,289,21.147328767123287,32.89,11.665,9.647881278538812,4068.7749999999996,6,0,0,AAS2018_Annex4,official_aggregate,sub_region,sub_region,published_official_subregion_yield_over_harvested,2018,annual,False,False,False,published_annual_aggregate_total_and_s2_harvested_area,False,CHIRPS_v2.0_daily_via_ClimateSERV,NASA_POWER_daily,SoilGrids_v2.0,v2.0,30,validated_district_centroid_aggregate,6,5.7444444444444445,0.2546602675170426,31.425,1.8287138771400089,38.82222222222222,3.3549410769236485,34.72222222222222,2.8573816037816213,26.458333333333332,1.1892925067731086,1.2222222222222223,0.058997802846722465,21.03333333333333,2.316270949416563,not_available,aas-chirps-v1,uganda_crop_model-0.2.0,sub_region,sub_region
Tooro,2018,annual,soya_beans,annual,0.3,0.46932114882506526,0.5972584856396866,3064.0,1830.0,1438.0,,,49.8,1300.6903450811901,3.5635351920032607,216,40,1,20.946760813395183,54.75246445337931,31,0.6668246216096457,2018-03-04,2018-12-17,63,351,289,21.147328767123287,32.89,11.665,9.647881278538812,4068.7749999999996,6,0,0,AAS2018_Annex4,official_aggregate,sub_region,sub_region,published_official_subregion_yield_over_harvested,2018,annual,False,False,False,published_annual_aggregate_total_and_s2_harvested_area,False,CHIRPS_v2.0_daily_via_ClimateSERV,NASA_POWER_daily,SoilGrids_v2.0,v2.0,30,validated_district_centroid_aggregate,6,5.7444444444444445,0.2546602675170426,31.425,1.8287138771400089,38.82222222222222,3.3549410769236485,34.72222222222222,2.8573816037816213,26.458333333333332,1.1892925067731086,1.2222222222222223,0.058997802846722465,21.03333333333333,2.316270949416563,not_available,aas-chirps-v1,uganda_crop_model-0.2.0,sub_region,sub_region
Tooro,2018,annual,sweet_potatoes,annual,3.3,2.2265125430398425,0.4048204623708805,24396.0,9876.0,54318.0,,,18.4,1300.6903450811901,3.5635351920032607,216,40,1,20.946760813395183,54.75246445337931,31,0.6668246216096457,2018-03-04,2018-12-17,63,351,289,21.147328767123287,32.89,11.665,9.647881278538812,4068.7749999999996,6,0,0,AAS2018_Annex4,official_aggregate,sub_region,sub_region,published_official_subregion_yield_over_harvested,2018,annual,False,False,False,published_annual_aggregate_total_and_s2_harvested_area,False,CHIRPS_v2.0_daily_via_ClimateSERV,NASA_POWER_daily,SoilGrids_v2.0,v2.0,30,validated_district_centroid_aggregate,6,5.7444444444444445,0.2546602675170426,31.425,1.8287138771400089,38.82222222222222,3.3549410769236485,34.72222222222222,2.8573816037816213,26.458333333333332,1.1892925067731086,1.2222222222222223,0.058997802846722465,21.03333333333333,2.316270949416563,not_available,aas-chirps-v1,uganda_crop_model-0.2.0,sub_region,sub_region
West Nile,2018,annual,beans,annual,0.7,0.6301532862042416,0.6074753272205502,14287.0,8679.0,9003.0,,,26.5,1378.101045006079,3.775619301386518,201,43,4,25.69434142112732,62.344817101955414,47,0.7099499717935994,2018-03-16,2018-12-16,75,350,276,24.508309931506854,38.5975,15.33625,10.145352739726029,5295.533125000001,83,23,0,AAS2018_Annex4,official_aggregate,sub_region,sub_region,published_official_subregion_yield_over_harvested,2018,annual,False,False,False,published_annual_aggregate_total_and_s2_harvested_area,False,CHIRPS_v2.0_daily_via_ClimateSERV,NASA_POWER_daily,SoilGrids_v2.0,v2.0,30,validated_district_centroid_aggregate,8,5.958333333333334,0.1840893502864543,24.34166666666667,3.084034669271707,37.858333333333334,3.130596575835813,39.25416666666666,1.2982818316088829,22.87916666666667,2.1692063869549965,1.296875,0.030866295122725297,17.964583333333334,2.5937721121643027,not_available,aas-chirps-v1,uganda_crop_model-0.2.0,sub_region,sub_region
West Nile,2018,annual,groundnuts,annual,0.6,0.5314408396946565,0.44732824427480916,41920.0,18752.0,22278.0,,,23.7,1378.101045006079,3.775619301386518,201,43,4,25.69434142112732,62.344817101955414,47,0.7099499717935994,2018-03-16,2018-12-16,75,350,276,24.508309931506854,38.5975,15.33625,10.145352739726029,5295.533125000001,83,23,0,AAS2018_Annex4,official_aggregate,sub_region,sub_region,published_official_subregion_yield_over_harvested,2018,annual,False,False,False,published_annual_aggregate_total_and_s2_harvested_area,False,CHIRPS_v2.0_daily_via_ClimateSERV,NASA_POWER_daily,SoilGrids_v2.0,v2.0,30,validated_district_centroid_aggregate,8,5.958333333333334,0.1840893502864543,24.34166666666667,3.084034669271707,37.858333333333334,3.130596575835813,39.25416666666666,1.2982818316088829,22.87916666666667,2.1692063869549965,1.296875,0.030866295122725297,17.964583333333334,2.5937721121643027,not_available,aas-chirps-v1,uganda_crop_model-0.2.0,sub_region,sub_region
West Nile,2018,annual,irish_potatoes,annual,6.6,4.104152484683458,0.3587474472430225,1469.0,527.0,6029.0,,,69.4,1378.101045006079,3.775619301386518,201,43,4,25.69434142112732,62.344817101955414,47,0.7099499717935994,2018-03-16,2018-12-16,75,350,276,24.508309931506854,38.5975,15.33625,10.145352739726029,5295.533125000001,83,23,0,AAS2018_Annex4,official_aggregate,sub_region,sub_region,published_official_subregion_yield_over_harvested,2018,annual,False,False,False,published_annual_aggregate_total_and_s2_harvested_area,False,CHIRPS_v2.0_daily_via_ClimateSERV,NASA_POWER_daily,SoilGrids_v2.0,v2.0,30,validated_district_centroid_aggregate,8,5.958333333333334,0.1840893502864543,24.34166666666667,3.084034669271707,37.858333333333334,3.130596575835813,39.25416666666666,1.2982818316088829,22.87916666666667,2.1692063869549965,1.296875,0.030866295122725297,17.964583333333334,2.5937721121643027,not_available,aas-chirps-v1,uganda_crop_model-0.2.0,sub_region,sub_region
West Nile,2018,annual,maize,annual,2.1,1.3070926000808734,0.2193449251920744,61825.0,13561.0,80811.0,,,22.5,1378.101045006079,3.775619301386518,201,43,4,25.69434142112732,62.344817101955414,47,0.7099499717935994,2018-03-16,2018-12-16,75,350,276,24.508309931506854,38.5975,15.33625,10.145352739726029,5295.533125000001,83,23,0,AAS2018_Annex4,official_aggregate,sub_region,sub_region,published_official_subregion_yield_over_harvested,2018,annual,False,False,False,published_annual_aggregate_total_and_s2_harvested_area,False,CHIRPS_v2.0_daily_via_ClimateSERV,NASA_POWER_daily,SoilGrids_v2.0,v2.0,30,validated_district_centroid_aggregate,8,5.958333333333334,0.1840893502864543,24.34166666666667,3.084034669271707,37.858333333333334,3.130596575835813,39.25416666666666,1.2982818316088829,22.87916666666667,2.1692063869549965,1.296875,0.030866295122725297,17.964583333333334,2.5937721121643027,not_available,aas-chirps-v1,uganda_crop_model-0.2.0,sub_region,sub_region
West Nile,2018,annual,millet,annual,0.7,0.6782904873895061,0.8550806909415295,12331.0,10544.0,8364.0,,,58.0,1378.101045006079,3.775619301386518,201,43,4,25.69434142112732,62.344817101955414,47,0.7099499717935994,2018-03-16,2018-12-16,75,350,276,24.508309931506854,38.5975,15.33625,10.145352739726029,5295.533125000001,83,23,0,AAS2018_Annex4,official_aggregate,sub_region,sub_region,published_official_subregion_yield_over_harvested,2018,annual,False,False,False,published_annual_aggregate_total_and_s2_harvested_area,False,CHIRPS_v2.0_daily_via_ClimateSERV,NASA_POWER_daily,SoilGrids_v2.0,v2.0,30,validated_district_centroid_aggregate,8,5.958333333333334,0.1840893502864543,24.34166666666667,3.084034669271707,37.858333333333334,3.130596575835813,39.25416666666666,1.2982818316088829,22.87916666666667,2.1692063869549965,1.296875,0.030866295122725297,17.964583333333334,2.5937721121643027,not_available,aas-chirps-v1,uganda_crop_model-0.2.0,sub_region,sub_region
West Nile,2018,annual,rice,annual,1.2,1.1934515688949523,0.8843110504774898,3665.0,3241.0,4374.0,,,51.1,1378.101045006079,3.775619301386518,201,43,4,25.69434142112732,62.344817101955414,47,0.7099499717935994,2018-03-16,2018-12-16,75,350,276,24.508309931506854,38.5975,15.33625,10.145352739726029,5295.533125000001,83,23,0,AAS2018_Annex4,official_aggregate,sub_region,sub_region,published_official_subregion_yield_over_harvested,2018,annual,False,False,False,published_annual_aggregate_total_and_s2_harvested_area,False,CHIRPS_v2.0_daily_via_ClimateSERV,NASA_POWER_daily,SoilGrids_v2.0,v2.0,30,validated_district_centroid_aggregate,8,5.958333333333334,0.1840893502864543,24.34166666666667,3.084034669271707,37.858333333333334,3.130596575835813,39.25416666666666,1.2982818316088829,22.87916666666667,2.1692063869549965,1.296875,0.030866295122725297,17.964583333333334,2.5937721121643027,not_available,aas-chirps-v1,uganda_crop_model-0.2.0,sub_region,sub_region
West Nile,2018,annual,simsim,annual,0.2,0.22469467357247905,0.9754140290299891,31278.0,30509.0,7028.0,,,26.4,1378.101045006079,3.775619301386518,201,43,4,25.69434142112732,62.344817101955414,47,0.7099499717935994,2018-03-16,2018-12-16,75,350,276,24.508309931506854,38.5975,15.33625,10.145352739726029,5295.533125000001,83,23,0,AAS2018_Annex4,official_aggregate,sub_region,sub_region,published_official_subregion_yield_over_harvested,2018,annual,False,False,False,published_annual_aggregate_total_and_s2_harvested_area,False,CHIRPS_v2.0_daily_via_ClimateSERV,NASA_POWER_daily,SoilGrids_v2.0,v2.0,30,validated_district_centroid_aggregate,8,5.958333333333334,0.1840893502864543,24.34166666666667,3.084034669271707,37.858333333333334,3.130596575835813,39.25416666666666,1.2982818316088829,22.87916666666667,2.1692063869549965,1.296875,0.030866295122725297,17.964583333333334,2.5937721121643027,not_available,aas-chirps-v1,uganda_crop_model-0.2.0,sub_region,sub_region
West Nile,2018,annual,sorghum,annual,0.7,0.59296522221342,0.6544799176107106,25246.0,16523.0,14970.0,,,18.1,1378.101045006079,3.775619301386518,201,43,4,25.69434142112732,62.344817101955414,47,0.7099499717935994,2018-03-16,2018-12-16,75,350,276,24.508309931506854,38.5975,15.33625,10.145352739726029,5295.533125000001,83,23,0,AAS2018_Annex4,official_aggregate,sub_region,sub_region,published_official_subregion_yield_over_harvested,2018,annual,False,False,False,published_annual_aggregate_total_and_s2_harvested_area,False,CHIRPS_v2.0_daily_via_ClimateSERV,NASA_POWER_daily,SoilGrids_v2.0,v2.0,30,validated_district_centroid_aggregate,8,5.958333333333334,0.1840893502864543,24.34166666666667,3.084034669271707,37.858333333333334,3.130596575835813,39.25416666666666,1.2982818316088829,22.87916666666667,2.1692063869549965,1.296875,0.030866295122725297,17.964583333333334,2.5937721121643027,not_available,aas-chirps-v1,uganda_crop_model-0.2.0,sub_region,sub_region
West Nile,2018,annual,soya_beans,annual,0.5,0.40181268882175225,0.48217522658610273,1655.0,798.0,665.0,,,38.3,1378.101045006079,3.775619301386518,201,43,4,25.69434142112732,62.344817101955414,47,0.7099499717935994,2018-03-16,2018-12-16,75,350,276,24.508309931506854,38.5975,15.33625,10.145352739726029,5295.533125000001,83,23,0,AAS2018_Annex4,official_aggregate,sub_region,sub_region,published_official_subregion_yield_over_harvested,2018,annual,False,False,False,published_annual_aggregate_total_and_s2_harvested_area,False,CHIRPS_v2.0_daily_via_ClimateSERV,NASA_POWER_daily,SoilGrids_v2.0,v2.0,30,validated_district_centroid_aggregate,8,5.958333333333334,0.1840893502864543,24.34166666666667,3.084034669271707,37.858333333333334,3.130596575835813,39.25416666666666,1.2982818316088829,22.87916666666667,2.1692063869549965,1.296875,0.030866295122725297,17.964583333333334,2.5937721121643027,not_available,aas-chirps-v1,uganda_crop_model-0.2.0,sub_region,sub_region
West Nile,2018,annual,sweet_potatoes,annual,4.9,4.241811091854419,0.6752166377816291,23080.0,15584.0,97901.0,,,29.8,1378.101045006079,3.775619301386518,201,43,4,25.69434142112732,62.344817101955414,47,0.7099499717935994,2018-03-16,2018-12-16,75,350,276,24.508309931506854,38.5975,15.33625,10.145352739726029,5295.533125000001,83,23,0,AAS2018_Annex4,official_aggregate,sub_region,sub_region,published_official_subregion_yield_over_harvested,2018,annual,False,False,False,published_annual_aggregate_total_and_s2_harvested_area,False,CHIRPS_v2.0_daily_via_ClimateSERV,NASA_POWER_daily,SoilGrids_v2.0,v2.0,30,validated_district_centroid_aggregate,8,5.958333333333334,0.1840893502864543,24.34166666666667,3.084034669271707,37.858333333333334,3.130596575835813,39.25416666666666,1.2982818316088829,22.87916666666667,2.1692063869549965,1.296875,0.030866295122725297,17.964583333333334,2.5937721121643027,not_available,aas-chirps-v1,uganda_crop_model-0.2.0,sub_region,sub_region
