district,year,season,season_gdd,heat_days,extreme_heat_days,warm_night_days,heatwave_count,yield_source,rainfall_source,temperature_source,soil_source,soil_moisture_source,yield_granularity,is_proxy,is_imputed,data_quality_score,data_quality_note
Abim,2015,first,1840.3,65,24,30,7,,,NASA_POWER_daily,,,district,False,False,F,"NASA POWER daily T2M_MAX/T2M_MIN (MERRA-2, ~0.5 deg) at district centroid; GDD base 10C; heatwave = 3+ consecutive days >= 30.0C."
Abim,2015,second,1905.9300000000003,91,21,28,6,,,NASA_POWER_daily,,,district,False,False,F,"NASA POWER daily T2M_MAX/T2M_MIN (MERRA-2, ~0.5 deg) at district centroid; GDD base 10C; heatwave = 3+ consecutive days >= 30.0C."
Abim,2016,first,1936.1349999999998,71,29,63,5,,,NASA_POWER_daily,,,district,False,False,F,"NASA POWER daily T2M_MAX/T2M_MIN (MERRA-2, ~0.5 deg) at district centroid; GDD base 10C; heatwave = 3+ consecutive days >= 30.0C."
Abim,2016,second,1836.6000000000001,88,1,8,7,,,NASA_POWER_daily,,,district,False,False,F,"NASA POWER daily T2M_MAX/T2M_MIN (MERRA-2, ~0.5 deg) at district centroid; GDD base 10C; heatwave = 3+ consecutive days >= 30.0C."
Abim,2017,first,1998.955,94,36,55,8,,,NASA_POWER_daily,,,district,False,False,F,"NASA POWER daily T2M_MAX/T2M_MIN (MERRA-2, ~0.5 deg) at district centroid; GDD base 10C; heatwave = 3+ consecutive days >= 30.0C."
Abim,2017,second,1757.95,73,3,7,10,,,NASA_POWER_daily,,,district,False,False,F,"NASA POWER daily T2M_MAX/T2M_MIN (MERRA-2, ~0.5 deg) at district centroid; GDD base 10C; heatwave = 3+ consecutive days >= 30.0C."
Abim,2018,first,1651.5300000000002,34,2,8,3,,,NASA_POWER_daily,,,district,False,False,F,"NASA POWER daily T2M_MAX/T2M_MIN (MERRA-2, ~0.5 deg) at district centroid; GDD base 10C; heatwave = 3+ consecutive days >= 30.0C."
Abim,2018,second,1894.4299999999998,100,13,20,7,,,NASA_POWER_daily,,,district,False,False,F,"NASA POWER daily T2M_MAX/T2M_MIN (MERRA-2, ~0.5 deg) at district centroid; GDD base 10C; heatwave = 3+ consecutive days >= 30.0C."
Abim,2019,first,1967.1299999999997,83,40,58,5,,,NASA_POWER_daily,,,district,False,False,F,"NASA POWER daily T2M_MAX/T2M_MIN (MERRA-2, ~0.5 deg) at district centroid; GDD base 10C; heatwave = 3+ consecutive days >= 30.0C."
Abim,2019,second,1715.265,50,0,5,5,,,NASA_POWER_daily,,,district,False,False,F,"NASA POWER daily T2M_MAX/T2M_MIN (MERRA-2, ~0.5 deg) at district centroid; GDD base 10C; heatwave = 3+ consecutive days >= 30.0C."
Abim,2020,first,1728.49,41,8,18,4,,,NASA_POWER_daily,,,district,False,False,F,"NASA POWER daily T2M_MAX/T2M_MIN (MERRA-2, ~0.5 deg) at district centroid; GDD base 10C; heatwave = 3+ consecutive days >= 30.0C."
Abim,2020,second,1634.335,37,0,0,4,,,NASA_POWER_daily,,,district,False,False,F,"NASA POWER daily T2M_MAX/T2M_MIN (MERRA-2, ~0.5 deg) at district centroid; GDD base 10C; heatwave = 3+ consecutive days >= 30.0C."
Abim,2021,first,1909.3700000000003,97,23,39,7,,,NASA_POWER_daily,,,district,False,False,F,"NASA POWER daily T2M_MAX/T2M_MIN (MERRA-2, ~0.5 deg) at district centroid; GDD base 10C; heatwave = 3+ consecutive days >= 30.0C."
Abim,2021,second,1955.3899999999999,104,12,39,10,,,NASA_POWER_daily,,,district,False,False,F,"NASA POWER daily T2M_MAX/T2M_MIN (MERRA-2, ~0.5 deg) at district centroid; GDD base 10C; heatwave = 3+ consecutive days >= 30.0C."
Abim,2022,first,2002.6000000000001,102,41,54,8,,,NASA_POWER_daily,,,district,False,False,F,"NASA POWER daily T2M_MAX/T2M_MIN (MERRA-2, ~0.5 deg) at district centroid; GDD base 10C; heatwave = 3+ consecutive days >= 30.0C."
Abim,2022,second,1785.385,71,4,9,5,,,NASA_POWER_daily,,,district,False,False,F,"NASA POWER daily T2M_MAX/T2M_MIN (MERRA-2, ~0.5 deg) at district centroid; GDD base 10C; heatwave = 3+ consecutive days >= 30.0C."
Abim,2023,first,1858.45,81,9,25,6,,,NASA_POWER_daily,,,district,False,False,F,"NASA POWER daily T2M_MAX/T2M_MIN (MERRA-2, ~0.5 deg) at district centroid; GDD base 10C; heatwave = 3+ consecutive days >= 30.0C."
Abim,2023,second,1967.2150000000001,108,20,37,6,,,NASA_POWER_daily,,,district,False,False,F,"NASA POWER daily T2M_MAX/T2M_MIN (MERRA-2, ~0.5 deg) at district centroid; GDD base 10C; heatwave = 3+ consecutive days >= 30.0C."
Adjumani,2015,first,1828.78,42,22,42,3,,,NASA_POWER_daily,,,district,False,False,F,"NASA POWER daily T2M_MAX/T2M_MIN (MERRA-2, ~0.5 deg) at district centroid; GDD base 10C; heatwave = 3+ consecutive days >= 30.0C."
Adjumani,2015,second,1719.66,34,0,32,5,,,NASA_POWER_daily,,,district,False,False,F,"NASA POWER daily T2M_MAX/T2M_MIN (MERRA-2, ~0.5 deg) at district centroid; GDD base 10C; heatwave = 3+ consecutive days >= 30.0C."
Adjumani,2016,first,1950.6,64,25,73,5,,,NASA_POWER_daily,,,district,False,False,F,"NASA POWER daily T2M_MAX/T2M_MIN (MERRA-2, ~0.5 deg) at district centroid; GDD base 10C; heatwave = 3+ consecutive days >= 30.0C."
Adjumani,2016,second,1704.165,41,0,10,6,,,NASA_POWER_daily,,,district,False,False,F,"NASA POWER daily T2M_MAX/T2M_MIN (MERRA-2, ~0.5 deg) at district centroid; GDD base 10C; heatwave = 3+ consecutive days >= 30.0C."
Adjumani,2017,first,1843.475,47,15,60,5,,,NASA_POWER_daily,,,district,False,False,F,"NASA POWER daily T2M_MAX/T2M_MIN (MERRA-2, ~0.5 deg) at district centroid; GDD base 10C; heatwave = 3+ consecutive days >= 30.0C."
Adjumani,2017,second,1564.6250000000002,1,0,6,0,,,NASA_POWER_daily,,,district,False,False,F,"NASA POWER daily T2M_MAX/T2M_MIN (MERRA-2, ~0.5 deg) at district centroid; GDD base 10C; heatwave = 3+ consecutive days >= 30.0C."
Adjumani,2018,first,1693.6000000000001,31,5,39,4,,,NASA_POWER_daily,,,district,False,False,F,"NASA POWER daily T2M_MAX/T2M_MIN (MERRA-2, ~0.5 deg) at district centroid; GDD base 10C; heatwave = 3+ consecutive days >= 30.0C."
Adjumani,2018,second,1782.63,62,1,35,8,,,NASA_POWER_daily,,,district,False,False,F,"NASA POWER daily T2M_MAX/T2M_MIN (MERRA-2, ~0.5 deg) at district centroid; GDD base 10C; heatwave = 3+ consecutive days >= 30.0C."
Adjumani,2019,first,2044.485,78,41,85,7,,,NASA_POWER_daily,,,district,False,False,F,"NASA POWER daily T2M_MAX/T2M_MIN (MERRA-2, ~0.5 deg) at district centroid; GDD base 10C; heatwave = 3+ consecutive days >= 30.0C."
Adjumani,2019,second,1588.975,0,0,7,0,,,NASA_POWER_daily,,,district,False,False,F,"NASA POWER daily T2M_MAX/T2M_MIN (MERRA-2, ~0.5 deg) at district centroid; GDD base 10C; heatwave = 3+ consecutive days >= 30.0C."
Adjumani,2020,first,1736.71,34,6,41,5,,,NASA_POWER_daily,,,district,False,False,F,"NASA POWER daily T2M_MAX/T2M_MIN (MERRA-2, ~0.5 deg) at district centroid; GDD base 10C; heatwave = 3+ consecutive days >= 30.0C."
Adjumani,2020,second,1559.5149999999999,0,0,4,0,,,NASA_POWER_daily,,,district,False,False,F,"NASA POWER daily T2M_MAX/T2M_MIN (MERRA-2, ~0.5 deg) at district centroid; GDD base 10C; heatwave = 3+ consecutive days >= 30.0C."
Adjumani,2021,first,1924.7099999999998,77,20,67,9,,,NASA_POWER_daily,,,district,False,False,F,"NASA POWER daily T2M_MAX/T2M_MIN (MERRA-2, ~0.5 deg) at district centroid; GDD base 10C; heatwave = 3+ consecutive days >= 30.0C."
Adjumani,2021,second,1844.155,77,0,42,11,,,NASA_POWER_daily,,,district,False,False,F,"NASA POWER daily T2M_MAX/T2M_MIN (MERRA-2, ~0.5 deg) at district centroid; GDD base 10C; heatwave = 3+ consecutive days >= 30.0C."
Adjumani,2022,first,2056.2250000000004,95,36,85,8,,,NASA_POWER_daily,,,district,False,False,F,"NASA POWER daily T2M_MAX/T2M_MIN (MERRA-2, ~0.5 deg) at district centroid; GDD base 10C; heatwave = 3+ consecutive days >= 30.0C."
Adjumani,2022,second,1618.87,7,0,10,1,,,NASA_POWER_daily,,,district,False,False,F,"NASA POWER daily T2M_MAX/T2M_MIN (MERRA-2, ~0.5 deg) at district centroid; GDD base 10C; heatwave = 3+ consecutive days >= 30.0C."
Adjumani,2023,first,1843.815,54,9,55,6,,,NASA_POWER_daily,,,district,False,False,F,"NASA POWER daily T2M_MAX/T2M_MIN (MERRA-2, ~0.5 deg) at district centroid; GDD base 10C; heatwave = 3+ consecutive days >= 30.0C."
Adjumani,2023,second,1819.175,47,5,64,4,,,NASA_POWER_daily,,,district,False,False,F,"NASA POWER daily T2M_MAX/T2M_MIN (MERRA-2, ~0.5 deg) at district centroid; GDD base 10C; heatwave = 3+ consecutive days >= 30.0C."
Agago,2015,first,1849.7050000000002,48,25,38,3,,,NASA_POWER_daily,,,district,False,False,F,"NASA POWER daily T2M_MAX/T2M_MIN (MERRA-2, ~0.5 deg) at district centroid; GDD base 10C; heatwave = 3+ consecutive days >= 30.0C."
Agago,2015,second,1842.21,74,9,30,6,,,NASA_POWER_daily,,,district,False,False,F,"NASA POWER daily T2M_MAX/T2M_MIN (MERRA-2, ~0.5 deg) at district centroid; GDD base 10C; heatwave = 3+ consecutive days >= 30.0C."
Agago,2016,first,1977.6299999999999,71,33,74,4,,,NASA_POWER_daily,,,district,False,False,F,"NASA POWER daily T2M_MAX/T2M_MIN (MERRA-2, ~0.5 deg) at district centroid; GDD base 10C; heatwave = 3+ consecutive days >= 30.0C."
Agago,2016,second,1795.8500000000001,77,0,16,7,,,NASA_POWER_daily,,,district,False,False,F,"NASA POWER daily T2M_MAX/T2M_MIN (MERRA-2, ~0.5 deg) at district centroid; GDD base 10C; heatwave = 3+ consecutive days >= 30.0C."
Agago,2017,first,1992.94,90,36,61,9,,,NASA_POWER_daily,,,district,False,False,F,"NASA POWER daily T2M_MAX/T2M_MIN (MERRA-2, ~0.5 deg) at district centroid; GDD base 10C; heatwave = 3+ consecutive days >= 30.0C."
Agago,2017,second,1725.995,55,1,13,8,,,NASA_POWER_daily,,,district,False,False,F,"NASA POWER daily T2M_MAX/T2M_MIN (MERRA-2, ~0.5 deg) at district centroid; GDD base 10C; heatwave = 3+ consecutive days >= 30.0C."
Agago,2018,first,1690.4350000000002,32,5,17,4,,,NASA_POWER_daily,,,district,False,False,F,"NASA POWER daily T2M_MAX/T2M_MIN (MERRA-2, ~0.5 deg) at district centroid; GDD base 10C; heatwave = 3+ consecutive days >= 30.0C."
Agago,2018,second,1896.835,92,13,36,7,,,NASA_POWER_daily,,,district,False,False,F,"NASA POWER daily T2M_MAX/T2M_MIN (MERRA-2, ~0.5 deg) at district centroid; GDD base 10C; heatwave = 3+ consecutive days >= 30.0C."
Agago,2019,first,2027.135,80,43,75,7,,,NASA_POWER_daily,,,district,False,False,F,"NASA POWER daily T2M_MAX/T2M_MIN (MERRA-2, ~0.5 deg) at district centroid; GDD base 10C; heatwave = 3+ consecutive days >= 30.0C."
Agago,2019,second,1637.0049999999997,27,0,2,3,,,NASA_POWER_daily,,,district,False,False,F,"NASA POWER daily T2M_MAX/T2M_MIN (MERRA-2, ~0.5 deg) at district centroid; GDD base 10C; heatwave = 3+ consecutive days >= 30.0C."
Agago,2020,first,1714.395,31,4,24,4,,,NASA_POWER_daily,,,district,False,False,F,"NASA POWER daily T2M_MAX/T2M_MIN (MERRA-2, ~0.5 deg) at district centroid; GDD base 10C; heatwave = 3+ consecutive days >= 30.0C."
Agago,2020,second,1570.43,4,0,0,0,,,NASA_POWER_daily,,,district,False,False,F,"NASA POWER daily T2M_MAX/T2M_MIN (MERRA-2, ~0.5 deg) at district centroid; GDD base 10C; heatwave = 3+ consecutive days >= 30.0C."
Agago,2021,first,1827.4450000000002,69,11,30,7,,,NASA_POWER_daily,,,district,False,False,F,"NASA POWER daily T2M_MAX/T2M_MIN (MERRA-2, ~0.5 deg) at district centroid; GDD base 10C; heatwave = 3+ consecutive days >= 30.0C."
Agago,2021,second,1897.31,95,6,33,9,,,NASA_POWER_daily,,,district,False,False,F,"NASA POWER daily T2M_MAX/T2M_MIN (MERRA-2, ~0.5 deg) at district centroid; GDD base 10C; heatwave = 3+ consecutive days >= 30.0C."
Agago,2022,first,2027.72,98,39,71,5,,,NASA_POWER_daily,,,district,False,False,F,"NASA POWER daily T2M_MAX/T2M_MIN (MERRA-2, ~0.5 deg) at district centroid; GDD base 10C; heatwave = 3+ consecutive days >= 30.0C."
Agago,2022,second,1703.295,55,0,7,4,,,NASA_POWER_daily,,,district,False,False,F,"NASA POWER daily T2M_MAX/T2M_MIN (MERRA-2, ~0.5 deg) at district centroid; GDD base 10C; heatwave = 3+ consecutive days >= 30.0C."
Agago,2023,first,1841.67,69,11,33,7,,,NASA_POWER_daily,,,district,False,False,F,"NASA POWER daily T2M_MAX/T2M_MIN (MERRA-2, ~0.5 deg) at district centroid; GDD base 10C; heatwave = 3+ consecutive days >= 30.0C."
Agago,2023,second,1860.0600000000004,86,4,32,10,,,NASA_POWER_daily,,,district,False,False,F,"NASA POWER daily T2M_MAX/T2M_MIN (MERRA-2, ~0.5 deg) at district centroid; GDD base 10C; heatwave = 3+ consecutive days >= 30.0C."
Alebtong,2015,first,1831.59,41,24,33,3,,,NASA_POWER_daily,,,district,False,False,F,"NASA POWER daily T2M_MAX/T2M_MIN (MERRA-2, ~0.5 deg) at district centroid; GDD base 10C; heatwave = 3+ consecutive days >= 30.0C."
Alebtong,2015,second,1852.2300000000002,77,6,31,6,,,NASA_POWER_daily,,,district,False,False,F,"NASA POWER daily T2M_MAX/T2M_MIN (MERRA-2, ~0.5 deg) at district centroid; GDD base 10C; heatwave = 3+ consecutive days >= 30.0C."
Alebtong,2016,first,1961.2750000000003,68,28,73,5,,,NASA_POWER_daily,,,district,False,False,F,"NASA POWER daily T2M_MAX/T2M_MIN (MERRA-2, ~0.5 deg) at district centroid; GDD base 10C; heatwave = 3+ consecutive days >= 30.0C."
Alebtong,2016,second,1809.2049999999997,79,1,19,6,,,NASA_POWER_daily,,,district,False,False,F,"NASA POWER daily T2M_MAX/T2M_MIN (MERRA-2, ~0.5 deg) at district centroid; GDD base 10C; heatwave = 3+ consecutive days >= 30.0C."
Alebtong,2017,first,1929.09,77,32,58,9,,,NASA_POWER_daily,,,district,False,False,F,"NASA POWER daily T2M_MAX/T2M_MIN (MERRA-2, ~0.5 deg) at district centroid; GDD base 10C; heatwave = 3+ consecutive days >= 30.0C."
Alebtong,2017,second,1705.55,53,0,5,5,,,NASA_POWER_daily,,,district,False,False,F,"NASA POWER daily T2M_MAX/T2M_MIN (MERRA-2, ~0.5 deg) at district centroid; GDD base 10C; heatwave = 3+ consecutive days >= 30.0C."
Alebtong,2018,first,1692.5600000000004,29,4,18,3,,,NASA_POWER_daily,,,district,False,False,F,"NASA POWER daily T2M_MAX/T2M_MIN (MERRA-2, ~0.5 deg) at district centroid; GDD base 10C; heatwave = 3+ consecutive days >= 30.0C."
Alebtong,2018,second,1886.265,88,11,39,8,,,NASA_POWER_daily,,,district,False,False,F,"NASA POWER daily T2M_MAX/T2M_MIN (MERRA-2, ~0.5 deg) at district centroid; GDD base 10C; heatwave = 3+ consecutive days >= 30.0C."
Alebtong,2019,first,1978.5049999999999,76,39,67,7,,,NASA_POWER_daily,,,district,False,False,F,"NASA POWER daily T2M_MAX/T2M_MIN (MERRA-2, ~0.5 deg) at district centroid; GDD base 10C; heatwave = 3+ consecutive days >= 30.0C."
Alebtong,2019,second,1645.9850000000004,29,0,3,3,,,NASA_POWER_daily,,,district,False,False,F,"NASA POWER daily T2M_MAX/T2M_MIN (MERRA-2, ~0.5 deg) at district centroid; GDD base 10C; heatwave = 3+ consecutive days >= 30.0C."
Alebtong,2020,first,1708.1599999999999,32,2,26,3,,,NASA_POWER_daily,,,district,False,False,F,"NASA POWER daily T2M_MAX/T2M_MIN (MERRA-2, ~0.5 deg) at district centroid; GDD base 10C; heatwave = 3+ consecutive days >= 30.0C."
Alebtong,2020,second,1601.69,20,0,1,1,,,NASA_POWER_daily,,,district,False,False,F,"NASA POWER daily T2M_MAX/T2M_MIN (MERRA-2, ~0.5 deg) at district centroid; GDD base 10C; heatwave = 3+ consecutive days >= 30.0C."
Alebtong,2021,first,1846.25,71,15,36,6,,,NASA_POWER_daily,,,district,False,False,F,"NASA POWER daily T2M_MAX/T2M_MIN (MERRA-2, ~0.5 deg) at district centroid; GDD base 10C; heatwave = 3+ consecutive days >= 30.0C."
Alebtong,2021,second,1908.4800000000002,96,10,47,8,,,NASA_POWER_daily,,,district,False,False,F,"NASA POWER daily T2M_MAX/T2M_MIN (MERRA-2, ~0.5 deg) at district centroid; GDD base 10C; heatwave = 3+ consecutive days >= 30.0C."
Alebtong,2022,first,1979.4550000000002,91,34,61,6,,,NASA_POWER_daily,,,district,False,False,F,"NASA POWER daily T2M_MAX/T2M_MIN (MERRA-2, ~0.5 deg) at district centroid; GDD base 10C; heatwave = 3+ consecutive days >= 30.0C."
Alebtong,2022,second,1734.7299999999998,63,0,8,6,,,NASA_POWER_daily,,,district,False,False,F,"NASA POWER daily T2M_MAX/T2M_MIN (MERRA-2, ~0.5 deg) at district centroid; GDD base 10C; heatwave = 3+ consecutive days >= 30.0C."
Alebtong,2023,first,1848.1949999999997,67,8,41,5,,,NASA_POWER_daily,,,district,False,False,F,"NASA POWER daily T2M_MAX/T2M_MIN (MERRA-2, ~0.5 deg) at district centroid; GDD base 10C; heatwave = 3+ consecutive days >= 30.0C."
Alebtong,2023,second,1888.5400000000002,87,9,42,7,,,NASA_POWER_daily,,,district,False,False,F,"NASA POWER daily T2M_MAX/T2M_MIN (MERRA-2, ~0.5 deg) at district centroid; GDD base 10C; heatwave = 3+ consecutive days >= 30.0C."
Amolatar,2015,first,1753.975,27,12,56,1,,,NASA_POWER_daily,,,district,False,False,F,"NASA POWER daily T2M_MAX/T2M_MIN (MERRA-2, ~0.5 deg) at district centroid; GDD base 10C; heatwave = 3+ consecutive days >= 30.0C."
Amolatar,2015,second,1774.1950000000002,42,0,83,6,,,NASA_POWER_daily,,,district,False,False,F,"NASA POWER daily T2M_MAX/T2M_MIN (MERRA-2, ~0.5 deg) at district centroid; GDD base 10C; heatwave = 3+ consecutive days >= 30.0C."
Amolatar,2016,first,1788.165,38,8,75,4,,,NASA_POWER_daily,,,district,False,False,F,"NASA POWER daily T2M_MAX/T2M_MIN (MERRA-2, ~0.5 deg) at district centroid; GDD base 10C; heatwave = 3+ consecutive days >= 30.0C."
Amolatar,2016,second,1784.9550000000002,45,0,77,9,,,NASA_POWER_daily,,,district,False,False,F,"NASA POWER daily T2M_MAX/T2M_MIN (MERRA-2, ~0.5 deg) at district centroid; GDD base 10C; heatwave = 3+ consecutive days >= 30.0C."
Amolatar,2017,first,1806.605,45,2,82,8,,,NASA_POWER_daily,,,district,False,False,F,"NASA POWER daily T2M_MAX/T2M_MIN (MERRA-2, ~0.5 deg) at district centroid; GDD base 10C; heatwave = 3+ consecutive days >= 30.0C."
Amolatar,2017,second,1751.3799999999999,30,0,58,5,,,NASA_POWER_daily,,,district,False,False,F,"NASA POWER daily T2M_MAX/T2M_MIN (MERRA-2, ~0.5 deg) at district centroid; GDD base 10C; heatwave = 3+ consecutive days >= 30.0C."
Amolatar,2018,first,1659.69,14,0,40,3,,,NASA_POWER_daily,,,district,False,False,F,"NASA POWER daily T2M_MAX/T2M_MIN (MERRA-2, ~0.5 deg) at district centroid; GDD base 10C; heatwave = 3+ consecutive days >= 30.0C."
Amolatar,2018,second,1781.2,45,0,67,5,,,NASA_POWER_daily,,,district,False,False,F,"NASA POWER daily T2M_MAX/T2M_MIN (MERRA-2, ~0.5 deg) at district centroid; GDD base 10C; heatwave = 3+ consecutive days >= 30.0C."
Amolatar,2019,first,1871.4699999999998,50,16,81,4,,,NASA_POWER_daily,,,district,False,False,F,"NASA POWER daily T2M_MAX/T2M_MIN (MERRA-2, ~0.5 deg) at district centroid; GDD base 10C; heatwave = 3+ consecutive days >= 30.0C."
Amolatar,2019,second,1645.435,3,0,57,0,,,NASA_POWER_daily,,,district,False,False,F,"NASA POWER daily T2M_MAX/T2M_MIN (MERRA-2, ~0.5 deg) at district centroid; GDD base 10C; heatwave = 3+ consecutive days >= 30.0C."
Amolatar,2020,first,1619.695,7,0,52,1,,,NASA_POWER_daily,,,district,False,False,F,"NASA POWER daily T2M_MAX/T2M_MIN (MERRA-2, ~0.5 deg) at district centroid; GDD base 10C; heatwave = 3+ consecutive days >= 30.0C."
Amolatar,2020,second,1642.31,4,0,50,1,,,NASA_POWER_daily,,,district,False,False,F,"NASA POWER daily T2M_MAX/T2M_MIN (MERRA-2, ~0.5 deg) at district centroid; GDD base 10C; heatwave = 3+ consecutive days >= 30.0C."
Amolatar,2021,first,1794.355,40,1,64,4,,,NASA_POWER_daily,,,district,False,False,F,"NASA POWER daily T2M_MAX/T2M_MIN (MERRA-2, ~0.5 deg) at district centroid; GDD base 10C; heatwave = 3+ consecutive days >= 30.0C."
Amolatar,2021,second,1879.33,69,0,96,7,,,NASA_POWER_daily,,,district,False,False,F,"NASA POWER daily T2M_MAX/T2M_MIN (MERRA-2, ~0.5 deg) at district centroid; GDD base 10C; heatwave = 3+ consecutive days >= 30.0C."
Amolatar,2022,first,1868.97,63,8,76,6,,,NASA_POWER_daily,,,district,False,False,F,"NASA POWER daily T2M_MAX/T2M_MIN (MERRA-2, ~0.5 deg) at district centroid; GDD base 10C; heatwave = 3+ consecutive days >= 30.0C."
Amolatar,2022,second,1714.5399999999997,23,0,54,3,,,NASA_POWER_daily,,,district,False,False,F,"NASA POWER daily T2M_MAX/T2M_MIN (MERRA-2, ~0.5 deg) at district centroid; GDD base 10C; heatwave = 3+ consecutive days >= 30.0C."
Amolatar,2023,first,1743.36,17,4,76,2,,,NASA_POWER_daily,,,district,False,False,F,"NASA POWER daily T2M_MAX/T2M_MIN (MERRA-2, ~0.5 deg) at district centroid; GDD base 10C; heatwave = 3+ consecutive days >= 30.0C."
Amolatar,2023,second,1780.6650000000002,27,0,100,3,,,NASA_POWER_daily,,,district,False,False,F,"NASA POWER daily T2M_MAX/T2M_MIN (MERRA-2, ~0.5 deg) at district centroid; GDD base 10C; heatwave = 3+ consecutive days >= 30.0C."
Amudat,2015,first,1462.94,28,0,0,1,,,NASA_POWER_daily,,,district,False,False,F,"NASA POWER daily T2M_MAX/T2M_MIN (MERRA-2, ~0.5 deg) at district centroid; GDD base 10C; heatwave = 3+ consecutive days >= 30.0C."
Amudat,2015,second,1472.455,22,0,0,4,,,NASA_POWER_daily,,,district,False,False,F,"NASA POWER daily T2M_MAX/T2M_MIN (MERRA-2, ~0.5 deg) at district centroid; GDD base 10C; heatwave = 3+ consecutive days >= 30.0C."
Amudat,2016,first,1478.425,37,1,0,3,,,NASA_POWER_daily,,,district,False,False,F,"NASA POWER daily T2M_MAX/T2M_MIN (MERRA-2, ~0.5 deg) at district centroid; GDD base 10C; heatwave = 3+ consecutive days >= 30.0C."
Amudat,2016,second,1354.075,1,0,0,0,,,NASA_POWER_daily,,,district,False,False,F,"NASA POWER daily T2M_MAX/T2M_MIN (MERRA-2, ~0.5 deg) at district centroid; GDD base 10C; heatwave = 3+ consecutive days >= 30.0C."
Amudat,2017,first,1557.505,46,0,0,4,,,NASA_POWER_daily,,,district,False,False,F,"NASA POWER daily T2M_MAX/T2M_MIN (MERRA-2, ~0.5 deg) at district centroid; GDD base 10C; heatwave = 3+ consecutive days >= 30.0C."
Amudat,2017,second,1276.77,0,0,0,0,,,NASA_POWER_daily,,,district,False,False,F,"NASA POWER daily T2M_MAX/T2M_MIN (MERRA-2, ~0.5 deg) at district centroid; GDD base 10C; heatwave = 3+ consecutive days >= 30.0C."
Amudat,2018,first,1246.845,2,0,0,0,,,NASA_POWER_daily,,,district,False,False,F,"NASA POWER daily T2M_MAX/T2M_MIN (MERRA-2, ~0.5 deg) at district centroid; GDD base 10C; heatwave = 3+ consecutive days >= 30.0C."
Amudat,2018,second,1350.5699999999997,0,0,0,0,,,NASA_POWER_daily,,,district,False,False,F,"NASA POWER daily T2M_MAX/T2M_MIN (MERRA-2, ~0.5 deg) at district centroid; GDD base 10C; heatwave = 3+ consecutive days >= 30.0C."
Amudat,2019,first,1567.62,53,0,0,4,,,NASA_POWER_daily,,,district,False,False,F,"NASA POWER daily T2M_MAX/T2M_MIN (MERRA-2, ~0.5 deg) at district centroid; GDD base 10C; heatwave = 3+ consecutive days >= 30.0C."
Amudat,2019,second,1274.495,0,0,0,0,,,NASA_POWER_daily,,,district,False,False,F,"NASA POWER daily T2M_MAX/T2M_MIN (MERRA-2, ~0.5 deg) at district centroid; GDD base 10C; heatwave = 3+ consecutive days >= 30.0C."
Amudat,2020,first,1319.3799999999999,7,0,0,0,,,NASA_POWER_daily,,,district,False,False,F,"NASA POWER daily T2M_MAX/T2M_MIN (MERRA-2, ~0.5 deg) at district centroid; GDD base 10C; heatwave = 3+ consecutive days >= 30.0C."
Amudat,2020,second,1202.85,0,0,0,0,,,NASA_POWER_daily,,,district,False,False,F,"NASA POWER daily T2M_MAX/T2M_MIN (MERRA-2, ~0.5 deg) at district centroid; GDD base 10C; heatwave = 3+ consecutive days >= 30.0C."
Amudat,2021,first,1459.875,34,0,0,4,,,NASA_POWER_daily,,,district,False,False,F,"NASA POWER daily T2M_MAX/T2M_MIN (MERRA-2, ~0.5 deg) at district centroid; GDD base 10C; heatwave = 3+ consecutive days >= 30.0C."
Amudat,2021,second,1422.865,10,0,0,2,,,NASA_POWER_daily,,,district,False,False,F,"NASA POWER daily T2M_MAX/T2M_MIN (MERRA-2, ~0.5 deg) at district centroid; GDD base 10C; heatwave = 3+ consecutive days >= 30.0C."
Amudat,2022,first,1522.52,42,0,0,5,,,NASA_POWER_daily,,,district,False,False,F,"NASA POWER daily T2M_MAX/T2M_MIN (MERRA-2, ~0.5 deg) at district centroid; GDD base 10C; heatwave = 3+ consecutive days >= 30.0C."
Amudat,2022,second,1264.93,0,0,0,0,,,NASA_POWER_daily,,,district,False,False,F,"NASA POWER daily T2M_MAX/T2M_MIN (MERRA-2, ~0.5 deg) at district centroid; GDD base 10C; heatwave = 3+ consecutive days >= 30.0C."
Amudat,2023,first,1383.35,14,0,0,1,,,NASA_POWER_daily,,,district,False,False,F,"NASA POWER daily T2M_MAX/T2M_MIN (MERRA-2, ~0.5 deg) at district centroid; GDD base 10C; heatwave = 3+ consecutive days >= 30.0C."
Amudat,2023,second,1405.0449999999998,4,0,0,0,,,NASA_POWER_daily,,,district,False,False,F,"NASA POWER daily T2M_MAX/T2M_MIN (MERRA-2, ~0.5 deg) at district centroid; GDD base 10C; heatwave = 3+ consecutive days >= 30.0C."
Amuria,2015,first,1877.5099999999998,61,24,50,6,,,NASA_POWER_daily,,,district,False,False,F,"NASA POWER daily T2M_MAX/T2M_MIN (MERRA-2, ~0.5 deg) at district centroid; GDD base 10C; heatwave = 3+ consecutive days >= 30.0C."
Amuria,2015,second,1940.095,90,14,56,6,,,NASA_POWER_daily,,,district,False,False,F,"NASA POWER daily T2M_MAX/T2M_MIN (MERRA-2, ~0.5 deg) at district centroid; GDD base 10C; heatwave = 3+ consecutive days >= 30.0C."
Amuria,2016,first,1964.245,71,28,80,4,,,NASA_POWER_daily,,,district,False,False,F,"NASA POWER daily T2M_MAX/T2M_MIN (MERRA-2, ~0.5 deg) at district centroid; GDD base 10C; heatwave = 3+ consecutive days >= 30.0C."
Amuria,2016,second,1909.5049999999999,94,4,43,8,,,NASA_POWER_daily,,,district,False,False,F,"NASA POWER daily T2M_MAX/T2M_MIN (MERRA-2, ~0.5 deg) at district centroid; GDD base 10C; heatwave = 3+ consecutive days >= 30.0C."
Amuria,2017,first,2005.47,86,33,79,9,,,NASA_POWER_daily,,,district,False,False,F,"NASA POWER daily T2M_MAX/T2M_MIN (MERRA-2, ~0.5 deg) at district centroid; GDD base 10C; heatwave = 3+ consecutive days >= 30.0C."
Amuria,2017,second,1826.2100000000003,77,4,32,10,,,NASA_POWER_daily,,,district,False,False,F,"NASA POWER daily T2M_MAX/T2M_MIN (MERRA-2, ~0.5 deg) at district centroid; GDD base 10C; heatwave = 3+ consecutive days >= 30.0C."
Amuria,2018,first,1691.055,28,5,26,3,,,NASA_POWER_daily,,,district,False,False,F,"NASA POWER daily T2M_MAX/T2M_MIN (MERRA-2, ~0.5 deg) at district centroid; GDD base 10C; heatwave = 3+ consecutive days >= 30.0C."
Amuria,2018,second,1940.8600000000001,98,11,52,9,,,NASA_POWER_daily,,,district,False,False,F,"NASA POWER daily T2M_MAX/T2M_MIN (MERRA-2, ~0.5 deg) at district centroid; GDD base 10C; heatwave = 3+ consecutive days >= 30.0C."
Amuria,2019,first,1982.375,77,38,69,5,,,NASA_POWER_daily,,,district,False,False,F,"NASA POWER daily T2M_MAX/T2M_MIN (MERRA-2, ~0.5 deg) at district centroid; GDD base 10C; heatwave = 3+ consecutive days >= 30.0C."
Amuria,2019,second,1736.665,41,0,23,4,,,NASA_POWER_daily,,,district,False,False,F,"NASA POWER daily T2M_MAX/T2M_MIN (MERRA-2, ~0.5 deg) at district centroid; GDD base 10C; heatwave = 3+ consecutive days >= 30.0C."
Amuria,2020,first,1754.58,40,6,40,5,,,NASA_POWER_daily,,,district,False,False,F,"NASA POWER daily T2M_MAX/T2M_MIN (MERRA-2, ~0.5 deg) at district centroid; GDD base 10C; heatwave = 3+ consecutive days >= 30.0C."
Amuria,2020,second,1675.575,33,0,9,4,,,NASA_POWER_daily,,,district,False,False,F,"NASA POWER daily T2M_MAX/T2M_MIN (MERRA-2, ~0.5 deg) at district centroid; GDD base 10C; heatwave = 3+ consecutive days >= 30.0C."
Amuria,2021,first,1944.75,93,21,66,8,,,NASA_POWER_daily,,,district,False,False,F,"NASA POWER daily T2M_MAX/T2M_MIN (MERRA-2, ~0.5 deg) at district centroid; GDD base 10C; heatwave = 3+ consecutive days >= 30.0C."
Amuria,2021,second,2000.3600000000001,97,20,77,10,,,NASA_POWER_daily,,,district,False,False,F,"NASA POWER daily T2M_MAX/T2M_MIN (MERRA-2, ~0.5 deg) at district centroid; GDD base 10C; heatwave = 3+ consecutive days >= 30.0C."
Amuria,2022,first,2023.2700000000002,96,41,70,5,,,NASA_POWER_daily,,,district,False,False,F,"NASA POWER daily T2M_MAX/T2M_MIN (MERRA-2, ~0.5 deg) at district centroid; GDD base 10C; heatwave = 3+ consecutive days >= 30.0C."
Amuria,2022,second,1844.08,73,1,31,4,,,NASA_POWER_daily,,,district,False,False,F,"NASA POWER daily T2M_MAX/T2M_MIN (MERRA-2, ~0.5 deg) at district centroid; GDD base 10C; heatwave = 3+ consecutive days >= 30.0C."
Amuria,2023,first,1885.16,74,9,61,5,,,NASA_POWER_daily,,,district,False,False,F,"NASA POWER daily T2M_MAX/T2M_MIN (MERRA-2, ~0.5 deg) at district centroid; GDD base 10C; heatwave = 3+ consecutive days >= 30.0C."
Amuria,2023,second,1974.89,101,12,66,10,,,NASA_POWER_daily,,,district,False,False,F,"NASA POWER daily T2M_MAX/T2M_MIN (MERRA-2, ~0.5 deg) at district centroid; GDD base 10C; heatwave = 3+ consecutive days >= 30.0C."
Amuru,2015,first,1828.78,42,22,42,3,,,NASA_POWER_daily,,,district,False,False,F,"NASA POWER daily T2M_MAX/T2M_MIN (MERRA-2, ~0.5 deg) at district centroid; GDD base 10C; heatwave = 3+ consecutive days >= 30.0C."
Amuru,2015,second,1719.66,34,0,32,5,,,NASA_POWER_daily,,,district,False,False,F,"NASA POWER daily T2M_MAX/T2M_MIN (MERRA-2, ~0.5 deg) at district centroid; GDD base 10C; heatwave = 3+ consecutive days >= 30.0C."
Amuru,2016,first,1950.6,64,25,73,5,,,NASA_POWER_daily,,,district,False,False,F,"NASA POWER daily T2M_MAX/T2M_MIN (MERRA-2, ~0.5 deg) at district centroid; GDD base 10C; heatwave = 3+ consecutive days >= 30.0C."
Amuru,2016,second,1704.165,41,0,10,6,,,NASA_POWER_daily,,,district,False,False,F,"NASA POWER daily T2M_MAX/T2M_MIN (MERRA-2, ~0.5 deg) at district centroid; GDD base 10C; heatwave = 3+ consecutive days >= 30.0C."
Amuru,2017,first,1843.475,47,15,60,5,,,NASA_POWER_daily,,,district,False,False,F,"NASA POWER daily T2M_MAX/T2M_MIN (MERRA-2, ~0.5 deg) at district centroid; GDD base 10C; heatwave = 3+ consecutive days >= 30.0C."
Amuru,2017,second,1564.6250000000002,1,0,6,0,,,NASA_POWER_daily,,,district,False,False,F,"NASA POWER daily T2M_MAX/T2M_MIN (MERRA-2, ~0.5 deg) at district centroid; GDD base 10C; heatwave = 3+ consecutive days >= 30.0C."
Amuru,2018,first,1693.6000000000001,31,5,39,4,,,NASA_POWER_daily,,,district,False,False,F,"NASA POWER daily T2M_MAX/T2M_MIN (MERRA-2, ~0.5 deg) at district centroid; GDD base 10C; heatwave = 3+ consecutive days >= 30.0C."
Amuru,2018,second,1782.63,62,1,35,8,,,NASA_POWER_daily,,,district,False,False,F,"NASA POWER daily T2M_MAX/T2M_MIN (MERRA-2, ~0.5 deg) at district centroid; GDD base 10C; heatwave = 3+ consecutive days >= 30.0C."
Amuru,2019,first,2044.485,78,41,85,7,,,NASA_POWER_daily,,,district,False,False,F,"NASA POWER daily T2M_MAX/T2M_MIN (MERRA-2, ~0.5 deg) at district centroid; GDD base 10C; heatwave = 3+ consecutive days >= 30.0C."
Amuru,2019,second,1588.975,0,0,7,0,,,NASA_POWER_daily,,,district,False,False,F,"NASA POWER daily T2M_MAX/T2M_MIN (MERRA-2, ~0.5 deg) at district centroid; GDD base 10C; heatwave = 3+ consecutive days >= 30.0C."
Amuru,2020,first,1736.71,34,6,41,5,,,NASA_POWER_daily,,,district,False,False,F,"NASA POWER daily T2M_MAX/T2M_MIN (MERRA-2, ~0.5 deg) at district centroid; GDD base 10C; heatwave = 3+ consecutive days >= 30.0C."
Amuru,2020,second,1559.5149999999999,0,0,4,0,,,NASA_POWER_daily,,,district,False,False,F,"NASA POWER daily T2M_MAX/T2M_MIN (MERRA-2, ~0.5 deg) at district centroid; GDD base 10C; heatwave = 3+ consecutive days >= 30.0C."
Amuru,2021,first,1924.7099999999998,77,20,67,9,,,NASA_POWER_daily,,,district,False,False,F,"NASA POWER daily T2M_MAX/T2M_MIN (MERRA-2, ~0.5 deg) at district centroid; GDD base 10C; heatwave = 3+ consecutive days >= 30.0C."
Amuru,2021,second,1844.155,77,0,42,11,,,NASA_POWER_daily,,,district,False,False,F,"NASA POWER daily T2M_MAX/T2M_MIN (MERRA-2, ~0.5 deg) at district centroid; GDD base 10C; heatwave = 3+ consecutive days >= 30.0C."
Amuru,2022,first,2056.2250000000004,95,36,85,8,,,NASA_POWER_daily,,,district,False,False,F,"NASA POWER daily T2M_MAX/T2M_MIN (MERRA-2, ~0.5 deg) at district centroid; GDD base 10C; heatwave = 3+ consecutive days >= 30.0C."
Amuru,2022,second,1618.87,7,0,10,1,,,NASA_POWER_daily,,,district,False,False,F,"NASA POWER daily T2M_MAX/T2M_MIN (MERRA-2, ~0.5 deg) at district centroid; GDD base 10C; heatwave = 3+ consecutive days >= 30.0C."
Amuru,2023,first,1843.815,54,9,55,6,,,NASA_POWER_daily,,,district,False,False,F,"NASA POWER daily T2M_MAX/T2M_MIN (MERRA-2, ~0.5 deg) at district centroid; GDD base 10C; heatwave = 3+ consecutive days >= 30.0C."
Amuru,2023,second,1819.175,47,5,64,4,,,NASA_POWER_daily,,,district,False,False,F,"NASA POWER daily T2M_MAX/T2M_MIN (MERRA-2, ~0.5 deg) at district centroid; GDD base 10C; heatwave = 3+ consecutive days >= 30.0C."
Apac,2015,first,1794.37,32,19,53,2,,,NASA_POWER_daily,,,district,False,False,F,"NASA POWER daily T2M_MAX/T2M_MIN (MERRA-2, ~0.5 deg) at district centroid; GDD base 10C; heatwave = 3+ consecutive days >= 30.0C."
Apac,2015,second,1783.765,44,0,57,6,,,NASA_POWER_daily,,,district,False,False,F,"NASA POWER daily T2M_MAX/T2M_MIN (MERRA-2, ~0.5 deg) at district centroid; GDD base 10C; heatwave = 3+ consecutive days >= 30.0C."
Apac,2016,first,1851.8999999999999,50,19,76,5,,,NASA_POWER_daily,,,district,False,False,F,"NASA POWER daily T2M_MAX/T2M_MIN (MERRA-2, ~0.5 deg) at district centroid; GDD base 10C; heatwave = 3+ consecutive days >= 30.0C."
Apac,2016,second,1782.15,57,0,40,9,,,NASA_POWER_daily,,,district,False,False,F,"NASA POWER daily T2M_MAX/T2M_MIN (MERRA-2, ~0.5 deg) at district centroid; GDD base 10C; heatwave = 3+ consecutive days >= 30.0C."
Apac,2017,first,1844.41,48,7,68,5,,,NASA_POWER_daily,,,district,False,False,F,"NASA POWER daily T2M_MAX/T2M_MIN (MERRA-2, ~0.5 deg) at district centroid; GDD base 10C; heatwave = 3+ consecutive days >= 30.0C."
Apac,2017,second,1679.545,32,0,15,4,,,NASA_POWER_daily,,,district,False,False,F,"NASA POWER daily T2M_MAX/T2M_MIN (MERRA-2, ~0.5 deg) at district centroid; GDD base 10C; heatwave = 3+ consecutive days >= 30.0C."
Apac,2018,first,1672.175,19,0,34,2,,,NASA_POWER_daily,,,district,False,False,F,"NASA POWER daily T2M_MAX/T2M_MIN (MERRA-2, ~0.5 deg) at district centroid; GDD base 10C; heatwave = 3+ consecutive days >= 30.0C."
Apac,2018,second,1830.85,61,0,64,8,,,NASA_POWER_daily,,,district,False,False,F,"NASA POWER daily T2M_MAX/T2M_MIN (MERRA-2, ~0.5 deg) at district centroid; GDD base 10C; heatwave = 3+ consecutive days >= 30.0C."
Apac,2019,first,1921.675,57,26,84,5,,,NASA_POWER_daily,,,district,False,False,F,"NASA POWER daily T2M_MAX/T2M_MIN (MERRA-2, ~0.5 deg) at district centroid; GDD base 10C; heatwave = 3+ consecutive days >= 30.0C."
Apac,2019,second,1625.8,5,0,23,0,,,NASA_POWER_daily,,,district,False,False,F,"NASA POWER daily T2M_MAX/T2M_MIN (MERRA-2, ~0.5 deg) at district centroid; GDD base 10C; heatwave = 3+ consecutive days >= 30.0C."
Apac,2020,first,1654.53,17,0,50,2,,,NASA_POWER_daily,,,district,False,False,F,"NASA POWER daily T2M_MAX/T2M_MIN (MERRA-2, ~0.5 deg) at district centroid; GDD base 10C; heatwave = 3+ consecutive days >= 30.0C."
Apac,2020,second,1622.5449999999998,8,0,20,1,,,NASA_POWER_daily,,,district,False,False,F,"NASA POWER daily T2M_MAX/T2M_MIN (MERRA-2, ~0.5 deg) at district centroid; GDD base 10C; heatwave = 3+ consecutive days >= 30.0C."
Apac,2021,first,1831.5199999999995,55,10,66,4,,,NASA_POWER_daily,,,district,False,False,F,"NASA POWER daily T2M_MAX/T2M_MIN (MERRA-2, ~0.5 deg) at district centroid; GDD base 10C; heatwave = 3+ consecutive days >= 30.0C."
Apac,2021,second,1878.275,71,1,75,6,,,NASA_POWER_daily,,,district,False,False,F,"NASA POWER daily T2M_MAX/T2M_MIN (MERRA-2, ~0.5 deg) at district centroid; GDD base 10C; heatwave = 3+ consecutive days >= 30.0C."
Apac,2022,first,1905.8999999999999,73,21,75,5,,,NASA_POWER_daily,,,district,False,False,F,"NASA POWER daily T2M_MAX/T2M_MIN (MERRA-2, ~0.5 deg) at district centroid; GDD base 10C; heatwave = 3+ consecutive days >= 30.0C."
Apac,2022,second,1708.6899999999998,42,0,31,7,,,NASA_POWER_daily,,,district,False,False,F,"NASA POWER daily T2M_MAX/T2M_MIN (MERRA-2, ~0.5 deg) at district centroid; GDD base 10C; heatwave = 3+ consecutive days >= 30.0C."
Apac,2023,first,1793.695,41,5,70,6,,,NASA_POWER_daily,,,district,False,False,F,"NASA POWER daily T2M_MAX/T2M_MIN (MERRA-2, ~0.5 deg) at district centroid; GDD base 10C; heatwave = 3+ consecutive days >= 30.0C."
Apac,2023,second,1814.53,48,1,72,7,,,NASA_POWER_daily,,,district,False,False,F,"NASA POWER daily T2M_MAX/T2M_MIN (MERRA-2, ~0.5 deg) at district centroid; GDD base 10C; heatwave = 3+ consecutive days >= 30.0C."
Arua,2015,first,1905.5349999999999,45,22,79,3,,,NASA_POWER_daily,,,district,False,False,F,"NASA POWER daily T2M_MAX/T2M_MIN (MERRA-2, ~0.5 deg) at district centroid; GDD base 10C; heatwave = 3+ consecutive days >= 30.0C."
Arua,2015,second,1777.095,46,0,63,7,,,NASA_POWER_daily,,,district,False,False,F,"NASA POWER daily T2M_MAX/T2M_MIN (MERRA-2, ~0.5 deg) at district centroid; GDD base 10C; heatwave = 3+ consecutive days >= 30.0C."
Arua,2016,first,2011.33,61,25,95,5,,,NASA_POWER_daily,,,district,False,False,F,"NASA POWER daily T2M_MAX/T2M_MIN (MERRA-2, ~0.5 deg) at district centroid; GDD base 10C; heatwave = 3+ consecutive days >= 30.0C."
Arua,2016,second,1747.88,37,0,44,6,,,NASA_POWER_daily,,,district,False,False,F,"NASA POWER daily T2M_MAX/T2M_MIN (MERRA-2, ~0.5 deg) at district centroid; GDD base 10C; heatwave = 3+ consecutive days >= 30.0C."
Arua,2017,first,1891.07,46,11,91,4,,,NASA_POWER_daily,,,district,False,False,F,"NASA POWER daily T2M_MAX/T2M_MIN (MERRA-2, ~0.5 deg) at district centroid; GDD base 10C; heatwave = 3+ consecutive days >= 30.0C."
Arua,2017,second,1621.7900000000002,0,0,19,0,,,NASA_POWER_daily,,,district,False,False,F,"NASA POWER daily T2M_MAX/T2M_MIN (MERRA-2, ~0.5 deg) at district centroid; GDD base 10C; heatwave = 3+ consecutive days >= 30.0C."
Arua,2018,first,1734.475,27,3,66,4,,,NASA_POWER_daily,,,district,False,False,F,"NASA POWER daily T2M_MAX/T2M_MIN (MERRA-2, ~0.5 deg) at district centroid; GDD base 10C; heatwave = 3+ consecutive days >= 30.0C."
Arua,2018,second,1770.9800000000002,43,0,59,5,,,NASA_POWER_daily,,,district,False,False,F,"NASA POWER daily T2M_MAX/T2M_MIN (MERRA-2, ~0.5 deg) at district centroid; GDD base 10C; heatwave = 3+ consecutive days >= 30.0C."
Arua,2019,first,2128.855,80,46,100,7,,,NASA_POWER_daily,,,district,False,False,F,"NASA POWER daily T2M_MAX/T2M_MIN (MERRA-2, ~0.5 deg) at district centroid; GDD base 10C; heatwave = 3+ consecutive days >= 30.0C."
Arua,2019,second,1642.8749999999998,4,0,33,1,,,NASA_POWER_daily,,,district,False,False,F,"NASA POWER daily T2M_MAX/T2M_MIN (MERRA-2, ~0.5 deg) at district centroid; GDD base 10C; heatwave = 3+ consecutive days >= 30.0C."
Arua,2020,first,1861.505,41,10,89,3,,,NASA_POWER_daily,,,district,False,False,F,"NASA POWER daily T2M_MAX/T2M_MIN (MERRA-2, ~0.5 deg) at district centroid; GDD base 10C; heatwave = 3+ consecutive days >= 30.0C."
Arua,2020,second,1628.805,0,0,17,0,,,NASA_POWER_daily,,,district,False,False,F,"NASA POWER daily T2M_MAX/T2M_MIN (MERRA-2, ~0.5 deg) at district centroid; GDD base 10C; heatwave = 3+ consecutive days >= 30.0C."
Arua,2021,first,2016.0100000000002,86,24,102,10,,,NASA_POWER_daily,,,district,False,False,F,"NASA POWER daily T2M_MAX/T2M_MIN (MERRA-2, ~0.5 deg) at district centroid; GDD base 10C; heatwave = 3+ consecutive days >= 30.0C."
Arua,2021,second,1881.9050000000002,79,0,81,11,,,NASA_POWER_daily,,,district,False,False,F,"NASA POWER daily T2M_MAX/T2M_MIN (MERRA-2, ~0.5 deg) at district centroid; GDD base 10C; heatwave = 3+ consecutive days >= 30.0C."
Arua,2022,first,2085.6050000000005,96,33,102,9,,,NASA_POWER_daily,,,district,False,False,F,"NASA POWER daily T2M_MAX/T2M_MIN (MERRA-2, ~0.5 deg) at district centroid; GDD base 10C; heatwave = 3+ consecutive days >= 30.0C."
Arua,2022,second,1668.8149999999998,6,0,37,1,,,NASA_POWER_daily,,,district,False,False,F,"NASA POWER daily T2M_MAX/T2M_MIN (MERRA-2, ~0.5 deg) at district centroid; GDD base 10C; heatwave = 3+ consecutive days >= 30.0C."
Arua,2023,first,1934.5450000000003,66,11,95,8,,,NASA_POWER_daily,,,district,False,False,F,"NASA POWER daily T2M_MAX/T2M_MIN (MERRA-2, ~0.5 deg) at district centroid; GDD base 10C; heatwave = 3+ consecutive days >= 30.0C."
Arua,2023,second,1873.385,51,6,100,5,,,NASA_POWER_daily,,,district,False,False,F,"NASA POWER daily T2M_MAX/T2M_MIN (MERRA-2, ~0.5 deg) at district centroid; GDD base 10C; heatwave = 3+ consecutive days >= 30.0C."
Budaka,2015,first,1726.59,31,24,23,2,,,NASA_POWER_daily,,,district,False,False,F,"NASA POWER daily T2M_MAX/T2M_MIN (MERRA-2, ~0.5 deg) at district centroid; GDD base 10C; heatwave = 3+ consecutive days >= 30.0C."
Budaka,2015,second,1672.265,17,0,18,2,,,NASA_POWER_daily,,,district,False,False,F,"NASA POWER daily T2M_MAX/T2M_MIN (MERRA-2, ~0.5 deg) at district centroid; GDD base 10C; heatwave = 3+ consecutive days >= 30.0C."
Budaka,2016,first,1731.635,37,17,37,3,,,NASA_POWER_daily,,,district,False,False,F,"NASA POWER daily T2M_MAX/T2M_MIN (MERRA-2, ~0.5 deg) at district centroid; GDD base 10C; heatwave = 3+ consecutive days >= 30.0C."
Budaka,2016,second,1698.5,36,0,16,6,,,NASA_POWER_daily,,,district,False,False,F,"NASA POWER daily T2M_MAX/T2M_MIN (MERRA-2, ~0.5 deg) at district centroid; GDD base 10C; heatwave = 3+ consecutive days >= 30.0C."
Budaka,2017,first,1766.7950000000003,46,10,36,4,,,NASA_POWER_daily,,,district,False,False,F,"NASA POWER daily T2M_MAX/T2M_MIN (MERRA-2, ~0.5 deg) at district centroid; GDD base 10C; heatwave = 3+ consecutive days >= 30.0C."
Budaka,2017,second,1618.4450000000002,11,0,5,1,,,NASA_POWER_daily,,,district,False,False,F,"NASA POWER daily T2M_MAX/T2M_MIN (MERRA-2, ~0.5 deg) at district centroid; GDD base 10C; heatwave = 3+ consecutive days >= 30.0C."
Budaka,2018,first,1526.5749999999998,13,0,3,2,,,NASA_POWER_daily,,,district,False,False,F,"NASA POWER daily T2M_MAX/T2M_MIN (MERRA-2, ~0.5 deg) at district centroid; GDD base 10C; heatwave = 3+ consecutive days >= 30.0C."
Budaka,2018,second,1604.915,16,0,8,1,,,NASA_POWER_daily,,,district,False,False,F,"NASA POWER daily T2M_MAX/T2M_MIN (MERRA-2, ~0.5 deg) at district centroid; GDD base 10C; heatwave = 3+ consecutive days >= 30.0C."
Budaka,2019,first,1762.6699999999998,52,14,36,4,,,NASA_POWER_daily,,,district,False,False,F,"NASA POWER daily T2M_MAX/T2M_MIN (MERRA-2, ~0.5 deg) at district centroid; GDD base 10C; heatwave = 3+ consecutive days >= 30.0C."
Budaka,2019,second,1549.76,0,0,2,0,,,NASA_POWER_daily,,,district,False,False,F,"NASA POWER daily T2M_MAX/T2M_MIN (MERRA-2, ~0.5 deg) at district centroid; GDD base 10C; heatwave = 3+ consecutive days >= 30.0C."
Budaka,2020,first,1562.37,10,0,14,1,,,NASA_POWER_daily,,,district,False,False,F,"NASA POWER daily T2M_MAX/T2M_MIN (MERRA-2, ~0.5 deg) at district centroid; GDD base 10C; heatwave = 3+ consecutive days >= 30.0C."
Budaka,2020,second,1527.4599999999998,0,0,1,0,,,NASA_POWER_daily,,,district,False,False,F,"NASA POWER daily T2M_MAX/T2M_MIN (MERRA-2, ~0.5 deg) at district centroid; GDD base 10C; heatwave = 3+ consecutive days >= 30.0C."
Budaka,2021,first,1635.915,29,0,7,2,,,NASA_POWER_daily,,,district,False,False,F,"NASA POWER daily T2M_MAX/T2M_MIN (MERRA-2, ~0.5 deg) at district centroid; GDD base 10C; heatwave = 3+ consecutive days >= 30.0C."
Budaka,2021,second,1699.995,35,0,14,6,,,NASA_POWER_daily,,,district,False,False,F,"NASA POWER daily T2M_MAX/T2M_MIN (MERRA-2, ~0.5 deg) at district centroid; GDD base 10C; heatwave = 3+ consecutive days >= 30.0C."
Budaka,2022,first,1805.19,52,22,36,4,,,NASA_POWER_daily,,,district,False,False,F,"NASA POWER daily T2M_MAX/T2M_MIN (MERRA-2, ~0.5 deg) at district centroid; GDD base 10C; heatwave = 3+ consecutive days >= 30.0C."
Budaka,2022,second,1626.085,6,0,5,0,,,NASA_POWER_daily,,,district,False,False,F,"NASA POWER daily T2M_MAX/T2M_MIN (MERRA-2, ~0.5 deg) at district centroid; GDD base 10C; heatwave = 3+ consecutive days >= 30.0C."
Budaka,2023,first,1666.765,27,5,17,3,,,NASA_POWER_daily,,,district,False,False,F,"NASA POWER daily T2M_MAX/T2M_MIN (MERRA-2, ~0.5 deg) at district centroid; GDD base 10C; heatwave = 3+ consecutive days >= 30.0C."
Budaka,2023,second,1662.97,6,0,19,0,,,NASA_POWER_daily,,,district,False,False,F,"NASA POWER daily T2M_MAX/T2M_MIN (MERRA-2, ~0.5 deg) at district centroid; GDD base 10C; heatwave = 3+ consecutive days >= 30.0C."
Bududa,2015,first,1087.395,10,0,0,2,,,NASA_POWER_daily,,,district,False,False,F,"NASA POWER daily T2M_MAX/T2M_MIN (MERRA-2, ~0.5 deg) at district centroid; GDD base 10C; heatwave = 3+ consecutive days >= 30.0C."
Bududa,2015,second,1026.38,0,0,0,0,,,NASA_POWER_daily,,,district,False,False,F,"NASA POWER daily T2M_MAX/T2M_MIN (MERRA-2, ~0.5 deg) at district centroid; GDD base 10C; heatwave = 3+ consecutive days >= 30.0C."
Bududa,2016,first,1099.3549999999998,0,0,0,0,,,NASA_POWER_daily,,,district,False,False,F,"NASA POWER daily T2M_MAX/T2M_MIN (MERRA-2, ~0.5 deg) at district centroid; GDD base 10C; heatwave = 3+ consecutive days >= 30.0C."
Bududa,2016,second,993.4650000000001,0,0,0,0,,,NASA_POWER_daily,,,district,False,False,F,"NASA POWER daily T2M_MAX/T2M_MIN (MERRA-2, ~0.5 deg) at district centroid; GDD base 10C; heatwave = 3+ consecutive days >= 30.0C."
Bududa,2017,first,1138.8449999999998,6,0,0,2,,,NASA_POWER_daily,,,district,False,False,F,"NASA POWER daily T2M_MAX/T2M_MIN (MERRA-2, ~0.5 deg) at district centroid; GDD base 10C; heatwave = 3+ consecutive days >= 30.0C."
Bududa,2017,second,971.0149999999999,0,0,0,0,,,NASA_POWER_daily,,,district,False,False,F,"NASA POWER daily T2M_MAX/T2M_MIN (MERRA-2, ~0.5 deg) at district centroid; GDD base 10C; heatwave = 3+ consecutive days >= 30.0C."
Bududa,2018,first,967.5200000000001,0,0,0,0,,,NASA_POWER_daily,,,district,False,False,F,"NASA POWER daily T2M_MAX/T2M_MIN (MERRA-2, ~0.5 deg) at district centroid; GDD base 10C; heatwave = 3+ consecutive days >= 30.0C."
Bududa,2018,second,963.5649999999999,0,0,0,0,,,NASA_POWER_daily,,,district,False,False,F,"NASA POWER daily T2M_MAX/T2M_MIN (MERRA-2, ~0.5 deg) at district centroid; GDD base 10C; heatwave = 3+ consecutive days >= 30.0C."
Bududa,2019,first,1151.41,6,0,0,1,,,NASA_POWER_daily,,,district,False,False,F,"NASA POWER daily T2M_MAX/T2M_MIN (MERRA-2, ~0.5 deg) at district centroid; GDD base 10C; heatwave = 3+ consecutive days >= 30.0C."
Bududa,2019,second,950.5200000000001,0,0,0,0,,,NASA_POWER_daily,,,district,False,False,F,"NASA POWER daily T2M_MAX/T2M_MIN (MERRA-2, ~0.5 deg) at district centroid; GDD base 10C; heatwave = 3+ consecutive days >= 30.0C."
Bududa,2020,first,987.8900000000001,0,0,0,0,,,NASA_POWER_daily,,,district,False,False,F,"NASA POWER daily T2M_MAX/T2M_MIN (MERRA-2, ~0.5 deg) at district centroid; GDD base 10C; heatwave = 3+ consecutive days >= 30.0C."
Bududa,2020,second,918.5899999999999,0,0,0,0,,,NASA_POWER_daily,,,district,False,False,F,"NASA POWER daily T2M_MAX/T2M_MIN (MERRA-2, ~0.5 deg) at district centroid; GDD base 10C; heatwave = 3+ consecutive days >= 30.0C."
Bududa,2021,first,1043.045,0,0,0,0,,,NASA_POWER_daily,,,district,False,False,F,"NASA POWER daily T2M_MAX/T2M_MIN (MERRA-2, ~0.5 deg) at district centroid; GDD base 10C; heatwave = 3+ consecutive days >= 30.0C."
Bududa,2021,second,1023.585,0,0,0,0,,,NASA_POWER_daily,,,district,False,False,F,"NASA POWER daily T2M_MAX/T2M_MIN (MERRA-2, ~0.5 deg) at district centroid; GDD base 10C; heatwave = 3+ consecutive days >= 30.0C."
Bududa,2022,first,1165.35,14,0,0,2,,,NASA_POWER_daily,,,district,False,False,F,"NASA POWER daily T2M_MAX/T2M_MIN (MERRA-2, ~0.5 deg) at district centroid; GDD base 10C; heatwave = 3+ consecutive days >= 30.0C."
Bududa,2022,second,962.33,0,0,0,0,,,NASA_POWER_daily,,,district,False,False,F,"NASA POWER daily T2M_MAX/T2M_MIN (MERRA-2, ~0.5 deg) at district centroid; GDD base 10C; heatwave = 3+ consecutive days >= 30.0C."
Bududa,2023,first,1080.52,4,0,0,1,,,NASA_POWER_daily,,,district,False,False,F,"NASA POWER daily T2M_MAX/T2M_MIN (MERRA-2, ~0.5 deg) at district centroid; GDD base 10C; heatwave = 3+ consecutive days >= 30.0C."
Bududa,2023,second,1039.5049999999999,0,0,0,0,,,NASA_POWER_daily,,,district,False,False,F,"NASA POWER daily T2M_MAX/T2M_MIN (MERRA-2, ~0.5 deg) at district centroid; GDD base 10C; heatwave = 3+ consecutive days >= 30.0C."
Bugiri,2015,first,1633.065,25,15,25,1,,,NASA_POWER_daily,,,district,False,False,F,"NASA POWER daily T2M_MAX/T2M_MIN (MERRA-2, ~0.5 deg) at district centroid; GDD base 10C; heatwave = 3+ consecutive days >= 30.0C."
Bugiri,2015,second,1592.54,3,0,22,0,,,NASA_POWER_daily,,,district,False,False,F,"NASA POWER daily T2M_MAX/T2M_MIN (MERRA-2, ~0.5 deg) at district centroid; GDD base 10C; heatwave = 3+ consecutive days >= 30.0C."
Bugiri,2016,first,1617.7899999999997,21,0,49,4,,,NASA_POWER_daily,,,district,False,False,F,"NASA POWER daily T2M_MAX/T2M_MIN (MERRA-2, ~0.5 deg) at district centroid; GDD base 10C; heatwave = 3+ consecutive days >= 30.0C."
Bugiri,2016,second,1596.45,0,0,8,0,,,NASA_POWER_daily,,,district,False,False,F,"NASA POWER daily T2M_MAX/T2M_MIN (MERRA-2, ~0.5 deg) at district centroid; GDD base 10C; heatwave = 3+ consecutive days >= 30.0C."
Bugiri,2017,first,1683.9449999999997,27,0,54,4,,,NASA_POWER_daily,,,district,False,False,F,"NASA POWER daily T2M_MAX/T2M_MIN (MERRA-2, ~0.5 deg) at district centroid; GDD base 10C; heatwave = 3+ consecutive days >= 30.0C."
Bugiri,2017,second,1562.81,0,0,12,0,,,NASA_POWER_daily,,,district,False,False,F,"NASA POWER daily T2M_MAX/T2M_MIN (MERRA-2, ~0.5 deg) at district centroid; GDD base 10C; heatwave = 3+ consecutive days >= 30.0C."
Bugiri,2018,first,1476.6,0,0,11,0,,,NASA_POWER_daily,,,district,False,False,F,"NASA POWER daily T2M_MAX/T2M_MIN (MERRA-2, ~0.5 deg) at district centroid; GDD base 10C; heatwave = 3+ consecutive days >= 30.0C."
Bugiri,2018,second,1550.5149999999999,0,0,16,0,,,NASA_POWER_daily,,,district,False,False,F,"NASA POWER daily T2M_MAX/T2M_MIN (MERRA-2, ~0.5 deg) at district centroid; GDD base 10C; heatwave = 3+ consecutive days >= 30.0C."
Bugiri,2019,first,1670.2050000000002,28,0,56,2,,,NASA_POWER_daily,,,district,False,False,F,"NASA POWER daily T2M_MAX/T2M_MIN (MERRA-2, ~0.5 deg) at district centroid; GDD base 10C; heatwave = 3+ consecutive days >= 30.0C."
Bugiri,2019,second,1509.9249999999997,0,0,7,0,,,NASA_POWER_daily,,,district,False,False,F,"NASA POWER daily T2M_MAX/T2M_MIN (MERRA-2, ~0.5 deg) at district centroid; GDD base 10C; heatwave = 3+ consecutive days >= 30.0C."
Bugiri,2020,first,1520.7050000000002,0,0,26,0,,,NASA_POWER_daily,,,district,False,False,F,"NASA POWER daily T2M_MAX/T2M_MIN (MERRA-2, ~0.5 deg) at district centroid; GDD base 10C; heatwave = 3+ consecutive days >= 30.0C."
Bugiri,2020,second,1503.7649999999999,0,0,2,0,,,NASA_POWER_daily,,,district,False,False,F,"NASA POWER daily T2M_MAX/T2M_MIN (MERRA-2, ~0.5 deg) at district centroid; GDD base 10C; heatwave = 3+ consecutive days >= 30.0C."
Bugiri,2021,first,1568.58,7,0,25,1,,,NASA_POWER_daily,,,district,False,False,F,"NASA POWER daily T2M_MAX/T2M_MIN (MERRA-2, ~0.5 deg) at district centroid; GDD base 10C; heatwave = 3+ consecutive days >= 30.0C."
Bugiri,2021,second,1610.9699999999998,0,0,20,0,,,NASA_POWER_daily,,,district,False,False,F,"NASA POWER daily T2M_MAX/T2M_MIN (MERRA-2, ~0.5 deg) at district centroid; GDD base 10C; heatwave = 3+ consecutive days >= 30.0C."
Bugiri,2022,first,1672.535,32,1,43,2,,,NASA_POWER_daily,,,district,False,False,F,"NASA POWER daily T2M_MAX/T2M_MIN (MERRA-2, ~0.5 deg) at district centroid; GDD base 10C; heatwave = 3+ consecutive days >= 30.0C."
Bugiri,2022,second,1559.67,0,0,7,0,,,NASA_POWER_daily,,,district,False,False,F,"NASA POWER daily T2M_MAX/T2M_MIN (MERRA-2, ~0.5 deg) at district centroid; GDD base 10C; heatwave = 3+ consecutive days >= 30.0C."
Bugiri,2023,first,1596.3400000000001,7,1,42,1,,,NASA_POWER_daily,,,district,False,False,F,"NASA POWER daily T2M_MAX/T2M_MIN (MERRA-2, ~0.5 deg) at district centroid; GDD base 10C; heatwave = 3+ consecutive days >= 30.0C."
Bugiri,2023,second,1628.3750000000002,0,0,36,0,,,NASA_POWER_daily,,,district,False,False,F,"NASA POWER daily T2M_MAX/T2M_MIN (MERRA-2, ~0.5 deg) at district centroid; GDD base 10C; heatwave = 3+ consecutive days >= 30.0C."
Buhweju,2015,first,1562.86,16,0,1,1,,,NASA_POWER_daily,,,district,False,False,F,"NASA POWER daily T2M_MAX/T2M_MIN (MERRA-2, ~0.5 deg) at district centroid; GDD base 10C; heatwave = 3+ consecutive days >= 30.0C."
Buhweju,2015,second,1582.93,34,0,0,4,,,NASA_POWER_daily,,,district,False,False,F,"NASA POWER daily T2M_MAX/T2M_MIN (MERRA-2, ~0.5 deg) at district centroid; GDD base 10C; heatwave = 3+ consecutive days >= 30.0C."
Buhweju,2016,first,1615.8349999999998,24,0,9,4,,,NASA_POWER_daily,,,district,False,False,F,"NASA POWER daily T2M_MAX/T2M_MIN (MERRA-2, ~0.5 deg) at district centroid; GDD base 10C; heatwave = 3+ consecutive days >= 30.0C."
Buhweju,2016,second,1600.245,33,0,0,4,,,NASA_POWER_daily,,,district,False,False,F,"NASA POWER daily T2M_MAX/T2M_MIN (MERRA-2, ~0.5 deg) at district centroid; GDD base 10C; heatwave = 3+ consecutive days >= 30.0C."
Buhweju,2017,first,1529.86,18,0,1,2,,,NASA_POWER_daily,,,district,False,False,F,"NASA POWER daily T2M_MAX/T2M_MIN (MERRA-2, ~0.5 deg) at district centroid; GDD base 10C; heatwave = 3+ consecutive days >= 30.0C."
Buhweju,2017,second,1550.0200000000002,16,0,0,1,,,NASA_POWER_daily,,,district,False,False,F,"NASA POWER daily T2M_MAX/T2M_MIN (MERRA-2, ~0.5 deg) at district centroid; GDD base 10C; heatwave = 3+ consecutive days >= 30.0C."
Buhweju,2018,first,1402.5949999999998,0,0,0,0,,,NASA_POWER_daily,,,district,False,False,F,"NASA POWER daily T2M_MAX/T2M_MIN (MERRA-2, ~0.5 deg) at district centroid; GDD base 10C; heatwave = 3+ consecutive days >= 30.0C."
Buhweju,2018,second,1509.2499999999995,7,0,0,1,,,NASA_POWER_daily,,,district,False,False,F,"NASA POWER daily T2M_MAX/T2M_MIN (MERRA-2, ~0.5 deg) at district centroid; GDD base 10C; heatwave = 3+ consecutive days >= 30.0C."
Buhweju,2019,first,1571.165,22,0,0,3,,,NASA_POWER_daily,,,district,False,False,F,"NASA POWER daily T2M_MAX/T2M_MIN (MERRA-2, ~0.5 deg) at district centroid; GDD base 10C; heatwave = 3+ consecutive days >= 30.0C."
Buhweju,2019,second,1488.1200000000001,2,0,0,0,,,NASA_POWER_daily,,,district,False,False,F,"NASA POWER daily T2M_MAX/T2M_MIN (MERRA-2, ~0.5 deg) at district centroid; GDD base 10C; heatwave = 3+ consecutive days >= 30.0C."
Buhweju,2020,first,1441.84,0,0,0,0,,,NASA_POWER_daily,,,district,False,False,F,"NASA POWER daily T2M_MAX/T2M_MIN (MERRA-2, ~0.5 deg) at district centroid; GDD base 10C; heatwave = 3+ consecutive days >= 30.0C."
Buhweju,2020,second,1448.42,0,0,0,0,,,NASA_POWER_daily,,,district,False,False,F,"NASA POWER daily T2M_MAX/T2M_MIN (MERRA-2, ~0.5 deg) at district centroid; GDD base 10C; heatwave = 3+ consecutive days >= 30.0C."
Buhweju,2021,first,1424.24,0,0,0,0,,,NASA_POWER_daily,,,district,False,False,F,"NASA POWER daily T2M_MAX/T2M_MIN (MERRA-2, ~0.5 deg) at district centroid; GDD base 10C; heatwave = 3+ consecutive days >= 30.0C."
Buhweju,2021,second,1496.215,3,0,0,1,,,NASA_POWER_daily,,,district,False,False,F,"NASA POWER daily T2M_MAX/T2M_MIN (MERRA-2, ~0.5 deg) at district centroid; GDD base 10C; heatwave = 3+ consecutive days >= 30.0C."
Buhweju,2022,first,1483.1699999999998,8,0,0,1,,,NASA_POWER_daily,,,district,False,False,F,"NASA POWER daily T2M_MAX/T2M_MIN (MERRA-2, ~0.5 deg) at district centroid; GDD base 10C; heatwave = 3+ consecutive days >= 30.0C."
Buhweju,2022,second,1423.01,1,0,0,0,,,NASA_POWER_daily,,,district,False,False,F,"NASA POWER daily T2M_MAX/T2M_MIN (MERRA-2, ~0.5 deg) at district centroid; GDD base 10C; heatwave = 3+ consecutive days >= 30.0C."
Buhweju,2023,first,1476.1849999999997,2,0,0,0,,,NASA_POWER_daily,,,district,False,False,F,"NASA POWER daily T2M_MAX/T2M_MIN (MERRA-2, ~0.5 deg) at district centroid; GDD base 10C; heatwave = 3+ consecutive days >= 30.0C."
Buhweju,2023,second,1595.72,31,0,0,3,,,NASA_POWER_daily,,,district,False,False,F,"NASA POWER daily T2M_MAX/T2M_MIN (MERRA-2, ~0.5 deg) at district centroid; GDD base 10C; heatwave = 3+ consecutive days >= 30.0C."
Buikwe,2015,first,1609.2400000000002,21,2,42,1,,,NASA_POWER_daily,,,district,False,False,F,"NASA POWER daily T2M_MAX/T2M_MIN (MERRA-2, ~0.5 deg) at district centroid; GDD base 10C; heatwave = 3+ consecutive days >= 30.0C."
Buikwe,2015,second,1595.975,5,0,36,1,,,NASA_POWER_daily,,,district,False,False,F,"NASA POWER daily T2M_MAX/T2M_MIN (MERRA-2, ~0.5 deg) at district centroid; GDD base 10C; heatwave = 3+ consecutive days >= 30.0C."
Buikwe,2016,first,1593.68,7,0,63,2,,,NASA_POWER_daily,,,district,False,False,F,"NASA POWER daily T2M_MAX/T2M_MIN (MERRA-2, ~0.5 deg) at district centroid; GDD base 10C; heatwave = 3+ consecutive days >= 30.0C."
Buikwe,2016,second,1561.655,0,0,14,0,,,NASA_POWER_daily,,,district,False,False,F,"NASA POWER daily T2M_MAX/T2M_MIN (MERRA-2, ~0.5 deg) at district centroid; GDD base 10C; heatwave = 3+ consecutive days >= 30.0C."
Buikwe,2017,first,1634.8549999999998,10,0,61,3,,,NASA_POWER_daily,,,district,False,False,F,"NASA POWER daily T2M_MAX/T2M_MIN (MERRA-2, ~0.5 deg) at district centroid; GDD base 10C; heatwave = 3+ consecutive days >= 30.0C."
Buikwe,2017,second,1584.6500000000003,4,0,18,1,,,NASA_POWER_daily,,,district,False,False,F,"NASA POWER daily T2M_MAX/T2M_MIN (MERRA-2, ~0.5 deg) at district centroid; GDD base 10C; heatwave = 3+ consecutive days >= 30.0C."
Buikwe,2018,first,1471.4300000000003,0,0,17,0,,,NASA_POWER_daily,,,district,False,False,F,"NASA POWER daily T2M_MAX/T2M_MIN (MERRA-2, ~0.5 deg) at district centroid; GDD base 10C; heatwave = 3+ consecutive days >= 30.0C."
Buikwe,2018,second,1559.815,0,0,25,0,,,NASA_POWER_daily,,,district,False,False,F,"NASA POWER daily T2M_MAX/T2M_MIN (MERRA-2, ~0.5 deg) at district centroid; GDD base 10C; heatwave = 3+ consecutive days >= 30.0C."
Buikwe,2019,first,1660.195,20,0,65,1,,,NASA_POWER_daily,,,district,False,False,F,"NASA POWER daily T2M_MAX/T2M_MIN (MERRA-2, ~0.5 deg) at district centroid; GDD base 10C; heatwave = 3+ consecutive days >= 30.0C."
Buikwe,2019,second,1509.995,0,0,11,0,,,NASA_POWER_daily,,,district,False,False,F,"NASA POWER daily T2M_MAX/T2M_MIN (MERRA-2, ~0.5 deg) at district centroid; GDD base 10C; heatwave = 3+ consecutive days >= 30.0C."
Buikwe,2020,first,1521.2800000000002,0,0,43,0,,,NASA_POWER_daily,,,district,False,False,F,"NASA POWER daily T2M_MAX/T2M_MIN (MERRA-2, ~0.5 deg) at district centroid; GDD base 10C; heatwave = 3+ consecutive days >= 30.0C."
Buikwe,2020,second,1499.74,0,0,4,0,,,NASA_POWER_daily,,,district,False,False,F,"NASA POWER daily T2M_MAX/T2M_MIN (MERRA-2, ~0.5 deg) at district centroid; GDD base 10C; heatwave = 3+ consecutive days >= 30.0C."
Buikwe,2021,first,1533.6949999999997,0,0,46,0,,,NASA_POWER_daily,,,district,False,False,F,"NASA POWER daily T2M_MAX/T2M_MIN (MERRA-2, ~0.5 deg) at district centroid; GDD base 10C; heatwave = 3+ consecutive days >= 30.0C."
Buikwe,2021,second,1608.8300000000002,1,0,32,0,,,NASA_POWER_daily,,,district,False,False,F,"NASA POWER daily T2M_MAX/T2M_MIN (MERRA-2, ~0.5 deg) at district centroid; GDD base 10C; heatwave = 3+ consecutive days >= 30.0C."
Buikwe,2022,first,1628.07,17,0,54,2,,,NASA_POWER_daily,,,district,False,False,F,"NASA POWER daily T2M_MAX/T2M_MIN (MERRA-2, ~0.5 deg) at district centroid; GDD base 10C; heatwave = 3+ consecutive days >= 30.0C."
Buikwe,2022,second,1567.8650000000002,0,0,21,0,,,NASA_POWER_daily,,,district,False,False,F,"NASA POWER daily T2M_MAX/T2M_MIN (MERRA-2, ~0.5 deg) at district centroid; GDD base 10C; heatwave = 3+ consecutive days >= 30.0C."
Buikwe,2023,first,1573.0900000000001,4,0,69,1,,,NASA_POWER_daily,,,district,False,False,F,"NASA POWER daily T2M_MAX/T2M_MIN (MERRA-2, ~0.5 deg) at district centroid; GDD base 10C; heatwave = 3+ consecutive days >= 30.0C."
Buikwe,2023,second,1619.25,0,0,53,0,,,NASA_POWER_daily,,,district,False,False,F,"NASA POWER daily T2M_MAX/T2M_MIN (MERRA-2, ~0.5 deg) at district centroid; GDD base 10C; heatwave = 3+ consecutive days >= 30.0C."
Bukedea,2015,first,1635.3999999999999,40,20,1,4,,,NASA_POWER_daily,,,district,False,False,F,"NASA POWER daily T2M_MAX/T2M_MIN (MERRA-2, ~0.5 deg) at district centroid; GDD base 10C; heatwave = 3+ consecutive days >= 30.0C."
Bukedea,2015,second,1605.0449999999998,40,0,0,8,,,NASA_POWER_daily,,,district,False,False,F,"NASA POWER daily T2M_MAX/T2M_MIN (MERRA-2, ~0.5 deg) at district centroid; GDD base 10C; heatwave = 3+ consecutive days >= 30.0C."
Bukedea,2016,first,1669.3899999999999,52,17,19,4,,,NASA_POWER_daily,,,district,False,False,F,"NASA POWER daily T2M_MAX/T2M_MIN (MERRA-2, ~0.5 deg) at district centroid; GDD base 10C; heatwave = 3+ consecutive days >= 30.0C."
Bukedea,2016,second,1537.42,33,0,0,5,,,NASA_POWER_daily,,,district,False,False,F,"NASA POWER daily T2M_MAX/T2M_MIN (MERRA-2, ~0.5 deg) at district centroid; GDD base 10C; heatwave = 3+ consecutive days >= 30.0C."
Bukedea,2017,first,1691.4399999999998,61,3,1,6,,,NASA_POWER_daily,,,district,False,False,F,"NASA POWER daily T2M_MAX/T2M_MIN (MERRA-2, ~0.5 deg) at district centroid; GDD base 10C; heatwave = 3+ consecutive days >= 30.0C."
Bukedea,2017,second,1478.44,11,0,0,1,,,NASA_POWER_daily,,,district,False,False,F,"NASA POWER daily T2M_MAX/T2M_MIN (MERRA-2, ~0.5 deg) at district centroid; GDD base 10C; heatwave = 3+ consecutive days >= 30.0C."
Bukedea,2018,first,1400.2150000000001,13,0,0,2,,,NASA_POWER_daily,,,district,False,False,F,"NASA POWER daily T2M_MAX/T2M_MIN (MERRA-2, ~0.5 deg) at district centroid; GDD base 10C; heatwave = 3+ consecutive days >= 30.0C."
Bukedea,2018,second,1499.9600000000003,20,0,0,2,,,NASA_POWER_daily,,,district,False,False,F,"NASA POWER daily T2M_MAX/T2M_MIN (MERRA-2, ~0.5 deg) at district centroid; GDD base 10C; heatwave = 3+ consecutive days >= 30.0C."
Bukedea,2019,first,1707.3999999999999,59,20,7,5,,,NASA_POWER_daily,,,district,False,False,F,"NASA POWER daily T2M_MAX/T2M_MIN (MERRA-2, ~0.5 deg) at district centroid; GDD base 10C; heatwave = 3+ consecutive days >= 30.0C."
Bukedea,2019,second,1402.125,0,0,0,0,,,NASA_POWER_daily,,,district,False,False,F,"NASA POWER daily T2M_MAX/T2M_MIN (MERRA-2, ~0.5 deg) at district centroid; GDD base 10C; heatwave = 3+ consecutive days >= 30.0C."
Bukedea,2020,first,1441.3149999999998,15,0,0,0,,,NASA_POWER_daily,,,district,False,False,F,"NASA POWER daily T2M_MAX/T2M_MIN (MERRA-2, ~0.5 deg) at district centroid; GDD base 10C; heatwave = 3+ consecutive days >= 30.0C."
Bukedea,2020,second,1328.7149999999997,0,0,0,0,,,NASA_POWER_daily,,,district,False,False,F,"NASA POWER daily T2M_MAX/T2M_MIN (MERRA-2, ~0.5 deg) at district centroid; GDD base 10C; heatwave = 3+ consecutive days >= 30.0C."
Bukedea,2021,first,1634.2799999999997,54,0,0,6,,,NASA_POWER_daily,,,district,False,False,F,"NASA POWER daily T2M_MAX/T2M_MIN (MERRA-2, ~0.5 deg) at district centroid; GDD base 10C; heatwave = 3+ consecutive days >= 30.0C."
Bukedea,2021,second,1613.505,48,0,0,7,,,NASA_POWER_daily,,,district,False,False,F,"NASA POWER daily T2M_MAX/T2M_MIN (MERRA-2, ~0.5 deg) at district centroid; GDD base 10C; heatwave = 3+ consecutive days >= 30.0C."
Bukedea,2022,first,1715.725,66,11,1,4,,,NASA_POWER_daily,,,district,False,False,F,"NASA POWER daily T2M_MAX/T2M_MIN (MERRA-2, ~0.5 deg) at district centroid; GDD base 10C; heatwave = 3+ consecutive days >= 30.0C."
Bukedea,2022,second,1459.1999999999998,10,0,0,2,,,NASA_POWER_daily,,,district,False,False,F,"NASA POWER daily T2M_MAX/T2M_MIN (MERRA-2, ~0.5 deg) at district centroid; GDD base 10C; heatwave = 3+ consecutive days >= 30.0C."
Bukedea,2023,first,1558.4849999999997,24,5,3,3,,,NASA_POWER_daily,,,district,False,False,F,"NASA POWER daily T2M_MAX/T2M_MIN (MERRA-2, ~0.5 deg) at district centroid; GDD base 10C; heatwave = 3+ consecutive days >= 30.0C."
Bukedea,2023,second,1577.92,24,0,0,4,,,NASA_POWER_daily,,,district,False,False,F,"NASA POWER daily T2M_MAX/T2M_MIN (MERRA-2, ~0.5 deg) at district centroid; GDD base 10C; heatwave = 3+ consecutive days >= 30.0C."
Bukomansimbi,2015,first,1464.1699999999998,10,0,9,2,,,NASA_POWER_daily,,,district,False,False,F,"NASA POWER daily T2M_MAX/T2M_MIN (MERRA-2, ~0.5 deg) at district centroid; GDD base 10C; heatwave = 3+ consecutive days >= 30.0C."
Bukomansimbi,2015,second,1465.7849999999999,0,0,8,0,,,NASA_POWER_daily,,,district,False,False,F,"NASA POWER daily T2M_MAX/T2M_MIN (MERRA-2, ~0.5 deg) at district centroid; GDD base 10C; heatwave = 3+ consecutive days >= 30.0C."
Bukomansimbi,2016,first,1491.795,5,0,13,1,,,NASA_POWER_daily,,,district,False,False,F,"NASA POWER daily T2M_MAX/T2M_MIN (MERRA-2, ~0.5 deg) at district centroid; GDD base 10C; heatwave = 3+ consecutive days >= 30.0C."
Bukomansimbi,2016,second,1480.635,0,0,0,0,,,NASA_POWER_daily,,,district,False,False,F,"NASA POWER daily T2M_MAX/T2M_MIN (MERRA-2, ~0.5 deg) at district centroid; GDD base 10C; heatwave = 3+ consecutive days >= 30.0C."
Bukomansimbi,2017,first,1460.845,2,0,5,0,,,NASA_POWER_daily,,,district,False,False,F,"NASA POWER daily T2M_MAX/T2M_MIN (MERRA-2, ~0.5 deg) at district centroid; GDD base 10C; heatwave = 3+ consecutive days >= 30.0C."
Bukomansimbi,2017,second,1448.6300000000003,0,0,0,0,,,NASA_POWER_daily,,,district,False,False,F,"NASA POWER daily T2M_MAX/T2M_MIN (MERRA-2, ~0.5 deg) at district centroid; GDD base 10C; heatwave = 3+ consecutive days >= 30.0C."
Bukomansimbi,2018,first,1363.54,0,0,1,0,,,NASA_POWER_daily,,,district,False,False,F,"NASA POWER daily T2M_MAX/T2M_MIN (MERRA-2, ~0.5 deg) at district centroid; GDD base 10C; heatwave = 3+ consecutive days >= 30.0C."
Bukomansimbi,2018,second,1449.8049999999998,0,0,2,0,,,NASA_POWER_daily,,,district,False,False,F,"NASA POWER daily T2M_MAX/T2M_MIN (MERRA-2, ~0.5 deg) at district centroid; GDD base 10C; heatwave = 3+ consecutive days >= 30.0C."
Bukomansimbi,2019,first,1520.43,10,0,17,2,,,NASA_POWER_daily,,,district,False,False,F,"NASA POWER daily T2M_MAX/T2M_MIN (MERRA-2, ~0.5 deg) at district centroid; GDD base 10C; heatwave = 3+ consecutive days >= 30.0C."
Bukomansimbi,2019,second,1402.33,0,0,1,0,,,NASA_POWER_daily,,,district,False,False,F,"NASA POWER daily T2M_MAX/T2M_MIN (MERRA-2, ~0.5 deg) at district centroid; GDD base 10C; heatwave = 3+ consecutive days >= 30.0C."
Bukomansimbi,2020,first,1386.065,0,0,1,0,,,NASA_POWER_daily,,,district,False,False,F,"NASA POWER daily T2M_MAX/T2M_MIN (MERRA-2, ~0.5 deg) at district centroid; GDD base 10C; heatwave = 3+ consecutive days >= 30.0C."
Bukomansimbi,2020,second,1385.38,0,0,0,0,,,NASA_POWER_daily,,,district,False,False,F,"NASA POWER daily T2M_MAX/T2M_MIN (MERRA-2, ~0.5 deg) at district centroid; GDD base 10C; heatwave = 3+ consecutive days >= 30.0C."
Bukomansimbi,2021,first,1378.8049999999998,0,0,2,0,,,NASA_POWER_daily,,,district,False,False,F,"NASA POWER daily T2M_MAX/T2M_MIN (MERRA-2, ~0.5 deg) at district centroid; GDD base 10C; heatwave = 3+ consecutive days >= 30.0C."
Bukomansimbi,2021,second,1466.26,0,0,2,0,,,NASA_POWER_daily,,,district,False,False,F,"NASA POWER daily T2M_MAX/T2M_MIN (MERRA-2, ~0.5 deg) at district centroid; GDD base 10C; heatwave = 3+ consecutive days >= 30.0C."
Bukomansimbi,2022,first,1436.325,1,0,4,0,,,NASA_POWER_daily,,,district,False,False,F,"NASA POWER daily T2M_MAX/T2M_MIN (MERRA-2, ~0.5 deg) at district centroid; GDD base 10C; heatwave = 3+ consecutive days >= 30.0C."
Bukomansimbi,2022,second,1389.9099999999999,0,0,0,0,,,NASA_POWER_daily,,,district,False,False,F,"NASA POWER daily T2M_MAX/T2M_MIN (MERRA-2, ~0.5 deg) at district centroid; GDD base 10C; heatwave = 3+ consecutive days >= 30.0C."
Bukomansimbi,2023,first,1436.3749999999998,1,0,0,0,,,NASA_POWER_daily,,,district,False,False,F,"NASA POWER daily T2M_MAX/T2M_MIN (MERRA-2, ~0.5 deg) at district centroid; GDD base 10C; heatwave = 3+ consecutive days >= 30.0C."
Bukomansimbi,2023,second,1502.495,1,0,16,0,,,NASA_POWER_daily,,,district,False,False,F,"NASA POWER daily T2M_MAX/T2M_MIN (MERRA-2, ~0.5 deg) at district centroid; GDD base 10C; heatwave = 3+ consecutive days >= 30.0C."
Bukwo,2015,first,1462.94,28,0,0,1,,,NASA_POWER_daily,,,district,False,False,F,"NASA POWER daily T2M_MAX/T2M_MIN (MERRA-2, ~0.5 deg) at district centroid; GDD base 10C; heatwave = 3+ consecutive days >= 30.0C."
Bukwo,2015,second,1472.455,22,0,0,4,,,NASA_POWER_daily,,,district,False,False,F,"NASA POWER daily T2M_MAX/T2M_MIN (MERRA-2, ~0.5 deg) at district centroid; GDD base 10C; heatwave = 3+ consecutive days >= 30.0C."
Bukwo,2016,first,1478.425,37,1,0,3,,,NASA_POWER_daily,,,district,False,False,F,"NASA POWER daily T2M_MAX/T2M_MIN (MERRA-2, ~0.5 deg) at district centroid; GDD base 10C; heatwave = 3+ consecutive days >= 30.0C."
Bukwo,2016,second,1354.075,1,0,0,0,,,NASA_POWER_daily,,,district,False,False,F,"NASA POWER daily T2M_MAX/T2M_MIN (MERRA-2, ~0.5 deg) at district centroid; GDD base 10C; heatwave = 3+ consecutive days >= 30.0C."
Bukwo,2017,first,1557.505,46,0,0,4,,,NASA_POWER_daily,,,district,False,False,F,"NASA POWER daily T2M_MAX/T2M_MIN (MERRA-2, ~0.5 deg) at district centroid; GDD base 10C; heatwave = 3+ consecutive days >= 30.0C."
Bukwo,2017,second,1276.77,0,0,0,0,,,NASA_POWER_daily,,,district,False,False,F,"NASA POWER daily T2M_MAX/T2M_MIN (MERRA-2, ~0.5 deg) at district centroid; GDD base 10C; heatwave = 3+ consecutive days >= 30.0C."
Bukwo,2018,first,1246.845,2,0,0,0,,,NASA_POWER_daily,,,district,False,False,F,"NASA POWER daily T2M_MAX/T2M_MIN (MERRA-2, ~0.5 deg) at district centroid; GDD base 10C; heatwave = 3+ consecutive days >= 30.0C."
Bukwo,2018,second,1350.5699999999997,0,0,0,0,,,NASA_POWER_daily,,,district,False,False,F,"NASA POWER daily T2M_MAX/T2M_MIN (MERRA-2, ~0.5 deg) at district centroid; GDD base 10C; heatwave = 3+ consecutive days >= 30.0C."
Bukwo,2019,first,1567.62,53,0,0,4,,,NASA_POWER_daily,,,district,False,False,F,"NASA POWER daily T2M_MAX/T2M_MIN (MERRA-2, ~0.5 deg) at district centroid; GDD base 10C; heatwave = 3+ consecutive days >= 30.0C."
Bukwo,2019,second,1274.495,0,0,0,0,,,NASA_POWER_daily,,,district,False,False,F,"NASA POWER daily T2M_MAX/T2M_MIN (MERRA-2, ~0.5 deg) at district centroid; GDD base 10C; heatwave = 3+ consecutive days >= 30.0C."
Bukwo,2020,first,1319.3799999999999,7,0,0,0,,,NASA_POWER_daily,,,district,False,False,F,"NASA POWER daily T2M_MAX/T2M_MIN (MERRA-2, ~0.5 deg) at district centroid; GDD base 10C; heatwave = 3+ consecutive days >= 30.0C."
Bukwo,2020,second,1202.85,0,0,0,0,,,NASA_POWER_daily,,,district,False,False,F,"NASA POWER daily T2M_MAX/T2M_MIN (MERRA-2, ~0.5 deg) at district centroid; GDD base 10C; heatwave = 3+ consecutive days >= 30.0C."
Bukwo,2021,first,1459.875,34,0,0,4,,,NASA_POWER_daily,,,district,False,False,F,"NASA POWER daily T2M_MAX/T2M_MIN (MERRA-2, ~0.5 deg) at district centroid; GDD base 10C; heatwave = 3+ consecutive days >= 30.0C."
Bukwo,2021,second,1422.865,10,0,0,2,,,NASA_POWER_daily,,,district,False,False,F,"NASA POWER daily T2M_MAX/T2M_MIN (MERRA-2, ~0.5 deg) at district centroid; GDD base 10C; heatwave = 3+ consecutive days >= 30.0C."
Bukwo,2022,first,1522.52,42,0,0,5,,,NASA_POWER_daily,,,district,False,False,F,"NASA POWER daily T2M_MAX/T2M_MIN (MERRA-2, ~0.5 deg) at district centroid; GDD base 10C; heatwave = 3+ consecutive days >= 30.0C."
Bukwo,2022,second,1264.93,0,0,0,0,,,NASA_POWER_daily,,,district,False,False,F,"NASA POWER daily T2M_MAX/T2M_MIN (MERRA-2, ~0.5 deg) at district centroid; GDD base 10C; heatwave = 3+ consecutive days >= 30.0C."
Bukwo,2023,first,1383.35,14,0,0,1,,,NASA_POWER_daily,,,district,False,False,F,"NASA POWER daily T2M_MAX/T2M_MIN (MERRA-2, ~0.5 deg) at district centroid; GDD base 10C; heatwave = 3+ consecutive days >= 30.0C."
Bukwo,2023,second,1405.0449999999998,4,0,0,0,,,NASA_POWER_daily,,,district,False,False,F,"NASA POWER daily T2M_MAX/T2M_MIN (MERRA-2, ~0.5 deg) at district centroid; GDD base 10C; heatwave = 3+ consecutive days >= 30.0C."
Bulambuli,2015,first,1635.3999999999999,40,20,1,4,,,NASA_POWER_daily,,,district,False,False,F,"NASA POWER daily T2M_MAX/T2M_MIN (MERRA-2, ~0.5 deg) at district centroid; GDD base 10C; heatwave = 3+ consecutive days >= 30.0C."
Bulambuli,2015,second,1605.0449999999998,40,0,0,8,,,NASA_POWER_daily,,,district,False,False,F,"NASA POWER daily T2M_MAX/T2M_MIN (MERRA-2, ~0.5 deg) at district centroid; GDD base 10C; heatwave = 3+ consecutive days >= 30.0C."
Bulambuli,2016,first,1669.3899999999999,52,17,19,4,,,NASA_POWER_daily,,,district,False,False,F,"NASA POWER daily T2M_MAX/T2M_MIN (MERRA-2, ~0.5 deg) at district centroid; GDD base 10C; heatwave = 3+ consecutive days >= 30.0C."
Bulambuli,2016,second,1537.42,33,0,0,5,,,NASA_POWER_daily,,,district,False,False,F,"NASA POWER daily T2M_MAX/T2M_MIN (MERRA-2, ~0.5 deg) at district centroid; GDD base 10C; heatwave = 3+ consecutive days >= 30.0C."
Bulambuli,2017,first,1691.4399999999998,61,3,1,6,,,NASA_POWER_daily,,,district,False,False,F,"NASA POWER daily T2M_MAX/T2M_MIN (MERRA-2, ~0.5 deg) at district centroid; GDD base 10C; heatwave = 3+ consecutive days >= 30.0C."
Bulambuli,2017,second,1478.44,11,0,0,1,,,NASA_POWER_daily,,,district,False,False,F,"NASA POWER daily T2M_MAX/T2M_MIN (MERRA-2, ~0.5 deg) at district centroid; GDD base 10C; heatwave = 3+ consecutive days >= 30.0C."
Bulambuli,2018,first,1400.2150000000001,13,0,0,2,,,NASA_POWER_daily,,,district,False,False,F,"NASA POWER daily T2M_MAX/T2M_MIN (MERRA-2, ~0.5 deg) at district centroid; GDD base 10C; heatwave = 3+ consecutive days >= 30.0C."
Bulambuli,2018,second,1499.9600000000003,20,0,0,2,,,NASA_POWER_daily,,,district,False,False,F,"NASA POWER daily T2M_MAX/T2M_MIN (MERRA-2, ~0.5 deg) at district centroid; GDD base 10C; heatwave = 3+ consecutive days >= 30.0C."
Bulambuli,2019,first,1707.3999999999999,59,20,7,5,,,NASA_POWER_daily,,,district,False,False,F,"NASA POWER daily T2M_MAX/T2M_MIN (MERRA-2, ~0.5 deg) at district centroid; GDD base 10C; heatwave = 3+ consecutive days >= 30.0C."
Bulambuli,2019,second,1402.125,0,0,0,0,,,NASA_POWER_daily,,,district,False,False,F,"NASA POWER daily T2M_MAX/T2M_MIN (MERRA-2, ~0.5 deg) at district centroid; GDD base 10C; heatwave = 3+ consecutive days >= 30.0C."
Bulambuli,2020,first,1441.3149999999998,15,0,0,0,,,NASA_POWER_daily,,,district,False,False,F,"NASA POWER daily T2M_MAX/T2M_MIN (MERRA-2, ~0.5 deg) at district centroid; GDD base 10C; heatwave = 3+ consecutive days >= 30.0C."
Bulambuli,2020,second,1328.7149999999997,0,0,0,0,,,NASA_POWER_daily,,,district,False,False,F,"NASA POWER daily T2M_MAX/T2M_MIN (MERRA-2, ~0.5 deg) at district centroid; GDD base 10C; heatwave = 3+ consecutive days >= 30.0C."
Bulambuli,2021,first,1634.2799999999997,54,0,0,6,,,NASA_POWER_daily,,,district,False,False,F,"NASA POWER daily T2M_MAX/T2M_MIN (MERRA-2, ~0.5 deg) at district centroid; GDD base 10C; heatwave = 3+ consecutive days >= 30.0C."
Bulambuli,2021,second,1613.505,48,0,0,7,,,NASA_POWER_daily,,,district,False,False,F,"NASA POWER daily T2M_MAX/T2M_MIN (MERRA-2, ~0.5 deg) at district centroid; GDD base 10C; heatwave = 3+ consecutive days >= 30.0C."
Bulambuli,2022,first,1715.725,66,11,1,4,,,NASA_POWER_daily,,,district,False,False,F,"NASA POWER daily T2M_MAX/T2M_MIN (MERRA-2, ~0.5 deg) at district centroid; GDD base 10C; heatwave = 3+ consecutive days >= 30.0C."
Bulambuli,2022,second,1459.1999999999998,10,0,0,2,,,NASA_POWER_daily,,,district,False,False,F,"NASA POWER daily T2M_MAX/T2M_MIN (MERRA-2, ~0.5 deg) at district centroid; GDD base 10C; heatwave = 3+ consecutive days >= 30.0C."
Bulambuli,2023,first,1558.4849999999997,24,5,3,3,,,NASA_POWER_daily,,,district,False,False,F,"NASA POWER daily T2M_MAX/T2M_MIN (MERRA-2, ~0.5 deg) at district centroid; GDD base 10C; heatwave = 3+ consecutive days >= 30.0C."
Bulambuli,2023,second,1577.92,24,0,0,4,,,NASA_POWER_daily,,,district,False,False,F,"NASA POWER daily T2M_MAX/T2M_MIN (MERRA-2, ~0.5 deg) at district centroid; GDD base 10C; heatwave = 3+ consecutive days >= 30.0C."
Buliisa,2015,first,1986.4099999999999,37,8,122,3,,,NASA_POWER_daily,,,district,False,False,F,"NASA POWER daily T2M_MAX/T2M_MIN (MERRA-2, ~0.5 deg) at district centroid; GDD base 10C; heatwave = 3+ consecutive days >= 30.0C."
Buliisa,2015,second,1907.965,41,0,122,5,,,NASA_POWER_daily,,,district,False,False,F,"NASA POWER daily T2M_MAX/T2M_MIN (MERRA-2, ~0.5 deg) at district centroid; GDD base 10C; heatwave = 3+ consecutive days >= 30.0C."
Buliisa,2016,first,2015.9550000000002,45,13,122,4,,,NASA_POWER_daily,,,district,False,False,F,"NASA POWER daily T2M_MAX/T2M_MIN (MERRA-2, ~0.5 deg) at district centroid; GDD base 10C; heatwave = 3+ consecutive days >= 30.0C."
Buliisa,2016,second,1885.8099999999997,27,0,122,2,,,NASA_POWER_daily,,,district,False,False,F,"NASA POWER daily T2M_MAX/T2M_MIN (MERRA-2, ~0.5 deg) at district centroid; GDD base 10C; heatwave = 3+ consecutive days >= 30.0C."
Buliisa,2017,first,1996.8949999999998,49,2,122,7,,,NASA_POWER_daily,,,district,False,False,F,"NASA POWER daily T2M_MAX/T2M_MIN (MERRA-2, ~0.5 deg) at district centroid; GDD base 10C; heatwave = 3+ consecutive days >= 30.0C."
Buliisa,2017,second,1831.44,12,0,121,2,,,NASA_POWER_daily,,,district,False,False,F,"NASA POWER daily T2M_MAX/T2M_MIN (MERRA-2, ~0.5 deg) at district centroid; GDD base 10C; heatwave = 3+ consecutive days >= 30.0C."
Buliisa,2018,first,1854.9499999999998,30,0,121,6,,,NASA_POWER_daily,,,district,False,False,F,"NASA POWER daily T2M_MAX/T2M_MIN (MERRA-2, ~0.5 deg) at district centroid; GDD base 10C; heatwave = 3+ consecutive days >= 30.0C."
Buliisa,2018,second,1905.095,36,0,122,3,,,NASA_POWER_daily,,,district,False,False,F,"NASA POWER daily T2M_MAX/T2M_MIN (MERRA-2, ~0.5 deg) at district centroid; GDD base 10C; heatwave = 3+ consecutive days >= 30.0C."
Buliisa,2019,first,2115.41,61,24,122,7,,,NASA_POWER_daily,,,district,False,False,F,"NASA POWER daily T2M_MAX/T2M_MIN (MERRA-2, ~0.5 deg) at district centroid; GDD base 10C; heatwave = 3+ consecutive days >= 30.0C."
Buliisa,2019,second,1799.7499999999998,6,0,122,1,,,NASA_POWER_daily,,,district,False,False,F,"NASA POWER daily T2M_MAX/T2M_MIN (MERRA-2, ~0.5 deg) at district centroid; GDD base 10C; heatwave = 3+ consecutive days >= 30.0C."
Buliisa,2020,first,1888.88,27,0,122,4,,,NASA_POWER_daily,,,district,False,False,F,"NASA POWER daily T2M_MAX/T2M_MIN (MERRA-2, ~0.5 deg) at district centroid; GDD base 10C; heatwave = 3+ consecutive days >= 30.0C."
Buliisa,2020,second,1824.4550000000002,7,0,121,0,,,NASA_POWER_daily,,,district,False,False,F,"NASA POWER daily T2M_MAX/T2M_MIN (MERRA-2, ~0.5 deg) at district centroid; GDD base 10C; heatwave = 3+ consecutive days >= 30.0C."
Buliisa,2021,first,2019.63,64,8,122,8,,,NASA_POWER_daily,,,district,False,False,F,"NASA POWER daily T2M_MAX/T2M_MIN (MERRA-2, ~0.5 deg) at district centroid; GDD base 10C; heatwave = 3+ consecutive days >= 30.0C."
Buliisa,2021,second,2010.6599999999999,67,0,122,11,,,NASA_POWER_daily,,,district,False,False,F,"NASA POWER daily T2M_MAX/T2M_MIN (MERRA-2, ~0.5 deg) at district centroid; GDD base 10C; heatwave = 3+ consecutive days >= 30.0C."
Buliisa,2022,first,2084.3999999999996,71,18,122,9,,,NASA_POWER_daily,,,district,False,False,F,"NASA POWER daily T2M_MAX/T2M_MIN (MERRA-2, ~0.5 deg) at district centroid; GDD base 10C; heatwave = 3+ consecutive days >= 30.0C."
Buliisa,2022,second,1832.365,7,0,122,1,,,NASA_POWER_daily,,,district,False,False,F,"NASA POWER daily T2M_MAX/T2M_MIN (MERRA-2, ~0.5 deg) at district centroid; GDD base 10C; heatwave = 3+ consecutive days >= 30.0C."
Buliisa,2023,first,1981.6850000000002,45,5,122,6,,,NASA_POWER_daily,,,district,False,False,F,"NASA POWER daily T2M_MAX/T2M_MIN (MERRA-2, ~0.5 deg) at district centroid; GDD base 10C; heatwave = 3+ consecutive days >= 30.0C."
Buliisa,2023,second,1959.67,36,0,122,4,,,NASA_POWER_daily,,,district,False,False,F,"NASA POWER daily T2M_MAX/T2M_MIN (MERRA-2, ~0.5 deg) at district centroid; GDD base 10C; heatwave = 3+ consecutive days >= 30.0C."
Bundibugyo,2015,first,1301.4249999999997,4,0,0,0,,,NASA_POWER_daily,,,district,False,False,F,"NASA POWER daily T2M_MAX/T2M_MIN (MERRA-2, ~0.5 deg) at district centroid; GDD base 10C; heatwave = 3+ consecutive days >= 30.0C."
Bundibugyo,2015,second,1298.8400000000001,0,0,0,0,,,NASA_POWER_daily,,,district,False,False,F,"NASA POWER daily T2M_MAX/T2M_MIN (MERRA-2, ~0.5 deg) at district centroid; GDD base 10C; heatwave = 3+ consecutive days >= 30.0C."
Bundibugyo,2016,first,1351.8700000000001,0,0,0,0,,,NASA_POWER_daily,,,district,False,False,F,"NASA POWER daily T2M_MAX/T2M_MIN (MERRA-2, ~0.5 deg) at district centroid; GDD base 10C; heatwave = 3+ consecutive days >= 30.0C."
Bundibugyo,2016,second,1270.4250000000002,0,0,0,0,,,NASA_POWER_daily,,,district,False,False,F,"NASA POWER daily T2M_MAX/T2M_MIN (MERRA-2, ~0.5 deg) at district centroid; GDD base 10C; heatwave = 3+ consecutive days >= 30.0C."
Bundibugyo,2017,first,1298.4650000000001,0,0,0,0,,,NASA_POWER_daily,,,district,False,False,F,"NASA POWER daily T2M_MAX/T2M_MIN (MERRA-2, ~0.5 deg) at district centroid; GDD base 10C; heatwave = 3+ consecutive days >= 30.0C."
Bundibugyo,2017,second,1258.68,0,0,0,0,,,NASA_POWER_daily,,,district,False,False,F,"NASA POWER daily T2M_MAX/T2M_MIN (MERRA-2, ~0.5 deg) at district centroid; GDD base 10C; heatwave = 3+ consecutive days >= 30.0C."
Bundibugyo,2018,first,1195.8850000000002,0,0,0,0,,,NASA_POWER_daily,,,district,False,False,F,"NASA POWER daily T2M_MAX/T2M_MIN (MERRA-2, ~0.5 deg) at district centroid; GDD base 10C; heatwave = 3+ consecutive days >= 30.0C."
Bundibugyo,2018,second,1246.2999999999997,0,0,0,0,,,NASA_POWER_daily,,,district,False,False,F,"NASA POWER daily T2M_MAX/T2M_MIN (MERRA-2, ~0.5 deg) at district centroid; GDD base 10C; heatwave = 3+ consecutive days >= 30.0C."
Bundibugyo,2019,first,1341.5699999999997,0,0,0,0,,,NASA_POWER_daily,,,district,False,False,F,"NASA POWER daily T2M_MAX/T2M_MIN (MERRA-2, ~0.5 deg) at district centroid; GDD base 10C; heatwave = 3+ consecutive days >= 30.0C."
Bundibugyo,2019,second,1228.785,0,0,0,0,,,NASA_POWER_daily,,,district,False,False,F,"NASA POWER daily T2M_MAX/T2M_MIN (MERRA-2, ~0.5 deg) at district centroid; GDD base 10C; heatwave = 3+ consecutive days >= 30.0C."
Bundibugyo,2020,first,1269.8149999999998,0,0,0,0,,,NASA_POWER_daily,,,district,False,False,F,"NASA POWER daily T2M_MAX/T2M_MIN (MERRA-2, ~0.5 deg) at district centroid; GDD base 10C; heatwave = 3+ consecutive days >= 30.0C."
Bundibugyo,2020,second,1222.875,0,0,0,0,,,NASA_POWER_daily,,,district,False,False,F,"NASA POWER daily T2M_MAX/T2M_MIN (MERRA-2, ~0.5 deg) at district centroid; GDD base 10C; heatwave = 3+ consecutive days >= 30.0C."
Bundibugyo,2021,first,1240.9199999999996,0,0,0,0,,,NASA_POWER_daily,,,district,False,False,F,"NASA POWER daily T2M_MAX/T2M_MIN (MERRA-2, ~0.5 deg) at district centroid; GDD base 10C; heatwave = 3+ consecutive days >= 30.0C."
Bundibugyo,2021,second,1288.4900000000002,0,0,0,0,,,NASA_POWER_daily,,,district,False,False,F,"NASA POWER daily T2M_MAX/T2M_MIN (MERRA-2, ~0.5 deg) at district centroid; GDD base 10C; heatwave = 3+ consecutive days >= 30.0C."
Bundibugyo,2022,first,1304.4599999999998,3,0,0,1,,,NASA_POWER_daily,,,district,False,False,F,"NASA POWER daily T2M_MAX/T2M_MIN (MERRA-2, ~0.5 deg) at district centroid; GDD base 10C; heatwave = 3+ consecutive days >= 30.0C."
Bundibugyo,2022,second,1225.8100000000004,0,0,0,0,,,NASA_POWER_daily,,,district,False,False,F,"NASA POWER daily T2M_MAX/T2M_MIN (MERRA-2, ~0.5 deg) at district centroid; GDD base 10C; heatwave = 3+ consecutive days >= 30.0C."
Bundibugyo,2023,first,1301.9199999999998,0,0,0,0,,,NASA_POWER_daily,,,district,False,False,F,"NASA POWER daily T2M_MAX/T2M_MIN (MERRA-2, ~0.5 deg) at district centroid; GDD base 10C; heatwave = 3+ consecutive days >= 30.0C."
Bundibugyo,2023,second,1381.4,3,0,0,1,,,NASA_POWER_daily,,,district,False,False,F,"NASA POWER daily T2M_MAX/T2M_MIN (MERRA-2, ~0.5 deg) at district centroid; GDD base 10C; heatwave = 3+ consecutive days >= 30.0C."
Bushenyi,2015,first,1562.86,16,0,1,1,,,NASA_POWER_daily,,,district,False,False,F,"NASA POWER daily T2M_MAX/T2M_MIN (MERRA-2, ~0.5 deg) at district centroid; GDD base 10C; heatwave = 3+ consecutive days >= 30.0C."
Bushenyi,2015,second,1582.93,34,0,0,4,,,NASA_POWER_daily,,,district,False,False,F,"NASA POWER daily T2M_MAX/T2M_MIN (MERRA-2, ~0.5 deg) at district centroid; GDD base 10C; heatwave = 3+ consecutive days >= 30.0C."
Bushenyi,2016,first,1615.8349999999998,24,0,9,4,,,NASA_POWER_daily,,,district,False,False,F,"NASA POWER daily T2M_MAX/T2M_MIN (MERRA-2, ~0.5 deg) at district centroid; GDD base 10C; heatwave = 3+ consecutive days >= 30.0C."
Bushenyi,2016,second,1600.245,33,0,0,4,,,NASA_POWER_daily,,,district,False,False,F,"NASA POWER daily T2M_MAX/T2M_MIN (MERRA-2, ~0.5 deg) at district centroid; GDD base 10C; heatwave = 3+ consecutive days >= 30.0C."
Bushenyi,2017,first,1529.86,18,0,1,2,,,NASA_POWER_daily,,,district,False,False,F,"NASA POWER daily T2M_MAX/T2M_MIN (MERRA-2, ~0.5 deg) at district centroid; GDD base 10C; heatwave = 3+ consecutive days >= 30.0C."
Bushenyi,2017,second,1550.0200000000002,16,0,0,1,,,NASA_POWER_daily,,,district,False,False,F,"NASA POWER daily T2M_MAX/T2M_MIN (MERRA-2, ~0.5 deg) at district centroid; GDD base 10C; heatwave = 3+ consecutive days >= 30.0C."
Bushenyi,2018,first,1402.5949999999998,0,0,0,0,,,NASA_POWER_daily,,,district,False,False,F,"NASA POWER daily T2M_MAX/T2M_MIN (MERRA-2, ~0.5 deg) at district centroid; GDD base 10C; heatwave = 3+ consecutive days >= 30.0C."
Bushenyi,2018,second,1509.2499999999995,7,0,0,1,,,NASA_POWER_daily,,,district,False,False,F,"NASA POWER daily T2M_MAX/T2M_MIN (MERRA-2, ~0.5 deg) at district centroid; GDD base 10C; heatwave = 3+ consecutive days >= 30.0C."
Bushenyi,2019,first,1571.165,22,0,0,3,,,NASA_POWER_daily,,,district,False,False,F,"NASA POWER daily T2M_MAX/T2M_MIN (MERRA-2, ~0.5 deg) at district centroid; GDD base 10C; heatwave = 3+ consecutive days >= 30.0C."
Bushenyi,2019,second,1488.1200000000001,2,0,0,0,,,NASA_POWER_daily,,,district,False,False,F,"NASA POWER daily T2M_MAX/T2M_MIN (MERRA-2, ~0.5 deg) at district centroid; GDD base 10C; heatwave = 3+ consecutive days >= 30.0C."
Bushenyi,2020,first,1441.84,0,0,0,0,,,NASA_POWER_daily,,,district,False,False,F,"NASA POWER daily T2M_MAX/T2M_MIN (MERRA-2, ~0.5 deg) at district centroid; GDD base 10C; heatwave = 3+ consecutive days >= 30.0C."
Bushenyi,2020,second,1448.42,0,0,0,0,,,NASA_POWER_daily,,,district,False,False,F,"NASA POWER daily T2M_MAX/T2M_MIN (MERRA-2, ~0.5 deg) at district centroid; GDD base 10C; heatwave = 3+ consecutive days >= 30.0C."
Bushenyi,2021,first,1424.24,0,0,0,0,,,NASA_POWER_daily,,,district,False,False,F,"NASA POWER daily T2M_MAX/T2M_MIN (MERRA-2, ~0.5 deg) at district centroid; GDD base 10C; heatwave = 3+ consecutive days >= 30.0C."
Bushenyi,2021,second,1496.215,3,0,0,1,,,NASA_POWER_daily,,,district,False,False,F,"NASA POWER daily T2M_MAX/T2M_MIN (MERRA-2, ~0.5 deg) at district centroid; GDD base 10C; heatwave = 3+ consecutive days >= 30.0C."
Bushenyi,2022,first,1483.1699999999998,8,0,0,1,,,NASA_POWER_daily,,,district,False,False,F,"NASA POWER daily T2M_MAX/T2M_MIN (MERRA-2, ~0.5 deg) at district centroid; GDD base 10C; heatwave = 3+ consecutive days >= 30.0C."
Bushenyi,2022,second,1423.01,1,0,0,0,,,NASA_POWER_daily,,,district,False,False,F,"NASA POWER daily T2M_MAX/T2M_MIN (MERRA-2, ~0.5 deg) at district centroid; GDD base 10C; heatwave = 3+ consecutive days >= 30.0C."
Bushenyi,2023,first,1476.1849999999997,2,0,0,0,,,NASA_POWER_daily,,,district,False,False,F,"NASA POWER daily T2M_MAX/T2M_MIN (MERRA-2, ~0.5 deg) at district centroid; GDD base 10C; heatwave = 3+ consecutive days >= 30.0C."
Bushenyi,2023,second,1595.72,31,0,0,3,,,NASA_POWER_daily,,,district,False,False,F,"NASA POWER daily T2M_MAX/T2M_MIN (MERRA-2, ~0.5 deg) at district centroid; GDD base 10C; heatwave = 3+ consecutive days >= 30.0C."
Busia,2015,first,1633.065,25,15,25,1,,,NASA_POWER_daily,,,district,False,False,F,"NASA POWER daily T2M_MAX/T2M_MIN (MERRA-2, ~0.5 deg) at district centroid; GDD base 10C; heatwave = 3+ consecutive days >= 30.0C."
Busia,2015,second,1592.54,3,0,22,0,,,NASA_POWER_daily,,,district,False,False,F,"NASA POWER daily T2M_MAX/T2M_MIN (MERRA-2, ~0.5 deg) at district centroid; GDD base 10C; heatwave = 3+ consecutive days >= 30.0C."
Busia,2016,first,1617.7899999999997,21,0,49,4,,,NASA_POWER_daily,,,district,False,False,F,"NASA POWER daily T2M_MAX/T2M_MIN (MERRA-2, ~0.5 deg) at district centroid; GDD base 10C; heatwave = 3+ consecutive days >= 30.0C."
Busia,2016,second,1596.45,0,0,8,0,,,NASA_POWER_daily,,,district,False,False,F,"NASA POWER daily T2M_MAX/T2M_MIN (MERRA-2, ~0.5 deg) at district centroid; GDD base 10C; heatwave = 3+ consecutive days >= 30.0C."
Busia,2017,first,1683.9449999999997,27,0,54,4,,,NASA_POWER_daily,,,district,False,False,F,"NASA POWER daily T2M_MAX/T2M_MIN (MERRA-2, ~0.5 deg) at district centroid; GDD base 10C; heatwave = 3+ consecutive days >= 30.0C."
Busia,2017,second,1562.81,0,0,12,0,,,NASA_POWER_daily,,,district,False,False,F,"NASA POWER daily T2M_MAX/T2M_MIN (MERRA-2, ~0.5 deg) at district centroid; GDD base 10C; heatwave = 3+ consecutive days >= 30.0C."
Busia,2018,first,1476.6,0,0,11,0,,,NASA_POWER_daily,,,district,False,False,F,"NASA POWER daily T2M_MAX/T2M_MIN (MERRA-2, ~0.5 deg) at district centroid; GDD base 10C; heatwave = 3+ consecutive days >= 30.0C."
Busia,2018,second,1550.5149999999999,0,0,16,0,,,NASA_POWER_daily,,,district,False,False,F,"NASA POWER daily T2M_MAX/T2M_MIN (MERRA-2, ~0.5 deg) at district centroid; GDD base 10C; heatwave = 3+ consecutive days >= 30.0C."
Busia,2019,first,1670.2050000000002,28,0,56,2,,,NASA_POWER_daily,,,district,False,False,F,"NASA POWER daily T2M_MAX/T2M_MIN (MERRA-2, ~0.5 deg) at district centroid; GDD base 10C; heatwave = 3+ consecutive days >= 30.0C."
Busia,2019,second,1509.9249999999997,0,0,7,0,,,NASA_POWER_daily,,,district,False,False,F,"NASA POWER daily T2M_MAX/T2M_MIN (MERRA-2, ~0.5 deg) at district centroid; GDD base 10C; heatwave = 3+ consecutive days >= 30.0C."
Busia,2020,first,1520.7050000000002,0,0,26,0,,,NASA_POWER_daily,,,district,False,False,F,"NASA POWER daily T2M_MAX/T2M_MIN (MERRA-2, ~0.5 deg) at district centroid; GDD base 10C; heatwave = 3+ consecutive days >= 30.0C."
Busia,2020,second,1503.7649999999999,0,0,2,0,,,NASA_POWER_daily,,,district,False,False,F,"NASA POWER daily T2M_MAX/T2M_MIN (MERRA-2, ~0.5 deg) at district centroid; GDD base 10C; heatwave = 3+ consecutive days >= 30.0C."
Busia,2021,first,1568.58,7,0,25,1,,,NASA_POWER_daily,,,district,False,False,F,"NASA POWER daily T2M_MAX/T2M_MIN (MERRA-2, ~0.5 deg) at district centroid; GDD base 10C; heatwave = 3+ consecutive days >= 30.0C."
Busia,2021,second,1610.9699999999998,0,0,20,0,,,NASA_POWER_daily,,,district,False,False,F,"NASA POWER daily T2M_MAX/T2M_MIN (MERRA-2, ~0.5 deg) at district centroid; GDD base 10C; heatwave = 3+ consecutive days >= 30.0C."
Busia,2022,first,1672.535,32,1,43,2,,,NASA_POWER_daily,,,district,False,False,F,"NASA POWER daily T2M_MAX/T2M_MIN (MERRA-2, ~0.5 deg) at district centroid; GDD base 10C; heatwave = 3+ consecutive days >= 30.0C."
Busia,2022,second,1559.67,0,0,7,0,,,NASA_POWER_daily,,,district,False,False,F,"NASA POWER daily T2M_MAX/T2M_MIN (MERRA-2, ~0.5 deg) at district centroid; GDD base 10C; heatwave = 3+ consecutive days >= 30.0C."
Busia,2023,first,1596.3400000000001,7,1,42,1,,,NASA_POWER_daily,,,district,False,False,F,"NASA POWER daily T2M_MAX/T2M_MIN (MERRA-2, ~0.5 deg) at district centroid; GDD base 10C; heatwave = 3+ consecutive days >= 30.0C."
Busia,2023,second,1628.3750000000002,0,0,36,0,,,NASA_POWER_daily,,,district,False,False,F,"NASA POWER daily T2M_MAX/T2M_MIN (MERRA-2, ~0.5 deg) at district centroid; GDD base 10C; heatwave = 3+ consecutive days >= 30.0C."
Butaleja,2015,first,1726.59,31,24,23,2,,,NASA_POWER_daily,,,district,False,False,F,"NASA POWER daily T2M_MAX/T2M_MIN (MERRA-2, ~0.5 deg) at district centroid; GDD base 10C; heatwave = 3+ consecutive days >= 30.0C."
Butaleja,2015,second,1672.265,17,0,18,2,,,NASA_POWER_daily,,,district,False,False,F,"NASA POWER daily T2M_MAX/T2M_MIN (MERRA-2, ~0.5 deg) at district centroid; GDD base 10C; heatwave = 3+ consecutive days >= 30.0C."
Butaleja,2016,first,1731.635,37,17,37,3,,,NASA_POWER_daily,,,district,False,False,F,"NASA POWER daily T2M_MAX/T2M_MIN (MERRA-2, ~0.5 deg) at district centroid; GDD base 10C; heatwave = 3+ consecutive days >= 30.0C."
Butaleja,2016,second,1698.5,36,0,16,6,,,NASA_POWER_daily,,,district,False,False,F,"NASA POWER daily T2M_MAX/T2M_MIN (MERRA-2, ~0.5 deg) at district centroid; GDD base 10C; heatwave = 3+ consecutive days >= 30.0C."
Butaleja,2017,first,1766.7950000000003,46,10,36,4,,,NASA_POWER_daily,,,district,False,False,F,"NASA POWER daily T2M_MAX/T2M_MIN (MERRA-2, ~0.5 deg) at district centroid; GDD base 10C; heatwave = 3+ consecutive days >= 30.0C."
Butaleja,2017,second,1618.4450000000002,11,0,5,1,,,NASA_POWER_daily,,,district,False,False,F,"NASA POWER daily T2M_MAX/T2M_MIN (MERRA-2, ~0.5 deg) at district centroid; GDD base 10C; heatwave = 3+ consecutive days >= 30.0C."
Butaleja,2018,first,1526.5749999999998,13,0,3,2,,,NASA_POWER_daily,,,district,False,False,F,"NASA POWER daily T2M_MAX/T2M_MIN (MERRA-2, ~0.5 deg) at district centroid; GDD base 10C; heatwave = 3+ consecutive days >= 30.0C."
Butaleja,2018,second,1604.915,16,0,8,1,,,NASA_POWER_daily,,,district,False,False,F,"NASA POWER daily T2M_MAX/T2M_MIN (MERRA-2, ~0.5 deg) at district centroid; GDD base 10C; heatwave = 3+ consecutive days >= 30.0C."
Butaleja,2019,first,1762.6699999999998,52,14,36,4,,,NASA_POWER_daily,,,district,False,False,F,"NASA POWER daily T2M_MAX/T2M_MIN (MERRA-2, ~0.5 deg) at district centroid; GDD base 10C; heatwave = 3+ consecutive days >= 30.0C."
Butaleja,2019,second,1549.76,0,0,2,0,,,NASA_POWER_daily,,,district,False,False,F,"NASA POWER daily T2M_MAX/T2M_MIN (MERRA-2, ~0.5 deg) at district centroid; GDD base 10C; heatwave = 3+ consecutive days >= 30.0C."
Butaleja,2020,first,1562.37,10,0,14,1,,,NASA_POWER_daily,,,district,False,False,F,"NASA POWER daily T2M_MAX/T2M_MIN (MERRA-2, ~0.5 deg) at district centroid; GDD base 10C; heatwave = 3+ consecutive days >= 30.0C."
Butaleja,2020,second,1527.4599999999998,0,0,1,0,,,NASA_POWER_daily,,,district,False,False,F,"NASA POWER daily T2M_MAX/T2M_MIN (MERRA-2, ~0.5 deg) at district centroid; GDD base 10C; heatwave = 3+ consecutive days >= 30.0C."
Butaleja,2021,first,1635.915,29,0,7,2,,,NASA_POWER_daily,,,district,False,False,F,"NASA POWER daily T2M_MAX/T2M_MIN (MERRA-2, ~0.5 deg) at district centroid; GDD base 10C; heatwave = 3+ consecutive days >= 30.0C."
Butaleja,2021,second,1699.995,35,0,14,6,,,NASA_POWER_daily,,,district,False,False,F,"NASA POWER daily T2M_MAX/T2M_MIN (MERRA-2, ~0.5 deg) at district centroid; GDD base 10C; heatwave = 3+ consecutive days >= 30.0C."
Butaleja,2022,first,1805.19,52,22,36,4,,,NASA_POWER_daily,,,district,False,False,F,"NASA POWER daily T2M_MAX/T2M_MIN (MERRA-2, ~0.5 deg) at district centroid; GDD base 10C; heatwave = 3+ consecutive days >= 30.0C."
Butaleja,2022,second,1626.085,6,0,5,0,,,NASA_POWER_daily,,,district,False,False,F,"NASA POWER daily T2M_MAX/T2M_MIN (MERRA-2, ~0.5 deg) at district centroid; GDD base 10C; heatwave = 3+ consecutive days >= 30.0C."
Butaleja,2023,first,1666.765,27,5,17,3,,,NASA_POWER_daily,,,district,False,False,F,"NASA POWER daily T2M_MAX/T2M_MIN (MERRA-2, ~0.5 deg) at district centroid; GDD base 10C; heatwave = 3+ consecutive days >= 30.0C."
Butaleja,2023,second,1662.97,6,0,19,0,,,NASA_POWER_daily,,,district,False,False,F,"NASA POWER daily T2M_MAX/T2M_MIN (MERRA-2, ~0.5 deg) at district centroid; GDD base 10C; heatwave = 3+ consecutive days >= 30.0C."
Butambala,2015,first,1464.1699999999998,10,0,9,2,,,NASA_POWER_daily,,,district,False,False,F,"NASA POWER daily T2M_MAX/T2M_MIN (MERRA-2, ~0.5 deg) at district centroid; GDD base 10C; heatwave = 3+ consecutive days >= 30.0C."
Butambala,2015,second,1465.7849999999999,0,0,8,0,,,NASA_POWER_daily,,,district,False,False,F,"NASA POWER daily T2M_MAX/T2M_MIN (MERRA-2, ~0.5 deg) at district centroid; GDD base 10C; heatwave = 3+ consecutive days >= 30.0C."
Butambala,2016,first,1491.795,5,0,13,1,,,NASA_POWER_daily,,,district,False,False,F,"NASA POWER daily T2M_MAX/T2M_MIN (MERRA-2, ~0.5 deg) at district centroid; GDD base 10C; heatwave = 3+ consecutive days >= 30.0C."
Butambala,2016,second,1480.635,0,0,0,0,,,NASA_POWER_daily,,,district,False,False,F,"NASA POWER daily T2M_MAX/T2M_MIN (MERRA-2, ~0.5 deg) at district centroid; GDD base 10C; heatwave = 3+ consecutive days >= 30.0C."
Butambala,2017,first,1460.845,2,0,5,0,,,NASA_POWER_daily,,,district,False,False,F,"NASA POWER daily T2M_MAX/T2M_MIN (MERRA-2, ~0.5 deg) at district centroid; GDD base 10C; heatwave = 3+ consecutive days >= 30.0C."
Butambala,2017,second,1448.6300000000003,0,0,0,0,,,NASA_POWER_daily,,,district,False,False,F,"NASA POWER daily T2M_MAX/T2M_MIN (MERRA-2, ~0.5 deg) at district centroid; GDD base 10C; heatwave = 3+ consecutive days >= 30.0C."
Butambala,2018,first,1363.54,0,0,1,0,,,NASA_POWER_daily,,,district,False,False,F,"NASA POWER daily T2M_MAX/T2M_MIN (MERRA-2, ~0.5 deg) at district centroid; GDD base 10C; heatwave = 3+ consecutive days >= 30.0C."
Butambala,2018,second,1449.8049999999998,0,0,2,0,,,NASA_POWER_daily,,,district,False,False,F,"NASA POWER daily T2M_MAX/T2M_MIN (MERRA-2, ~0.5 deg) at district centroid; GDD base 10C; heatwave = 3+ consecutive days >= 30.0C."
Butambala,2019,first,1520.43,10,0,17,2,,,NASA_POWER_daily,,,district,False,False,F,"NASA POWER daily T2M_MAX/T2M_MIN (MERRA-2, ~0.5 deg) at district centroid; GDD base 10C; heatwave = 3+ consecutive days >= 30.0C."
Butambala,2019,second,1402.33,0,0,1,0,,,NASA_POWER_daily,,,district,False,False,F,"NASA POWER daily T2M_MAX/T2M_MIN (MERRA-2, ~0.5 deg) at district centroid; GDD base 10C; heatwave = 3+ consecutive days >= 30.0C."
Butambala,2020,first,1386.065,0,0,1,0,,,NASA_POWER_daily,,,district,False,False,F,"NASA POWER daily T2M_MAX/T2M_MIN (MERRA-2, ~0.5 deg) at district centroid; GDD base 10C; heatwave = 3+ consecutive days >= 30.0C."
Butambala,2020,second,1385.38,0,0,0,0,,,NASA_POWER_daily,,,district,False,False,F,"NASA POWER daily T2M_MAX/T2M_MIN (MERRA-2, ~0.5 deg) at district centroid; GDD base 10C; heatwave = 3+ consecutive days >= 30.0C."
Butambala,2021,first,1378.8049999999998,0,0,2,0,,,NASA_POWER_daily,,,district,False,False,F,"NASA POWER daily T2M_MAX/T2M_MIN (MERRA-2, ~0.5 deg) at district centroid; GDD base 10C; heatwave = 3+ consecutive days >= 30.0C."
Butambala,2021,second,1466.26,0,0,2,0,,,NASA_POWER_daily,,,district,False,False,F,"NASA POWER daily T2M_MAX/T2M_MIN (MERRA-2, ~0.5 deg) at district centroid; GDD base 10C; heatwave = 3+ consecutive days >= 30.0C."
Butambala,2022,first,1436.325,1,0,4,0,,,NASA_POWER_daily,,,district,False,False,F,"NASA POWER daily T2M_MAX/T2M_MIN (MERRA-2, ~0.5 deg) at district centroid; GDD base 10C; heatwave = 3+ consecutive days >= 30.0C."
Butambala,2022,second,1389.9099999999999,0,0,0,0,,,NASA_POWER_daily,,,district,False,False,F,"NASA POWER daily T2M_MAX/T2M_MIN (MERRA-2, ~0.5 deg) at district centroid; GDD base 10C; heatwave = 3+ consecutive days >= 30.0C."
Butambala,2023,first,1436.3749999999998,1,0,0,0,,,NASA_POWER_daily,,,district,False,False,F,"NASA POWER daily T2M_MAX/T2M_MIN (MERRA-2, ~0.5 deg) at district centroid; GDD base 10C; heatwave = 3+ consecutive days >= 30.0C."
Butambala,2023,second,1502.495,1,0,16,0,,,NASA_POWER_daily,,,district,False,False,F,"NASA POWER daily T2M_MAX/T2M_MIN (MERRA-2, ~0.5 deg) at district centroid; GDD base 10C; heatwave = 3+ consecutive days >= 30.0C."
Buvuma,2015,first,1679.2450000000001,0,0,122,0,,,NASA_POWER_daily,,,district,False,False,F,"NASA POWER daily T2M_MAX/T2M_MIN (MERRA-2, ~0.5 deg) at district centroid; GDD base 10C; heatwave = 3+ consecutive days >= 30.0C."
Buvuma,2015,second,1675.75,0,0,120,0,,,NASA_POWER_daily,,,district,False,False,F,"NASA POWER daily T2M_MAX/T2M_MIN (MERRA-2, ~0.5 deg) at district centroid; GDD base 10C; heatwave = 3+ consecutive days >= 30.0C."
Buvuma,2016,first,1719.985,0,0,122,0,,,NASA_POWER_daily,,,district,False,False,F,"NASA POWER daily T2M_MAX/T2M_MIN (MERRA-2, ~0.5 deg) at district centroid; GDD base 10C; heatwave = 3+ consecutive days >= 30.0C."
Buvuma,2016,second,1705.16,0,0,122,0,,,NASA_POWER_daily,,,district,False,False,F,"NASA POWER daily T2M_MAX/T2M_MIN (MERRA-2, ~0.5 deg) at district centroid; GDD base 10C; heatwave = 3+ consecutive days >= 30.0C."
Buvuma,2017,first,1693.93,0,0,122,0,,,NASA_POWER_daily,,,district,False,False,F,"NASA POWER daily T2M_MAX/T2M_MIN (MERRA-2, ~0.5 deg) at district centroid; GDD base 10C; heatwave = 3+ consecutive days >= 30.0C."
Buvuma,2017,second,1680.165,0,0,121,0,,,NASA_POWER_daily,,,district,False,False,F,"NASA POWER daily T2M_MAX/T2M_MIN (MERRA-2, ~0.5 deg) at district centroid; GDD base 10C; heatwave = 3+ consecutive days >= 30.0C."
Buvuma,2018,first,1541.155,0,0,122,0,,,NASA_POWER_daily,,,district,False,False,F,"NASA POWER daily T2M_MAX/T2M_MIN (MERRA-2, ~0.5 deg) at district centroid; GDD base 10C; heatwave = 3+ consecutive days >= 30.0C."
Buvuma,2018,second,1667.415,0,0,120,0,,,NASA_POWER_daily,,,district,False,False,F,"NASA POWER daily T2M_MAX/T2M_MIN (MERRA-2, ~0.5 deg) at district centroid; GDD base 10C; heatwave = 3+ consecutive days >= 30.0C."
Buvuma,2019,first,1716.425,0,0,122,0,,,NASA_POWER_daily,,,district,False,False,F,"NASA POWER daily T2M_MAX/T2M_MIN (MERRA-2, ~0.5 deg) at district centroid; GDD base 10C; heatwave = 3+ consecutive days >= 30.0C."
Buvuma,2019,second,1609.595,0,0,120,0,,,NASA_POWER_daily,,,district,False,False,F,"NASA POWER daily T2M_MAX/T2M_MIN (MERRA-2, ~0.5 deg) at district centroid; GDD base 10C; heatwave = 3+ consecutive days >= 30.0C."
Buvuma,2020,first,1605.145,0,0,122,0,,,NASA_POWER_daily,,,district,False,False,F,"NASA POWER daily T2M_MAX/T2M_MIN (MERRA-2, ~0.5 deg) at district centroid; GDD base 10C; heatwave = 3+ consecutive days >= 30.0C."
Buvuma,2020,second,1621.9850000000001,0,0,122,0,,,NASA_POWER_daily,,,district,False,False,F,"NASA POWER daily T2M_MAX/T2M_MIN (MERRA-2, ~0.5 deg) at district centroid; GDD base 10C; heatwave = 3+ consecutive days >= 30.0C."
Buvuma,2021,first,1616.1900000000003,0,0,122,0,,,NASA_POWER_daily,,,district,False,False,F,"NASA POWER daily T2M_MAX/T2M_MIN (MERRA-2, ~0.5 deg) at district centroid; GDD base 10C; heatwave = 3+ consecutive days >= 30.0C."
Buvuma,2021,second,1686.1399999999999,0,0,122,0,,,NASA_POWER_daily,,,district,False,False,F,"NASA POWER daily T2M_MAX/T2M_MIN (MERRA-2, ~0.5 deg) at district centroid; GDD base 10C; heatwave = 3+ consecutive days >= 30.0C."
Buvuma,2022,first,1664.0199999999998,0,0,122,0,,,NASA_POWER_daily,,,district,False,False,F,"NASA POWER daily T2M_MAX/T2M_MIN (MERRA-2, ~0.5 deg) at district centroid; GDD base 10C; heatwave = 3+ consecutive days >= 30.0C."
Buvuma,2022,second,1636.235,0,0,122,0,,,NASA_POWER_daily,,,district,False,False,F,"NASA POWER daily T2M_MAX/T2M_MIN (MERRA-2, ~0.5 deg) at district centroid; GDD base 10C; heatwave = 3+ consecutive days >= 30.0C."
Buvuma,2023,first,1650.2250000000001,0,0,119,0,,,NASA_POWER_daily,,,district,False,False,F,"NASA POWER daily T2M_MAX/T2M_MIN (MERRA-2, ~0.5 deg) at district centroid; GDD base 10C; heatwave = 3+ consecutive days >= 30.0C."
Buvuma,2023,second,1718.01,0,0,122,0,,,NASA_POWER_daily,,,district,False,False,F,"NASA POWER daily T2M_MAX/T2M_MIN (MERRA-2, ~0.5 deg) at district centroid; GDD base 10C; heatwave = 3+ consecutive days >= 30.0C."
Buyende,2015,first,1681.9750000000001,26,19,18,1,,,NASA_POWER_daily,,,district,False,False,F,"NASA POWER daily T2M_MAX/T2M_MIN (MERRA-2, ~0.5 deg) at district centroid; GDD base 10C; heatwave = 3+ consecutive days >= 30.0C."
Buyende,2015,second,1697.0649999999998,42,0,36,5,,,NASA_POWER_daily,,,district,False,False,F,"NASA POWER daily T2M_MAX/T2M_MIN (MERRA-2, ~0.5 deg) at district centroid; GDD base 10C; heatwave = 3+ consecutive days >= 30.0C."
Buyende,2016,first,1709.955,35,9,32,2,,,NASA_POWER_daily,,,district,False,False,F,"NASA POWER daily T2M_MAX/T2M_MIN (MERRA-2, ~0.5 deg) at district centroid; GDD base 10C; heatwave = 3+ consecutive days >= 30.0C."
Buyende,2016,second,1784.525,61,0,31,9,,,NASA_POWER_daily,,,district,False,False,F,"NASA POWER daily T2M_MAX/T2M_MIN (MERRA-2, ~0.5 deg) at district centroid; GDD base 10C; heatwave = 3+ consecutive days >= 30.0C."
Buyende,2017,first,1752.8899999999999,41,8,28,5,,,NASA_POWER_daily,,,district,False,False,F,"NASA POWER daily T2M_MAX/T2M_MIN (MERRA-2, ~0.5 deg) at district centroid; GDD base 10C; heatwave = 3+ consecutive days >= 30.0C."
Buyende,2017,second,1695.6699999999998,35,0,13,3,,,NASA_POWER_daily,,,district,False,False,F,"NASA POWER daily T2M_MAX/T2M_MIN (MERRA-2, ~0.5 deg) at district centroid; GDD base 10C; heatwave = 3+ consecutive days >= 30.0C."
Buyende,2018,first,1550.085,12,0,5,3,,,NASA_POWER_daily,,,district,False,False,F,"NASA POWER daily T2M_MAX/T2M_MIN (MERRA-2, ~0.5 deg) at district centroid; GDD base 10C; heatwave = 3+ consecutive days >= 30.0C."
Buyende,2018,second,1680.035,36,0,12,4,,,NASA_POWER_daily,,,district,False,False,F,"NASA POWER daily T2M_MAX/T2M_MIN (MERRA-2, ~0.5 deg) at district centroid; GDD base 10C; heatwave = 3+ consecutive days >= 30.0C."
Buyende,2019,first,1793.2050000000002,47,18,48,3,,,NASA_POWER_daily,,,district,False,False,F,"NASA POWER daily T2M_MAX/T2M_MIN (MERRA-2, ~0.5 deg) at district centroid; GDD base 10C; heatwave = 3+ consecutive days >= 30.0C."
Buyende,2019,second,1572.9950000000001,4,0,6,0,,,NASA_POWER_daily,,,district,False,False,F,"NASA POWER daily T2M_MAX/T2M_MIN (MERRA-2, ~0.5 deg) at district centroid; GDD base 10C; heatwave = 3+ consecutive days >= 30.0C."
Buyende,2020,first,1552.0649999999998,2,0,14,0,,,NASA_POWER_daily,,,district,False,False,F,"NASA POWER daily T2M_MAX/T2M_MIN (MERRA-2, ~0.5 deg) at district centroid; GDD base 10C; heatwave = 3+ consecutive days >= 30.0C."
Buyende,2020,second,1542.4850000000001,0,0,2,0,,,NASA_POWER_daily,,,district,False,False,F,"NASA POWER daily T2M_MAX/T2M_MIN (MERRA-2, ~0.5 deg) at district centroid; GDD base 10C; heatwave = 3+ consecutive days >= 30.0C."
Buyende,2021,first,1676.045,29,0,11,2,,,NASA_POWER_daily,,,district,False,False,F,"NASA POWER daily T2M_MAX/T2M_MIN (MERRA-2, ~0.5 deg) at district centroid; GDD base 10C; heatwave = 3+ consecutive days >= 30.0C."
Buyende,2021,second,1791.9199999999998,68,0,26,8,,,NASA_POWER_daily,,,district,False,False,F,"NASA POWER daily T2M_MAX/T2M_MIN (MERRA-2, ~0.5 deg) at district centroid; GDD base 10C; heatwave = 3+ consecutive days >= 30.0C."
Buyende,2022,first,1818.4950000000001,60,18,36,4,,,NASA_POWER_daily,,,district,False,False,F,"NASA POWER daily T2M_MAX/T2M_MIN (MERRA-2, ~0.5 deg) at district centroid; GDD base 10C; heatwave = 3+ consecutive days >= 30.0C."
Buyende,2022,second,1690.51,35,0,14,4,,,NASA_POWER_daily,,,district,False,False,F,"NASA POWER daily T2M_MAX/T2M_MIN (MERRA-2, ~0.5 deg) at district centroid; GDD base 10C; heatwave = 3+ consecutive days >= 30.0C."
Buyende,2023,first,1650.445,14,5,20,1,,,NASA_POWER_daily,,,district,False,False,F,"NASA POWER daily T2M_MAX/T2M_MIN (MERRA-2, ~0.5 deg) at district centroid; GDD base 10C; heatwave = 3+ consecutive days >= 30.0C."
Buyende,2023,second,1698.5850000000003,27,0,36,3,,,NASA_POWER_daily,,,district,False,False,F,"NASA POWER daily T2M_MAX/T2M_MIN (MERRA-2, ~0.5 deg) at district centroid; GDD base 10C; heatwave = 3+ consecutive days >= 30.0C."
Dokolo,2015,first,1828.28,40,24,62,3,,,NASA_POWER_daily,,,district,False,False,F,"NASA POWER daily T2M_MAX/T2M_MIN (MERRA-2, ~0.5 deg) at district centroid; GDD base 10C; heatwave = 3+ consecutive days >= 30.0C."
Dokolo,2015,second,1842.91,60,1,58,7,,,NASA_POWER_daily,,,district,False,False,F,"NASA POWER daily T2M_MAX/T2M_MIN (MERRA-2, ~0.5 deg) at district centroid; GDD base 10C; heatwave = 3+ consecutive days >= 30.0C."
Dokolo,2016,first,1914.185,59,21,86,4,,,NASA_POWER_daily,,,district,False,False,F,"NASA POWER daily T2M_MAX/T2M_MIN (MERRA-2, ~0.5 deg) at district centroid; GDD base 10C; heatwave = 3+ consecutive days >= 30.0C."
Dokolo,2016,second,1846.2250000000001,75,0,50,10,,,NASA_POWER_daily,,,district,False,False,F,"NASA POWER daily T2M_MAX/T2M_MIN (MERRA-2, ~0.5 deg) at district centroid; GDD base 10C; heatwave = 3+ consecutive days >= 30.0C."
Dokolo,2017,first,1911.585,64,18,89,7,,,NASA_POWER_daily,,,district,False,False,F,"NASA POWER daily T2M_MAX/T2M_MIN (MERRA-2, ~0.5 deg) at district centroid; GDD base 10C; heatwave = 3+ consecutive days >= 30.0C."
Dokolo,2017,second,1743.995,50,0,19,4,,,NASA_POWER_daily,,,district,False,False,F,"NASA POWER daily T2M_MAX/T2M_MIN (MERRA-2, ~0.5 deg) at district centroid; GDD base 10C; heatwave = 3+ consecutive days >= 30.0C."
Dokolo,2018,first,1704.5800000000002,22,1,42,2,,,NASA_POWER_daily,,,district,False,False,F,"NASA POWER daily T2M_MAX/T2M_MIN (MERRA-2, ~0.5 deg) at district centroid; GDD base 10C; heatwave = 3+ consecutive days >= 30.0C."
Dokolo,2018,second,1887.4,81,2,68,12,,,NASA_POWER_daily,,,district,False,False,F,"NASA POWER daily T2M_MAX/T2M_MIN (MERRA-2, ~0.5 deg) at district centroid; GDD base 10C; heatwave = 3+ consecutive days >= 30.0C."
Dokolo,2019,first,1934.72,61,33,81,4,,,NASA_POWER_daily,,,district,False,False,F,"NASA POWER daily T2M_MAX/T2M_MIN (MERRA-2, ~0.5 deg) at district centroid; GDD base 10C; heatwave = 3+ consecutive days >= 30.0C."
Dokolo,2019,second,1658.405,21,0,24,2,,,NASA_POWER_daily,,,district,False,False,F,"NASA POWER daily T2M_MAX/T2M_MIN (MERRA-2, ~0.5 deg) at district centroid; GDD base 10C; heatwave = 3+ consecutive days >= 30.0C."
Dokolo,2020,first,1694.815,24,0,53,3,,,NASA_POWER_daily,,,district,False,False,F,"NASA POWER daily T2M_MAX/T2M_MIN (MERRA-2, ~0.5 deg) at district centroid; GDD base 10C; heatwave = 3+ consecutive days >= 30.0C."
Dokolo,2020,second,1653.045,16,0,16,1,,,NASA_POWER_daily,,,district,False,False,F,"NASA POWER daily T2M_MAX/T2M_MIN (MERRA-2, ~0.5 deg) at district centroid; GDD base 10C; heatwave = 3+ consecutive days >= 30.0C."
Dokolo,2021,first,1871.225,67,12,75,7,,,NASA_POWER_daily,,,district,False,False,F,"NASA POWER daily T2M_MAX/T2M_MIN (MERRA-2, ~0.5 deg) at district centroid; GDD base 10C; heatwave = 3+ consecutive days >= 30.0C."
Dokolo,2021,second,1929.6050000000002,92,6,79,9,,,NASA_POWER_daily,,,district,False,False,F,"NASA POWER daily T2M_MAX/T2M_MIN (MERRA-2, ~0.5 deg) at district centroid; GDD base 10C; heatwave = 3+ consecutive days >= 30.0C."
Dokolo,2022,first,1940.7,77,28,76,7,,,NASA_POWER_daily,,,district,False,False,F,"NASA POWER daily T2M_MAX/T2M_MIN (MERRA-2, ~0.5 deg) at district centroid; GDD base 10C; heatwave = 3+ consecutive days >= 30.0C."
Dokolo,2022,second,1771.965,63,0,36,5,,,NASA_POWER_daily,,,district,False,False,F,"NASA POWER daily T2M_MAX/T2M_MIN (MERRA-2, ~0.5 deg) at district centroid; GDD base 10C; heatwave = 3+ consecutive days >= 30.0C."
Dokolo,2023,first,1838.215,60,5,75,6,,,NASA_POWER_daily,,,district,False,False,F,"NASA POWER daily T2M_MAX/T2M_MIN (MERRA-2, ~0.5 deg) at district centroid; GDD base 10C; heatwave = 3+ consecutive days >= 30.0C."
Dokolo,2023,second,1876.085,73,1,74,8,,,NASA_POWER_daily,,,district,False,False,F,"NASA POWER daily T2M_MAX/T2M_MIN (MERRA-2, ~0.5 deg) at district centroid; GDD base 10C; heatwave = 3+ consecutive days >= 30.0C."
Gomba,2015,first,1464.1699999999998,10,0,9,2,,,NASA_POWER_daily,,,district,False,False,F,"NASA POWER daily T2M_MAX/T2M_MIN (MERRA-2, ~0.5 deg) at district centroid; GDD base 10C; heatwave = 3+ consecutive days >= 30.0C."
Gomba,2015,second,1465.7849999999999,0,0,8,0,,,NASA_POWER_daily,,,district,False,False,F,"NASA POWER daily T2M_MAX/T2M_MIN (MERRA-2, ~0.5 deg) at district centroid; GDD base 10C; heatwave = 3+ consecutive days >= 30.0C."
Gomba,2016,first,1491.795,5,0,13,1,,,NASA_POWER_daily,,,district,False,False,F,"NASA POWER daily T2M_MAX/T2M_MIN (MERRA-2, ~0.5 deg) at district centroid; GDD base 10C; heatwave = 3+ consecutive days >= 30.0C."
Gomba,2016,second,1480.635,0,0,0,0,,,NASA_POWER_daily,,,district,False,False,F,"NASA POWER daily T2M_MAX/T2M_MIN (MERRA-2, ~0.5 deg) at district centroid; GDD base 10C; heatwave = 3+ consecutive days >= 30.0C."
Gomba,2017,first,1460.845,2,0,5,0,,,NASA_POWER_daily,,,district,False,False,F,"NASA POWER daily T2M_MAX/T2M_MIN (MERRA-2, ~0.5 deg) at district centroid; GDD base 10C; heatwave = 3+ consecutive days >= 30.0C."
Gomba,2017,second,1448.6300000000003,0,0,0,0,,,NASA_POWER_daily,,,district,False,False,F,"NASA POWER daily T2M_MAX/T2M_MIN (MERRA-2, ~0.5 deg) at district centroid; GDD base 10C; heatwave = 3+ consecutive days >= 30.0C."
Gomba,2018,first,1363.54,0,0,1,0,,,NASA_POWER_daily,,,district,False,False,F,"NASA POWER daily T2M_MAX/T2M_MIN (MERRA-2, ~0.5 deg) at district centroid; GDD base 10C; heatwave = 3+ consecutive days >= 30.0C."
Gomba,2018,second,1449.8049999999998,0,0,2,0,,,NASA_POWER_daily,,,district,False,False,F,"NASA POWER daily T2M_MAX/T2M_MIN (MERRA-2, ~0.5 deg) at district centroid; GDD base 10C; heatwave = 3+ consecutive days >= 30.0C."
Gomba,2019,first,1520.43,10,0,17,2,,,NASA_POWER_daily,,,district,False,False,F,"NASA POWER daily T2M_MAX/T2M_MIN (MERRA-2, ~0.5 deg) at district centroid; GDD base 10C; heatwave = 3+ consecutive days >= 30.0C."
Gomba,2019,second,1402.33,0,0,1,0,,,NASA_POWER_daily,,,district,False,False,F,"NASA POWER daily T2M_MAX/T2M_MIN (MERRA-2, ~0.5 deg) at district centroid; GDD base 10C; heatwave = 3+ consecutive days >= 30.0C."
Gomba,2020,first,1386.065,0,0,1,0,,,NASA_POWER_daily,,,district,False,False,F,"NASA POWER daily T2M_MAX/T2M_MIN (MERRA-2, ~0.5 deg) at district centroid; GDD base 10C; heatwave = 3+ consecutive days >= 30.0C."
Gomba,2020,second,1385.38,0,0,0,0,,,NASA_POWER_daily,,,district,False,False,F,"NASA POWER daily T2M_MAX/T2M_MIN (MERRA-2, ~0.5 deg) at district centroid; GDD base 10C; heatwave = 3+ consecutive days >= 30.0C."
Gomba,2021,first,1378.8049999999998,0,0,2,0,,,NASA_POWER_daily,,,district,False,False,F,"NASA POWER daily T2M_MAX/T2M_MIN (MERRA-2, ~0.5 deg) at district centroid; GDD base 10C; heatwave = 3+ consecutive days >= 30.0C."
Gomba,2021,second,1466.26,0,0,2,0,,,NASA_POWER_daily,,,district,False,False,F,"NASA POWER daily T2M_MAX/T2M_MIN (MERRA-2, ~0.5 deg) at district centroid; GDD base 10C; heatwave = 3+ consecutive days >= 30.0C."
Gomba,2022,first,1436.325,1,0,4,0,,,NASA_POWER_daily,,,district,False,False,F,"NASA POWER daily T2M_MAX/T2M_MIN (MERRA-2, ~0.5 deg) at district centroid; GDD base 10C; heatwave = 3+ consecutive days >= 30.0C."
Gomba,2022,second,1389.9099999999999,0,0,0,0,,,NASA_POWER_daily,,,district,False,False,F,"NASA POWER daily T2M_MAX/T2M_MIN (MERRA-2, ~0.5 deg) at district centroid; GDD base 10C; heatwave = 3+ consecutive days >= 30.0C."
Gomba,2023,first,1436.3749999999998,1,0,0,0,,,NASA_POWER_daily,,,district,False,False,F,"NASA POWER daily T2M_MAX/T2M_MIN (MERRA-2, ~0.5 deg) at district centroid; GDD base 10C; heatwave = 3+ consecutive days >= 30.0C."
Gomba,2023,second,1502.495,1,0,16,0,,,NASA_POWER_daily,,,district,False,False,F,"NASA POWER daily T2M_MAX/T2M_MIN (MERRA-2, ~0.5 deg) at district centroid; GDD base 10C; heatwave = 3+ consecutive days >= 30.0C."
Gulu,2015,first,1868.885,41,24,55,3,,,NASA_POWER_daily,,,district,False,False,F,"NASA POWER daily T2M_MAX/T2M_MIN (MERRA-2, ~0.5 deg) at district centroid; GDD base 10C; heatwave = 3+ consecutive days >= 30.0C."
Gulu,2015,second,1811.7800000000002,52,4,43,5,,,NASA_POWER_daily,,,district,False,False,F,"NASA POWER daily T2M_MAX/T2M_MIN (MERRA-2, ~0.5 deg) at district centroid; GDD base 10C; heatwave = 3+ consecutive days >= 30.0C."
Gulu,2016,first,2026.11,77,33,86,3,,,NASA_POWER_daily,,,district,False,False,F,"NASA POWER daily T2M_MAX/T2M_MIN (MERRA-2, ~0.5 deg) at district centroid; GDD base 10C; heatwave = 3+ consecutive days >= 30.0C."
Gulu,2016,second,1758.085,51,0,22,5,,,NASA_POWER_daily,,,district,False,False,F,"NASA POWER daily T2M_MAX/T2M_MIN (MERRA-2, ~0.5 deg) at district centroid; GDD base 10C; heatwave = 3+ consecutive days >= 30.0C."
Gulu,2017,first,1946.305,64,34,73,6,,,NASA_POWER_daily,,,district,False,False,F,"NASA POWER daily T2M_MAX/T2M_MIN (MERRA-2, ~0.5 deg) at district centroid; GDD base 10C; heatwave = 3+ consecutive days >= 30.0C."
Gulu,2017,second,1650.92,26,0,13,4,,,NASA_POWER_daily,,,district,False,False,F,"NASA POWER daily T2M_MAX/T2M_MIN (MERRA-2, ~0.5 deg) at district centroid; GDD base 10C; heatwave = 3+ consecutive days >= 30.0C."
Gulu,2018,first,1748.415,36,10,49,5,,,NASA_POWER_daily,,,district,False,False,F,"NASA POWER daily T2M_MAX/T2M_MIN (MERRA-2, ~0.5 deg) at district centroid; GDD base 10C; heatwave = 3+ consecutive days >= 30.0C."
Gulu,2018,second,1914.4,91,14,61,10,,,NASA_POWER_daily,,,district,False,False,F,"NASA POWER daily T2M_MAX/T2M_MIN (MERRA-2, ~0.5 deg) at district centroid; GDD base 10C; heatwave = 3+ consecutive days >= 30.0C."
Gulu,2019,first,2069.2599999999998,78,41,88,7,,,NASA_POWER_daily,,,district,False,False,F,"NASA POWER daily T2M_MAX/T2M_MIN (MERRA-2, ~0.5 deg) at district centroid; GDD base 10C; heatwave = 3+ consecutive days >= 30.0C."
Gulu,2019,second,1625.26,1,0,8,0,,,NASA_POWER_daily,,,district,False,False,F,"NASA POWER daily T2M_MAX/T2M_MIN (MERRA-2, ~0.5 deg) at district centroid; GDD base 10C; heatwave = 3+ consecutive days >= 30.0C."
Gulu,2020,first,1746.5599999999997,34,3,46,5,,,NASA_POWER_daily,,,district,False,False,F,"NASA POWER daily T2M_MAX/T2M_MIN (MERRA-2, ~0.5 deg) at district centroid; GDD base 10C; heatwave = 3+ consecutive days >= 30.0C."
Gulu,2020,second,1577.7050000000004,0,0,1,0,,,NASA_POWER_daily,,,district,False,False,F,"NASA POWER daily T2M_MAX/T2M_MIN (MERRA-2, ~0.5 deg) at district centroid; GDD base 10C; heatwave = 3+ consecutive days >= 30.0C."
Gulu,2021,first,1900.13,75,18,63,6,,,NASA_POWER_daily,,,district,False,False,F,"NASA POWER daily T2M_MAX/T2M_MIN (MERRA-2, ~0.5 deg) at district centroid; GDD base 10C; heatwave = 3+ consecutive days >= 30.0C."
Gulu,2021,second,1921.38,93,6,64,8,,,NASA_POWER_daily,,,district,False,False,F,"NASA POWER daily T2M_MAX/T2M_MIN (MERRA-2, ~0.5 deg) at district centroid; GDD base 10C; heatwave = 3+ consecutive days >= 30.0C."
Gulu,2022,first,2074.1349999999998,96,38,89,6,,,NASA_POWER_daily,,,district,False,False,F,"NASA POWER daily T2M_MAX/T2M_MIN (MERRA-2, ~0.5 deg) at district centroid; GDD base 10C; heatwave = 3+ consecutive days >= 30.0C."
Gulu,2022,second,1657.3300000000002,21,0,8,2,,,NASA_POWER_daily,,,district,False,False,F,"NASA POWER daily T2M_MAX/T2M_MIN (MERRA-2, ~0.5 deg) at district centroid; GDD base 10C; heatwave = 3+ consecutive days >= 30.0C."
Gulu,2023,first,1871.18,57,12,53,6,,,NASA_POWER_daily,,,district,False,False,F,"NASA POWER daily T2M_MAX/T2M_MIN (MERRA-2, ~0.5 deg) at district centroid; GDD base 10C; heatwave = 3+ consecutive days >= 30.0C."
Gulu,2023,second,1838.2,54,4,62,6,,,NASA_POWER_daily,,,district,False,False,F,"NASA POWER daily T2M_MAX/T2M_MIN (MERRA-2, ~0.5 deg) at district centroid; GDD base 10C; heatwave = 3+ consecutive days >= 30.0C."
Hoima,2015,first,1798.915,26,9,85,1,,,NASA_POWER_daily,,,district,False,False,F,"NASA POWER daily T2M_MAX/T2M_MIN (MERRA-2, ~0.5 deg) at district centroid; GDD base 10C; heatwave = 3+ consecutive days >= 30.0C."
Hoima,2015,second,1781.53,44,0,94,6,,,NASA_POWER_daily,,,district,False,False,F,"NASA POWER daily T2M_MAX/T2M_MIN (MERRA-2, ~0.5 deg) at district centroid; GDD base 10C; heatwave = 3+ consecutive days >= 30.0C."
Hoima,2016,first,1830.98,39,7,87,4,,,NASA_POWER_daily,,,district,False,False,F,"NASA POWER daily T2M_MAX/T2M_MIN (MERRA-2, ~0.5 deg) at district centroid; GDD base 10C; heatwave = 3+ consecutive days >= 30.0C."
Hoima,2016,second,1734.825,18,0,96,3,,,NASA_POWER_daily,,,district,False,False,F,"NASA POWER daily T2M_MAX/T2M_MIN (MERRA-2, ~0.5 deg) at district centroid; GDD base 10C; heatwave = 3+ consecutive days >= 30.0C."
Hoima,2017,first,1829.28,47,3,96,7,,,NASA_POWER_daily,,,district,False,False,F,"NASA POWER daily T2M_MAX/T2M_MIN (MERRA-2, ~0.5 deg) at district centroid; GDD base 10C; heatwave = 3+ consecutive days >= 30.0C."
Hoima,2017,second,1742.095,17,0,90,3,,,NASA_POWER_daily,,,district,False,False,F,"NASA POWER daily T2M_MAX/T2M_MIN (MERRA-2, ~0.5 deg) at district centroid; GDD base 10C; heatwave = 3+ consecutive days >= 30.0C."
Hoima,2018,first,1713.0600000000002,30,0,65,5,,,NASA_POWER_daily,,,district,False,False,F,"NASA POWER daily T2M_MAX/T2M_MIN (MERRA-2, ~0.5 deg) at district centroid; GDD base 10C; heatwave = 3+ consecutive days >= 30.0C."
Hoima,2018,second,1762.1200000000001,34,0,90,3,,,NASA_POWER_daily,,,district,False,False,F,"NASA POWER daily T2M_MAX/T2M_MIN (MERRA-2, ~0.5 deg) at district centroid; GDD base 10C; heatwave = 3+ consecutive days >= 30.0C."
Hoima,2019,first,1953.1500000000003,57,22,101,4,,,NASA_POWER_daily,,,district,False,False,F,"NASA POWER daily T2M_MAX/T2M_MIN (MERRA-2, ~0.5 deg) at district centroid; GDD base 10C; heatwave = 3+ consecutive days >= 30.0C."
Hoima,2019,second,1684.1750000000002,5,0,86,0,,,NASA_POWER_daily,,,district,False,False,F,"NASA POWER daily T2M_MAX/T2M_MIN (MERRA-2, ~0.5 deg) at district centroid; GDD base 10C; heatwave = 3+ consecutive days >= 30.0C."
Hoima,2020,first,1712.6399999999999,17,0,68,2,,,NASA_POWER_daily,,,district,False,False,F,"NASA POWER daily T2M_MAX/T2M_MIN (MERRA-2, ~0.5 deg) at district centroid; GDD base 10C; heatwave = 3+ consecutive days >= 30.0C."
Hoima,2020,second,1698.5049999999999,7,0,85,0,,,NASA_POWER_daily,,,district,False,False,F,"NASA POWER daily T2M_MAX/T2M_MIN (MERRA-2, ~0.5 deg) at district centroid; GDD base 10C; heatwave = 3+ consecutive days >= 30.0C."
Hoima,2021,first,1871.1799999999998,56,6,88,7,,,NASA_POWER_daily,,,district,False,False,F,"NASA POWER daily T2M_MAX/T2M_MIN (MERRA-2, ~0.5 deg) at district centroid; GDD base 10C; heatwave = 3+ consecutive days >= 30.0C."
Hoima,2021,second,1908.75,67,2,111,9,,,NASA_POWER_daily,,,district,False,False,F,"NASA POWER daily T2M_MAX/T2M_MIN (MERRA-2, ~0.5 deg) at district centroid; GDD base 10C; heatwave = 3+ consecutive days >= 30.0C."
Hoima,2022,first,1959.1749999999997,74,20,89,7,,,NASA_POWER_daily,,,district,False,False,F,"NASA POWER daily T2M_MAX/T2M_MIN (MERRA-2, ~0.5 deg) at district centroid; GDD base 10C; heatwave = 3+ consecutive days >= 30.0C."
Hoima,2022,second,1691.8500000000001,11,0,86,1,,,NASA_POWER_daily,,,district,False,False,F,"NASA POWER daily T2M_MAX/T2M_MIN (MERRA-2, ~0.5 deg) at district centroid; GDD base 10C; heatwave = 3+ consecutive days >= 30.0C."
Hoima,2023,first,1828.9799999999998,44,5,94,6,,,NASA_POWER_daily,,,district,False,False,F,"NASA POWER daily T2M_MAX/T2M_MIN (MERRA-2, ~0.5 deg) at district centroid; GDD base 10C; heatwave = 3+ consecutive days >= 30.0C."
Hoima,2023,second,1809.145,33,0,105,3,,,NASA_POWER_daily,,,district,False,False,F,"NASA POWER daily T2M_MAX/T2M_MIN (MERRA-2, ~0.5 deg) at district centroid; GDD base 10C; heatwave = 3+ consecutive days >= 30.0C."
Ibanda,2015,first,1443.8400000000001,17,0,2,1,,,NASA_POWER_daily,,,district,False,False,F,"NASA POWER daily T2M_MAX/T2M_MIN (MERRA-2, ~0.5 deg) at district centroid; GDD base 10C; heatwave = 3+ consecutive days >= 30.0C."
Ibanda,2015,second,1446.01,15,0,0,2,,,NASA_POWER_daily,,,district,False,False,F,"NASA POWER daily T2M_MAX/T2M_MIN (MERRA-2, ~0.5 deg) at district centroid; GDD base 10C; heatwave = 3+ consecutive days >= 30.0C."
Ibanda,2016,first,1471.2849999999999,9,0,1,2,,,NASA_POWER_daily,,,district,False,False,F,"NASA POWER daily T2M_MAX/T2M_MIN (MERRA-2, ~0.5 deg) at district centroid; GDD base 10C; heatwave = 3+ consecutive days >= 30.0C."
Ibanda,2016,second,1437.8399999999997,12,0,0,2,,,NASA_POWER_daily,,,district,False,False,F,"NASA POWER daily T2M_MAX/T2M_MIN (MERRA-2, ~0.5 deg) at district centroid; GDD base 10C; heatwave = 3+ consecutive days >= 30.0C."
Ibanda,2017,first,1383.675,4,0,0,1,,,NASA_POWER_daily,,,district,False,False,F,"NASA POWER daily T2M_MAX/T2M_MIN (MERRA-2, ~0.5 deg) at district centroid; GDD base 10C; heatwave = 3+ consecutive days >= 30.0C."
Ibanda,2017,second,1386.6850000000002,0,0,0,0,,,NASA_POWER_daily,,,district,False,False,F,"NASA POWER daily T2M_MAX/T2M_MIN (MERRA-2, ~0.5 deg) at district centroid; GDD base 10C; heatwave = 3+ consecutive days >= 30.0C."
Ibanda,2018,first,1281.8300000000002,0,0,0,0,,,NASA_POWER_daily,,,district,False,False,F,"NASA POWER daily T2M_MAX/T2M_MIN (MERRA-2, ~0.5 deg) at district centroid; GDD base 10C; heatwave = 3+ consecutive days >= 30.0C."
Ibanda,2018,second,1360.69,0,0,0,0,,,NASA_POWER_daily,,,district,False,False,F,"NASA POWER daily T2M_MAX/T2M_MIN (MERRA-2, ~0.5 deg) at district centroid; GDD base 10C; heatwave = 3+ consecutive days >= 30.0C."
Ibanda,2019,first,1449.8899999999999,13,0,0,2,,,NASA_POWER_daily,,,district,False,False,F,"NASA POWER daily T2M_MAX/T2M_MIN (MERRA-2, ~0.5 deg) at district centroid; GDD base 10C; heatwave = 3+ consecutive days >= 30.0C."
Ibanda,2019,second,1335.5550000000003,0,0,0,0,,,NASA_POWER_daily,,,district,False,False,F,"NASA POWER daily T2M_MAX/T2M_MIN (MERRA-2, ~0.5 deg) at district centroid; GDD base 10C; heatwave = 3+ consecutive days >= 30.0C."
Ibanda,2020,first,1309.465,0,0,0,0,,,NASA_POWER_daily,,,district,False,False,F,"NASA POWER daily T2M_MAX/T2M_MIN (MERRA-2, ~0.5 deg) at district centroid; GDD base 10C; heatwave = 3+ consecutive days >= 30.0C."
Ibanda,2020,second,1298.46,0,0,0,0,,,NASA_POWER_daily,,,district,False,False,F,"NASA POWER daily T2M_MAX/T2M_MIN (MERRA-2, ~0.5 deg) at district centroid; GDD base 10C; heatwave = 3+ consecutive days >= 30.0C."
Ibanda,2021,first,1281.24,0,0,0,0,,,NASA_POWER_daily,,,district,False,False,F,"NASA POWER daily T2M_MAX/T2M_MIN (MERRA-2, ~0.5 deg) at district centroid; GDD base 10C; heatwave = 3+ consecutive days >= 30.0C."
Ibanda,2021,second,1365.9250000000002,1,0,0,0,,,NASA_POWER_daily,,,district,False,False,F,"NASA POWER daily T2M_MAX/T2M_MIN (MERRA-2, ~0.5 deg) at district centroid; GDD base 10C; heatwave = 3+ consecutive days >= 30.0C."
Ibanda,2022,first,1363.0599999999997,3,0,0,0,,,NASA_POWER_daily,,,district,False,False,F,"NASA POWER daily T2M_MAX/T2M_MIN (MERRA-2, ~0.5 deg) at district centroid; GDD base 10C; heatwave = 3+ consecutive days >= 30.0C."
Ibanda,2022,second,1306.805,0,0,0,0,,,NASA_POWER_daily,,,district,False,False,F,"NASA POWER daily T2M_MAX/T2M_MIN (MERRA-2, ~0.5 deg) at district centroid; GDD base 10C; heatwave = 3+ consecutive days >= 30.0C."
Ibanda,2023,first,1334.3100000000002,0,0,0,0,,,NASA_POWER_daily,,,district,False,False,F,"NASA POWER daily T2M_MAX/T2M_MIN (MERRA-2, ~0.5 deg) at district centroid; GDD base 10C; heatwave = 3+ consecutive days >= 30.0C."
Ibanda,2023,second,1439.5,5,0,0,0,,,NASA_POWER_daily,,,district,False,False,F,"NASA POWER daily T2M_MAX/T2M_MIN (MERRA-2, ~0.5 deg) at district centroid; GDD base 10C; heatwave = 3+ consecutive days >= 30.0C."
Iganga,2015,first,1633.065,25,15,25,1,,,NASA_POWER_daily,,,district,False,False,F,"NASA POWER daily T2M_MAX/T2M_MIN (MERRA-2, ~0.5 deg) at district centroid; GDD base 10C; heatwave = 3+ consecutive days >= 30.0C."
Iganga,2015,second,1592.54,3,0,22,0,,,NASA_POWER_daily,,,district,False,False,F,"NASA POWER daily T2M_MAX/T2M_MIN (MERRA-2, ~0.5 deg) at district centroid; GDD base 10C; heatwave = 3+ consecutive days >= 30.0C."
Iganga,2016,first,1617.7899999999997,21,0,49,4,,,NASA_POWER_daily,,,district,False,False,F,"NASA POWER daily T2M_MAX/T2M_MIN (MERRA-2, ~0.5 deg) at district centroid; GDD base 10C; heatwave = 3+ consecutive days >= 30.0C."
Iganga,2016,second,1596.45,0,0,8,0,,,NASA_POWER_daily,,,district,False,False,F,"NASA POWER daily T2M_MAX/T2M_MIN (MERRA-2, ~0.5 deg) at district centroid; GDD base 10C; heatwave = 3+ consecutive days >= 30.0C."
Iganga,2017,first,1683.9449999999997,27,0,54,4,,,NASA_POWER_daily,,,district,False,False,F,"NASA POWER daily T2M_MAX/T2M_MIN (MERRA-2, ~0.5 deg) at district centroid; GDD base 10C; heatwave = 3+ consecutive days >= 30.0C."
Iganga,2017,second,1562.81,0,0,12,0,,,NASA_POWER_daily,,,district,False,False,F,"NASA POWER daily T2M_MAX/T2M_MIN (MERRA-2, ~0.5 deg) at district centroid; GDD base 10C; heatwave = 3+ consecutive days >= 30.0C."
Iganga,2018,first,1476.6,0,0,11,0,,,NASA_POWER_daily,,,district,False,False,F,"NASA POWER daily T2M_MAX/T2M_MIN (MERRA-2, ~0.5 deg) at district centroid; GDD base 10C; heatwave = 3+ consecutive days >= 30.0C."
Iganga,2018,second,1550.5149999999999,0,0,16,0,,,NASA_POWER_daily,,,district,False,False,F,"NASA POWER daily T2M_MAX/T2M_MIN (MERRA-2, ~0.5 deg) at district centroid; GDD base 10C; heatwave = 3+ consecutive days >= 30.0C."
Iganga,2019,first,1670.2050000000002,28,0,56,2,,,NASA_POWER_daily,,,district,False,False,F,"NASA POWER daily T2M_MAX/T2M_MIN (MERRA-2, ~0.5 deg) at district centroid; GDD base 10C; heatwave = 3+ consecutive days >= 30.0C."
Iganga,2019,second,1509.9249999999997,0,0,7,0,,,NASA_POWER_daily,,,district,False,False,F,"NASA POWER daily T2M_MAX/T2M_MIN (MERRA-2, ~0.5 deg) at district centroid; GDD base 10C; heatwave = 3+ consecutive days >= 30.0C."
Iganga,2020,first,1520.7050000000002,0,0,26,0,,,NASA_POWER_daily,,,district,False,False,F,"NASA POWER daily T2M_MAX/T2M_MIN (MERRA-2, ~0.5 deg) at district centroid; GDD base 10C; heatwave = 3+ consecutive days >= 30.0C."
Iganga,2020,second,1503.7649999999999,0,0,2,0,,,NASA_POWER_daily,,,district,False,False,F,"NASA POWER daily T2M_MAX/T2M_MIN (MERRA-2, ~0.5 deg) at district centroid; GDD base 10C; heatwave = 3+ consecutive days >= 30.0C."
Iganga,2021,first,1568.58,7,0,25,1,,,NASA_POWER_daily,,,district,False,False,F,"NASA POWER daily T2M_MAX/T2M_MIN (MERRA-2, ~0.5 deg) at district centroid; GDD base 10C; heatwave = 3+ consecutive days >= 30.0C."
Iganga,2021,second,1610.9699999999998,0,0,20,0,,,NASA_POWER_daily,,,district,False,False,F,"NASA POWER daily T2M_MAX/T2M_MIN (MERRA-2, ~0.5 deg) at district centroid; GDD base 10C; heatwave = 3+ consecutive days >= 30.0C."
Iganga,2022,first,1672.535,32,1,43,2,,,NASA_POWER_daily,,,district,False,False,F,"NASA POWER daily T2M_MAX/T2M_MIN (MERRA-2, ~0.5 deg) at district centroid; GDD base 10C; heatwave = 3+ consecutive days >= 30.0C."
Iganga,2022,second,1559.67,0,0,7,0,,,NASA_POWER_daily,,,district,False,False,F,"NASA POWER daily T2M_MAX/T2M_MIN (MERRA-2, ~0.5 deg) at district centroid; GDD base 10C; heatwave = 3+ consecutive days >= 30.0C."
Iganga,2023,first,1596.3400000000001,7,1,42,1,,,NASA_POWER_daily,,,district,False,False,F,"NASA POWER daily T2M_MAX/T2M_MIN (MERRA-2, ~0.5 deg) at district centroid; GDD base 10C; heatwave = 3+ consecutive days >= 30.0C."
Iganga,2023,second,1628.3750000000002,0,0,36,0,,,NASA_POWER_daily,,,district,False,False,F,"NASA POWER daily T2M_MAX/T2M_MIN (MERRA-2, ~0.5 deg) at district centroid; GDD base 10C; heatwave = 3+ consecutive days >= 30.0C."
Isingiro,2015,first,1370.945,12,0,0,2,,,NASA_POWER_daily,,,district,False,False,F,"NASA POWER daily T2M_MAX/T2M_MIN (MERRA-2, ~0.5 deg) at district centroid; GDD base 10C; heatwave = 3+ consecutive days >= 30.0C."
Isingiro,2015,second,1386.3700000000001,5,0,0,0,,,NASA_POWER_daily,,,district,False,False,F,"NASA POWER daily T2M_MAX/T2M_MIN (MERRA-2, ~0.5 deg) at district centroid; GDD base 10C; heatwave = 3+ consecutive days >= 30.0C."
Isingiro,2016,first,1403.9550000000002,8,0,1,2,,,NASA_POWER_daily,,,district,False,False,F,"NASA POWER daily T2M_MAX/T2M_MIN (MERRA-2, ~0.5 deg) at district centroid; GDD base 10C; heatwave = 3+ consecutive days >= 30.0C."
Isingiro,2016,second,1412.23,1,0,0,0,,,NASA_POWER_daily,,,district,False,False,F,"NASA POWER daily T2M_MAX/T2M_MIN (MERRA-2, ~0.5 deg) at district centroid; GDD base 10C; heatwave = 3+ consecutive days >= 30.0C."
Isingiro,2017,first,1302.275,3,0,0,0,,,NASA_POWER_daily,,,district,False,False,F,"NASA POWER daily T2M_MAX/T2M_MIN (MERRA-2, ~0.5 deg) at district centroid; GDD base 10C; heatwave = 3+ consecutive days >= 30.0C."
Isingiro,2017,second,1356.315,0,0,0,0,,,NASA_POWER_daily,,,district,False,False,F,"NASA POWER daily T2M_MAX/T2M_MIN (MERRA-2, ~0.5 deg) at district centroid; GDD base 10C; heatwave = 3+ consecutive days >= 30.0C."
Isingiro,2018,first,1207.9600000000003,0,0,0,0,,,NASA_POWER_daily,,,district,False,False,F,"NASA POWER daily T2M_MAX/T2M_MIN (MERRA-2, ~0.5 deg) at district centroid; GDD base 10C; heatwave = 3+ consecutive days >= 30.0C."
Isingiro,2018,second,1316.025,0,0,0,0,,,NASA_POWER_daily,,,district,False,False,F,"NASA POWER daily T2M_MAX/T2M_MIN (MERRA-2, ~0.5 deg) at district centroid; GDD base 10C; heatwave = 3+ consecutive days >= 30.0C."
Isingiro,2019,first,1358.2749999999999,6,0,0,0,,,NASA_POWER_daily,,,district,False,False,F,"NASA POWER daily T2M_MAX/T2M_MIN (MERRA-2, ~0.5 deg) at district centroid; GDD base 10C; heatwave = 3+ consecutive days >= 30.0C."
Isingiro,2019,second,1280.01,0,0,0,0,,,NASA_POWER_daily,,,district,False,False,F,"NASA POWER daily T2M_MAX/T2M_MIN (MERRA-2, ~0.5 deg) at district centroid; GDD base 10C; heatwave = 3+ consecutive days >= 30.0C."
Isingiro,2020,first,1218.935,0,0,0,0,,,NASA_POWER_daily,,,district,False,False,F,"NASA POWER daily T2M_MAX/T2M_MIN (MERRA-2, ~0.5 deg) at district centroid; GDD base 10C; heatwave = 3+ consecutive days >= 30.0C."
Isingiro,2020,second,1229.7600000000002,0,0,0,0,,,NASA_POWER_daily,,,district,False,False,F,"NASA POWER daily T2M_MAX/T2M_MIN (MERRA-2, ~0.5 deg) at district centroid; GDD base 10C; heatwave = 3+ consecutive days >= 30.0C."
Isingiro,2021,first,1185.235,0,0,0,0,,,NASA_POWER_daily,,,district,False,False,F,"NASA POWER daily T2M_MAX/T2M_MIN (MERRA-2, ~0.5 deg) at district centroid; GDD base 10C; heatwave = 3+ consecutive days >= 30.0C."
Isingiro,2021,second,1278.55,0,0,0,0,,,NASA_POWER_daily,,,district,False,False,F,"NASA POWER daily T2M_MAX/T2M_MIN (MERRA-2, ~0.5 deg) at district centroid; GDD base 10C; heatwave = 3+ consecutive days >= 30.0C."
Isingiro,2022,first,1236.28,0,0,0,0,,,NASA_POWER_daily,,,district,False,False,F,"NASA POWER daily T2M_MAX/T2M_MIN (MERRA-2, ~0.5 deg) at district centroid; GDD base 10C; heatwave = 3+ consecutive days >= 30.0C."
Isingiro,2022,second,1228.9199999999998,0,0,0,0,,,NASA_POWER_daily,,,district,False,False,F,"NASA POWER daily T2M_MAX/T2M_MIN (MERRA-2, ~0.5 deg) at district centroid; GDD base 10C; heatwave = 3+ consecutive days >= 30.0C."
Isingiro,2023,first,1238.9699999999998,0,0,0,0,,,NASA_POWER_daily,,,district,False,False,F,"NASA POWER daily T2M_MAX/T2M_MIN (MERRA-2, ~0.5 deg) at district centroid; GDD base 10C; heatwave = 3+ consecutive days >= 30.0C."
Isingiro,2023,second,1352.195,0,0,0,0,,,NASA_POWER_daily,,,district,False,False,F,"NASA POWER daily T2M_MAX/T2M_MIN (MERRA-2, ~0.5 deg) at district centroid; GDD base 10C; heatwave = 3+ consecutive days >= 30.0C."
Jinja,2015,first,1609.2400000000002,21,2,42,1,,,NASA_POWER_daily,,,district,False,False,F,"NASA POWER daily T2M_MAX/T2M_MIN (MERRA-2, ~0.5 deg) at district centroid; GDD base 10C; heatwave = 3+ consecutive days >= 30.0C."
Jinja,2015,second,1595.975,5,0,36,1,,,NASA_POWER_daily,,,district,False,False,F,"NASA POWER daily T2M_MAX/T2M_MIN (MERRA-2, ~0.5 deg) at district centroid; GDD base 10C; heatwave = 3+ consecutive days >= 30.0C."
Jinja,2016,first,1593.68,7,0,63,2,,,NASA_POWER_daily,,,district,False,False,F,"NASA POWER daily T2M_MAX/T2M_MIN (MERRA-2, ~0.5 deg) at district centroid; GDD base 10C; heatwave = 3+ consecutive days >= 30.0C."
Jinja,2016,second,1561.655,0,0,14,0,,,NASA_POWER_daily,,,district,False,False,F,"NASA POWER daily T2M_MAX/T2M_MIN (MERRA-2, ~0.5 deg) at district centroid; GDD base 10C; heatwave = 3+ consecutive days >= 30.0C."
Jinja,2017,first,1634.8549999999998,10,0,61,3,,,NASA_POWER_daily,,,district,False,False,F,"NASA POWER daily T2M_MAX/T2M_MIN (MERRA-2, ~0.5 deg) at district centroid; GDD base 10C; heatwave = 3+ consecutive days >= 30.0C."
Jinja,2017,second,1584.6500000000003,4,0,18,1,,,NASA_POWER_daily,,,district,False,False,F,"NASA POWER daily T2M_MAX/T2M_MIN (MERRA-2, ~0.5 deg) at district centroid; GDD base 10C; heatwave = 3+ consecutive days >= 30.0C."
Jinja,2018,first,1471.4300000000003,0,0,17,0,,,NASA_POWER_daily,,,district,False,False,F,"NASA POWER daily T2M_MAX/T2M_MIN (MERRA-2, ~0.5 deg) at district centroid; GDD base 10C; heatwave = 3+ consecutive days >= 30.0C."
Jinja,2018,second,1559.815,0,0,25,0,,,NASA_POWER_daily,,,district,False,False,F,"NASA POWER daily T2M_MAX/T2M_MIN (MERRA-2, ~0.5 deg) at district centroid; GDD base 10C; heatwave = 3+ consecutive days >= 30.0C."
Jinja,2019,first,1660.195,20,0,65,1,,,NASA_POWER_daily,,,district,False,False,F,"NASA POWER daily T2M_MAX/T2M_MIN (MERRA-2, ~0.5 deg) at district centroid; GDD base 10C; heatwave = 3+ consecutive days >= 30.0C."
Jinja,2019,second,1509.995,0,0,11,0,,,NASA_POWER_daily,,,district,False,False,F,"NASA POWER daily T2M_MAX/T2M_MIN (MERRA-2, ~0.5 deg) at district centroid; GDD base 10C; heatwave = 3+ consecutive days >= 30.0C."
Jinja,2020,first,1521.2800000000002,0,0,43,0,,,NASA_POWER_daily,,,district,False,False,F,"NASA POWER daily T2M_MAX/T2M_MIN (MERRA-2, ~0.5 deg) at district centroid; GDD base 10C; heatwave = 3+ consecutive days >= 30.0C."
Jinja,2020,second,1499.74,0,0,4,0,,,NASA_POWER_daily,,,district,False,False,F,"NASA POWER daily T2M_MAX/T2M_MIN (MERRA-2, ~0.5 deg) at district centroid; GDD base 10C; heatwave = 3+ consecutive days >= 30.0C."
Jinja,2021,first,1533.6949999999997,0,0,46,0,,,NASA_POWER_daily,,,district,False,False,F,"NASA POWER daily T2M_MAX/T2M_MIN (MERRA-2, ~0.5 deg) at district centroid; GDD base 10C; heatwave = 3+ consecutive days >= 30.0C."
Jinja,2021,second,1608.8300000000002,1,0,32,0,,,NASA_POWER_daily,,,district,False,False,F,"NASA POWER daily T2M_MAX/T2M_MIN (MERRA-2, ~0.5 deg) at district centroid; GDD base 10C; heatwave = 3+ consecutive days >= 30.0C."
Jinja,2022,first,1628.07,17,0,54,2,,,NASA_POWER_daily,,,district,False,False,F,"NASA POWER daily T2M_MAX/T2M_MIN (MERRA-2, ~0.5 deg) at district centroid; GDD base 10C; heatwave = 3+ consecutive days >= 30.0C."
Jinja,2022,second,1567.8650000000002,0,0,21,0,,,NASA_POWER_daily,,,district,False,False,F,"NASA POWER daily T2M_MAX/T2M_MIN (MERRA-2, ~0.5 deg) at district centroid; GDD base 10C; heatwave = 3+ consecutive days >= 30.0C."
Jinja,2023,first,1573.0900000000001,4,0,69,1,,,NASA_POWER_daily,,,district,False,False,F,"NASA POWER daily T2M_MAX/T2M_MIN (MERRA-2, ~0.5 deg) at district centroid; GDD base 10C; heatwave = 3+ consecutive days >= 30.0C."
Jinja,2023,second,1619.25,0,0,53,0,,,NASA_POWER_daily,,,district,False,False,F,"NASA POWER daily T2M_MAX/T2M_MIN (MERRA-2, ~0.5 deg) at district centroid; GDD base 10C; heatwave = 3+ consecutive days >= 30.0C."
Kaabong,2015,first,1721.345,51,9,13,3,,,NASA_POWER_daily,,,district,False,False,F,"NASA POWER daily T2M_MAX/T2M_MIN (MERRA-2, ~0.5 deg) at district centroid; GDD base 10C; heatwave = 3+ consecutive days >= 30.0C."
Kaabong,2015,second,1698.3799999999999,68,0,3,5,,,NASA_POWER_daily,,,district,False,False,F,"NASA POWER daily T2M_MAX/T2M_MIN (MERRA-2, ~0.5 deg) at district centroid; GDD base 10C; heatwave = 3+ consecutive days >= 30.0C."
Kaabong,2016,first,1751.0749999999998,61,10,30,4,,,NASA_POWER_daily,,,district,False,False,F,"NASA POWER daily T2M_MAX/T2M_MIN (MERRA-2, ~0.5 deg) at district centroid; GDD base 10C; heatwave = 3+ consecutive days >= 30.0C."
Kaabong,2016,second,1636.075,55,0,0,8,,,NASA_POWER_daily,,,district,False,False,F,"NASA POWER daily T2M_MAX/T2M_MIN (MERRA-2, ~0.5 deg) at district centroid; GDD base 10C; heatwave = 3+ consecutive days >= 30.0C."
Kaabong,2017,first,1837.18,92,4,18,9,,,NASA_POWER_daily,,,district,False,False,F,"NASA POWER daily T2M_MAX/T2M_MIN (MERRA-2, ~0.5 deg) at district centroid; GDD base 10C; heatwave = 3+ consecutive days >= 30.0C."
Kaabong,2017,second,1591.52,34,0,0,4,,,NASA_POWER_daily,,,district,False,False,F,"NASA POWER daily T2M_MAX/T2M_MIN (MERRA-2, ~0.5 deg) at district centroid; GDD base 10C; heatwave = 3+ consecutive days >= 30.0C."
Kaabong,2018,first,1497.7999999999997,17,0,0,3,,,NASA_POWER_daily,,,district,False,False,F,"NASA POWER daily T2M_MAX/T2M_MIN (MERRA-2, ~0.5 deg) at district centroid; GDD base 10C; heatwave = 3+ consecutive days >= 30.0C."
Kaabong,2018,second,1659.7849999999999,62,0,0,7,,,NASA_POWER_daily,,,district,False,False,F,"NASA POWER daily T2M_MAX/T2M_MIN (MERRA-2, ~0.5 deg) at district centroid; GDD base 10C; heatwave = 3+ consecutive days >= 30.0C."
Kaabong,2019,first,1820.4499999999998,69,28,31,7,,,NASA_POWER_daily,,,district,False,False,F,"NASA POWER daily T2M_MAX/T2M_MIN (MERRA-2, ~0.5 deg) at district centroid; GDD base 10C; heatwave = 3+ consecutive days >= 30.0C."
Kaabong,2019,second,1502.725,12,0,0,1,,,NASA_POWER_daily,,,district,False,False,F,"NASA POWER daily T2M_MAX/T2M_MIN (MERRA-2, ~0.5 deg) at district centroid; GDD base 10C; heatwave = 3+ consecutive days >= 30.0C."
Kaabong,2020,first,1558.6400000000003,20,0,6,2,,,NASA_POWER_daily,,,district,False,False,F,"NASA POWER daily T2M_MAX/T2M_MIN (MERRA-2, ~0.5 deg) at district centroid; GDD base 10C; heatwave = 3+ consecutive days >= 30.0C."
Kaabong,2020,second,1408.54,0,0,0,0,,,NASA_POWER_daily,,,district,False,False,F,"NASA POWER daily T2M_MAX/T2M_MIN (MERRA-2, ~0.5 deg) at district centroid; GDD base 10C; heatwave = 3+ consecutive days >= 30.0C."
Kaabong,2021,first,1637.8049999999998,42,0,1,6,,,NASA_POWER_daily,,,district,False,False,F,"NASA POWER daily T2M_MAX/T2M_MIN (MERRA-2, ~0.5 deg) at district centroid; GDD base 10C; heatwave = 3+ consecutive days >= 30.0C."
Kaabong,2021,second,1680.2949999999996,69,0,0,11,,,NASA_POWER_daily,,,district,False,False,F,"NASA POWER daily T2M_MAX/T2M_MIN (MERRA-2, ~0.5 deg) at district centroid; GDD base 10C; heatwave = 3+ consecutive days >= 30.0C."
Kaabong,2022,first,1791.45,82,7,13,5,,,NASA_POWER_daily,,,district,False,False,F,"NASA POWER daily T2M_MAX/T2M_MIN (MERRA-2, ~0.5 deg) at district centroid; GDD base 10C; heatwave = 3+ consecutive days >= 30.0C."
Kaabong,2022,second,1585.575,44,0,0,5,,,NASA_POWER_daily,,,district,False,False,F,"NASA POWER daily T2M_MAX/T2M_MIN (MERRA-2, ~0.5 deg) at district centroid; GDD base 10C; heatwave = 3+ consecutive days >= 30.0C."
Kaabong,2023,first,1668.0250000000003,48,3,11,5,,,NASA_POWER_daily,,,district,False,False,F,"NASA POWER daily T2M_MAX/T2M_MIN (MERRA-2, ~0.5 deg) at district centroid; GDD base 10C; heatwave = 3+ consecutive days >= 30.0C."
Kaabong,2023,second,1737.4650000000001,69,0,7,3,,,NASA_POWER_daily,,,district,False,False,F,"NASA POWER daily T2M_MAX/T2M_MIN (MERRA-2, ~0.5 deg) at district centroid; GDD base 10C; heatwave = 3+ consecutive days >= 30.0C."
Kabale,2015,first,985.63,0,0,0,0,,,NASA_POWER_daily,,,district,False,False,F,"NASA POWER daily T2M_MAX/T2M_MIN (MERRA-2, ~0.5 deg) at district centroid; GDD base 10C; heatwave = 3+ consecutive days >= 30.0C."
Kabale,2015,second,1047.0,0,0,0,0,,,NASA_POWER_daily,,,district,False,False,F,"NASA POWER daily T2M_MAX/T2M_MIN (MERRA-2, ~0.5 deg) at district centroid; GDD base 10C; heatwave = 3+ consecutive days >= 30.0C."
Kabale,2016,first,1040.08,0,0,0,0,,,NASA_POWER_daily,,,district,False,False,F,"NASA POWER daily T2M_MAX/T2M_MIN (MERRA-2, ~0.5 deg) at district centroid; GDD base 10C; heatwave = 3+ consecutive days >= 30.0C."
Kabale,2016,second,1040.56,0,0,0,0,,,NASA_POWER_daily,,,district,False,False,F,"NASA POWER daily T2M_MAX/T2M_MIN (MERRA-2, ~0.5 deg) at district centroid; GDD base 10C; heatwave = 3+ consecutive days >= 30.0C."
Kabale,2017,first,981.9849999999999,0,0,0,0,,,NASA_POWER_daily,,,district,False,False,F,"NASA POWER daily T2M_MAX/T2M_MIN (MERRA-2, ~0.5 deg) at district centroid; GDD base 10C; heatwave = 3+ consecutive days >= 30.0C."
Kabale,2017,second,1059.695,0,0,0,0,,,NASA_POWER_daily,,,district,False,False,F,"NASA POWER daily T2M_MAX/T2M_MIN (MERRA-2, ~0.5 deg) at district centroid; GDD base 10C; heatwave = 3+ consecutive days >= 30.0C."
Kabale,2018,first,896.57,0,0,0,0,,,NASA_POWER_daily,,,district,False,False,F,"NASA POWER daily T2M_MAX/T2M_MIN (MERRA-2, ~0.5 deg) at district centroid; GDD base 10C; heatwave = 3+ consecutive days >= 30.0C."
Kabale,2018,second,969.5350000000001,0,0,0,0,,,NASA_POWER_daily,,,district,False,False,F,"NASA POWER daily T2M_MAX/T2M_MIN (MERRA-2, ~0.5 deg) at district centroid; GDD base 10C; heatwave = 3+ consecutive days >= 30.0C."
Kabale,2019,first,992.34,0,0,0,0,,,NASA_POWER_daily,,,district,False,False,F,"NASA POWER daily T2M_MAX/T2M_MIN (MERRA-2, ~0.5 deg) at district centroid; GDD base 10C; heatwave = 3+ consecutive days >= 30.0C."
Kabale,2019,second,953.6099999999999,0,0,0,0,,,NASA_POWER_daily,,,district,False,False,F,"NASA POWER daily T2M_MAX/T2M_MIN (MERRA-2, ~0.5 deg) at district centroid; GDD base 10C; heatwave = 3+ consecutive days >= 30.0C."
Kabale,2020,first,974.14,0,0,0,0,,,NASA_POWER_daily,,,district,False,False,F,"NASA POWER daily T2M_MAX/T2M_MIN (MERRA-2, ~0.5 deg) at district centroid; GDD base 10C; heatwave = 3+ consecutive days >= 30.0C."
Kabale,2020,second,968.8900000000001,0,0,0,0,,,NASA_POWER_daily,,,district,False,False,F,"NASA POWER daily T2M_MAX/T2M_MIN (MERRA-2, ~0.5 deg) at district centroid; GDD base 10C; heatwave = 3+ consecutive days >= 30.0C."
Kabale,2021,first,922.2149999999999,0,0,0,0,,,NASA_POWER_daily,,,district,False,False,F,"NASA POWER daily T2M_MAX/T2M_MIN (MERRA-2, ~0.5 deg) at district centroid; GDD base 10C; heatwave = 3+ consecutive days >= 30.0C."
Kabale,2021,second,998.98,0,0,0,0,,,NASA_POWER_daily,,,district,False,False,F,"NASA POWER daily T2M_MAX/T2M_MIN (MERRA-2, ~0.5 deg) at district centroid; GDD base 10C; heatwave = 3+ consecutive days >= 30.0C."
Kabale,2022,first,924.9950000000001,0,0,0,0,,,NASA_POWER_daily,,,district,False,False,F,"NASA POWER daily T2M_MAX/T2M_MIN (MERRA-2, ~0.5 deg) at district centroid; GDD base 10C; heatwave = 3+ consecutive days >= 30.0C."
Kabale,2022,second,925.2049999999999,0,0,0,0,,,NASA_POWER_daily,,,district,False,False,F,"NASA POWER daily T2M_MAX/T2M_MIN (MERRA-2, ~0.5 deg) at district centroid; GDD base 10C; heatwave = 3+ consecutive days >= 30.0C."
Kabale,2023,first,991.005,0,0,0,0,,,NASA_POWER_daily,,,district,False,False,F,"NASA POWER daily T2M_MAX/T2M_MIN (MERRA-2, ~0.5 deg) at district centroid; GDD base 10C; heatwave = 3+ consecutive days >= 30.0C."
Kabale,2023,second,1080.6999999999998,0,0,0,0,,,NASA_POWER_daily,,,district,False,False,F,"NASA POWER daily T2M_MAX/T2M_MIN (MERRA-2, ~0.5 deg) at district centroid; GDD base 10C; heatwave = 3+ consecutive days >= 30.0C."
Kabarole,2015,first,1429.7450000000001,17,0,1,3,,,NASA_POWER_daily,,,district,False,False,F,"NASA POWER daily T2M_MAX/T2M_MIN (MERRA-2, ~0.5 deg) at district centroid; GDD base 10C; heatwave = 3+ consecutive days >= 30.0C."
Kabarole,2015,second,1422.955,11,0,0,1,,,NASA_POWER_daily,,,district,False,False,F,"NASA POWER daily T2M_MAX/T2M_MIN (MERRA-2, ~0.5 deg) at district centroid; GDD base 10C; heatwave = 3+ consecutive days >= 30.0C."
Kabarole,2016,first,1445.2350000000001,7,0,0,1,,,NASA_POWER_daily,,,district,False,False,F,"NASA POWER daily T2M_MAX/T2M_MIN (MERRA-2, ~0.5 deg) at district centroid; GDD base 10C; heatwave = 3+ consecutive days >= 30.0C."
Kabarole,2016,second,1378.7499999999995,2,0,0,0,,,NASA_POWER_daily,,,district,False,False,F,"NASA POWER daily T2M_MAX/T2M_MIN (MERRA-2, ~0.5 deg) at district centroid; GDD base 10C; heatwave = 3+ consecutive days >= 30.0C."
Kabarole,2017,first,1384.07,2,0,0,0,,,NASA_POWER_daily,,,district,False,False,F,"NASA POWER daily T2M_MAX/T2M_MIN (MERRA-2, ~0.5 deg) at district centroid; GDD base 10C; heatwave = 3+ consecutive days >= 30.0C."
Kabarole,2017,second,1366.69,0,0,0,0,,,NASA_POWER_daily,,,district,False,False,F,"NASA POWER daily T2M_MAX/T2M_MIN (MERRA-2, ~0.5 deg) at district centroid; GDD base 10C; heatwave = 3+ consecutive days >= 30.0C."
Kabarole,2018,first,1284.98,0,0,0,0,,,NASA_POWER_daily,,,district,False,False,F,"NASA POWER daily T2M_MAX/T2M_MIN (MERRA-2, ~0.5 deg) at district centroid; GDD base 10C; heatwave = 3+ consecutive days >= 30.0C."
Kabarole,2018,second,1347.23,0,0,0,0,,,NASA_POWER_daily,,,district,False,False,F,"NASA POWER daily T2M_MAX/T2M_MIN (MERRA-2, ~0.5 deg) at district centroid; GDD base 10C; heatwave = 3+ consecutive days >= 30.0C."
Kabarole,2019,first,1470.34,17,0,0,3,,,NASA_POWER_daily,,,district,False,False,F,"NASA POWER daily T2M_MAX/T2M_MIN (MERRA-2, ~0.5 deg) at district centroid; GDD base 10C; heatwave = 3+ consecutive days >= 30.0C."
Kabarole,2019,second,1330.2600000000002,0,0,0,0,,,NASA_POWER_daily,,,district,False,False,F,"NASA POWER daily T2M_MAX/T2M_MIN (MERRA-2, ~0.5 deg) at district centroid; GDD base 10C; heatwave = 3+ consecutive days >= 30.0C."
Kabarole,2020,first,1345.195,0,0,0,0,,,NASA_POWER_daily,,,district,False,False,F,"NASA POWER daily T2M_MAX/T2M_MIN (MERRA-2, ~0.5 deg) at district centroid; GDD base 10C; heatwave = 3+ consecutive days >= 30.0C."
Kabarole,2020,second,1306.5700000000002,0,0,0,0,,,NASA_POWER_daily,,,district,False,False,F,"NASA POWER daily T2M_MAX/T2M_MIN (MERRA-2, ~0.5 deg) at district centroid; GDD base 10C; heatwave = 3+ consecutive days >= 30.0C."
Kabarole,2021,first,1319.1449999999998,0,0,0,0,,,NASA_POWER_daily,,,district,False,False,F,"NASA POWER daily T2M_MAX/T2M_MIN (MERRA-2, ~0.5 deg) at district centroid; GDD base 10C; heatwave = 3+ consecutive days >= 30.0C."
Kabarole,2021,second,1416.3100000000002,6,0,0,1,,,NASA_POWER_daily,,,district,False,False,F,"NASA POWER daily T2M_MAX/T2M_MIN (MERRA-2, ~0.5 deg) at district centroid; GDD base 10C; heatwave = 3+ consecutive days >= 30.0C."
Kabarole,2022,first,1427.51,15,0,0,1,,,NASA_POWER_daily,,,district,False,False,F,"NASA POWER daily T2M_MAX/T2M_MIN (MERRA-2, ~0.5 deg) at district centroid; GDD base 10C; heatwave = 3+ consecutive days >= 30.0C."
Kabarole,2022,second,1317.6899999999998,0,0,0,0,,,NASA_POWER_daily,,,district,False,False,F,"NASA POWER daily T2M_MAX/T2M_MIN (MERRA-2, ~0.5 deg) at district centroid; GDD base 10C; heatwave = 3+ consecutive days >= 30.0C."
Kabarole,2023,first,1395.8550000000002,3,0,0,1,,,NASA_POWER_daily,,,district,False,False,F,"NASA POWER daily T2M_MAX/T2M_MIN (MERRA-2, ~0.5 deg) at district centroid; GDD base 10C; heatwave = 3+ consecutive days >= 30.0C."
Kabarole,2023,second,1463.95,14,0,0,2,,,NASA_POWER_daily,,,district,False,False,F,"NASA POWER daily T2M_MAX/T2M_MIN (MERRA-2, ~0.5 deg) at district centroid; GDD base 10C; heatwave = 3+ consecutive days >= 30.0C."
Kaberamaido,2015,first,1828.28,40,24,62,3,,,NASA_POWER_daily,,,district,False,False,F,"NASA POWER daily T2M_MAX/T2M_MIN (MERRA-2, ~0.5 deg) at district centroid; GDD base 10C; heatwave = 3+ consecutive days >= 30.0C."
Kaberamaido,2015,second,1842.91,60,1,58,7,,,NASA_POWER_daily,,,district,False,False,F,"NASA POWER daily T2M_MAX/T2M_MIN (MERRA-2, ~0.5 deg) at district centroid; GDD base 10C; heatwave = 3+ consecutive days >= 30.0C."
Kaberamaido,2016,first,1914.185,59,21,86,4,,,NASA_POWER_daily,,,district,False,False,F,"NASA POWER daily T2M_MAX/T2M_MIN (MERRA-2, ~0.5 deg) at district centroid; GDD base 10C; heatwave = 3+ consecutive days >= 30.0C."
Kaberamaido,2016,second,1846.2250000000001,75,0,50,10,,,NASA_POWER_daily,,,district,False,False,F,"NASA POWER daily T2M_MAX/T2M_MIN (MERRA-2, ~0.5 deg) at district centroid; GDD base 10C; heatwave = 3+ consecutive days >= 30.0C."
Kaberamaido,2017,first,1911.585,64,18,89,7,,,NASA_POWER_daily,,,district,False,False,F,"NASA POWER daily T2M_MAX/T2M_MIN (MERRA-2, ~0.5 deg) at district centroid; GDD base 10C; heatwave = 3+ consecutive days >= 30.0C."
Kaberamaido,2017,second,1743.995,50,0,19,4,,,NASA_POWER_daily,,,district,False,False,F,"NASA POWER daily T2M_MAX/T2M_MIN (MERRA-2, ~0.5 deg) at district centroid; GDD base 10C; heatwave = 3+ consecutive days >= 30.0C."
Kaberamaido,2018,first,1704.5800000000002,22,1,42,2,,,NASA_POWER_daily,,,district,False,False,F,"NASA POWER daily T2M_MAX/T2M_MIN (MERRA-2, ~0.5 deg) at district centroid; GDD base 10C; heatwave = 3+ consecutive days >= 30.0C."
Kaberamaido,2018,second,1887.4,81,2,68,12,,,NASA_POWER_daily,,,district,False,False,F,"NASA POWER daily T2M_MAX/T2M_MIN (MERRA-2, ~0.5 deg) at district centroid; GDD base 10C; heatwave = 3+ consecutive days >= 30.0C."
Kaberamaido,2019,first,1934.72,61,33,81,4,,,NASA_POWER_daily,,,district,False,False,F,"NASA POWER daily T2M_MAX/T2M_MIN (MERRA-2, ~0.5 deg) at district centroid; GDD base 10C; heatwave = 3+ consecutive days >= 30.0C."
Kaberamaido,2019,second,1658.405,21,0,24,2,,,NASA_POWER_daily,,,district,False,False,F,"NASA POWER daily T2M_MAX/T2M_MIN (MERRA-2, ~0.5 deg) at district centroid; GDD base 10C; heatwave = 3+ consecutive days >= 30.0C."
Kaberamaido,2020,first,1694.815,24,0,53,3,,,NASA_POWER_daily,,,district,False,False,F,"NASA POWER daily T2M_MAX/T2M_MIN (MERRA-2, ~0.5 deg) at district centroid; GDD base 10C; heatwave = 3+ consecutive days >= 30.0C."
Kaberamaido,2020,second,1653.045,16,0,16,1,,,NASA_POWER_daily,,,district,False,False,F,"NASA POWER daily T2M_MAX/T2M_MIN (MERRA-2, ~0.5 deg) at district centroid; GDD base 10C; heatwave = 3+ consecutive days >= 30.0C."
Kaberamaido,2021,first,1871.225,67,12,75,7,,,NASA_POWER_daily,,,district,False,False,F,"NASA POWER daily T2M_MAX/T2M_MIN (MERRA-2, ~0.5 deg) at district centroid; GDD base 10C; heatwave = 3+ consecutive days >= 30.0C."
Kaberamaido,2021,second,1929.6050000000002,92,6,79,9,,,NASA_POWER_daily,,,district,False,False,F,"NASA POWER daily T2M_MAX/T2M_MIN (MERRA-2, ~0.5 deg) at district centroid; GDD base 10C; heatwave = 3+ consecutive days >= 30.0C."
Kaberamaido,2022,first,1940.7,77,28,76,7,,,NASA_POWER_daily,,,district,False,False,F,"NASA POWER daily T2M_MAX/T2M_MIN (MERRA-2, ~0.5 deg) at district centroid; GDD base 10C; heatwave = 3+ consecutive days >= 30.0C."
Kaberamaido,2022,second,1771.965,63,0,36,5,,,NASA_POWER_daily,,,district,False,False,F,"NASA POWER daily T2M_MAX/T2M_MIN (MERRA-2, ~0.5 deg) at district centroid; GDD base 10C; heatwave = 3+ consecutive days >= 30.0C."
Kaberamaido,2023,first,1838.215,60,5,75,6,,,NASA_POWER_daily,,,district,False,False,F,"NASA POWER daily T2M_MAX/T2M_MIN (MERRA-2, ~0.5 deg) at district centroid; GDD base 10C; heatwave = 3+ consecutive days >= 30.0C."
Kaberamaido,2023,second,1876.085,73,1,74,8,,,NASA_POWER_daily,,,district,False,False,F,"NASA POWER daily T2M_MAX/T2M_MIN (MERRA-2, ~0.5 deg) at district centroid; GDD base 10C; heatwave = 3+ consecutive days >= 30.0C."
Kagadi,2015,first,1792.5549999999998,29,6,65,3,,,NASA_POWER_daily,,,district,False,False,F,"NASA POWER daily T2M_MAX/T2M_MIN (MERRA-2, ~0.5 deg) at district centroid; GDD base 10C; heatwave = 3+ consecutive days >= 30.0C."
Kagadi,2015,second,1757.135,49,0,70,4,,,NASA_POWER_daily,,,district,False,False,F,"NASA POWER daily T2M_MAX/T2M_MIN (MERRA-2, ~0.5 deg) at district centroid; GDD base 10C; heatwave = 3+ consecutive days >= 30.0C."
Kagadi,2016,first,1851.8849999999998,49,2,84,7,,,NASA_POWER_daily,,,district,False,False,F,"NASA POWER daily T2M_MAX/T2M_MIN (MERRA-2, ~0.5 deg) at district centroid; GDD base 10C; heatwave = 3+ consecutive days >= 30.0C."
Kagadi,2016,second,1713.44,28,0,48,3,,,NASA_POWER_daily,,,district,False,False,F,"NASA POWER daily T2M_MAX/T2M_MIN (MERRA-2, ~0.5 deg) at district centroid; GDD base 10C; heatwave = 3+ consecutive days >= 30.0C."
Kagadi,2017,first,1783.3650000000002,49,0,59,8,,,NASA_POWER_daily,,,district,False,False,F,"NASA POWER daily T2M_MAX/T2M_MIN (MERRA-2, ~0.5 deg) at district centroid; GDD base 10C; heatwave = 3+ consecutive days >= 30.0C."
Kagadi,2017,second,1720.565,20,0,54,4,,,NASA_POWER_daily,,,district,False,False,F,"NASA POWER daily T2M_MAX/T2M_MIN (MERRA-2, ~0.5 deg) at district centroid; GDD base 10C; heatwave = 3+ consecutive days >= 30.0C."
Kagadi,2018,first,1670.8999999999999,23,0,29,3,,,NASA_POWER_daily,,,district,False,False,F,"NASA POWER daily T2M_MAX/T2M_MIN (MERRA-2, ~0.5 deg) at district centroid; GDD base 10C; heatwave = 3+ consecutive days >= 30.0C."
Kagadi,2018,second,1713.415,23,0,41,4,,,NASA_POWER_daily,,,district,False,False,F,"NASA POWER daily T2M_MAX/T2M_MIN (MERRA-2, ~0.5 deg) at district centroid; GDD base 10C; heatwave = 3+ consecutive days >= 30.0C."
Kagadi,2019,first,1869.38,47,7,83,4,,,NASA_POWER_daily,,,district,False,False,F,"NASA POWER daily T2M_MAX/T2M_MIN (MERRA-2, ~0.5 deg) at district centroid; GDD base 10C; heatwave = 3+ consecutive days >= 30.0C."
Kagadi,2019,second,1710.3600000000001,28,0,56,3,,,NASA_POWER_daily,,,district,False,False,F,"NASA POWER daily T2M_MAX/T2M_MIN (MERRA-2, ~0.5 deg) at district centroid; GDD base 10C; heatwave = 3+ consecutive days >= 30.0C."
Kagadi,2020,first,1767.345,39,0,62,4,,,NASA_POWER_daily,,,district,False,False,F,"NASA POWER daily T2M_MAX/T2M_MIN (MERRA-2, ~0.5 deg) at district centroid; GDD base 10C; heatwave = 3+ consecutive days >= 30.0C."
Kagadi,2020,second,1702.335,20,0,60,2,,,NASA_POWER_daily,,,district,False,False,F,"NASA POWER daily T2M_MAX/T2M_MIN (MERRA-2, ~0.5 deg) at district centroid; GDD base 10C; heatwave = 3+ consecutive days >= 30.0C."
Kagadi,2021,first,1809.0949999999998,50,4,71,7,,,NASA_POWER_daily,,,district,False,False,F,"NASA POWER daily T2M_MAX/T2M_MIN (MERRA-2, ~0.5 deg) at district centroid; GDD base 10C; heatwave = 3+ consecutive days >= 30.0C."
Kagadi,2021,second,1837.905,51,2,83,7,,,NASA_POWER_daily,,,district,False,False,F,"NASA POWER daily T2M_MAX/T2M_MIN (MERRA-2, ~0.5 deg) at district centroid; GDD base 10C; heatwave = 3+ consecutive days >= 30.0C."
Kagadi,2022,first,1879.2849999999999,69,10,69,8,,,NASA_POWER_daily,,,district,False,False,F,"NASA POWER daily T2M_MAX/T2M_MIN (MERRA-2, ~0.5 deg) at district centroid; GDD base 10C; heatwave = 3+ consecutive days >= 30.0C."
Kagadi,2022,second,1672.645,15,0,46,2,,,NASA_POWER_daily,,,district,False,False,F,"NASA POWER daily T2M_MAX/T2M_MIN (MERRA-2, ~0.5 deg) at district centroid; GDD base 10C; heatwave = 3+ consecutive days >= 30.0C."
Kagadi,2023,first,1811.8100000000002,50,3,70,5,,,NASA_POWER_daily,,,district,False,False,F,"NASA POWER daily T2M_MAX/T2M_MIN (MERRA-2, ~0.5 deg) at district centroid; GDD base 10C; heatwave = 3+ consecutive days >= 30.0C."
Kagadi,2023,second,1839.6000000000004,44,7,95,3,,,NASA_POWER_daily,,,district,False,False,F,"NASA POWER daily T2M_MAX/T2M_MIN (MERRA-2, ~0.5 deg) at district centroid; GDD base 10C; heatwave = 3+ consecutive days >= 30.0C."
Kakumiro,2015,first,1569.36,21,7,5,1,,,NASA_POWER_daily,,,district,False,False,F,"NASA POWER daily T2M_MAX/T2M_MIN (MERRA-2, ~0.5 deg) at district centroid; GDD base 10C; heatwave = 3+ consecutive days >= 30.0C."
Kakumiro,2015,second,1567.495,39,0,0,5,,,NASA_POWER_daily,,,district,False,False,F,"NASA POWER daily T2M_MAX/T2M_MIN (MERRA-2, ~0.5 deg) at district centroid; GDD base 10C; heatwave = 3+ consecutive days >= 30.0C."
Kakumiro,2016,first,1583.7900000000002,22,0,20,4,,,NASA_POWER_daily,,,district,False,False,F,"NASA POWER daily T2M_MAX/T2M_MIN (MERRA-2, ~0.5 deg) at district centroid; GDD base 10C; heatwave = 3+ consecutive days >= 30.0C."
Kakumiro,2016,second,1495.2350000000001,14,0,0,2,,,NASA_POWER_daily,,,district,False,False,F,"NASA POWER daily T2M_MAX/T2M_MIN (MERRA-2, ~0.5 deg) at district centroid; GDD base 10C; heatwave = 3+ consecutive days >= 30.0C."
Kakumiro,2017,first,1571.7200000000003,21,0,2,5,,,NASA_POWER_daily,,,district,False,False,F,"NASA POWER daily T2M_MAX/T2M_MIN (MERRA-2, ~0.5 deg) at district centroid; GDD base 10C; heatwave = 3+ consecutive days >= 30.0C."
Kakumiro,2017,second,1514.8700000000001,3,0,0,1,,,NASA_POWER_daily,,,district,False,False,F,"NASA POWER daily T2M_MAX/T2M_MIN (MERRA-2, ~0.5 deg) at district centroid; GDD base 10C; heatwave = 3+ consecutive days >= 30.0C."
Kakumiro,2018,first,1476.8749999999998,6,0,0,1,,,NASA_POWER_daily,,,district,False,False,F,"NASA POWER daily T2M_MAX/T2M_MIN (MERRA-2, ~0.5 deg) at district centroid; GDD base 10C; heatwave = 3+ consecutive days >= 30.0C."
Kakumiro,2018,second,1513.475,14,0,0,2,,,NASA_POWER_daily,,,district,False,False,F,"NASA POWER daily T2M_MAX/T2M_MIN (MERRA-2, ~0.5 deg) at district centroid; GDD base 10C; heatwave = 3+ consecutive days >= 30.0C."
Kakumiro,2019,first,1714.375,41,13,22,3,,,NASA_POWER_daily,,,district,False,False,F,"NASA POWER daily T2M_MAX/T2M_MIN (MERRA-2, ~0.5 deg) at district centroid; GDD base 10C; heatwave = 3+ consecutive days >= 30.0C."
Kakumiro,2019,second,1467.6949999999997,1,0,0,0,,,NASA_POWER_daily,,,district,False,False,F,"NASA POWER daily T2M_MAX/T2M_MIN (MERRA-2, ~0.5 deg) at district centroid; GDD base 10C; heatwave = 3+ consecutive days >= 30.0C."
Kakumiro,2020,first,1491.2749999999999,3,0,1,0,,,NASA_POWER_daily,,,district,False,False,F,"NASA POWER daily T2M_MAX/T2M_MIN (MERRA-2, ~0.5 deg) at district centroid; GDD base 10C; heatwave = 3+ consecutive days >= 30.0C."
Kakumiro,2020,second,1477.26,2,0,0,0,,,NASA_POWER_daily,,,district,False,False,F,"NASA POWER daily T2M_MAX/T2M_MIN (MERRA-2, ~0.5 deg) at district centroid; GDD base 10C; heatwave = 3+ consecutive days >= 30.0C."
Kakumiro,2021,first,1614.2450000000001,29,1,4,5,,,NASA_POWER_daily,,,district,False,False,F,"NASA POWER daily T2M_MAX/T2M_MIN (MERRA-2, ~0.5 deg) at district centroid; GDD base 10C; heatwave = 3+ consecutive days >= 30.0C."
Kakumiro,2021,second,1666.855,46,0,2,6,,,NASA_POWER_daily,,,district,False,False,F,"NASA POWER daily T2M_MAX/T2M_MIN (MERRA-2, ~0.5 deg) at district centroid; GDD base 10C; heatwave = 3+ consecutive days >= 30.0C."
Kakumiro,2022,first,1711.5249999999999,50,10,17,6,,,NASA_POWER_daily,,,district,False,False,F,"NASA POWER daily T2M_MAX/T2M_MIN (MERRA-2, ~0.5 deg) at district centroid; GDD base 10C; heatwave = 3+ consecutive days >= 30.0C."
Kakumiro,2022,second,1466.285,8,0,0,1,,,NASA_POWER_daily,,,district,False,False,F,"NASA POWER daily T2M_MAX/T2M_MIN (MERRA-2, ~0.5 deg) at district centroid; GDD base 10C; heatwave = 3+ consecutive days >= 30.0C."
Kakumiro,2023,first,1583.18,13,3,3,2,,,NASA_POWER_daily,,,district,False,False,F,"NASA POWER daily T2M_MAX/T2M_MIN (MERRA-2, ~0.5 deg) at district centroid; GDD base 10C; heatwave = 3+ consecutive days >= 30.0C."
Kakumiro,2023,second,1595.765,30,0,1,4,,,NASA_POWER_daily,,,district,False,False,F,"NASA POWER daily T2M_MAX/T2M_MIN (MERRA-2, ~0.5 deg) at district centroid; GDD base 10C; heatwave = 3+ consecutive days >= 30.0C."
Kalangala,2015,first,1597.965,2,0,101,0,,,NASA_POWER_daily,,,district,False,False,F,"NASA POWER daily T2M_MAX/T2M_MIN (MERRA-2, ~0.5 deg) at district centroid; GDD base 10C; heatwave = 3+ consecutive days >= 30.0C."
Kalangala,2015,second,1605.5849999999998,0,0,95,0,,,NASA_POWER_daily,,,district,False,False,F,"NASA POWER daily T2M_MAX/T2M_MIN (MERRA-2, ~0.5 deg) at district centroid; GDD base 10C; heatwave = 3+ consecutive days >= 30.0C."
Kalangala,2016,first,1634.995,2,0,109,0,,,NASA_POWER_daily,,,district,False,False,F,"NASA POWER daily T2M_MAX/T2M_MIN (MERRA-2, ~0.5 deg) at district centroid; GDD base 10C; heatwave = 3+ consecutive days >= 30.0C."
Kalangala,2016,second,1623.33,0,0,102,0,,,NASA_POWER_daily,,,district,False,False,F,"NASA POWER daily T2M_MAX/T2M_MIN (MERRA-2, ~0.5 deg) at district centroid; GDD base 10C; heatwave = 3+ consecutive days >= 30.0C."
Kalangala,2017,first,1593.475,0,0,110,0,,,NASA_POWER_daily,,,district,False,False,F,"NASA POWER daily T2M_MAX/T2M_MIN (MERRA-2, ~0.5 deg) at district centroid; GDD base 10C; heatwave = 3+ consecutive days >= 30.0C."
Kalangala,2017,second,1593.655,0,0,96,0,,,NASA_POWER_daily,,,district,False,False,F,"NASA POWER daily T2M_MAX/T2M_MIN (MERRA-2, ~0.5 deg) at district centroid; GDD base 10C; heatwave = 3+ consecutive days >= 30.0C."
Kalangala,2018,first,1461.3599999999997,0,0,60,0,,,NASA_POWER_daily,,,district,False,False,F,"NASA POWER daily T2M_MAX/T2M_MIN (MERRA-2, ~0.5 deg) at district centroid; GDD base 10C; heatwave = 3+ consecutive days >= 30.0C."
Kalangala,2018,second,1585.7949999999998,0,0,91,0,,,NASA_POWER_daily,,,district,False,False,F,"NASA POWER daily T2M_MAX/T2M_MIN (MERRA-2, ~0.5 deg) at district centroid; GDD base 10C; heatwave = 3+ consecutive days >= 30.0C."
Kalangala,2019,first,1599.58,0,0,95,0,,,NASA_POWER_daily,,,district,False,False,F,"NASA POWER daily T2M_MAX/T2M_MIN (MERRA-2, ~0.5 deg) at district centroid; GDD base 10C; heatwave = 3+ consecutive days >= 30.0C."
Kalangala,2019,second,1537.215,0,0,85,0,,,NASA_POWER_daily,,,district,False,False,F,"NASA POWER daily T2M_MAX/T2M_MIN (MERRA-2, ~0.5 deg) at district centroid; GDD base 10C; heatwave = 3+ consecutive days >= 30.0C."
Kalangala,2020,first,1501.2349999999997,0,0,87,0,,,NASA_POWER_daily,,,district,False,False,F,"NASA POWER daily T2M_MAX/T2M_MIN (MERRA-2, ~0.5 deg) at district centroid; GDD base 10C; heatwave = 3+ consecutive days >= 30.0C."
Kalangala,2020,second,1518.5,0,0,84,0,,,NASA_POWER_daily,,,district,False,False,F,"NASA POWER daily T2M_MAX/T2M_MIN (MERRA-2, ~0.5 deg) at district centroid; GDD base 10C; heatwave = 3+ consecutive days >= 30.0C."
Kalangala,2021,first,1488.12,0,0,78,0,,,NASA_POWER_daily,,,district,False,False,F,"NASA POWER daily T2M_MAX/T2M_MIN (MERRA-2, ~0.5 deg) at district centroid; GDD base 10C; heatwave = 3+ consecutive days >= 30.0C."
Kalangala,2021,second,1582.59,0,0,104,0,,,NASA_POWER_daily,,,district,False,False,F,"NASA POWER daily T2M_MAX/T2M_MIN (MERRA-2, ~0.5 deg) at district centroid; GDD base 10C; heatwave = 3+ consecutive days >= 30.0C."
Kalangala,2022,first,1531.49,0,0,88,0,,,NASA_POWER_daily,,,district,False,False,F,"NASA POWER daily T2M_MAX/T2M_MIN (MERRA-2, ~0.5 deg) at district centroid; GDD base 10C; heatwave = 3+ consecutive days >= 30.0C."
Kalangala,2022,second,1522.1500000000003,0,0,88,0,,,NASA_POWER_daily,,,district,False,False,F,"NASA POWER daily T2M_MAX/T2M_MIN (MERRA-2, ~0.5 deg) at district centroid; GDD base 10C; heatwave = 3+ consecutive days >= 30.0C."
Kalangala,2023,first,1554.555,0,0,102,0,,,NASA_POWER_daily,,,district,False,False,F,"NASA POWER daily T2M_MAX/T2M_MIN (MERRA-2, ~0.5 deg) at district centroid; GDD base 10C; heatwave = 3+ consecutive days >= 30.0C."
Kalangala,2023,second,1616.7849999999999,0,0,114,0,,,NASA_POWER_daily,,,district,False,False,F,"NASA POWER daily T2M_MAX/T2M_MIN (MERRA-2, ~0.5 deg) at district centroid; GDD base 10C; heatwave = 3+ consecutive days >= 30.0C."
Kaliro,2015,first,1726.59,31,24,23,2,,,NASA_POWER_daily,,,district,False,False,F,"NASA POWER daily T2M_MAX/T2M_MIN (MERRA-2, ~0.5 deg) at district centroid; GDD base 10C; heatwave = 3+ consecutive days >= 30.0C."
Kaliro,2015,second,1672.265,17,0,18,2,,,NASA_POWER_daily,,,district,False,False,F,"NASA POWER daily T2M_MAX/T2M_MIN (MERRA-2, ~0.5 deg) at district centroid; GDD base 10C; heatwave = 3+ consecutive days >= 30.0C."
Kaliro,2016,first,1731.635,37,17,37,3,,,NASA_POWER_daily,,,district,False,False,F,"NASA POWER daily T2M_MAX/T2M_MIN (MERRA-2, ~0.5 deg) at district centroid; GDD base 10C; heatwave = 3+ consecutive days >= 30.0C."
Kaliro,2016,second,1698.5,36,0,16,6,,,NASA_POWER_daily,,,district,False,False,F,"NASA POWER daily T2M_MAX/T2M_MIN (MERRA-2, ~0.5 deg) at district centroid; GDD base 10C; heatwave = 3+ consecutive days >= 30.0C."
Kaliro,2017,first,1766.7950000000003,46,10,36,4,,,NASA_POWER_daily,,,district,False,False,F,"NASA POWER daily T2M_MAX/T2M_MIN (MERRA-2, ~0.5 deg) at district centroid; GDD base 10C; heatwave = 3+ consecutive days >= 30.0C."
Kaliro,2017,second,1618.4450000000002,11,0,5,1,,,NASA_POWER_daily,,,district,False,False,F,"NASA POWER daily T2M_MAX/T2M_MIN (MERRA-2, ~0.5 deg) at district centroid; GDD base 10C; heatwave = 3+ consecutive days >= 30.0C."
Kaliro,2018,first,1526.5749999999998,13,0,3,2,,,NASA_POWER_daily,,,district,False,False,F,"NASA POWER daily T2M_MAX/T2M_MIN (MERRA-2, ~0.5 deg) at district centroid; GDD base 10C; heatwave = 3+ consecutive days >= 30.0C."
Kaliro,2018,second,1604.915,16,0,8,1,,,NASA_POWER_daily,,,district,False,False,F,"NASA POWER daily T2M_MAX/T2M_MIN (MERRA-2, ~0.5 deg) at district centroid; GDD base 10C; heatwave = 3+ consecutive days >= 30.0C."
Kaliro,2019,first,1762.6699999999998,52,14,36,4,,,NASA_POWER_daily,,,district,False,False,F,"NASA POWER daily T2M_MAX/T2M_MIN (MERRA-2, ~0.5 deg) at district centroid; GDD base 10C; heatwave = 3+ consecutive days >= 30.0C."
Kaliro,2019,second,1549.76,0,0,2,0,,,NASA_POWER_daily,,,district,False,False,F,"NASA POWER daily T2M_MAX/T2M_MIN (MERRA-2, ~0.5 deg) at district centroid; GDD base 10C; heatwave = 3+ consecutive days >= 30.0C."
Kaliro,2020,first,1562.37,10,0,14,1,,,NASA_POWER_daily,,,district,False,False,F,"NASA POWER daily T2M_MAX/T2M_MIN (MERRA-2, ~0.5 deg) at district centroid; GDD base 10C; heatwave = 3+ consecutive days >= 30.0C."
Kaliro,2020,second,1527.4599999999998,0,0,1,0,,,NASA_POWER_daily,,,district,False,False,F,"NASA POWER daily T2M_MAX/T2M_MIN (MERRA-2, ~0.5 deg) at district centroid; GDD base 10C; heatwave = 3+ consecutive days >= 30.0C."
Kaliro,2021,first,1635.915,29,0,7,2,,,NASA_POWER_daily,,,district,False,False,F,"NASA POWER daily T2M_MAX/T2M_MIN (MERRA-2, ~0.5 deg) at district centroid; GDD base 10C; heatwave = 3+ consecutive days >= 30.0C."
Kaliro,2021,second,1699.995,35,0,14,6,,,NASA_POWER_daily,,,district,False,False,F,"NASA POWER daily T2M_MAX/T2M_MIN (MERRA-2, ~0.5 deg) at district centroid; GDD base 10C; heatwave = 3+ consecutive days >= 30.0C."
Kaliro,2022,first,1805.19,52,22,36,4,,,NASA_POWER_daily,,,district,False,False,F,"NASA POWER daily T2M_MAX/T2M_MIN (MERRA-2, ~0.5 deg) at district centroid; GDD base 10C; heatwave = 3+ consecutive days >= 30.0C."
Kaliro,2022,second,1626.085,6,0,5,0,,,NASA_POWER_daily,,,district,False,False,F,"NASA POWER daily T2M_MAX/T2M_MIN (MERRA-2, ~0.5 deg) at district centroid; GDD base 10C; heatwave = 3+ consecutive days >= 30.0C."
Kaliro,2023,first,1666.765,27,5,17,3,,,NASA_POWER_daily,,,district,False,False,F,"NASA POWER daily T2M_MAX/T2M_MIN (MERRA-2, ~0.5 deg) at district centroid; GDD base 10C; heatwave = 3+ consecutive days >= 30.0C."
Kaliro,2023,second,1662.97,6,0,19,0,,,NASA_POWER_daily,,,district,False,False,F,"NASA POWER daily T2M_MAX/T2M_MIN (MERRA-2, ~0.5 deg) at district centroid; GDD base 10C; heatwave = 3+ consecutive days >= 30.0C."
Kalungu,2015,first,1464.1699999999998,10,0,9,2,,,NASA_POWER_daily,,,district,False,False,F,"NASA POWER daily T2M_MAX/T2M_MIN (MERRA-2, ~0.5 deg) at district centroid; GDD base 10C; heatwave = 3+ consecutive days >= 30.0C."
Kalungu,2015,second,1465.7849999999999,0,0,8,0,,,NASA_POWER_daily,,,district,False,False,F,"NASA POWER daily T2M_MAX/T2M_MIN (MERRA-2, ~0.5 deg) at district centroid; GDD base 10C; heatwave = 3+ consecutive days >= 30.0C."
Kalungu,2016,first,1491.795,5,0,13,1,,,NASA_POWER_daily,,,district,False,False,F,"NASA POWER daily T2M_MAX/T2M_MIN (MERRA-2, ~0.5 deg) at district centroid; GDD base 10C; heatwave = 3+ consecutive days >= 30.0C."
Kalungu,2016,second,1480.635,0,0,0,0,,,NASA_POWER_daily,,,district,False,False,F,"NASA POWER daily T2M_MAX/T2M_MIN (MERRA-2, ~0.5 deg) at district centroid; GDD base 10C; heatwave = 3+ consecutive days >= 30.0C."
Kalungu,2017,first,1460.845,2,0,5,0,,,NASA_POWER_daily,,,district,False,False,F,"NASA POWER daily T2M_MAX/T2M_MIN (MERRA-2, ~0.5 deg) at district centroid; GDD base 10C; heatwave = 3+ consecutive days >= 30.0C."
Kalungu,2017,second,1448.6300000000003,0,0,0,0,,,NASA_POWER_daily,,,district,False,False,F,"NASA POWER daily T2M_MAX/T2M_MIN (MERRA-2, ~0.5 deg) at district centroid; GDD base 10C; heatwave = 3+ consecutive days >= 30.0C."
Kalungu,2018,first,1363.54,0,0,1,0,,,NASA_POWER_daily,,,district,False,False,F,"NASA POWER daily T2M_MAX/T2M_MIN (MERRA-2, ~0.5 deg) at district centroid; GDD base 10C; heatwave = 3+ consecutive days >= 30.0C."
Kalungu,2018,second,1449.8049999999998,0,0,2,0,,,NASA_POWER_daily,,,district,False,False,F,"NASA POWER daily T2M_MAX/T2M_MIN (MERRA-2, ~0.5 deg) at district centroid; GDD base 10C; heatwave = 3+ consecutive days >= 30.0C."
Kalungu,2019,first,1520.43,10,0,17,2,,,NASA_POWER_daily,,,district,False,False,F,"NASA POWER daily T2M_MAX/T2M_MIN (MERRA-2, ~0.5 deg) at district centroid; GDD base 10C; heatwave = 3+ consecutive days >= 30.0C."
Kalungu,2019,second,1402.33,0,0,1,0,,,NASA_POWER_daily,,,district,False,False,F,"NASA POWER daily T2M_MAX/T2M_MIN (MERRA-2, ~0.5 deg) at district centroid; GDD base 10C; heatwave = 3+ consecutive days >= 30.0C."
Kalungu,2020,first,1386.065,0,0,1,0,,,NASA_POWER_daily,,,district,False,False,F,"NASA POWER daily T2M_MAX/T2M_MIN (MERRA-2, ~0.5 deg) at district centroid; GDD base 10C; heatwave = 3+ consecutive days >= 30.0C."
Kalungu,2020,second,1385.38,0,0,0,0,,,NASA_POWER_daily,,,district,False,False,F,"NASA POWER daily T2M_MAX/T2M_MIN (MERRA-2, ~0.5 deg) at district centroid; GDD base 10C; heatwave = 3+ consecutive days >= 30.0C."
Kalungu,2021,first,1378.8049999999998,0,0,2,0,,,NASA_POWER_daily,,,district,False,False,F,"NASA POWER daily T2M_MAX/T2M_MIN (MERRA-2, ~0.5 deg) at district centroid; GDD base 10C; heatwave = 3+ consecutive days >= 30.0C."
Kalungu,2021,second,1466.26,0,0,2,0,,,NASA_POWER_daily,,,district,False,False,F,"NASA POWER daily T2M_MAX/T2M_MIN (MERRA-2, ~0.5 deg) at district centroid; GDD base 10C; heatwave = 3+ consecutive days >= 30.0C."
Kalungu,2022,first,1436.325,1,0,4,0,,,NASA_POWER_daily,,,district,False,False,F,"NASA POWER daily T2M_MAX/T2M_MIN (MERRA-2, ~0.5 deg) at district centroid; GDD base 10C; heatwave = 3+ consecutive days >= 30.0C."
Kalungu,2022,second,1389.9099999999999,0,0,0,0,,,NASA_POWER_daily,,,district,False,False,F,"NASA POWER daily T2M_MAX/T2M_MIN (MERRA-2, ~0.5 deg) at district centroid; GDD base 10C; heatwave = 3+ consecutive days >= 30.0C."
Kalungu,2023,first,1436.3749999999998,1,0,0,0,,,NASA_POWER_daily,,,district,False,False,F,"NASA POWER daily T2M_MAX/T2M_MIN (MERRA-2, ~0.5 deg) at district centroid; GDD base 10C; heatwave = 3+ consecutive days >= 30.0C."
Kalungu,2023,second,1502.495,1,0,16,0,,,NASA_POWER_daily,,,district,False,False,F,"NASA POWER daily T2M_MAX/T2M_MIN (MERRA-2, ~0.5 deg) at district centroid; GDD base 10C; heatwave = 3+ consecutive days >= 30.0C."
Kamuli,2015,first,1681.9750000000001,26,19,18,1,,,NASA_POWER_daily,,,district,False,False,F,"NASA POWER daily T2M_MAX/T2M_MIN (MERRA-2, ~0.5 deg) at district centroid; GDD base 10C; heatwave = 3+ consecutive days >= 30.0C."
Kamuli,2015,second,1697.0649999999998,42,0,36,5,,,NASA_POWER_daily,,,district,False,False,F,"NASA POWER daily T2M_MAX/T2M_MIN (MERRA-2, ~0.5 deg) at district centroid; GDD base 10C; heatwave = 3+ consecutive days >= 30.0C."
Kamuli,2016,first,1709.955,35,9,32,2,,,NASA_POWER_daily,,,district,False,False,F,"NASA POWER daily T2M_MAX/T2M_MIN (MERRA-2, ~0.5 deg) at district centroid; GDD base 10C; heatwave = 3+ consecutive days >= 30.0C."
Kamuli,2016,second,1784.525,61,0,31,9,,,NASA_POWER_daily,,,district,False,False,F,"NASA POWER daily T2M_MAX/T2M_MIN (MERRA-2, ~0.5 deg) at district centroid; GDD base 10C; heatwave = 3+ consecutive days >= 30.0C."
Kamuli,2017,first,1752.8899999999999,41,8,28,5,,,NASA_POWER_daily,,,district,False,False,F,"NASA POWER daily T2M_MAX/T2M_MIN (MERRA-2, ~0.5 deg) at district centroid; GDD base 10C; heatwave = 3+ consecutive days >= 30.0C."
Kamuli,2017,second,1695.6699999999998,35,0,13,3,,,NASA_POWER_daily,,,district,False,False,F,"NASA POWER daily T2M_MAX/T2M_MIN (MERRA-2, ~0.5 deg) at district centroid; GDD base 10C; heatwave = 3+ consecutive days >= 30.0C."
Kamuli,2018,first,1550.085,12,0,5,3,,,NASA_POWER_daily,,,district,False,False,F,"NASA POWER daily T2M_MAX/T2M_MIN (MERRA-2, ~0.5 deg) at district centroid; GDD base 10C; heatwave = 3+ consecutive days >= 30.0C."
Kamuli,2018,second,1680.035,36,0,12,4,,,NASA_POWER_daily,,,district,False,False,F,"NASA POWER daily T2M_MAX/T2M_MIN (MERRA-2, ~0.5 deg) at district centroid; GDD base 10C; heatwave = 3+ consecutive days >= 30.0C."
Kamuli,2019,first,1793.2050000000002,47,18,48,3,,,NASA_POWER_daily,,,district,False,False,F,"NASA POWER daily T2M_MAX/T2M_MIN (MERRA-2, ~0.5 deg) at district centroid; GDD base 10C; heatwave = 3+ consecutive days >= 30.0C."
Kamuli,2019,second,1572.9950000000001,4,0,6,0,,,NASA_POWER_daily,,,district,False,False,F,"NASA POWER daily T2M_MAX/T2M_MIN (MERRA-2, ~0.5 deg) at district centroid; GDD base 10C; heatwave = 3+ consecutive days >= 30.0C."
Kamuli,2020,first,1552.0649999999998,2,0,14,0,,,NASA_POWER_daily,,,district,False,False,F,"NASA POWER daily T2M_MAX/T2M_MIN (MERRA-2, ~0.5 deg) at district centroid; GDD base 10C; heatwave = 3+ consecutive days >= 30.0C."
Kamuli,2020,second,1542.4850000000001,0,0,2,0,,,NASA_POWER_daily,,,district,False,False,F,"NASA POWER daily T2M_MAX/T2M_MIN (MERRA-2, ~0.5 deg) at district centroid; GDD base 10C; heatwave = 3+ consecutive days >= 30.0C."
Kamuli,2021,first,1676.045,29,0,11,2,,,NASA_POWER_daily,,,district,False,False,F,"NASA POWER daily T2M_MAX/T2M_MIN (MERRA-2, ~0.5 deg) at district centroid; GDD base 10C; heatwave = 3+ consecutive days >= 30.0C."
Kamuli,2021,second,1791.9199999999998,68,0,26,8,,,NASA_POWER_daily,,,district,False,False,F,"NASA POWER daily T2M_MAX/T2M_MIN (MERRA-2, ~0.5 deg) at district centroid; GDD base 10C; heatwave = 3+ consecutive days >= 30.0C."
Kamuli,2022,first,1818.4950000000001,60,18,36,4,,,NASA_POWER_daily,,,district,False,False,F,"NASA POWER daily T2M_MAX/T2M_MIN (MERRA-2, ~0.5 deg) at district centroid; GDD base 10C; heatwave = 3+ consecutive days >= 30.0C."
Kamuli,2022,second,1690.51,35,0,14,4,,,NASA_POWER_daily,,,district,False,False,F,"NASA POWER daily T2M_MAX/T2M_MIN (MERRA-2, ~0.5 deg) at district centroid; GDD base 10C; heatwave = 3+ consecutive days >= 30.0C."
Kamuli,2023,first,1650.445,14,5,20,1,,,NASA_POWER_daily,,,district,False,False,F,"NASA POWER daily T2M_MAX/T2M_MIN (MERRA-2, ~0.5 deg) at district centroid; GDD base 10C; heatwave = 3+ consecutive days >= 30.0C."
Kamuli,2023,second,1698.5850000000003,27,0,36,3,,,NASA_POWER_daily,,,district,False,False,F,"NASA POWER daily T2M_MAX/T2M_MIN (MERRA-2, ~0.5 deg) at district centroid; GDD base 10C; heatwave = 3+ consecutive days >= 30.0C."
Kamwenge,2015,first,1429.7450000000001,17,0,1,3,,,NASA_POWER_daily,,,district,False,False,F,"NASA POWER daily T2M_MAX/T2M_MIN (MERRA-2, ~0.5 deg) at district centroid; GDD base 10C; heatwave = 3+ consecutive days >= 30.0C."
Kamwenge,2015,second,1422.955,11,0,0,1,,,NASA_POWER_daily,,,district,False,False,F,"NASA POWER daily T2M_MAX/T2M_MIN (MERRA-2, ~0.5 deg) at district centroid; GDD base 10C; heatwave = 3+ consecutive days >= 30.0C."
Kamwenge,2016,first,1445.2350000000001,7,0,0,1,,,NASA_POWER_daily,,,district,False,False,F,"NASA POWER daily T2M_MAX/T2M_MIN (MERRA-2, ~0.5 deg) at district centroid; GDD base 10C; heatwave = 3+ consecutive days >= 30.0C."
Kamwenge,2016,second,1378.7499999999995,2,0,0,0,,,NASA_POWER_daily,,,district,False,False,F,"NASA POWER daily T2M_MAX/T2M_MIN (MERRA-2, ~0.5 deg) at district centroid; GDD base 10C; heatwave = 3+ consecutive days >= 30.0C."
Kamwenge,2017,first,1384.07,2,0,0,0,,,NASA_POWER_daily,,,district,False,False,F,"NASA POWER daily T2M_MAX/T2M_MIN (MERRA-2, ~0.5 deg) at district centroid; GDD base 10C; heatwave = 3+ consecutive days >= 30.0C."
Kamwenge,2017,second,1366.69,0,0,0,0,,,NASA_POWER_daily,,,district,False,False,F,"NASA POWER daily T2M_MAX/T2M_MIN (MERRA-2, ~0.5 deg) at district centroid; GDD base 10C; heatwave = 3+ consecutive days >= 30.0C."
Kamwenge,2018,first,1284.98,0,0,0,0,,,NASA_POWER_daily,,,district,False,False,F,"NASA POWER daily T2M_MAX/T2M_MIN (MERRA-2, ~0.5 deg) at district centroid; GDD base 10C; heatwave = 3+ consecutive days >= 30.0C."
Kamwenge,2018,second,1347.23,0,0,0,0,,,NASA_POWER_daily,,,district,False,False,F,"NASA POWER daily T2M_MAX/T2M_MIN (MERRA-2, ~0.5 deg) at district centroid; GDD base 10C; heatwave = 3+ consecutive days >= 30.0C."
Kamwenge,2019,first,1470.34,17,0,0,3,,,NASA_POWER_daily,,,district,False,False,F,"NASA POWER daily T2M_MAX/T2M_MIN (MERRA-2, ~0.5 deg) at district centroid; GDD base 10C; heatwave = 3+ consecutive days >= 30.0C."
Kamwenge,2019,second,1330.2600000000002,0,0,0,0,,,NASA_POWER_daily,,,district,False,False,F,"NASA POWER daily T2M_MAX/T2M_MIN (MERRA-2, ~0.5 deg) at district centroid; GDD base 10C; heatwave = 3+ consecutive days >= 30.0C."
Kamwenge,2020,first,1345.195,0,0,0,0,,,NASA_POWER_daily,,,district,False,False,F,"NASA POWER daily T2M_MAX/T2M_MIN (MERRA-2, ~0.5 deg) at district centroid; GDD base 10C; heatwave = 3+ consecutive days >= 30.0C."
Kamwenge,2020,second,1306.5700000000002,0,0,0,0,,,NASA_POWER_daily,,,district,False,False,F,"NASA POWER daily T2M_MAX/T2M_MIN (MERRA-2, ~0.5 deg) at district centroid; GDD base 10C; heatwave = 3+ consecutive days >= 30.0C."
Kamwenge,2021,first,1319.1449999999998,0,0,0,0,,,NASA_POWER_daily,,,district,False,False,F,"NASA POWER daily T2M_MAX/T2M_MIN (MERRA-2, ~0.5 deg) at district centroid; GDD base 10C; heatwave = 3+ consecutive days >= 30.0C."
Kamwenge,2021,second,1416.3100000000002,6,0,0,1,,,NASA_POWER_daily,,,district,False,False,F,"NASA POWER daily T2M_MAX/T2M_MIN (MERRA-2, ~0.5 deg) at district centroid; GDD base 10C; heatwave = 3+ consecutive days >= 30.0C."
Kamwenge,2022,first,1427.51,15,0,0,1,,,NASA_POWER_daily,,,district,False,False,F,"NASA POWER daily T2M_MAX/T2M_MIN (MERRA-2, ~0.5 deg) at district centroid; GDD base 10C; heatwave = 3+ consecutive days >= 30.0C."
Kamwenge,2022,second,1317.6899999999998,0,0,0,0,,,NASA_POWER_daily,,,district,False,False,F,"NASA POWER daily T2M_MAX/T2M_MIN (MERRA-2, ~0.5 deg) at district centroid; GDD base 10C; heatwave = 3+ consecutive days >= 30.0C."
Kamwenge,2023,first,1395.8550000000002,3,0,0,1,,,NASA_POWER_daily,,,district,False,False,F,"NASA POWER daily T2M_MAX/T2M_MIN (MERRA-2, ~0.5 deg) at district centroid; GDD base 10C; heatwave = 3+ consecutive days >= 30.0C."
Kamwenge,2023,second,1463.95,14,0,0,2,,,NASA_POWER_daily,,,district,False,False,F,"NASA POWER daily T2M_MAX/T2M_MIN (MERRA-2, ~0.5 deg) at district centroid; GDD base 10C; heatwave = 3+ consecutive days >= 30.0C."
Kanungu,2015,first,1250.095,3,0,0,0,,,NASA_POWER_daily,,,district,False,False,F,"NASA POWER daily T2M_MAX/T2M_MIN (MERRA-2, ~0.5 deg) at district centroid; GDD base 10C; heatwave = 3+ consecutive days >= 30.0C."
Kanungu,2015,second,1291.1799999999998,0,0,0,0,,,NASA_POWER_daily,,,district,False,False,F,"NASA POWER daily T2M_MAX/T2M_MIN (MERRA-2, ~0.5 deg) at district centroid; GDD base 10C; heatwave = 3+ consecutive days >= 30.0C."
Kanungu,2016,first,1316.065,6,0,0,0,,,NASA_POWER_daily,,,district,False,False,F,"NASA POWER daily T2M_MAX/T2M_MIN (MERRA-2, ~0.5 deg) at district centroid; GDD base 10C; heatwave = 3+ consecutive days >= 30.0C."
Kanungu,2016,second,1315.5400000000002,3,0,0,0,,,NASA_POWER_daily,,,district,False,False,F,"NASA POWER daily T2M_MAX/T2M_MIN (MERRA-2, ~0.5 deg) at district centroid; GDD base 10C; heatwave = 3+ consecutive days >= 30.0C."
Kanungu,2017,first,1242.9,1,0,0,0,,,NASA_POWER_daily,,,district,False,False,F,"NASA POWER daily T2M_MAX/T2M_MIN (MERRA-2, ~0.5 deg) at district centroid; GDD base 10C; heatwave = 3+ consecutive days >= 30.0C."
Kanungu,2017,second,1288.085,0,0,0,0,,,NASA_POWER_daily,,,district,False,False,F,"NASA POWER daily T2M_MAX/T2M_MIN (MERRA-2, ~0.5 deg) at district centroid; GDD base 10C; heatwave = 3+ consecutive days >= 30.0C."
Kanungu,2018,first,1148.8149999999998,0,0,0,0,,,NASA_POWER_daily,,,district,False,False,F,"NASA POWER daily T2M_MAX/T2M_MIN (MERRA-2, ~0.5 deg) at district centroid; GDD base 10C; heatwave = 3+ consecutive days >= 30.0C."
Kanungu,2018,second,1221.5149999999999,0,0,0,0,,,NASA_POWER_daily,,,district,False,False,F,"NASA POWER daily T2M_MAX/T2M_MIN (MERRA-2, ~0.5 deg) at district centroid; GDD base 10C; heatwave = 3+ consecutive days >= 30.0C."
Kanungu,2019,first,1270.7549999999999,1,0,0,0,,,NASA_POWER_daily,,,district,False,False,F,"NASA POWER daily T2M_MAX/T2M_MIN (MERRA-2, ~0.5 deg) at district centroid; GDD base 10C; heatwave = 3+ consecutive days >= 30.0C."
Kanungu,2019,second,1209.0149999999999,0,0,0,0,,,NASA_POWER_daily,,,district,False,False,F,"NASA POWER daily T2M_MAX/T2M_MIN (MERRA-2, ~0.5 deg) at district centroid; GDD base 10C; heatwave = 3+ consecutive days >= 30.0C."
Kanungu,2020,first,1202.9550000000002,0,0,0,0,,,NASA_POWER_daily,,,district,False,False,F,"NASA POWER daily T2M_MAX/T2M_MIN (MERRA-2, ~0.5 deg) at district centroid; GDD base 10C; heatwave = 3+ consecutive days >= 30.0C."
Kanungu,2020,second,1202.845,0,0,0,0,,,NASA_POWER_daily,,,district,False,False,F,"NASA POWER daily T2M_MAX/T2M_MIN (MERRA-2, ~0.5 deg) at district centroid; GDD base 10C; heatwave = 3+ consecutive days >= 30.0C."
Kanungu,2021,first,1164.99,0,0,0,0,,,NASA_POWER_daily,,,district,False,False,F,"NASA POWER daily T2M_MAX/T2M_MIN (MERRA-2, ~0.5 deg) at district centroid; GDD base 10C; heatwave = 3+ consecutive days >= 30.0C."
Kanungu,2021,second,1223.995,0,0,0,0,,,NASA_POWER_daily,,,district,False,False,F,"NASA POWER daily T2M_MAX/T2M_MIN (MERRA-2, ~0.5 deg) at district centroid; GDD base 10C; heatwave = 3+ consecutive days >= 30.0C."
Kanungu,2022,first,1196.28,0,0,0,0,,,NASA_POWER_daily,,,district,False,False,F,"NASA POWER daily T2M_MAX/T2M_MIN (MERRA-2, ~0.5 deg) at district centroid; GDD base 10C; heatwave = 3+ consecutive days >= 30.0C."
Kanungu,2022,second,1160.8249999999998,0,0,0,0,,,NASA_POWER_daily,,,district,False,False,F,"NASA POWER daily T2M_MAX/T2M_MIN (MERRA-2, ~0.5 deg) at district centroid; GDD base 10C; heatwave = 3+ consecutive days >= 30.0C."
Kanungu,2023,first,1231.4550000000002,0,0,0,0,,,NASA_POWER_daily,,,district,False,False,F,"NASA POWER daily T2M_MAX/T2M_MIN (MERRA-2, ~0.5 deg) at district centroid; GDD base 10C; heatwave = 3+ consecutive days >= 30.0C."
Kanungu,2023,second,1322.8200000000002,2,0,0,0,,,NASA_POWER_daily,,,district,False,False,F,"NASA POWER daily T2M_MAX/T2M_MIN (MERRA-2, ~0.5 deg) at district centroid; GDD base 10C; heatwave = 3+ consecutive days >= 30.0C."
Kapchorwa,2015,first,1635.3999999999999,40,20,1,4,,,NASA_POWER_daily,,,district,False,False,F,"NASA POWER daily T2M_MAX/T2M_MIN (MERRA-2, ~0.5 deg) at district centroid; GDD base 10C; heatwave = 3+ consecutive days >= 30.0C."
Kapchorwa,2015,second,1605.0449999999998,40,0,0,8,,,NASA_POWER_daily,,,district,False,False,F,"NASA POWER daily T2M_MAX/T2M_MIN (MERRA-2, ~0.5 deg) at district centroid; GDD base 10C; heatwave = 3+ consecutive days >= 30.0C."
Kapchorwa,2016,first,1669.3899999999999,52,17,19,4,,,NASA_POWER_daily,,,district,False,False,F,"NASA POWER daily T2M_MAX/T2M_MIN (MERRA-2, ~0.5 deg) at district centroid; GDD base 10C; heatwave = 3+ consecutive days >= 30.0C."
Kapchorwa,2016,second,1537.42,33,0,0,5,,,NASA_POWER_daily,,,district,False,False,F,"NASA POWER daily T2M_MAX/T2M_MIN (MERRA-2, ~0.5 deg) at district centroid; GDD base 10C; heatwave = 3+ consecutive days >= 30.0C."
Kapchorwa,2017,first,1691.4399999999998,61,3,1,6,,,NASA_POWER_daily,,,district,False,False,F,"NASA POWER daily T2M_MAX/T2M_MIN (MERRA-2, ~0.5 deg) at district centroid; GDD base 10C; heatwave = 3+ consecutive days >= 30.0C."
Kapchorwa,2017,second,1478.44,11,0,0,1,,,NASA_POWER_daily,,,district,False,False,F,"NASA POWER daily T2M_MAX/T2M_MIN (MERRA-2, ~0.5 deg) at district centroid; GDD base 10C; heatwave = 3+ consecutive days >= 30.0C."
Kapchorwa,2018,first,1400.2150000000001,13,0,0,2,,,NASA_POWER_daily,,,district,False,False,F,"NASA POWER daily T2M_MAX/T2M_MIN (MERRA-2, ~0.5 deg) at district centroid; GDD base 10C; heatwave = 3+ consecutive days >= 30.0C."
Kapchorwa,2018,second,1499.9600000000003,20,0,0,2,,,NASA_POWER_daily,,,district,False,False,F,"NASA POWER daily T2M_MAX/T2M_MIN (MERRA-2, ~0.5 deg) at district centroid; GDD base 10C; heatwave = 3+ consecutive days >= 30.0C."
Kapchorwa,2019,first,1707.3999999999999,59,20,7,5,,,NASA_POWER_daily,,,district,False,False,F,"NASA POWER daily T2M_MAX/T2M_MIN (MERRA-2, ~0.5 deg) at district centroid; GDD base 10C; heatwave = 3+ consecutive days >= 30.0C."
Kapchorwa,2019,second,1402.125,0,0,0,0,,,NASA_POWER_daily,,,district,False,False,F,"NASA POWER daily T2M_MAX/T2M_MIN (MERRA-2, ~0.5 deg) at district centroid; GDD base 10C; heatwave = 3+ consecutive days >= 30.0C."
Kapchorwa,2020,first,1441.3149999999998,15,0,0,0,,,NASA_POWER_daily,,,district,False,False,F,"NASA POWER daily T2M_MAX/T2M_MIN (MERRA-2, ~0.5 deg) at district centroid; GDD base 10C; heatwave = 3+ consecutive days >= 30.0C."
Kapchorwa,2020,second,1328.7149999999997,0,0,0,0,,,NASA_POWER_daily,,,district,False,False,F,"NASA POWER daily T2M_MAX/T2M_MIN (MERRA-2, ~0.5 deg) at district centroid; GDD base 10C; heatwave = 3+ consecutive days >= 30.0C."
Kapchorwa,2021,first,1634.2799999999997,54,0,0,6,,,NASA_POWER_daily,,,district,False,False,F,"NASA POWER daily T2M_MAX/T2M_MIN (MERRA-2, ~0.5 deg) at district centroid; GDD base 10C; heatwave = 3+ consecutive days >= 30.0C."
Kapchorwa,2021,second,1613.505,48,0,0,7,,,NASA_POWER_daily,,,district,False,False,F,"NASA POWER daily T2M_MAX/T2M_MIN (MERRA-2, ~0.5 deg) at district centroid; GDD base 10C; heatwave = 3+ consecutive days >= 30.0C."
Kapchorwa,2022,first,1715.725,66,11,1,4,,,NASA_POWER_daily,,,district,False,False,F,"NASA POWER daily T2M_MAX/T2M_MIN (MERRA-2, ~0.5 deg) at district centroid; GDD base 10C; heatwave = 3+ consecutive days >= 30.0C."
Kapchorwa,2022,second,1459.1999999999998,10,0,0,2,,,NASA_POWER_daily,,,district,False,False,F,"NASA POWER daily T2M_MAX/T2M_MIN (MERRA-2, ~0.5 deg) at district centroid; GDD base 10C; heatwave = 3+ consecutive days >= 30.0C."
Kapchorwa,2023,first,1558.4849999999997,24,5,3,3,,,NASA_POWER_daily,,,district,False,False,F,"NASA POWER daily T2M_MAX/T2M_MIN (MERRA-2, ~0.5 deg) at district centroid; GDD base 10C; heatwave = 3+ consecutive days >= 30.0C."
Kapchorwa,2023,second,1577.92,24,0,0,4,,,NASA_POWER_daily,,,district,False,False,F,"NASA POWER daily T2M_MAX/T2M_MIN (MERRA-2, ~0.5 deg) at district centroid; GDD base 10C; heatwave = 3+ consecutive days >= 30.0C."
Kasese,2015,first,1541.2250000000001,14,0,6,3,,,NASA_POWER_daily,,,district,False,False,F,"NASA POWER daily T2M_MAX/T2M_MIN (MERRA-2, ~0.5 deg) at district centroid; GDD base 10C; heatwave = 3+ consecutive days >= 30.0C."
Kasese,2015,second,1545.0400000000002,15,0,0,2,,,NASA_POWER_daily,,,district,False,False,F,"NASA POWER daily T2M_MAX/T2M_MIN (MERRA-2, ~0.5 deg) at district centroid; GDD base 10C; heatwave = 3+ consecutive days >= 30.0C."
Kasese,2016,first,1578.2500000000002,14,0,13,2,,,NASA_POWER_daily,,,district,False,False,F,"NASA POWER daily T2M_MAX/T2M_MIN (MERRA-2, ~0.5 deg) at district centroid; GDD base 10C; heatwave = 3+ consecutive days >= 30.0C."
Kasese,2016,second,1523.225,11,0,0,1,,,NASA_POWER_daily,,,district,False,False,F,"NASA POWER daily T2M_MAX/T2M_MIN (MERRA-2, ~0.5 deg) at district centroid; GDD base 10C; heatwave = 3+ consecutive days >= 30.0C."
Kasese,2017,first,1498.2699999999998,5,0,2,1,,,NASA_POWER_daily,,,district,False,False,F,"NASA POWER daily T2M_MAX/T2M_MIN (MERRA-2, ~0.5 deg) at district centroid; GDD base 10C; heatwave = 3+ consecutive days >= 30.0C."
Kasese,2017,second,1482.7,0,0,0,0,,,NASA_POWER_daily,,,district,False,False,F,"NASA POWER daily T2M_MAX/T2M_MIN (MERRA-2, ~0.5 deg) at district centroid; GDD base 10C; heatwave = 3+ consecutive days >= 30.0C."
Kasese,2018,first,1365.22,0,0,0,0,,,NASA_POWER_daily,,,district,False,False,F,"NASA POWER daily T2M_MAX/T2M_MIN (MERRA-2, ~0.5 deg) at district centroid; GDD base 10C; heatwave = 3+ consecutive days >= 30.0C."
Kasese,2018,second,1460.6000000000001,0,0,0,0,,,NASA_POWER_daily,,,district,False,False,F,"NASA POWER daily T2M_MAX/T2M_MIN (MERRA-2, ~0.5 deg) at district centroid; GDD base 10C; heatwave = 3+ consecutive days >= 30.0C."
Kasese,2019,first,1545.915,14,0,4,2,,,NASA_POWER_daily,,,district,False,False,F,"NASA POWER daily T2M_MAX/T2M_MIN (MERRA-2, ~0.5 deg) at district centroid; GDD base 10C; heatwave = 3+ consecutive days >= 30.0C."
Kasese,2019,second,1436.525,0,0,0,0,,,NASA_POWER_daily,,,district,False,False,F,"NASA POWER daily T2M_MAX/T2M_MIN (MERRA-2, ~0.5 deg) at district centroid; GDD base 10C; heatwave = 3+ consecutive days >= 30.0C."
Kasese,2020,first,1413.27,0,0,0,0,,,NASA_POWER_daily,,,district,False,False,F,"NASA POWER daily T2M_MAX/T2M_MIN (MERRA-2, ~0.5 deg) at district centroid; GDD base 10C; heatwave = 3+ consecutive days >= 30.0C."
Kasese,2020,second,1406.055,0,0,0,0,,,NASA_POWER_daily,,,district,False,False,F,"NASA POWER daily T2M_MAX/T2M_MIN (MERRA-2, ~0.5 deg) at district centroid; GDD base 10C; heatwave = 3+ consecutive days >= 30.0C."
Kasese,2021,first,1394.4,0,0,0,0,,,NASA_POWER_daily,,,district,False,False,F,"NASA POWER daily T2M_MAX/T2M_MIN (MERRA-2, ~0.5 deg) at district centroid; GDD base 10C; heatwave = 3+ consecutive days >= 30.0C."
Kasese,2021,second,1466.6200000000001,1,0,0,0,,,NASA_POWER_daily,,,district,False,False,F,"NASA POWER daily T2M_MAX/T2M_MIN (MERRA-2, ~0.5 deg) at district centroid; GDD base 10C; heatwave = 3+ consecutive days >= 30.0C."
Kasese,2022,first,1465.745,7,0,1,1,,,NASA_POWER_daily,,,district,False,False,F,"NASA POWER daily T2M_MAX/T2M_MIN (MERRA-2, ~0.5 deg) at district centroid; GDD base 10C; heatwave = 3+ consecutive days >= 30.0C."
Kasese,2022,second,1392.015,0,0,0,0,,,NASA_POWER_daily,,,district,False,False,F,"NASA POWER daily T2M_MAX/T2M_MIN (MERRA-2, ~0.5 deg) at district centroid; GDD base 10C; heatwave = 3+ consecutive days >= 30.0C."
Kasese,2023,first,1438.395,0,0,0,0,,,NASA_POWER_daily,,,district,False,False,F,"NASA POWER daily T2M_MAX/T2M_MIN (MERRA-2, ~0.5 deg) at district centroid; GDD base 10C; heatwave = 3+ consecutive days >= 30.0C."
Kasese,2023,second,1568.215,14,0,0,2,,,NASA_POWER_daily,,,district,False,False,F,"NASA POWER daily T2M_MAX/T2M_MIN (MERRA-2, ~0.5 deg) at district centroid; GDD base 10C; heatwave = 3+ consecutive days >= 30.0C."
Katakwi,2015,first,1877.5099999999998,61,24,50,6,,,NASA_POWER_daily,,,district,False,False,F,"NASA POWER daily T2M_MAX/T2M_MIN (MERRA-2, ~0.5 deg) at district centroid; GDD base 10C; heatwave = 3+ consecutive days >= 30.0C."
Katakwi,2015,second,1940.095,90,14,56,6,,,NASA_POWER_daily,,,district,False,False,F,"NASA POWER daily T2M_MAX/T2M_MIN (MERRA-2, ~0.5 deg) at district centroid; GDD base 10C; heatwave = 3+ consecutive days >= 30.0C."
Katakwi,2016,first,1964.245,71,28,80,4,,,NASA_POWER_daily,,,district,False,False,F,"NASA POWER daily T2M_MAX/T2M_MIN (MERRA-2, ~0.5 deg) at district centroid; GDD base 10C; heatwave = 3+ consecutive days >= 30.0C."
Katakwi,2016,second,1909.5049999999999,94,4,43,8,,,NASA_POWER_daily,,,district,False,False,F,"NASA POWER daily T2M_MAX/T2M_MIN (MERRA-2, ~0.5 deg) at district centroid; GDD base 10C; heatwave = 3+ consecutive days >= 30.0C."
Katakwi,2017,first,2005.47,86,33,79,9,,,NASA_POWER_daily,,,district,False,False,F,"NASA POWER daily T2M_MAX/T2M_MIN (MERRA-2, ~0.5 deg) at district centroid; GDD base 10C; heatwave = 3+ consecutive days >= 30.0C."
Katakwi,2017,second,1826.2100000000003,77,4,32,10,,,NASA_POWER_daily,,,district,False,False,F,"NASA POWER daily T2M_MAX/T2M_MIN (MERRA-2, ~0.5 deg) at district centroid; GDD base 10C; heatwave = 3+ consecutive days >= 30.0C."
Katakwi,2018,first,1691.055,28,5,26,3,,,NASA_POWER_daily,,,district,False,False,F,"NASA POWER daily T2M_MAX/T2M_MIN (MERRA-2, ~0.5 deg) at district centroid; GDD base 10C; heatwave = 3+ consecutive days >= 30.0C."
Katakwi,2018,second,1940.8600000000001,98,11,52,9,,,NASA_POWER_daily,,,district,False,False,F,"NASA POWER daily T2M_MAX/T2M_MIN (MERRA-2, ~0.5 deg) at district centroid; GDD base 10C; heatwave = 3+ consecutive days >= 30.0C."
Katakwi,2019,first,1982.375,77,38,69,5,,,NASA_POWER_daily,,,district,False,False,F,"NASA POWER daily T2M_MAX/T2M_MIN (MERRA-2, ~0.5 deg) at district centroid; GDD base 10C; heatwave = 3+ consecutive days >= 30.0C."
Katakwi,2019,second,1736.665,41,0,23,4,,,NASA_POWER_daily,,,district,False,False,F,"NASA POWER daily T2M_MAX/T2M_MIN (MERRA-2, ~0.5 deg) at district centroid; GDD base 10C; heatwave = 3+ consecutive days >= 30.0C."
Katakwi,2020,first,1754.58,40,6,40,5,,,NASA_POWER_daily,,,district,False,False,F,"NASA POWER daily T2M_MAX/T2M_MIN (MERRA-2, ~0.5 deg) at district centroid; GDD base 10C; heatwave = 3+ consecutive days >= 30.0C."
Katakwi,2020,second,1675.575,33,0,9,4,,,NASA_POWER_daily,,,district,False,False,F,"NASA POWER daily T2M_MAX/T2M_MIN (MERRA-2, ~0.5 deg) at district centroid; GDD base 10C; heatwave = 3+ consecutive days >= 30.0C."
Katakwi,2021,first,1944.75,93,21,66,8,,,NASA_POWER_daily,,,district,False,False,F,"NASA POWER daily T2M_MAX/T2M_MIN (MERRA-2, ~0.5 deg) at district centroid; GDD base 10C; heatwave = 3+ consecutive days >= 30.0C."
Katakwi,2021,second,2000.3600000000001,97,20,77,10,,,NASA_POWER_daily,,,district,False,False,F,"NASA POWER daily T2M_MAX/T2M_MIN (MERRA-2, ~0.5 deg) at district centroid; GDD base 10C; heatwave = 3+ consecutive days >= 30.0C."
Katakwi,2022,first,2023.2700000000002,96,41,70,5,,,NASA_POWER_daily,,,district,False,False,F,"NASA POWER daily T2M_MAX/T2M_MIN (MERRA-2, ~0.5 deg) at district centroid; GDD base 10C; heatwave = 3+ consecutive days >= 30.0C."
Katakwi,2022,second,1844.08,73,1,31,4,,,NASA_POWER_daily,,,district,False,False,F,"NASA POWER daily T2M_MAX/T2M_MIN (MERRA-2, ~0.5 deg) at district centroid; GDD base 10C; heatwave = 3+ consecutive days >= 30.0C."
Katakwi,2023,first,1885.16,74,9,61,5,,,NASA_POWER_daily,,,district,False,False,F,"NASA POWER daily T2M_MAX/T2M_MIN (MERRA-2, ~0.5 deg) at district centroid; GDD base 10C; heatwave = 3+ consecutive days >= 30.0C."
Katakwi,2023,second,1974.89,101,12,66,10,,,NASA_POWER_daily,,,district,False,False,F,"NASA POWER daily T2M_MAX/T2M_MIN (MERRA-2, ~0.5 deg) at district centroid; GDD base 10C; heatwave = 3+ consecutive days >= 30.0C."
Kayunga,2015,first,1681.9750000000001,26,19,18,1,,,NASA_POWER_daily,,,district,False,False,F,"NASA POWER daily T2M_MAX/T2M_MIN (MERRA-2, ~0.5 deg) at district centroid; GDD base 10C; heatwave = 3+ consecutive days >= 30.0C."
Kayunga,2015,second,1697.0649999999998,42,0,36,5,,,NASA_POWER_daily,,,district,False,False,F,"NASA POWER daily T2M_MAX/T2M_MIN (MERRA-2, ~0.5 deg) at district centroid; GDD base 10C; heatwave = 3+ consecutive days >= 30.0C."
Kayunga,2016,first,1709.955,35,9,32,2,,,NASA_POWER_daily,,,district,False,False,F,"NASA POWER daily T2M_MAX/T2M_MIN (MERRA-2, ~0.5 deg) at district centroid; GDD base 10C; heatwave = 3+ consecutive days >= 30.0C."
Kayunga,2016,second,1784.525,61,0,31,9,,,NASA_POWER_daily,,,district,False,False,F,"NASA POWER daily T2M_MAX/T2M_MIN (MERRA-2, ~0.5 deg) at district centroid; GDD base 10C; heatwave = 3+ consecutive days >= 30.0C."
Kayunga,2017,first,1752.8899999999999,41,8,28,5,,,NASA_POWER_daily,,,district,False,False,F,"NASA POWER daily T2M_MAX/T2M_MIN (MERRA-2, ~0.5 deg) at district centroid; GDD base 10C; heatwave = 3+ consecutive days >= 30.0C."
Kayunga,2017,second,1695.6699999999998,35,0,13,3,,,NASA_POWER_daily,,,district,False,False,F,"NASA POWER daily T2M_MAX/T2M_MIN (MERRA-2, ~0.5 deg) at district centroid; GDD base 10C; heatwave = 3+ consecutive days >= 30.0C."
Kayunga,2018,first,1550.085,12,0,5,3,,,NASA_POWER_daily,,,district,False,False,F,"NASA POWER daily T2M_MAX/T2M_MIN (MERRA-2, ~0.5 deg) at district centroid; GDD base 10C; heatwave = 3+ consecutive days >= 30.0C."
Kayunga,2018,second,1680.035,36,0,12,4,,,NASA_POWER_daily,,,district,False,False,F,"NASA POWER daily T2M_MAX/T2M_MIN (MERRA-2, ~0.5 deg) at district centroid; GDD base 10C; heatwave = 3+ consecutive days >= 30.0C."
Kayunga,2019,first,1793.2050000000002,47,18,48,3,,,NASA_POWER_daily,,,district,False,False,F,"NASA POWER daily T2M_MAX/T2M_MIN (MERRA-2, ~0.5 deg) at district centroid; GDD base 10C; heatwave = 3+ consecutive days >= 30.0C."
Kayunga,2019,second,1572.9950000000001,4,0,6,0,,,NASA_POWER_daily,,,district,False,False,F,"NASA POWER daily T2M_MAX/T2M_MIN (MERRA-2, ~0.5 deg) at district centroid; GDD base 10C; heatwave = 3+ consecutive days >= 30.0C."
Kayunga,2020,first,1552.0649999999998,2,0,14,0,,,NASA_POWER_daily,,,district,False,False,F,"NASA POWER daily T2M_MAX/T2M_MIN (MERRA-2, ~0.5 deg) at district centroid; GDD base 10C; heatwave = 3+ consecutive days >= 30.0C."
Kayunga,2020,second,1542.4850000000001,0,0,2,0,,,NASA_POWER_daily,,,district,False,False,F,"NASA POWER daily T2M_MAX/T2M_MIN (MERRA-2, ~0.5 deg) at district centroid; GDD base 10C; heatwave = 3+ consecutive days >= 30.0C."
Kayunga,2021,first,1676.045,29,0,11,2,,,NASA_POWER_daily,,,district,False,False,F,"NASA POWER daily T2M_MAX/T2M_MIN (MERRA-2, ~0.5 deg) at district centroid; GDD base 10C; heatwave = 3+ consecutive days >= 30.0C."
Kayunga,2021,second,1791.9199999999998,68,0,26,8,,,NASA_POWER_daily,,,district,False,False,F,"NASA POWER daily T2M_MAX/T2M_MIN (MERRA-2, ~0.5 deg) at district centroid; GDD base 10C; heatwave = 3+ consecutive days >= 30.0C."
Kayunga,2022,first,1818.4950000000001,60,18,36,4,,,NASA_POWER_daily,,,district,False,False,F,"NASA POWER daily T2M_MAX/T2M_MIN (MERRA-2, ~0.5 deg) at district centroid; GDD base 10C; heatwave = 3+ consecutive days >= 30.0C."
Kayunga,2022,second,1690.51,35,0,14,4,,,NASA_POWER_daily,,,district,False,False,F,"NASA POWER daily T2M_MAX/T2M_MIN (MERRA-2, ~0.5 deg) at district centroid; GDD base 10C; heatwave = 3+ consecutive days >= 30.0C."
Kayunga,2023,first,1650.445,14,5,20,1,,,NASA_POWER_daily,,,district,False,False,F,"NASA POWER daily T2M_MAX/T2M_MIN (MERRA-2, ~0.5 deg) at district centroid; GDD base 10C; heatwave = 3+ consecutive days >= 30.0C."
Kayunga,2023,second,1698.5850000000003,27,0,36,3,,,NASA_POWER_daily,,,district,False,False,F,"NASA POWER daily T2M_MAX/T2M_MIN (MERRA-2, ~0.5 deg) at district centroid; GDD base 10C; heatwave = 3+ consecutive days >= 30.0C."
Kibaale,2015,first,1569.36,21,7,5,1,,,NASA_POWER_daily,,,district,False,False,F,"NASA POWER daily T2M_MAX/T2M_MIN (MERRA-2, ~0.5 deg) at district centroid; GDD base 10C; heatwave = 3+ consecutive days >= 30.0C."
Kibaale,2015,second,1567.495,39,0,0,5,,,NASA_POWER_daily,,,district,False,False,F,"NASA POWER daily T2M_MAX/T2M_MIN (MERRA-2, ~0.5 deg) at district centroid; GDD base 10C; heatwave = 3+ consecutive days >= 30.0C."
Kibaale,2016,first,1583.7900000000002,22,0,20,4,,,NASA_POWER_daily,,,district,False,False,F,"NASA POWER daily T2M_MAX/T2M_MIN (MERRA-2, ~0.5 deg) at district centroid; GDD base 10C; heatwave = 3+ consecutive days >= 30.0C."
Kibaale,2016,second,1495.2350000000001,14,0,0,2,,,NASA_POWER_daily,,,district,False,False,F,"NASA POWER daily T2M_MAX/T2M_MIN (MERRA-2, ~0.5 deg) at district centroid; GDD base 10C; heatwave = 3+ consecutive days >= 30.0C."
Kibaale,2017,first,1571.7200000000003,21,0,2,5,,,NASA_POWER_daily,,,district,False,False,F,"NASA POWER daily T2M_MAX/T2M_MIN (MERRA-2, ~0.5 deg) at district centroid; GDD base 10C; heatwave = 3+ consecutive days >= 30.0C."
Kibaale,2017,second,1514.8700000000001,3,0,0,1,,,NASA_POWER_daily,,,district,False,False,F,"NASA POWER daily T2M_MAX/T2M_MIN (MERRA-2, ~0.5 deg) at district centroid; GDD base 10C; heatwave = 3+ consecutive days >= 30.0C."
Kibaale,2018,first,1476.8749999999998,6,0,0,1,,,NASA_POWER_daily,,,district,False,False,F,"NASA POWER daily T2M_MAX/T2M_MIN (MERRA-2, ~0.5 deg) at district centroid; GDD base 10C; heatwave = 3+ consecutive days >= 30.0C."
Kibaale,2018,second,1513.475,14,0,0,2,,,NASA_POWER_daily,,,district,False,False,F,"NASA POWER daily T2M_MAX/T2M_MIN (MERRA-2, ~0.5 deg) at district centroid; GDD base 10C; heatwave = 3+ consecutive days >= 30.0C."
Kibaale,2019,first,1714.375,41,13,22,3,,,NASA_POWER_daily,,,district,False,False,F,"NASA POWER daily T2M_MAX/T2M_MIN (MERRA-2, ~0.5 deg) at district centroid; GDD base 10C; heatwave = 3+ consecutive days >= 30.0C."
Kibaale,2019,second,1467.6949999999997,1,0,0,0,,,NASA_POWER_daily,,,district,False,False,F,"NASA POWER daily T2M_MAX/T2M_MIN (MERRA-2, ~0.5 deg) at district centroid; GDD base 10C; heatwave = 3+ consecutive days >= 30.0C."
Kibaale,2020,first,1491.2749999999999,3,0,1,0,,,NASA_POWER_daily,,,district,False,False,F,"NASA POWER daily T2M_MAX/T2M_MIN (MERRA-2, ~0.5 deg) at district centroid; GDD base 10C; heatwave = 3+ consecutive days >= 30.0C."
Kibaale,2020,second,1477.26,2,0,0,0,,,NASA_POWER_daily,,,district,False,False,F,"NASA POWER daily T2M_MAX/T2M_MIN (MERRA-2, ~0.5 deg) at district centroid; GDD base 10C; heatwave = 3+ consecutive days >= 30.0C."
Kibaale,2021,first,1614.2450000000001,29,1,4,5,,,NASA_POWER_daily,,,district,False,False,F,"NASA POWER daily T2M_MAX/T2M_MIN (MERRA-2, ~0.5 deg) at district centroid; GDD base 10C; heatwave = 3+ consecutive days >= 30.0C."
Kibaale,2021,second,1666.855,46,0,2,6,,,NASA_POWER_daily,,,district,False,False,F,"NASA POWER daily T2M_MAX/T2M_MIN (MERRA-2, ~0.5 deg) at district centroid; GDD base 10C; heatwave = 3+ consecutive days >= 30.0C."
Kibaale,2022,first,1711.5249999999999,50,10,17,6,,,NASA_POWER_daily,,,district,False,False,F,"NASA POWER daily T2M_MAX/T2M_MIN (MERRA-2, ~0.5 deg) at district centroid; GDD base 10C; heatwave = 3+ consecutive days >= 30.0C."
Kibaale,2022,second,1466.285,8,0,0,1,,,NASA_POWER_daily,,,district,False,False,F,"NASA POWER daily T2M_MAX/T2M_MIN (MERRA-2, ~0.5 deg) at district centroid; GDD base 10C; heatwave = 3+ consecutive days >= 30.0C."
Kibaale,2023,first,1583.18,13,3,3,2,,,NASA_POWER_daily,,,district,False,False,F,"NASA POWER daily T2M_MAX/T2M_MIN (MERRA-2, ~0.5 deg) at district centroid; GDD base 10C; heatwave = 3+ consecutive days >= 30.0C."
Kibaale,2023,second,1595.765,30,0,1,4,,,NASA_POWER_daily,,,district,False,False,F,"NASA POWER daily T2M_MAX/T2M_MIN (MERRA-2, ~0.5 deg) at district centroid; GDD base 10C; heatwave = 3+ consecutive days >= 30.0C."
Kiboga,2015,first,1581.375,23,10,6,1,,,NASA_POWER_daily,,,district,False,False,F,"NASA POWER daily T2M_MAX/T2M_MIN (MERRA-2, ~0.5 deg) at district centroid; GDD base 10C; heatwave = 3+ consecutive days >= 30.0C."
Kiboga,2015,second,1602.7100000000003,39,0,4,4,,,NASA_POWER_daily,,,district,False,False,F,"NASA POWER daily T2M_MAX/T2M_MIN (MERRA-2, ~0.5 deg) at district centroid; GDD base 10C; heatwave = 3+ consecutive days >= 30.0C."
Kiboga,2016,first,1584.08,23,1,18,3,,,NASA_POWER_daily,,,district,False,False,F,"NASA POWER daily T2M_MAX/T2M_MIN (MERRA-2, ~0.5 deg) at district centroid; GDD base 10C; heatwave = 3+ consecutive days >= 30.0C."
Kiboga,2016,second,1542.6849999999997,15,0,0,1,,,NASA_POWER_daily,,,district,False,False,F,"NASA POWER daily T2M_MAX/T2M_MIN (MERRA-2, ~0.5 deg) at district centroid; GDD base 10C; heatwave = 3+ consecutive days >= 30.0C."
Kiboga,2017,first,1616.25,25,3,3,3,,,NASA_POWER_daily,,,district,False,False,F,"NASA POWER daily T2M_MAX/T2M_MIN (MERRA-2, ~0.5 deg) at district centroid; GDD base 10C; heatwave = 3+ consecutive days >= 30.0C."
Kiboga,2017,second,1573.79,20,0,0,3,,,NASA_POWER_daily,,,district,False,False,F,"NASA POWER daily T2M_MAX/T2M_MIN (MERRA-2, ~0.5 deg) at district centroid; GDD base 10C; heatwave = 3+ consecutive days >= 30.0C."
Kiboga,2018,first,1541.3799999999999,14,0,1,2,,,NASA_POWER_daily,,,district,False,False,F,"NASA POWER daily T2M_MAX/T2M_MIN (MERRA-2, ~0.5 deg) at district centroid; GDD base 10C; heatwave = 3+ consecutive days >= 30.0C."
Kiboga,2018,second,1574.14,30,0,1,5,,,NASA_POWER_daily,,,district,False,False,F,"NASA POWER daily T2M_MAX/T2M_MIN (MERRA-2, ~0.5 deg) at district centroid; GDD base 10C; heatwave = 3+ consecutive days >= 30.0C."
Kiboga,2019,first,1754.035,46,18,31,4,,,NASA_POWER_daily,,,district,False,False,F,"NASA POWER daily T2M_MAX/T2M_MIN (MERRA-2, ~0.5 deg) at district centroid; GDD base 10C; heatwave = 3+ consecutive days >= 30.0C."
Kiboga,2019,second,1494.8400000000001,9,0,0,2,,,NASA_POWER_daily,,,district,False,False,F,"NASA POWER daily T2M_MAX/T2M_MIN (MERRA-2, ~0.5 deg) at district centroid; GDD base 10C; heatwave = 3+ consecutive days >= 30.0C."
Kiboga,2020,first,1472.565,1,0,1,0,,,NASA_POWER_daily,,,district,False,False,F,"NASA POWER daily T2M_MAX/T2M_MIN (MERRA-2, ~0.5 deg) at district centroid; GDD base 10C; heatwave = 3+ consecutive days >= 30.0C."
Kiboga,2020,second,1492.67,0,0,0,0,,,NASA_POWER_daily,,,district,False,False,F,"NASA POWER daily T2M_MAX/T2M_MIN (MERRA-2, ~0.5 deg) at district centroid; GDD base 10C; heatwave = 3+ consecutive days >= 30.0C."
Kiboga,2021,first,1654.81,33,3,5,4,,,NASA_POWER_daily,,,district,False,False,F,"NASA POWER daily T2M_MAX/T2M_MIN (MERRA-2, ~0.5 deg) at district centroid; GDD base 10C; heatwave = 3+ consecutive days >= 30.0C."
Kiboga,2021,second,1736.94,66,0,5,11,,,NASA_POWER_daily,,,district,False,False,F,"NASA POWER daily T2M_MAX/T2M_MIN (MERRA-2, ~0.5 deg) at district centroid; GDD base 10C; heatwave = 3+ consecutive days >= 30.0C."
Kiboga,2022,first,1762.7549999999999,62,12,19,6,,,NASA_POWER_daily,,,district,False,False,F,"NASA POWER daily T2M_MAX/T2M_MIN (MERRA-2, ~0.5 deg) at district centroid; GDD base 10C; heatwave = 3+ consecutive days >= 30.0C."
Kiboga,2022,second,1537.1850000000002,13,0,1,3,,,NASA_POWER_daily,,,district,False,False,F,"NASA POWER daily T2M_MAX/T2M_MIN (MERRA-2, ~0.5 deg) at district centroid; GDD base 10C; heatwave = 3+ consecutive days >= 30.0C."
Kiboga,2023,first,1615.38,16,4,5,1,,,NASA_POWER_daily,,,district,False,False,F,"NASA POWER daily T2M_MAX/T2M_MIN (MERRA-2, ~0.5 deg) at district centroid; GDD base 10C; heatwave = 3+ consecutive days >= 30.0C."
Kiboga,2023,second,1626.3699999999997,29,0,3,3,,,NASA_POWER_daily,,,district,False,False,F,"NASA POWER daily T2M_MAX/T2M_MIN (MERRA-2, ~0.5 deg) at district centroid; GDD base 10C; heatwave = 3+ consecutive days >= 30.0C."
Kibuku,2015,first,1726.59,31,24,23,2,,,NASA_POWER_daily,,,district,False,False,F,"NASA POWER daily T2M_MAX/T2M_MIN (MERRA-2, ~0.5 deg) at district centroid; GDD base 10C; heatwave = 3+ consecutive days >= 30.0C."
Kibuku,2015,second,1672.265,17,0,18,2,,,NASA_POWER_daily,,,district,False,False,F,"NASA POWER daily T2M_MAX/T2M_MIN (MERRA-2, ~0.5 deg) at district centroid; GDD base 10C; heatwave = 3+ consecutive days >= 30.0C."
Kibuku,2016,first,1731.635,37,17,37,3,,,NASA_POWER_daily,,,district,False,False,F,"NASA POWER daily T2M_MAX/T2M_MIN (MERRA-2, ~0.5 deg) at district centroid; GDD base 10C; heatwave = 3+ consecutive days >= 30.0C."
Kibuku,2016,second,1698.5,36,0,16,6,,,NASA_POWER_daily,,,district,False,False,F,"NASA POWER daily T2M_MAX/T2M_MIN (MERRA-2, ~0.5 deg) at district centroid; GDD base 10C; heatwave = 3+ consecutive days >= 30.0C."
Kibuku,2017,first,1766.7950000000003,46,10,36,4,,,NASA_POWER_daily,,,district,False,False,F,"NASA POWER daily T2M_MAX/T2M_MIN (MERRA-2, ~0.5 deg) at district centroid; GDD base 10C; heatwave = 3+ consecutive days >= 30.0C."
Kibuku,2017,second,1618.4450000000002,11,0,5,1,,,NASA_POWER_daily,,,district,False,False,F,"NASA POWER daily T2M_MAX/T2M_MIN (MERRA-2, ~0.5 deg) at district centroid; GDD base 10C; heatwave = 3+ consecutive days >= 30.0C."
Kibuku,2018,first,1526.5749999999998,13,0,3,2,,,NASA_POWER_daily,,,district,False,False,F,"NASA POWER daily T2M_MAX/T2M_MIN (MERRA-2, ~0.5 deg) at district centroid; GDD base 10C; heatwave = 3+ consecutive days >= 30.0C."
Kibuku,2018,second,1604.915,16,0,8,1,,,NASA_POWER_daily,,,district,False,False,F,"NASA POWER daily T2M_MAX/T2M_MIN (MERRA-2, ~0.5 deg) at district centroid; GDD base 10C; heatwave = 3+ consecutive days >= 30.0C."
Kibuku,2019,first,1762.6699999999998,52,14,36,4,,,NASA_POWER_daily,,,district,False,False,F,"NASA POWER daily T2M_MAX/T2M_MIN (MERRA-2, ~0.5 deg) at district centroid; GDD base 10C; heatwave = 3+ consecutive days >= 30.0C."
Kibuku,2019,second,1549.76,0,0,2,0,,,NASA_POWER_daily,,,district,False,False,F,"NASA POWER daily T2M_MAX/T2M_MIN (MERRA-2, ~0.5 deg) at district centroid; GDD base 10C; heatwave = 3+ consecutive days >= 30.0C."
Kibuku,2020,first,1562.37,10,0,14,1,,,NASA_POWER_daily,,,district,False,False,F,"NASA POWER daily T2M_MAX/T2M_MIN (MERRA-2, ~0.5 deg) at district centroid; GDD base 10C; heatwave = 3+ consecutive days >= 30.0C."
Kibuku,2020,second,1527.4599999999998,0,0,1,0,,,NASA_POWER_daily,,,district,False,False,F,"NASA POWER daily T2M_MAX/T2M_MIN (MERRA-2, ~0.5 deg) at district centroid; GDD base 10C; heatwave = 3+ consecutive days >= 30.0C."
Kibuku,2021,first,1635.915,29,0,7,2,,,NASA_POWER_daily,,,district,False,False,F,"NASA POWER daily T2M_MAX/T2M_MIN (MERRA-2, ~0.5 deg) at district centroid; GDD base 10C; heatwave = 3+ consecutive days >= 30.0C."
Kibuku,2021,second,1699.995,35,0,14,6,,,NASA_POWER_daily,,,district,False,False,F,"NASA POWER daily T2M_MAX/T2M_MIN (MERRA-2, ~0.5 deg) at district centroid; GDD base 10C; heatwave = 3+ consecutive days >= 30.0C."
Kibuku,2022,first,1805.19,52,22,36,4,,,NASA_POWER_daily,,,district,False,False,F,"NASA POWER daily T2M_MAX/T2M_MIN (MERRA-2, ~0.5 deg) at district centroid; GDD base 10C; heatwave = 3+ consecutive days >= 30.0C."
Kibuku,2022,second,1626.085,6,0,5,0,,,NASA_POWER_daily,,,district,False,False,F,"NASA POWER daily T2M_MAX/T2M_MIN (MERRA-2, ~0.5 deg) at district centroid; GDD base 10C; heatwave = 3+ consecutive days >= 30.0C."
Kibuku,2023,first,1666.765,27,5,17,3,,,NASA_POWER_daily,,,district,False,False,F,"NASA POWER daily T2M_MAX/T2M_MIN (MERRA-2, ~0.5 deg) at district centroid; GDD base 10C; heatwave = 3+ consecutive days >= 30.0C."
Kibuku,2023,second,1662.97,6,0,19,0,,,NASA_POWER_daily,,,district,False,False,F,"NASA POWER daily T2M_MAX/T2M_MIN (MERRA-2, ~0.5 deg) at district centroid; GDD base 10C; heatwave = 3+ consecutive days >= 30.0C."
Kiruhura,2015,first,1370.945,12,0,0,2,,,NASA_POWER_daily,,,district,False,False,F,"NASA POWER daily T2M_MAX/T2M_MIN (MERRA-2, ~0.5 deg) at district centroid; GDD base 10C; heatwave = 3+ consecutive days >= 30.0C."
Kiruhura,2015,second,1386.3700000000001,5,0,0,0,,,NASA_POWER_daily,,,district,False,False,F,"NASA POWER daily T2M_MAX/T2M_MIN (MERRA-2, ~0.5 deg) at district centroid; GDD base 10C; heatwave = 3+ consecutive days >= 30.0C."
Kiruhura,2016,first,1403.9550000000002,8,0,1,2,,,NASA_POWER_daily,,,district,False,False,F,"NASA POWER daily T2M_MAX/T2M_MIN (MERRA-2, ~0.5 deg) at district centroid; GDD base 10C; heatwave = 3+ consecutive days >= 30.0C."
Kiruhura,2016,second,1412.23,1,0,0,0,,,NASA_POWER_daily,,,district,False,False,F,"NASA POWER daily T2M_MAX/T2M_MIN (MERRA-2, ~0.5 deg) at district centroid; GDD base 10C; heatwave = 3+ consecutive days >= 30.0C."
Kiruhura,2017,first,1302.275,3,0,0,0,,,NASA_POWER_daily,,,district,False,False,F,"NASA POWER daily T2M_MAX/T2M_MIN (MERRA-2, ~0.5 deg) at district centroid; GDD base 10C; heatwave = 3+ consecutive days >= 30.0C."
Kiruhura,2017,second,1356.315,0,0,0,0,,,NASA_POWER_daily,,,district,False,False,F,"NASA POWER daily T2M_MAX/T2M_MIN (MERRA-2, ~0.5 deg) at district centroid; GDD base 10C; heatwave = 3+ consecutive days >= 30.0C."
Kiruhura,2018,first,1207.9600000000003,0,0,0,0,,,NASA_POWER_daily,,,district,False,False,F,"NASA POWER daily T2M_MAX/T2M_MIN (MERRA-2, ~0.5 deg) at district centroid; GDD base 10C; heatwave = 3+ consecutive days >= 30.0C."
Kiruhura,2018,second,1316.025,0,0,0,0,,,NASA_POWER_daily,,,district,False,False,F,"NASA POWER daily T2M_MAX/T2M_MIN (MERRA-2, ~0.5 deg) at district centroid; GDD base 10C; heatwave = 3+ consecutive days >= 30.0C."
Kiruhura,2019,first,1358.2749999999999,6,0,0,0,,,NASA_POWER_daily,,,district,False,False,F,"NASA POWER daily T2M_MAX/T2M_MIN (MERRA-2, ~0.5 deg) at district centroid; GDD base 10C; heatwave = 3+ consecutive days >= 30.0C."
Kiruhura,2019,second,1280.01,0,0,0,0,,,NASA_POWER_daily,,,district,False,False,F,"NASA POWER daily T2M_MAX/T2M_MIN (MERRA-2, ~0.5 deg) at district centroid; GDD base 10C; heatwave = 3+ consecutive days >= 30.0C."
Kiruhura,2020,first,1218.935,0,0,0,0,,,NASA_POWER_daily,,,district,False,False,F,"NASA POWER daily T2M_MAX/T2M_MIN (MERRA-2, ~0.5 deg) at district centroid; GDD base 10C; heatwave = 3+ consecutive days >= 30.0C."
Kiruhura,2020,second,1229.7600000000002,0,0,0,0,,,NASA_POWER_daily,,,district,False,False,F,"NASA POWER daily T2M_MAX/T2M_MIN (MERRA-2, ~0.5 deg) at district centroid; GDD base 10C; heatwave = 3+ consecutive days >= 30.0C."
Kiruhura,2021,first,1185.235,0,0,0,0,,,NASA_POWER_daily,,,district,False,False,F,"NASA POWER daily T2M_MAX/T2M_MIN (MERRA-2, ~0.5 deg) at district centroid; GDD base 10C; heatwave = 3+ consecutive days >= 30.0C."
Kiruhura,2021,second,1278.55,0,0,0,0,,,NASA_POWER_daily,,,district,False,False,F,"NASA POWER daily T2M_MAX/T2M_MIN (MERRA-2, ~0.5 deg) at district centroid; GDD base 10C; heatwave = 3+ consecutive days >= 30.0C."
Kiruhura,2022,first,1236.28,0,0,0,0,,,NASA_POWER_daily,,,district,False,False,F,"NASA POWER daily T2M_MAX/T2M_MIN (MERRA-2, ~0.5 deg) at district centroid; GDD base 10C; heatwave = 3+ consecutive days >= 30.0C."
Kiruhura,2022,second,1228.9199999999998,0,0,0,0,,,NASA_POWER_daily,,,district,False,False,F,"NASA POWER daily T2M_MAX/T2M_MIN (MERRA-2, ~0.5 deg) at district centroid; GDD base 10C; heatwave = 3+ consecutive days >= 30.0C."
Kiruhura,2023,first,1238.9699999999998,0,0,0,0,,,NASA_POWER_daily,,,district,False,False,F,"NASA POWER daily T2M_MAX/T2M_MIN (MERRA-2, ~0.5 deg) at district centroid; GDD base 10C; heatwave = 3+ consecutive days >= 30.0C."
Kiruhura,2023,second,1352.195,0,0,0,0,,,NASA_POWER_daily,,,district,False,False,F,"NASA POWER daily T2M_MAX/T2M_MIN (MERRA-2, ~0.5 deg) at district centroid; GDD base 10C; heatwave = 3+ consecutive days >= 30.0C."
Kiryandongo,2015,first,1819.7250000000004,51,18,37,6,,,NASA_POWER_daily,,,district,False,False,F,"NASA POWER daily T2M_MAX/T2M_MIN (MERRA-2, ~0.5 deg) at district centroid; GDD base 10C; heatwave = 3+ consecutive days >= 30.0C."
Kiryandongo,2015,second,1758.0149999999999,50,0,42,6,,,NASA_POWER_daily,,,district,False,False,F,"NASA POWER daily T2M_MAX/T2M_MIN (MERRA-2, ~0.5 deg) at district centroid; GDD base 10C; heatwave = 3+ consecutive days >= 30.0C."
Kiryandongo,2016,first,1834.2949999999998,49,20,56,5,,,NASA_POWER_daily,,,district,False,False,F,"NASA POWER daily T2M_MAX/T2M_MIN (MERRA-2, ~0.5 deg) at district centroid; GDD base 10C; heatwave = 3+ consecutive days >= 30.0C."
Kiryandongo,2016,second,1715.7399999999998,42,0,15,8,,,NASA_POWER_daily,,,district,False,False,F,"NASA POWER daily T2M_MAX/T2M_MIN (MERRA-2, ~0.5 deg) at district centroid; GDD base 10C; heatwave = 3+ consecutive days >= 30.0C."
Kiryandongo,2017,first,1858.73,62,9,51,6,,,NASA_POWER_daily,,,district,False,False,F,"NASA POWER daily T2M_MAX/T2M_MIN (MERRA-2, ~0.5 deg) at district centroid; GDD base 10C; heatwave = 3+ consecutive days >= 30.0C."
Kiryandongo,2017,second,1620.0749999999998,23,0,6,4,,,NASA_POWER_daily,,,district,False,False,F,"NASA POWER daily T2M_MAX/T2M_MIN (MERRA-2, ~0.5 deg) at district centroid; GDD base 10C; heatwave = 3+ consecutive days >= 30.0C."
Kiryandongo,2018,first,1683.575,30,0,26,4,,,NASA_POWER_daily,,,district,False,False,F,"NASA POWER daily T2M_MAX/T2M_MIN (MERRA-2, ~0.5 deg) at district centroid; GDD base 10C; heatwave = 3+ consecutive days >= 30.0C."
Kiryandongo,2018,second,1758.575,50,0,36,7,,,NASA_POWER_daily,,,district,False,False,F,"NASA POWER daily T2M_MAX/T2M_MIN (MERRA-2, ~0.5 deg) at district centroid; GDD base 10C; heatwave = 3+ consecutive days >= 30.0C."
Kiryandongo,2019,first,1996.965,78,33,77,7,,,NASA_POWER_daily,,,district,False,False,F,"NASA POWER daily T2M_MAX/T2M_MIN (MERRA-2, ~0.5 deg) at district centroid; GDD base 10C; heatwave = 3+ consecutive days >= 30.0C."
Kiryandongo,2019,second,1604.8,6,0,4,1,,,NASA_POWER_daily,,,district,False,False,F,"NASA POWER daily T2M_MAX/T2M_MIN (MERRA-2, ~0.5 deg) at district centroid; GDD base 10C; heatwave = 3+ consecutive days >= 30.0C."
Kiryandongo,2020,first,1670.5700000000002,25,0,31,4,,,NASA_POWER_daily,,,district,False,False,F,"NASA POWER daily T2M_MAX/T2M_MIN (MERRA-2, ~0.5 deg) at district centroid; GDD base 10C; heatwave = 3+ consecutive days >= 30.0C."
Kiryandongo,2020,second,1626.2850000000003,9,0,4,1,,,NASA_POWER_daily,,,district,False,False,F,"NASA POWER daily T2M_MAX/T2M_MIN (MERRA-2, ~0.5 deg) at district centroid; GDD base 10C; heatwave = 3+ consecutive days >= 30.0C."
Kiryandongo,2021,first,1918.69,83,12,62,11,,,NASA_POWER_daily,,,district,False,False,F,"NASA POWER daily T2M_MAX/T2M_MIN (MERRA-2, ~0.5 deg) at district centroid; GDD base 10C; heatwave = 3+ consecutive days >= 30.0C."
Kiryandongo,2021,second,1912.87,86,5,64,9,,,NASA_POWER_daily,,,district,False,False,F,"NASA POWER daily T2M_MAX/T2M_MIN (MERRA-2, ~0.5 deg) at district centroid; GDD base 10C; heatwave = 3+ consecutive days >= 30.0C."
Kiryandongo,2022,first,1975.17,90,29,72,6,,,NASA_POWER_daily,,,district,False,False,F,"NASA POWER daily T2M_MAX/T2M_MIN (MERRA-2, ~0.5 deg) at district centroid; GDD base 10C; heatwave = 3+ consecutive days >= 30.0C."
Kiryandongo,2022,second,1670.815,24,0,12,2,,,NASA_POWER_daily,,,district,False,False,F,"NASA POWER daily T2M_MAX/T2M_MIN (MERRA-2, ~0.5 deg) at district centroid; GDD base 10C; heatwave = 3+ consecutive days >= 30.0C."
Kiryandongo,2023,first,1819.1549999999997,64,6,46,7,,,NASA_POWER_daily,,,district,False,False,F,"NASA POWER daily T2M_MAX/T2M_MIN (MERRA-2, ~0.5 deg) at district centroid; GDD base 10C; heatwave = 3+ consecutive days >= 30.0C."
Kiryandongo,2023,second,1801.27,52,3,58,6,,,NASA_POWER_daily,,,district,False,False,F,"NASA POWER daily T2M_MAX/T2M_MIN (MERRA-2, ~0.5 deg) at district centroid; GDD base 10C; heatwave = 3+ consecutive days >= 30.0C."
Kisoro,2015,first,1377.1649999999997,6,0,0,0,,,NASA_POWER_daily,,,district,False,False,F,"NASA POWER daily T2M_MAX/T2M_MIN (MERRA-2, ~0.5 deg) at district centroid; GDD base 10C; heatwave = 3+ consecutive days >= 30.0C."
Kisoro,2015,second,1431.9850000000004,17,0,0,3,,,NASA_POWER_daily,,,district,False,False,F,"NASA POWER daily T2M_MAX/T2M_MIN (MERRA-2, ~0.5 deg) at district centroid; GDD base 10C; heatwave = 3+ consecutive days >= 30.0C."
Kisoro,2016,first,1446.9349999999997,14,0,0,2,,,NASA_POWER_daily,,,district,False,False,F,"NASA POWER daily T2M_MAX/T2M_MIN (MERRA-2, ~0.5 deg) at district centroid; GDD base 10C; heatwave = 3+ consecutive days >= 30.0C."
Kisoro,2016,second,1451.4549999999997,23,0,0,5,,,NASA_POWER_daily,,,district,False,False,F,"NASA POWER daily T2M_MAX/T2M_MIN (MERRA-2, ~0.5 deg) at district centroid; GDD base 10C; heatwave = 3+ consecutive days >= 30.0C."
Kisoro,2017,first,1482.57,13,0,0,2,,,NASA_POWER_daily,,,district,False,False,F,"NASA POWER daily T2M_MAX/T2M_MIN (MERRA-2, ~0.5 deg) at district centroid; GDD base 10C; heatwave = 3+ consecutive days >= 30.0C."
Kisoro,2017,second,1440.53,8,0,0,1,,,NASA_POWER_daily,,,district,False,False,F,"NASA POWER daily T2M_MAX/T2M_MIN (MERRA-2, ~0.5 deg) at district centroid; GDD base 10C; heatwave = 3+ consecutive days >= 30.0C."
Kisoro,2018,first,1243.77,0,0,0,0,,,NASA_POWER_daily,,,district,False,False,F,"NASA POWER daily T2M_MAX/T2M_MIN (MERRA-2, ~0.5 deg) at district centroid; GDD base 10C; heatwave = 3+ consecutive days >= 30.0C."
Kisoro,2018,second,1334.125,0,0,0,0,,,NASA_POWER_daily,,,district,False,False,F,"NASA POWER daily T2M_MAX/T2M_MIN (MERRA-2, ~0.5 deg) at district centroid; GDD base 10C; heatwave = 3+ consecutive days >= 30.0C."
Kisoro,2019,first,1415.1799999999998,11,0,0,1,,,NASA_POWER_daily,,,district,False,False,F,"NASA POWER daily T2M_MAX/T2M_MIN (MERRA-2, ~0.5 deg) at district centroid; GDD base 10C; heatwave = 3+ consecutive days >= 30.0C."
Kisoro,2019,second,1381.255,3,0,0,0,,,NASA_POWER_daily,,,district,False,False,F,"NASA POWER daily T2M_MAX/T2M_MIN (MERRA-2, ~0.5 deg) at district centroid; GDD base 10C; heatwave = 3+ consecutive days >= 30.0C."
Kisoro,2020,first,1309.0300000000002,0,0,0,0,,,NASA_POWER_daily,,,district,False,False,F,"NASA POWER daily T2M_MAX/T2M_MIN (MERRA-2, ~0.5 deg) at district centroid; GDD base 10C; heatwave = 3+ consecutive days >= 30.0C."
Kisoro,2020,second,1308.19,0,0,0,0,,,NASA_POWER_daily,,,district,False,False,F,"NASA POWER daily T2M_MAX/T2M_MIN (MERRA-2, ~0.5 deg) at district centroid; GDD base 10C; heatwave = 3+ consecutive days >= 30.0C."
Kisoro,2021,first,1288.895,0,0,0,0,,,NASA_POWER_daily,,,district,False,False,F,"NASA POWER daily T2M_MAX/T2M_MIN (MERRA-2, ~0.5 deg) at district centroid; GDD base 10C; heatwave = 3+ consecutive days >= 30.0C."
Kisoro,2021,second,1369.86,0,0,0,0,,,NASA_POWER_daily,,,district,False,False,F,"NASA POWER daily T2M_MAX/T2M_MIN (MERRA-2, ~0.5 deg) at district centroid; GDD base 10C; heatwave = 3+ consecutive days >= 30.0C."
Kisoro,2022,first,1379.6749999999997,3,0,0,0,,,NASA_POWER_daily,,,district,False,False,F,"NASA POWER daily T2M_MAX/T2M_MIN (MERRA-2, ~0.5 deg) at district centroid; GDD base 10C; heatwave = 3+ consecutive days >= 30.0C."
Kisoro,2022,second,1290.2750000000003,0,0,0,0,,,NASA_POWER_daily,,,district,False,False,F,"NASA POWER daily T2M_MAX/T2M_MIN (MERRA-2, ~0.5 deg) at district centroid; GDD base 10C; heatwave = 3+ consecutive days >= 30.0C."
Kisoro,2023,first,1396.9600000000003,3,0,0,1,,,NASA_POWER_daily,,,district,False,False,F,"NASA POWER daily T2M_MAX/T2M_MIN (MERRA-2, ~0.5 deg) at district centroid; GDD base 10C; heatwave = 3+ consecutive days >= 30.0C."
Kisoro,2023,second,1561.675,37,0,0,5,,,NASA_POWER_daily,,,district,False,False,F,"NASA POWER daily T2M_MAX/T2M_MIN (MERRA-2, ~0.5 deg) at district centroid; GDD base 10C; heatwave = 3+ consecutive days >= 30.0C."
Kitgum,2015,first,1829.4150000000002,52,23,39,4,,,NASA_POWER_daily,,,district,False,False,F,"NASA POWER daily T2M_MAX/T2M_MIN (MERRA-2, ~0.5 deg) at district centroid; GDD base 10C; heatwave = 3+ consecutive days >= 30.0C."
Kitgum,2015,second,1772.0099999999998,63,2,25,7,,,NASA_POWER_daily,,,district,False,False,F,"NASA POWER daily T2M_MAX/T2M_MIN (MERRA-2, ~0.5 deg) at district centroid; GDD base 10C; heatwave = 3+ consecutive days >= 30.0C."
Kitgum,2016,first,1937.97,71,30,70,3,,,NASA_POWER_daily,,,district,False,False,F,"NASA POWER daily T2M_MAX/T2M_MIN (MERRA-2, ~0.5 deg) at district centroid; GDD base 10C; heatwave = 3+ consecutive days >= 30.0C."
Kitgum,2016,second,1740.0349999999999,58,0,13,9,,,NASA_POWER_daily,,,district,False,False,F,"NASA POWER daily T2M_MAX/T2M_MIN (MERRA-2, ~0.5 deg) at district centroid; GDD base 10C; heatwave = 3+ consecutive days >= 30.0C."
Kitgum,2017,first,1954.355,89,28,61,10,,,NASA_POWER_daily,,,district,False,False,F,"NASA POWER daily T2M_MAX/T2M_MIN (MERRA-2, ~0.5 deg) at district centroid; GDD base 10C; heatwave = 3+ consecutive days >= 30.0C."
Kitgum,2017,second,1656.155,32,0,8,4,,,NASA_POWER_daily,,,district,False,False,F,"NASA POWER daily T2M_MAX/T2M_MIN (MERRA-2, ~0.5 deg) at district centroid; GDD base 10C; heatwave = 3+ consecutive days >= 30.0C."
Kitgum,2018,first,1695.4649999999997,39,3,22,3,,,NASA_POWER_daily,,,district,False,False,F,"NASA POWER daily T2M_MAX/T2M_MIN (MERRA-2, ~0.5 deg) at district centroid; GDD base 10C; heatwave = 3+ consecutive days >= 30.0C."
Kitgum,2018,second,1819.5449999999998,77,0,22,6,,,NASA_POWER_daily,,,district,False,False,F,"NASA POWER daily T2M_MAX/T2M_MIN (MERRA-2, ~0.5 deg) at district centroid; GDD base 10C; heatwave = 3+ consecutive days >= 30.0C."
Kitgum,2019,first,2002.2600000000002,80,41,79,9,,,NASA_POWER_daily,,,district,False,False,F,"NASA POWER daily T2M_MAX/T2M_MIN (MERRA-2, ~0.5 deg) at district centroid; GDD base 10C; heatwave = 3+ consecutive days >= 30.0C."
Kitgum,2019,second,1599.2900000000002,10,0,2,1,,,NASA_POWER_daily,,,district,False,False,F,"NASA POWER daily T2M_MAX/T2M_MIN (MERRA-2, ~0.5 deg) at district centroid; GDD base 10C; heatwave = 3+ consecutive days >= 30.0C."
Kitgum,2020,first,1691.1350000000002,30,1,20,3,,,NASA_POWER_daily,,,district,False,False,F,"NASA POWER daily T2M_MAX/T2M_MIN (MERRA-2, ~0.5 deg) at district centroid; GDD base 10C; heatwave = 3+ consecutive days >= 30.0C."
Kitgum,2020,second,1547.28,0,0,1,0,,,NASA_POWER_daily,,,district,False,False,F,"NASA POWER daily T2M_MAX/T2M_MIN (MERRA-2, ~0.5 deg) at district centroid; GDD base 10C; heatwave = 3+ consecutive days >= 30.0C."
Kitgum,2021,first,1739.5749999999998,54,0,15,8,,,NASA_POWER_daily,,,district,False,False,F,"NASA POWER daily T2M_MAX/T2M_MIN (MERRA-2, ~0.5 deg) at district centroid; GDD base 10C; heatwave = 3+ consecutive days >= 30.0C."
Kitgum,2021,second,1787.1999999999998,70,0,22,7,,,NASA_POWER_daily,,,district,False,False,F,"NASA POWER daily T2M_MAX/T2M_MIN (MERRA-2, ~0.5 deg) at district centroid; GDD base 10C; heatwave = 3+ consecutive days >= 30.0C."
Kitgum,2022,first,1992.695,99,31,63,5,,,NASA_POWER_daily,,,district,False,False,F,"NASA POWER daily T2M_MAX/T2M_MIN (MERRA-2, ~0.5 deg) at district centroid; GDD base 10C; heatwave = 3+ consecutive days >= 30.0C."
Kitgum,2022,second,1624.0,29,0,1,2,,,NASA_POWER_daily,,,district,False,False,F,"NASA POWER daily T2M_MAX/T2M_MIN (MERRA-2, ~0.5 deg) at district centroid; GDD base 10C; heatwave = 3+ consecutive days >= 30.0C."
Kitgum,2023,first,1835.595,76,8,33,7,,,NASA_POWER_daily,,,district,False,False,F,"NASA POWER daily T2M_MAX/T2M_MIN (MERRA-2, ~0.5 deg) at district centroid; GDD base 10C; heatwave = 3+ consecutive days >= 30.0C."
Kitgum,2023,second,1769.67,56,0,17,7,,,NASA_POWER_daily,,,district,False,False,F,"NASA POWER daily T2M_MAX/T2M_MIN (MERRA-2, ~0.5 deg) at district centroid; GDD base 10C; heatwave = 3+ consecutive days >= 30.0C."
Koboko,2015,first,1846.4499999999996,45,20,60,2,,,NASA_POWER_daily,,,district,False,False,F,"NASA POWER daily T2M_MAX/T2M_MIN (MERRA-2, ~0.5 deg) at district centroid; GDD base 10C; heatwave = 3+ consecutive days >= 30.0C."
Koboko,2015,second,1693.0849999999998,26,0,33,3,,,NASA_POWER_daily,,,district,False,False,F,"NASA POWER daily T2M_MAX/T2M_MIN (MERRA-2, ~0.5 deg) at district centroid; GDD base 10C; heatwave = 3+ consecutive days >= 30.0C."
Koboko,2016,first,1963.1000000000001,63,24,83,5,,,NASA_POWER_daily,,,district,False,False,F,"NASA POWER daily T2M_MAX/T2M_MIN (MERRA-2, ~0.5 deg) at district centroid; GDD base 10C; heatwave = 3+ consecutive days >= 30.0C."
Koboko,2016,second,1667.2849999999999,17,0,18,2,,,NASA_POWER_daily,,,district,False,False,F,"NASA POWER daily T2M_MAX/T2M_MIN (MERRA-2, ~0.5 deg) at district centroid; GDD base 10C; heatwave = 3+ consecutive days >= 30.0C."
Koboko,2017,first,1866.815,47,18,79,5,,,NASA_POWER_daily,,,district,False,False,F,"NASA POWER daily T2M_MAX/T2M_MIN (MERRA-2, ~0.5 deg) at district centroid; GDD base 10C; heatwave = 3+ consecutive days >= 30.0C."
Koboko,2017,second,1573.94,0,0,12,0,,,NASA_POWER_daily,,,district,False,False,F,"NASA POWER daily T2M_MAX/T2M_MIN (MERRA-2, ~0.5 deg) at district centroid; GDD base 10C; heatwave = 3+ consecutive days >= 30.0C."
Koboko,2018,first,1712.6150000000002,31,3,52,5,,,NASA_POWER_daily,,,district,False,False,F,"NASA POWER daily T2M_MAX/T2M_MIN (MERRA-2, ~0.5 deg) at district centroid; GDD base 10C; heatwave = 3+ consecutive days >= 30.0C."
Koboko,2018,second,1709.035,30,0,31,5,,,NASA_POWER_daily,,,district,False,False,F,"NASA POWER daily T2M_MAX/T2M_MIN (MERRA-2, ~0.5 deg) at district centroid; GDD base 10C; heatwave = 3+ consecutive days >= 30.0C."
Koboko,2019,first,2085.7450000000003,77,43,91,7,,,NASA_POWER_daily,,,district,False,False,F,"NASA POWER daily T2M_MAX/T2M_MIN (MERRA-2, ~0.5 deg) at district centroid; GDD base 10C; heatwave = 3+ consecutive days >= 30.0C."
Koboko,2019,second,1590.295,0,0,19,0,,,NASA_POWER_daily,,,district,False,False,F,"NASA POWER daily T2M_MAX/T2M_MIN (MERRA-2, ~0.5 deg) at district centroid; GDD base 10C; heatwave = 3+ consecutive days >= 30.0C."
Koboko,2020,first,1810.86,47,7,71,4,,,NASA_POWER_daily,,,district,False,False,F,"NASA POWER daily T2M_MAX/T2M_MIN (MERRA-2, ~0.5 deg) at district centroid; GDD base 10C; heatwave = 3+ consecutive days >= 30.0C."
Koboko,2020,second,1574.0049999999999,0,0,3,0,,,NASA_POWER_daily,,,district,False,False,F,"NASA POWER daily T2M_MAX/T2M_MIN (MERRA-2, ~0.5 deg) at district centroid; GDD base 10C; heatwave = 3+ consecutive days >= 30.0C."
Koboko,2021,first,1946.2150000000001,81,17,81,8,,,NASA_POWER_daily,,,district,False,False,F,"NASA POWER daily T2M_MAX/T2M_MIN (MERRA-2, ~0.5 deg) at district centroid; GDD base 10C; heatwave = 3+ consecutive days >= 30.0C."
Koboko,2021,second,1796.0349999999999,62,0,51,9,,,NASA_POWER_daily,,,district,False,False,F,"NASA POWER daily T2M_MAX/T2M_MIN (MERRA-2, ~0.5 deg) at district centroid; GDD base 10C; heatwave = 3+ consecutive days >= 30.0C."
Koboko,2022,first,2039.0300000000002,82,32,90,8,,,NASA_POWER_daily,,,district,False,False,F,"NASA POWER daily T2M_MAX/T2M_MIN (MERRA-2, ~0.5 deg) at district centroid; GDD base 10C; heatwave = 3+ consecutive days >= 30.0C."
Koboko,2022,second,1603.63,4,0,13,1,,,NASA_POWER_daily,,,district,False,False,F,"NASA POWER daily T2M_MAX/T2M_MIN (MERRA-2, ~0.5 deg) at district centroid; GDD base 10C; heatwave = 3+ consecutive days >= 30.0C."
Koboko,2023,first,1944.57,80,12,88,9,,,NASA_POWER_daily,,,district,False,False,F,"NASA POWER daily T2M_MAX/T2M_MIN (MERRA-2, ~0.5 deg) at district centroid; GDD base 10C; heatwave = 3+ consecutive days >= 30.0C."
Koboko,2023,second,1790.2050000000002,29,2,70,3,,,NASA_POWER_daily,,,district,False,False,F,"NASA POWER daily T2M_MAX/T2M_MIN (MERRA-2, ~0.5 deg) at district centroid; GDD base 10C; heatwave = 3+ consecutive days >= 30.0C."
Kole,2015,first,1792.23,36,23,29,2,,,NASA_POWER_daily,,,district,False,False,F,"NASA POWER daily T2M_MAX/T2M_MIN (MERRA-2, ~0.5 deg) at district centroid; GDD base 10C; heatwave = 3+ consecutive days >= 30.0C."
Kole,2015,second,1753.28,43,1,25,5,,,NASA_POWER_daily,,,district,False,False,F,"NASA POWER daily T2M_MAX/T2M_MIN (MERRA-2, ~0.5 deg) at district centroid; GDD base 10C; heatwave = 3+ consecutive days >= 30.0C."
Kole,2016,first,1889.8899999999999,58,22,66,5,,,NASA_POWER_daily,,,district,False,False,F,"NASA POWER daily T2M_MAX/T2M_MIN (MERRA-2, ~0.5 deg) at district centroid; GDD base 10C; heatwave = 3+ consecutive days >= 30.0C."
Kole,2016,second,1723.3500000000001,53,0,9,7,,,NASA_POWER_daily,,,district,False,False,F,"NASA POWER daily T2M_MAX/T2M_MIN (MERRA-2, ~0.5 deg) at district centroid; GDD base 10C; heatwave = 3+ consecutive days >= 30.0C."
Kole,2017,first,1842.07,51,15,46,4,,,NASA_POWER_daily,,,district,False,False,F,"NASA POWER daily T2M_MAX/T2M_MIN (MERRA-2, ~0.5 deg) at district centroid; GDD base 10C; heatwave = 3+ consecutive days >= 30.0C."
Kole,2017,second,1596.7299999999998,26,0,3,3,,,NASA_POWER_daily,,,district,False,False,F,"NASA POWER daily T2M_MAX/T2M_MIN (MERRA-2, ~0.5 deg) at district centroid; GDD base 10C; heatwave = 3+ consecutive days >= 30.0C."
Kole,2018,first,1654.625,23,1,19,3,,,NASA_POWER_daily,,,district,False,False,F,"NASA POWER daily T2M_MAX/T2M_MIN (MERRA-2, ~0.5 deg) at district centroid; GDD base 10C; heatwave = 3+ consecutive days >= 30.0C."
Kole,2018,second,1808.915,71,2,35,11,,,NASA_POWER_daily,,,district,False,False,F,"NASA POWER daily T2M_MAX/T2M_MIN (MERRA-2, ~0.5 deg) at district centroid; GDD base 10C; heatwave = 3+ consecutive days >= 30.0C."
Kole,2019,first,1950.535,68,39,74,5,,,NASA_POWER_daily,,,district,False,False,F,"NASA POWER daily T2M_MAX/T2M_MIN (MERRA-2, ~0.5 deg) at district centroid; GDD base 10C; heatwave = 3+ consecutive days >= 30.0C."
Kole,2019,second,1579.3899999999996,3,0,2,0,,,NASA_POWER_daily,,,district,False,False,F,"NASA POWER daily T2M_MAX/T2M_MIN (MERRA-2, ~0.5 deg) at district centroid; GDD base 10C; heatwave = 3+ consecutive days >= 30.0C."
Kole,2020,first,1648.3799999999999,26,0,21,4,,,NASA_POWER_daily,,,district,False,False,F,"NASA POWER daily T2M_MAX/T2M_MIN (MERRA-2, ~0.5 deg) at district centroid; GDD base 10C; heatwave = 3+ consecutive days >= 30.0C."
Kole,2020,second,1544.87,1,0,0,0,,,NASA_POWER_daily,,,district,False,False,F,"NASA POWER daily T2M_MAX/T2M_MIN (MERRA-2, ~0.5 deg) at district centroid; GDD base 10C; heatwave = 3+ consecutive days >= 30.0C."
Kole,2021,first,1813.7599999999998,56,9,35,4,,,NASA_POWER_daily,,,district,False,False,F,"NASA POWER daily T2M_MAX/T2M_MIN (MERRA-2, ~0.5 deg) at district centroid; GDD base 10C; heatwave = 3+ consecutive days >= 30.0C."
Kole,2021,second,1834.97,75,1,38,6,,,NASA_POWER_daily,,,district,False,False,F,"NASA POWER daily T2M_MAX/T2M_MIN (MERRA-2, ~0.5 deg) at district centroid; GDD base 10C; heatwave = 3+ consecutive days >= 30.0C."
Kole,2022,first,1922.6699999999998,81,26,64,5,,,NASA_POWER_daily,,,district,False,False,F,"NASA POWER daily T2M_MAX/T2M_MIN (MERRA-2, ~0.5 deg) at district centroid; GDD base 10C; heatwave = 3+ consecutive days >= 30.0C."
Kole,2022,second,1642.2450000000001,33,0,3,5,,,NASA_POWER_daily,,,district,False,False,F,"NASA POWER daily T2M_MAX/T2M_MIN (MERRA-2, ~0.5 deg) at district centroid; GDD base 10C; heatwave = 3+ consecutive days >= 30.0C."
Kole,2023,first,1789.5049999999997,47,6,35,4,,,NASA_POWER_daily,,,district,False,False,F,"NASA POWER daily T2M_MAX/T2M_MIN (MERRA-2, ~0.5 deg) at district centroid; GDD base 10C; heatwave = 3+ consecutive days >= 30.0C."
Kole,2023,second,1788.05,55,2,36,6,,,NASA_POWER_daily,,,district,False,False,F,"NASA POWER daily T2M_MAX/T2M_MIN (MERRA-2, ~0.5 deg) at district centroid; GDD base 10C; heatwave = 3+ consecutive days >= 30.0C."
Kotido,2015,first,1809.2549999999999,59,21,23,5,,,NASA_POWER_daily,,,district,False,False,F,"NASA POWER daily T2M_MAX/T2M_MIN (MERRA-2, ~0.5 deg) at district centroid; GDD base 10C; heatwave = 3+ consecutive days >= 30.0C."
Kotido,2015,second,1822.795,82,10,13,5,,,NASA_POWER_daily,,,district,False,False,F,"NASA POWER daily T2M_MAX/T2M_MIN (MERRA-2, ~0.5 deg) at district centroid; GDD base 10C; heatwave = 3+ consecutive days >= 30.0C."
Kotido,2016,first,1865.72,68,27,51,4,,,NASA_POWER_daily,,,district,False,False,F,"NASA POWER daily T2M_MAX/T2M_MIN (MERRA-2, ~0.5 deg) at district centroid; GDD base 10C; heatwave = 3+ consecutive days >= 30.0C."
Kotido,2016,second,1755.405,80,0,3,9,,,NASA_POWER_daily,,,district,False,False,F,"NASA POWER daily T2M_MAX/T2M_MIN (MERRA-2, ~0.5 deg) at district centroid; GDD base 10C; heatwave = 3+ consecutive days >= 30.0C."
Kotido,2017,first,1953.31,96,29,46,8,,,NASA_POWER_daily,,,district,False,False,F,"NASA POWER daily T2M_MAX/T2M_MIN (MERRA-2, ~0.5 deg) at district centroid; GDD base 10C; heatwave = 3+ consecutive days >= 30.0C."
Kotido,2017,second,1689.675,60,1,2,9,,,NASA_POWER_daily,,,district,False,False,F,"NASA POWER daily T2M_MAX/T2M_MIN (MERRA-2, ~0.5 deg) at district centroid; GDD base 10C; heatwave = 3+ consecutive days >= 30.0C."
Kotido,2018,first,1575.1350000000002,23,0,0,3,,,NASA_POWER_daily,,,district,False,False,F,"NASA POWER daily T2M_MAX/T2M_MIN (MERRA-2, ~0.5 deg) at district centroid; GDD base 10C; heatwave = 3+ consecutive days >= 30.0C."
Kotido,2018,second,1797.065,84,0,8,7,,,NASA_POWER_daily,,,district,False,False,F,"NASA POWER daily T2M_MAX/T2M_MIN (MERRA-2, ~0.5 deg) at district centroid; GDD base 10C; heatwave = 3+ consecutive days >= 30.0C."
Kotido,2019,first,1925.325,80,39,52,6,,,NASA_POWER_daily,,,district,False,False,F,"NASA POWER daily T2M_MAX/T2M_MIN (MERRA-2, ~0.5 deg) at district centroid; GDD base 10C; heatwave = 3+ consecutive days >= 30.0C."
Kotido,2019,second,1613.4699999999998,35,0,1,4,,,NASA_POWER_daily,,,district,False,False,F,"NASA POWER daily T2M_MAX/T2M_MIN (MERRA-2, ~0.5 deg) at district centroid; GDD base 10C; heatwave = 3+ consecutive days >= 30.0C."
Kotido,2020,first,1643.0049999999999,29,3,9,3,,,NASA_POWER_daily,,,district,False,False,F,"NASA POWER daily T2M_MAX/T2M_MIN (MERRA-2, ~0.5 deg) at district centroid; GDD base 10C; heatwave = 3+ consecutive days >= 30.0C."
Kotido,2020,second,1522.83,4,0,0,1,,,NASA_POWER_daily,,,district,False,False,F,"NASA POWER daily T2M_MAX/T2M_MIN (MERRA-2, ~0.5 deg) at district centroid; GDD base 10C; heatwave = 3+ consecutive days >= 30.0C."
Kotido,2021,first,1810.625,79,7,18,8,,,NASA_POWER_daily,,,district,False,False,F,"NASA POWER daily T2M_MAX/T2M_MIN (MERRA-2, ~0.5 deg) at district centroid; GDD base 10C; heatwave = 3+ consecutive days >= 30.0C."
Kotido,2021,second,1854.635,100,0,17,10,,,NASA_POWER_daily,,,district,False,False,F,"NASA POWER daily T2M_MAX/T2M_MIN (MERRA-2, ~0.5 deg) at district centroid; GDD base 10C; heatwave = 3+ consecutive days >= 30.0C."
Kotido,2022,first,1936.66,96,27,38,7,,,NASA_POWER_daily,,,district,False,False,F,"NASA POWER daily T2M_MAX/T2M_MIN (MERRA-2, ~0.5 deg) at district centroid; GDD base 10C; heatwave = 3+ consecutive days >= 30.0C."
Kotido,2022,second,1725.3149999999998,67,2,5,4,,,NASA_POWER_daily,,,district,False,False,F,"NASA POWER daily T2M_MAX/T2M_MIN (MERRA-2, ~0.5 deg) at district centroid; GDD base 10C; heatwave = 3+ consecutive days >= 30.0C."
Kotido,2023,first,1773.5250000000003,68,9,16,5,,,NASA_POWER_daily,,,district,False,False,F,"NASA POWER daily T2M_MAX/T2M_MIN (MERRA-2, ~0.5 deg) at district centroid; GDD base 10C; heatwave = 3+ consecutive days >= 30.0C."
Kotido,2023,second,1894.0800000000002,101,11,17,9,,,NASA_POWER_daily,,,district,False,False,F,"NASA POWER daily T2M_MAX/T2M_MIN (MERRA-2, ~0.5 deg) at district centroid; GDD base 10C; heatwave = 3+ consecutive days >= 30.0C."
Kumi,2015,first,1828.855,42,25,44,3,,,NASA_POWER_daily,,,district,False,False,F,"NASA POWER daily T2M_MAX/T2M_MIN (MERRA-2, ~0.5 deg) at district centroid; GDD base 10C; heatwave = 3+ consecutive days >= 30.0C."
Kumi,2015,second,1839.6199999999997,64,0,61,9,,,NASA_POWER_daily,,,district,False,False,F,"NASA POWER daily T2M_MAX/T2M_MIN (MERRA-2, ~0.5 deg) at district centroid; GDD base 10C; heatwave = 3+ consecutive days >= 30.0C."
Kumi,2016,first,1881.375,59,23,70,4,,,NASA_POWER_daily,,,district,False,False,F,"NASA POWER daily T2M_MAX/T2M_MIN (MERRA-2, ~0.5 deg) at district centroid; GDD base 10C; heatwave = 3+ consecutive days >= 30.0C."
Kumi,2016,second,1840.145,73,0,47,10,,,NASA_POWER_daily,,,district,False,False,F,"NASA POWER daily T2M_MAX/T2M_MIN (MERRA-2, ~0.5 deg) at district centroid; GDD base 10C; heatwave = 3+ consecutive days >= 30.0C."
Kumi,2017,first,1899.19,68,18,67,8,,,NASA_POWER_daily,,,district,False,False,F,"NASA POWER daily T2M_MAX/T2M_MIN (MERRA-2, ~0.5 deg) at district centroid; GDD base 10C; heatwave = 3+ consecutive days >= 30.0C."
Kumi,2017,second,1762.5,54,0,32,6,,,NASA_POWER_daily,,,district,False,False,F,"NASA POWER daily T2M_MAX/T2M_MIN (MERRA-2, ~0.5 deg) at district centroid; GDD base 10C; heatwave = 3+ consecutive days >= 30.0C."
Kumi,2018,first,1626.955,17,0,21,2,,,NASA_POWER_daily,,,district,False,False,F,"NASA POWER daily T2M_MAX/T2M_MIN (MERRA-2, ~0.5 deg) at district centroid; GDD base 10C; heatwave = 3+ consecutive days >= 30.0C."
Kumi,2018,second,1786.1000000000001,54,0,41,7,,,NASA_POWER_daily,,,district,False,False,F,"NASA POWER daily T2M_MAX/T2M_MIN (MERRA-2, ~0.5 deg) at district centroid; GDD base 10C; heatwave = 3+ consecutive days >= 30.0C."
Kumi,2019,first,1913.2049999999997,58,34,72,4,,,NASA_POWER_daily,,,district,False,False,F,"NASA POWER daily T2M_MAX/T2M_MIN (MERRA-2, ~0.5 deg) at district centroid; GDD base 10C; heatwave = 3+ consecutive days >= 30.0C."
Kumi,2019,second,1645.74,11,0,26,2,,,NASA_POWER_daily,,,district,False,False,F,"NASA POWER daily T2M_MAX/T2M_MIN (MERRA-2, ~0.5 deg) at district centroid; GDD base 10C; heatwave = 3+ consecutive days >= 30.0C."
Kumi,2020,first,1652.11,27,0,33,5,,,NASA_POWER_daily,,,district,False,False,F,"NASA POWER daily T2M_MAX/T2M_MIN (MERRA-2, ~0.5 deg) at district centroid; GDD base 10C; heatwave = 3+ consecutive days >= 30.0C."
Kumi,2020,second,1596.1999999999998,2,0,15,0,,,NASA_POWER_daily,,,district,False,False,F,"NASA POWER daily T2M_MAX/T2M_MIN (MERRA-2, ~0.5 deg) at district centroid; GDD base 10C; heatwave = 3+ consecutive days >= 30.0C."
Kumi,2021,first,1820.07,63,10,45,6,,,NASA_POWER_daily,,,district,False,False,F,"NASA POWER daily T2M_MAX/T2M_MIN (MERRA-2, ~0.5 deg) at district centroid; GDD base 10C; heatwave = 3+ consecutive days >= 30.0C."
Kumi,2021,second,1898.345,85,5,69,6,,,NASA_POWER_daily,,,district,False,False,F,"NASA POWER daily T2M_MAX/T2M_MIN (MERRA-2, ~0.5 deg) at district centroid; GDD base 10C; heatwave = 3+ consecutive days >= 30.0C."
Kumi,2022,first,1937.5400000000002,77,30,55,7,,,NASA_POWER_daily,,,district,False,False,F,"NASA POWER daily T2M_MAX/T2M_MIN (MERRA-2, ~0.5 deg) at district centroid; GDD base 10C; heatwave = 3+ consecutive days >= 30.0C."
Kumi,2022,second,1765.5049999999999,55,0,36,5,,,NASA_POWER_daily,,,district,False,False,F,"NASA POWER daily T2M_MAX/T2M_MIN (MERRA-2, ~0.5 deg) at district centroid; GDD base 10C; heatwave = 3+ consecutive days >= 30.0C."
Kumi,2023,first,1790.92,47,6,46,3,,,NASA_POWER_daily,,,district,False,False,F,"NASA POWER daily T2M_MAX/T2M_MIN (MERRA-2, ~0.5 deg) at district centroid; GDD base 10C; heatwave = 3+ consecutive days >= 30.0C."
Kumi,2023,second,1823.5449999999998,70,0,57,8,,,NASA_POWER_daily,,,district,False,False,F,"NASA POWER daily T2M_MAX/T2M_MIN (MERRA-2, ~0.5 deg) at district centroid; GDD base 10C; heatwave = 3+ consecutive days >= 30.0C."
Kween,2015,first,1635.3999999999999,40,20,1,4,,,NASA_POWER_daily,,,district,False,False,F,"NASA POWER daily T2M_MAX/T2M_MIN (MERRA-2, ~0.5 deg) at district centroid; GDD base 10C; heatwave = 3+ consecutive days >= 30.0C."
Kween,2015,second,1605.0449999999998,40,0,0,8,,,NASA_POWER_daily,,,district,False,False,F,"NASA POWER daily T2M_MAX/T2M_MIN (MERRA-2, ~0.5 deg) at district centroid; GDD base 10C; heatwave = 3+ consecutive days >= 30.0C."
Kween,2016,first,1669.3899999999999,52,17,19,4,,,NASA_POWER_daily,,,district,False,False,F,"NASA POWER daily T2M_MAX/T2M_MIN (MERRA-2, ~0.5 deg) at district centroid; GDD base 10C; heatwave = 3+ consecutive days >= 30.0C."
Kween,2016,second,1537.42,33,0,0,5,,,NASA_POWER_daily,,,district,False,False,F,"NASA POWER daily T2M_MAX/T2M_MIN (MERRA-2, ~0.5 deg) at district centroid; GDD base 10C; heatwave = 3+ consecutive days >= 30.0C."
Kween,2017,first,1691.4399999999998,61,3,1,6,,,NASA_POWER_daily,,,district,False,False,F,"NASA POWER daily T2M_MAX/T2M_MIN (MERRA-2, ~0.5 deg) at district centroid; GDD base 10C; heatwave = 3+ consecutive days >= 30.0C."
Kween,2017,second,1478.44,11,0,0,1,,,NASA_POWER_daily,,,district,False,False,F,"NASA POWER daily T2M_MAX/T2M_MIN (MERRA-2, ~0.5 deg) at district centroid; GDD base 10C; heatwave = 3+ consecutive days >= 30.0C."
Kween,2018,first,1400.2150000000001,13,0,0,2,,,NASA_POWER_daily,,,district,False,False,F,"NASA POWER daily T2M_MAX/T2M_MIN (MERRA-2, ~0.5 deg) at district centroid; GDD base 10C; heatwave = 3+ consecutive days >= 30.0C."
Kween,2018,second,1499.9600000000003,20,0,0,2,,,NASA_POWER_daily,,,district,False,False,F,"NASA POWER daily T2M_MAX/T2M_MIN (MERRA-2, ~0.5 deg) at district centroid; GDD base 10C; heatwave = 3+ consecutive days >= 30.0C."
Kween,2019,first,1707.3999999999999,59,20,7,5,,,NASA_POWER_daily,,,district,False,False,F,"NASA POWER daily T2M_MAX/T2M_MIN (MERRA-2, ~0.5 deg) at district centroid; GDD base 10C; heatwave = 3+ consecutive days >= 30.0C."
Kween,2019,second,1402.125,0,0,0,0,,,NASA_POWER_daily,,,district,False,False,F,"NASA POWER daily T2M_MAX/T2M_MIN (MERRA-2, ~0.5 deg) at district centroid; GDD base 10C; heatwave = 3+ consecutive days >= 30.0C."
Kween,2020,first,1441.3149999999998,15,0,0,0,,,NASA_POWER_daily,,,district,False,False,F,"NASA POWER daily T2M_MAX/T2M_MIN (MERRA-2, ~0.5 deg) at district centroid; GDD base 10C; heatwave = 3+ consecutive days >= 30.0C."
Kween,2020,second,1328.7149999999997,0,0,0,0,,,NASA_POWER_daily,,,district,False,False,F,"NASA POWER daily T2M_MAX/T2M_MIN (MERRA-2, ~0.5 deg) at district centroid; GDD base 10C; heatwave = 3+ consecutive days >= 30.0C."
Kween,2021,first,1634.2799999999997,54,0,0,6,,,NASA_POWER_daily,,,district,False,False,F,"NASA POWER daily T2M_MAX/T2M_MIN (MERRA-2, ~0.5 deg) at district centroid; GDD base 10C; heatwave = 3+ consecutive days >= 30.0C."
Kween,2021,second,1613.505,48,0,0,7,,,NASA_POWER_daily,,,district,False,False,F,"NASA POWER daily T2M_MAX/T2M_MIN (MERRA-2, ~0.5 deg) at district centroid; GDD base 10C; heatwave = 3+ consecutive days >= 30.0C."
Kween,2022,first,1715.725,66,11,1,4,,,NASA_POWER_daily,,,district,False,False,F,"NASA POWER daily T2M_MAX/T2M_MIN (MERRA-2, ~0.5 deg) at district centroid; GDD base 10C; heatwave = 3+ consecutive days >= 30.0C."
Kween,2022,second,1459.1999999999998,10,0,0,2,,,NASA_POWER_daily,,,district,False,False,F,"NASA POWER daily T2M_MAX/T2M_MIN (MERRA-2, ~0.5 deg) at district centroid; GDD base 10C; heatwave = 3+ consecutive days >= 30.0C."
Kween,2023,first,1558.4849999999997,24,5,3,3,,,NASA_POWER_daily,,,district,False,False,F,"NASA POWER daily T2M_MAX/T2M_MIN (MERRA-2, ~0.5 deg) at district centroid; GDD base 10C; heatwave = 3+ consecutive days >= 30.0C."
Kween,2023,second,1577.92,24,0,0,4,,,NASA_POWER_daily,,,district,False,False,F,"NASA POWER daily T2M_MAX/T2M_MIN (MERRA-2, ~0.5 deg) at district centroid; GDD base 10C; heatwave = 3+ consecutive days >= 30.0C."
Kyankwanzi,2015,first,1581.375,23,10,6,1,,,NASA_POWER_daily,,,district,False,False,F,"NASA POWER daily T2M_MAX/T2M_MIN (MERRA-2, ~0.5 deg) at district centroid; GDD base 10C; heatwave = 3+ consecutive days >= 30.0C."
Kyankwanzi,2015,second,1602.7100000000003,39,0,4,4,,,NASA_POWER_daily,,,district,False,False,F,"NASA POWER daily T2M_MAX/T2M_MIN (MERRA-2, ~0.5 deg) at district centroid; GDD base 10C; heatwave = 3+ consecutive days >= 30.0C."
Kyankwanzi,2016,first,1584.08,23,1,18,3,,,NASA_POWER_daily,,,district,False,False,F,"NASA POWER daily T2M_MAX/T2M_MIN (MERRA-2, ~0.5 deg) at district centroid; GDD base 10C; heatwave = 3+ consecutive days >= 30.0C."
Kyankwanzi,2016,second,1542.6849999999997,15,0,0,1,,,NASA_POWER_daily,,,district,False,False,F,"NASA POWER daily T2M_MAX/T2M_MIN (MERRA-2, ~0.5 deg) at district centroid; GDD base 10C; heatwave = 3+ consecutive days >= 30.0C."
Kyankwanzi,2017,first,1616.25,25,3,3,3,,,NASA_POWER_daily,,,district,False,False,F,"NASA POWER daily T2M_MAX/T2M_MIN (MERRA-2, ~0.5 deg) at district centroid; GDD base 10C; heatwave = 3+ consecutive days >= 30.0C."
Kyankwanzi,2017,second,1573.79,20,0,0,3,,,NASA_POWER_daily,,,district,False,False,F,"NASA POWER daily T2M_MAX/T2M_MIN (MERRA-2, ~0.5 deg) at district centroid; GDD base 10C; heatwave = 3+ consecutive days >= 30.0C."
Kyankwanzi,2018,first,1541.3799999999999,14,0,1,2,,,NASA_POWER_daily,,,district,False,False,F,"NASA POWER daily T2M_MAX/T2M_MIN (MERRA-2, ~0.5 deg) at district centroid; GDD base 10C; heatwave = 3+ consecutive days >= 30.0C."
Kyankwanzi,2018,second,1574.14,30,0,1,5,,,NASA_POWER_daily,,,district,False,False,F,"NASA POWER daily T2M_MAX/T2M_MIN (MERRA-2, ~0.5 deg) at district centroid; GDD base 10C; heatwave = 3+ consecutive days >= 30.0C."
Kyankwanzi,2019,first,1754.035,46,18,31,4,,,NASA_POWER_daily,,,district,False,False,F,"NASA POWER daily T2M_MAX/T2M_MIN (MERRA-2, ~0.5 deg) at district centroid; GDD base 10C; heatwave = 3+ consecutive days >= 30.0C."
Kyankwanzi,2019,second,1494.8400000000001,9,0,0,2,,,NASA_POWER_daily,,,district,False,False,F,"NASA POWER daily T2M_MAX/T2M_MIN (MERRA-2, ~0.5 deg) at district centroid; GDD base 10C; heatwave = 3+ consecutive days >= 30.0C."
Kyankwanzi,2020,first,1472.565,1,0,1,0,,,NASA_POWER_daily,,,district,False,False,F,"NASA POWER daily T2M_MAX/T2M_MIN (MERRA-2, ~0.5 deg) at district centroid; GDD base 10C; heatwave = 3+ consecutive days >= 30.0C."
Kyankwanzi,2020,second,1492.67,0,0,0,0,,,NASA_POWER_daily,,,district,False,False,F,"NASA POWER daily T2M_MAX/T2M_MIN (MERRA-2, ~0.5 deg) at district centroid; GDD base 10C; heatwave = 3+ consecutive days >= 30.0C."
Kyankwanzi,2021,first,1654.81,33,3,5,4,,,NASA_POWER_daily,,,district,False,False,F,"NASA POWER daily T2M_MAX/T2M_MIN (MERRA-2, ~0.5 deg) at district centroid; GDD base 10C; heatwave = 3+ consecutive days >= 30.0C."
Kyankwanzi,2021,second,1736.94,66,0,5,11,,,NASA_POWER_daily,,,district,False,False,F,"NASA POWER daily T2M_MAX/T2M_MIN (MERRA-2, ~0.5 deg) at district centroid; GDD base 10C; heatwave = 3+ consecutive days >= 30.0C."
Kyankwanzi,2022,first,1762.7549999999999,62,12,19,6,,,NASA_POWER_daily,,,district,False,False,F,"NASA POWER daily T2M_MAX/T2M_MIN (MERRA-2, ~0.5 deg) at district centroid; GDD base 10C; heatwave = 3+ consecutive days >= 30.0C."
Kyankwanzi,2022,second,1537.1850000000002,13,0,1,3,,,NASA_POWER_daily,,,district,False,False,F,"NASA POWER daily T2M_MAX/T2M_MIN (MERRA-2, ~0.5 deg) at district centroid; GDD base 10C; heatwave = 3+ consecutive days >= 30.0C."
Kyankwanzi,2023,first,1615.38,16,4,5,1,,,NASA_POWER_daily,,,district,False,False,F,"NASA POWER daily T2M_MAX/T2M_MIN (MERRA-2, ~0.5 deg) at district centroid; GDD base 10C; heatwave = 3+ consecutive days >= 30.0C."
Kyankwanzi,2023,second,1626.3699999999997,29,0,3,3,,,NASA_POWER_daily,,,district,False,False,F,"NASA POWER daily T2M_MAX/T2M_MIN (MERRA-2, ~0.5 deg) at district centroid; GDD base 10C; heatwave = 3+ consecutive days >= 30.0C."
Kyegegwa,2015,first,1427.965,21,0,0,1,,,NASA_POWER_daily,,,district,False,False,F,"NASA POWER daily T2M_MAX/T2M_MIN (MERRA-2, ~0.5 deg) at district centroid; GDD base 10C; heatwave = 3+ consecutive days >= 30.0C."
Kyegegwa,2015,second,1431.2450000000001,9,0,0,1,,,NASA_POWER_daily,,,district,False,False,F,"NASA POWER daily T2M_MAX/T2M_MIN (MERRA-2, ~0.5 deg) at district centroid; GDD base 10C; heatwave = 3+ consecutive days >= 30.0C."
Kyegegwa,2016,first,1425.6699999999998,6,0,1,1,,,NASA_POWER_daily,,,district,False,False,F,"NASA POWER daily T2M_MAX/T2M_MIN (MERRA-2, ~0.5 deg) at district centroid; GDD base 10C; heatwave = 3+ consecutive days >= 30.0C."
Kyegegwa,2016,second,1388.955,1,0,0,0,,,NASA_POWER_daily,,,district,False,False,F,"NASA POWER daily T2M_MAX/T2M_MIN (MERRA-2, ~0.5 deg) at district centroid; GDD base 10C; heatwave = 3+ consecutive days >= 30.0C."
Kyegegwa,2017,first,1398.8199999999997,6,0,0,1,,,NASA_POWER_daily,,,district,False,False,F,"NASA POWER daily T2M_MAX/T2M_MIN (MERRA-2, ~0.5 deg) at district centroid; GDD base 10C; heatwave = 3+ consecutive days >= 30.0C."
Kyegegwa,2017,second,1392.2,0,0,0,0,,,NASA_POWER_daily,,,district,False,False,F,"NASA POWER daily T2M_MAX/T2M_MIN (MERRA-2, ~0.5 deg) at district centroid; GDD base 10C; heatwave = 3+ consecutive days >= 30.0C."
Kyegegwa,2018,first,1314.355,0,0,0,0,,,NASA_POWER_daily,,,district,False,False,F,"NASA POWER daily T2M_MAX/T2M_MIN (MERRA-2, ~0.5 deg) at district centroid; GDD base 10C; heatwave = 3+ consecutive days >= 30.0C."
Kyegegwa,2018,second,1384.2450000000001,2,0,0,0,,,NASA_POWER_daily,,,district,False,False,F,"NASA POWER daily T2M_MAX/T2M_MIN (MERRA-2, ~0.5 deg) at district centroid; GDD base 10C; heatwave = 3+ consecutive days >= 30.0C."
Kyegegwa,2019,first,1524.035,29,0,1,3,,,NASA_POWER_daily,,,district,False,False,F,"NASA POWER daily T2M_MAX/T2M_MIN (MERRA-2, ~0.5 deg) at district centroid; GDD base 10C; heatwave = 3+ consecutive days >= 30.0C."
Kyegegwa,2019,second,1358.95,0,0,0,0,,,NASA_POWER_daily,,,district,False,False,F,"NASA POWER daily T2M_MAX/T2M_MIN (MERRA-2, ~0.5 deg) at district centroid; GDD base 10C; heatwave = 3+ consecutive days >= 30.0C."
Kyegegwa,2020,first,1338.0550000000003,0,0,0,0,,,NASA_POWER_daily,,,district,False,False,F,"NASA POWER daily T2M_MAX/T2M_MIN (MERRA-2, ~0.5 deg) at district centroid; GDD base 10C; heatwave = 3+ consecutive days >= 30.0C."
Kyegegwa,2020,second,1335.4950000000001,0,0,0,0,,,NASA_POWER_daily,,,district,False,False,F,"NASA POWER daily T2M_MAX/T2M_MIN (MERRA-2, ~0.5 deg) at district centroid; GDD base 10C; heatwave = 3+ consecutive days >= 30.0C."
Kyegegwa,2021,first,1380.21,6,0,0,1,,,NASA_POWER_daily,,,district,False,False,F,"NASA POWER daily T2M_MAX/T2M_MIN (MERRA-2, ~0.5 deg) at district centroid; GDD base 10C; heatwave = 3+ consecutive days >= 30.0C."
Kyegegwa,2021,second,1490.27,16,0,0,2,,,NASA_POWER_daily,,,district,False,False,F,"NASA POWER daily T2M_MAX/T2M_MIN (MERRA-2, ~0.5 deg) at district centroid; GDD base 10C; heatwave = 3+ consecutive days >= 30.0C."
Kyegegwa,2022,first,1490.3,22,0,0,2,,,NASA_POWER_daily,,,district,False,False,F,"NASA POWER daily T2M_MAX/T2M_MIN (MERRA-2, ~0.5 deg) at district centroid; GDD base 10C; heatwave = 3+ consecutive days >= 30.0C."
Kyegegwa,2022,second,1358.3500000000001,0,0,0,0,,,NASA_POWER_daily,,,district,False,False,F,"NASA POWER daily T2M_MAX/T2M_MIN (MERRA-2, ~0.5 deg) at district centroid; GDD base 10C; heatwave = 3+ consecutive days >= 30.0C."
Kyegegwa,2023,first,1412.77,5,0,0,1,,,NASA_POWER_daily,,,district,False,False,F,"NASA POWER daily T2M_MAX/T2M_MIN (MERRA-2, ~0.5 deg) at district centroid; GDD base 10C; heatwave = 3+ consecutive days >= 30.0C."
Kyegegwa,2023,second,1475.1199999999997,17,0,0,3,,,NASA_POWER_daily,,,district,False,False,F,"NASA POWER daily T2M_MAX/T2M_MIN (MERRA-2, ~0.5 deg) at district centroid; GDD base 10C; heatwave = 3+ consecutive days >= 30.0C."
Kyenjojo,2015,first,1429.7450000000001,17,0,1,3,,,NASA_POWER_daily,,,district,False,False,F,"NASA POWER daily T2M_MAX/T2M_MIN (MERRA-2, ~0.5 deg) at district centroid; GDD base 10C; heatwave = 3+ consecutive days >= 30.0C."
Kyenjojo,2015,second,1422.955,11,0,0,1,,,NASA_POWER_daily,,,district,False,False,F,"NASA POWER daily T2M_MAX/T2M_MIN (MERRA-2, ~0.5 deg) at district centroid; GDD base 10C; heatwave = 3+ consecutive days >= 30.0C."
Kyenjojo,2016,first,1445.2350000000001,7,0,0,1,,,NASA_POWER_daily,,,district,False,False,F,"NASA POWER daily T2M_MAX/T2M_MIN (MERRA-2, ~0.5 deg) at district centroid; GDD base 10C; heatwave = 3+ consecutive days >= 30.0C."
Kyenjojo,2016,second,1378.7499999999995,2,0,0,0,,,NASA_POWER_daily,,,district,False,False,F,"NASA POWER daily T2M_MAX/T2M_MIN (MERRA-2, ~0.5 deg) at district centroid; GDD base 10C; heatwave = 3+ consecutive days >= 30.0C."
Kyenjojo,2017,first,1384.07,2,0,0,0,,,NASA_POWER_daily,,,district,False,False,F,"NASA POWER daily T2M_MAX/T2M_MIN (MERRA-2, ~0.5 deg) at district centroid; GDD base 10C; heatwave = 3+ consecutive days >= 30.0C."
Kyenjojo,2017,second,1366.69,0,0,0,0,,,NASA_POWER_daily,,,district,False,False,F,"NASA POWER daily T2M_MAX/T2M_MIN (MERRA-2, ~0.5 deg) at district centroid; GDD base 10C; heatwave = 3+ consecutive days >= 30.0C."
Kyenjojo,2018,first,1284.98,0,0,0,0,,,NASA_POWER_daily,,,district,False,False,F,"NASA POWER daily T2M_MAX/T2M_MIN (MERRA-2, ~0.5 deg) at district centroid; GDD base 10C; heatwave = 3+ consecutive days >= 30.0C."
Kyenjojo,2018,second,1347.23,0,0,0,0,,,NASA_POWER_daily,,,district,False,False,F,"NASA POWER daily T2M_MAX/T2M_MIN (MERRA-2, ~0.5 deg) at district centroid; GDD base 10C; heatwave = 3+ consecutive days >= 30.0C."
Kyenjojo,2019,first,1470.34,17,0,0,3,,,NASA_POWER_daily,,,district,False,False,F,"NASA POWER daily T2M_MAX/T2M_MIN (MERRA-2, ~0.5 deg) at district centroid; GDD base 10C; heatwave = 3+ consecutive days >= 30.0C."
Kyenjojo,2019,second,1330.2600000000002,0,0,0,0,,,NASA_POWER_daily,,,district,False,False,F,"NASA POWER daily T2M_MAX/T2M_MIN (MERRA-2, ~0.5 deg) at district centroid; GDD base 10C; heatwave = 3+ consecutive days >= 30.0C."
Kyenjojo,2020,first,1345.195,0,0,0,0,,,NASA_POWER_daily,,,district,False,False,F,"NASA POWER daily T2M_MAX/T2M_MIN (MERRA-2, ~0.5 deg) at district centroid; GDD base 10C; heatwave = 3+ consecutive days >= 30.0C."
Kyenjojo,2020,second,1306.5700000000002,0,0,0,0,,,NASA_POWER_daily,,,district,False,False,F,"NASA POWER daily T2M_MAX/T2M_MIN (MERRA-2, ~0.5 deg) at district centroid; GDD base 10C; heatwave = 3+ consecutive days >= 30.0C."
Kyenjojo,2021,first,1319.1449999999998,0,0,0,0,,,NASA_POWER_daily,,,district,False,False,F,"NASA POWER daily T2M_MAX/T2M_MIN (MERRA-2, ~0.5 deg) at district centroid; GDD base 10C; heatwave = 3+ consecutive days >= 30.0C."
Kyenjojo,2021,second,1416.3100000000002,6,0,0,1,,,NASA_POWER_daily,,,district,False,False,F,"NASA POWER daily T2M_MAX/T2M_MIN (MERRA-2, ~0.5 deg) at district centroid; GDD base 10C; heatwave = 3+ consecutive days >= 30.0C."
Kyenjojo,2022,first,1427.51,15,0,0,1,,,NASA_POWER_daily,,,district,False,False,F,"NASA POWER daily T2M_MAX/T2M_MIN (MERRA-2, ~0.5 deg) at district centroid; GDD base 10C; heatwave = 3+ consecutive days >= 30.0C."
Kyenjojo,2022,second,1317.6899999999998,0,0,0,0,,,NASA_POWER_daily,,,district,False,False,F,"NASA POWER daily T2M_MAX/T2M_MIN (MERRA-2, ~0.5 deg) at district centroid; GDD base 10C; heatwave = 3+ consecutive days >= 30.0C."
Kyenjojo,2023,first,1395.8550000000002,3,0,0,1,,,NASA_POWER_daily,,,district,False,False,F,"NASA POWER daily T2M_MAX/T2M_MIN (MERRA-2, ~0.5 deg) at district centroid; GDD base 10C; heatwave = 3+ consecutive days >= 30.0C."
Kyenjojo,2023,second,1463.95,14,0,0,2,,,NASA_POWER_daily,,,district,False,False,F,"NASA POWER daily T2M_MAX/T2M_MIN (MERRA-2, ~0.5 deg) at district centroid; GDD base 10C; heatwave = 3+ consecutive days >= 30.0C."
Lamwo,2015,first,1944.5449999999998,54,25,79,3,,,NASA_POWER_daily,,,district,False,False,F,"NASA POWER daily T2M_MAX/T2M_MIN (MERRA-2, ~0.5 deg) at district centroid; GDD base 10C; heatwave = 3+ consecutive days >= 30.0C."
Lamwo,2015,second,1886.3,68,9,66,9,,,NASA_POWER_daily,,,district,False,False,F,"NASA POWER daily T2M_MAX/T2M_MIN (MERRA-2, ~0.5 deg) at district centroid; GDD base 10C; heatwave = 3+ consecutive days >= 30.0C."
Lamwo,2016,first,2068.5,74,38,92,3,,,NASA_POWER_daily,,,district,False,False,F,"NASA POWER daily T2M_MAX/T2M_MIN (MERRA-2, ~0.5 deg) at district centroid; GDD base 10C; heatwave = 3+ consecutive days >= 30.0C."
Lamwo,2016,second,1857.1350000000002,76,1,54,9,,,NASA_POWER_daily,,,district,False,False,F,"NASA POWER daily T2M_MAX/T2M_MIN (MERRA-2, ~0.5 deg) at district centroid; GDD base 10C; heatwave = 3+ consecutive days >= 30.0C."
Lamwo,2017,first,2064.7400000000002,94,33,101,9,,,NASA_POWER_daily,,,district,False,False,F,"NASA POWER daily T2M_MAX/T2M_MIN (MERRA-2, ~0.5 deg) at district centroid; GDD base 10C; heatwave = 3+ consecutive days >= 30.0C."
Lamwo,2017,second,1728.6250000000002,36,0,29,4,,,NASA_POWER_daily,,,district,False,False,F,"NASA POWER daily T2M_MAX/T2M_MIN (MERRA-2, ~0.5 deg) at district centroid; GDD base 10C; heatwave = 3+ consecutive days >= 30.0C."
Lamwo,2018,first,1814.8449999999998,51,16,62,3,,,NASA_POWER_daily,,,district,False,False,F,"NASA POWER daily T2M_MAX/T2M_MIN (MERRA-2, ~0.5 deg) at district centroid; GDD base 10C; heatwave = 3+ consecutive days >= 30.0C."
Lamwo,2018,second,1995.07,102,19,80,8,,,NASA_POWER_daily,,,district,False,False,F,"NASA POWER daily T2M_MAX/T2M_MIN (MERRA-2, ~0.5 deg) at district centroid; GDD base 10C; heatwave = 3+ consecutive days >= 30.0C."
Lamwo,2019,first,2137.6600000000003,82,45,100,6,,,NASA_POWER_daily,,,district,False,False,F,"NASA POWER daily T2M_MAX/T2M_MIN (MERRA-2, ~0.5 deg) at district centroid; GDD base 10C; heatwave = 3+ consecutive days >= 30.0C."
Lamwo,2019,second,1667.6799999999998,5,0,21,0,,,NASA_POWER_daily,,,district,False,False,F,"NASA POWER daily T2M_MAX/T2M_MIN (MERRA-2, ~0.5 deg) at district centroid; GDD base 10C; heatwave = 3+ consecutive days >= 30.0C."
Lamwo,2020,first,1826.895,42,12,72,5,,,NASA_POWER_daily,,,district,False,False,F,"NASA POWER daily T2M_MAX/T2M_MIN (MERRA-2, ~0.5 deg) at district centroid; GDD base 10C; heatwave = 3+ consecutive days >= 30.0C."
Lamwo,2020,second,1633.23,1,0,17,0,,,NASA_POWER_daily,,,district,False,False,F,"NASA POWER daily T2M_MAX/T2M_MIN (MERRA-2, ~0.5 deg) at district centroid; GDD base 10C; heatwave = 3+ consecutive days >= 30.0C."
Lamwo,2021,first,1963.63,67,30,79,5,,,NASA_POWER_daily,,,district,False,False,F,"NASA POWER daily T2M_MAX/T2M_MIN (MERRA-2, ~0.5 deg) at district centroid; GDD base 10C; heatwave = 3+ consecutive days >= 30.0C."
Lamwo,2021,second,1945.835,94,7,73,9,,,NASA_POWER_daily,,,district,False,False,F,"NASA POWER daily T2M_MAX/T2M_MIN (MERRA-2, ~0.5 deg) at district centroid; GDD base 10C; heatwave = 3+ consecutive days >= 30.0C."
Lamwo,2022,first,2144.415,102,53,100,8,,,NASA_POWER_daily,,,district,False,False,F,"NASA POWER daily T2M_MAX/T2M_MIN (MERRA-2, ~0.5 deg) at district centroid; GDD base 10C; heatwave = 3+ consecutive days >= 30.0C."
Lamwo,2022,second,1698.0449999999998,27,0,14,3,,,NASA_POWER_daily,,,district,False,False,F,"NASA POWER daily T2M_MAX/T2M_MIN (MERRA-2, ~0.5 deg) at district centroid; GDD base 10C; heatwave = 3+ consecutive days >= 30.0C."
Lamwo,2023,first,1973.145,84,15,88,6,,,NASA_POWER_daily,,,district,False,False,F,"NASA POWER daily T2M_MAX/T2M_MIN (MERRA-2, ~0.5 deg) at district centroid; GDD base 10C; heatwave = 3+ consecutive days >= 30.0C."
Lamwo,2023,second,1888.125,64,6,82,4,,,NASA_POWER_daily,,,district,False,False,F,"NASA POWER daily T2M_MAX/T2M_MIN (MERRA-2, ~0.5 deg) at district centroid; GDD base 10C; heatwave = 3+ consecutive days >= 30.0C."
Lira,2015,first,1831.59,41,24,33,3,,,NASA_POWER_daily,,,district,False,False,F,"NASA POWER daily T2M_MAX/T2M_MIN (MERRA-2, ~0.5 deg) at district centroid; GDD base 10C; heatwave = 3+ consecutive days >= 30.0C."
Lira,2015,second,1852.2300000000002,77,6,31,6,,,NASA_POWER_daily,,,district,False,False,F,"NASA POWER daily T2M_MAX/T2M_MIN (MERRA-2, ~0.5 deg) at district centroid; GDD base 10C; heatwave = 3+ consecutive days >= 30.0C."
Lira,2016,first,1961.2750000000003,68,28,73,5,,,NASA_POWER_daily,,,district,False,False,F,"NASA POWER daily T2M_MAX/T2M_MIN (MERRA-2, ~0.5 deg) at district centroid; GDD base 10C; heatwave = 3+ consecutive days >= 30.0C."
Lira,2016,second,1809.2049999999997,79,1,19,6,,,NASA_POWER_daily,,,district,False,False,F,"NASA POWER daily T2M_MAX/T2M_MIN (MERRA-2, ~0.5 deg) at district centroid; GDD base 10C; heatwave = 3+ consecutive days >= 30.0C."
Lira,2017,first,1929.09,77,32,58,9,,,NASA_POWER_daily,,,district,False,False,F,"NASA POWER daily T2M_MAX/T2M_MIN (MERRA-2, ~0.5 deg) at district centroid; GDD base 10C; heatwave = 3+ consecutive days >= 30.0C."
Lira,2017,second,1705.55,53,0,5,5,,,NASA_POWER_daily,,,district,False,False,F,"NASA POWER daily T2M_MAX/T2M_MIN (MERRA-2, ~0.5 deg) at district centroid; GDD base 10C; heatwave = 3+ consecutive days >= 30.0C."
Lira,2018,first,1692.5600000000004,29,4,18,3,,,NASA_POWER_daily,,,district,False,False,F,"NASA POWER daily T2M_MAX/T2M_MIN (MERRA-2, ~0.5 deg) at district centroid; GDD base 10C; heatwave = 3+ consecutive days >= 30.0C."
Lira,2018,second,1886.265,88,11,39,8,,,NASA_POWER_daily,,,district,False,False,F,"NASA POWER daily T2M_MAX/T2M_MIN (MERRA-2, ~0.5 deg) at district centroid; GDD base 10C; heatwave = 3+ consecutive days >= 30.0C."
Lira,2019,first,1978.5049999999999,76,39,67,7,,,NASA_POWER_daily,,,district,False,False,F,"NASA POWER daily T2M_MAX/T2M_MIN (MERRA-2, ~0.5 deg) at district centroid; GDD base 10C; heatwave = 3+ consecutive days >= 30.0C."
Lira,2019,second,1645.9850000000004,29,0,3,3,,,NASA_POWER_daily,,,district,False,False,F,"NASA POWER daily T2M_MAX/T2M_MIN (MERRA-2, ~0.5 deg) at district centroid; GDD base 10C; heatwave = 3+ consecutive days >= 30.0C."
Lira,2020,first,1708.1599999999999,32,2,26,3,,,NASA_POWER_daily,,,district,False,False,F,"NASA POWER daily T2M_MAX/T2M_MIN (MERRA-2, ~0.5 deg) at district centroid; GDD base 10C; heatwave = 3+ consecutive days >= 30.0C."
Lira,2020,second,1601.69,20,0,1,1,,,NASA_POWER_daily,,,district,False,False,F,"NASA POWER daily T2M_MAX/T2M_MIN (MERRA-2, ~0.5 deg) at district centroid; GDD base 10C; heatwave = 3+ consecutive days >= 30.0C."
Lira,2021,first,1846.25,71,15,36,6,,,NASA_POWER_daily,,,district,False,False,F,"NASA POWER daily T2M_MAX/T2M_MIN (MERRA-2, ~0.5 deg) at district centroid; GDD base 10C; heatwave = 3+ consecutive days >= 30.0C."
Lira,2021,second,1908.4800000000002,96,10,47,8,,,NASA_POWER_daily,,,district,False,False,F,"NASA POWER daily T2M_MAX/T2M_MIN (MERRA-2, ~0.5 deg) at district centroid; GDD base 10C; heatwave = 3+ consecutive days >= 30.0C."
Lira,2022,first,1979.4550000000002,91,34,61,6,,,NASA_POWER_daily,,,district,False,False,F,"NASA POWER daily T2M_MAX/T2M_MIN (MERRA-2, ~0.5 deg) at district centroid; GDD base 10C; heatwave = 3+ consecutive days >= 30.0C."
Lira,2022,second,1734.7299999999998,63,0,8,6,,,NASA_POWER_daily,,,district,False,False,F,"NASA POWER daily T2M_MAX/T2M_MIN (MERRA-2, ~0.5 deg) at district centroid; GDD base 10C; heatwave = 3+ consecutive days >= 30.0C."
Lira,2023,first,1848.1949999999997,67,8,41,5,,,NASA_POWER_daily,,,district,False,False,F,"NASA POWER daily T2M_MAX/T2M_MIN (MERRA-2, ~0.5 deg) at district centroid; GDD base 10C; heatwave = 3+ consecutive days >= 30.0C."
Lira,2023,second,1888.5400000000002,87,9,42,7,,,NASA_POWER_daily,,,district,False,False,F,"NASA POWER daily T2M_MAX/T2M_MIN (MERRA-2, ~0.5 deg) at district centroid; GDD base 10C; heatwave = 3+ consecutive days >= 30.0C."
Luuka,2015,first,1609.2400000000002,21,2,42,1,,,NASA_POWER_daily,,,district,False,False,F,"NASA POWER daily T2M_MAX/T2M_MIN (MERRA-2, ~0.5 deg) at district centroid; GDD base 10C; heatwave = 3+ consecutive days >= 30.0C."
Luuka,2015,second,1595.975,5,0,36,1,,,NASA_POWER_daily,,,district,False,False,F,"NASA POWER daily T2M_MAX/T2M_MIN (MERRA-2, ~0.5 deg) at district centroid; GDD base 10C; heatwave = 3+ consecutive days >= 30.0C."
Luuka,2016,first,1593.68,7,0,63,2,,,NASA_POWER_daily,,,district,False,False,F,"NASA POWER daily T2M_MAX/T2M_MIN (MERRA-2, ~0.5 deg) at district centroid; GDD base 10C; heatwave = 3+ consecutive days >= 30.0C."
Luuka,2016,second,1561.655,0,0,14,0,,,NASA_POWER_daily,,,district,False,False,F,"NASA POWER daily T2M_MAX/T2M_MIN (MERRA-2, ~0.5 deg) at district centroid; GDD base 10C; heatwave = 3+ consecutive days >= 30.0C."
Luuka,2017,first,1634.8549999999998,10,0,61,3,,,NASA_POWER_daily,,,district,False,False,F,"NASA POWER daily T2M_MAX/T2M_MIN (MERRA-2, ~0.5 deg) at district centroid; GDD base 10C; heatwave = 3+ consecutive days >= 30.0C."
Luuka,2017,second,1584.6500000000003,4,0,18,1,,,NASA_POWER_daily,,,district,False,False,F,"NASA POWER daily T2M_MAX/T2M_MIN (MERRA-2, ~0.5 deg) at district centroid; GDD base 10C; heatwave = 3+ consecutive days >= 30.0C."
Luuka,2018,first,1471.4300000000003,0,0,17,0,,,NASA_POWER_daily,,,district,False,False,F,"NASA POWER daily T2M_MAX/T2M_MIN (MERRA-2, ~0.5 deg) at district centroid; GDD base 10C; heatwave = 3+ consecutive days >= 30.0C."
Luuka,2018,second,1559.815,0,0,25,0,,,NASA_POWER_daily,,,district,False,False,F,"NASA POWER daily T2M_MAX/T2M_MIN (MERRA-2, ~0.5 deg) at district centroid; GDD base 10C; heatwave = 3+ consecutive days >= 30.0C."
Luuka,2019,first,1660.195,20,0,65,1,,,NASA_POWER_daily,,,district,False,False,F,"NASA POWER daily T2M_MAX/T2M_MIN (MERRA-2, ~0.5 deg) at district centroid; GDD base 10C; heatwave = 3+ consecutive days >= 30.0C."
Luuka,2019,second,1509.995,0,0,11,0,,,NASA_POWER_daily,,,district,False,False,F,"NASA POWER daily T2M_MAX/T2M_MIN (MERRA-2, ~0.5 deg) at district centroid; GDD base 10C; heatwave = 3+ consecutive days >= 30.0C."
Luuka,2020,first,1521.2800000000002,0,0,43,0,,,NASA_POWER_daily,,,district,False,False,F,"NASA POWER daily T2M_MAX/T2M_MIN (MERRA-2, ~0.5 deg) at district centroid; GDD base 10C; heatwave = 3+ consecutive days >= 30.0C."
Luuka,2020,second,1499.74,0,0,4,0,,,NASA_POWER_daily,,,district,False,False,F,"NASA POWER daily T2M_MAX/T2M_MIN (MERRA-2, ~0.5 deg) at district centroid; GDD base 10C; heatwave = 3+ consecutive days >= 30.0C."
Luuka,2021,first,1533.6949999999997,0,0,46,0,,,NASA_POWER_daily,,,district,False,False,F,"NASA POWER daily T2M_MAX/T2M_MIN (MERRA-2, ~0.5 deg) at district centroid; GDD base 10C; heatwave = 3+ consecutive days >= 30.0C."
Luuka,2021,second,1608.8300000000002,1,0,32,0,,,NASA_POWER_daily,,,district,False,False,F,"NASA POWER daily T2M_MAX/T2M_MIN (MERRA-2, ~0.5 deg) at district centroid; GDD base 10C; heatwave = 3+ consecutive days >= 30.0C."
Luuka,2022,first,1628.07,17,0,54,2,,,NASA_POWER_daily,,,district,False,False,F,"NASA POWER daily T2M_MAX/T2M_MIN (MERRA-2, ~0.5 deg) at district centroid; GDD base 10C; heatwave = 3+ consecutive days >= 30.0C."
Luuka,2022,second,1567.8650000000002,0,0,21,0,,,NASA_POWER_daily,,,district,False,False,F,"NASA POWER daily T2M_MAX/T2M_MIN (MERRA-2, ~0.5 deg) at district centroid; GDD base 10C; heatwave = 3+ consecutive days >= 30.0C."
Luuka,2023,first,1573.0900000000001,4,0,69,1,,,NASA_POWER_daily,,,district,False,False,F,"NASA POWER daily T2M_MAX/T2M_MIN (MERRA-2, ~0.5 deg) at district centroid; GDD base 10C; heatwave = 3+ consecutive days >= 30.0C."
Luuka,2023,second,1619.25,0,0,53,0,,,NASA_POWER_daily,,,district,False,False,F,"NASA POWER daily T2M_MAX/T2M_MIN (MERRA-2, ~0.5 deg) at district centroid; GDD base 10C; heatwave = 3+ consecutive days >= 30.0C."
Luwero,2015,first,1624.4699999999998,25,17,9,1,,,NASA_POWER_daily,,,district,False,False,F,"NASA POWER daily T2M_MAX/T2M_MIN (MERRA-2, ~0.5 deg) at district centroid; GDD base 10C; heatwave = 3+ consecutive days >= 30.0C."
Luwero,2015,second,1645.1499999999999,41,0,10,6,,,NASA_POWER_daily,,,district,False,False,F,"NASA POWER daily T2M_MAX/T2M_MIN (MERRA-2, ~0.5 deg) at district centroid; GDD base 10C; heatwave = 3+ consecutive days >= 30.0C."
Luwero,2016,first,1637.23,29,5,24,2,,,NASA_POWER_daily,,,district,False,False,F,"NASA POWER daily T2M_MAX/T2M_MIN (MERRA-2, ~0.5 deg) at district centroid; GDD base 10C; heatwave = 3+ consecutive days >= 30.0C."
Luwero,2016,second,1657.8399999999997,36,0,4,4,,,NASA_POWER_daily,,,district,False,False,F,"NASA POWER daily T2M_MAX/T2M_MIN (MERRA-2, ~0.5 deg) at district centroid; GDD base 10C; heatwave = 3+ consecutive days >= 30.0C."
Luwero,2017,first,1676.6599999999999,34,5,8,6,,,NASA_POWER_daily,,,district,False,False,F,"NASA POWER daily T2M_MAX/T2M_MIN (MERRA-2, ~0.5 deg) at district centroid; GDD base 10C; heatwave = 3+ consecutive days >= 30.0C."
Luwero,2017,second,1637.5450000000003,29,0,3,4,,,NASA_POWER_daily,,,district,False,False,F,"NASA POWER daily T2M_MAX/T2M_MIN (MERRA-2, ~0.5 deg) at district centroid; GDD base 10C; heatwave = 3+ consecutive days >= 30.0C."
Luwero,2018,first,1547.91,11,0,2,1,,,NASA_POWER_daily,,,district,False,False,F,"NASA POWER daily T2M_MAX/T2M_MIN (MERRA-2, ~0.5 deg) at district centroid; GDD base 10C; heatwave = 3+ consecutive days >= 30.0C."
Luwero,2018,second,1625.3899999999999,42,0,0,6,,,NASA_POWER_daily,,,district,False,False,F,"NASA POWER daily T2M_MAX/T2M_MIN (MERRA-2, ~0.5 deg) at district centroid; GDD base 10C; heatwave = 3+ consecutive days >= 30.0C."
Luwero,2019,first,1746.22,44,18,35,4,,,NASA_POWER_daily,,,district,False,False,F,"NASA POWER daily T2M_MAX/T2M_MIN (MERRA-2, ~0.5 deg) at district centroid; GDD base 10C; heatwave = 3+ consecutive days >= 30.0C."
Luwero,2019,second,1530.1200000000001,5,0,0,0,,,NASA_POWER_daily,,,district,False,False,F,"NASA POWER daily T2M_MAX/T2M_MIN (MERRA-2, ~0.5 deg) at district centroid; GDD base 10C; heatwave = 3+ consecutive days >= 30.0C."
Luwero,2020,first,1501.4250000000002,0,0,5,0,,,NASA_POWER_daily,,,district,False,False,F,"NASA POWER daily T2M_MAX/T2M_MIN (MERRA-2, ~0.5 deg) at district centroid; GDD base 10C; heatwave = 3+ consecutive days >= 30.0C."
Luwero,2020,second,1496.7350000000001,0,0,0,0,,,NASA_POWER_daily,,,district,False,False,F,"NASA POWER daily T2M_MAX/T2M_MIN (MERRA-2, ~0.5 deg) at district centroid; GDD base 10C; heatwave = 3+ consecutive days >= 30.0C."
Luwero,2021,first,1643.205,32,0,11,3,,,NASA_POWER_daily,,,district,False,False,F,"NASA POWER daily T2M_MAX/T2M_MIN (MERRA-2, ~0.5 deg) at district centroid; GDD base 10C; heatwave = 3+ consecutive days >= 30.0C."
Luwero,2021,second,1751.35,67,1,11,8,,,NASA_POWER_daily,,,district,False,False,F,"NASA POWER daily T2M_MAX/T2M_MIN (MERRA-2, ~0.5 deg) at district centroid; GDD base 10C; heatwave = 3+ consecutive days >= 30.0C."
Luwero,2022,first,1761.58,57,10,15,4,,,NASA_POWER_daily,,,district,False,False,F,"NASA POWER daily T2M_MAX/T2M_MIN (MERRA-2, ~0.5 deg) at district centroid; GDD base 10C; heatwave = 3+ consecutive days >= 30.0C."
Luwero,2022,second,1598.3150000000003,15,0,2,2,,,NASA_POWER_daily,,,district,False,False,F,"NASA POWER daily T2M_MAX/T2M_MIN (MERRA-2, ~0.5 deg) at district centroid; GDD base 10C; heatwave = 3+ consecutive days >= 30.0C."
Luwero,2023,first,1605.305,7,4,7,1,,,NASA_POWER_daily,,,district,False,False,F,"NASA POWER daily T2M_MAX/T2M_MIN (MERRA-2, ~0.5 deg) at district centroid; GDD base 10C; heatwave = 3+ consecutive days >= 30.0C."
Luwero,2023,second,1644.215,25,0,10,3,,,NASA_POWER_daily,,,district,False,False,F,"NASA POWER daily T2M_MAX/T2M_MIN (MERRA-2, ~0.5 deg) at district centroid; GDD base 10C; heatwave = 3+ consecutive days >= 30.0C."
Lwengo,2015,first,1389.765,7,0,1,2,,,NASA_POWER_daily,,,district,False,False,F,"NASA POWER daily T2M_MAX/T2M_MIN (MERRA-2, ~0.5 deg) at district centroid; GDD base 10C; heatwave = 3+ consecutive days >= 30.0C."
Lwengo,2015,second,1428.0049999999999,2,0,0,0,,,NASA_POWER_daily,,,district,False,False,F,"NASA POWER daily T2M_MAX/T2M_MIN (MERRA-2, ~0.5 deg) at district centroid; GDD base 10C; heatwave = 3+ consecutive days >= 30.0C."
Lwengo,2016,first,1439.34,10,0,1,2,,,NASA_POWER_daily,,,district,False,False,F,"NASA POWER daily T2M_MAX/T2M_MIN (MERRA-2, ~0.5 deg) at district centroid; GDD base 10C; heatwave = 3+ consecutive days >= 30.0C."
Lwengo,2016,second,1475.0850000000003,8,0,0,1,,,NASA_POWER_daily,,,district,False,False,F,"NASA POWER daily T2M_MAX/T2M_MIN (MERRA-2, ~0.5 deg) at district centroid; GDD base 10C; heatwave = 3+ consecutive days >= 30.0C."
Lwengo,2017,first,1364.5249999999999,1,0,0,0,,,NASA_POWER_daily,,,district,False,False,F,"NASA POWER daily T2M_MAX/T2M_MIN (MERRA-2, ~0.5 deg) at district centroid; GDD base 10C; heatwave = 3+ consecutive days >= 30.0C."
Lwengo,2017,second,1419.165,0,0,0,0,,,NASA_POWER_daily,,,district,False,False,F,"NASA POWER daily T2M_MAX/T2M_MIN (MERRA-2, ~0.5 deg) at district centroid; GDD base 10C; heatwave = 3+ consecutive days >= 30.0C."
Lwengo,2018,first,1289.165,0,0,0,0,,,NASA_POWER_daily,,,district,False,False,F,"NASA POWER daily T2M_MAX/T2M_MIN (MERRA-2, ~0.5 deg) at district centroid; GDD base 10C; heatwave = 3+ consecutive days >= 30.0C."
Lwengo,2018,second,1408.085,0,0,0,0,,,NASA_POWER_daily,,,district,False,False,F,"NASA POWER daily T2M_MAX/T2M_MIN (MERRA-2, ~0.5 deg) at district centroid; GDD base 10C; heatwave = 3+ consecutive days >= 30.0C."
Lwengo,2019,first,1421.765,7,0,1,0,,,NASA_POWER_daily,,,district,False,False,F,"NASA POWER daily T2M_MAX/T2M_MIN (MERRA-2, ~0.5 deg) at district centroid; GDD base 10C; heatwave = 3+ consecutive days >= 30.0C."
Lwengo,2019,second,1341.8249999999998,0,0,0,0,,,NASA_POWER_daily,,,district,False,False,F,"NASA POWER daily T2M_MAX/T2M_MIN (MERRA-2, ~0.5 deg) at district centroid; GDD base 10C; heatwave = 3+ consecutive days >= 30.0C."
Lwengo,2020,first,1282.905,0,0,0,0,,,NASA_POWER_daily,,,district,False,False,F,"NASA POWER daily T2M_MAX/T2M_MIN (MERRA-2, ~0.5 deg) at district centroid; GDD base 10C; heatwave = 3+ consecutive days >= 30.0C."
Lwengo,2020,second,1304.8050000000003,0,0,0,0,,,NASA_POWER_daily,,,district,False,False,F,"NASA POWER daily T2M_MAX/T2M_MIN (MERRA-2, ~0.5 deg) at district centroid; GDD base 10C; heatwave = 3+ consecutive days >= 30.0C."
Lwengo,2021,first,1261.115,0,0,0,0,,,NASA_POWER_daily,,,district,False,False,F,"NASA POWER daily T2M_MAX/T2M_MIN (MERRA-2, ~0.5 deg) at district centroid; GDD base 10C; heatwave = 3+ consecutive days >= 30.0C."
Lwengo,2021,second,1357.3200000000002,0,0,0,0,,,NASA_POWER_daily,,,district,False,False,F,"NASA POWER daily T2M_MAX/T2M_MIN (MERRA-2, ~0.5 deg) at district centroid; GDD base 10C; heatwave = 3+ consecutive days >= 30.0C."
Lwengo,2022,first,1292.2999999999997,0,0,0,0,,,NASA_POWER_daily,,,district,False,False,F,"NASA POWER daily T2M_MAX/T2M_MIN (MERRA-2, ~0.5 deg) at district centroid; GDD base 10C; heatwave = 3+ consecutive days >= 30.0C."
Lwengo,2022,second,1312.2399999999998,0,0,0,0,,,NASA_POWER_daily,,,district,False,False,F,"NASA POWER daily T2M_MAX/T2M_MIN (MERRA-2, ~0.5 deg) at district centroid; GDD base 10C; heatwave = 3+ consecutive days >= 30.0C."
Lwengo,2023,first,1315.3950000000002,0,0,0,0,,,NASA_POWER_daily,,,district,False,False,F,"NASA POWER daily T2M_MAX/T2M_MIN (MERRA-2, ~0.5 deg) at district centroid; GDD base 10C; heatwave = 3+ consecutive days >= 30.0C."
Lwengo,2023,second,1410.435,0,0,0,0,,,NASA_POWER_daily,,,district,False,False,F,"NASA POWER daily T2M_MAX/T2M_MIN (MERRA-2, ~0.5 deg) at district centroid; GDD base 10C; heatwave = 3+ consecutive days >= 30.0C."
Lyantonde,2015,first,1410.3349999999998,13,0,2,2,,,NASA_POWER_daily,,,district,False,False,F,"NASA POWER daily T2M_MAX/T2M_MIN (MERRA-2, ~0.5 deg) at district centroid; GDD base 10C; heatwave = 3+ consecutive days >= 30.0C."
Lyantonde,2015,second,1422.0600000000002,5,0,0,0,,,NASA_POWER_daily,,,district,False,False,F,"NASA POWER daily T2M_MAX/T2M_MIN (MERRA-2, ~0.5 deg) at district centroid; GDD base 10C; heatwave = 3+ consecutive days >= 30.0C."
Lyantonde,2016,first,1437.895,7,0,2,1,,,NASA_POWER_daily,,,district,False,False,F,"NASA POWER daily T2M_MAX/T2M_MIN (MERRA-2, ~0.5 deg) at district centroid; GDD base 10C; heatwave = 3+ consecutive days >= 30.0C."
Lyantonde,2016,second,1443.975,5,0,0,0,,,NASA_POWER_daily,,,district,False,False,F,"NASA POWER daily T2M_MAX/T2M_MIN (MERRA-2, ~0.5 deg) at district centroid; GDD base 10C; heatwave = 3+ consecutive days >= 30.0C."
Lyantonde,2017,first,1383.415,5,0,0,1,,,NASA_POWER_daily,,,district,False,False,F,"NASA POWER daily T2M_MAX/T2M_MIN (MERRA-2, ~0.5 deg) at district centroid; GDD base 10C; heatwave = 3+ consecutive days >= 30.0C."
Lyantonde,2017,second,1398.03,0,0,0,0,,,NASA_POWER_daily,,,district,False,False,F,"NASA POWER daily T2M_MAX/T2M_MIN (MERRA-2, ~0.5 deg) at district centroid; GDD base 10C; heatwave = 3+ consecutive days >= 30.0C."
Lyantonde,2018,first,1303.87,0,0,0,0,,,NASA_POWER_daily,,,district,False,False,F,"NASA POWER daily T2M_MAX/T2M_MIN (MERRA-2, ~0.5 deg) at district centroid; GDD base 10C; heatwave = 3+ consecutive days >= 30.0C."
Lyantonde,2018,second,1395.7350000000001,1,0,0,0,,,NASA_POWER_daily,,,district,False,False,F,"NASA POWER daily T2M_MAX/T2M_MIN (MERRA-2, ~0.5 deg) at district centroid; GDD base 10C; heatwave = 3+ consecutive days >= 30.0C."
Lyantonde,2019,first,1470.325,19,0,0,4,,,NASA_POWER_daily,,,district,False,False,F,"NASA POWER daily T2M_MAX/T2M_MIN (MERRA-2, ~0.5 deg) at district centroid; GDD base 10C; heatwave = 3+ consecutive days >= 30.0C."
Lyantonde,2019,second,1353.935,0,0,0,0,,,NASA_POWER_daily,,,district,False,False,F,"NASA POWER daily T2M_MAX/T2M_MIN (MERRA-2, ~0.5 deg) at district centroid; GDD base 10C; heatwave = 3+ consecutive days >= 30.0C."
Lyantonde,2020,first,1310.74,0,0,0,0,,,NASA_POWER_daily,,,district,False,False,F,"NASA POWER daily T2M_MAX/T2M_MIN (MERRA-2, ~0.5 deg) at district centroid; GDD base 10C; heatwave = 3+ consecutive days >= 30.0C."
Lyantonde,2020,second,1320.7450000000003,0,0,0,0,,,NASA_POWER_daily,,,district,False,False,F,"NASA POWER daily T2M_MAX/T2M_MIN (MERRA-2, ~0.5 deg) at district centroid; GDD base 10C; heatwave = 3+ consecutive days >= 30.0C."
Lyantonde,2021,first,1303.8500000000001,0,0,0,0,,,NASA_POWER_daily,,,district,False,False,F,"NASA POWER daily T2M_MAX/T2M_MIN (MERRA-2, ~0.5 deg) at district centroid; GDD base 10C; heatwave = 3+ consecutive days >= 30.0C."
Lyantonde,2021,second,1401.3000000000002,2,0,0,0,,,NASA_POWER_daily,,,district,False,False,F,"NASA POWER daily T2M_MAX/T2M_MIN (MERRA-2, ~0.5 deg) at district centroid; GDD base 10C; heatwave = 3+ consecutive days >= 30.0C."
Lyantonde,2022,first,1373.315,6,0,0,1,,,NASA_POWER_daily,,,district,False,False,F,"NASA POWER daily T2M_MAX/T2M_MIN (MERRA-2, ~0.5 deg) at district centroid; GDD base 10C; heatwave = 3+ consecutive days >= 30.0C."
Lyantonde,2022,second,1335.685,0,0,0,0,,,NASA_POWER_daily,,,district,False,False,F,"NASA POWER daily T2M_MAX/T2M_MIN (MERRA-2, ~0.5 deg) at district centroid; GDD base 10C; heatwave = 3+ consecutive days >= 30.0C."
Lyantonde,2023,first,1354.4299999999998,2,0,0,0,,,NASA_POWER_daily,,,district,False,False,F,"NASA POWER daily T2M_MAX/T2M_MIN (MERRA-2, ~0.5 deg) at district centroid; GDD base 10C; heatwave = 3+ consecutive days >= 30.0C."
Lyantonde,2023,second,1438.785,5,0,0,0,,,NASA_POWER_daily,,,district,False,False,F,"NASA POWER daily T2M_MAX/T2M_MIN (MERRA-2, ~0.5 deg) at district centroid; GDD base 10C; heatwave = 3+ consecutive days >= 30.0C."
Manafwa,2015,first,1087.395,10,0,0,2,,,NASA_POWER_daily,,,district,False,False,F,"NASA POWER daily T2M_MAX/T2M_MIN (MERRA-2, ~0.5 deg) at district centroid; GDD base 10C; heatwave = 3+ consecutive days >= 30.0C."
Manafwa,2015,second,1026.38,0,0,0,0,,,NASA_POWER_daily,,,district,False,False,F,"NASA POWER daily T2M_MAX/T2M_MIN (MERRA-2, ~0.5 deg) at district centroid; GDD base 10C; heatwave = 3+ consecutive days >= 30.0C."
Manafwa,2016,first,1099.3549999999998,0,0,0,0,,,NASA_POWER_daily,,,district,False,False,F,"NASA POWER daily T2M_MAX/T2M_MIN (MERRA-2, ~0.5 deg) at district centroid; GDD base 10C; heatwave = 3+ consecutive days >= 30.0C."
Manafwa,2016,second,993.4650000000001,0,0,0,0,,,NASA_POWER_daily,,,district,False,False,F,"NASA POWER daily T2M_MAX/T2M_MIN (MERRA-2, ~0.5 deg) at district centroid; GDD base 10C; heatwave = 3+ consecutive days >= 30.0C."
Manafwa,2017,first,1138.8449999999998,6,0,0,2,,,NASA_POWER_daily,,,district,False,False,F,"NASA POWER daily T2M_MAX/T2M_MIN (MERRA-2, ~0.5 deg) at district centroid; GDD base 10C; heatwave = 3+ consecutive days >= 30.0C."
Manafwa,2017,second,971.0149999999999,0,0,0,0,,,NASA_POWER_daily,,,district,False,False,F,"NASA POWER daily T2M_MAX/T2M_MIN (MERRA-2, ~0.5 deg) at district centroid; GDD base 10C; heatwave = 3+ consecutive days >= 30.0C."
Manafwa,2018,first,967.5200000000001,0,0,0,0,,,NASA_POWER_daily,,,district,False,False,F,"NASA POWER daily T2M_MAX/T2M_MIN (MERRA-2, ~0.5 deg) at district centroid; GDD base 10C; heatwave = 3+ consecutive days >= 30.0C."
Manafwa,2018,second,963.5649999999999,0,0,0,0,,,NASA_POWER_daily,,,district,False,False,F,"NASA POWER daily T2M_MAX/T2M_MIN (MERRA-2, ~0.5 deg) at district centroid; GDD base 10C; heatwave = 3+ consecutive days >= 30.0C."
Manafwa,2019,first,1151.41,6,0,0,1,,,NASA_POWER_daily,,,district,False,False,F,"NASA POWER daily T2M_MAX/T2M_MIN (MERRA-2, ~0.5 deg) at district centroid; GDD base 10C; heatwave = 3+ consecutive days >= 30.0C."
Manafwa,2019,second,950.5200000000001,0,0,0,0,,,NASA_POWER_daily,,,district,False,False,F,"NASA POWER daily T2M_MAX/T2M_MIN (MERRA-2, ~0.5 deg) at district centroid; GDD base 10C; heatwave = 3+ consecutive days >= 30.0C."
Manafwa,2020,first,987.8900000000001,0,0,0,0,,,NASA_POWER_daily,,,district,False,False,F,"NASA POWER daily T2M_MAX/T2M_MIN (MERRA-2, ~0.5 deg) at district centroid; GDD base 10C; heatwave = 3+ consecutive days >= 30.0C."
Manafwa,2020,second,918.5899999999999,0,0,0,0,,,NASA_POWER_daily,,,district,False,False,F,"NASA POWER daily T2M_MAX/T2M_MIN (MERRA-2, ~0.5 deg) at district centroid; GDD base 10C; heatwave = 3+ consecutive days >= 30.0C."
Manafwa,2021,first,1043.045,0,0,0,0,,,NASA_POWER_daily,,,district,False,False,F,"NASA POWER daily T2M_MAX/T2M_MIN (MERRA-2, ~0.5 deg) at district centroid; GDD base 10C; heatwave = 3+ consecutive days >= 30.0C."
Manafwa,2021,second,1023.585,0,0,0,0,,,NASA_POWER_daily,,,district,False,False,F,"NASA POWER daily T2M_MAX/T2M_MIN (MERRA-2, ~0.5 deg) at district centroid; GDD base 10C; heatwave = 3+ consecutive days >= 30.0C."
Manafwa,2022,first,1165.35,14,0,0,2,,,NASA_POWER_daily,,,district,False,False,F,"NASA POWER daily T2M_MAX/T2M_MIN (MERRA-2, ~0.5 deg) at district centroid; GDD base 10C; heatwave = 3+ consecutive days >= 30.0C."
Manafwa,2022,second,962.33,0,0,0,0,,,NASA_POWER_daily,,,district,False,False,F,"NASA POWER daily T2M_MAX/T2M_MIN (MERRA-2, ~0.5 deg) at district centroid; GDD base 10C; heatwave = 3+ consecutive days >= 30.0C."
Manafwa,2023,first,1080.52,4,0,0,1,,,NASA_POWER_daily,,,district,False,False,F,"NASA POWER daily T2M_MAX/T2M_MIN (MERRA-2, ~0.5 deg) at district centroid; GDD base 10C; heatwave = 3+ consecutive days >= 30.0C."
Manafwa,2023,second,1039.5049999999999,0,0,0,0,,,NASA_POWER_daily,,,district,False,False,F,"NASA POWER daily T2M_MAX/T2M_MIN (MERRA-2, ~0.5 deg) at district centroid; GDD base 10C; heatwave = 3+ consecutive days >= 30.0C."
Maracha,2015,first,1846.4499999999996,45,20,60,2,,,NASA_POWER_daily,,,district,False,False,F,"NASA POWER daily T2M_MAX/T2M_MIN (MERRA-2, ~0.5 deg) at district centroid; GDD base 10C; heatwave = 3+ consecutive days >= 30.0C."
Maracha,2015,second,1693.0849999999998,26,0,33,3,,,NASA_POWER_daily,,,district,False,False,F,"NASA POWER daily T2M_MAX/T2M_MIN (MERRA-2, ~0.5 deg) at district centroid; GDD base 10C; heatwave = 3+ consecutive days >= 30.0C."
Maracha,2016,first,1963.1000000000001,63,24,83,5,,,NASA_POWER_daily,,,district,False,False,F,"NASA POWER daily T2M_MAX/T2M_MIN (MERRA-2, ~0.5 deg) at district centroid; GDD base 10C; heatwave = 3+ consecutive days >= 30.0C."
Maracha,2016,second,1667.2849999999999,17,0,18,2,,,NASA_POWER_daily,,,district,False,False,F,"NASA POWER daily T2M_MAX/T2M_MIN (MERRA-2, ~0.5 deg) at district centroid; GDD base 10C; heatwave = 3+ consecutive days >= 30.0C."
Maracha,2017,first,1866.815,47,18,79,5,,,NASA_POWER_daily,,,district,False,False,F,"NASA POWER daily T2M_MAX/T2M_MIN (MERRA-2, ~0.5 deg) at district centroid; GDD base 10C; heatwave = 3+ consecutive days >= 30.0C."
Maracha,2017,second,1573.94,0,0,12,0,,,NASA_POWER_daily,,,district,False,False,F,"NASA POWER daily T2M_MAX/T2M_MIN (MERRA-2, ~0.5 deg) at district centroid; GDD base 10C; heatwave = 3+ consecutive days >= 30.0C."
Maracha,2018,first,1712.6150000000002,31,3,52,5,,,NASA_POWER_daily,,,district,False,False,F,"NASA POWER daily T2M_MAX/T2M_MIN (MERRA-2, ~0.5 deg) at district centroid; GDD base 10C; heatwave = 3+ consecutive days >= 30.0C."
Maracha,2018,second,1709.035,30,0,31,5,,,NASA_POWER_daily,,,district,False,False,F,"NASA POWER daily T2M_MAX/T2M_MIN (MERRA-2, ~0.5 deg) at district centroid; GDD base 10C; heatwave = 3+ consecutive days >= 30.0C."
Maracha,2019,first,2085.7450000000003,77,43,91,7,,,NASA_POWER_daily,,,district,False,False,F,"NASA POWER daily T2M_MAX/T2M_MIN (MERRA-2, ~0.5 deg) at district centroid; GDD base 10C; heatwave = 3+ consecutive days >= 30.0C."
Maracha,2019,second,1590.295,0,0,19,0,,,NASA_POWER_daily,,,district,False,False,F,"NASA POWER daily T2M_MAX/T2M_MIN (MERRA-2, ~0.5 deg) at district centroid; GDD base 10C; heatwave = 3+ consecutive days >= 30.0C."
Maracha,2020,first,1810.86,47,7,71,4,,,NASA_POWER_daily,,,district,False,False,F,"NASA POWER daily T2M_MAX/T2M_MIN (MERRA-2, ~0.5 deg) at district centroid; GDD base 10C; heatwave = 3+ consecutive days >= 30.0C."
Maracha,2020,second,1574.0049999999999,0,0,3,0,,,NASA_POWER_daily,,,district,False,False,F,"NASA POWER daily T2M_MAX/T2M_MIN (MERRA-2, ~0.5 deg) at district centroid; GDD base 10C; heatwave = 3+ consecutive days >= 30.0C."
Maracha,2021,first,1946.2150000000001,81,17,81,8,,,NASA_POWER_daily,,,district,False,False,F,"NASA POWER daily T2M_MAX/T2M_MIN (MERRA-2, ~0.5 deg) at district centroid; GDD base 10C; heatwave = 3+ consecutive days >= 30.0C."
Maracha,2021,second,1796.0349999999999,62,0,51,9,,,NASA_POWER_daily,,,district,False,False,F,"NASA POWER daily T2M_MAX/T2M_MIN (MERRA-2, ~0.5 deg) at district centroid; GDD base 10C; heatwave = 3+ consecutive days >= 30.0C."
Maracha,2022,first,2039.0300000000002,82,32,90,8,,,NASA_POWER_daily,,,district,False,False,F,"NASA POWER daily T2M_MAX/T2M_MIN (MERRA-2, ~0.5 deg) at district centroid; GDD base 10C; heatwave = 3+ consecutive days >= 30.0C."
Maracha,2022,second,1603.63,4,0,13,1,,,NASA_POWER_daily,,,district,False,False,F,"NASA POWER daily T2M_MAX/T2M_MIN (MERRA-2, ~0.5 deg) at district centroid; GDD base 10C; heatwave = 3+ consecutive days >= 30.0C."
Maracha,2023,first,1944.57,80,12,88,9,,,NASA_POWER_daily,,,district,False,False,F,"NASA POWER daily T2M_MAX/T2M_MIN (MERRA-2, ~0.5 deg) at district centroid; GDD base 10C; heatwave = 3+ consecutive days >= 30.0C."
Maracha,2023,second,1790.2050000000002,29,2,70,3,,,NASA_POWER_daily,,,district,False,False,F,"NASA POWER daily T2M_MAX/T2M_MIN (MERRA-2, ~0.5 deg) at district centroid; GDD base 10C; heatwave = 3+ consecutive days >= 30.0C."
Masaka,2015,first,1597.965,2,0,101,0,,,NASA_POWER_daily,,,district,False,False,F,"NASA POWER daily T2M_MAX/T2M_MIN (MERRA-2, ~0.5 deg) at district centroid; GDD base 10C; heatwave = 3+ consecutive days >= 30.0C."
Masaka,2015,second,1605.5849999999998,0,0,95,0,,,NASA_POWER_daily,,,district,False,False,F,"NASA POWER daily T2M_MAX/T2M_MIN (MERRA-2, ~0.5 deg) at district centroid; GDD base 10C; heatwave = 3+ consecutive days >= 30.0C."
Masaka,2016,first,1634.995,2,0,109,0,,,NASA_POWER_daily,,,district,False,False,F,"NASA POWER daily T2M_MAX/T2M_MIN (MERRA-2, ~0.5 deg) at district centroid; GDD base 10C; heatwave = 3+ consecutive days >= 30.0C."
Masaka,2016,second,1623.33,0,0,102,0,,,NASA_POWER_daily,,,district,False,False,F,"NASA POWER daily T2M_MAX/T2M_MIN (MERRA-2, ~0.5 deg) at district centroid; GDD base 10C; heatwave = 3+ consecutive days >= 30.0C."
Masaka,2017,first,1593.475,0,0,110,0,,,NASA_POWER_daily,,,district,False,False,F,"NASA POWER daily T2M_MAX/T2M_MIN (MERRA-2, ~0.5 deg) at district centroid; GDD base 10C; heatwave = 3+ consecutive days >= 30.0C."
Masaka,2017,second,1593.655,0,0,96,0,,,NASA_POWER_daily,,,district,False,False,F,"NASA POWER daily T2M_MAX/T2M_MIN (MERRA-2, ~0.5 deg) at district centroid; GDD base 10C; heatwave = 3+ consecutive days >= 30.0C."
Masaka,2018,first,1461.3599999999997,0,0,60,0,,,NASA_POWER_daily,,,district,False,False,F,"NASA POWER daily T2M_MAX/T2M_MIN (MERRA-2, ~0.5 deg) at district centroid; GDD base 10C; heatwave = 3+ consecutive days >= 30.0C."
Masaka,2018,second,1585.7949999999998,0,0,91,0,,,NASA_POWER_daily,,,district,False,False,F,"NASA POWER daily T2M_MAX/T2M_MIN (MERRA-2, ~0.5 deg) at district centroid; GDD base 10C; heatwave = 3+ consecutive days >= 30.0C."
Masaka,2019,first,1599.58,0,0,95,0,,,NASA_POWER_daily,,,district,False,False,F,"NASA POWER daily T2M_MAX/T2M_MIN (MERRA-2, ~0.5 deg) at district centroid; GDD base 10C; heatwave = 3+ consecutive days >= 30.0C."
Masaka,2019,second,1537.215,0,0,85,0,,,NASA_POWER_daily,,,district,False,False,F,"NASA POWER daily T2M_MAX/T2M_MIN (MERRA-2, ~0.5 deg) at district centroid; GDD base 10C; heatwave = 3+ consecutive days >= 30.0C."
Masaka,2020,first,1501.2349999999997,0,0,87,0,,,NASA_POWER_daily,,,district,False,False,F,"NASA POWER daily T2M_MAX/T2M_MIN (MERRA-2, ~0.5 deg) at district centroid; GDD base 10C; heatwave = 3+ consecutive days >= 30.0C."
Masaka,2020,second,1518.5,0,0,84,0,,,NASA_POWER_daily,,,district,False,False,F,"NASA POWER daily T2M_MAX/T2M_MIN (MERRA-2, ~0.5 deg) at district centroid; GDD base 10C; heatwave = 3+ consecutive days >= 30.0C."
Masaka,2021,first,1488.12,0,0,78,0,,,NASA_POWER_daily,,,district,False,False,F,"NASA POWER daily T2M_MAX/T2M_MIN (MERRA-2, ~0.5 deg) at district centroid; GDD base 10C; heatwave = 3+ consecutive days >= 30.0C."
Masaka,2021,second,1582.59,0,0,104,0,,,NASA_POWER_daily,,,district,False,False,F,"NASA POWER daily T2M_MAX/T2M_MIN (MERRA-2, ~0.5 deg) at district centroid; GDD base 10C; heatwave = 3+ consecutive days >= 30.0C."
Masaka,2022,first,1531.49,0,0,88,0,,,NASA_POWER_daily,,,district,False,False,F,"NASA POWER daily T2M_MAX/T2M_MIN (MERRA-2, ~0.5 deg) at district centroid; GDD base 10C; heatwave = 3+ consecutive days >= 30.0C."
Masaka,2022,second,1522.1500000000003,0,0,88,0,,,NASA_POWER_daily,,,district,False,False,F,"NASA POWER daily T2M_MAX/T2M_MIN (MERRA-2, ~0.5 deg) at district centroid; GDD base 10C; heatwave = 3+ consecutive days >= 30.0C."
Masaka,2023,first,1554.555,0,0,102,0,,,NASA_POWER_daily,,,district,False,False,F,"NASA POWER daily T2M_MAX/T2M_MIN (MERRA-2, ~0.5 deg) at district centroid; GDD base 10C; heatwave = 3+ consecutive days >= 30.0C."
Masaka,2023,second,1616.7849999999999,0,0,114,0,,,NASA_POWER_daily,,,district,False,False,F,"NASA POWER daily T2M_MAX/T2M_MIN (MERRA-2, ~0.5 deg) at district centroid; GDD base 10C; heatwave = 3+ consecutive days >= 30.0C."
Masindi,2015,first,1709.53,38,14,14,3,,,NASA_POWER_daily,,,district,False,False,F,"NASA POWER daily T2M_MAX/T2M_MIN (MERRA-2, ~0.5 deg) at district centroid; GDD base 10C; heatwave = 3+ consecutive days >= 30.0C."
Masindi,2015,second,1695.2650000000003,49,0,20,7,,,NASA_POWER_daily,,,district,False,False,F,"NASA POWER daily T2M_MAX/T2M_MIN (MERRA-2, ~0.5 deg) at district centroid; GDD base 10C; heatwave = 3+ consecutive days >= 30.0C."
Masindi,2016,first,1724.435,43,12,35,4,,,NASA_POWER_daily,,,district,False,False,F,"NASA POWER daily T2M_MAX/T2M_MIN (MERRA-2, ~0.5 deg) at district centroid; GDD base 10C; heatwave = 3+ consecutive days >= 30.0C."
Masindi,2016,second,1634.6850000000002,25,0,2,4,,,NASA_POWER_daily,,,district,False,False,F,"NASA POWER daily T2M_MAX/T2M_MIN (MERRA-2, ~0.5 deg) at district centroid; GDD base 10C; heatwave = 3+ consecutive days >= 30.0C."
Masindi,2017,first,1732.82,51,6,11,7,,,NASA_POWER_daily,,,district,False,False,F,"NASA POWER daily T2M_MAX/T2M_MIN (MERRA-2, ~0.5 deg) at district centroid; GDD base 10C; heatwave = 3+ consecutive days >= 30.0C."
Masindi,2017,second,1614.875,25,0,2,4,,,NASA_POWER_daily,,,district,False,False,F,"NASA POWER daily T2M_MAX/T2M_MIN (MERRA-2, ~0.5 deg) at district centroid; GDD base 10C; heatwave = 3+ consecutive days >= 30.0C."
Masindi,2018,first,1613.14,28,0,6,5,,,NASA_POWER_daily,,,district,False,False,F,"NASA POWER daily T2M_MAX/T2M_MIN (MERRA-2, ~0.5 deg) at district centroid; GDD base 10C; heatwave = 3+ consecutive days >= 30.0C."
Masindi,2018,second,1683.4600000000003,47,0,10,7,,,NASA_POWER_daily,,,district,False,False,F,"NASA POWER daily T2M_MAX/T2M_MIN (MERRA-2, ~0.5 deg) at district centroid; GDD base 10C; heatwave = 3+ consecutive days >= 30.0C."
Masindi,2019,first,1872.5649999999998,61,26,43,5,,,NASA_POWER_daily,,,district,False,False,F,"NASA POWER daily T2M_MAX/T2M_MIN (MERRA-2, ~0.5 deg) at district centroid; GDD base 10C; heatwave = 3+ consecutive days >= 30.0C."
Masindi,2019,second,1549.1549999999997,8,0,1,1,,,NASA_POWER_daily,,,district,False,False,F,"NASA POWER daily T2M_MAX/T2M_MIN (MERRA-2, ~0.5 deg) at district centroid; GDD base 10C; heatwave = 3+ consecutive days >= 30.0C."
Masindi,2020,first,1573.5800000000004,15,0,9,2,,,NASA_POWER_daily,,,district,False,False,F,"NASA POWER daily T2M_MAX/T2M_MIN (MERRA-2, ~0.5 deg) at district centroid; GDD base 10C; heatwave = 3+ consecutive days >= 30.0C."
Masindi,2020,second,1584.445,7,0,0,1,,,NASA_POWER_daily,,,district,False,False,F,"NASA POWER daily T2M_MAX/T2M_MIN (MERRA-2, ~0.5 deg) at district centroid; GDD base 10C; heatwave = 3+ consecutive days >= 30.0C."
Masindi,2021,first,1789.9850000000001,64,9,23,7,,,NASA_POWER_daily,,,district,False,False,F,"NASA POWER daily T2M_MAX/T2M_MIN (MERRA-2, ~0.5 deg) at district centroid; GDD base 10C; heatwave = 3+ consecutive days >= 30.0C."
Masindi,2021,second,1839.7649999999999,79,2,34,11,,,NASA_POWER_daily,,,district,False,False,F,"NASA POWER daily T2M_MAX/T2M_MIN (MERRA-2, ~0.5 deg) at district centroid; GDD base 10C; heatwave = 3+ consecutive days >= 30.0C."
Masindi,2022,first,1876.68,80,25,37,6,,,NASA_POWER_daily,,,district,False,False,F,"NASA POWER daily T2M_MAX/T2M_MIN (MERRA-2, ~0.5 deg) at district centroid; GDD base 10C; heatwave = 3+ consecutive days >= 30.0C."
Masindi,2022,second,1606.8700000000001,19,0,3,2,,,NASA_POWER_daily,,,district,False,False,F,"NASA POWER daily T2M_MAX/T2M_MIN (MERRA-2, ~0.5 deg) at district centroid; GDD base 10C; heatwave = 3+ consecutive days >= 30.0C."
Masindi,2023,first,1702.475,42,5,11,5,,,NASA_POWER_daily,,,district,False,False,F,"NASA POWER daily T2M_MAX/T2M_MIN (MERRA-2, ~0.5 deg) at district centroid; GDD base 10C; heatwave = 3+ consecutive days >= 30.0C."
Masindi,2023,second,1705.6499999999999,35,1,12,4,,,NASA_POWER_daily,,,district,False,False,F,"NASA POWER daily T2M_MAX/T2M_MIN (MERRA-2, ~0.5 deg) at district centroid; GDD base 10C; heatwave = 3+ consecutive days >= 30.0C."
Mayuge,2015,first,1633.065,25,15,25,1,,,NASA_POWER_daily,,,district,False,False,F,"NASA POWER daily T2M_MAX/T2M_MIN (MERRA-2, ~0.5 deg) at district centroid; GDD base 10C; heatwave = 3+ consecutive days >= 30.0C."
Mayuge,2015,second,1592.54,3,0,22,0,,,NASA_POWER_daily,,,district,False,False,F,"NASA POWER daily T2M_MAX/T2M_MIN (MERRA-2, ~0.5 deg) at district centroid; GDD base 10C; heatwave = 3+ consecutive days >= 30.0C."
Mayuge,2016,first,1617.7899999999997,21,0,49,4,,,NASA_POWER_daily,,,district,False,False,F,"NASA POWER daily T2M_MAX/T2M_MIN (MERRA-2, ~0.5 deg) at district centroid; GDD base 10C; heatwave = 3+ consecutive days >= 30.0C."
Mayuge,2016,second,1596.45,0,0,8,0,,,NASA_POWER_daily,,,district,False,False,F,"NASA POWER daily T2M_MAX/T2M_MIN (MERRA-2, ~0.5 deg) at district centroid; GDD base 10C; heatwave = 3+ consecutive days >= 30.0C."
Mayuge,2017,first,1683.9449999999997,27,0,54,4,,,NASA_POWER_daily,,,district,False,False,F,"NASA POWER daily T2M_MAX/T2M_MIN (MERRA-2, ~0.5 deg) at district centroid; GDD base 10C; heatwave = 3+ consecutive days >= 30.0C."
Mayuge,2017,second,1562.81,0,0,12,0,,,NASA_POWER_daily,,,district,False,False,F,"NASA POWER daily T2M_MAX/T2M_MIN (MERRA-2, ~0.5 deg) at district centroid; GDD base 10C; heatwave = 3+ consecutive days >= 30.0C."
Mayuge,2018,first,1476.6,0,0,11,0,,,NASA_POWER_daily,,,district,False,False,F,"NASA POWER daily T2M_MAX/T2M_MIN (MERRA-2, ~0.5 deg) at district centroid; GDD base 10C; heatwave = 3+ consecutive days >= 30.0C."
Mayuge,2018,second,1550.5149999999999,0,0,16,0,,,NASA_POWER_daily,,,district,False,False,F,"NASA POWER daily T2M_MAX/T2M_MIN (MERRA-2, ~0.5 deg) at district centroid; GDD base 10C; heatwave = 3+ consecutive days >= 30.0C."
Mayuge,2019,first,1670.2050000000002,28,0,56,2,,,NASA_POWER_daily,,,district,False,False,F,"NASA POWER daily T2M_MAX/T2M_MIN (MERRA-2, ~0.5 deg) at district centroid; GDD base 10C; heatwave = 3+ consecutive days >= 30.0C."
Mayuge,2019,second,1509.9249999999997,0,0,7,0,,,NASA_POWER_daily,,,district,False,False,F,"NASA POWER daily T2M_MAX/T2M_MIN (MERRA-2, ~0.5 deg) at district centroid; GDD base 10C; heatwave = 3+ consecutive days >= 30.0C."
Mayuge,2020,first,1520.7050000000002,0,0,26,0,,,NASA_POWER_daily,,,district,False,False,F,"NASA POWER daily T2M_MAX/T2M_MIN (MERRA-2, ~0.5 deg) at district centroid; GDD base 10C; heatwave = 3+ consecutive days >= 30.0C."
Mayuge,2020,second,1503.7649999999999,0,0,2,0,,,NASA_POWER_daily,,,district,False,False,F,"NASA POWER daily T2M_MAX/T2M_MIN (MERRA-2, ~0.5 deg) at district centroid; GDD base 10C; heatwave = 3+ consecutive days >= 30.0C."
Mayuge,2021,first,1568.58,7,0,25,1,,,NASA_POWER_daily,,,district,False,False,F,"NASA POWER daily T2M_MAX/T2M_MIN (MERRA-2, ~0.5 deg) at district centroid; GDD base 10C; heatwave = 3+ consecutive days >= 30.0C."
Mayuge,2021,second,1610.9699999999998,0,0,20,0,,,NASA_POWER_daily,,,district,False,False,F,"NASA POWER daily T2M_MAX/T2M_MIN (MERRA-2, ~0.5 deg) at district centroid; GDD base 10C; heatwave = 3+ consecutive days >= 30.0C."
Mayuge,2022,first,1672.535,32,1,43,2,,,NASA_POWER_daily,,,district,False,False,F,"NASA POWER daily T2M_MAX/T2M_MIN (MERRA-2, ~0.5 deg) at district centroid; GDD base 10C; heatwave = 3+ consecutive days >= 30.0C."
Mayuge,2022,second,1559.67,0,0,7,0,,,NASA_POWER_daily,,,district,False,False,F,"NASA POWER daily T2M_MAX/T2M_MIN (MERRA-2, ~0.5 deg) at district centroid; GDD base 10C; heatwave = 3+ consecutive days >= 30.0C."
Mayuge,2023,first,1596.3400000000001,7,1,42,1,,,NASA_POWER_daily,,,district,False,False,F,"NASA POWER daily T2M_MAX/T2M_MIN (MERRA-2, ~0.5 deg) at district centroid; GDD base 10C; heatwave = 3+ consecutive days >= 30.0C."
Mayuge,2023,second,1628.3750000000002,0,0,36,0,,,NASA_POWER_daily,,,district,False,False,F,"NASA POWER daily T2M_MAX/T2M_MIN (MERRA-2, ~0.5 deg) at district centroid; GDD base 10C; heatwave = 3+ consecutive days >= 30.0C."
Mbale,2015,first,1087.395,10,0,0,2,,,NASA_POWER_daily,,,district,False,False,F,"NASA POWER daily T2M_MAX/T2M_MIN (MERRA-2, ~0.5 deg) at district centroid; GDD base 10C; heatwave = 3+ consecutive days >= 30.0C."
Mbale,2015,second,1026.38,0,0,0,0,,,NASA_POWER_daily,,,district,False,False,F,"NASA POWER daily T2M_MAX/T2M_MIN (MERRA-2, ~0.5 deg) at district centroid; GDD base 10C; heatwave = 3+ consecutive days >= 30.0C."
Mbale,2016,first,1099.3549999999998,0,0,0,0,,,NASA_POWER_daily,,,district,False,False,F,"NASA POWER daily T2M_MAX/T2M_MIN (MERRA-2, ~0.5 deg) at district centroid; GDD base 10C; heatwave = 3+ consecutive days >= 30.0C."
Mbale,2016,second,993.4650000000001,0,0,0,0,,,NASA_POWER_daily,,,district,False,False,F,"NASA POWER daily T2M_MAX/T2M_MIN (MERRA-2, ~0.5 deg) at district centroid; GDD base 10C; heatwave = 3+ consecutive days >= 30.0C."
Mbale,2017,first,1138.8449999999998,6,0,0,2,,,NASA_POWER_daily,,,district,False,False,F,"NASA POWER daily T2M_MAX/T2M_MIN (MERRA-2, ~0.5 deg) at district centroid; GDD base 10C; heatwave = 3+ consecutive days >= 30.0C."
Mbale,2017,second,971.0149999999999,0,0,0,0,,,NASA_POWER_daily,,,district,False,False,F,"NASA POWER daily T2M_MAX/T2M_MIN (MERRA-2, ~0.5 deg) at district centroid; GDD base 10C; heatwave = 3+ consecutive days >= 30.0C."
Mbale,2018,first,967.5200000000001,0,0,0,0,,,NASA_POWER_daily,,,district,False,False,F,"NASA POWER daily T2M_MAX/T2M_MIN (MERRA-2, ~0.5 deg) at district centroid; GDD base 10C; heatwave = 3+ consecutive days >= 30.0C."
Mbale,2018,second,963.5649999999999,0,0,0,0,,,NASA_POWER_daily,,,district,False,False,F,"NASA POWER daily T2M_MAX/T2M_MIN (MERRA-2, ~0.5 deg) at district centroid; GDD base 10C; heatwave = 3+ consecutive days >= 30.0C."
Mbale,2019,first,1151.41,6,0,0,1,,,NASA_POWER_daily,,,district,False,False,F,"NASA POWER daily T2M_MAX/T2M_MIN (MERRA-2, ~0.5 deg) at district centroid; GDD base 10C; heatwave = 3+ consecutive days >= 30.0C."
Mbale,2019,second,950.5200000000001,0,0,0,0,,,NASA_POWER_daily,,,district,False,False,F,"NASA POWER daily T2M_MAX/T2M_MIN (MERRA-2, ~0.5 deg) at district centroid; GDD base 10C; heatwave = 3+ consecutive days >= 30.0C."
Mbale,2020,first,987.8900000000001,0,0,0,0,,,NASA_POWER_daily,,,district,False,False,F,"NASA POWER daily T2M_MAX/T2M_MIN (MERRA-2, ~0.5 deg) at district centroid; GDD base 10C; heatwave = 3+ consecutive days >= 30.0C."
Mbale,2020,second,918.5899999999999,0,0,0,0,,,NASA_POWER_daily,,,district,False,False,F,"NASA POWER daily T2M_MAX/T2M_MIN (MERRA-2, ~0.5 deg) at district centroid; GDD base 10C; heatwave = 3+ consecutive days >= 30.0C."
Mbale,2021,first,1043.045,0,0,0,0,,,NASA_POWER_daily,,,district,False,False,F,"NASA POWER daily T2M_MAX/T2M_MIN (MERRA-2, ~0.5 deg) at district centroid; GDD base 10C; heatwave = 3+ consecutive days >= 30.0C."
Mbale,2021,second,1023.585,0,0,0,0,,,NASA_POWER_daily,,,district,False,False,F,"NASA POWER daily T2M_MAX/T2M_MIN (MERRA-2, ~0.5 deg) at district centroid; GDD base 10C; heatwave = 3+ consecutive days >= 30.0C."
Mbale,2022,first,1165.35,14,0,0,2,,,NASA_POWER_daily,,,district,False,False,F,"NASA POWER daily T2M_MAX/T2M_MIN (MERRA-2, ~0.5 deg) at district centroid; GDD base 10C; heatwave = 3+ consecutive days >= 30.0C."
Mbale,2022,second,962.33,0,0,0,0,,,NASA_POWER_daily,,,district,False,False,F,"NASA POWER daily T2M_MAX/T2M_MIN (MERRA-2, ~0.5 deg) at district centroid; GDD base 10C; heatwave = 3+ consecutive days >= 30.0C."
Mbale,2023,first,1080.52,4,0,0,1,,,NASA_POWER_daily,,,district,False,False,F,"NASA POWER daily T2M_MAX/T2M_MIN (MERRA-2, ~0.5 deg) at district centroid; GDD base 10C; heatwave = 3+ consecutive days >= 30.0C."
Mbale,2023,second,1039.5049999999999,0,0,0,0,,,NASA_POWER_daily,,,district,False,False,F,"NASA POWER daily T2M_MAX/T2M_MIN (MERRA-2, ~0.5 deg) at district centroid; GDD base 10C; heatwave = 3+ consecutive days >= 30.0C."
Mbarara,2015,first,1370.945,12,0,0,2,,,NASA_POWER_daily,,,district,False,False,F,"NASA POWER daily T2M_MAX/T2M_MIN (MERRA-2, ~0.5 deg) at district centroid; GDD base 10C; heatwave = 3+ consecutive days >= 30.0C."
Mbarara,2015,second,1386.3700000000001,5,0,0,0,,,NASA_POWER_daily,,,district,False,False,F,"NASA POWER daily T2M_MAX/T2M_MIN (MERRA-2, ~0.5 deg) at district centroid; GDD base 10C; heatwave = 3+ consecutive days >= 30.0C."
Mbarara,2016,first,1403.9550000000002,8,0,1,2,,,NASA_POWER_daily,,,district,False,False,F,"NASA POWER daily T2M_MAX/T2M_MIN (MERRA-2, ~0.5 deg) at district centroid; GDD base 10C; heatwave = 3+ consecutive days >= 30.0C."
Mbarara,2016,second,1412.23,1,0,0,0,,,NASA_POWER_daily,,,district,False,False,F,"NASA POWER daily T2M_MAX/T2M_MIN (MERRA-2, ~0.5 deg) at district centroid; GDD base 10C; heatwave = 3+ consecutive days >= 30.0C."
Mbarara,2017,first,1302.275,3,0,0,0,,,NASA_POWER_daily,,,district,False,False,F,"NASA POWER daily T2M_MAX/T2M_MIN (MERRA-2, ~0.5 deg) at district centroid; GDD base 10C; heatwave = 3+ consecutive days >= 30.0C."
Mbarara,2017,second,1356.315,0,0,0,0,,,NASA_POWER_daily,,,district,False,False,F,"NASA POWER daily T2M_MAX/T2M_MIN (MERRA-2, ~0.5 deg) at district centroid; GDD base 10C; heatwave = 3+ consecutive days >= 30.0C."
Mbarara,2018,first,1207.9600000000003,0,0,0,0,,,NASA_POWER_daily,,,district,False,False,F,"NASA POWER daily T2M_MAX/T2M_MIN (MERRA-2, ~0.5 deg) at district centroid; GDD base 10C; heatwave = 3+ consecutive days >= 30.0C."
Mbarara,2018,second,1316.025,0,0,0,0,,,NASA_POWER_daily,,,district,False,False,F,"NASA POWER daily T2M_MAX/T2M_MIN (MERRA-2, ~0.5 deg) at district centroid; GDD base 10C; heatwave = 3+ consecutive days >= 30.0C."
Mbarara,2019,first,1358.2749999999999,6,0,0,0,,,NASA_POWER_daily,,,district,False,False,F,"NASA POWER daily T2M_MAX/T2M_MIN (MERRA-2, ~0.5 deg) at district centroid; GDD base 10C; heatwave = 3+ consecutive days >= 30.0C."
Mbarara,2019,second,1280.01,0,0,0,0,,,NASA_POWER_daily,,,district,False,False,F,"NASA POWER daily T2M_MAX/T2M_MIN (MERRA-2, ~0.5 deg) at district centroid; GDD base 10C; heatwave = 3+ consecutive days >= 30.0C."
Mbarara,2020,first,1218.935,0,0,0,0,,,NASA_POWER_daily,,,district,False,False,F,"NASA POWER daily T2M_MAX/T2M_MIN (MERRA-2, ~0.5 deg) at district centroid; GDD base 10C; heatwave = 3+ consecutive days >= 30.0C."
Mbarara,2020,second,1229.7600000000002,0,0,0,0,,,NASA_POWER_daily,,,district,False,False,F,"NASA POWER daily T2M_MAX/T2M_MIN (MERRA-2, ~0.5 deg) at district centroid; GDD base 10C; heatwave = 3+ consecutive days >= 30.0C."
Mbarara,2021,first,1185.235,0,0,0,0,,,NASA_POWER_daily,,,district,False,False,F,"NASA POWER daily T2M_MAX/T2M_MIN (MERRA-2, ~0.5 deg) at district centroid; GDD base 10C; heatwave = 3+ consecutive days >= 30.0C."
Mbarara,2021,second,1278.55,0,0,0,0,,,NASA_POWER_daily,,,district,False,False,F,"NASA POWER daily T2M_MAX/T2M_MIN (MERRA-2, ~0.5 deg) at district centroid; GDD base 10C; heatwave = 3+ consecutive days >= 30.0C."
Mbarara,2022,first,1236.28,0,0,0,0,,,NASA_POWER_daily,,,district,False,False,F,"NASA POWER daily T2M_MAX/T2M_MIN (MERRA-2, ~0.5 deg) at district centroid; GDD base 10C; heatwave = 3+ consecutive days >= 30.0C."
Mbarara,2022,second,1228.9199999999998,0,0,0,0,,,NASA_POWER_daily,,,district,False,False,F,"NASA POWER daily T2M_MAX/T2M_MIN (MERRA-2, ~0.5 deg) at district centroid; GDD base 10C; heatwave = 3+ consecutive days >= 30.0C."
Mbarara,2023,first,1238.9699999999998,0,0,0,0,,,NASA_POWER_daily,,,district,False,False,F,"NASA POWER daily T2M_MAX/T2M_MIN (MERRA-2, ~0.5 deg) at district centroid; GDD base 10C; heatwave = 3+ consecutive days >= 30.0C."
Mbarara,2023,second,1352.195,0,0,0,0,,,NASA_POWER_daily,,,district,False,False,F,"NASA POWER daily T2M_MAX/T2M_MIN (MERRA-2, ~0.5 deg) at district centroid; GDD base 10C; heatwave = 3+ consecutive days >= 30.0C."
Mitooma,2015,first,1562.86,16,0,1,1,,,NASA_POWER_daily,,,district,False,False,F,"NASA POWER daily T2M_MAX/T2M_MIN (MERRA-2, ~0.5 deg) at district centroid; GDD base 10C; heatwave = 3+ consecutive days >= 30.0C."
Mitooma,2015,second,1582.93,34,0,0,4,,,NASA_POWER_daily,,,district,False,False,F,"NASA POWER daily T2M_MAX/T2M_MIN (MERRA-2, ~0.5 deg) at district centroid; GDD base 10C; heatwave = 3+ consecutive days >= 30.0C."
Mitooma,2016,first,1615.8349999999998,24,0,9,4,,,NASA_POWER_daily,,,district,False,False,F,"NASA POWER daily T2M_MAX/T2M_MIN (MERRA-2, ~0.5 deg) at district centroid; GDD base 10C; heatwave = 3+ consecutive days >= 30.0C."
Mitooma,2016,second,1600.245,33,0,0,4,,,NASA_POWER_daily,,,district,False,False,F,"NASA POWER daily T2M_MAX/T2M_MIN (MERRA-2, ~0.5 deg) at district centroid; GDD base 10C; heatwave = 3+ consecutive days >= 30.0C."
Mitooma,2017,first,1529.86,18,0,1,2,,,NASA_POWER_daily,,,district,False,False,F,"NASA POWER daily T2M_MAX/T2M_MIN (MERRA-2, ~0.5 deg) at district centroid; GDD base 10C; heatwave = 3+ consecutive days >= 30.0C."
Mitooma,2017,second,1550.0200000000002,16,0,0,1,,,NASA_POWER_daily,,,district,False,False,F,"NASA POWER daily T2M_MAX/T2M_MIN (MERRA-2, ~0.5 deg) at district centroid; GDD base 10C; heatwave = 3+ consecutive days >= 30.0C."
Mitooma,2018,first,1402.5949999999998,0,0,0,0,,,NASA_POWER_daily,,,district,False,False,F,"NASA POWER daily T2M_MAX/T2M_MIN (MERRA-2, ~0.5 deg) at district centroid; GDD base 10C; heatwave = 3+ consecutive days >= 30.0C."
Mitooma,2018,second,1509.2499999999995,7,0,0,1,,,NASA_POWER_daily,,,district,False,False,F,"NASA POWER daily T2M_MAX/T2M_MIN (MERRA-2, ~0.5 deg) at district centroid; GDD base 10C; heatwave = 3+ consecutive days >= 30.0C."
Mitooma,2019,first,1571.165,22,0,0,3,,,NASA_POWER_daily,,,district,False,False,F,"NASA POWER daily T2M_MAX/T2M_MIN (MERRA-2, ~0.5 deg) at district centroid; GDD base 10C; heatwave = 3+ consecutive days >= 30.0C."
Mitooma,2019,second,1488.1200000000001,2,0,0,0,,,NASA_POWER_daily,,,district,False,False,F,"NASA POWER daily T2M_MAX/T2M_MIN (MERRA-2, ~0.5 deg) at district centroid; GDD base 10C; heatwave = 3+ consecutive days >= 30.0C."
Mitooma,2020,first,1441.84,0,0,0,0,,,NASA_POWER_daily,,,district,False,False,F,"NASA POWER daily T2M_MAX/T2M_MIN (MERRA-2, ~0.5 deg) at district centroid; GDD base 10C; heatwave = 3+ consecutive days >= 30.0C."
Mitooma,2020,second,1448.42,0,0,0,0,,,NASA_POWER_daily,,,district,False,False,F,"NASA POWER daily T2M_MAX/T2M_MIN (MERRA-2, ~0.5 deg) at district centroid; GDD base 10C; heatwave = 3+ consecutive days >= 30.0C."
Mitooma,2021,first,1424.24,0,0,0,0,,,NASA_POWER_daily,,,district,False,False,F,"NASA POWER daily T2M_MAX/T2M_MIN (MERRA-2, ~0.5 deg) at district centroid; GDD base 10C; heatwave = 3+ consecutive days >= 30.0C."
Mitooma,2021,second,1496.215,3,0,0,1,,,NASA_POWER_daily,,,district,False,False,F,"NASA POWER daily T2M_MAX/T2M_MIN (MERRA-2, ~0.5 deg) at district centroid; GDD base 10C; heatwave = 3+ consecutive days >= 30.0C."
Mitooma,2022,first,1483.1699999999998,8,0,0,1,,,NASA_POWER_daily,,,district,False,False,F,"NASA POWER daily T2M_MAX/T2M_MIN (MERRA-2, ~0.5 deg) at district centroid; GDD base 10C; heatwave = 3+ consecutive days >= 30.0C."
Mitooma,2022,second,1423.01,1,0,0,0,,,NASA_POWER_daily,,,district,False,False,F,"NASA POWER daily T2M_MAX/T2M_MIN (MERRA-2, ~0.5 deg) at district centroid; GDD base 10C; heatwave = 3+ consecutive days >= 30.0C."
Mitooma,2023,first,1476.1849999999997,2,0,0,0,,,NASA_POWER_daily,,,district,False,False,F,"NASA POWER daily T2M_MAX/T2M_MIN (MERRA-2, ~0.5 deg) at district centroid; GDD base 10C; heatwave = 3+ consecutive days >= 30.0C."
Mitooma,2023,second,1595.72,31,0,0,3,,,NASA_POWER_daily,,,district,False,False,F,"NASA POWER daily T2M_MAX/T2M_MIN (MERRA-2, ~0.5 deg) at district centroid; GDD base 10C; heatwave = 3+ consecutive days >= 30.0C."
Mityana,2015,first,1441.72,18,0,3,3,,,NASA_POWER_daily,,,district,False,False,F,"NASA POWER daily T2M_MAX/T2M_MIN (MERRA-2, ~0.5 deg) at district centroid; GDD base 10C; heatwave = 3+ consecutive days >= 30.0C."
Mityana,2015,second,1458.7749999999999,8,0,0,1,,,NASA_POWER_daily,,,district,False,False,F,"NASA POWER daily T2M_MAX/T2M_MIN (MERRA-2, ~0.5 deg) at district centroid; GDD base 10C; heatwave = 3+ consecutive days >= 30.0C."
Mityana,2016,first,1448.4349999999997,9,0,2,2,,,NASA_POWER_daily,,,district,False,False,F,"NASA POWER daily T2M_MAX/T2M_MIN (MERRA-2, ~0.5 deg) at district centroid; GDD base 10C; heatwave = 3+ consecutive days >= 30.0C."
Mityana,2016,second,1421.6200000000001,1,0,0,0,,,NASA_POWER_daily,,,district,False,False,F,"NASA POWER daily T2M_MAX/T2M_MIN (MERRA-2, ~0.5 deg) at district centroid; GDD base 10C; heatwave = 3+ consecutive days >= 30.0C."
Mityana,2017,first,1444.0650000000003,9,0,1,2,,,NASA_POWER_daily,,,district,False,False,F,"NASA POWER daily T2M_MAX/T2M_MIN (MERRA-2, ~0.5 deg) at district centroid; GDD base 10C; heatwave = 3+ consecutive days >= 30.0C."
Mityana,2017,second,1435.1349999999998,2,0,0,0,,,NASA_POWER_daily,,,district,False,False,F,"NASA POWER daily T2M_MAX/T2M_MIN (MERRA-2, ~0.5 deg) at district centroid; GDD base 10C; heatwave = 3+ consecutive days >= 30.0C."
Mityana,2018,first,1361.45,0,0,0,0,,,NASA_POWER_daily,,,district,False,False,F,"NASA POWER daily T2M_MAX/T2M_MIN (MERRA-2, ~0.5 deg) at district centroid; GDD base 10C; heatwave = 3+ consecutive days >= 30.0C."
Mityana,2018,second,1427.525,2,0,0,0,,,NASA_POWER_daily,,,district,False,False,F,"NASA POWER daily T2M_MAX/T2M_MIN (MERRA-2, ~0.5 deg) at district centroid; GDD base 10C; heatwave = 3+ consecutive days >= 30.0C."
Mityana,2019,first,1568.2000000000003,29,1,5,3,,,NASA_POWER_daily,,,district,False,False,F,"NASA POWER daily T2M_MAX/T2M_MIN (MERRA-2, ~0.5 deg) at district centroid; GDD base 10C; heatwave = 3+ consecutive days >= 30.0C."
Mityana,2019,second,1388.23,0,0,0,0,,,NASA_POWER_daily,,,district,False,False,F,"NASA POWER daily T2M_MAX/T2M_MIN (MERRA-2, ~0.5 deg) at district centroid; GDD base 10C; heatwave = 3+ consecutive days >= 30.0C."
Mityana,2020,first,1363.37,0,0,0,0,,,NASA_POWER_daily,,,district,False,False,F,"NASA POWER daily T2M_MAX/T2M_MIN (MERRA-2, ~0.5 deg) at district centroid; GDD base 10C; heatwave = 3+ consecutive days >= 30.0C."
Mityana,2020,second,1371.7749999999999,0,0,0,0,,,NASA_POWER_daily,,,district,False,False,F,"NASA POWER daily T2M_MAX/T2M_MIN (MERRA-2, ~0.5 deg) at district centroid; GDD base 10C; heatwave = 3+ consecutive days >= 30.0C."
Mityana,2021,first,1438.7650000000003,11,0,0,2,,,NASA_POWER_daily,,,district,False,False,F,"NASA POWER daily T2M_MAX/T2M_MIN (MERRA-2, ~0.5 deg) at district centroid; GDD base 10C; heatwave = 3+ consecutive days >= 30.0C."
Mityana,2021,second,1546.325,25,0,0,4,,,NASA_POWER_daily,,,district,False,False,F,"NASA POWER daily T2M_MAX/T2M_MIN (MERRA-2, ~0.5 deg) at district centroid; GDD base 10C; heatwave = 3+ consecutive days >= 30.0C."
Mityana,2022,first,1520.475,22,1,0,2,,,NASA_POWER_daily,,,district,False,False,F,"NASA POWER daily T2M_MAX/T2M_MIN (MERRA-2, ~0.5 deg) at district centroid; GDD base 10C; heatwave = 3+ consecutive days >= 30.0C."
Mityana,2022,second,1414.37,0,0,0,0,,,NASA_POWER_daily,,,district,False,False,F,"NASA POWER daily T2M_MAX/T2M_MIN (MERRA-2, ~0.5 deg) at district centroid; GDD base 10C; heatwave = 3+ consecutive days >= 30.0C."
Mityana,2023,first,1448.265,5,0,0,1,,,NASA_POWER_daily,,,district,False,False,F,"NASA POWER daily T2M_MAX/T2M_MIN (MERRA-2, ~0.5 deg) at district centroid; GDD base 10C; heatwave = 3+ consecutive days >= 30.0C."
Mityana,2023,second,1501.8750000000002,19,0,0,4,,,NASA_POWER_daily,,,district,False,False,F,"NASA POWER daily T2M_MAX/T2M_MIN (MERRA-2, ~0.5 deg) at district centroid; GDD base 10C; heatwave = 3+ consecutive days >= 30.0C."
Moroto,2015,first,1865.57,85,19,29,9,,,NASA_POWER_daily,,,district,False,False,F,"NASA POWER daily T2M_MAX/T2M_MIN (MERRA-2, ~0.5 deg) at district centroid; GDD base 10C; heatwave = 3+ consecutive days >= 30.0C."
Moroto,2015,second,1917.3,100,14,28,4,,,NASA_POWER_daily,,,district,False,False,F,"NASA POWER daily T2M_MAX/T2M_MIN (MERRA-2, ~0.5 deg) at district centroid; GDD base 10C; heatwave = 3+ consecutive days >= 30.0C."
Moroto,2016,first,1882.7399999999998,75,25,53,5,,,NASA_POWER_daily,,,district,False,False,F,"NASA POWER daily T2M_MAX/T2M_MIN (MERRA-2, ~0.5 deg) at district centroid; GDD base 10C; heatwave = 3+ consecutive days >= 30.0C."
Moroto,2016,second,1796.4250000000002,86,0,5,10,,,NASA_POWER_daily,,,district,False,False,F,"NASA POWER daily T2M_MAX/T2M_MIN (MERRA-2, ~0.5 deg) at district centroid; GDD base 10C; heatwave = 3+ consecutive days >= 30.0C."
Moroto,2017,first,2010.705,108,30,45,6,,,NASA_POWER_daily,,,district,False,False,F,"NASA POWER daily T2M_MAX/T2M_MIN (MERRA-2, ~0.5 deg) at district centroid; GDD base 10C; heatwave = 3+ consecutive days >= 30.0C."
Moroto,2017,second,1757.825,77,2,7,9,,,NASA_POWER_daily,,,district,False,False,F,"NASA POWER daily T2M_MAX/T2M_MIN (MERRA-2, ~0.5 deg) at district centroid; GDD base 10C; heatwave = 3+ consecutive days >= 30.0C."
Moroto,2018,first,1633.8849999999998,31,0,1,3,,,NASA_POWER_daily,,,district,False,False,F,"NASA POWER daily T2M_MAX/T2M_MIN (MERRA-2, ~0.5 deg) at district centroid; GDD base 10C; heatwave = 3+ consecutive days >= 30.0C."
Moroto,2018,second,1869.3650000000002,108,2,9,7,,,NASA_POWER_daily,,,district,False,False,F,"NASA POWER daily T2M_MAX/T2M_MIN (MERRA-2, ~0.5 deg) at district centroid; GDD base 10C; heatwave = 3+ consecutive days >= 30.0C."
Moroto,2019,first,1946.245,84,37,51,7,,,NASA_POWER_daily,,,district,False,False,F,"NASA POWER daily T2M_MAX/T2M_MIN (MERRA-2, ~0.5 deg) at district centroid; GDD base 10C; heatwave = 3+ consecutive days >= 30.0C."
Moroto,2019,second,1727.63,63,0,5,9,,,NASA_POWER_daily,,,district,False,False,F,"NASA POWER daily T2M_MAX/T2M_MIN (MERRA-2, ~0.5 deg) at district centroid; GDD base 10C; heatwave = 3+ consecutive days >= 30.0C."
Moroto,2020,first,1727.625,48,4,15,7,,,NASA_POWER_daily,,,district,False,False,F,"NASA POWER daily T2M_MAX/T2M_MIN (MERRA-2, ~0.5 deg) at district centroid; GDD base 10C; heatwave = 3+ consecutive days >= 30.0C."
Moroto,2020,second,1653.47,49,0,0,5,,,NASA_POWER_daily,,,district,False,False,F,"NASA POWER daily T2M_MAX/T2M_MIN (MERRA-2, ~0.5 deg) at district centroid; GDD base 10C; heatwave = 3+ consecutive days >= 30.0C."
Moroto,2021,first,1905.9650000000001,105,7,32,7,,,NASA_POWER_daily,,,district,False,False,F,"NASA POWER daily T2M_MAX/T2M_MIN (MERRA-2, ~0.5 deg) at district centroid; GDD base 10C; heatwave = 3+ consecutive days >= 30.0C."
Moroto,2021,second,1923.6200000000001,106,1,23,8,,,NASA_POWER_daily,,,district,False,False,F,"NASA POWER daily T2M_MAX/T2M_MIN (MERRA-2, ~0.5 deg) at district centroid; GDD base 10C; heatwave = 3+ consecutive days >= 30.0C."
Moroto,2022,first,1986.4,108,29,45,8,,,NASA_POWER_daily,,,district,False,False,F,"NASA POWER daily T2M_MAX/T2M_MIN (MERRA-2, ~0.5 deg) at district centroid; GDD base 10C; heatwave = 3+ consecutive days >= 30.0C."
Moroto,2022,second,1778.16,77,1,6,6,,,NASA_POWER_daily,,,district,False,False,F,"NASA POWER daily T2M_MAX/T2M_MIN (MERRA-2, ~0.5 deg) at district centroid; GDD base 10C; heatwave = 3+ consecutive days >= 30.0C."
Moroto,2023,first,1830.825,87,8,18,8,,,NASA_POWER_daily,,,district,False,False,F,"NASA POWER daily T2M_MAX/T2M_MIN (MERRA-2, ~0.5 deg) at district centroid; GDD base 10C; heatwave = 3+ consecutive days >= 30.0C."
Moroto,2023,second,1943.085,114,16,24,6,,,NASA_POWER_daily,,,district,False,False,F,"NASA POWER daily T2M_MAX/T2M_MIN (MERRA-2, ~0.5 deg) at district centroid; GDD base 10C; heatwave = 3+ consecutive days >= 30.0C."
Moyo,2015,first,1975.06,51,24,94,4,,,NASA_POWER_daily,,,district,False,False,F,"NASA POWER daily T2M_MAX/T2M_MIN (MERRA-2, ~0.5 deg) at district centroid; GDD base 10C; heatwave = 3+ consecutive days >= 30.0C."
Moyo,2015,second,1831.9750000000001,48,1,88,5,,,NASA_POWER_daily,,,district,False,False,F,"NASA POWER daily T2M_MAX/T2M_MIN (MERRA-2, ~0.5 deg) at district centroid; GDD base 10C; heatwave = 3+ consecutive days >= 30.0C."
Moyo,2016,first,2146.42,86,39,108,4,,,NASA_POWER_daily,,,district,False,False,F,"NASA POWER daily T2M_MAX/T2M_MIN (MERRA-2, ~0.5 deg) at district centroid; GDD base 10C; heatwave = 3+ consecutive days >= 30.0C."
Moyo,2016,second,1853.6000000000001,58,1,73,6,,,NASA_POWER_daily,,,district,False,False,F,"NASA POWER daily T2M_MAX/T2M_MIN (MERRA-2, ~0.5 deg) at district centroid; GDD base 10C; heatwave = 3+ consecutive days >= 30.0C."
Moyo,2017,first,2052.905,68,36,114,5,,,NASA_POWER_daily,,,district,False,False,F,"NASA POWER daily T2M_MAX/T2M_MIN (MERRA-2, ~0.5 deg) at district centroid; GDD base 10C; heatwave = 3+ consecutive days >= 30.0C."
Moyo,2017,second,1719.9299999999998,20,0,57,1,,,NASA_POWER_daily,,,district,False,False,F,"NASA POWER daily T2M_MAX/T2M_MIN (MERRA-2, ~0.5 deg) at district centroid; GDD base 10C; heatwave = 3+ consecutive days >= 30.0C."
Moyo,2018,first,1888.0000000000002,49,19,82,6,,,NASA_POWER_daily,,,district,False,False,F,"NASA POWER daily T2M_MAX/T2M_MIN (MERRA-2, ~0.5 deg) at district centroid; GDD base 10C; heatwave = 3+ consecutive days >= 30.0C."
Moyo,2018,second,1996.8,88,15,99,11,,,NASA_POWER_daily,,,district,False,False,F,"NASA POWER daily T2M_MAX/T2M_MIN (MERRA-2, ~0.5 deg) at district centroid; GDD base 10C; heatwave = 3+ consecutive days >= 30.0C."
Moyo,2019,first,2216.3500000000004,87,54,106,7,,,NASA_POWER_daily,,,district,False,False,F,"NASA POWER daily T2M_MAX/T2M_MIN (MERRA-2, ~0.5 deg) at district centroid; GDD base 10C; heatwave = 3+ consecutive days >= 30.0C."
Moyo,2019,second,1724.03,9,0,68,1,,,NASA_POWER_daily,,,district,False,False,F,"NASA POWER daily T2M_MAX/T2M_MIN (MERRA-2, ~0.5 deg) at district centroid; GDD base 10C; heatwave = 3+ consecutive days >= 30.0C."
Moyo,2020,first,1915.125,45,17,95,3,,,NASA_POWER_daily,,,district,False,False,F,"NASA POWER daily T2M_MAX/T2M_MIN (MERRA-2, ~0.5 deg) at district centroid; GDD base 10C; heatwave = 3+ consecutive days >= 30.0C."
Moyo,2020,second,1700.465,1,0,48,0,,,NASA_POWER_daily,,,district,False,False,F,"NASA POWER daily T2M_MAX/T2M_MIN (MERRA-2, ~0.5 deg) at district centroid; GDD base 10C; heatwave = 3+ consecutive days >= 30.0C."
Moyo,2021,first,2100.995,97,36,112,9,,,NASA_POWER_daily,,,district,False,False,F,"NASA POWER daily T2M_MAX/T2M_MIN (MERRA-2, ~0.5 deg) at district centroid; GDD base 10C; heatwave = 3+ consecutive days >= 30.0C."
Moyo,2021,second,2009.435,98,13,101,12,,,NASA_POWER_daily,,,district,False,False,F,"NASA POWER daily T2M_MAX/T2M_MIN (MERRA-2, ~0.5 deg) at district centroid; GDD base 10C; heatwave = 3+ consecutive days >= 30.0C."
Moyo,2022,first,2243.1549999999997,108,60,111,7,,,NASA_POWER_daily,,,district,False,False,F,"NASA POWER daily T2M_MAX/T2M_MIN (MERRA-2, ~0.5 deg) at district centroid; GDD base 10C; heatwave = 3+ consecutive days >= 30.0C."
Moyo,2022,second,1758.105,27,0,62,4,,,NASA_POWER_daily,,,district,False,False,F,"NASA POWER daily T2M_MAX/T2M_MIN (MERRA-2, ~0.5 deg) at district centroid; GDD base 10C; heatwave = 3+ consecutive days >= 30.0C."
Moyo,2023,first,2098.8999999999996,102,18,113,7,,,NASA_POWER_daily,,,district,False,False,F,"NASA POWER daily T2M_MAX/T2M_MIN (MERRA-2, ~0.5 deg) at district centroid; GDD base 10C; heatwave = 3+ consecutive days >= 30.0C."
Moyo,2023,second,1976.815,70,13,114,5,,,NASA_POWER_daily,,,district,False,False,F,"NASA POWER daily T2M_MAX/T2M_MIN (MERRA-2, ~0.5 deg) at district centroid; GDD base 10C; heatwave = 3+ consecutive days >= 30.0C."
Mpigi,2015,first,1641.165,1,0,116,0,,,NASA_POWER_daily,,,district,False,False,F,"NASA POWER daily T2M_MAX/T2M_MIN (MERRA-2, ~0.5 deg) at district centroid; GDD base 10C; heatwave = 3+ consecutive days >= 30.0C."
Mpigi,2015,second,1624.115,0,0,112,0,,,NASA_POWER_daily,,,district,False,False,F,"NASA POWER daily T2M_MAX/T2M_MIN (MERRA-2, ~0.5 deg) at district centroid; GDD base 10C; heatwave = 3+ consecutive days >= 30.0C."
Mpigi,2016,first,1663.705,0,0,119,0,,,NASA_POWER_daily,,,district,False,False,F,"NASA POWER daily T2M_MAX/T2M_MIN (MERRA-2, ~0.5 deg) at district centroid; GDD base 10C; heatwave = 3+ consecutive days >= 30.0C."
Mpigi,2016,second,1635.9799999999998,0,0,118,0,,,NASA_POWER_daily,,,district,False,False,F,"NASA POWER daily T2M_MAX/T2M_MIN (MERRA-2, ~0.5 deg) at district centroid; GDD base 10C; heatwave = 3+ consecutive days >= 30.0C."
Mpigi,2017,first,1627.8799999999999,0,0,120,0,,,NASA_POWER_daily,,,district,False,False,F,"NASA POWER daily T2M_MAX/T2M_MIN (MERRA-2, ~0.5 deg) at district centroid; GDD base 10C; heatwave = 3+ consecutive days >= 30.0C."
Mpigi,2017,second,1612.405,0,0,110,0,,,NASA_POWER_daily,,,district,False,False,F,"NASA POWER daily T2M_MAX/T2M_MIN (MERRA-2, ~0.5 deg) at district centroid; GDD base 10C; heatwave = 3+ consecutive days >= 30.0C."
Mpigi,2018,first,1493.645,0,0,113,0,,,NASA_POWER_daily,,,district,False,False,F,"NASA POWER daily T2M_MAX/T2M_MIN (MERRA-2, ~0.5 deg) at district centroid; GDD base 10C; heatwave = 3+ consecutive days >= 30.0C."
Mpigi,2018,second,1605.995,0,0,115,0,,,NASA_POWER_daily,,,district,False,False,F,"NASA POWER daily T2M_MAX/T2M_MIN (MERRA-2, ~0.5 deg) at district centroid; GDD base 10C; heatwave = 3+ consecutive days >= 30.0C."
Mpigi,2019,first,1651.7299999999998,0,0,120,0,,,NASA_POWER_daily,,,district,False,False,F,"NASA POWER daily T2M_MAX/T2M_MIN (MERRA-2, ~0.5 deg) at district centroid; GDD base 10C; heatwave = 3+ consecutive days >= 30.0C."
Mpigi,2019,second,1558.16,0,0,108,0,,,NASA_POWER_daily,,,district,False,False,F,"NASA POWER daily T2M_MAX/T2M_MIN (MERRA-2, ~0.5 deg) at district centroid; GDD base 10C; heatwave = 3+ consecutive days >= 30.0C."
Mpigi,2020,first,1554.835,0,0,122,0,,,NASA_POWER_daily,,,district,False,False,F,"NASA POWER daily T2M_MAX/T2M_MIN (MERRA-2, ~0.5 deg) at district centroid; GDD base 10C; heatwave = 3+ consecutive days >= 30.0C."
Mpigi,2020,second,1564.03,0,0,116,0,,,NASA_POWER_daily,,,district,False,False,F,"NASA POWER daily T2M_MAX/T2M_MIN (MERRA-2, ~0.5 deg) at district centroid; GDD base 10C; heatwave = 3+ consecutive days >= 30.0C."
Mpigi,2021,first,1558.345,0,0,116,0,,,NASA_POWER_daily,,,district,False,False,F,"NASA POWER daily T2M_MAX/T2M_MIN (MERRA-2, ~0.5 deg) at district centroid; GDD base 10C; heatwave = 3+ consecutive days >= 30.0C."
Mpigi,2021,second,1627.94,0,0,119,0,,,NASA_POWER_daily,,,district,False,False,F,"NASA POWER daily T2M_MAX/T2M_MIN (MERRA-2, ~0.5 deg) at district centroid; GDD base 10C; heatwave = 3+ consecutive days >= 30.0C."
Mpigi,2022,first,1605.9450000000002,0,0,118,0,,,NASA_POWER_daily,,,district,False,False,F,"NASA POWER daily T2M_MAX/T2M_MIN (MERRA-2, ~0.5 deg) at district centroid; GDD base 10C; heatwave = 3+ consecutive days >= 30.0C."
Mpigi,2022,second,1572.125,0,0,120,0,,,NASA_POWER_daily,,,district,False,False,F,"NASA POWER daily T2M_MAX/T2M_MIN (MERRA-2, ~0.5 deg) at district centroid; GDD base 10C; heatwave = 3+ consecutive days >= 30.0C."
Mpigi,2023,first,1602.1950000000002,0,0,117,0,,,NASA_POWER_daily,,,district,False,False,F,"NASA POWER daily T2M_MAX/T2M_MIN (MERRA-2, ~0.5 deg) at district centroid; GDD base 10C; heatwave = 3+ consecutive days >= 30.0C."
Mpigi,2023,second,1657.1,0,0,121,0,,,NASA_POWER_daily,,,district,False,False,F,"NASA POWER daily T2M_MAX/T2M_MIN (MERRA-2, ~0.5 deg) at district centroid; GDD base 10C; heatwave = 3+ consecutive days >= 30.0C."
Mubende,2015,first,1427.965,21,0,0,1,,,NASA_POWER_daily,,,district,False,False,F,"NASA POWER daily T2M_MAX/T2M_MIN (MERRA-2, ~0.5 deg) at district centroid; GDD base 10C; heatwave = 3+ consecutive days >= 30.0C."
Mubende,2015,second,1431.2450000000001,9,0,0,1,,,NASA_POWER_daily,,,district,False,False,F,"NASA POWER daily T2M_MAX/T2M_MIN (MERRA-2, ~0.5 deg) at district centroid; GDD base 10C; heatwave = 3+ consecutive days >= 30.0C."
Mubende,2016,first,1425.6699999999998,6,0,1,1,,,NASA_POWER_daily,,,district,False,False,F,"NASA POWER daily T2M_MAX/T2M_MIN (MERRA-2, ~0.5 deg) at district centroid; GDD base 10C; heatwave = 3+ consecutive days >= 30.0C."
Mubende,2016,second,1388.955,1,0,0,0,,,NASA_POWER_daily,,,district,False,False,F,"NASA POWER daily T2M_MAX/T2M_MIN (MERRA-2, ~0.5 deg) at district centroid; GDD base 10C; heatwave = 3+ consecutive days >= 30.0C."
Mubende,2017,first,1398.8199999999997,6,0,0,1,,,NASA_POWER_daily,,,district,False,False,F,"NASA POWER daily T2M_MAX/T2M_MIN (MERRA-2, ~0.5 deg) at district centroid; GDD base 10C; heatwave = 3+ consecutive days >= 30.0C."
Mubende,2017,second,1392.2,0,0,0,0,,,NASA_POWER_daily,,,district,False,False,F,"NASA POWER daily T2M_MAX/T2M_MIN (MERRA-2, ~0.5 deg) at district centroid; GDD base 10C; heatwave = 3+ consecutive days >= 30.0C."
Mubende,2018,first,1314.355,0,0,0,0,,,NASA_POWER_daily,,,district,False,False,F,"NASA POWER daily T2M_MAX/T2M_MIN (MERRA-2, ~0.5 deg) at district centroid; GDD base 10C; heatwave = 3+ consecutive days >= 30.0C."
Mubende,2018,second,1384.2450000000001,2,0,0,0,,,NASA_POWER_daily,,,district,False,False,F,"NASA POWER daily T2M_MAX/T2M_MIN (MERRA-2, ~0.5 deg) at district centroid; GDD base 10C; heatwave = 3+ consecutive days >= 30.0C."
Mubende,2019,first,1524.035,29,0,1,3,,,NASA_POWER_daily,,,district,False,False,F,"NASA POWER daily T2M_MAX/T2M_MIN (MERRA-2, ~0.5 deg) at district centroid; GDD base 10C; heatwave = 3+ consecutive days >= 30.0C."
Mubende,2019,second,1358.95,0,0,0,0,,,NASA_POWER_daily,,,district,False,False,F,"NASA POWER daily T2M_MAX/T2M_MIN (MERRA-2, ~0.5 deg) at district centroid; GDD base 10C; heatwave = 3+ consecutive days >= 30.0C."
Mubende,2020,first,1338.0550000000003,0,0,0,0,,,NASA_POWER_daily,,,district,False,False,F,"NASA POWER daily T2M_MAX/T2M_MIN (MERRA-2, ~0.5 deg) at district centroid; GDD base 10C; heatwave = 3+ consecutive days >= 30.0C."
Mubende,2020,second,1335.4950000000001,0,0,0,0,,,NASA_POWER_daily,,,district,False,False,F,"NASA POWER daily T2M_MAX/T2M_MIN (MERRA-2, ~0.5 deg) at district centroid; GDD base 10C; heatwave = 3+ consecutive days >= 30.0C."
Mubende,2021,first,1380.21,6,0,0,1,,,NASA_POWER_daily,,,district,False,False,F,"NASA POWER daily T2M_MAX/T2M_MIN (MERRA-2, ~0.5 deg) at district centroid; GDD base 10C; heatwave = 3+ consecutive days >= 30.0C."
Mubende,2021,second,1490.27,16,0,0,2,,,NASA_POWER_daily,,,district,False,False,F,"NASA POWER daily T2M_MAX/T2M_MIN (MERRA-2, ~0.5 deg) at district centroid; GDD base 10C; heatwave = 3+ consecutive days >= 30.0C."
Mubende,2022,first,1490.3,22,0,0,2,,,NASA_POWER_daily,,,district,False,False,F,"NASA POWER daily T2M_MAX/T2M_MIN (MERRA-2, ~0.5 deg) at district centroid; GDD base 10C; heatwave = 3+ consecutive days >= 30.0C."
Mubende,2022,second,1358.3500000000001,0,0,0,0,,,NASA_POWER_daily,,,district,False,False,F,"NASA POWER daily T2M_MAX/T2M_MIN (MERRA-2, ~0.5 deg) at district centroid; GDD base 10C; heatwave = 3+ consecutive days >= 30.0C."
Mubende,2023,first,1412.77,5,0,0,1,,,NASA_POWER_daily,,,district,False,False,F,"NASA POWER daily T2M_MAX/T2M_MIN (MERRA-2, ~0.5 deg) at district centroid; GDD base 10C; heatwave = 3+ consecutive days >= 30.0C."
Mubende,2023,second,1475.1199999999997,17,0,0,3,,,NASA_POWER_daily,,,district,False,False,F,"NASA POWER daily T2M_MAX/T2M_MIN (MERRA-2, ~0.5 deg) at district centroid; GDD base 10C; heatwave = 3+ consecutive days >= 30.0C."
Mukono,2015,first,1555.465,21,3,11,1,,,NASA_POWER_daily,,,district,False,False,F,"NASA POWER daily T2M_MAX/T2M_MIN (MERRA-2, ~0.5 deg) at district centroid; GDD base 10C; heatwave = 3+ consecutive days >= 30.0C."
Mukono,2015,second,1565.3400000000004,10,0,8,1,,,NASA_POWER_daily,,,district,False,False,F,"NASA POWER daily T2M_MAX/T2M_MIN (MERRA-2, ~0.5 deg) at district centroid; GDD base 10C; heatwave = 3+ consecutive days >= 30.0C."
Mukono,2016,first,1542.2499999999998,9,0,20,2,,,NASA_POWER_daily,,,district,False,False,F,"NASA POWER daily T2M_MAX/T2M_MIN (MERRA-2, ~0.5 deg) at district centroid; GDD base 10C; heatwave = 3+ consecutive days >= 30.0C."
Mukono,2016,second,1520.6599999999999,0,0,0,0,,,NASA_POWER_daily,,,district,False,False,F,"NASA POWER daily T2M_MAX/T2M_MIN (MERRA-2, ~0.5 deg) at district centroid; GDD base 10C; heatwave = 3+ consecutive days >= 30.0C."
Mukono,2017,first,1551.935,8,0,10,2,,,NASA_POWER_daily,,,district,False,False,F,"NASA POWER daily T2M_MAX/T2M_MIN (MERRA-2, ~0.5 deg) at district centroid; GDD base 10C; heatwave = 3+ consecutive days >= 30.0C."
Mukono,2017,second,1530.835,6,0,0,1,,,NASA_POWER_daily,,,district,False,False,F,"NASA POWER daily T2M_MAX/T2M_MIN (MERRA-2, ~0.5 deg) at district centroid; GDD base 10C; heatwave = 3+ consecutive days >= 30.0C."
Mukono,2018,first,1422.6049999999998,0,0,0,0,,,NASA_POWER_daily,,,district,False,False,F,"NASA POWER daily T2M_MAX/T2M_MIN (MERRA-2, ~0.5 deg) at district centroid; GDD base 10C; heatwave = 3+ consecutive days >= 30.0C."
Mukono,2018,second,1512.0900000000001,1,0,1,0,,,NASA_POWER_daily,,,district,False,False,F,"NASA POWER daily T2M_MAX/T2M_MIN (MERRA-2, ~0.5 deg) at district centroid; GDD base 10C; heatwave = 3+ consecutive days >= 30.0C."
Mukono,2019,first,1617.97,23,0,33,1,,,NASA_POWER_daily,,,district,False,False,F,"NASA POWER daily T2M_MAX/T2M_MIN (MERRA-2, ~0.5 deg) at district centroid; GDD base 10C; heatwave = 3+ consecutive days >= 30.0C."
Mukono,2019,second,1471.86,0,0,0,0,,,NASA_POWER_daily,,,district,False,False,F,"NASA POWER daily T2M_MAX/T2M_MIN (MERRA-2, ~0.5 deg) at district centroid; GDD base 10C; heatwave = 3+ consecutive days >= 30.0C."
Mukono,2020,first,1463.84,0,0,14,0,,,NASA_POWER_daily,,,district,False,False,F,"NASA POWER daily T2M_MAX/T2M_MIN (MERRA-2, ~0.5 deg) at district centroid; GDD base 10C; heatwave = 3+ consecutive days >= 30.0C."
Mukono,2020,second,1454.7599999999998,0,0,0,0,,,NASA_POWER_daily,,,district,False,False,F,"NASA POWER daily T2M_MAX/T2M_MIN (MERRA-2, ~0.5 deg) at district centroid; GDD base 10C; heatwave = 3+ consecutive days >= 30.0C."
Mukono,2021,first,1499.815,4,0,5,1,,,NASA_POWER_daily,,,district,False,False,F,"NASA POWER daily T2M_MAX/T2M_MIN (MERRA-2, ~0.5 deg) at district centroid; GDD base 10C; heatwave = 3+ consecutive days >= 30.0C."
Mukono,2021,second,1603.03,14,0,2,2,,,NASA_POWER_daily,,,district,False,False,F,"NASA POWER daily T2M_MAX/T2M_MIN (MERRA-2, ~0.5 deg) at district centroid; GDD base 10C; heatwave = 3+ consecutive days >= 30.0C."
Mukono,2022,first,1584.255,17,0,19,3,,,NASA_POWER_daily,,,district,False,False,F,"NASA POWER daily T2M_MAX/T2M_MIN (MERRA-2, ~0.5 deg) at district centroid; GDD base 10C; heatwave = 3+ consecutive days >= 30.0C."
Mukono,2022,second,1509.885,0,0,0,0,,,NASA_POWER_daily,,,district,False,False,F,"NASA POWER daily T2M_MAX/T2M_MIN (MERRA-2, ~0.5 deg) at district centroid; GDD base 10C; heatwave = 3+ consecutive days >= 30.0C."
Mukono,2023,first,1526.3999999999999,5,0,7,1,,,NASA_POWER_daily,,,district,False,False,F,"NASA POWER daily T2M_MAX/T2M_MIN (MERRA-2, ~0.5 deg) at district centroid; GDD base 10C; heatwave = 3+ consecutive days >= 30.0C."
Mukono,2023,second,1579.6499999999996,8,0,20,1,,,NASA_POWER_daily,,,district,False,False,F,"NASA POWER daily T2M_MAX/T2M_MIN (MERRA-2, ~0.5 deg) at district centroid; GDD base 10C; heatwave = 3+ consecutive days >= 30.0C."
Nakapiripirit,2015,first,1635.3999999999999,40,20,1,4,,,NASA_POWER_daily,,,district,False,False,F,"NASA POWER daily T2M_MAX/T2M_MIN (MERRA-2, ~0.5 deg) at district centroid; GDD base 10C; heatwave = 3+ consecutive days >= 30.0C."
Nakapiripirit,2015,second,1605.0449999999998,40,0,0,8,,,NASA_POWER_daily,,,district,False,False,F,"NASA POWER daily T2M_MAX/T2M_MIN (MERRA-2, ~0.5 deg) at district centroid; GDD base 10C; heatwave = 3+ consecutive days >= 30.0C."
Nakapiripirit,2016,first,1669.3899999999999,52,17,19,4,,,NASA_POWER_daily,,,district,False,False,F,"NASA POWER daily T2M_MAX/T2M_MIN (MERRA-2, ~0.5 deg) at district centroid; GDD base 10C; heatwave = 3+ consecutive days >= 30.0C."
Nakapiripirit,2016,second,1537.42,33,0,0,5,,,NASA_POWER_daily,,,district,False,False,F,"NASA POWER daily T2M_MAX/T2M_MIN (MERRA-2, ~0.5 deg) at district centroid; GDD base 10C; heatwave = 3+ consecutive days >= 30.0C."
Nakapiripirit,2017,first,1691.4399999999998,61,3,1,6,,,NASA_POWER_daily,,,district,False,False,F,"NASA POWER daily T2M_MAX/T2M_MIN (MERRA-2, ~0.5 deg) at district centroid; GDD base 10C; heatwave = 3+ consecutive days >= 30.0C."
Nakapiripirit,2017,second,1478.44,11,0,0,1,,,NASA_POWER_daily,,,district,False,False,F,"NASA POWER daily T2M_MAX/T2M_MIN (MERRA-2, ~0.5 deg) at district centroid; GDD base 10C; heatwave = 3+ consecutive days >= 30.0C."
Nakapiripirit,2018,first,1400.2150000000001,13,0,0,2,,,NASA_POWER_daily,,,district,False,False,F,"NASA POWER daily T2M_MAX/T2M_MIN (MERRA-2, ~0.5 deg) at district centroid; GDD base 10C; heatwave = 3+ consecutive days >= 30.0C."
Nakapiripirit,2018,second,1499.9600000000003,20,0,0,2,,,NASA_POWER_daily,,,district,False,False,F,"NASA POWER daily T2M_MAX/T2M_MIN (MERRA-2, ~0.5 deg) at district centroid; GDD base 10C; heatwave = 3+ consecutive days >= 30.0C."
Nakapiripirit,2019,first,1707.3999999999999,59,20,7,5,,,NASA_POWER_daily,,,district,False,False,F,"NASA POWER daily T2M_MAX/T2M_MIN (MERRA-2, ~0.5 deg) at district centroid; GDD base 10C; heatwave = 3+ consecutive days >= 30.0C."
Nakapiripirit,2019,second,1402.125,0,0,0,0,,,NASA_POWER_daily,,,district,False,False,F,"NASA POWER daily T2M_MAX/T2M_MIN (MERRA-2, ~0.5 deg) at district centroid; GDD base 10C; heatwave = 3+ consecutive days >= 30.0C."
Nakapiripirit,2020,first,1441.3149999999998,15,0,0,0,,,NASA_POWER_daily,,,district,False,False,F,"NASA POWER daily T2M_MAX/T2M_MIN (MERRA-2, ~0.5 deg) at district centroid; GDD base 10C; heatwave = 3+ consecutive days >= 30.0C."
Nakapiripirit,2020,second,1328.7149999999997,0,0,0,0,,,NASA_POWER_daily,,,district,False,False,F,"NASA POWER daily T2M_MAX/T2M_MIN (MERRA-2, ~0.5 deg) at district centroid; GDD base 10C; heatwave = 3+ consecutive days >= 30.0C."
Nakapiripirit,2021,first,1634.2799999999997,54,0,0,6,,,NASA_POWER_daily,,,district,False,False,F,"NASA POWER daily T2M_MAX/T2M_MIN (MERRA-2, ~0.5 deg) at district centroid; GDD base 10C; heatwave = 3+ consecutive days >= 30.0C."
Nakapiripirit,2021,second,1613.505,48,0,0,7,,,NASA_POWER_daily,,,district,False,False,F,"NASA POWER daily T2M_MAX/T2M_MIN (MERRA-2, ~0.5 deg) at district centroid; GDD base 10C; heatwave = 3+ consecutive days >= 30.0C."
Nakapiripirit,2022,first,1715.725,66,11,1,4,,,NASA_POWER_daily,,,district,False,False,F,"NASA POWER daily T2M_MAX/T2M_MIN (MERRA-2, ~0.5 deg) at district centroid; GDD base 10C; heatwave = 3+ consecutive days >= 30.0C."
Nakapiripirit,2022,second,1459.1999999999998,10,0,0,2,,,NASA_POWER_daily,,,district,False,False,F,"NASA POWER daily T2M_MAX/T2M_MIN (MERRA-2, ~0.5 deg) at district centroid; GDD base 10C; heatwave = 3+ consecutive days >= 30.0C."
Nakapiripirit,2023,first,1558.4849999999997,24,5,3,3,,,NASA_POWER_daily,,,district,False,False,F,"NASA POWER daily T2M_MAX/T2M_MIN (MERRA-2, ~0.5 deg) at district centroid; GDD base 10C; heatwave = 3+ consecutive days >= 30.0C."
Nakapiripirit,2023,second,1577.92,24,0,0,4,,,NASA_POWER_daily,,,district,False,False,F,"NASA POWER daily T2M_MAX/T2M_MIN (MERRA-2, ~0.5 deg) at district centroid; GDD base 10C; heatwave = 3+ consecutive days >= 30.0C."
Nakaseke,2015,first,1581.375,23,10,6,1,,,NASA_POWER_daily,,,district,False,False,F,"NASA POWER daily T2M_MAX/T2M_MIN (MERRA-2, ~0.5 deg) at district centroid; GDD base 10C; heatwave = 3+ consecutive days >= 30.0C."
Nakaseke,2015,second,1602.7100000000003,39,0,4,4,,,NASA_POWER_daily,,,district,False,False,F,"NASA POWER daily T2M_MAX/T2M_MIN (MERRA-2, ~0.5 deg) at district centroid; GDD base 10C; heatwave = 3+ consecutive days >= 30.0C."
Nakaseke,2016,first,1584.08,23,1,18,3,,,NASA_POWER_daily,,,district,False,False,F,"NASA POWER daily T2M_MAX/T2M_MIN (MERRA-2, ~0.5 deg) at district centroid; GDD base 10C; heatwave = 3+ consecutive days >= 30.0C."
Nakaseke,2016,second,1542.6849999999997,15,0,0,1,,,NASA_POWER_daily,,,district,False,False,F,"NASA POWER daily T2M_MAX/T2M_MIN (MERRA-2, ~0.5 deg) at district centroid; GDD base 10C; heatwave = 3+ consecutive days >= 30.0C."
Nakaseke,2017,first,1616.25,25,3,3,3,,,NASA_POWER_daily,,,district,False,False,F,"NASA POWER daily T2M_MAX/T2M_MIN (MERRA-2, ~0.5 deg) at district centroid; GDD base 10C; heatwave = 3+ consecutive days >= 30.0C."
Nakaseke,2017,second,1573.79,20,0,0,3,,,NASA_POWER_daily,,,district,False,False,F,"NASA POWER daily T2M_MAX/T2M_MIN (MERRA-2, ~0.5 deg) at district centroid; GDD base 10C; heatwave = 3+ consecutive days >= 30.0C."
Nakaseke,2018,first,1541.3799999999999,14,0,1,2,,,NASA_POWER_daily,,,district,False,False,F,"NASA POWER daily T2M_MAX/T2M_MIN (MERRA-2, ~0.5 deg) at district centroid; GDD base 10C; heatwave = 3+ consecutive days >= 30.0C."
Nakaseke,2018,second,1574.14,30,0,1,5,,,NASA_POWER_daily,,,district,False,False,F,"NASA POWER daily T2M_MAX/T2M_MIN (MERRA-2, ~0.5 deg) at district centroid; GDD base 10C; heatwave = 3+ consecutive days >= 30.0C."
Nakaseke,2019,first,1754.035,46,18,31,4,,,NASA_POWER_daily,,,district,False,False,F,"NASA POWER daily T2M_MAX/T2M_MIN (MERRA-2, ~0.5 deg) at district centroid; GDD base 10C; heatwave = 3+ consecutive days >= 30.0C."
Nakaseke,2019,second,1494.8400000000001,9,0,0,2,,,NASA_POWER_daily,,,district,False,False,F,"NASA POWER daily T2M_MAX/T2M_MIN (MERRA-2, ~0.5 deg) at district centroid; GDD base 10C; heatwave = 3+ consecutive days >= 30.0C."
Nakaseke,2020,first,1472.565,1,0,1,0,,,NASA_POWER_daily,,,district,False,False,F,"NASA POWER daily T2M_MAX/T2M_MIN (MERRA-2, ~0.5 deg) at district centroid; GDD base 10C; heatwave = 3+ consecutive days >= 30.0C."
Nakaseke,2020,second,1492.67,0,0,0,0,,,NASA_POWER_daily,,,district,False,False,F,"NASA POWER daily T2M_MAX/T2M_MIN (MERRA-2, ~0.5 deg) at district centroid; GDD base 10C; heatwave = 3+ consecutive days >= 30.0C."
Nakaseke,2021,first,1654.81,33,3,5,4,,,NASA_POWER_daily,,,district,False,False,F,"NASA POWER daily T2M_MAX/T2M_MIN (MERRA-2, ~0.5 deg) at district centroid; GDD base 10C; heatwave = 3+ consecutive days >= 30.0C."
Nakaseke,2021,second,1736.94,66,0,5,11,,,NASA_POWER_daily,,,district,False,False,F,"NASA POWER daily T2M_MAX/T2M_MIN (MERRA-2, ~0.5 deg) at district centroid; GDD base 10C; heatwave = 3+ consecutive days >= 30.0C."
Nakaseke,2022,first,1762.7549999999999,62,12,19,6,,,NASA_POWER_daily,,,district,False,False,F,"NASA POWER daily T2M_MAX/T2M_MIN (MERRA-2, ~0.5 deg) at district centroid; GDD base 10C; heatwave = 3+ consecutive days >= 30.0C."
Nakaseke,2022,second,1537.1850000000002,13,0,1,3,,,NASA_POWER_daily,,,district,False,False,F,"NASA POWER daily T2M_MAX/T2M_MIN (MERRA-2, ~0.5 deg) at district centroid; GDD base 10C; heatwave = 3+ consecutive days >= 30.0C."
Nakaseke,2023,first,1615.38,16,4,5,1,,,NASA_POWER_daily,,,district,False,False,F,"NASA POWER daily T2M_MAX/T2M_MIN (MERRA-2, ~0.5 deg) at district centroid; GDD base 10C; heatwave = 3+ consecutive days >= 30.0C."
Nakaseke,2023,second,1626.3699999999997,29,0,3,3,,,NASA_POWER_daily,,,district,False,False,F,"NASA POWER daily T2M_MAX/T2M_MIN (MERRA-2, ~0.5 deg) at district centroid; GDD base 10C; heatwave = 3+ consecutive days >= 30.0C."
Nakasongola,2015,first,1753.975,27,12,56,1,,,NASA_POWER_daily,,,district,False,False,F,"NASA POWER daily T2M_MAX/T2M_MIN (MERRA-2, ~0.5 deg) at district centroid; GDD base 10C; heatwave = 3+ consecutive days >= 30.0C."
Nakasongola,2015,second,1774.1950000000002,42,0,83,6,,,NASA_POWER_daily,,,district,False,False,F,"NASA POWER daily T2M_MAX/T2M_MIN (MERRA-2, ~0.5 deg) at district centroid; GDD base 10C; heatwave = 3+ consecutive days >= 30.0C."
Nakasongola,2016,first,1788.165,38,8,75,4,,,NASA_POWER_daily,,,district,False,False,F,"NASA POWER daily T2M_MAX/T2M_MIN (MERRA-2, ~0.5 deg) at district centroid; GDD base 10C; heatwave = 3+ consecutive days >= 30.0C."
Nakasongola,2016,second,1784.9550000000002,45,0,77,9,,,NASA_POWER_daily,,,district,False,False,F,"NASA POWER daily T2M_MAX/T2M_MIN (MERRA-2, ~0.5 deg) at district centroid; GDD base 10C; heatwave = 3+ consecutive days >= 30.0C."
Nakasongola,2017,first,1806.605,45,2,82,8,,,NASA_POWER_daily,,,district,False,False,F,"NASA POWER daily T2M_MAX/T2M_MIN (MERRA-2, ~0.5 deg) at district centroid; GDD base 10C; heatwave = 3+ consecutive days >= 30.0C."
Nakasongola,2017,second,1751.3799999999999,30,0,58,5,,,NASA_POWER_daily,,,district,False,False,F,"NASA POWER daily T2M_MAX/T2M_MIN (MERRA-2, ~0.5 deg) at district centroid; GDD base 10C; heatwave = 3+ consecutive days >= 30.0C."
Nakasongola,2018,first,1659.69,14,0,40,3,,,NASA_POWER_daily,,,district,False,False,F,"NASA POWER daily T2M_MAX/T2M_MIN (MERRA-2, ~0.5 deg) at district centroid; GDD base 10C; heatwave = 3+ consecutive days >= 30.0C."
Nakasongola,2018,second,1781.2,45,0,67,5,,,NASA_POWER_daily,,,district,False,False,F,"NASA POWER daily T2M_MAX/T2M_MIN (MERRA-2, ~0.5 deg) at district centroid; GDD base 10C; heatwave = 3+ consecutive days >= 30.0C."
Nakasongola,2019,first,1871.4699999999998,50,16,81,4,,,NASA_POWER_daily,,,district,False,False,F,"NASA POWER daily T2M_MAX/T2M_MIN (MERRA-2, ~0.5 deg) at district centroid; GDD base 10C; heatwave = 3+ consecutive days >= 30.0C."
Nakasongola,2019,second,1645.435,3,0,57,0,,,NASA_POWER_daily,,,district,False,False,F,"NASA POWER daily T2M_MAX/T2M_MIN (MERRA-2, ~0.5 deg) at district centroid; GDD base 10C; heatwave = 3+ consecutive days >= 30.0C."
Nakasongola,2020,first,1619.695,7,0,52,1,,,NASA_POWER_daily,,,district,False,False,F,"NASA POWER daily T2M_MAX/T2M_MIN (MERRA-2, ~0.5 deg) at district centroid; GDD base 10C; heatwave = 3+ consecutive days >= 30.0C."
Nakasongola,2020,second,1642.31,4,0,50,1,,,NASA_POWER_daily,,,district,False,False,F,"NASA POWER daily T2M_MAX/T2M_MIN (MERRA-2, ~0.5 deg) at district centroid; GDD base 10C; heatwave = 3+ consecutive days >= 30.0C."
Nakasongola,2021,first,1794.355,40,1,64,4,,,NASA_POWER_daily,,,district,False,False,F,"NASA POWER daily T2M_MAX/T2M_MIN (MERRA-2, ~0.5 deg) at district centroid; GDD base 10C; heatwave = 3+ consecutive days >= 30.0C."
Nakasongola,2021,second,1879.33,69,0,96,7,,,NASA_POWER_daily,,,district,False,False,F,"NASA POWER daily T2M_MAX/T2M_MIN (MERRA-2, ~0.5 deg) at district centroid; GDD base 10C; heatwave = 3+ consecutive days >= 30.0C."
Nakasongola,2022,first,1868.97,63,8,76,6,,,NASA_POWER_daily,,,district,False,False,F,"NASA POWER daily T2M_MAX/T2M_MIN (MERRA-2, ~0.5 deg) at district centroid; GDD base 10C; heatwave = 3+ consecutive days >= 30.0C."
Nakasongola,2022,second,1714.5399999999997,23,0,54,3,,,NASA_POWER_daily,,,district,False,False,F,"NASA POWER daily T2M_MAX/T2M_MIN (MERRA-2, ~0.5 deg) at district centroid; GDD base 10C; heatwave = 3+ consecutive days >= 30.0C."
Nakasongola,2023,first,1743.36,17,4,76,2,,,NASA_POWER_daily,,,district,False,False,F,"NASA POWER daily T2M_MAX/T2M_MIN (MERRA-2, ~0.5 deg) at district centroid; GDD base 10C; heatwave = 3+ consecutive days >= 30.0C."
Nakasongola,2023,second,1780.6650000000002,27,0,100,3,,,NASA_POWER_daily,,,district,False,False,F,"NASA POWER daily T2M_MAX/T2M_MIN (MERRA-2, ~0.5 deg) at district centroid; GDD base 10C; heatwave = 3+ consecutive days >= 30.0C."
Namayingo,2015,first,1633.065,25,15,25,1,,,NASA_POWER_daily,,,district,False,False,F,"NASA POWER daily T2M_MAX/T2M_MIN (MERRA-2, ~0.5 deg) at district centroid; GDD base 10C; heatwave = 3+ consecutive days >= 30.0C."
Namayingo,2015,second,1592.54,3,0,22,0,,,NASA_POWER_daily,,,district,False,False,F,"NASA POWER daily T2M_MAX/T2M_MIN (MERRA-2, ~0.5 deg) at district centroid; GDD base 10C; heatwave = 3+ consecutive days >= 30.0C."
Namayingo,2016,first,1617.7899999999997,21,0,49,4,,,NASA_POWER_daily,,,district,False,False,F,"NASA POWER daily T2M_MAX/T2M_MIN (MERRA-2, ~0.5 deg) at district centroid; GDD base 10C; heatwave = 3+ consecutive days >= 30.0C."
Namayingo,2016,second,1596.45,0,0,8,0,,,NASA_POWER_daily,,,district,False,False,F,"NASA POWER daily T2M_MAX/T2M_MIN (MERRA-2, ~0.5 deg) at district centroid; GDD base 10C; heatwave = 3+ consecutive days >= 30.0C."
Namayingo,2017,first,1683.9449999999997,27,0,54,4,,,NASA_POWER_daily,,,district,False,False,F,"NASA POWER daily T2M_MAX/T2M_MIN (MERRA-2, ~0.5 deg) at district centroid; GDD base 10C; heatwave = 3+ consecutive days >= 30.0C."
Namayingo,2017,second,1562.81,0,0,12,0,,,NASA_POWER_daily,,,district,False,False,F,"NASA POWER daily T2M_MAX/T2M_MIN (MERRA-2, ~0.5 deg) at district centroid; GDD base 10C; heatwave = 3+ consecutive days >= 30.0C."
Namayingo,2018,first,1476.6,0,0,11,0,,,NASA_POWER_daily,,,district,False,False,F,"NASA POWER daily T2M_MAX/T2M_MIN (MERRA-2, ~0.5 deg) at district centroid; GDD base 10C; heatwave = 3+ consecutive days >= 30.0C."
Namayingo,2018,second,1550.5149999999999,0,0,16,0,,,NASA_POWER_daily,,,district,False,False,F,"NASA POWER daily T2M_MAX/T2M_MIN (MERRA-2, ~0.5 deg) at district centroid; GDD base 10C; heatwave = 3+ consecutive days >= 30.0C."
Namayingo,2019,first,1670.2050000000002,28,0,56,2,,,NASA_POWER_daily,,,district,False,False,F,"NASA POWER daily T2M_MAX/T2M_MIN (MERRA-2, ~0.5 deg) at district centroid; GDD base 10C; heatwave = 3+ consecutive days >= 30.0C."
Namayingo,2019,second,1509.9249999999997,0,0,7,0,,,NASA_POWER_daily,,,district,False,False,F,"NASA POWER daily T2M_MAX/T2M_MIN (MERRA-2, ~0.5 deg) at district centroid; GDD base 10C; heatwave = 3+ consecutive days >= 30.0C."
Namayingo,2020,first,1520.7050000000002,0,0,26,0,,,NASA_POWER_daily,,,district,False,False,F,"NASA POWER daily T2M_MAX/T2M_MIN (MERRA-2, ~0.5 deg) at district centroid; GDD base 10C; heatwave = 3+ consecutive days >= 30.0C."
Namayingo,2020,second,1503.7649999999999,0,0,2,0,,,NASA_POWER_daily,,,district,False,False,F,"NASA POWER daily T2M_MAX/T2M_MIN (MERRA-2, ~0.5 deg) at district centroid; GDD base 10C; heatwave = 3+ consecutive days >= 30.0C."
Namayingo,2021,first,1568.58,7,0,25,1,,,NASA_POWER_daily,,,district,False,False,F,"NASA POWER daily T2M_MAX/T2M_MIN (MERRA-2, ~0.5 deg) at district centroid; GDD base 10C; heatwave = 3+ consecutive days >= 30.0C."
Namayingo,2021,second,1610.9699999999998,0,0,20,0,,,NASA_POWER_daily,,,district,False,False,F,"NASA POWER daily T2M_MAX/T2M_MIN (MERRA-2, ~0.5 deg) at district centroid; GDD base 10C; heatwave = 3+ consecutive days >= 30.0C."
Namayingo,2022,first,1672.535,32,1,43,2,,,NASA_POWER_daily,,,district,False,False,F,"NASA POWER daily T2M_MAX/T2M_MIN (MERRA-2, ~0.5 deg) at district centroid; GDD base 10C; heatwave = 3+ consecutive days >= 30.0C."
Namayingo,2022,second,1559.67,0,0,7,0,,,NASA_POWER_daily,,,district,False,False,F,"NASA POWER daily T2M_MAX/T2M_MIN (MERRA-2, ~0.5 deg) at district centroid; GDD base 10C; heatwave = 3+ consecutive days >= 30.0C."
Namayingo,2023,first,1596.3400000000001,7,1,42,1,,,NASA_POWER_daily,,,district,False,False,F,"NASA POWER daily T2M_MAX/T2M_MIN (MERRA-2, ~0.5 deg) at district centroid; GDD base 10C; heatwave = 3+ consecutive days >= 30.0C."
Namayingo,2023,second,1628.3750000000002,0,0,36,0,,,NASA_POWER_daily,,,district,False,False,F,"NASA POWER daily T2M_MAX/T2M_MIN (MERRA-2, ~0.5 deg) at district centroid; GDD base 10C; heatwave = 3+ consecutive days >= 30.0C."
Namutumba,2015,first,1726.59,31,24,23,2,,,NASA_POWER_daily,,,district,False,False,F,"NASA POWER daily T2M_MAX/T2M_MIN (MERRA-2, ~0.5 deg) at district centroid; GDD base 10C; heatwave = 3+ consecutive days >= 30.0C."
Namutumba,2015,second,1672.265,17,0,18,2,,,NASA_POWER_daily,,,district,False,False,F,"NASA POWER daily T2M_MAX/T2M_MIN (MERRA-2, ~0.5 deg) at district centroid; GDD base 10C; heatwave = 3+ consecutive days >= 30.0C."
Namutumba,2016,first,1731.635,37,17,37,3,,,NASA_POWER_daily,,,district,False,False,F,"NASA POWER daily T2M_MAX/T2M_MIN (MERRA-2, ~0.5 deg) at district centroid; GDD base 10C; heatwave = 3+ consecutive days >= 30.0C."
Namutumba,2016,second,1698.5,36,0,16,6,,,NASA_POWER_daily,,,district,False,False,F,"NASA POWER daily T2M_MAX/T2M_MIN (MERRA-2, ~0.5 deg) at district centroid; GDD base 10C; heatwave = 3+ consecutive days >= 30.0C."
Namutumba,2017,first,1766.7950000000003,46,10,36,4,,,NASA_POWER_daily,,,district,False,False,F,"NASA POWER daily T2M_MAX/T2M_MIN (MERRA-2, ~0.5 deg) at district centroid; GDD base 10C; heatwave = 3+ consecutive days >= 30.0C."
Namutumba,2017,second,1618.4450000000002,11,0,5,1,,,NASA_POWER_daily,,,district,False,False,F,"NASA POWER daily T2M_MAX/T2M_MIN (MERRA-2, ~0.5 deg) at district centroid; GDD base 10C; heatwave = 3+ consecutive days >= 30.0C."
Namutumba,2018,first,1526.5749999999998,13,0,3,2,,,NASA_POWER_daily,,,district,False,False,F,"NASA POWER daily T2M_MAX/T2M_MIN (MERRA-2, ~0.5 deg) at district centroid; GDD base 10C; heatwave = 3+ consecutive days >= 30.0C."
Namutumba,2018,second,1604.915,16,0,8,1,,,NASA_POWER_daily,,,district,False,False,F,"NASA POWER daily T2M_MAX/T2M_MIN (MERRA-2, ~0.5 deg) at district centroid; GDD base 10C; heatwave = 3+ consecutive days >= 30.0C."
Namutumba,2019,first,1762.6699999999998,52,14,36,4,,,NASA_POWER_daily,,,district,False,False,F,"NASA POWER daily T2M_MAX/T2M_MIN (MERRA-2, ~0.5 deg) at district centroid; GDD base 10C; heatwave = 3+ consecutive days >= 30.0C."
Namutumba,2019,second,1549.76,0,0,2,0,,,NASA_POWER_daily,,,district,False,False,F,"NASA POWER daily T2M_MAX/T2M_MIN (MERRA-2, ~0.5 deg) at district centroid; GDD base 10C; heatwave = 3+ consecutive days >= 30.0C."
Namutumba,2020,first,1562.37,10,0,14,1,,,NASA_POWER_daily,,,district,False,False,F,"NASA POWER daily T2M_MAX/T2M_MIN (MERRA-2, ~0.5 deg) at district centroid; GDD base 10C; heatwave = 3+ consecutive days >= 30.0C."
Namutumba,2020,second,1527.4599999999998,0,0,1,0,,,NASA_POWER_daily,,,district,False,False,F,"NASA POWER daily T2M_MAX/T2M_MIN (MERRA-2, ~0.5 deg) at district centroid; GDD base 10C; heatwave = 3+ consecutive days >= 30.0C."
Namutumba,2021,first,1635.915,29,0,7,2,,,NASA_POWER_daily,,,district,False,False,F,"NASA POWER daily T2M_MAX/T2M_MIN (MERRA-2, ~0.5 deg) at district centroid; GDD base 10C; heatwave = 3+ consecutive days >= 30.0C."
Namutumba,2021,second,1699.995,35,0,14,6,,,NASA_POWER_daily,,,district,False,False,F,"NASA POWER daily T2M_MAX/T2M_MIN (MERRA-2, ~0.5 deg) at district centroid; GDD base 10C; heatwave = 3+ consecutive days >= 30.0C."
Namutumba,2022,first,1805.19,52,22,36,4,,,NASA_POWER_daily,,,district,False,False,F,"NASA POWER daily T2M_MAX/T2M_MIN (MERRA-2, ~0.5 deg) at district centroid; GDD base 10C; heatwave = 3+ consecutive days >= 30.0C."
Namutumba,2022,second,1626.085,6,0,5,0,,,NASA_POWER_daily,,,district,False,False,F,"NASA POWER daily T2M_MAX/T2M_MIN (MERRA-2, ~0.5 deg) at district centroid; GDD base 10C; heatwave = 3+ consecutive days >= 30.0C."
Namutumba,2023,first,1666.765,27,5,17,3,,,NASA_POWER_daily,,,district,False,False,F,"NASA POWER daily T2M_MAX/T2M_MIN (MERRA-2, ~0.5 deg) at district centroid; GDD base 10C; heatwave = 3+ consecutive days >= 30.0C."
Namutumba,2023,second,1662.97,6,0,19,0,,,NASA_POWER_daily,,,district,False,False,F,"NASA POWER daily T2M_MAX/T2M_MIN (MERRA-2, ~0.5 deg) at district centroid; GDD base 10C; heatwave = 3+ consecutive days >= 30.0C."
Napak,2015,first,1865.57,85,19,29,9,,,NASA_POWER_daily,,,district,False,False,F,"NASA POWER daily T2M_MAX/T2M_MIN (MERRA-2, ~0.5 deg) at district centroid; GDD base 10C; heatwave = 3+ consecutive days >= 30.0C."
Napak,2015,second,1917.3,100,14,28,4,,,NASA_POWER_daily,,,district,False,False,F,"NASA POWER daily T2M_MAX/T2M_MIN (MERRA-2, ~0.5 deg) at district centroid; GDD base 10C; heatwave = 3+ consecutive days >= 30.0C."
Napak,2016,first,1882.7399999999998,75,25,53,5,,,NASA_POWER_daily,,,district,False,False,F,"NASA POWER daily T2M_MAX/T2M_MIN (MERRA-2, ~0.5 deg) at district centroid; GDD base 10C; heatwave = 3+ consecutive days >= 30.0C."
Napak,2016,second,1796.4250000000002,86,0,5,10,,,NASA_POWER_daily,,,district,False,False,F,"NASA POWER daily T2M_MAX/T2M_MIN (MERRA-2, ~0.5 deg) at district centroid; GDD base 10C; heatwave = 3+ consecutive days >= 30.0C."
Napak,2017,first,2010.705,108,30,45,6,,,NASA_POWER_daily,,,district,False,False,F,"NASA POWER daily T2M_MAX/T2M_MIN (MERRA-2, ~0.5 deg) at district centroid; GDD base 10C; heatwave = 3+ consecutive days >= 30.0C."
Napak,2017,second,1757.825,77,2,7,9,,,NASA_POWER_daily,,,district,False,False,F,"NASA POWER daily T2M_MAX/T2M_MIN (MERRA-2, ~0.5 deg) at district centroid; GDD base 10C; heatwave = 3+ consecutive days >= 30.0C."
Napak,2018,first,1633.8849999999998,31,0,1,3,,,NASA_POWER_daily,,,district,False,False,F,"NASA POWER daily T2M_MAX/T2M_MIN (MERRA-2, ~0.5 deg) at district centroid; GDD base 10C; heatwave = 3+ consecutive days >= 30.0C."
Napak,2018,second,1869.3650000000002,108,2,9,7,,,NASA_POWER_daily,,,district,False,False,F,"NASA POWER daily T2M_MAX/T2M_MIN (MERRA-2, ~0.5 deg) at district centroid; GDD base 10C; heatwave = 3+ consecutive days >= 30.0C."
Napak,2019,first,1946.245,84,37,51,7,,,NASA_POWER_daily,,,district,False,False,F,"NASA POWER daily T2M_MAX/T2M_MIN (MERRA-2, ~0.5 deg) at district centroid; GDD base 10C; heatwave = 3+ consecutive days >= 30.0C."
Napak,2019,second,1727.63,63,0,5,9,,,NASA_POWER_daily,,,district,False,False,F,"NASA POWER daily T2M_MAX/T2M_MIN (MERRA-2, ~0.5 deg) at district centroid; GDD base 10C; heatwave = 3+ consecutive days >= 30.0C."
Napak,2020,first,1727.625,48,4,15,7,,,NASA_POWER_daily,,,district,False,False,F,"NASA POWER daily T2M_MAX/T2M_MIN (MERRA-2, ~0.5 deg) at district centroid; GDD base 10C; heatwave = 3+ consecutive days >= 30.0C."
Napak,2020,second,1653.47,49,0,0,5,,,NASA_POWER_daily,,,district,False,False,F,"NASA POWER daily T2M_MAX/T2M_MIN (MERRA-2, ~0.5 deg) at district centroid; GDD base 10C; heatwave = 3+ consecutive days >= 30.0C."
Napak,2021,first,1905.9650000000001,105,7,32,7,,,NASA_POWER_daily,,,district,False,False,F,"NASA POWER daily T2M_MAX/T2M_MIN (MERRA-2, ~0.5 deg) at district centroid; GDD base 10C; heatwave = 3+ consecutive days >= 30.0C."
Napak,2021,second,1923.6200000000001,106,1,23,8,,,NASA_POWER_daily,,,district,False,False,F,"NASA POWER daily T2M_MAX/T2M_MIN (MERRA-2, ~0.5 deg) at district centroid; GDD base 10C; heatwave = 3+ consecutive days >= 30.0C."
Napak,2022,first,1986.4,108,29,45,8,,,NASA_POWER_daily,,,district,False,False,F,"NASA POWER daily T2M_MAX/T2M_MIN (MERRA-2, ~0.5 deg) at district centroid; GDD base 10C; heatwave = 3+ consecutive days >= 30.0C."
Napak,2022,second,1778.16,77,1,6,6,,,NASA_POWER_daily,,,district,False,False,F,"NASA POWER daily T2M_MAX/T2M_MIN (MERRA-2, ~0.5 deg) at district centroid; GDD base 10C; heatwave = 3+ consecutive days >= 30.0C."
Napak,2023,first,1830.825,87,8,18,8,,,NASA_POWER_daily,,,district,False,False,F,"NASA POWER daily T2M_MAX/T2M_MIN (MERRA-2, ~0.5 deg) at district centroid; GDD base 10C; heatwave = 3+ consecutive days >= 30.0C."
Napak,2023,second,1943.085,114,16,24,6,,,NASA_POWER_daily,,,district,False,False,F,"NASA POWER daily T2M_MAX/T2M_MIN (MERRA-2, ~0.5 deg) at district centroid; GDD base 10C; heatwave = 3+ consecutive days >= 30.0C."
Nebbi,2015,first,1873.7350000000001,37,19,83,2,,,NASA_POWER_daily,,,district,False,False,F,"NASA POWER daily T2M_MAX/T2M_MIN (MERRA-2, ~0.5 deg) at district centroid; GDD base 10C; heatwave = 3+ consecutive days >= 30.0C."
Nebbi,2015,second,1752.42,42,0,67,6,,,NASA_POWER_daily,,,district,False,False,F,"NASA POWER daily T2M_MAX/T2M_MIN (MERRA-2, ~0.5 deg) at district centroid; GDD base 10C; heatwave = 3+ consecutive days >= 30.0C."
Nebbi,2016,first,1929.715,54,20,96,5,,,NASA_POWER_daily,,,district,False,False,F,"NASA POWER daily T2M_MAX/T2M_MIN (MERRA-2, ~0.5 deg) at district centroid; GDD base 10C; heatwave = 3+ consecutive days >= 30.0C."
Nebbi,2016,second,1725.3400000000001,30,0,44,6,,,NASA_POWER_daily,,,district,False,False,F,"NASA POWER daily T2M_MAX/T2M_MIN (MERRA-2, ~0.5 deg) at district centroid; GDD base 10C; heatwave = 3+ consecutive days >= 30.0C."
Nebbi,2017,first,1857.41,44,6,96,5,,,NASA_POWER_daily,,,district,False,False,F,"NASA POWER daily T2M_MAX/T2M_MIN (MERRA-2, ~0.5 deg) at district centroid; GDD base 10C; heatwave = 3+ consecutive days >= 30.0C."
Nebbi,2017,second,1616.0800000000002,0,0,19,0,,,NASA_POWER_daily,,,district,False,False,F,"NASA POWER daily T2M_MAX/T2M_MIN (MERRA-2, ~0.5 deg) at district centroid; GDD base 10C; heatwave = 3+ consecutive days >= 30.0C."
Nebbi,2018,first,1703.4550000000002,15,0,64,3,,,NASA_POWER_daily,,,district,False,False,F,"NASA POWER daily T2M_MAX/T2M_MIN (MERRA-2, ~0.5 deg) at district centroid; GDD base 10C; heatwave = 3+ consecutive days >= 30.0C."
Nebbi,2018,second,1745.495,33,0,62,4,,,NASA_POWER_daily,,,district,False,False,F,"NASA POWER daily T2M_MAX/T2M_MIN (MERRA-2, ~0.5 deg) at district centroid; GDD base 10C; heatwave = 3+ consecutive days >= 30.0C."
Nebbi,2019,first,2046.2999999999997,68,35,103,7,,,NASA_POWER_daily,,,district,False,False,F,"NASA POWER daily T2M_MAX/T2M_MIN (MERRA-2, ~0.5 deg) at district centroid; GDD base 10C; heatwave = 3+ consecutive days >= 30.0C."
Nebbi,2019,second,1613.825,4,0,26,1,,,NASA_POWER_daily,,,district,False,False,F,"NASA POWER daily T2M_MAX/T2M_MIN (MERRA-2, ~0.5 deg) at district centroid; GDD base 10C; heatwave = 3+ consecutive days >= 30.0C."
Nebbi,2020,first,1787.6399999999999,29,6,83,4,,,NASA_POWER_daily,,,district,False,False,F,"NASA POWER daily T2M_MAX/T2M_MIN (MERRA-2, ~0.5 deg) at district centroid; GDD base 10C; heatwave = 3+ consecutive days >= 30.0C."
Nebbi,2020,second,1628.3600000000001,0,0,21,0,,,NASA_POWER_daily,,,district,False,False,F,"NASA POWER daily T2M_MAX/T2M_MIN (MERRA-2, ~0.5 deg) at district centroid; GDD base 10C; heatwave = 3+ consecutive days >= 30.0C."
Nebbi,2021,first,1947.9100000000003,74,13,97,7,,,NASA_POWER_daily,,,district,False,False,F,"NASA POWER daily T2M_MAX/T2M_MIN (MERRA-2, ~0.5 deg) at district centroid; GDD base 10C; heatwave = 3+ consecutive days >= 30.0C."
Nebbi,2021,second,1872.3700000000001,73,0,87,11,,,NASA_POWER_daily,,,district,False,False,F,"NASA POWER daily T2M_MAX/T2M_MIN (MERRA-2, ~0.5 deg) at district centroid; GDD base 10C; heatwave = 3+ consecutive days >= 30.0C."
Nebbi,2022,first,2002.7700000000002,80,23,96,10,,,NASA_POWER_daily,,,district,False,False,F,"NASA POWER daily T2M_MAX/T2M_MIN (MERRA-2, ~0.5 deg) at district centroid; GDD base 10C; heatwave = 3+ consecutive days >= 30.0C."
Nebbi,2022,second,1665.845,6,0,47,1,,,NASA_POWER_daily,,,district,False,False,F,"NASA POWER daily T2M_MAX/T2M_MIN (MERRA-2, ~0.5 deg) at district centroid; GDD base 10C; heatwave = 3+ consecutive days >= 30.0C."
Nebbi,2023,first,1858.4399999999998,44,6,98,5,,,NASA_POWER_daily,,,district,False,False,F,"NASA POWER daily T2M_MAX/T2M_MIN (MERRA-2, ~0.5 deg) at district centroid; GDD base 10C; heatwave = 3+ consecutive days >= 30.0C."
Nebbi,2023,second,1828.9549999999997,44,1,90,5,,,NASA_POWER_daily,,,district,False,False,F,"NASA POWER daily T2M_MAX/T2M_MIN (MERRA-2, ~0.5 deg) at district centroid; GDD base 10C; heatwave = 3+ consecutive days >= 30.0C."
Ngora,2015,first,1828.855,42,25,44,3,,,NASA_POWER_daily,,,district,False,False,F,"NASA POWER daily T2M_MAX/T2M_MIN (MERRA-2, ~0.5 deg) at district centroid; GDD base 10C; heatwave = 3+ consecutive days >= 30.0C."
Ngora,2015,second,1839.6199999999997,64,0,61,9,,,NASA_POWER_daily,,,district,False,False,F,"NASA POWER daily T2M_MAX/T2M_MIN (MERRA-2, ~0.5 deg) at district centroid; GDD base 10C; heatwave = 3+ consecutive days >= 30.0C."
Ngora,2016,first,1881.375,59,23,70,4,,,NASA_POWER_daily,,,district,False,False,F,"NASA POWER daily T2M_MAX/T2M_MIN (MERRA-2, ~0.5 deg) at district centroid; GDD base 10C; heatwave = 3+ consecutive days >= 30.0C."
Ngora,2016,second,1840.145,73,0,47,10,,,NASA_POWER_daily,,,district,False,False,F,"NASA POWER daily T2M_MAX/T2M_MIN (MERRA-2, ~0.5 deg) at district centroid; GDD base 10C; heatwave = 3+ consecutive days >= 30.0C."
Ngora,2017,first,1899.19,68,18,67,8,,,NASA_POWER_daily,,,district,False,False,F,"NASA POWER daily T2M_MAX/T2M_MIN (MERRA-2, ~0.5 deg) at district centroid; GDD base 10C; heatwave = 3+ consecutive days >= 30.0C."
Ngora,2017,second,1762.5,54,0,32,6,,,NASA_POWER_daily,,,district,False,False,F,"NASA POWER daily T2M_MAX/T2M_MIN (MERRA-2, ~0.5 deg) at district centroid; GDD base 10C; heatwave = 3+ consecutive days >= 30.0C."
Ngora,2018,first,1626.955,17,0,21,2,,,NASA_POWER_daily,,,district,False,False,F,"NASA POWER daily T2M_MAX/T2M_MIN (MERRA-2, ~0.5 deg) at district centroid; GDD base 10C; heatwave = 3+ consecutive days >= 30.0C."
Ngora,2018,second,1786.1000000000001,54,0,41,7,,,NASA_POWER_daily,,,district,False,False,F,"NASA POWER daily T2M_MAX/T2M_MIN (MERRA-2, ~0.5 deg) at district centroid; GDD base 10C; heatwave = 3+ consecutive days >= 30.0C."
Ngora,2019,first,1913.2049999999997,58,34,72,4,,,NASA_POWER_daily,,,district,False,False,F,"NASA POWER daily T2M_MAX/T2M_MIN (MERRA-2, ~0.5 deg) at district centroid; GDD base 10C; heatwave = 3+ consecutive days >= 30.0C."
Ngora,2019,second,1645.74,11,0,26,2,,,NASA_POWER_daily,,,district,False,False,F,"NASA POWER daily T2M_MAX/T2M_MIN (MERRA-2, ~0.5 deg) at district centroid; GDD base 10C; heatwave = 3+ consecutive days >= 30.0C."
Ngora,2020,first,1652.11,27,0,33,5,,,NASA_POWER_daily,,,district,False,False,F,"NASA POWER daily T2M_MAX/T2M_MIN (MERRA-2, ~0.5 deg) at district centroid; GDD base 10C; heatwave = 3+ consecutive days >= 30.0C."
Ngora,2020,second,1596.1999999999998,2,0,15,0,,,NASA_POWER_daily,,,district,False,False,F,"NASA POWER daily T2M_MAX/T2M_MIN (MERRA-2, ~0.5 deg) at district centroid; GDD base 10C; heatwave = 3+ consecutive days >= 30.0C."
Ngora,2021,first,1820.07,63,10,45,6,,,NASA_POWER_daily,,,district,False,False,F,"NASA POWER daily T2M_MAX/T2M_MIN (MERRA-2, ~0.5 deg) at district centroid; GDD base 10C; heatwave = 3+ consecutive days >= 30.0C."
Ngora,2021,second,1898.345,85,5,69,6,,,NASA_POWER_daily,,,district,False,False,F,"NASA POWER daily T2M_MAX/T2M_MIN (MERRA-2, ~0.5 deg) at district centroid; GDD base 10C; heatwave = 3+ consecutive days >= 30.0C."
Ngora,2022,first,1937.5400000000002,77,30,55,7,,,NASA_POWER_daily,,,district,False,False,F,"NASA POWER daily T2M_MAX/T2M_MIN (MERRA-2, ~0.5 deg) at district centroid; GDD base 10C; heatwave = 3+ consecutive days >= 30.0C."
Ngora,2022,second,1765.5049999999999,55,0,36,5,,,NASA_POWER_daily,,,district,False,False,F,"NASA POWER daily T2M_MAX/T2M_MIN (MERRA-2, ~0.5 deg) at district centroid; GDD base 10C; heatwave = 3+ consecutive days >= 30.0C."
Ngora,2023,first,1790.92,47,6,46,3,,,NASA_POWER_daily,,,district,False,False,F,"NASA POWER daily T2M_MAX/T2M_MIN (MERRA-2, ~0.5 deg) at district centroid; GDD base 10C; heatwave = 3+ consecutive days >= 30.0C."
Ngora,2023,second,1823.5449999999998,70,0,57,8,,,NASA_POWER_daily,,,district,False,False,F,"NASA POWER daily T2M_MAX/T2M_MIN (MERRA-2, ~0.5 deg) at district centroid; GDD base 10C; heatwave = 3+ consecutive days >= 30.0C."
Ntungamo,2015,first,1250.095,3,0,0,0,,,NASA_POWER_daily,,,district,False,False,F,"NASA POWER daily T2M_MAX/T2M_MIN (MERRA-2, ~0.5 deg) at district centroid; GDD base 10C; heatwave = 3+ consecutive days >= 30.0C."
Ntungamo,2015,second,1291.1799999999998,0,0,0,0,,,NASA_POWER_daily,,,district,False,False,F,"NASA POWER daily T2M_MAX/T2M_MIN (MERRA-2, ~0.5 deg) at district centroid; GDD base 10C; heatwave = 3+ consecutive days >= 30.0C."
Ntungamo,2016,first,1316.065,6,0,0,0,,,NASA_POWER_daily,,,district,False,False,F,"NASA POWER daily T2M_MAX/T2M_MIN (MERRA-2, ~0.5 deg) at district centroid; GDD base 10C; heatwave = 3+ consecutive days >= 30.0C."
Ntungamo,2016,second,1315.5400000000002,3,0,0,0,,,NASA_POWER_daily,,,district,False,False,F,"NASA POWER daily T2M_MAX/T2M_MIN (MERRA-2, ~0.5 deg) at district centroid; GDD base 10C; heatwave = 3+ consecutive days >= 30.0C."
Ntungamo,2017,first,1242.9,1,0,0,0,,,NASA_POWER_daily,,,district,False,False,F,"NASA POWER daily T2M_MAX/T2M_MIN (MERRA-2, ~0.5 deg) at district centroid; GDD base 10C; heatwave = 3+ consecutive days >= 30.0C."
Ntungamo,2017,second,1288.085,0,0,0,0,,,NASA_POWER_daily,,,district,False,False,F,"NASA POWER daily T2M_MAX/T2M_MIN (MERRA-2, ~0.5 deg) at district centroid; GDD base 10C; heatwave = 3+ consecutive days >= 30.0C."
Ntungamo,2018,first,1148.8149999999998,0,0,0,0,,,NASA_POWER_daily,,,district,False,False,F,"NASA POWER daily T2M_MAX/T2M_MIN (MERRA-2, ~0.5 deg) at district centroid; GDD base 10C; heatwave = 3+ consecutive days >= 30.0C."
Ntungamo,2018,second,1221.5149999999999,0,0,0,0,,,NASA_POWER_daily,,,district,False,False,F,"NASA POWER daily T2M_MAX/T2M_MIN (MERRA-2, ~0.5 deg) at district centroid; GDD base 10C; heatwave = 3+ consecutive days >= 30.0C."
Ntungamo,2019,first,1270.7549999999999,1,0,0,0,,,NASA_POWER_daily,,,district,False,False,F,"NASA POWER daily T2M_MAX/T2M_MIN (MERRA-2, ~0.5 deg) at district centroid; GDD base 10C; heatwave = 3+ consecutive days >= 30.0C."
Ntungamo,2019,second,1209.0149999999999,0,0,0,0,,,NASA_POWER_daily,,,district,False,False,F,"NASA POWER daily T2M_MAX/T2M_MIN (MERRA-2, ~0.5 deg) at district centroid; GDD base 10C; heatwave = 3+ consecutive days >= 30.0C."
Ntungamo,2020,first,1202.9550000000002,0,0,0,0,,,NASA_POWER_daily,,,district,False,False,F,"NASA POWER daily T2M_MAX/T2M_MIN (MERRA-2, ~0.5 deg) at district centroid; GDD base 10C; heatwave = 3+ consecutive days >= 30.0C."
Ntungamo,2020,second,1202.845,0,0,0,0,,,NASA_POWER_daily,,,district,False,False,F,"NASA POWER daily T2M_MAX/T2M_MIN (MERRA-2, ~0.5 deg) at district centroid; GDD base 10C; heatwave = 3+ consecutive days >= 30.0C."
Ntungamo,2021,first,1164.99,0,0,0,0,,,NASA_POWER_daily,,,district,False,False,F,"NASA POWER daily T2M_MAX/T2M_MIN (MERRA-2, ~0.5 deg) at district centroid; GDD base 10C; heatwave = 3+ consecutive days >= 30.0C."
Ntungamo,2021,second,1223.995,0,0,0,0,,,NASA_POWER_daily,,,district,False,False,F,"NASA POWER daily T2M_MAX/T2M_MIN (MERRA-2, ~0.5 deg) at district centroid; GDD base 10C; heatwave = 3+ consecutive days >= 30.0C."
Ntungamo,2022,first,1196.28,0,0,0,0,,,NASA_POWER_daily,,,district,False,False,F,"NASA POWER daily T2M_MAX/T2M_MIN (MERRA-2, ~0.5 deg) at district centroid; GDD base 10C; heatwave = 3+ consecutive days >= 30.0C."
Ntungamo,2022,second,1160.8249999999998,0,0,0,0,,,NASA_POWER_daily,,,district,False,False,F,"NASA POWER daily T2M_MAX/T2M_MIN (MERRA-2, ~0.5 deg) at district centroid; GDD base 10C; heatwave = 3+ consecutive days >= 30.0C."
Ntungamo,2023,first,1231.4550000000002,0,0,0,0,,,NASA_POWER_daily,,,district,False,False,F,"NASA POWER daily T2M_MAX/T2M_MIN (MERRA-2, ~0.5 deg) at district centroid; GDD base 10C; heatwave = 3+ consecutive days >= 30.0C."
Ntungamo,2023,second,1322.8200000000002,2,0,0,0,,,NASA_POWER_daily,,,district,False,False,F,"NASA POWER daily T2M_MAX/T2M_MIN (MERRA-2, ~0.5 deg) at district centroid; GDD base 10C; heatwave = 3+ consecutive days >= 30.0C."
Nwoya,2015,first,1863.605,48,22,48,3,,,NASA_POWER_daily,,,district,False,False,F,"NASA POWER daily T2M_MAX/T2M_MIN (MERRA-2, ~0.5 deg) at district centroid; GDD base 10C; heatwave = 3+ consecutive days >= 30.0C."
Nwoya,2015,second,1779.7649999999999,47,1,45,5,,,NASA_POWER_daily,,,district,False,False,F,"NASA POWER daily T2M_MAX/T2M_MIN (MERRA-2, ~0.5 deg) at district centroid; GDD base 10C; heatwave = 3+ consecutive days >= 30.0C."
Nwoya,2016,first,1908.71,58,22,73,5,,,NASA_POWER_daily,,,district,False,False,F,"NASA POWER daily T2M_MAX/T2M_MIN (MERRA-2, ~0.5 deg) at district centroid; GDD base 10C; heatwave = 3+ consecutive days >= 30.0C."
Nwoya,2016,second,1749.4900000000002,51,0,26,6,,,NASA_POWER_daily,,,district,False,False,F,"NASA POWER daily T2M_MAX/T2M_MIN (MERRA-2, ~0.5 deg) at district centroid; GDD base 10C; heatwave = 3+ consecutive days >= 30.0C."
Nwoya,2017,first,1867.77,49,16,70,5,,,NASA_POWER_daily,,,district,False,False,F,"NASA POWER daily T2M_MAX/T2M_MIN (MERRA-2, ~0.5 deg) at district centroid; GDD base 10C; heatwave = 3+ consecutive days >= 30.0C."
Nwoya,2017,second,1598.995,10,0,7,2,,,NASA_POWER_daily,,,district,False,False,F,"NASA POWER daily T2M_MAX/T2M_MIN (MERRA-2, ~0.5 deg) at district centroid; GDD base 10C; heatwave = 3+ consecutive days >= 30.0C."
Nwoya,2018,first,1690.0149999999996,23,1,40,2,,,NASA_POWER_daily,,,district,False,False,F,"NASA POWER daily T2M_MAX/T2M_MIN (MERRA-2, ~0.5 deg) at district centroid; GDD base 10C; heatwave = 3+ consecutive days >= 30.0C."
Nwoya,2018,second,1781.5600000000002,57,0,40,7,,,NASA_POWER_daily,,,district,False,False,F,"NASA POWER daily T2M_MAX/T2M_MIN (MERRA-2, ~0.5 deg) at district centroid; GDD base 10C; heatwave = 3+ consecutive days >= 30.0C."
Nwoya,2019,first,2050.6150000000002,75,42,88,8,,,NASA_POWER_daily,,,district,False,False,F,"NASA POWER daily T2M_MAX/T2M_MIN (MERRA-2, ~0.5 deg) at district centroid; GDD base 10C; heatwave = 3+ consecutive days >= 30.0C."
Nwoya,2019,second,1617.2749999999999,2,0,10,0,,,NASA_POWER_daily,,,district,False,False,F,"NASA POWER daily T2M_MAX/T2M_MIN (MERRA-2, ~0.5 deg) at district centroid; GDD base 10C; heatwave = 3+ consecutive days >= 30.0C."
Nwoya,2020,first,1721.7050000000002,29,4,45,4,,,NASA_POWER_daily,,,district,False,False,F,"NASA POWER daily T2M_MAX/T2M_MIN (MERRA-2, ~0.5 deg) at district centroid; GDD base 10C; heatwave = 3+ consecutive days >= 30.0C."
Nwoya,2020,second,1605.38,0,0,5,0,,,NASA_POWER_daily,,,district,False,False,F,"NASA POWER daily T2M_MAX/T2M_MIN (MERRA-2, ~0.5 deg) at district centroid; GDD base 10C; heatwave = 3+ consecutive days >= 30.0C."
Nwoya,2021,first,1954.9600000000003,76,16,78,11,,,NASA_POWER_daily,,,district,False,False,F,"NASA POWER daily T2M_MAX/T2M_MIN (MERRA-2, ~0.5 deg) at district centroid; GDD base 10C; heatwave = 3+ consecutive days >= 30.0C."
Nwoya,2021,second,1894.355,86,3,64,11,,,NASA_POWER_daily,,,district,False,False,F,"NASA POWER daily T2M_MAX/T2M_MIN (MERRA-2, ~0.5 deg) at district centroid; GDD base 10C; heatwave = 3+ consecutive days >= 30.0C."
Nwoya,2022,first,2019.97,91,33,86,8,,,NASA_POWER_daily,,,district,False,False,F,"NASA POWER daily T2M_MAX/T2M_MIN (MERRA-2, ~0.5 deg) at district centroid; GDD base 10C; heatwave = 3+ consecutive days >= 30.0C."
Nwoya,2022,second,1678.7250000000001,22,0,17,3,,,NASA_POWER_daily,,,district,False,False,F,"NASA POWER daily T2M_MAX/T2M_MIN (MERRA-2, ~0.5 deg) at district centroid; GDD base 10C; heatwave = 3+ consecutive days >= 30.0C."
Nwoya,2023,first,1856.6949999999997,64,8,64,7,,,NASA_POWER_daily,,,district,False,False,F,"NASA POWER daily T2M_MAX/T2M_MIN (MERRA-2, ~0.5 deg) at district centroid; GDD base 10C; heatwave = 3+ consecutive days >= 30.0C."
Nwoya,2023,second,1837.2400000000002,57,5,68,4,,,NASA_POWER_daily,,,district,False,False,F,"NASA POWER daily T2M_MAX/T2M_MIN (MERRA-2, ~0.5 deg) at district centroid; GDD base 10C; heatwave = 3+ consecutive days >= 30.0C."
Omoro,2015,first,1792.23,36,23,29,2,,,NASA_POWER_daily,,,district,False,False,F,"NASA POWER daily T2M_MAX/T2M_MIN (MERRA-2, ~0.5 deg) at district centroid; GDD base 10C; heatwave = 3+ consecutive days >= 30.0C."
Omoro,2015,second,1753.28,43,1,25,5,,,NASA_POWER_daily,,,district,False,False,F,"NASA POWER daily T2M_MAX/T2M_MIN (MERRA-2, ~0.5 deg) at district centroid; GDD base 10C; heatwave = 3+ consecutive days >= 30.0C."
Omoro,2016,first,1889.8899999999999,58,22,66,5,,,NASA_POWER_daily,,,district,False,False,F,"NASA POWER daily T2M_MAX/T2M_MIN (MERRA-2, ~0.5 deg) at district centroid; GDD base 10C; heatwave = 3+ consecutive days >= 30.0C."
Omoro,2016,second,1723.3500000000001,53,0,9,7,,,NASA_POWER_daily,,,district,False,False,F,"NASA POWER daily T2M_MAX/T2M_MIN (MERRA-2, ~0.5 deg) at district centroid; GDD base 10C; heatwave = 3+ consecutive days >= 30.0C."
Omoro,2017,first,1842.07,51,15,46,4,,,NASA_POWER_daily,,,district,False,False,F,"NASA POWER daily T2M_MAX/T2M_MIN (MERRA-2, ~0.5 deg) at district centroid; GDD base 10C; heatwave = 3+ consecutive days >= 30.0C."
Omoro,2017,second,1596.7299999999998,26,0,3,3,,,NASA_POWER_daily,,,district,False,False,F,"NASA POWER daily T2M_MAX/T2M_MIN (MERRA-2, ~0.5 deg) at district centroid; GDD base 10C; heatwave = 3+ consecutive days >= 30.0C."
Omoro,2018,first,1654.625,23,1,19,3,,,NASA_POWER_daily,,,district,False,False,F,"NASA POWER daily T2M_MAX/T2M_MIN (MERRA-2, ~0.5 deg) at district centroid; GDD base 10C; heatwave = 3+ consecutive days >= 30.0C."
Omoro,2018,second,1808.915,71,2,35,11,,,NASA_POWER_daily,,,district,False,False,F,"NASA POWER daily T2M_MAX/T2M_MIN (MERRA-2, ~0.5 deg) at district centroid; GDD base 10C; heatwave = 3+ consecutive days >= 30.0C."
Omoro,2019,first,1950.535,68,39,74,5,,,NASA_POWER_daily,,,district,False,False,F,"NASA POWER daily T2M_MAX/T2M_MIN (MERRA-2, ~0.5 deg) at district centroid; GDD base 10C; heatwave = 3+ consecutive days >= 30.0C."
Omoro,2019,second,1579.3899999999996,3,0,2,0,,,NASA_POWER_daily,,,district,False,False,F,"NASA POWER daily T2M_MAX/T2M_MIN (MERRA-2, ~0.5 deg) at district centroid; GDD base 10C; heatwave = 3+ consecutive days >= 30.0C."
Omoro,2020,first,1648.3799999999999,26,0,21,4,,,NASA_POWER_daily,,,district,False,False,F,"NASA POWER daily T2M_MAX/T2M_MIN (MERRA-2, ~0.5 deg) at district centroid; GDD base 10C; heatwave = 3+ consecutive days >= 30.0C."
Omoro,2020,second,1544.87,1,0,0,0,,,NASA_POWER_daily,,,district,False,False,F,"NASA POWER daily T2M_MAX/T2M_MIN (MERRA-2, ~0.5 deg) at district centroid; GDD base 10C; heatwave = 3+ consecutive days >= 30.0C."
Omoro,2021,first,1813.7599999999998,56,9,35,4,,,NASA_POWER_daily,,,district,False,False,F,"NASA POWER daily T2M_MAX/T2M_MIN (MERRA-2, ~0.5 deg) at district centroid; GDD base 10C; heatwave = 3+ consecutive days >= 30.0C."
Omoro,2021,second,1834.97,75,1,38,6,,,NASA_POWER_daily,,,district,False,False,F,"NASA POWER daily T2M_MAX/T2M_MIN (MERRA-2, ~0.5 deg) at district centroid; GDD base 10C; heatwave = 3+ consecutive days >= 30.0C."
Omoro,2022,first,1922.6699999999998,81,26,64,5,,,NASA_POWER_daily,,,district,False,False,F,"NASA POWER daily T2M_MAX/T2M_MIN (MERRA-2, ~0.5 deg) at district centroid; GDD base 10C; heatwave = 3+ consecutive days >= 30.0C."
Omoro,2022,second,1642.2450000000001,33,0,3,5,,,NASA_POWER_daily,,,district,False,False,F,"NASA POWER daily T2M_MAX/T2M_MIN (MERRA-2, ~0.5 deg) at district centroid; GDD base 10C; heatwave = 3+ consecutive days >= 30.0C."
Omoro,2023,first,1789.5049999999997,47,6,35,4,,,NASA_POWER_daily,,,district,False,False,F,"NASA POWER daily T2M_MAX/T2M_MIN (MERRA-2, ~0.5 deg) at district centroid; GDD base 10C; heatwave = 3+ consecutive days >= 30.0C."
Omoro,2023,second,1788.05,55,2,36,6,,,NASA_POWER_daily,,,district,False,False,F,"NASA POWER daily T2M_MAX/T2M_MIN (MERRA-2, ~0.5 deg) at district centroid; GDD base 10C; heatwave = 3+ consecutive days >= 30.0C."
Otuke,2015,first,1831.59,41,24,33,3,,,NASA_POWER_daily,,,district,False,False,F,"NASA POWER daily T2M_MAX/T2M_MIN (MERRA-2, ~0.5 deg) at district centroid; GDD base 10C; heatwave = 3+ consecutive days >= 30.0C."
Otuke,2015,second,1852.2300000000002,77,6,31,6,,,NASA_POWER_daily,,,district,False,False,F,"NASA POWER daily T2M_MAX/T2M_MIN (MERRA-2, ~0.5 deg) at district centroid; GDD base 10C; heatwave = 3+ consecutive days >= 30.0C."
Otuke,2016,first,1961.2750000000003,68,28,73,5,,,NASA_POWER_daily,,,district,False,False,F,"NASA POWER daily T2M_MAX/T2M_MIN (MERRA-2, ~0.5 deg) at district centroid; GDD base 10C; heatwave = 3+ consecutive days >= 30.0C."
Otuke,2016,second,1809.2049999999997,79,1,19,6,,,NASA_POWER_daily,,,district,False,False,F,"NASA POWER daily T2M_MAX/T2M_MIN (MERRA-2, ~0.5 deg) at district centroid; GDD base 10C; heatwave = 3+ consecutive days >= 30.0C."
Otuke,2017,first,1929.09,77,32,58,9,,,NASA_POWER_daily,,,district,False,False,F,"NASA POWER daily T2M_MAX/T2M_MIN (MERRA-2, ~0.5 deg) at district centroid; GDD base 10C; heatwave = 3+ consecutive days >= 30.0C."
Otuke,2017,second,1705.55,53,0,5,5,,,NASA_POWER_daily,,,district,False,False,F,"NASA POWER daily T2M_MAX/T2M_MIN (MERRA-2, ~0.5 deg) at district centroid; GDD base 10C; heatwave = 3+ consecutive days >= 30.0C."
Otuke,2018,first,1692.5600000000004,29,4,18,3,,,NASA_POWER_daily,,,district,False,False,F,"NASA POWER daily T2M_MAX/T2M_MIN (MERRA-2, ~0.5 deg) at district centroid; GDD base 10C; heatwave = 3+ consecutive days >= 30.0C."
Otuke,2018,second,1886.265,88,11,39,8,,,NASA_POWER_daily,,,district,False,False,F,"NASA POWER daily T2M_MAX/T2M_MIN (MERRA-2, ~0.5 deg) at district centroid; GDD base 10C; heatwave = 3+ consecutive days >= 30.0C."
Otuke,2019,first,1978.5049999999999,76,39,67,7,,,NASA_POWER_daily,,,district,False,False,F,"NASA POWER daily T2M_MAX/T2M_MIN (MERRA-2, ~0.5 deg) at district centroid; GDD base 10C; heatwave = 3+ consecutive days >= 30.0C."
Otuke,2019,second,1645.9850000000004,29,0,3,3,,,NASA_POWER_daily,,,district,False,False,F,"NASA POWER daily T2M_MAX/T2M_MIN (MERRA-2, ~0.5 deg) at district centroid; GDD base 10C; heatwave = 3+ consecutive days >= 30.0C."
Otuke,2020,first,1708.1599999999999,32,2,26,3,,,NASA_POWER_daily,,,district,False,False,F,"NASA POWER daily T2M_MAX/T2M_MIN (MERRA-2, ~0.5 deg) at district centroid; GDD base 10C; heatwave = 3+ consecutive days >= 30.0C."
Otuke,2020,second,1601.69,20,0,1,1,,,NASA_POWER_daily,,,district,False,False,F,"NASA POWER daily T2M_MAX/T2M_MIN (MERRA-2, ~0.5 deg) at district centroid; GDD base 10C; heatwave = 3+ consecutive days >= 30.0C."
Otuke,2021,first,1846.25,71,15,36,6,,,NASA_POWER_daily,,,district,False,False,F,"NASA POWER daily T2M_MAX/T2M_MIN (MERRA-2, ~0.5 deg) at district centroid; GDD base 10C; heatwave = 3+ consecutive days >= 30.0C."
Otuke,2021,second,1908.4800000000002,96,10,47,8,,,NASA_POWER_daily,,,district,False,False,F,"NASA POWER daily T2M_MAX/T2M_MIN (MERRA-2, ~0.5 deg) at district centroid; GDD base 10C; heatwave = 3+ consecutive days >= 30.0C."
Otuke,2022,first,1979.4550000000002,91,34,61,6,,,NASA_POWER_daily,,,district,False,False,F,"NASA POWER daily T2M_MAX/T2M_MIN (MERRA-2, ~0.5 deg) at district centroid; GDD base 10C; heatwave = 3+ consecutive days >= 30.0C."
Otuke,2022,second,1734.7299999999998,63,0,8,6,,,NASA_POWER_daily,,,district,False,False,F,"NASA POWER daily T2M_MAX/T2M_MIN (MERRA-2, ~0.5 deg) at district centroid; GDD base 10C; heatwave = 3+ consecutive days >= 30.0C."
Otuke,2023,first,1848.1949999999997,67,8,41,5,,,NASA_POWER_daily,,,district,False,False,F,"NASA POWER daily T2M_MAX/T2M_MIN (MERRA-2, ~0.5 deg) at district centroid; GDD base 10C; heatwave = 3+ consecutive days >= 30.0C."
Otuke,2023,second,1888.5400000000002,87,9,42,7,,,NASA_POWER_daily,,,district,False,False,F,"NASA POWER daily T2M_MAX/T2M_MIN (MERRA-2, ~0.5 deg) at district centroid; GDD base 10C; heatwave = 3+ consecutive days >= 30.0C."
Oyam,2015,first,1792.23,36,23,29,2,,,NASA_POWER_daily,,,district,False,False,F,"NASA POWER daily T2M_MAX/T2M_MIN (MERRA-2, ~0.5 deg) at district centroid; GDD base 10C; heatwave = 3+ consecutive days >= 30.0C."
Oyam,2015,second,1753.28,43,1,25,5,,,NASA_POWER_daily,,,district,False,False,F,"NASA POWER daily T2M_MAX/T2M_MIN (MERRA-2, ~0.5 deg) at district centroid; GDD base 10C; heatwave = 3+ consecutive days >= 30.0C."
Oyam,2016,first,1889.8899999999999,58,22,66,5,,,NASA_POWER_daily,,,district,False,False,F,"NASA POWER daily T2M_MAX/T2M_MIN (MERRA-2, ~0.5 deg) at district centroid; GDD base 10C; heatwave = 3+ consecutive days >= 30.0C."
Oyam,2016,second,1723.3500000000001,53,0,9,7,,,NASA_POWER_daily,,,district,False,False,F,"NASA POWER daily T2M_MAX/T2M_MIN (MERRA-2, ~0.5 deg) at district centroid; GDD base 10C; heatwave = 3+ consecutive days >= 30.0C."
Oyam,2017,first,1842.07,51,15,46,4,,,NASA_POWER_daily,,,district,False,False,F,"NASA POWER daily T2M_MAX/T2M_MIN (MERRA-2, ~0.5 deg) at district centroid; GDD base 10C; heatwave = 3+ consecutive days >= 30.0C."
Oyam,2017,second,1596.7299999999998,26,0,3,3,,,NASA_POWER_daily,,,district,False,False,F,"NASA POWER daily T2M_MAX/T2M_MIN (MERRA-2, ~0.5 deg) at district centroid; GDD base 10C; heatwave = 3+ consecutive days >= 30.0C."
Oyam,2018,first,1654.625,23,1,19,3,,,NASA_POWER_daily,,,district,False,False,F,"NASA POWER daily T2M_MAX/T2M_MIN (MERRA-2, ~0.5 deg) at district centroid; GDD base 10C; heatwave = 3+ consecutive days >= 30.0C."
Oyam,2018,second,1808.915,71,2,35,11,,,NASA_POWER_daily,,,district,False,False,F,"NASA POWER daily T2M_MAX/T2M_MIN (MERRA-2, ~0.5 deg) at district centroid; GDD base 10C; heatwave = 3+ consecutive days >= 30.0C."
Oyam,2019,first,1950.535,68,39,74,5,,,NASA_POWER_daily,,,district,False,False,F,"NASA POWER daily T2M_MAX/T2M_MIN (MERRA-2, ~0.5 deg) at district centroid; GDD base 10C; heatwave = 3+ consecutive days >= 30.0C."
Oyam,2019,second,1579.3899999999996,3,0,2,0,,,NASA_POWER_daily,,,district,False,False,F,"NASA POWER daily T2M_MAX/T2M_MIN (MERRA-2, ~0.5 deg) at district centroid; GDD base 10C; heatwave = 3+ consecutive days >= 30.0C."
Oyam,2020,first,1648.3799999999999,26,0,21,4,,,NASA_POWER_daily,,,district,False,False,F,"NASA POWER daily T2M_MAX/T2M_MIN (MERRA-2, ~0.5 deg) at district centroid; GDD base 10C; heatwave = 3+ consecutive days >= 30.0C."
Oyam,2020,second,1544.87,1,0,0,0,,,NASA_POWER_daily,,,district,False,False,F,"NASA POWER daily T2M_MAX/T2M_MIN (MERRA-2, ~0.5 deg) at district centroid; GDD base 10C; heatwave = 3+ consecutive days >= 30.0C."
Oyam,2021,first,1813.7599999999998,56,9,35,4,,,NASA_POWER_daily,,,district,False,False,F,"NASA POWER daily T2M_MAX/T2M_MIN (MERRA-2, ~0.5 deg) at district centroid; GDD base 10C; heatwave = 3+ consecutive days >= 30.0C."
Oyam,2021,second,1834.97,75,1,38,6,,,NASA_POWER_daily,,,district,False,False,F,"NASA POWER daily T2M_MAX/T2M_MIN (MERRA-2, ~0.5 deg) at district centroid; GDD base 10C; heatwave = 3+ consecutive days >= 30.0C."
Oyam,2022,first,1922.6699999999998,81,26,64,5,,,NASA_POWER_daily,,,district,False,False,F,"NASA POWER daily T2M_MAX/T2M_MIN (MERRA-2, ~0.5 deg) at district centroid; GDD base 10C; heatwave = 3+ consecutive days >= 30.0C."
Oyam,2022,second,1642.2450000000001,33,0,3,5,,,NASA_POWER_daily,,,district,False,False,F,"NASA POWER daily T2M_MAX/T2M_MIN (MERRA-2, ~0.5 deg) at district centroid; GDD base 10C; heatwave = 3+ consecutive days >= 30.0C."
Oyam,2023,first,1789.5049999999997,47,6,35,4,,,NASA_POWER_daily,,,district,False,False,F,"NASA POWER daily T2M_MAX/T2M_MIN (MERRA-2, ~0.5 deg) at district centroid; GDD base 10C; heatwave = 3+ consecutive days >= 30.0C."
Oyam,2023,second,1788.05,55,2,36,6,,,NASA_POWER_daily,,,district,False,False,F,"NASA POWER daily T2M_MAX/T2M_MIN (MERRA-2, ~0.5 deg) at district centroid; GDD base 10C; heatwave = 3+ consecutive days >= 30.0C."
Pader,2015,first,1849.7050000000002,48,25,38,3,,,NASA_POWER_daily,,,district,False,False,F,"NASA POWER daily T2M_MAX/T2M_MIN (MERRA-2, ~0.5 deg) at district centroid; GDD base 10C; heatwave = 3+ consecutive days >= 30.0C."
Pader,2015,second,1842.21,74,9,30,6,,,NASA_POWER_daily,,,district,False,False,F,"NASA POWER daily T2M_MAX/T2M_MIN (MERRA-2, ~0.5 deg) at district centroid; GDD base 10C; heatwave = 3+ consecutive days >= 30.0C."
Pader,2016,first,1977.6299999999999,71,33,74,4,,,NASA_POWER_daily,,,district,False,False,F,"NASA POWER daily T2M_MAX/T2M_MIN (MERRA-2, ~0.5 deg) at district centroid; GDD base 10C; heatwave = 3+ consecutive days >= 30.0C."
Pader,2016,second,1795.8500000000001,77,0,16,7,,,NASA_POWER_daily,,,district,False,False,F,"NASA POWER daily T2M_MAX/T2M_MIN (MERRA-2, ~0.5 deg) at district centroid; GDD base 10C; heatwave = 3+ consecutive days >= 30.0C."
Pader,2017,first,1992.94,90,36,61,9,,,NASA_POWER_daily,,,district,False,False,F,"NASA POWER daily T2M_MAX/T2M_MIN (MERRA-2, ~0.5 deg) at district centroid; GDD base 10C; heatwave = 3+ consecutive days >= 30.0C."
Pader,2017,second,1725.995,55,1,13,8,,,NASA_POWER_daily,,,district,False,False,F,"NASA POWER daily T2M_MAX/T2M_MIN (MERRA-2, ~0.5 deg) at district centroid; GDD base 10C; heatwave = 3+ consecutive days >= 30.0C."
Pader,2018,first,1690.4350000000002,32,5,17,4,,,NASA_POWER_daily,,,district,False,False,F,"NASA POWER daily T2M_MAX/T2M_MIN (MERRA-2, ~0.5 deg) at district centroid; GDD base 10C; heatwave = 3+ consecutive days >= 30.0C."
Pader,2018,second,1896.835,92,13,36,7,,,NASA_POWER_daily,,,district,False,False,F,"NASA POWER daily T2M_MAX/T2M_MIN (MERRA-2, ~0.5 deg) at district centroid; GDD base 10C; heatwave = 3+ consecutive days >= 30.0C."
Pader,2019,first,2027.135,80,43,75,7,,,NASA_POWER_daily,,,district,False,False,F,"NASA POWER daily T2M_MAX/T2M_MIN (MERRA-2, ~0.5 deg) at district centroid; GDD base 10C; heatwave = 3+ consecutive days >= 30.0C."
Pader,2019,second,1637.0049999999997,27,0,2,3,,,NASA_POWER_daily,,,district,False,False,F,"NASA POWER daily T2M_MAX/T2M_MIN (MERRA-2, ~0.5 deg) at district centroid; GDD base 10C; heatwave = 3+ consecutive days >= 30.0C."
Pader,2020,first,1714.395,31,4,24,4,,,NASA_POWER_daily,,,district,False,False,F,"NASA POWER daily T2M_MAX/T2M_MIN (MERRA-2, ~0.5 deg) at district centroid; GDD base 10C; heatwave = 3+ consecutive days >= 30.0C."
Pader,2020,second,1570.43,4,0,0,0,,,NASA_POWER_daily,,,district,False,False,F,"NASA POWER daily T2M_MAX/T2M_MIN (MERRA-2, ~0.5 deg) at district centroid; GDD base 10C; heatwave = 3+ consecutive days >= 30.0C."
Pader,2021,first,1827.4450000000002,69,11,30,7,,,NASA_POWER_daily,,,district,False,False,F,"NASA POWER daily T2M_MAX/T2M_MIN (MERRA-2, ~0.5 deg) at district centroid; GDD base 10C; heatwave = 3+ consecutive days >= 30.0C."
Pader,2021,second,1897.31,95,6,33,9,,,NASA_POWER_daily,,,district,False,False,F,"NASA POWER daily T2M_MAX/T2M_MIN (MERRA-2, ~0.5 deg) at district centroid; GDD base 10C; heatwave = 3+ consecutive days >= 30.0C."
Pader,2022,first,2027.72,98,39,71,5,,,NASA_POWER_daily,,,district,False,False,F,"NASA POWER daily T2M_MAX/T2M_MIN (MERRA-2, ~0.5 deg) at district centroid; GDD base 10C; heatwave = 3+ consecutive days >= 30.0C."
Pader,2022,second,1703.295,55,0,7,4,,,NASA_POWER_daily,,,district,False,False,F,"NASA POWER daily T2M_MAX/T2M_MIN (MERRA-2, ~0.5 deg) at district centroid; GDD base 10C; heatwave = 3+ consecutive days >= 30.0C."
Pader,2023,first,1841.67,69,11,33,7,,,NASA_POWER_daily,,,district,False,False,F,"NASA POWER daily T2M_MAX/T2M_MIN (MERRA-2, ~0.5 deg) at district centroid; GDD base 10C; heatwave = 3+ consecutive days >= 30.0C."
Pader,2023,second,1860.0600000000004,86,4,32,10,,,NASA_POWER_daily,,,district,False,False,F,"NASA POWER daily T2M_MAX/T2M_MIN (MERRA-2, ~0.5 deg) at district centroid; GDD base 10C; heatwave = 3+ consecutive days >= 30.0C."
Pallisa,2015,first,1726.59,31,24,23,2,,,NASA_POWER_daily,,,district,False,False,F,"NASA POWER daily T2M_MAX/T2M_MIN (MERRA-2, ~0.5 deg) at district centroid; GDD base 10C; heatwave = 3+ consecutive days >= 30.0C."
Pallisa,2015,second,1672.265,17,0,18,2,,,NASA_POWER_daily,,,district,False,False,F,"NASA POWER daily T2M_MAX/T2M_MIN (MERRA-2, ~0.5 deg) at district centroid; GDD base 10C; heatwave = 3+ consecutive days >= 30.0C."
Pallisa,2016,first,1731.635,37,17,37,3,,,NASA_POWER_daily,,,district,False,False,F,"NASA POWER daily T2M_MAX/T2M_MIN (MERRA-2, ~0.5 deg) at district centroid; GDD base 10C; heatwave = 3+ consecutive days >= 30.0C."
Pallisa,2016,second,1698.5,36,0,16,6,,,NASA_POWER_daily,,,district,False,False,F,"NASA POWER daily T2M_MAX/T2M_MIN (MERRA-2, ~0.5 deg) at district centroid; GDD base 10C; heatwave = 3+ consecutive days >= 30.0C."
Pallisa,2017,first,1766.7950000000003,46,10,36,4,,,NASA_POWER_daily,,,district,False,False,F,"NASA POWER daily T2M_MAX/T2M_MIN (MERRA-2, ~0.5 deg) at district centroid; GDD base 10C; heatwave = 3+ consecutive days >= 30.0C."
Pallisa,2017,second,1618.4450000000002,11,0,5,1,,,NASA_POWER_daily,,,district,False,False,F,"NASA POWER daily T2M_MAX/T2M_MIN (MERRA-2, ~0.5 deg) at district centroid; GDD base 10C; heatwave = 3+ consecutive days >= 30.0C."
Pallisa,2018,first,1526.5749999999998,13,0,3,2,,,NASA_POWER_daily,,,district,False,False,F,"NASA POWER daily T2M_MAX/T2M_MIN (MERRA-2, ~0.5 deg) at district centroid; GDD base 10C; heatwave = 3+ consecutive days >= 30.0C."
Pallisa,2018,second,1604.915,16,0,8,1,,,NASA_POWER_daily,,,district,False,False,F,"NASA POWER daily T2M_MAX/T2M_MIN (MERRA-2, ~0.5 deg) at district centroid; GDD base 10C; heatwave = 3+ consecutive days >= 30.0C."
Pallisa,2019,first,1762.6699999999998,52,14,36,4,,,NASA_POWER_daily,,,district,False,False,F,"NASA POWER daily T2M_MAX/T2M_MIN (MERRA-2, ~0.5 deg) at district centroid; GDD base 10C; heatwave = 3+ consecutive days >= 30.0C."
Pallisa,2019,second,1549.76,0,0,2,0,,,NASA_POWER_daily,,,district,False,False,F,"NASA POWER daily T2M_MAX/T2M_MIN (MERRA-2, ~0.5 deg) at district centroid; GDD base 10C; heatwave = 3+ consecutive days >= 30.0C."
Pallisa,2020,first,1562.37,10,0,14,1,,,NASA_POWER_daily,,,district,False,False,F,"NASA POWER daily T2M_MAX/T2M_MIN (MERRA-2, ~0.5 deg) at district centroid; GDD base 10C; heatwave = 3+ consecutive days >= 30.0C."
Pallisa,2020,second,1527.4599999999998,0,0,1,0,,,NASA_POWER_daily,,,district,False,False,F,"NASA POWER daily T2M_MAX/T2M_MIN (MERRA-2, ~0.5 deg) at district centroid; GDD base 10C; heatwave = 3+ consecutive days >= 30.0C."
Pallisa,2021,first,1635.915,29,0,7,2,,,NASA_POWER_daily,,,district,False,False,F,"NASA POWER daily T2M_MAX/T2M_MIN (MERRA-2, ~0.5 deg) at district centroid; GDD base 10C; heatwave = 3+ consecutive days >= 30.0C."
Pallisa,2021,second,1699.995,35,0,14,6,,,NASA_POWER_daily,,,district,False,False,F,"NASA POWER daily T2M_MAX/T2M_MIN (MERRA-2, ~0.5 deg) at district centroid; GDD base 10C; heatwave = 3+ consecutive days >= 30.0C."
Pallisa,2022,first,1805.19,52,22,36,4,,,NASA_POWER_daily,,,district,False,False,F,"NASA POWER daily T2M_MAX/T2M_MIN (MERRA-2, ~0.5 deg) at district centroid; GDD base 10C; heatwave = 3+ consecutive days >= 30.0C."
Pallisa,2022,second,1626.085,6,0,5,0,,,NASA_POWER_daily,,,district,False,False,F,"NASA POWER daily T2M_MAX/T2M_MIN (MERRA-2, ~0.5 deg) at district centroid; GDD base 10C; heatwave = 3+ consecutive days >= 30.0C."
Pallisa,2023,first,1666.765,27,5,17,3,,,NASA_POWER_daily,,,district,False,False,F,"NASA POWER daily T2M_MAX/T2M_MIN (MERRA-2, ~0.5 deg) at district centroid; GDD base 10C; heatwave = 3+ consecutive days >= 30.0C."
Pallisa,2023,second,1662.97,6,0,19,0,,,NASA_POWER_daily,,,district,False,False,F,"NASA POWER daily T2M_MAX/T2M_MIN (MERRA-2, ~0.5 deg) at district centroid; GDD base 10C; heatwave = 3+ consecutive days >= 30.0C."
Rakai,2015,first,1389.765,7,0,1,2,,,NASA_POWER_daily,,,district,False,False,F,"NASA POWER daily T2M_MAX/T2M_MIN (MERRA-2, ~0.5 deg) at district centroid; GDD base 10C; heatwave = 3+ consecutive days >= 30.0C."
Rakai,2015,second,1428.0049999999999,2,0,0,0,,,NASA_POWER_daily,,,district,False,False,F,"NASA POWER daily T2M_MAX/T2M_MIN (MERRA-2, ~0.5 deg) at district centroid; GDD base 10C; heatwave = 3+ consecutive days >= 30.0C."
Rakai,2016,first,1439.34,10,0,1,2,,,NASA_POWER_daily,,,district,False,False,F,"NASA POWER daily T2M_MAX/T2M_MIN (MERRA-2, ~0.5 deg) at district centroid; GDD base 10C; heatwave = 3+ consecutive days >= 30.0C."
Rakai,2016,second,1475.0850000000003,8,0,0,1,,,NASA_POWER_daily,,,district,False,False,F,"NASA POWER daily T2M_MAX/T2M_MIN (MERRA-2, ~0.5 deg) at district centroid; GDD base 10C; heatwave = 3+ consecutive days >= 30.0C."
Rakai,2017,first,1364.5249999999999,1,0,0,0,,,NASA_POWER_daily,,,district,False,False,F,"NASA POWER daily T2M_MAX/T2M_MIN (MERRA-2, ~0.5 deg) at district centroid; GDD base 10C; heatwave = 3+ consecutive days >= 30.0C."
Rakai,2017,second,1419.165,0,0,0,0,,,NASA_POWER_daily,,,district,False,False,F,"NASA POWER daily T2M_MAX/T2M_MIN (MERRA-2, ~0.5 deg) at district centroid; GDD base 10C; heatwave = 3+ consecutive days >= 30.0C."
Rakai,2018,first,1289.165,0,0,0,0,,,NASA_POWER_daily,,,district,False,False,F,"NASA POWER daily T2M_MAX/T2M_MIN (MERRA-2, ~0.5 deg) at district centroid; GDD base 10C; heatwave = 3+ consecutive days >= 30.0C."
Rakai,2018,second,1408.085,0,0,0,0,,,NASA_POWER_daily,,,district,False,False,F,"NASA POWER daily T2M_MAX/T2M_MIN (MERRA-2, ~0.5 deg) at district centroid; GDD base 10C; heatwave = 3+ consecutive days >= 30.0C."
Rakai,2019,first,1421.765,7,0,1,0,,,NASA_POWER_daily,,,district,False,False,F,"NASA POWER daily T2M_MAX/T2M_MIN (MERRA-2, ~0.5 deg) at district centroid; GDD base 10C; heatwave = 3+ consecutive days >= 30.0C."
Rakai,2019,second,1341.8249999999998,0,0,0,0,,,NASA_POWER_daily,,,district,False,False,F,"NASA POWER daily T2M_MAX/T2M_MIN (MERRA-2, ~0.5 deg) at district centroid; GDD base 10C; heatwave = 3+ consecutive days >= 30.0C."
Rakai,2020,first,1282.905,0,0,0,0,,,NASA_POWER_daily,,,district,False,False,F,"NASA POWER daily T2M_MAX/T2M_MIN (MERRA-2, ~0.5 deg) at district centroid; GDD base 10C; heatwave = 3+ consecutive days >= 30.0C."
Rakai,2020,second,1304.8050000000003,0,0,0,0,,,NASA_POWER_daily,,,district,False,False,F,"NASA POWER daily T2M_MAX/T2M_MIN (MERRA-2, ~0.5 deg) at district centroid; GDD base 10C; heatwave = 3+ consecutive days >= 30.0C."
Rakai,2021,first,1261.115,0,0,0,0,,,NASA_POWER_daily,,,district,False,False,F,"NASA POWER daily T2M_MAX/T2M_MIN (MERRA-2, ~0.5 deg) at district centroid; GDD base 10C; heatwave = 3+ consecutive days >= 30.0C."
Rakai,2021,second,1357.3200000000002,0,0,0,0,,,NASA_POWER_daily,,,district,False,False,F,"NASA POWER daily T2M_MAX/T2M_MIN (MERRA-2, ~0.5 deg) at district centroid; GDD base 10C; heatwave = 3+ consecutive days >= 30.0C."
Rakai,2022,first,1292.2999999999997,0,0,0,0,,,NASA_POWER_daily,,,district,False,False,F,"NASA POWER daily T2M_MAX/T2M_MIN (MERRA-2, ~0.5 deg) at district centroid; GDD base 10C; heatwave = 3+ consecutive days >= 30.0C."
Rakai,2022,second,1312.2399999999998,0,0,0,0,,,NASA_POWER_daily,,,district,False,False,F,"NASA POWER daily T2M_MAX/T2M_MIN (MERRA-2, ~0.5 deg) at district centroid; GDD base 10C; heatwave = 3+ consecutive days >= 30.0C."
Rakai,2023,first,1315.3950000000002,0,0,0,0,,,NASA_POWER_daily,,,district,False,False,F,"NASA POWER daily T2M_MAX/T2M_MIN (MERRA-2, ~0.5 deg) at district centroid; GDD base 10C; heatwave = 3+ consecutive days >= 30.0C."
Rakai,2023,second,1410.435,0,0,0,0,,,NASA_POWER_daily,,,district,False,False,F,"NASA POWER daily T2M_MAX/T2M_MIN (MERRA-2, ~0.5 deg) at district centroid; GDD base 10C; heatwave = 3+ consecutive days >= 30.0C."
Rubanda,2015,first,1250.095,3,0,0,0,,,NASA_POWER_daily,,,district,False,False,F,"NASA POWER daily T2M_MAX/T2M_MIN (MERRA-2, ~0.5 deg) at district centroid; GDD base 10C; heatwave = 3+ consecutive days >= 30.0C."
Rubanda,2015,second,1291.1799999999998,0,0,0,0,,,NASA_POWER_daily,,,district,False,False,F,"NASA POWER daily T2M_MAX/T2M_MIN (MERRA-2, ~0.5 deg) at district centroid; GDD base 10C; heatwave = 3+ consecutive days >= 30.0C."
Rubanda,2016,first,1316.065,6,0,0,0,,,NASA_POWER_daily,,,district,False,False,F,"NASA POWER daily T2M_MAX/T2M_MIN (MERRA-2, ~0.5 deg) at district centroid; GDD base 10C; heatwave = 3+ consecutive days >= 30.0C."
Rubanda,2016,second,1315.5400000000002,3,0,0,0,,,NASA_POWER_daily,,,district,False,False,F,"NASA POWER daily T2M_MAX/T2M_MIN (MERRA-2, ~0.5 deg) at district centroid; GDD base 10C; heatwave = 3+ consecutive days >= 30.0C."
Rubanda,2017,first,1242.9,1,0,0,0,,,NASA_POWER_daily,,,district,False,False,F,"NASA POWER daily T2M_MAX/T2M_MIN (MERRA-2, ~0.5 deg) at district centroid; GDD base 10C; heatwave = 3+ consecutive days >= 30.0C."
Rubanda,2017,second,1288.085,0,0,0,0,,,NASA_POWER_daily,,,district,False,False,F,"NASA POWER daily T2M_MAX/T2M_MIN (MERRA-2, ~0.5 deg) at district centroid; GDD base 10C; heatwave = 3+ consecutive days >= 30.0C."
Rubanda,2018,first,1148.8149999999998,0,0,0,0,,,NASA_POWER_daily,,,district,False,False,F,"NASA POWER daily T2M_MAX/T2M_MIN (MERRA-2, ~0.5 deg) at district centroid; GDD base 10C; heatwave = 3+ consecutive days >= 30.0C."
Rubanda,2018,second,1221.5149999999999,0,0,0,0,,,NASA_POWER_daily,,,district,False,False,F,"NASA POWER daily T2M_MAX/T2M_MIN (MERRA-2, ~0.5 deg) at district centroid; GDD base 10C; heatwave = 3+ consecutive days >= 30.0C."
Rubanda,2019,first,1270.7549999999999,1,0,0,0,,,NASA_POWER_daily,,,district,False,False,F,"NASA POWER daily T2M_MAX/T2M_MIN (MERRA-2, ~0.5 deg) at district centroid; GDD base 10C; heatwave = 3+ consecutive days >= 30.0C."
Rubanda,2019,second,1209.0149999999999,0,0,0,0,,,NASA_POWER_daily,,,district,False,False,F,"NASA POWER daily T2M_MAX/T2M_MIN (MERRA-2, ~0.5 deg) at district centroid; GDD base 10C; heatwave = 3+ consecutive days >= 30.0C."
Rubanda,2020,first,1202.9550000000002,0,0,0,0,,,NASA_POWER_daily,,,district,False,False,F,"NASA POWER daily T2M_MAX/T2M_MIN (MERRA-2, ~0.5 deg) at district centroid; GDD base 10C; heatwave = 3+ consecutive days >= 30.0C."
Rubanda,2020,second,1202.845,0,0,0,0,,,NASA_POWER_daily,,,district,False,False,F,"NASA POWER daily T2M_MAX/T2M_MIN (MERRA-2, ~0.5 deg) at district centroid; GDD base 10C; heatwave = 3+ consecutive days >= 30.0C."
Rubanda,2021,first,1164.99,0,0,0,0,,,NASA_POWER_daily,,,district,False,False,F,"NASA POWER daily T2M_MAX/T2M_MIN (MERRA-2, ~0.5 deg) at district centroid; GDD base 10C; heatwave = 3+ consecutive days >= 30.0C."
Rubanda,2021,second,1223.995,0,0,0,0,,,NASA_POWER_daily,,,district,False,False,F,"NASA POWER daily T2M_MAX/T2M_MIN (MERRA-2, ~0.5 deg) at district centroid; GDD base 10C; heatwave = 3+ consecutive days >= 30.0C."
Rubanda,2022,first,1196.28,0,0,0,0,,,NASA_POWER_daily,,,district,False,False,F,"NASA POWER daily T2M_MAX/T2M_MIN (MERRA-2, ~0.5 deg) at district centroid; GDD base 10C; heatwave = 3+ consecutive days >= 30.0C."
Rubanda,2022,second,1160.8249999999998,0,0,0,0,,,NASA_POWER_daily,,,district,False,False,F,"NASA POWER daily T2M_MAX/T2M_MIN (MERRA-2, ~0.5 deg) at district centroid; GDD base 10C; heatwave = 3+ consecutive days >= 30.0C."
Rubanda,2023,first,1231.4550000000002,0,0,0,0,,,NASA_POWER_daily,,,district,False,False,F,"NASA POWER daily T2M_MAX/T2M_MIN (MERRA-2, ~0.5 deg) at district centroid; GDD base 10C; heatwave = 3+ consecutive days >= 30.0C."
Rubanda,2023,second,1322.8200000000002,2,0,0,0,,,NASA_POWER_daily,,,district,False,False,F,"NASA POWER daily T2M_MAX/T2M_MIN (MERRA-2, ~0.5 deg) at district centroid; GDD base 10C; heatwave = 3+ consecutive days >= 30.0C."
Rubirizi,2015,first,1562.86,16,0,1,1,,,NASA_POWER_daily,,,district,False,False,F,"NASA POWER daily T2M_MAX/T2M_MIN (MERRA-2, ~0.5 deg) at district centroid; GDD base 10C; heatwave = 3+ consecutive days >= 30.0C."
Rubirizi,2015,second,1582.93,34,0,0,4,,,NASA_POWER_daily,,,district,False,False,F,"NASA POWER daily T2M_MAX/T2M_MIN (MERRA-2, ~0.5 deg) at district centroid; GDD base 10C; heatwave = 3+ consecutive days >= 30.0C."
Rubirizi,2016,first,1615.8349999999998,24,0,9,4,,,NASA_POWER_daily,,,district,False,False,F,"NASA POWER daily T2M_MAX/T2M_MIN (MERRA-2, ~0.5 deg) at district centroid; GDD base 10C; heatwave = 3+ consecutive days >= 30.0C."
Rubirizi,2016,second,1600.245,33,0,0,4,,,NASA_POWER_daily,,,district,False,False,F,"NASA POWER daily T2M_MAX/T2M_MIN (MERRA-2, ~0.5 deg) at district centroid; GDD base 10C; heatwave = 3+ consecutive days >= 30.0C."
Rubirizi,2017,first,1529.86,18,0,1,2,,,NASA_POWER_daily,,,district,False,False,F,"NASA POWER daily T2M_MAX/T2M_MIN (MERRA-2, ~0.5 deg) at district centroid; GDD base 10C; heatwave = 3+ consecutive days >= 30.0C."
Rubirizi,2017,second,1550.0200000000002,16,0,0,1,,,NASA_POWER_daily,,,district,False,False,F,"NASA POWER daily T2M_MAX/T2M_MIN (MERRA-2, ~0.5 deg) at district centroid; GDD base 10C; heatwave = 3+ consecutive days >= 30.0C."
Rubirizi,2018,first,1402.5949999999998,0,0,0,0,,,NASA_POWER_daily,,,district,False,False,F,"NASA POWER daily T2M_MAX/T2M_MIN (MERRA-2, ~0.5 deg) at district centroid; GDD base 10C; heatwave = 3+ consecutive days >= 30.0C."
Rubirizi,2018,second,1509.2499999999995,7,0,0,1,,,NASA_POWER_daily,,,district,False,False,F,"NASA POWER daily T2M_MAX/T2M_MIN (MERRA-2, ~0.5 deg) at district centroid; GDD base 10C; heatwave = 3+ consecutive days >= 30.0C."
Rubirizi,2019,first,1571.165,22,0,0,3,,,NASA_POWER_daily,,,district,False,False,F,"NASA POWER daily T2M_MAX/T2M_MIN (MERRA-2, ~0.5 deg) at district centroid; GDD base 10C; heatwave = 3+ consecutive days >= 30.0C."
Rubirizi,2019,second,1488.1200000000001,2,0,0,0,,,NASA_POWER_daily,,,district,False,False,F,"NASA POWER daily T2M_MAX/T2M_MIN (MERRA-2, ~0.5 deg) at district centroid; GDD base 10C; heatwave = 3+ consecutive days >= 30.0C."
Rubirizi,2020,first,1441.84,0,0,0,0,,,NASA_POWER_daily,,,district,False,False,F,"NASA POWER daily T2M_MAX/T2M_MIN (MERRA-2, ~0.5 deg) at district centroid; GDD base 10C; heatwave = 3+ consecutive days >= 30.0C."
Rubirizi,2020,second,1448.42,0,0,0,0,,,NASA_POWER_daily,,,district,False,False,F,"NASA POWER daily T2M_MAX/T2M_MIN (MERRA-2, ~0.5 deg) at district centroid; GDD base 10C; heatwave = 3+ consecutive days >= 30.0C."
Rubirizi,2021,first,1424.24,0,0,0,0,,,NASA_POWER_daily,,,district,False,False,F,"NASA POWER daily T2M_MAX/T2M_MIN (MERRA-2, ~0.5 deg) at district centroid; GDD base 10C; heatwave = 3+ consecutive days >= 30.0C."
Rubirizi,2021,second,1496.215,3,0,0,1,,,NASA_POWER_daily,,,district,False,False,F,"NASA POWER daily T2M_MAX/T2M_MIN (MERRA-2, ~0.5 deg) at district centroid; GDD base 10C; heatwave = 3+ consecutive days >= 30.0C."
Rubirizi,2022,first,1483.1699999999998,8,0,0,1,,,NASA_POWER_daily,,,district,False,False,F,"NASA POWER daily T2M_MAX/T2M_MIN (MERRA-2, ~0.5 deg) at district centroid; GDD base 10C; heatwave = 3+ consecutive days >= 30.0C."
Rubirizi,2022,second,1423.01,1,0,0,0,,,NASA_POWER_daily,,,district,False,False,F,"NASA POWER daily T2M_MAX/T2M_MIN (MERRA-2, ~0.5 deg) at district centroid; GDD base 10C; heatwave = 3+ consecutive days >= 30.0C."
Rubirizi,2023,first,1476.1849999999997,2,0,0,0,,,NASA_POWER_daily,,,district,False,False,F,"NASA POWER daily T2M_MAX/T2M_MIN (MERRA-2, ~0.5 deg) at district centroid; GDD base 10C; heatwave = 3+ consecutive days >= 30.0C."
Rubirizi,2023,second,1595.72,31,0,0,3,,,NASA_POWER_daily,,,district,False,False,F,"NASA POWER daily T2M_MAX/T2M_MIN (MERRA-2, ~0.5 deg) at district centroid; GDD base 10C; heatwave = 3+ consecutive days >= 30.0C."
Rukungiri,2015,first,1562.86,16,0,1,1,,,NASA_POWER_daily,,,district,False,False,F,"NASA POWER daily T2M_MAX/T2M_MIN (MERRA-2, ~0.5 deg) at district centroid; GDD base 10C; heatwave = 3+ consecutive days >= 30.0C."
Rukungiri,2015,second,1582.93,34,0,0,4,,,NASA_POWER_daily,,,district,False,False,F,"NASA POWER daily T2M_MAX/T2M_MIN (MERRA-2, ~0.5 deg) at district centroid; GDD base 10C; heatwave = 3+ consecutive days >= 30.0C."
Rukungiri,2016,first,1615.8349999999998,24,0,9,4,,,NASA_POWER_daily,,,district,False,False,F,"NASA POWER daily T2M_MAX/T2M_MIN (MERRA-2, ~0.5 deg) at district centroid; GDD base 10C; heatwave = 3+ consecutive days >= 30.0C."
Rukungiri,2016,second,1600.245,33,0,0,4,,,NASA_POWER_daily,,,district,False,False,F,"NASA POWER daily T2M_MAX/T2M_MIN (MERRA-2, ~0.5 deg) at district centroid; GDD base 10C; heatwave = 3+ consecutive days >= 30.0C."
Rukungiri,2017,first,1529.86,18,0,1,2,,,NASA_POWER_daily,,,district,False,False,F,"NASA POWER daily T2M_MAX/T2M_MIN (MERRA-2, ~0.5 deg) at district centroid; GDD base 10C; heatwave = 3+ consecutive days >= 30.0C."
Rukungiri,2017,second,1550.0200000000002,16,0,0,1,,,NASA_POWER_daily,,,district,False,False,F,"NASA POWER daily T2M_MAX/T2M_MIN (MERRA-2, ~0.5 deg) at district centroid; GDD base 10C; heatwave = 3+ consecutive days >= 30.0C."
Rukungiri,2018,first,1402.5949999999998,0,0,0,0,,,NASA_POWER_daily,,,district,False,False,F,"NASA POWER daily T2M_MAX/T2M_MIN (MERRA-2, ~0.5 deg) at district centroid; GDD base 10C; heatwave = 3+ consecutive days >= 30.0C."
Rukungiri,2018,second,1509.2499999999995,7,0,0,1,,,NASA_POWER_daily,,,district,False,False,F,"NASA POWER daily T2M_MAX/T2M_MIN (MERRA-2, ~0.5 deg) at district centroid; GDD base 10C; heatwave = 3+ consecutive days >= 30.0C."
Rukungiri,2019,first,1571.165,22,0,0,3,,,NASA_POWER_daily,,,district,False,False,F,"NASA POWER daily T2M_MAX/T2M_MIN (MERRA-2, ~0.5 deg) at district centroid; GDD base 10C; heatwave = 3+ consecutive days >= 30.0C."
Rukungiri,2019,second,1488.1200000000001,2,0,0,0,,,NASA_POWER_daily,,,district,False,False,F,"NASA POWER daily T2M_MAX/T2M_MIN (MERRA-2, ~0.5 deg) at district centroid; GDD base 10C; heatwave = 3+ consecutive days >= 30.0C."
Rukungiri,2020,first,1441.84,0,0,0,0,,,NASA_POWER_daily,,,district,False,False,F,"NASA POWER daily T2M_MAX/T2M_MIN (MERRA-2, ~0.5 deg) at district centroid; GDD base 10C; heatwave = 3+ consecutive days >= 30.0C."
Rukungiri,2020,second,1448.42,0,0,0,0,,,NASA_POWER_daily,,,district,False,False,F,"NASA POWER daily T2M_MAX/T2M_MIN (MERRA-2, ~0.5 deg) at district centroid; GDD base 10C; heatwave = 3+ consecutive days >= 30.0C."
Rukungiri,2021,first,1424.24,0,0,0,0,,,NASA_POWER_daily,,,district,False,False,F,"NASA POWER daily T2M_MAX/T2M_MIN (MERRA-2, ~0.5 deg) at district centroid; GDD base 10C; heatwave = 3+ consecutive days >= 30.0C."
Rukungiri,2021,second,1496.215,3,0,0,1,,,NASA_POWER_daily,,,district,False,False,F,"NASA POWER daily T2M_MAX/T2M_MIN (MERRA-2, ~0.5 deg) at district centroid; GDD base 10C; heatwave = 3+ consecutive days >= 30.0C."
Rukungiri,2022,first,1483.1699999999998,8,0,0,1,,,NASA_POWER_daily,,,district,False,False,F,"NASA POWER daily T2M_MAX/T2M_MIN (MERRA-2, ~0.5 deg) at district centroid; GDD base 10C; heatwave = 3+ consecutive days >= 30.0C."
Rukungiri,2022,second,1423.01,1,0,0,0,,,NASA_POWER_daily,,,district,False,False,F,"NASA POWER daily T2M_MAX/T2M_MIN (MERRA-2, ~0.5 deg) at district centroid; GDD base 10C; heatwave = 3+ consecutive days >= 30.0C."
Rukungiri,2023,first,1476.1849999999997,2,0,0,0,,,NASA_POWER_daily,,,district,False,False,F,"NASA POWER daily T2M_MAX/T2M_MIN (MERRA-2, ~0.5 deg) at district centroid; GDD base 10C; heatwave = 3+ consecutive days >= 30.0C."
Rukungiri,2023,second,1595.72,31,0,0,3,,,NASA_POWER_daily,,,district,False,False,F,"NASA POWER daily T2M_MAX/T2M_MIN (MERRA-2, ~0.5 deg) at district centroid; GDD base 10C; heatwave = 3+ consecutive days >= 30.0C."
Serere,2015,first,1828.855,42,25,44,3,,,NASA_POWER_daily,,,district,False,False,F,"NASA POWER daily T2M_MAX/T2M_MIN (MERRA-2, ~0.5 deg) at district centroid; GDD base 10C; heatwave = 3+ consecutive days >= 30.0C."
Serere,2015,second,1839.6199999999997,64,0,61,9,,,NASA_POWER_daily,,,district,False,False,F,"NASA POWER daily T2M_MAX/T2M_MIN (MERRA-2, ~0.5 deg) at district centroid; GDD base 10C; heatwave = 3+ consecutive days >= 30.0C."
Serere,2016,first,1881.375,59,23,70,4,,,NASA_POWER_daily,,,district,False,False,F,"NASA POWER daily T2M_MAX/T2M_MIN (MERRA-2, ~0.5 deg) at district centroid; GDD base 10C; heatwave = 3+ consecutive days >= 30.0C."
Serere,2016,second,1840.145,73,0,47,10,,,NASA_POWER_daily,,,district,False,False,F,"NASA POWER daily T2M_MAX/T2M_MIN (MERRA-2, ~0.5 deg) at district centroid; GDD base 10C; heatwave = 3+ consecutive days >= 30.0C."
Serere,2017,first,1899.19,68,18,67,8,,,NASA_POWER_daily,,,district,False,False,F,"NASA POWER daily T2M_MAX/T2M_MIN (MERRA-2, ~0.5 deg) at district centroid; GDD base 10C; heatwave = 3+ consecutive days >= 30.0C."
Serere,2017,second,1762.5,54,0,32,6,,,NASA_POWER_daily,,,district,False,False,F,"NASA POWER daily T2M_MAX/T2M_MIN (MERRA-2, ~0.5 deg) at district centroid; GDD base 10C; heatwave = 3+ consecutive days >= 30.0C."
Serere,2018,first,1626.955,17,0,21,2,,,NASA_POWER_daily,,,district,False,False,F,"NASA POWER daily T2M_MAX/T2M_MIN (MERRA-2, ~0.5 deg) at district centroid; GDD base 10C; heatwave = 3+ consecutive days >= 30.0C."
Serere,2018,second,1786.1000000000001,54,0,41,7,,,NASA_POWER_daily,,,district,False,False,F,"NASA POWER daily T2M_MAX/T2M_MIN (MERRA-2, ~0.5 deg) at district centroid; GDD base 10C; heatwave = 3+ consecutive days >= 30.0C."
Serere,2019,first,1913.2049999999997,58,34,72,4,,,NASA_POWER_daily,,,district,False,False,F,"NASA POWER daily T2M_MAX/T2M_MIN (MERRA-2, ~0.5 deg) at district centroid; GDD base 10C; heatwave = 3+ consecutive days >= 30.0C."
Serere,2019,second,1645.74,11,0,26,2,,,NASA_POWER_daily,,,district,False,False,F,"NASA POWER daily T2M_MAX/T2M_MIN (MERRA-2, ~0.5 deg) at district centroid; GDD base 10C; heatwave = 3+ consecutive days >= 30.0C."
Serere,2020,first,1652.11,27,0,33,5,,,NASA_POWER_daily,,,district,False,False,F,"NASA POWER daily T2M_MAX/T2M_MIN (MERRA-2, ~0.5 deg) at district centroid; GDD base 10C; heatwave = 3+ consecutive days >= 30.0C."
Serere,2020,second,1596.1999999999998,2,0,15,0,,,NASA_POWER_daily,,,district,False,False,F,"NASA POWER daily T2M_MAX/T2M_MIN (MERRA-2, ~0.5 deg) at district centroid; GDD base 10C; heatwave = 3+ consecutive days >= 30.0C."
Serere,2021,first,1820.07,63,10,45,6,,,NASA_POWER_daily,,,district,False,False,F,"NASA POWER daily T2M_MAX/T2M_MIN (MERRA-2, ~0.5 deg) at district centroid; GDD base 10C; heatwave = 3+ consecutive days >= 30.0C."
Serere,2021,second,1898.345,85,5,69,6,,,NASA_POWER_daily,,,district,False,False,F,"NASA POWER daily T2M_MAX/T2M_MIN (MERRA-2, ~0.5 deg) at district centroid; GDD base 10C; heatwave = 3+ consecutive days >= 30.0C."
Serere,2022,first,1937.5400000000002,77,30,55,7,,,NASA_POWER_daily,,,district,False,False,F,"NASA POWER daily T2M_MAX/T2M_MIN (MERRA-2, ~0.5 deg) at district centroid; GDD base 10C; heatwave = 3+ consecutive days >= 30.0C."
Serere,2022,second,1765.5049999999999,55,0,36,5,,,NASA_POWER_daily,,,district,False,False,F,"NASA POWER daily T2M_MAX/T2M_MIN (MERRA-2, ~0.5 deg) at district centroid; GDD base 10C; heatwave = 3+ consecutive days >= 30.0C."
Serere,2023,first,1790.92,47,6,46,3,,,NASA_POWER_daily,,,district,False,False,F,"NASA POWER daily T2M_MAX/T2M_MIN (MERRA-2, ~0.5 deg) at district centroid; GDD base 10C; heatwave = 3+ consecutive days >= 30.0C."
Serere,2023,second,1823.5449999999998,70,0,57,8,,,NASA_POWER_daily,,,district,False,False,F,"NASA POWER daily T2M_MAX/T2M_MIN (MERRA-2, ~0.5 deg) at district centroid; GDD base 10C; heatwave = 3+ consecutive days >= 30.0C."
Sheema,2015,first,1562.86,16,0,1,1,,,NASA_POWER_daily,,,district,False,False,F,"NASA POWER daily T2M_MAX/T2M_MIN (MERRA-2, ~0.5 deg) at district centroid; GDD base 10C; heatwave = 3+ consecutive days >= 30.0C."
Sheema,2015,second,1582.93,34,0,0,4,,,NASA_POWER_daily,,,district,False,False,F,"NASA POWER daily T2M_MAX/T2M_MIN (MERRA-2, ~0.5 deg) at district centroid; GDD base 10C; heatwave = 3+ consecutive days >= 30.0C."
Sheema,2016,first,1615.8349999999998,24,0,9,4,,,NASA_POWER_daily,,,district,False,False,F,"NASA POWER daily T2M_MAX/T2M_MIN (MERRA-2, ~0.5 deg) at district centroid; GDD base 10C; heatwave = 3+ consecutive days >= 30.0C."
Sheema,2016,second,1600.245,33,0,0,4,,,NASA_POWER_daily,,,district,False,False,F,"NASA POWER daily T2M_MAX/T2M_MIN (MERRA-2, ~0.5 deg) at district centroid; GDD base 10C; heatwave = 3+ consecutive days >= 30.0C."
Sheema,2017,first,1529.86,18,0,1,2,,,NASA_POWER_daily,,,district,False,False,F,"NASA POWER daily T2M_MAX/T2M_MIN (MERRA-2, ~0.5 deg) at district centroid; GDD base 10C; heatwave = 3+ consecutive days >= 30.0C."
Sheema,2017,second,1550.0200000000002,16,0,0,1,,,NASA_POWER_daily,,,district,False,False,F,"NASA POWER daily T2M_MAX/T2M_MIN (MERRA-2, ~0.5 deg) at district centroid; GDD base 10C; heatwave = 3+ consecutive days >= 30.0C."
Sheema,2018,first,1402.5949999999998,0,0,0,0,,,NASA_POWER_daily,,,district,False,False,F,"NASA POWER daily T2M_MAX/T2M_MIN (MERRA-2, ~0.5 deg) at district centroid; GDD base 10C; heatwave = 3+ consecutive days >= 30.0C."
Sheema,2018,second,1509.2499999999995,7,0,0,1,,,NASA_POWER_daily,,,district,False,False,F,"NASA POWER daily T2M_MAX/T2M_MIN (MERRA-2, ~0.5 deg) at district centroid; GDD base 10C; heatwave = 3+ consecutive days >= 30.0C."
Sheema,2019,first,1571.165,22,0,0,3,,,NASA_POWER_daily,,,district,False,False,F,"NASA POWER daily T2M_MAX/T2M_MIN (MERRA-2, ~0.5 deg) at district centroid; GDD base 10C; heatwave = 3+ consecutive days >= 30.0C."
Sheema,2019,second,1488.1200000000001,2,0,0,0,,,NASA_POWER_daily,,,district,False,False,F,"NASA POWER daily T2M_MAX/T2M_MIN (MERRA-2, ~0.5 deg) at district centroid; GDD base 10C; heatwave = 3+ consecutive days >= 30.0C."
Sheema,2020,first,1441.84,0,0,0,0,,,NASA_POWER_daily,,,district,False,False,F,"NASA POWER daily T2M_MAX/T2M_MIN (MERRA-2, ~0.5 deg) at district centroid; GDD base 10C; heatwave = 3+ consecutive days >= 30.0C."
Sheema,2020,second,1448.42,0,0,0,0,,,NASA_POWER_daily,,,district,False,False,F,"NASA POWER daily T2M_MAX/T2M_MIN (MERRA-2, ~0.5 deg) at district centroid; GDD base 10C; heatwave = 3+ consecutive days >= 30.0C."
Sheema,2021,first,1424.24,0,0,0,0,,,NASA_POWER_daily,,,district,False,False,F,"NASA POWER daily T2M_MAX/T2M_MIN (MERRA-2, ~0.5 deg) at district centroid; GDD base 10C; heatwave = 3+ consecutive days >= 30.0C."
Sheema,2021,second,1496.215,3,0,0,1,,,NASA_POWER_daily,,,district,False,False,F,"NASA POWER daily T2M_MAX/T2M_MIN (MERRA-2, ~0.5 deg) at district centroid; GDD base 10C; heatwave = 3+ consecutive days >= 30.0C."
Sheema,2022,first,1483.1699999999998,8,0,0,1,,,NASA_POWER_daily,,,district,False,False,F,"NASA POWER daily T2M_MAX/T2M_MIN (MERRA-2, ~0.5 deg) at district centroid; GDD base 10C; heatwave = 3+ consecutive days >= 30.0C."
Sheema,2022,second,1423.01,1,0,0,0,,,NASA_POWER_daily,,,district,False,False,F,"NASA POWER daily T2M_MAX/T2M_MIN (MERRA-2, ~0.5 deg) at district centroid; GDD base 10C; heatwave = 3+ consecutive days >= 30.0C."
Sheema,2023,first,1476.1849999999997,2,0,0,0,,,NASA_POWER_daily,,,district,False,False,F,"NASA POWER daily T2M_MAX/T2M_MIN (MERRA-2, ~0.5 deg) at district centroid; GDD base 10C; heatwave = 3+ consecutive days >= 30.0C."
Sheema,2023,second,1595.72,31,0,0,3,,,NASA_POWER_daily,,,district,False,False,F,"NASA POWER daily T2M_MAX/T2M_MIN (MERRA-2, ~0.5 deg) at district centroid; GDD base 10C; heatwave = 3+ consecutive days >= 30.0C."
Sironko,2015,first,1087.395,10,0,0,2,,,NASA_POWER_daily,,,district,False,False,F,"NASA POWER daily T2M_MAX/T2M_MIN (MERRA-2, ~0.5 deg) at district centroid; GDD base 10C; heatwave = 3+ consecutive days >= 30.0C."
Sironko,2015,second,1026.38,0,0,0,0,,,NASA_POWER_daily,,,district,False,False,F,"NASA POWER daily T2M_MAX/T2M_MIN (MERRA-2, ~0.5 deg) at district centroid; GDD base 10C; heatwave = 3+ consecutive days >= 30.0C."
Sironko,2016,first,1099.3549999999998,0,0,0,0,,,NASA_POWER_daily,,,district,False,False,F,"NASA POWER daily T2M_MAX/T2M_MIN (MERRA-2, ~0.5 deg) at district centroid; GDD base 10C; heatwave = 3+ consecutive days >= 30.0C."
Sironko,2016,second,993.4650000000001,0,0,0,0,,,NASA_POWER_daily,,,district,False,False,F,"NASA POWER daily T2M_MAX/T2M_MIN (MERRA-2, ~0.5 deg) at district centroid; GDD base 10C; heatwave = 3+ consecutive days >= 30.0C."
Sironko,2017,first,1138.8449999999998,6,0,0,2,,,NASA_POWER_daily,,,district,False,False,F,"NASA POWER daily T2M_MAX/T2M_MIN (MERRA-2, ~0.5 deg) at district centroid; GDD base 10C; heatwave = 3+ consecutive days >= 30.0C."
Sironko,2017,second,971.0149999999999,0,0,0,0,,,NASA_POWER_daily,,,district,False,False,F,"NASA POWER daily T2M_MAX/T2M_MIN (MERRA-2, ~0.5 deg) at district centroid; GDD base 10C; heatwave = 3+ consecutive days >= 30.0C."
Sironko,2018,first,967.5200000000001,0,0,0,0,,,NASA_POWER_daily,,,district,False,False,F,"NASA POWER daily T2M_MAX/T2M_MIN (MERRA-2, ~0.5 deg) at district centroid; GDD base 10C; heatwave = 3+ consecutive days >= 30.0C."
Sironko,2018,second,963.5649999999999,0,0,0,0,,,NASA_POWER_daily,,,district,False,False,F,"NASA POWER daily T2M_MAX/T2M_MIN (MERRA-2, ~0.5 deg) at district centroid; GDD base 10C; heatwave = 3+ consecutive days >= 30.0C."
Sironko,2019,first,1151.41,6,0,0,1,,,NASA_POWER_daily,,,district,False,False,F,"NASA POWER daily T2M_MAX/T2M_MIN (MERRA-2, ~0.5 deg) at district centroid; GDD base 10C; heatwave = 3+ consecutive days >= 30.0C."
Sironko,2019,second,950.5200000000001,0,0,0,0,,,NASA_POWER_daily,,,district,False,False,F,"NASA POWER daily T2M_MAX/T2M_MIN (MERRA-2, ~0.5 deg) at district centroid; GDD base 10C; heatwave = 3+ consecutive days >= 30.0C."
Sironko,2020,first,987.8900000000001,0,0,0,0,,,NASA_POWER_daily,,,district,False,False,F,"NASA POWER daily T2M_MAX/T2M_MIN (MERRA-2, ~0.5 deg) at district centroid; GDD base 10C; heatwave = 3+ consecutive days >= 30.0C."
Sironko,2020,second,918.5899999999999,0,0,0,0,,,NASA_POWER_daily,,,district,False,False,F,"NASA POWER daily T2M_MAX/T2M_MIN (MERRA-2, ~0.5 deg) at district centroid; GDD base 10C; heatwave = 3+ consecutive days >= 30.0C."
Sironko,2021,first,1043.045,0,0,0,0,,,NASA_POWER_daily,,,district,False,False,F,"NASA POWER daily T2M_MAX/T2M_MIN (MERRA-2, ~0.5 deg) at district centroid; GDD base 10C; heatwave = 3+ consecutive days >= 30.0C."
Sironko,2021,second,1023.585,0,0,0,0,,,NASA_POWER_daily,,,district,False,False,F,"NASA POWER daily T2M_MAX/T2M_MIN (MERRA-2, ~0.5 deg) at district centroid; GDD base 10C; heatwave = 3+ consecutive days >= 30.0C."
Sironko,2022,first,1165.35,14,0,0,2,,,NASA_POWER_daily,,,district,False,False,F,"NASA POWER daily T2M_MAX/T2M_MIN (MERRA-2, ~0.5 deg) at district centroid; GDD base 10C; heatwave = 3+ consecutive days >= 30.0C."
Sironko,2022,second,962.33,0,0,0,0,,,NASA_POWER_daily,,,district,False,False,F,"NASA POWER daily T2M_MAX/T2M_MIN (MERRA-2, ~0.5 deg) at district centroid; GDD base 10C; heatwave = 3+ consecutive days >= 30.0C."
Sironko,2023,first,1080.52,4,0,0,1,,,NASA_POWER_daily,,,district,False,False,F,"NASA POWER daily T2M_MAX/T2M_MIN (MERRA-2, ~0.5 deg) at district centroid; GDD base 10C; heatwave = 3+ consecutive days >= 30.0C."
Sironko,2023,second,1039.5049999999999,0,0,0,0,,,NASA_POWER_daily,,,district,False,False,F,"NASA POWER daily T2M_MAX/T2M_MIN (MERRA-2, ~0.5 deg) at district centroid; GDD base 10C; heatwave = 3+ consecutive days >= 30.0C."
Soroti,2015,first,1877.5099999999998,61,24,50,6,,,NASA_POWER_daily,,,district,False,False,F,"NASA POWER daily T2M_MAX/T2M_MIN (MERRA-2, ~0.5 deg) at district centroid; GDD base 10C; heatwave = 3+ consecutive days >= 30.0C."
Soroti,2015,second,1940.095,90,14,56,6,,,NASA_POWER_daily,,,district,False,False,F,"NASA POWER daily T2M_MAX/T2M_MIN (MERRA-2, ~0.5 deg) at district centroid; GDD base 10C; heatwave = 3+ consecutive days >= 30.0C."
Soroti,2016,first,1964.245,71,28,80,4,,,NASA_POWER_daily,,,district,False,False,F,"NASA POWER daily T2M_MAX/T2M_MIN (MERRA-2, ~0.5 deg) at district centroid; GDD base 10C; heatwave = 3+ consecutive days >= 30.0C."
Soroti,2016,second,1909.5049999999999,94,4,43,8,,,NASA_POWER_daily,,,district,False,False,F,"NASA POWER daily T2M_MAX/T2M_MIN (MERRA-2, ~0.5 deg) at district centroid; GDD base 10C; heatwave = 3+ consecutive days >= 30.0C."
Soroti,2017,first,2005.47,86,33,79,9,,,NASA_POWER_daily,,,district,False,False,F,"NASA POWER daily T2M_MAX/T2M_MIN (MERRA-2, ~0.5 deg) at district centroid; GDD base 10C; heatwave = 3+ consecutive days >= 30.0C."
Soroti,2017,second,1826.2100000000003,77,4,32,10,,,NASA_POWER_daily,,,district,False,False,F,"NASA POWER daily T2M_MAX/T2M_MIN (MERRA-2, ~0.5 deg) at district centroid; GDD base 10C; heatwave = 3+ consecutive days >= 30.0C."
Soroti,2018,first,1691.055,28,5,26,3,,,NASA_POWER_daily,,,district,False,False,F,"NASA POWER daily T2M_MAX/T2M_MIN (MERRA-2, ~0.5 deg) at district centroid; GDD base 10C; heatwave = 3+ consecutive days >= 30.0C."
Soroti,2018,second,1940.8600000000001,98,11,52,9,,,NASA_POWER_daily,,,district,False,False,F,"NASA POWER daily T2M_MAX/T2M_MIN (MERRA-2, ~0.5 deg) at district centroid; GDD base 10C; heatwave = 3+ consecutive days >= 30.0C."
Soroti,2019,first,1982.375,77,38,69,5,,,NASA_POWER_daily,,,district,False,False,F,"NASA POWER daily T2M_MAX/T2M_MIN (MERRA-2, ~0.5 deg) at district centroid; GDD base 10C; heatwave = 3+ consecutive days >= 30.0C."
Soroti,2019,second,1736.665,41,0,23,4,,,NASA_POWER_daily,,,district,False,False,F,"NASA POWER daily T2M_MAX/T2M_MIN (MERRA-2, ~0.5 deg) at district centroid; GDD base 10C; heatwave = 3+ consecutive days >= 30.0C."
Soroti,2020,first,1754.58,40,6,40,5,,,NASA_POWER_daily,,,district,False,False,F,"NASA POWER daily T2M_MAX/T2M_MIN (MERRA-2, ~0.5 deg) at district centroid; GDD base 10C; heatwave = 3+ consecutive days >= 30.0C."
Soroti,2020,second,1675.575,33,0,9,4,,,NASA_POWER_daily,,,district,False,False,F,"NASA POWER daily T2M_MAX/T2M_MIN (MERRA-2, ~0.5 deg) at district centroid; GDD base 10C; heatwave = 3+ consecutive days >= 30.0C."
Soroti,2021,first,1944.75,93,21,66,8,,,NASA_POWER_daily,,,district,False,False,F,"NASA POWER daily T2M_MAX/T2M_MIN (MERRA-2, ~0.5 deg) at district centroid; GDD base 10C; heatwave = 3+ consecutive days >= 30.0C."
Soroti,2021,second,2000.3600000000001,97,20,77,10,,,NASA_POWER_daily,,,district,False,False,F,"NASA POWER daily T2M_MAX/T2M_MIN (MERRA-2, ~0.5 deg) at district centroid; GDD base 10C; heatwave = 3+ consecutive days >= 30.0C."
Soroti,2022,first,2023.2700000000002,96,41,70,5,,,NASA_POWER_daily,,,district,False,False,F,"NASA POWER daily T2M_MAX/T2M_MIN (MERRA-2, ~0.5 deg) at district centroid; GDD base 10C; heatwave = 3+ consecutive days >= 30.0C."
Soroti,2022,second,1844.08,73,1,31,4,,,NASA_POWER_daily,,,district,False,False,F,"NASA POWER daily T2M_MAX/T2M_MIN (MERRA-2, ~0.5 deg) at district centroid; GDD base 10C; heatwave = 3+ consecutive days >= 30.0C."
Soroti,2023,first,1885.16,74,9,61,5,,,NASA_POWER_daily,,,district,False,False,F,"NASA POWER daily T2M_MAX/T2M_MIN (MERRA-2, ~0.5 deg) at district centroid; GDD base 10C; heatwave = 3+ consecutive days >= 30.0C."
Soroti,2023,second,1974.89,101,12,66,10,,,NASA_POWER_daily,,,district,False,False,F,"NASA POWER daily T2M_MAX/T2M_MIN (MERRA-2, ~0.5 deg) at district centroid; GDD base 10C; heatwave = 3+ consecutive days >= 30.0C."
Ssembabule,2015,first,1410.3349999999998,13,0,2,2,,,NASA_POWER_daily,,,district,False,False,F,"NASA POWER daily T2M_MAX/T2M_MIN (MERRA-2, ~0.5 deg) at district centroid; GDD base 10C; heatwave = 3+ consecutive days >= 30.0C."
Ssembabule,2015,second,1422.0600000000002,5,0,0,0,,,NASA_POWER_daily,,,district,False,False,F,"NASA POWER daily T2M_MAX/T2M_MIN (MERRA-2, ~0.5 deg) at district centroid; GDD base 10C; heatwave = 3+ consecutive days >= 30.0C."
Ssembabule,2016,first,1437.895,7,0,2,1,,,NASA_POWER_daily,,,district,False,False,F,"NASA POWER daily T2M_MAX/T2M_MIN (MERRA-2, ~0.5 deg) at district centroid; GDD base 10C; heatwave = 3+ consecutive days >= 30.0C."
Ssembabule,2016,second,1443.975,5,0,0,0,,,NASA_POWER_daily,,,district,False,False,F,"NASA POWER daily T2M_MAX/T2M_MIN (MERRA-2, ~0.5 deg) at district centroid; GDD base 10C; heatwave = 3+ consecutive days >= 30.0C."
Ssembabule,2017,first,1383.415,5,0,0,1,,,NASA_POWER_daily,,,district,False,False,F,"NASA POWER daily T2M_MAX/T2M_MIN (MERRA-2, ~0.5 deg) at district centroid; GDD base 10C; heatwave = 3+ consecutive days >= 30.0C."
Ssembabule,2017,second,1398.03,0,0,0,0,,,NASA_POWER_daily,,,district,False,False,F,"NASA POWER daily T2M_MAX/T2M_MIN (MERRA-2, ~0.5 deg) at district centroid; GDD base 10C; heatwave = 3+ consecutive days >= 30.0C."
Ssembabule,2018,first,1303.87,0,0,0,0,,,NASA_POWER_daily,,,district,False,False,F,"NASA POWER daily T2M_MAX/T2M_MIN (MERRA-2, ~0.5 deg) at district centroid; GDD base 10C; heatwave = 3+ consecutive days >= 30.0C."
Ssembabule,2018,second,1395.7350000000001,1,0,0,0,,,NASA_POWER_daily,,,district,False,False,F,"NASA POWER daily T2M_MAX/T2M_MIN (MERRA-2, ~0.5 deg) at district centroid; GDD base 10C; heatwave = 3+ consecutive days >= 30.0C."
Ssembabule,2019,first,1470.325,19,0,0,4,,,NASA_POWER_daily,,,district,False,False,F,"NASA POWER daily T2M_MAX/T2M_MIN (MERRA-2, ~0.5 deg) at district centroid; GDD base 10C; heatwave = 3+ consecutive days >= 30.0C."
Ssembabule,2019,second,1353.935,0,0,0,0,,,NASA_POWER_daily,,,district,False,False,F,"NASA POWER daily T2M_MAX/T2M_MIN (MERRA-2, ~0.5 deg) at district centroid; GDD base 10C; heatwave = 3+ consecutive days >= 30.0C."
Ssembabule,2020,first,1310.74,0,0,0,0,,,NASA_POWER_daily,,,district,False,False,F,"NASA POWER daily T2M_MAX/T2M_MIN (MERRA-2, ~0.5 deg) at district centroid; GDD base 10C; heatwave = 3+ consecutive days >= 30.0C."
Ssembabule,2020,second,1320.7450000000003,0,0,0,0,,,NASA_POWER_daily,,,district,False,False,F,"NASA POWER daily T2M_MAX/T2M_MIN (MERRA-2, ~0.5 deg) at district centroid; GDD base 10C; heatwave = 3+ consecutive days >= 30.0C."
Ssembabule,2021,first,1303.8500000000001,0,0,0,0,,,NASA_POWER_daily,,,district,False,False,F,"NASA POWER daily T2M_MAX/T2M_MIN (MERRA-2, ~0.5 deg) at district centroid; GDD base 10C; heatwave = 3+ consecutive days >= 30.0C."
Ssembabule,2021,second,1401.3000000000002,2,0,0,0,,,NASA_POWER_daily,,,district,False,False,F,"NASA POWER daily T2M_MAX/T2M_MIN (MERRA-2, ~0.5 deg) at district centroid; GDD base 10C; heatwave = 3+ consecutive days >= 30.0C."
Ssembabule,2022,first,1373.315,6,0,0,1,,,NASA_POWER_daily,,,district,False,False,F,"NASA POWER daily T2M_MAX/T2M_MIN (MERRA-2, ~0.5 deg) at district centroid; GDD base 10C; heatwave = 3+ consecutive days >= 30.0C."
Ssembabule,2022,second,1335.685,0,0,0,0,,,NASA_POWER_daily,,,district,False,False,F,"NASA POWER daily T2M_MAX/T2M_MIN (MERRA-2, ~0.5 deg) at district centroid; GDD base 10C; heatwave = 3+ consecutive days >= 30.0C."
Ssembabule,2023,first,1354.4299999999998,2,0,0,0,,,NASA_POWER_daily,,,district,False,False,F,"NASA POWER daily T2M_MAX/T2M_MIN (MERRA-2, ~0.5 deg) at district centroid; GDD base 10C; heatwave = 3+ consecutive days >= 30.0C."
Ssembabule,2023,second,1438.785,5,0,0,0,,,NASA_POWER_daily,,,district,False,False,F,"NASA POWER daily T2M_MAX/T2M_MIN (MERRA-2, ~0.5 deg) at district centroid; GDD base 10C; heatwave = 3+ consecutive days >= 30.0C."
Tororo,2015,first,1566.205,29,20,6,1,,,NASA_POWER_daily,,,district,False,False,F,"NASA POWER daily T2M_MAX/T2M_MIN (MERRA-2, ~0.5 deg) at district centroid; GDD base 10C; heatwave = 3+ consecutive days >= 30.0C."
Tororo,2015,second,1497.2250000000001,0,0,0,0,,,NASA_POWER_daily,,,district,False,False,F,"NASA POWER daily T2M_MAX/T2M_MIN (MERRA-2, ~0.5 deg) at district centroid; GDD base 10C; heatwave = 3+ consecutive days >= 30.0C."
Tororo,2016,first,1551.2600000000002,31,0,8,2,,,NASA_POWER_daily,,,district,False,False,F,"NASA POWER daily T2M_MAX/T2M_MIN (MERRA-2, ~0.5 deg) at district centroid; GDD base 10C; heatwave = 3+ consecutive days >= 30.0C."
Tororo,2016,second,1491.3249999999998,0,0,0,0,,,NASA_POWER_daily,,,district,False,False,F,"NASA POWER daily T2M_MAX/T2M_MIN (MERRA-2, ~0.5 deg) at district centroid; GDD base 10C; heatwave = 3+ consecutive days >= 30.0C."
Tororo,2017,first,1634.0249999999999,41,5,1,5,,,NASA_POWER_daily,,,district,False,False,F,"NASA POWER daily T2M_MAX/T2M_MIN (MERRA-2, ~0.5 deg) at district centroid; GDD base 10C; heatwave = 3+ consecutive days >= 30.0C."
Tororo,2017,second,1450.56,0,0,0,0,,,NASA_POWER_daily,,,district,False,False,F,"NASA POWER daily T2M_MAX/T2M_MIN (MERRA-2, ~0.5 deg) at district centroid; GDD base 10C; heatwave = 3+ consecutive days >= 30.0C."
Tororo,2018,first,1378.7849999999999,2,0,0,0,,,NASA_POWER_daily,,,district,False,False,F,"NASA POWER daily T2M_MAX/T2M_MIN (MERRA-2, ~0.5 deg) at district centroid; GDD base 10C; heatwave = 3+ consecutive days >= 30.0C."
Tororo,2018,second,1439.4399999999998,0,0,0,0,,,NASA_POWER_daily,,,district,False,False,F,"NASA POWER daily T2M_MAX/T2M_MIN (MERRA-2, ~0.5 deg) at district centroid; GDD base 10C; heatwave = 3+ consecutive days >= 30.0C."
Tororo,2019,first,1615.8249999999998,46,1,6,3,,,NASA_POWER_daily,,,district,False,False,F,"NASA POWER daily T2M_MAX/T2M_MIN (MERRA-2, ~0.5 deg) at district centroid; GDD base 10C; heatwave = 3+ consecutive days >= 30.0C."
Tororo,2019,second,1425.31,0,0,0,0,,,NASA_POWER_daily,,,district,False,False,F,"NASA POWER daily T2M_MAX/T2M_MIN (MERRA-2, ~0.5 deg) at district centroid; GDD base 10C; heatwave = 3+ consecutive days >= 30.0C."
Tororo,2020,first,1434.7900000000002,0,0,0,0,,,NASA_POWER_daily,,,district,False,False,F,"NASA POWER daily T2M_MAX/T2M_MIN (MERRA-2, ~0.5 deg) at district centroid; GDD base 10C; heatwave = 3+ consecutive days >= 30.0C."
Tororo,2020,second,1396.3999999999999,0,0,0,0,,,NASA_POWER_daily,,,district,False,False,F,"NASA POWER daily T2M_MAX/T2M_MIN (MERRA-2, ~0.5 deg) at district centroid; GDD base 10C; heatwave = 3+ consecutive days >= 30.0C."
Tororo,2021,first,1512.335,22,0,0,3,,,NASA_POWER_daily,,,district,False,False,F,"NASA POWER daily T2M_MAX/T2M_MIN (MERRA-2, ~0.5 deg) at district centroid; GDD base 10C; heatwave = 3+ consecutive days >= 30.0C."
Tororo,2021,second,1494.9399999999998,0,0,0,0,,,NASA_POWER_daily,,,district,False,False,F,"NASA POWER daily T2M_MAX/T2M_MIN (MERRA-2, ~0.5 deg) at district centroid; GDD base 10C; heatwave = 3+ consecutive days >= 30.0C."
Tororo,2022,first,1635.165,47,12,6,3,,,NASA_POWER_daily,,,district,False,False,F,"NASA POWER daily T2M_MAX/T2M_MIN (MERRA-2, ~0.5 deg) at district centroid; GDD base 10C; heatwave = 3+ consecutive days >= 30.0C."
Tororo,2022,second,1442.475,0,0,0,0,,,NASA_POWER_daily,,,district,False,False,F,"NASA POWER daily T2M_MAX/T2M_MIN (MERRA-2, ~0.5 deg) at district centroid; GDD base 10C; heatwave = 3+ consecutive days >= 30.0C."
Tororo,2023,first,1529.49,13,4,4,1,,,NASA_POWER_daily,,,district,False,False,F,"NASA POWER daily T2M_MAX/T2M_MIN (MERRA-2, ~0.5 deg) at district centroid; GDD base 10C; heatwave = 3+ consecutive days >= 30.0C."
Tororo,2023,second,1512.3049999999998,0,0,0,0,,,NASA_POWER_daily,,,district,False,False,F,"NASA POWER daily T2M_MAX/T2M_MIN (MERRA-2, ~0.5 deg) at district centroid; GDD base 10C; heatwave = 3+ consecutive days >= 30.0C."
Wakiso,2015,first,1555.465,21,3,11,1,,,NASA_POWER_daily,,,district,False,False,F,"NASA POWER daily T2M_MAX/T2M_MIN (MERRA-2, ~0.5 deg) at district centroid; GDD base 10C; heatwave = 3+ consecutive days >= 30.0C."
Wakiso,2015,second,1565.3400000000004,10,0,8,1,,,NASA_POWER_daily,,,district,False,False,F,"NASA POWER daily T2M_MAX/T2M_MIN (MERRA-2, ~0.5 deg) at district centroid; GDD base 10C; heatwave = 3+ consecutive days >= 30.0C."
Wakiso,2016,first,1542.2499999999998,9,0,20,2,,,NASA_POWER_daily,,,district,False,False,F,"NASA POWER daily T2M_MAX/T2M_MIN (MERRA-2, ~0.5 deg) at district centroid; GDD base 10C; heatwave = 3+ consecutive days >= 30.0C."
Wakiso,2016,second,1520.6599999999999,0,0,0,0,,,NASA_POWER_daily,,,district,False,False,F,"NASA POWER daily T2M_MAX/T2M_MIN (MERRA-2, ~0.5 deg) at district centroid; GDD base 10C; heatwave = 3+ consecutive days >= 30.0C."
Wakiso,2017,first,1551.935,8,0,10,2,,,NASA_POWER_daily,,,district,False,False,F,"NASA POWER daily T2M_MAX/T2M_MIN (MERRA-2, ~0.5 deg) at district centroid; GDD base 10C; heatwave = 3+ consecutive days >= 30.0C."
Wakiso,2017,second,1530.835,6,0,0,1,,,NASA_POWER_daily,,,district,False,False,F,"NASA POWER daily T2M_MAX/T2M_MIN (MERRA-2, ~0.5 deg) at district centroid; GDD base 10C; heatwave = 3+ consecutive days >= 30.0C."
Wakiso,2018,first,1422.6049999999998,0,0,0,0,,,NASA_POWER_daily,,,district,False,False,F,"NASA POWER daily T2M_MAX/T2M_MIN (MERRA-2, ~0.5 deg) at district centroid; GDD base 10C; heatwave = 3+ consecutive days >= 30.0C."
Wakiso,2018,second,1512.0900000000001,1,0,1,0,,,NASA_POWER_daily,,,district,False,False,F,"NASA POWER daily T2M_MAX/T2M_MIN (MERRA-2, ~0.5 deg) at district centroid; GDD base 10C; heatwave = 3+ consecutive days >= 30.0C."
Wakiso,2019,first,1617.97,23,0,33,1,,,NASA_POWER_daily,,,district,False,False,F,"NASA POWER daily T2M_MAX/T2M_MIN (MERRA-2, ~0.5 deg) at district centroid; GDD base 10C; heatwave = 3+ consecutive days >= 30.0C."
Wakiso,2019,second,1471.86,0,0,0,0,,,NASA_POWER_daily,,,district,False,False,F,"NASA POWER daily T2M_MAX/T2M_MIN (MERRA-2, ~0.5 deg) at district centroid; GDD base 10C; heatwave = 3+ consecutive days >= 30.0C."
Wakiso,2020,first,1463.84,0,0,14,0,,,NASA_POWER_daily,,,district,False,False,F,"NASA POWER daily T2M_MAX/T2M_MIN (MERRA-2, ~0.5 deg) at district centroid; GDD base 10C; heatwave = 3+ consecutive days >= 30.0C."
Wakiso,2020,second,1454.7599999999998,0,0,0,0,,,NASA_POWER_daily,,,district,False,False,F,"NASA POWER daily T2M_MAX/T2M_MIN (MERRA-2, ~0.5 deg) at district centroid; GDD base 10C; heatwave = 3+ consecutive days >= 30.0C."
Wakiso,2021,first,1499.815,4,0,5,1,,,NASA_POWER_daily,,,district,False,False,F,"NASA POWER daily T2M_MAX/T2M_MIN (MERRA-2, ~0.5 deg) at district centroid; GDD base 10C; heatwave = 3+ consecutive days >= 30.0C."
Wakiso,2021,second,1603.03,14,0,2,2,,,NASA_POWER_daily,,,district,False,False,F,"NASA POWER daily T2M_MAX/T2M_MIN (MERRA-2, ~0.5 deg) at district centroid; GDD base 10C; heatwave = 3+ consecutive days >= 30.0C."
Wakiso,2022,first,1584.255,17,0,19,3,,,NASA_POWER_daily,,,district,False,False,F,"NASA POWER daily T2M_MAX/T2M_MIN (MERRA-2, ~0.5 deg) at district centroid; GDD base 10C; heatwave = 3+ consecutive days >= 30.0C."
Wakiso,2022,second,1509.885,0,0,0,0,,,NASA_POWER_daily,,,district,False,False,F,"NASA POWER daily T2M_MAX/T2M_MIN (MERRA-2, ~0.5 deg) at district centroid; GDD base 10C; heatwave = 3+ consecutive days >= 30.0C."
Wakiso,2023,first,1526.3999999999999,5,0,7,1,,,NASA_POWER_daily,,,district,False,False,F,"NASA POWER daily T2M_MAX/T2M_MIN (MERRA-2, ~0.5 deg) at district centroid; GDD base 10C; heatwave = 3+ consecutive days >= 30.0C."
Wakiso,2023,second,1579.6499999999996,8,0,20,1,,,NASA_POWER_daily,,,district,False,False,F,"NASA POWER daily T2M_MAX/T2M_MIN (MERRA-2, ~0.5 deg) at district centroid; GDD base 10C; heatwave = 3+ consecutive days >= 30.0C."
Yumbe,2015,first,1846.4499999999996,45,20,60,2,,,NASA_POWER_daily,,,district,False,False,F,"NASA POWER daily T2M_MAX/T2M_MIN (MERRA-2, ~0.5 deg) at district centroid; GDD base 10C; heatwave = 3+ consecutive days >= 30.0C."
Yumbe,2015,second,1693.0849999999998,26,0,33,3,,,NASA_POWER_daily,,,district,False,False,F,"NASA POWER daily T2M_MAX/T2M_MIN (MERRA-2, ~0.5 deg) at district centroid; GDD base 10C; heatwave = 3+ consecutive days >= 30.0C."
Yumbe,2016,first,1963.1000000000001,63,24,83,5,,,NASA_POWER_daily,,,district,False,False,F,"NASA POWER daily T2M_MAX/T2M_MIN (MERRA-2, ~0.5 deg) at district centroid; GDD base 10C; heatwave = 3+ consecutive days >= 30.0C."
Yumbe,2016,second,1667.2849999999999,17,0,18,2,,,NASA_POWER_daily,,,district,False,False,F,"NASA POWER daily T2M_MAX/T2M_MIN (MERRA-2, ~0.5 deg) at district centroid; GDD base 10C; heatwave = 3+ consecutive days >= 30.0C."
Yumbe,2017,first,1866.815,47,18,79,5,,,NASA_POWER_daily,,,district,False,False,F,"NASA POWER daily T2M_MAX/T2M_MIN (MERRA-2, ~0.5 deg) at district centroid; GDD base 10C; heatwave = 3+ consecutive days >= 30.0C."
Yumbe,2017,second,1573.94,0,0,12,0,,,NASA_POWER_daily,,,district,False,False,F,"NASA POWER daily T2M_MAX/T2M_MIN (MERRA-2, ~0.5 deg) at district centroid; GDD base 10C; heatwave = 3+ consecutive days >= 30.0C."
Yumbe,2018,first,1712.6150000000002,31,3,52,5,,,NASA_POWER_daily,,,district,False,False,F,"NASA POWER daily T2M_MAX/T2M_MIN (MERRA-2, ~0.5 deg) at district centroid; GDD base 10C; heatwave = 3+ consecutive days >= 30.0C."
Yumbe,2018,second,1709.035,30,0,31,5,,,NASA_POWER_daily,,,district,False,False,F,"NASA POWER daily T2M_MAX/T2M_MIN (MERRA-2, ~0.5 deg) at district centroid; GDD base 10C; heatwave = 3+ consecutive days >= 30.0C."
Yumbe,2019,first,2085.7450000000003,77,43,91,7,,,NASA_POWER_daily,,,district,False,False,F,"NASA POWER daily T2M_MAX/T2M_MIN (MERRA-2, ~0.5 deg) at district centroid; GDD base 10C; heatwave = 3+ consecutive days >= 30.0C."
Yumbe,2019,second,1590.295,0,0,19,0,,,NASA_POWER_daily,,,district,False,False,F,"NASA POWER daily T2M_MAX/T2M_MIN (MERRA-2, ~0.5 deg) at district centroid; GDD base 10C; heatwave = 3+ consecutive days >= 30.0C."
Yumbe,2020,first,1810.86,47,7,71,4,,,NASA_POWER_daily,,,district,False,False,F,"NASA POWER daily T2M_MAX/T2M_MIN (MERRA-2, ~0.5 deg) at district centroid; GDD base 10C; heatwave = 3+ consecutive days >= 30.0C."
Yumbe,2020,second,1574.0049999999999,0,0,3,0,,,NASA_POWER_daily,,,district,False,False,F,"NASA POWER daily T2M_MAX/T2M_MIN (MERRA-2, ~0.5 deg) at district centroid; GDD base 10C; heatwave = 3+ consecutive days >= 30.0C."
Yumbe,2021,first,1946.2150000000001,81,17,81,8,,,NASA_POWER_daily,,,district,False,False,F,"NASA POWER daily T2M_MAX/T2M_MIN (MERRA-2, ~0.5 deg) at district centroid; GDD base 10C; heatwave = 3+ consecutive days >= 30.0C."
Yumbe,2021,second,1796.0349999999999,62,0,51,9,,,NASA_POWER_daily,,,district,False,False,F,"NASA POWER daily T2M_MAX/T2M_MIN (MERRA-2, ~0.5 deg) at district centroid; GDD base 10C; heatwave = 3+ consecutive days >= 30.0C."
Yumbe,2022,first,2039.0300000000002,82,32,90,8,,,NASA_POWER_daily,,,district,False,False,F,"NASA POWER daily T2M_MAX/T2M_MIN (MERRA-2, ~0.5 deg) at district centroid; GDD base 10C; heatwave = 3+ consecutive days >= 30.0C."
Yumbe,2022,second,1603.63,4,0,13,1,,,NASA_POWER_daily,,,district,False,False,F,"NASA POWER daily T2M_MAX/T2M_MIN (MERRA-2, ~0.5 deg) at district centroid; GDD base 10C; heatwave = 3+ consecutive days >= 30.0C."
Yumbe,2023,first,1944.57,80,12,88,9,,,NASA_POWER_daily,,,district,False,False,F,"NASA POWER daily T2M_MAX/T2M_MIN (MERRA-2, ~0.5 deg) at district centroid; GDD base 10C; heatwave = 3+ consecutive days >= 30.0C."
Yumbe,2023,second,1790.2050000000002,29,2,70,3,,,NASA_POWER_daily,,,district,False,False,F,"NASA POWER daily T2M_MAX/T2M_MIN (MERRA-2, ~0.5 deg) at district centroid; GDD base 10C; heatwave = 3+ consecutive days >= 30.0C."
Zombo,2015,first,1363.3700000000001,10,0,0,2,,,NASA_POWER_daily,,,district,False,False,F,"NASA POWER daily T2M_MAX/T2M_MIN (MERRA-2, ~0.5 deg) at district centroid; GDD base 10C; heatwave = 3+ consecutive days >= 30.0C."
Zombo,2015,second,1290.93,0,0,0,0,,,NASA_POWER_daily,,,district,False,False,F,"NASA POWER daily T2M_MAX/T2M_MIN (MERRA-2, ~0.5 deg) at district centroid; GDD base 10C; heatwave = 3+ consecutive days >= 30.0C."
Zombo,2016,first,1420.06,11,0,1,2,,,NASA_POWER_daily,,,district,False,False,F,"NASA POWER daily T2M_MAX/T2M_MIN (MERRA-2, ~0.5 deg) at district centroid; GDD base 10C; heatwave = 3+ consecutive days >= 30.0C."
Zombo,2016,second,1254.13,0,0,0,0,,,NASA_POWER_daily,,,district,False,False,F,"NASA POWER daily T2M_MAX/T2M_MIN (MERRA-2, ~0.5 deg) at district centroid; GDD base 10C; heatwave = 3+ consecutive days >= 30.0C."
Zombo,2017,first,1368.7600000000002,2,0,1,0,,,NASA_POWER_daily,,,district,False,False,F,"NASA POWER daily T2M_MAX/T2M_MIN (MERRA-2, ~0.5 deg) at district centroid; GDD base 10C; heatwave = 3+ consecutive days >= 30.0C."
Zombo,2017,second,1238.73,0,0,0,0,,,NASA_POWER_daily,,,district,False,False,F,"NASA POWER daily T2M_MAX/T2M_MIN (MERRA-2, ~0.5 deg) at district centroid; GDD base 10C; heatwave = 3+ consecutive days >= 30.0C."
Zombo,2018,first,1270.7800000000002,0,0,0,0,,,NASA_POWER_daily,,,district,False,False,F,"NASA POWER daily T2M_MAX/T2M_MIN (MERRA-2, ~0.5 deg) at district centroid; GDD base 10C; heatwave = 3+ consecutive days >= 30.0C."
Zombo,2018,second,1247.58,0,0,0,0,,,NASA_POWER_daily,,,district,False,False,F,"NASA POWER daily T2M_MAX/T2M_MIN (MERRA-2, ~0.5 deg) at district centroid; GDD base 10C; heatwave = 3+ consecutive days >= 30.0C."
Zombo,2019,first,1488.29,23,0,4,3,,,NASA_POWER_daily,,,district,False,False,F,"NASA POWER daily T2M_MAX/T2M_MIN (MERRA-2, ~0.5 deg) at district centroid; GDD base 10C; heatwave = 3+ consecutive days >= 30.0C."
Zombo,2019,second,1232.9850000000001,0,0,0,0,,,NASA_POWER_daily,,,district,False,False,F,"NASA POWER daily T2M_MAX/T2M_MIN (MERRA-2, ~0.5 deg) at district centroid; GDD base 10C; heatwave = 3+ consecutive days >= 30.0C."
Zombo,2020,first,1362.23,2,0,0,0,,,NASA_POWER_daily,,,district,False,False,F,"NASA POWER daily T2M_MAX/T2M_MIN (MERRA-2, ~0.5 deg) at district centroid; GDD base 10C; heatwave = 3+ consecutive days >= 30.0C."
Zombo,2020,second,1244.6250000000002,0,0,0,0,,,NASA_POWER_daily,,,district,False,False,F,"NASA POWER daily T2M_MAX/T2M_MIN (MERRA-2, ~0.5 deg) at district centroid; GDD base 10C; heatwave = 3+ consecutive days >= 30.0C."
Zombo,2021,first,1391.41,4,0,0,1,,,NASA_POWER_daily,,,district,False,False,F,"NASA POWER daily T2M_MAX/T2M_MIN (MERRA-2, ~0.5 deg) at district centroid; GDD base 10C; heatwave = 3+ consecutive days >= 30.0C."
Zombo,2021,second,1322.64,0,0,0,0,,,NASA_POWER_daily,,,district,False,False,F,"NASA POWER daily T2M_MAX/T2M_MIN (MERRA-2, ~0.5 deg) at district centroid; GDD base 10C; heatwave = 3+ consecutive days >= 30.0C."
Zombo,2022,first,1440.5149999999999,17,0,1,2,,,NASA_POWER_daily,,,district,False,False,F,"NASA POWER daily T2M_MAX/T2M_MIN (MERRA-2, ~0.5 deg) at district centroid; GDD base 10C; heatwave = 3+ consecutive days >= 30.0C."
Zombo,2022,second,1227.4650000000001,0,0,0,0,,,NASA_POWER_daily,,,district,False,False,F,"NASA POWER daily T2M_MAX/T2M_MIN (MERRA-2, ~0.5 deg) at district centroid; GDD base 10C; heatwave = 3+ consecutive days >= 30.0C."
Zombo,2023,first,1380.82,4,0,0,1,,,NASA_POWER_daily,,,district,False,False,F,"NASA POWER daily T2M_MAX/T2M_MIN (MERRA-2, ~0.5 deg) at district centroid; GDD base 10C; heatwave = 3+ consecutive days >= 30.0C."
Zombo,2023,second,1352.735,0,0,0,0,,,NASA_POWER_daily,,,district,False,False,F,"NASA POWER daily T2M_MAX/T2M_MIN (MERRA-2, ~0.5 deg) at district centroid; GDD base 10C; heatwave = 3+ consecutive days >= 30.0C."
