X,Y,profile_id,layer_id,profile_code,layer_name,upper_depth,lower_depth,organic_surface,value,method_options,value_avg,dataset_id,country_name,positional_uncertainty,region,continent,date,licence
0.033333,12.0889,576262,86073,BF VALSOL_ES-2,,0,22,0,{12.6},"{""sample pretreatment = [ sieved over 2 mm sieve ] size = [ 0.002 - 0.05 mm ]""}",12.6,AF-AfSP,Burkina Faso,100 m - 1 km,Western Africa,Africa,1969-??-??,"Attribution-NonCommercial 3.0 International (CC BY-NC 3.0), https://creativecommons.org/licenses/by-nc/3.0/"
0.033333,12.0889,576262,86074,BF VALSOL_ES-2,,22,41,0,{15.2},"{""sample pretreatment = [ sieved over 2 mm sieve ] size = [ 0.002 - 0.05 mm ]""}",15.2,AF-AfSP,Burkina Faso,100 m - 1 km,Western Africa,Africa,1969-??-??,"Attribution-NonCommercial 3.0 International (CC BY-NC 3.0), https://creativecommons.org/licenses/by-nc/3.0/"
0.033333,12.0889,576262,86075,BF VALSOL_ES-2,,41,150,0,{18.3},"{""sample pretreatment = [ sieved over 2 mm sieve ] size = [ 0.002 - 0.05 mm ]""}",18.3,AF-AfSP,Burkina Faso,100 m - 1 km,Western Africa,Africa,1969-??-??,"Attribution-NonCommercial 3.0 International (CC BY-NC 3.0), https://creativecommons.org/licenses/by-nc/3.0/"
0.033333,12.0889,576262,86076,BF VALSOL_ES-2,,150,170,0,{12.8},"{""sample pretreatment = [ sieved over 2 mm sieve ] size = [ 0.002 - 0.05 mm ]""}",12.8,AF-AfSP,Burkina Faso,100 m - 1 km,Western Africa,Africa,1969-??-??,"Attribution-NonCommercial 3.0 International (CC BY-NC 3.0), https://creativecommons.org/licenses/by-nc/3.0/"
0.033333,12.0958,576263,86077,BF VALSOL_ES-3,,0,12,0,{14.9},"{""sample pretreatment = [ sieved over 2 mm sieve ] size = [ 0.002 - 0.05 mm ]""}",14.9,AF-AfSP,Burkina Faso,100 m - 1 km,Western Africa,Africa,1969-??-??,"Attribution-NonCommercial 3.0 International (CC BY-NC 3.0), https://creativecommons.org/licenses/by-nc/3.0/"
0.033333,12.0958,576263,86078,BF VALSOL_ES-3,,12,28,0,{15.0},"{""sample pretreatment = [ sieved over 2 mm sieve ] size = [ 0.002 - 0.05 mm ]""}",15,AF-AfSP,Burkina Faso,100 m - 1 km,Western Africa,Africa,1969-??-??,"Attribution-NonCommercial 3.0 International (CC BY-NC 3.0), https://creativecommons.org/licenses/by-nc/3.0/"
0.033333,12.0958,576263,86079,BF VALSOL_ES-3,,23,75,0,{12.3},"{""sample pretreatment = [ sieved over 2 mm sieve ] size = [ 0.002 - 0.05 mm ]""}",12.3,AF-AfSP,Burkina Faso,100 m - 1 km,Western Africa,Africa,1969-??-??,"Attribution-NonCommercial 3.0 International (CC BY-NC 3.0), https://creativecommons.org/licenses/by-nc/3.0/"
0.033333,12.0958,576263,86080,BF VALSOL_ES-3,,75,100,0,{14.1},"{""sample pretreatment = [ sieved over 2 mm sieve ] size = [ 0.002 - 0.05 mm ]""}",14.1,AF-AfSP,Burkina Faso,100 m - 1 km,Western Africa,Africa,1969-??-??,"Attribution-NonCommercial 3.0 International (CC BY-NC 3.0), https://creativecommons.org/licenses/by-nc/3.0/"
0.033333,12.0958,576263,86081,BF VALSOL_ES-3,,100,165,0,{14.4},"{""sample pretreatment = [ sieved over 2 mm sieve ] size = [ 0.002 - 0.05 mm ]""}",14.4,AF-AfSP,Burkina Faso,100 m - 1 km,Western Africa,Africa,1969-??-??,"Attribution-NonCommercial 3.0 International (CC BY-NC 3.0), https://creativecommons.org/licenses/by-nc/3.0/"
0.066667,11.4917,576264,86082,BF VALSOL_ES-73,,0,12,0,{12.0},"{""sample pretreatment = [ sieved over 2 mm sieve ] size = [ 0.002 - 0.05 mm ]""}",12,AF-AfSP,Burkina Faso,100 m - 1 km,Western Africa,Africa,1969-??-??,"Attribution-NonCommercial 3.0 International (CC BY-NC 3.0), https://creativecommons.org/licenses/by-nc/3.0/"
0.066667,11.4917,576264,86083,BF VALSOL_ES-73,,12,30,0,{18.8},"{""sample pretreatment = [ sieved over 2 mm sieve ] size = [ 0.002 - 0.05 mm ]""}",18.8,AF-AfSP,Burkina Faso,100 m - 1 km,Western Africa,Africa,1969-??-??,"Attribution-NonCommercial 3.0 International (CC BY-NC 3.0), https://creativecommons.org/licenses/by-nc/3.0/"
0.066667,14.7333,576265,86085,BF VALSOL_ES-122,,0,13,0,{2.9},"{""sample pretreatment = [ sieved over 2 mm sieve ] size = [ 0.002 - 0.05 mm ]""}",2.9,AF-AfSP,Burkina Faso,100 m - 1 km,Western Africa,Africa,1969-??-??,"Attribution-NonCommercial 3.0 International (CC BY-NC 3.0), https://creativecommons.org/licenses/by-nc/3.0/"
0.066667,14.7333,576265,86086,BF VALSOL_ES-122,,13,22,0,{3.7},"{""sample pretreatment = [ sieved over 2 mm sieve ] size = [ 0.002 - 0.05 mm ]""}",3.7,AF-AfSP,Burkina Faso,100 m - 1 km,Western Africa,Africa,1969-??-??,"Attribution-NonCommercial 3.0 International (CC BY-NC 3.0), https://creativecommons.org/licenses/by-nc/3.0/"
0.066667,14.7333,576265,86087,BF VALSOL_ES-122,,22,51,0,{1.6},"{""sample pretreatment = [ sieved over 2 mm sieve ] size = [ 0.002 - 0.05 mm ]""}",1.6,AF-AfSP,Burkina Faso,100 m - 1 km,Western Africa,Africa,1969-??-??,"Attribution-NonCommercial 3.0 International (CC BY-NC 3.0), https://creativecommons.org/licenses/by-nc/3.0/"
0.066667,14.7333,576265,86089,BF VALSOL_ES-122,,147,200,0,{1.7},"{""sample pretreatment = [ sieved over 2 mm sieve ] size = [ 0.002 - 0.05 mm ]""}",1.7,AF-AfSP,Burkina Faso,100 m - 1 km,Western Africa,Africa,1969-??-??,"Attribution-NonCommercial 3.0 International (CC BY-NC 3.0), https://creativecommons.org/licenses/by-nc/3.0/"
0.083333,11.4556,576266,86090,BF VALSOL_ES-74,,0,17,0,{14.2},"{""sample pretreatment = [ sieved over 2 mm sieve ] size = [ 0.002 - 0.05 mm ]""}",14.2,AF-AfSP,Burkina Faso,100 m - 1 km,Western Africa,Africa,1969-??-??,"Attribution-NonCommercial 3.0 International (CC BY-NC 3.0), https://creativecommons.org/licenses/by-nc/3.0/"
0.083333,11.4556,576266,86091,BF VALSOL_ES-74,,17,37,0,{13.1},"{""sample pretreatment = [ sieved over 2 mm sieve ] size = [ 0.002 - 0.05 mm ]""}",13.1,AF-AfSP,Burkina Faso,100 m - 1 km,Western Africa,Africa,1969-??-??,"Attribution-NonCommercial 3.0 International (CC BY-NC 3.0), https://creativecommons.org/licenses/by-nc/3.0/"
0.083333,11.4556,576266,86092,BF VALSOL_ES-74,,37,62,0,{9.1},"{""sample pretreatment = [ sieved over 2 mm sieve ] size = [ 0.002 - 0.05 mm ]""}",9.1,AF-AfSP,Burkina Faso,100 m - 1 km,Western Africa,Africa,1969-??-??,"Attribution-NonCommercial 3.0 International (CC BY-NC 3.0), https://creativecommons.org/licenses/by-nc/3.0/"
0.083333,11.4556,576266,86094,BF VALSOL_ES-74,,135,170,0,{18.7},"{""sample pretreatment = [ sieved over 2 mm sieve ] size = [ 0.002 - 0.05 mm ]""}",18.7,AF-AfSP,Burkina Faso,100 m - 1 km,Western Africa,Africa,1969-??-??,"Attribution-NonCommercial 3.0 International (CC BY-NC 3.0), https://creativecommons.org/licenses/by-nc/3.0/"
0.088889,12.1083,576267,86095,BF VALSOL_ES-4,,0,13,0,{35.7},"{""sample pretreatment = [ sieved over 2 mm sieve ] size = [ 0.002 - 0.05 mm ]""}",35.7,AF-AfSP,Burkina Faso,100 m - 1 km,Western Africa,Africa,1969-??-??,"Attribution-NonCommercial 3.0 International (CC BY-NC 3.0), https://creativecommons.org/licenses/by-nc/3.0/"
0.088889,12.1083,576267,86096,BF VALSOL_ES-4,,13,30,0,{32.2},"{""sample pretreatment = [ sieved over 2 mm sieve ] size = [ 0.002 - 0.05 mm ]""}",32.2,AF-AfSP,Burkina Faso,100 m - 1 km,Western Africa,Africa,1969-??-??,"Attribution-NonCommercial 3.0 International (CC BY-NC 3.0), https://creativecommons.org/licenses/by-nc/3.0/"
0.088889,12.1083,576267,86097,BF VALSOL_ES-4,,30,50,0,{15.4},"{""sample pretreatment = [ sieved over 2 mm sieve ] size = [ 0.002 - 0.05 mm ]""}",15.4,AF-AfSP,Burkina Faso,100 m - 1 km,Western Africa,Africa,1969-??-??,"Attribution-NonCommercial 3.0 International (CC BY-NC 3.0), https://creativecommons.org/licenses/by-nc/3.0/"
0.1,11.3583,576268,86098,BF VALSOL_ES-75,,0,14,0,{16.1},"{""sample pretreatment = [ sieved over 2 mm sieve ] size = [ 0.002 - 0.05 mm ]""}",16.1,AF-AfSP,Burkina Faso,100 m - 1 km,Western Africa,Africa,1969-??-??,"Attribution-NonCommercial 3.0 International (CC BY-NC 3.0), https://creativecommons.org/licenses/by-nc/3.0/"
0.1,11.3583,576268,86099,BF VALSOL_ES-75,,14,31,0,{14.4},"{""sample pretreatment = [ sieved over 2 mm sieve ] size = [ 0.002 - 0.05 mm ]""}",14.4,AF-AfSP,Burkina Faso,100 m - 1 km,Western Africa,Africa,1969-??-??,"Attribution-NonCommercial 3.0 International (CC BY-NC 3.0), https://creativecommons.org/licenses/by-nc/3.0/"
0.1,11.3583,576268,86100,BF VALSOL_ES-75,,31,100,0,{20.4},"{""sample pretreatment = [ sieved over 2 mm sieve ] size = [ 0.002 - 0.05 mm ]""}",20.4,AF-AfSP,Burkina Faso,100 m - 1 km,Western Africa,Africa,1969-??-??,"Attribution-NonCommercial 3.0 International (CC BY-NC 3.0), https://creativecommons.org/licenses/by-nc/3.0/"
0.1,11.3583,576268,86101,BF VALSOL_ES-75,,100,170,0,{20.6},"{""sample pretreatment = [ sieved over 2 mm sieve ] size = [ 0.002 - 0.05 mm ]""}",20.6,AF-AfSP,Burkina Faso,100 m - 1 km,Western Africa,Africa,1969-??-??,"Attribution-NonCommercial 3.0 International (CC BY-NC 3.0), https://creativecommons.org/licenses/by-nc/3.0/"
0.108333,11.5722,576269,86102,BF VALSOL_ES-72,,0,16,0,{15.7},"{""sample pretreatment = [ sieved over 2 mm sieve ] size = [ 0.002 - 0.05 mm ]""}",15.7,AF-AfSP,Burkina Faso,100 m - 1 km,Western Africa,Africa,1969-??-??,"Attribution-NonCommercial 3.0 International (CC BY-NC 3.0), https://creativecommons.org/licenses/by-nc/3.0/"
0.108333,11.5722,576269,86103,BF VALSOL_ES-72,,16,30,0,{16.0},"{""sample pretreatment = [ sieved over 2 mm sieve ] size = [ 0.002 - 0.05 mm ]""}",16,AF-AfSP,Burkina Faso,100 m - 1 km,Western Africa,Africa,1969-??-??,"Attribution-NonCommercial 3.0 International (CC BY-NC 3.0), https://creativecommons.org/licenses/by-nc/3.0/"
0.108333,11.5722,576269,86104,BF VALSOL_ES-72,,30,95,0,{18.8},"{""sample pretreatment = [ sieved over 2 mm sieve ] size = [ 0.002 - 0.05 mm ]""}",18.8,AF-AfSP,Burkina Faso,100 m - 1 km,Western Africa,Africa,1969-??-??,"Attribution-NonCommercial 3.0 International (CC BY-NC 3.0), https://creativecommons.org/licenses/by-nc/3.0/"
0.108333,11.5722,576269,86105,BF VALSOL_ES-72,,95,170,0,{18.5},"{""sample pretreatment = [ sieved over 2 mm sieve ] size = [ 0.002 - 0.05 mm ]""}",18.5,AF-AfSP,Burkina Faso,100 m - 1 km,Western Africa,Africa,1969-??-??,"Attribution-NonCommercial 3.0 International (CC BY-NC 3.0), https://creativecommons.org/licenses/by-nc/3.0/"
0.111111,11.3083,576270,86106,BF VALSOL_ES-76,A1,0,22,0,{18.0},"{""sample pretreatment = [ sieved over 2 mm sieve ] size = [ 0.002 - 0.05 mm ]""}",18,AF-AfSP,Burkina Faso,100 m - 1 km,Western Africa,Africa,1969-??-??,"Attribution-NonCommercial 3.0 International (CC BY-NC 3.0), https://creativecommons.org/licenses/by-nc/3.0/"
0.111111,11.3083,576270,86107,BF VALSOL_ES-76,A2,22,45,0,{18.6},"{""sample pretreatment = [ sieved over 2 mm sieve ] size = [ 0.002 - 0.05 mm ]""}",18.6,AF-AfSP,Burkina Faso,100 m - 1 km,Western Africa,Africa,1969-??-??,"Attribution-NonCommercial 3.0 International (CC BY-NC 3.0), https://creativecommons.org/licenses/by-nc/3.0/"
0.111111,11.3083,576270,86108,BF VALSOL_ES-76,B11,45,95,0,{20.4},"{""sample pretreatment = [ sieved over 2 mm sieve ] size = [ 0.002 - 0.05 mm ]""}",20.4,AF-AfSP,Burkina Faso,100 m - 1 km,Western Africa,Africa,1969-??-??,"Attribution-NonCommercial 3.0 International (CC BY-NC 3.0), https://creativecommons.org/licenses/by-nc/3.0/"
0.111111,11.3083,576270,86109,BF VALSOL_ES-76,B12,95,137,0,{24.2},"{""sample pretreatment = [ sieved over 2 mm sieve ] size = [ 0.002 - 0.05 mm ]""}",24.2,AF-AfSP,Burkina Faso,100 m - 1 km,Western Africa,Africa,1969-??-??,"Attribution-NonCommercial 3.0 International (CC BY-NC 3.0), https://creativecommons.org/licenses/by-nc/3.0/"
0.1125,12.4875,576271,86110,BF VALSOL_ES-128,,0,15,0,{9.7},"{""sample pretreatment = [ sieved over 2 mm sieve ] size = [ 0.002 - 0.05 mm ]""}",9.7,AF-AfSP,Burkina Faso,100 m - 1 km,Western Africa,Africa,1969-??-??,"Attribution-NonCommercial 3.0 International (CC BY-NC 3.0), https://creativecommons.org/licenses/by-nc/3.0/"
0.1125,12.4875,576271,86111,BF VALSOL_ES-128,,15,30,0,{9.7},"{""sample pretreatment = [ sieved over 2 mm sieve ] size = [ 0.002 - 0.05 mm ]""}",9.7,AF-AfSP,Burkina Faso,100 m - 1 km,Western Africa,Africa,1969-??-??,"Attribution-NonCommercial 3.0 International (CC BY-NC 3.0), https://creativecommons.org/licenses/by-nc/3.0/"
0.1125,12.4875,576271,86112,BF VALSOL_ES-128,,30,90,0,{11.1},"{""sample pretreatment = [ sieved over 2 mm sieve ] size = [ 0.002 - 0.05 mm ]""}",11.1,AF-AfSP,Burkina Faso,100 m - 1 km,Western Africa,Africa,1969-??-??,"Attribution-NonCommercial 3.0 International (CC BY-NC 3.0), https://creativecommons.org/licenses/by-nc/3.0/"
0.1125,12.4875,576271,86113,BF VALSOL_ES-128,,90,180,0,{12.7},"{""sample pretreatment = [ sieved over 2 mm sieve ] size = [ 0.002 - 0.05 mm ]""}",12.7,AF-AfSP,Burkina Faso,100 m - 1 km,Western Africa,Africa,1969-??-??,"Attribution-NonCommercial 3.0 International (CC BY-NC 3.0), https://creativecommons.org/licenses/by-nc/3.0/"
0.116667,14.0333,576272,86114,BF VALSOL_ES-120,,0,19,0,{2.0},"{""sample pretreatment = [ sieved over 2 mm sieve ] size = [ 0.002 - 0.05 mm ]""}",2,AF-AfSP,Burkina Faso,100 m - 1 km,Western Africa,Africa,1969-??-??,"Attribution-NonCommercial 3.0 International (CC BY-NC 3.0), https://creativecommons.org/licenses/by-nc/3.0/"
0.116667,14.0333,576272,86115,BF VALSOL_ES-120,,19,60,0,{3.6},"{""sample pretreatment = [ sieved over 2 mm sieve ] size = [ 0.002 - 0.05 mm ]""}",3.6,AF-AfSP,Burkina Faso,100 m - 1 km,Western Africa,Africa,1969-??-??,"Attribution-NonCommercial 3.0 International (CC BY-NC 3.0), https://creativecommons.org/licenses/by-nc/3.0/"
0.116667,14.0333,576272,86116,BF VALSOL_ES-120,,60,110,0,{9.2},"{""sample pretreatment = [ sieved over 2 mm sieve ] size = [ 0.002 - 0.05 mm ]""}",9.2,AF-AfSP,Burkina Faso,100 m - 1 km,Western Africa,Africa,1969-??-??,"Attribution-NonCommercial 3.0 International (CC BY-NC 3.0), https://creativecommons.org/licenses/by-nc/3.0/"
0.116667,14.0333,576272,86117,BF VALSOL_ES-120,,110,200,0,{2.0},"{""sample pretreatment = [ sieved over 2 mm sieve ] size = [ 0.002 - 0.05 mm ]""}",2,AF-AfSP,Burkina Faso,100 m - 1 km,Western Africa,Africa,1969-??-??,"Attribution-NonCommercial 3.0 International (CC BY-NC 3.0), https://creativecommons.org/licenses/by-nc/3.0/"
0.116667,14.5,576273,86118,BF VALSOL_ES-123,,0,10,0,{5.3},"{""sample pretreatment = [ sieved over 2 mm sieve ] size = [ 0.002 - 0.05 mm ]""}",5.3,AF-AfSP,Burkina Faso,100 m - 1 km,Western Africa,Africa,1969-??-??,"Attribution-NonCommercial 3.0 International (CC BY-NC 3.0), https://creativecommons.org/licenses/by-nc/3.0/"
0.116667,14.5,576273,86119,BF VALSOL_ES-123,,10,90,0,{4.4},"{""sample pretreatment = [ sieved over 2 mm sieve ] size = [ 0.002 - 0.05 mm ]""}",4.4,AF-AfSP,Burkina Faso,100 m - 1 km,Western Africa,Africa,1969-??-??,"Attribution-NonCommercial 3.0 International (CC BY-NC 3.0), https://creativecommons.org/licenses/by-nc/3.0/"
0.116667,14.5,576273,86120,BF VALSOL_ES-123,,90,200,0,{3.1},"{""sample pretreatment = [ sieved over 2 mm sieve ] size = [ 0.002 - 0.05 mm ]""}",3.1,AF-AfSP,Burkina Faso,100 m - 1 km,Western Africa,Africa,1969-??-??,"Attribution-NonCommercial 3.0 International (CC BY-NC 3.0), https://creativecommons.org/licenses/by-nc/3.0/"
0.122222,11.2694,576274,86122,BF VALSOL_ES-77,,0,13,0,{25.8},"{""sample pretreatment = [ sieved over 2 mm sieve ] size = [ 0.002 - 0.05 mm ]""}",25.8,AF-AfSP,Burkina Faso,100 m - 1 km,Western Africa,Africa,1969-??-??,"Attribution-NonCommercial 3.0 International (CC BY-NC 3.0), https://creativecommons.org/licenses/by-nc/3.0/"
0.122222,11.2694,576274,86123,BF VALSOL_ES-77,,13,34,0,{21.0},"{""sample pretreatment = [ sieved over 2 mm sieve ] size = [ 0.002 - 0.05 mm ]""}",21,AF-AfSP,Burkina Faso,100 m - 1 km,Western Africa,Africa,1969-??-??,"Attribution-NonCommercial 3.0 International (CC BY-NC 3.0), https://creativecommons.org/licenses/by-nc/3.0/"
0.122222,11.6333,576275,86124,BF VALSOL_ES-71,,0,19,0,{12.7},"{""sample pretreatment = [ sieved over 2 mm sieve ] size = [ 0.002 - 0.05 mm ]""}",12.7,AF-AfSP,Burkina Faso,100 m - 1 km,Western Africa,Africa,1969-??-??,"Attribution-NonCommercial 3.0 International (CC BY-NC 3.0), https://creativecommons.org/licenses/by-nc/3.0/"
0.122222,11.6333,576275,86125,BF VALSOL_ES-71,,19,40,0,{12.0},"{""sample pretreatment = [ sieved over 2 mm sieve ] size = [ 0.002 - 0.05 mm ]""}",12,AF-AfSP,Burkina Faso,100 m - 1 km,Western Africa,Africa,1969-??-??,"Attribution-NonCommercial 3.0 International (CC BY-NC 3.0), https://creativecommons.org/licenses/by-nc/3.0/"
0.127778,11.6444,576276,86126,BF VALSOL_ES-70,,0,13,0,{17.5},"{""sample pretreatment = [ sieved over 2 mm sieve ] size = [ 0.002 - 0.05 mm ]""}",17.5,AF-AfSP,Burkina Faso,100 m - 1 km,Western Africa,Africa,1969-??-??,"Attribution-NonCommercial 3.0 International (CC BY-NC 3.0), https://creativecommons.org/licenses/by-nc/3.0/"
0.127778,11.6444,576276,86127,BF VALSOL_ES-70,,13,32,0,{8.7},"{""sample pretreatment = [ sieved over 2 mm sieve ] size = [ 0.002 - 0.05 mm ]""}",8.7,AF-AfSP,Burkina Faso,100 m - 1 km,Western Africa,Africa,1969-??-??,"Attribution-NonCommercial 3.0 International (CC BY-NC 3.0), https://creativecommons.org/licenses/by-nc/3.0/"
0.127778,11.6444,576276,86128,BF VALSOL_ES-70,,32,60,0,{8.4},"{""sample pretreatment = [ sieved over 2 mm sieve ] size = [ 0.002 - 0.05 mm ]""}",8.4,AF-AfSP,Burkina Faso,100 m - 1 km,Western Africa,Africa,1969-??-??,"Attribution-NonCommercial 3.0 International (CC BY-NC 3.0), https://creativecommons.org/licenses/by-nc/3.0/"
0.138889,11.6917,576277,86129,BF VALSOL_ES-69,,0,15,0,{23.1},"{""sample pretreatment = [ sieved over 2 mm sieve ] size = [ 0.002 - 0.05 mm ]""}",23.1,AF-AfSP,Burkina Faso,100 m - 1 km,Western Africa,Africa,1969-??-??,"Attribution-NonCommercial 3.0 International (CC BY-NC 3.0), https://creativecommons.org/licenses/by-nc/3.0/"
0.138889,11.6917,576277,86130,BF VALSOL_ES-69,,15,55,0,{19.2},"{""sample pretreatment = [ sieved over 2 mm sieve ] size = [ 0.002 - 0.05 mm ]""}",19.2,AF-AfSP,Burkina Faso,100 m - 1 km,Western Africa,Africa,1969-??-??,"Attribution-NonCommercial 3.0 International (CC BY-NC 3.0), https://creativecommons.org/licenses/by-nc/3.0/"
0.144444,12.1083,576278,86131,BF VALSOL_ES-5,,0,19,0,{23.4},"{""sample pretreatment = [ sieved over 2 mm sieve ] size = [ 0.002 - 0.05 mm ]""}",23.4,AF-AfSP,Burkina Faso,100 m - 1 km,Western Africa,Africa,1969-??-??,"Attribution-NonCommercial 3.0 International (CC BY-NC 3.0), https://creativecommons.org/licenses/by-nc/3.0/"
0.144444,12.1083,576278,86132,BF VALSOL_ES-5,,19,38,0,{21.4},"{""sample pretreatment = [ sieved over 2 mm sieve ] size = [ 0.002 - 0.05 mm ]""}",21.4,AF-AfSP,Burkina Faso,100 m - 1 km,Western Africa,Africa,1969-??-??,"Attribution-NonCommercial 3.0 International (CC BY-NC 3.0), https://creativecommons.org/licenses/by-nc/3.0/"
0.144444,12.1083,576278,86133,BF VALSOL_ES-5,,38,58,0,{19.3},"{""sample pretreatment = [ sieved over 2 mm sieve ] size = [ 0.002 - 0.05 mm ]""}",19.3,AF-AfSP,Burkina Faso,100 m - 1 km,Western Africa,Africa,1969-??-??,"Attribution-NonCommercial 3.0 International (CC BY-NC 3.0), https://creativecommons.org/licenses/by-nc/3.0/"
0.144444,12.1083,576278,86134,BF VALSOL_ES-5,,58,105,0,{17.4},"{""sample pretreatment = [ sieved over 2 mm sieve ] size = [ 0.002 - 0.05 mm ]""}",17.4,AF-AfSP,Burkina Faso,100 m - 1 km,Western Africa,Africa,1969-??-??,"Attribution-NonCommercial 3.0 International (CC BY-NC 3.0), https://creativecommons.org/licenses/by-nc/3.0/"
0.144444,12.1083,576278,86135,BF VALSOL_ES-5,,105,155,0,{16.1},"{""sample pretreatment = [ sieved over 2 mm sieve ] size = [ 0.002 - 0.05 mm ]""}",16.1,AF-AfSP,Burkina Faso,100 m - 1 km,Western Africa,Africa,1969-??-??,"Attribution-NonCommercial 3.0 International (CC BY-NC 3.0), https://creativecommons.org/licenses/by-nc/3.0/"
0.144444,12.1083,576278,86136,BF VALSOL_ES-5,,155,188,0,{19.4},"{""sample pretreatment = [ sieved over 2 mm sieve ] size = [ 0.002 - 0.05 mm ]""}",19.4,AF-AfSP,Burkina Faso,100 m - 1 km,Western Africa,Africa,1969-??-??,"Attribution-NonCommercial 3.0 International (CC BY-NC 3.0), https://creativecommons.org/licenses/by-nc/3.0/"
0.152778,11.2056,576279,86137,BF VALSOL_ES-78,,0,14,0,{19.1},"{""sample pretreatment = [ sieved over 2 mm sieve ] size = [ 0.002 - 0.05 mm ]""}",19.1,AF-AfSP,Burkina Faso,100 m - 1 km,Western Africa,Africa,1969-??-??,"Attribution-NonCommercial 3.0 International (CC BY-NC 3.0), https://creativecommons.org/licenses/by-nc/3.0/"
0.152778,11.2056,576279,86138,BF VALSOL_ES-78,,14,37,0,{16.1},"{""sample pretreatment = [ sieved over 2 mm sieve ] size = [ 0.002 - 0.05 mm ]""}",16.1,AF-AfSP,Burkina Faso,100 m - 1 km,Western Africa,Africa,1969-??-??,"Attribution-NonCommercial 3.0 International (CC BY-NC 3.0), https://creativecommons.org/licenses/by-nc/3.0/"
0.152778,11.2056,576279,86139,BF VALSOL_ES-78,,37,125,0,{24.3},"{""sample pretreatment = [ sieved over 2 mm sieve ] size = [ 0.002 - 0.05 mm ]""}",24.3,AF-AfSP,Burkina Faso,100 m - 1 km,Western Africa,Africa,1969-??-??,"Attribution-NonCommercial 3.0 International (CC BY-NC 3.0), https://creativecommons.org/licenses/by-nc/3.0/"
0.152778,11.2056,576279,86140,BF VALSOL_ES-78,,125,170,0,{22.3},"{""sample pretreatment = [ sieved over 2 mm sieve ] size = [ 0.002 - 0.05 mm ]""}",22.3,AF-AfSP,Burkina Faso,100 m - 1 km,Western Africa,Africa,1969-??-??,"Attribution-NonCommercial 3.0 International (CC BY-NC 3.0), https://creativecommons.org/licenses/by-nc/3.0/"
0.155556,11.1944,576280,86141,BF VALSOL_ES-79,,0,16,0,{16.4},"{""sample pretreatment = [ sieved over 2 mm sieve ] size = [ 0.002 - 0.05 mm ]""}",16.4,AF-AfSP,Burkina Faso,100 m - 1 km,Western Africa,Africa,1969-??-??,"Attribution-NonCommercial 3.0 International (CC BY-NC 3.0), https://creativecommons.org/licenses/by-nc/3.0/"
0.155556,11.1944,576280,86142,BF VALSOL_ES-79,,16,32,0,{7.1},"{""sample pretreatment = [ sieved over 2 mm sieve ] size = [ 0.002 - 0.05 mm ]""}",7.1,AF-AfSP,Burkina Faso,100 m - 1 km,Western Africa,Africa,1969-??-??,"Attribution-NonCommercial 3.0 International (CC BY-NC 3.0), https://creativecommons.org/licenses/by-nc/3.0/"
0.155556,11.1944,576280,86143,BF VALSOL_ES-79,,32,54,0,{6.2},"{""sample pretreatment = [ sieved over 2 mm sieve ] size = [ 0.002 - 0.05 mm ]""}",6.2,AF-AfSP,Burkina Faso,100 m - 1 km,Western Africa,Africa,1969-??-??,"Attribution-NonCommercial 3.0 International (CC BY-NC 3.0), https://creativecommons.org/licenses/by-nc/3.0/"
0.155556,11.1944,576280,86144,BF VALSOL_ES-79,,54,150,0,{16.8},"{""sample pretreatment = [ sieved over 2 mm sieve ] size = [ 0.002 - 0.05 mm ]""}",16.8,AF-AfSP,Burkina Faso,100 m - 1 km,Western Africa,Africa,1969-??-??,"Attribution-NonCommercial 3.0 International (CC BY-NC 3.0), https://creativecommons.org/licenses/by-nc/3.0/"
0.155556,11.1944,576280,86145,BF VALSOL_ES-79,,150,175,0,{9.5},"{""sample pretreatment = [ sieved over 2 mm sieve ] size = [ 0.002 - 0.05 mm ]""}",9.5,AF-AfSP,Burkina Faso,100 m - 1 km,Western Africa,Africa,1969-??-??,"Attribution-NonCommercial 3.0 International (CC BY-NC 3.0), https://creativecommons.org/licenses/by-nc/3.0/"
0.155556,11.55,576281,86146,BF VALSOL_ES-80,,0,14,0,{10.3},"{""sample pretreatment = [ sieved over 2 mm sieve ] size = [ 0.002 - 0.05 mm ]""}",10.3,AF-AfSP,Burkina Faso,100 m - 1 km,Western Africa,Africa,1969-??-??,"Attribution-NonCommercial 3.0 International (CC BY-NC 3.0), https://creativecommons.org/licenses/by-nc/3.0/"
0.155556,11.55,576281,86147,BF VALSOL_ES-80,,14,35,0,{11.2},"{""sample pretreatment = [ sieved over 2 mm sieve ] size = [ 0.002 - 0.05 mm ]""}",11.2,AF-AfSP,Burkina Faso,100 m - 1 km,Western Africa,Africa,1969-??-??,"Attribution-NonCommercial 3.0 International (CC BY-NC 3.0), https://creativecommons.org/licenses/by-nc/3.0/"
0.155556,11.55,576281,86148,BF VALSOL_ES-80,,35,63,0,{14.9},"{""sample pretreatment = [ sieved over 2 mm sieve ] size = [ 0.002 - 0.05 mm ]""}",14.9,AF-AfSP,Burkina Faso,100 m - 1 km,Western Africa,Africa,1969-??-??,"Attribution-NonCommercial 3.0 International (CC BY-NC 3.0), https://creativecommons.org/licenses/by-nc/3.0/"
0.166667,12.475,576282,86149,BF VALSOL_ES-148,,0,20,0,{17.4},"{""sample pretreatment = [ sieved over 2 mm sieve ] size = [ 0.002 - 0.05 mm ]""}",17.4,AF-AfSP,Burkina Faso,100 m - 1 km,Western Africa,Africa,1969-??-??,"Attribution-NonCommercial 3.0 International (CC BY-NC 3.0), https://creativecommons.org/licenses/by-nc/3.0/"
0.166667,12.475,576282,86150,BF VALSOL_ES-148,,20,64,0,{14.6},"{""sample pretreatment = [ sieved over 2 mm sieve ] size = [ 0.002 - 0.05 mm ]""}",14.6,AF-AfSP,Burkina Faso,100 m - 1 km,Western Africa,Africa,1969-??-??,"Attribution-NonCommercial 3.0 International (CC BY-NC 3.0), https://creativecommons.org/licenses/by-nc/3.0/"
0.166667,12.475,576282,86151,BF VALSOL_ES-148,,64,160,0,{18.9},"{""sample pretreatment = [ sieved over 2 mm sieve ] size = [ 0.002 - 0.05 mm ]""}",18.9,AF-AfSP,Burkina Faso,100 m - 1 km,Western Africa,Africa,1969-??-??,"Attribution-NonCommercial 3.0 International (CC BY-NC 3.0), https://creativecommons.org/licenses/by-nc/3.0/"
0.172222,11.7417,576283,86152,BF VALSOL_ES-68,A,0,24,0,{18.2},"{""sample pretreatment = [ sieved over 2 mm sieve ] size = [ 0.002 - 0.05 mm ]""}",18.2,AF-AfSP,Burkina Faso,100 m - 1 km,Western Africa,Africa,1969-??-??,"Attribution-NonCommercial 3.0 International (CC BY-NC 3.0), https://creativecommons.org/licenses/by-nc/3.0/"
0.172222,11.7417,576283,86153,BF VALSOL_ES-68,A12,24,33,0,{18.7},"{""sample pretreatment = [ sieved over 2 mm sieve ] size = [ 0.002 - 0.05 mm ]""}",18.7,AF-AfSP,Burkina Faso,100 m - 1 km,Western Africa,Africa,1969-??-??,"Attribution-NonCommercial 3.0 International (CC BY-NC 3.0), https://creativecommons.org/licenses/by-nc/3.0/"
0.172222,11.7417,576283,86154,BF VALSOL_ES-68,B,33,84,0,{18.7},"{""sample pretreatment = [ sieved over 2 mm sieve ] size = [ 0.002 - 0.05 mm ]""}",18.7,AF-AfSP,Burkina Faso,100 m - 1 km,Western Africa,Africa,1969-??-??,"Attribution-NonCommercial 3.0 International (CC BY-NC 3.0), https://creativecommons.org/licenses/by-nc/3.0/"
0.172222,11.7417,576283,86155,BF VALSOL_ES-68,C,84,200,0,{19.1},"{""sample pretreatment = [ sieved over 2 mm sieve ] size = [ 0.002 - 0.05 mm ]""}",19.1,AF-AfSP,Burkina Faso,100 m - 1 km,Western Africa,Africa,1969-??-??,"Attribution-NonCommercial 3.0 International (CC BY-NC 3.0), https://creativecommons.org/licenses/by-nc/3.0/"
0.202778,11.8111,576284,86157,BF VALSOL_ES-67,,0,24,0,{16.8},"{""sample pretreatment = [ sieved over 2 mm sieve ] size = [ 0.002 - 0.05 mm ]""}",16.8,AF-AfSP,Burkina Faso,100 m - 1 km,Western Africa,Africa,1969-??-??,"Attribution-NonCommercial 3.0 International (CC BY-NC 3.0), https://creativecommons.org/licenses/by-nc/3.0/"
0.202778,11.8111,576284,86158,BF VALSOL_ES-67,,24,112,0,{17.8},"{""sample pretreatment = [ sieved over 2 mm sieve ] size = [ 0.002 - 0.05 mm ]""}",17.8,AF-AfSP,Burkina Faso,100 m - 1 km,Western Africa,Africa,1969-??-??,"Attribution-NonCommercial 3.0 International (CC BY-NC 3.0), https://creativecommons.org/licenses/by-nc/3.0/"
0.202778,11.8111,576284,86159,BF VALSOL_ES-67,,112,150,0,{20.8},"{""sample pretreatment = [ sieved over 2 mm sieve ] size = [ 0.002 - 0.05 mm ]""}",20.8,AF-AfSP,Burkina Faso,100 m - 1 km,Western Africa,Africa,1969-??-??,"Attribution-NonCommercial 3.0 International (CC BY-NC 3.0), https://creativecommons.org/licenses/by-nc/3.0/"
0.216667,13.7583,576285,86160,BF VALSOL_ES-136,A,0,14,0,{8.2},"{""sample pretreatment = [ sieved over 2 mm sieve ] size = [ 0.002 - 0.05 mm ]""}",8.2,AF-AfSP,Burkina Faso,100 m - 1 km,Western Africa,Africa,1969-??-??,"Attribution-NonCommercial 3.0 International (CC BY-NC 3.0), https://creativecommons.org/licenses/by-nc/3.0/"
0.216667,13.7583,576285,86161,BF VALSOL_ES-136,A,14,50,0,{5.6},"{""sample pretreatment = [ sieved over 2 mm sieve ] size = [ 0.002 - 0.05 mm ]""}",5.6,AF-AfSP,Burkina Faso,100 m - 1 km,Western Africa,Africa,1969-??-??,"Attribution-NonCommercial 3.0 International (CC BY-NC 3.0), https://creativecommons.org/licenses/by-nc/3.0/"
0.216667,13.7583,576285,86162,BF VALSOL_ES-136,B,50,78,0,{6.8},"{""sample pretreatment = [ sieved over 2 mm sieve ] size = [ 0.002 - 0.05 mm ]""}",6.8,AF-AfSP,Burkina Faso,100 m - 1 km,Western Africa,Africa,1969-??-??,"Attribution-NonCommercial 3.0 International (CC BY-NC 3.0), https://creativecommons.org/licenses/by-nc/3.0/"
0.225,13.7333,576286,86165,BF VALSOL_ES-138,A,0,20,0,{9.8},"{""sample pretreatment = [ sieved over 2 mm sieve ] size = [ 0.002 - 0.05 mm ]""}",9.8,AF-AfSP,Burkina Faso,100 m - 1 km,Western Africa,Africa,1969-??-??,"Attribution-NonCommercial 3.0 International (CC BY-NC 3.0), https://creativecommons.org/licenses/by-nc/3.0/"
0.225,13.7333,576286,86166,BF VALSOL_ES-138,,20,40,0,{12.5},"{""sample pretreatment = [ sieved over 2 mm sieve ] size = [ 0.002 - 0.05 mm ]""}",12.5,AF-AfSP,Burkina Faso,100 m - 1 km,Western Africa,Africa,1969-??-??,"Attribution-NonCommercial 3.0 International (CC BY-NC 3.0), https://creativecommons.org/licenses/by-nc/3.0/"
0.225,13.7333,576286,86168,BF VALSOL_ES-138,,60,160,0,{13.5},"{""sample pretreatment = [ sieved over 2 mm sieve ] size = [ 0.002 - 0.05 mm ]""}",13.5,AF-AfSP,Burkina Faso,100 m - 1 km,Western Africa,Africa,1969-??-??,"Attribution-NonCommercial 3.0 International (CC BY-NC 3.0), https://creativecommons.org/licenses/by-nc/3.0/"
0.238889,11.8361,576287,86170,BF VALSOL_ES-66,A,0,20,0,{16.0},"{""sample pretreatment = [ sieved over 2 mm sieve ] size = [ 0.002 - 0.05 mm ]""}",16,AF-AfSP,Burkina Faso,100 m - 1 km,Western Africa,Africa,1969-??-??,"Attribution-NonCommercial 3.0 International (CC BY-NC 3.0), https://creativecommons.org/licenses/by-nc/3.0/"
0.238889,11.8361,576287,86171,BF VALSOL_ES-66,,20,38,0,{15.9},"{""sample pretreatment = [ sieved over 2 mm sieve ] size = [ 0.002 - 0.05 mm ]""}",15.9,AF-AfSP,Burkina Faso,100 m - 1 km,Western Africa,Africa,1969-??-??,"Attribution-NonCommercial 3.0 International (CC BY-NC 3.0), https://creativecommons.org/licenses/by-nc/3.0/"
0.238889,11.8361,576287,86172,BF VALSOL_ES-66,,38,62,0,{12.2},"{""sample pretreatment = [ sieved over 2 mm sieve ] size = [ 0.002 - 0.05 mm ]""}",12.2,AF-AfSP,Burkina Faso,100 m - 1 km,Western Africa,Africa,1969-??-??,"Attribution-NonCommercial 3.0 International (CC BY-NC 3.0), https://creativecommons.org/licenses/by-nc/3.0/"
0.238889,11.8361,576287,86173,BF VALSOL_ES-66,C(/R),62,105,0,{8.8},"{""sample pretreatment = [ sieved over 2 mm sieve ] size = [ 0.002 - 0.05 mm ]""}",8.8,AF-AfSP,Burkina Faso,100 m - 1 km,Western Africa,Africa,1969-??-??,"Attribution-NonCommercial 3.0 International (CC BY-NC 3.0), https://creativecommons.org/licenses/by-nc/3.0/"
0.252778,11.5694,576288,86174,BF VALSOL_ES-81,,0,16,0,{24.3},"{""sample pretreatment = [ sieved over 2 mm sieve ] size = [ 0.002 - 0.05 mm ]""}",24.3,AF-AfSP,Burkina Faso,100 m - 1 km,Western Africa,Africa,1969-??-??,"Attribution-NonCommercial 3.0 International (CC BY-NC 3.0), https://creativecommons.org/licenses/by-nc/3.0/"
0.252778,11.5694,576288,86175,BF VALSOL_ES-81,,16,22,0,{25.2},"{""sample pretreatment = [ sieved over 2 mm sieve ] size = [ 0.002 - 0.05 mm ]""}",25.2,AF-AfSP,Burkina Faso,100 m - 1 km,Western Africa,Africa,1969-??-??,"Attribution-NonCommercial 3.0 International (CC BY-NC 3.0), https://creativecommons.org/licenses/by-nc/3.0/"
0.252778,11.5694,576288,86176,BF VALSOL_ES-81,,22,45,0,{25.7},"{""sample pretreatment = [ sieved over 2 mm sieve ] size = [ 0.002 - 0.05 mm ]""}",25.7,AF-AfSP,Burkina Faso,100 m - 1 km,Western Africa,Africa,1969-??-??,"Attribution-NonCommercial 3.0 International (CC BY-NC 3.0), https://creativecommons.org/licenses/by-nc/3.0/"
0.252778,11.5694,576288,86177,BF VALSOL_ES-81,,45,160,0,{23.9},"{""sample pretreatment = [ sieved over 2 mm sieve ] size = [ 0.002 - 0.05 mm ]""}",23.9,AF-AfSP,Burkina Faso,100 m - 1 km,Western Africa,Africa,1969-??-??,"Attribution-NonCommercial 3.0 International (CC BY-NC 3.0), https://creativecommons.org/licenses/by-nc/3.0/"
0.277778,11.5833,576289,86178,BF VALSOL_ES-82,,0,17,0,{14.6},"{""sample pretreatment = [ sieved over 2 mm sieve ] size = [ 0.002 - 0.05 mm ]""}",14.6,AF-AfSP,Burkina Faso,100 m - 1 km,Western Africa,Africa,1969-??-??,"Attribution-NonCommercial 3.0 International (CC BY-NC 3.0), https://creativecommons.org/licenses/by-nc/3.0/"
0.277778,11.5833,576289,86179,BF VALSOL_ES-82,,17,33,0,{11.8},"{""sample pretreatment = [ sieved over 2 mm sieve ] size = [ 0.002 - 0.05 mm ]""}",11.8,AF-AfSP,Burkina Faso,100 m - 1 km,Western Africa,Africa,1969-??-??,"Attribution-NonCommercial 3.0 International (CC BY-NC 3.0), https://creativecommons.org/licenses/by-nc/3.0/"
0.277778,11.5833,576289,86180,BF VALSOL_ES-82,,33,110,0,{10.9},"{""sample pretreatment = [ sieved over 2 mm sieve ] size = [ 0.002 - 0.05 mm ]""}",10.9,AF-AfSP,Burkina Faso,100 m - 1 km,Western Africa,Africa,1969-??-??,"Attribution-NonCommercial 3.0 International (CC BY-NC 3.0), https://creativecommons.org/licenses/by-nc/3.0/"
0.277778,11.5833,576289,86181,BF VALSOL_ES-82,,110,170,0,{13.4},"{""sample pretreatment = [ sieved over 2 mm sieve ] size = [ 0.002 - 0.05 mm ]""}",13.4,AF-AfSP,Burkina Faso,100 m - 1 km,Western Africa,Africa,1969-??-??,"Attribution-NonCommercial 3.0 International (CC BY-NC 3.0), https://creativecommons.org/licenses/by-nc/3.0/"
0.277778,12.2653,576290,86182,BF VALSOL_ES-151,A11g,0,18,0,{33.2},"{""sample pretreatment = [ sieved over 2 mm sieve ] size = [ 0.002 - 0.05 mm ]""}",33.2,AF-AfSP,Burkina Faso,100 m - 1 km,Western Africa,Africa,1969-??-??,"Attribution-NonCommercial 3.0 International (CC BY-NC 3.0), https://creativecommons.org/licenses/by-nc/3.0/"
0.277778,12.2653,576290,86183,BF VALSOL_ES-151,,18,30,0,{19.5},"{""sample pretreatment = [ sieved over 2 mm sieve ] size = [ 0.002 - 0.05 mm ]""}",19.5,AF-AfSP,Burkina Faso,100 m - 1 km,Western Africa,Africa,1969-??-??,"Attribution-NonCommercial 3.0 International (CC BY-NC 3.0), https://creativecommons.org/licenses/by-nc/3.0/"
0.277778,12.2653,576290,86184,BF VALSOL_ES-151,B,30,73,0,{18.6},"{""sample pretreatment = [ sieved over 2 mm sieve ] size = [ 0.002 - 0.05 mm ]""}",18.6,AF-AfSP,Burkina Faso,100 m - 1 km,Western Africa,Africa,1969-??-??,"Attribution-NonCommercial 3.0 International (CC BY-NC 3.0), https://creativecommons.org/licenses/by-nc/3.0/"
0.277778,12.2653,576290,86185,BF VALSOL_ES-151,Bgo,73,295,0,{17.9},"{""sample pretreatment = [ sieved over 2 mm sieve ] size = [ 0.002 - 0.05 mm ]""}",17.9,AF-AfSP,Burkina Faso,100 m - 1 km,Western Africa,Africa,1969-??-??,"Attribution-NonCommercial 3.0 International (CC BY-NC 3.0), https://creativecommons.org/licenses/by-nc/3.0/"
0.277778,12.3944,576291,86187,BF VALSOL_ES-16,,0,20,0,{13.9},"{""sample pretreatment = [ sieved over 2 mm sieve ] size = [ 0.002 - 0.05 mm ]""}",13.9,AF-AfSP,Burkina Faso,100 m - 1 km,Western Africa,Africa,1969-??-??,"Attribution-NonCommercial 3.0 International (CC BY-NC 3.0), https://creativecommons.org/licenses/by-nc/3.0/"
0.277778,12.3944,576291,86188,BF VALSOL_ES-16,,20,34,0,{11.5},"{""sample pretreatment = [ sieved over 2 mm sieve ] size = [ 0.002 - 0.05 mm ]""}",11.5,AF-AfSP,Burkina Faso,100 m - 1 km,Western Africa,Africa,1969-??-??,"Attribution-NonCommercial 3.0 International (CC BY-NC 3.0), https://creativecommons.org/licenses/by-nc/3.0/"
0.277778,12.3944,576291,86189,BF VALSOL_ES-16,,34,54,0,{9.2},"{""sample pretreatment = [ sieved over 2 mm sieve ] size = [ 0.002 - 0.05 mm ]""}",9.2,AF-AfSP,Burkina Faso,100 m - 1 km,Western Africa,Africa,1969-??-??,"Attribution-NonCommercial 3.0 International (CC BY-NC 3.0), https://creativecommons.org/licenses/by-nc/3.0/"
0.277778,12.3944,576291,86190,BF VALSOL_ES-16,,54,100,0,{11.7},"{""sample pretreatment = [ sieved over 2 mm sieve ] size = [ 0.002 - 0.05 mm ]""}",11.7,AF-AfSP,Burkina Faso,100 m - 1 km,Western Africa,Africa,1969-??-??,"Attribution-NonCommercial 3.0 International (CC BY-NC 3.0), https://creativecommons.org/licenses/by-nc/3.0/"
0.3,12.2681,576292,86191,BF VALSOL_ES-150,A1,0,13,0,{34.7},"{""sample pretreatment = [ sieved over 2 mm sieve ] size = [ 0.002 - 0.05 mm ]""}",34.7,AF-AfSP,Burkina Faso,100 m - 1 km,Western Africa,Africa,1969-??-??,"Attribution-NonCommercial 3.0 International (CC BY-NC 3.0), https://creativecommons.org/licenses/by-nc/3.0/"
0.3,12.2681,576292,86192,BF VALSOL_ES-150,A12,13,29,0,{29.0},"{""sample pretreatment = [ sieved over 2 mm sieve ] size = [ 0.002 - 0.05 mm ]""}",29,AF-AfSP,Burkina Faso,100 m - 1 km,Western Africa,Africa,1969-??-??,"Attribution-NonCommercial 3.0 International (CC BY-NC 3.0), https://creativecommons.org/licenses/by-nc/3.0/"
0.3,12.2681,576292,86193,BF VALSOL_ES-150,A2,29,65,0,{24.4},"{""sample pretreatment = [ sieved over 2 mm sieve ] size = [ 0.002 - 0.05 mm ]""}",24.4,AF-AfSP,Burkina Faso,100 m - 1 km,Western Africa,Africa,1969-??-??,"Attribution-NonCommercial 3.0 International (CC BY-NC 3.0), https://creativecommons.org/licenses/by-nc/3.0/"
0.3,12.2681,576292,86194,BF VALSOL_ES-150,BA2,65,80,0,{18.2},"{""sample pretreatment = [ sieved over 2 mm sieve ] size = [ 0.002 - 0.05 mm ]""}",18.2,AF-AfSP,Burkina Faso,100 m - 1 km,Western Africa,Africa,1969-??-??,"Attribution-NonCommercial 3.0 International (CC BY-NC 3.0), https://creativecommons.org/licenses/by-nc/3.0/"
0.3,12.2681,576292,86195,BF VALSOL_ES-150,A2Bcv,80,98,0,{14.6},"{""sample pretreatment = [ sieved over 2 mm sieve ] size = [ 0.002 - 0.05 mm ]""}",14.6,AF-AfSP,Burkina Faso,100 m - 1 km,Western Africa,Africa,1969-??-??,"Attribution-NonCommercial 3.0 International (CC BY-NC 3.0), https://creativecommons.org/licenses/by-nc/3.0/"
0.3,12.2681,576292,86198,BF VALSOL_ES-150,,155,185,0,{9.2},"{""sample pretreatment = [ sieved over 2 mm sieve ] size = [ 0.002 - 0.05 mm ]""}",9.2,AF-AfSP,Burkina Faso,100 m - 1 km,Western Africa,Africa,1969-??-??,"Attribution-NonCommercial 3.0 International (CC BY-NC 3.0), https://creativecommons.org/licenses/by-nc/3.0/"
0.311389,11.970833,576293,86199,BF wasp_1,Ap,0,21,0,{15.1},"{""sample pretreatment = [ sieved over 2 mm sieve ] size = [ 0.002 - 0.05 mm ]""}",15.1,AF-AfSP,Burkina Faso,Circa 100 m,Western Africa,Africa,1997-9-1,"Attribution-NonCommercial 3.0 International (CC BY-NC 3.0), https://creativecommons.org/licenses/by-nc/3.0/"
0.311389,11.970833,576293,86200,BF wasp_1,E1,21,35,0,{17.7},"{""sample pretreatment = [ sieved over 2 mm sieve ] size = [ 0.002 - 0.05 mm ]""}",17.7,AF-AfSP,Burkina Faso,Circa 100 m,Western Africa,Africa,1997-9-1,"Attribution-NonCommercial 3.0 International (CC BY-NC 3.0), https://creativecommons.org/licenses/by-nc/3.0/"
0.311389,11.970833,576293,86201,BF wasp_1,E2,35,56,0,{17.0},"{""sample pretreatment = [ sieved over 2 mm sieve ] size = [ 0.002 - 0.05 mm ]""}",17,AF-AfSP,Burkina Faso,Circa 100 m,Western Africa,Africa,1997-9-1,"Attribution-NonCommercial 3.0 International (CC BY-NC 3.0), https://creativecommons.org/licenses/by-nc/3.0/"
0.311389,11.970833,576293,86202,BF wasp_1,EB,56,88,0,{16.3},"{""sample pretreatment = [ sieved over 2 mm sieve ] size = [ 0.002 - 0.05 mm ]""}",16.3,AF-AfSP,Burkina Faso,Circa 100 m,Western Africa,Africa,1997-9-1,"Attribution-NonCommercial 3.0 International (CC BY-NC 3.0), https://creativecommons.org/licenses/by-nc/3.0/"
0.311389,11.970833,576293,86203,BF wasp_1,Bv,88,120,0,{19.1},"{""sample pretreatment = [ sieved over 2 mm sieve ] size = [ 0.002 - 0.05 mm ]""}",19.1,AF-AfSP,Burkina Faso,Circa 100 m,Western Africa,Africa,1997-9-1,"Attribution-NonCommercial 3.0 International (CC BY-NC 3.0), https://creativecommons.org/licenses/by-nc/3.0/"
0.319444,12.2708,576294,86204,BF VALSOL_ES-149,A1,0,3,0,{33.8},"{""sample pretreatment = [ sieved over 2 mm sieve ] size = [ 0.002 - 0.05 mm ]""}",33.8,AF-AfSP,Burkina Faso,100 m - 1 km,Western Africa,Africa,1969-??-??,"Attribution-NonCommercial 3.0 International (CC BY-NC 3.0), https://creativecommons.org/licenses/by-nc/3.0/"
0.319444,12.2708,576294,86206,BF VALSOL_ES-149,Bocmv(/R),75,93,0,{14.5},"{""sample pretreatment = [ sieved over 2 mm sieve ] size = [ 0.002 - 0.05 mm ]""}",14.5,AF-AfSP,Burkina Faso,100 m - 1 km,Western Africa,Africa,1969-??-??,"Attribution-NonCommercial 3.0 International (CC BY-NC 3.0), https://creativecommons.org/licenses/by-nc/3.0/"
0.319444,12.2708,576294,86207,BF VALSOL_ES-149,Bocv,93,130,0,{9.6},"{""sample pretreatment = [ sieved over 2 mm sieve ] size = [ 0.002 - 0.05 mm ]""}",9.6,AF-AfSP,Burkina Faso,100 m - 1 km,Western Africa,Africa,1969-??-??,"Attribution-NonCommercial 3.0 International (CC BY-NC 3.0), https://creativecommons.org/licenses/by-nc/3.0/"
0.319444,12.2708,576294,86208,BF VALSOL_ES-149,BCocmv,130,198,0,{14.5},"{""sample pretreatment = [ sieved over 2 mm sieve ] size = [ 0.002 - 0.05 mm ]""}",14.5,AF-AfSP,Burkina Faso,100 m - 1 km,Western Africa,Africa,1969-??-??,"Attribution-NonCommercial 3.0 International (CC BY-NC 3.0), https://creativecommons.org/licenses/by-nc/3.0/"
0.319444,12.2708,576294,86209,BF VALSOL_ES-149,BCocmv,198,270,0,{16.0},"{""sample pretreatment = [ sieved over 2 mm sieve ] size = [ 0.002 - 0.05 mm ]""}",16,AF-AfSP,Burkina Faso,100 m - 1 km,Western Africa,Africa,1969-??-??,"Attribution-NonCommercial 3.0 International (CC BY-NC 3.0), https://creativecommons.org/licenses/by-nc/3.0/"
0.319444,12.2708,576294,86210,BF VALSOL_ES-149,,270,315,0,{17.3},"{""sample pretreatment = [ sieved over 2 mm sieve ] size = [ 0.002 - 0.05 mm ]""}",17.3,AF-AfSP,Burkina Faso,100 m - 1 km,Western Africa,Africa,1969-??-??,"Attribution-NonCommercial 3.0 International (CC BY-NC 3.0), https://creativecommons.org/licenses/by-nc/3.0/"
0.319444,12.2708,576294,86211,BF VALSOL_ES-149,C,315,410,0,{13.4},"{""sample pretreatment = [ sieved over 2 mm sieve ] size = [ 0.002 - 0.05 mm ]""}",13.4,AF-AfSP,Burkina Faso,100 m - 1 km,Western Africa,Africa,1969-??-??,"Attribution-NonCommercial 3.0 International (CC BY-NC 3.0), https://creativecommons.org/licenses/by-nc/3.0/"
0.333333,11.2,576295,86212,BF VALSOL_ES-86,,0,10,0,{22.8},"{""sample pretreatment = [ sieved over 2 mm sieve ] size = [ 0.002 - 0.05 mm ]""}",22.8,AF-AfSP,Burkina Faso,100 m - 1 km,Western Africa,Africa,1969-??-??,"Attribution-NonCommercial 3.0 International (CC BY-NC 3.0), https://creativecommons.org/licenses/by-nc/3.0/"
0.333333,11.2,576295,86213,BF VALSOL_ES-86,,10,40,0,{19.1},"{""sample pretreatment = [ sieved over 2 mm sieve ] size = [ 0.002 - 0.05 mm ]""}",19.1,AF-AfSP,Burkina Faso,100 m - 1 km,Western Africa,Africa,1969-??-??,"Attribution-NonCommercial 3.0 International (CC BY-NC 3.0), https://creativecommons.org/licenses/by-nc/3.0/"
0.383333,11.9111,576296,86215,BF VALSOL_ES-65,,0,14,0,{19.0},"{""sample pretreatment = [ sieved over 2 mm sieve ] size = [ 0.002 - 0.05 mm ]""}",19,AF-AfSP,Burkina Faso,100 m - 1 km,Western Africa,Africa,1969-??-??,"Attribution-NonCommercial 3.0 International (CC BY-NC 3.0), https://creativecommons.org/licenses/by-nc/3.0/"
0.383333,11.9111,576296,86216,BF VALSOL_ES-65,,14,30,0,{23.7},"{""sample pretreatment = [ sieved over 2 mm sieve ] size = [ 0.002 - 0.05 mm ]""}",23.7,AF-AfSP,Burkina Faso,100 m - 1 km,Western Africa,Africa,1969-??-??,"Attribution-NonCommercial 3.0 International (CC BY-NC 3.0), https://creativecommons.org/licenses/by-nc/3.0/"
0.383333,11.9111,576296,86217,BF VALSOL_ES-65,,30,100,0,{14.4},"{""sample pretreatment = [ sieved over 2 mm sieve ] size = [ 0.002 - 0.05 mm ]""}",14.4,AF-AfSP,Burkina Faso,100 m - 1 km,Western Africa,Africa,1969-??-??,"Attribution-NonCommercial 3.0 International (CC BY-NC 3.0), https://creativecommons.org/licenses/by-nc/3.0/"
0.383333,11.9111,576296,86218,BF VALSOL_ES-65,,100,180,0,{23.5},"{""sample pretreatment = [ sieved over 2 mm sieve ] size = [ 0.002 - 0.05 mm ]""}",23.5,AF-AfSP,Burkina Faso,100 m - 1 km,Western Africa,Africa,1969-??-??,"Attribution-NonCommercial 3.0 International (CC BY-NC 3.0), https://creativecommons.org/licenses/by-nc/3.0/"
0.418222,11.846611,576297,86219,BF 27877_BRM2,A,0,11,0,{37.1},"{""sample pretreatment = [ sieved over 2 mm sieve ] size = [ 0.002 - 0.05 mm ]""}",37.1,AF-AfSP,Burkina Faso,Circa 100 m,Western Africa,Africa,2000-??-??,"Attribution-NonCommercial 3.0 International (CC BY-NC 3.0), https://creativecommons.org/licenses/by-nc/3.0/"
0.418222,11.846611,576297,86220,BF 27877_BRM2,Bw1,11,43,0,{37.9},"{""sample pretreatment = [ sieved over 2 mm sieve ] size = [ 0.002 - 0.05 mm ]""}",37.9,AF-AfSP,Burkina Faso,Circa 100 m,Western Africa,Africa,2000-??-??,"Attribution-NonCommercial 3.0 International (CC BY-NC 3.0), https://creativecommons.org/licenses/by-nc/3.0/"
0.418222,11.846611,576297,86221,BF 27877_BRM2,Bw2,43,78,0,{39.4},"{""sample pretreatment = [ sieved over 2 mm sieve ] size = [ 0.002 - 0.05 mm ]""}",39.4,AF-AfSP,Burkina Faso,Circa 100 m,Western Africa,Africa,2000-??-??,"Attribution-NonCommercial 3.0 International (CC BY-NC 3.0), https://creativecommons.org/licenses/by-nc/3.0/"
0.418222,11.846611,576297,86222,BF 27877_BRM2,,78,111,0,{40.1},"{""sample pretreatment = [ sieved over 2 mm sieve ] size = [ 0.002 - 0.05 mm ]""}",40.1,AF-AfSP,Burkina Faso,Circa 100 m,Western Africa,Africa,2000-??-??,"Attribution-NonCommercial 3.0 International (CC BY-NC 3.0), https://creativecommons.org/licenses/by-nc/3.0/"
0.419444,12.2278,576298,86224,BF VALSOL_ES-6,,0,17,0,{18.3},"{""sample pretreatment = [ sieved over 2 mm sieve ] size = [ 0.002 - 0.05 mm ]""}",18.3,AF-AfSP,Burkina Faso,100 m - 1 km,Western Africa,Africa,1969-??-??,"Attribution-NonCommercial 3.0 International (CC BY-NC 3.0), https://creativecommons.org/licenses/by-nc/3.0/"
0.419444,12.2278,576298,86225,BF VALSOL_ES-6,,17,34,0,{14.1},"{""sample pretreatment = [ sieved over 2 mm sieve ] size = [ 0.002 - 0.05 mm ]""}",14.1,AF-AfSP,Burkina Faso,100 m - 1 km,Western Africa,Africa,1969-??-??,"Attribution-NonCommercial 3.0 International (CC BY-NC 3.0), https://creativecommons.org/licenses/by-nc/3.0/"
0.419444,12.2278,576298,86226,BF VALSOL_ES-6,,34,83,0,{17.5},"{""sample pretreatment = [ sieved over 2 mm sieve ] size = [ 0.002 - 0.05 mm ]""}",17.5,AF-AfSP,Burkina Faso,100 m - 1 km,Western Africa,Africa,1969-??-??,"Attribution-NonCommercial 3.0 International (CC BY-NC 3.0), https://creativecommons.org/licenses/by-nc/3.0/"
0.420833,12.2278,576299,86227,BF VALSOL_ES-7,,0,15,0,{18.5},"{""sample pretreatment = [ sieved over 2 mm sieve ] size = [ 0.002 - 0.05 mm ]""}",18.5,AF-AfSP,Burkina Faso,100 m - 1 km,Western Africa,Africa,1969-??-??,"Attribution-NonCommercial 3.0 International (CC BY-NC 3.0), https://creativecommons.org/licenses/by-nc/3.0/"
0.420833,12.2278,576299,86228,BF VALSOL_ES-7,,15,30,0,{15.8},"{""sample pretreatment = [ sieved over 2 mm sieve ] size = [ 0.002 - 0.05 mm ]""}",15.8,AF-AfSP,Burkina Faso,100 m - 1 km,Western Africa,Africa,1969-??-??,"Attribution-NonCommercial 3.0 International (CC BY-NC 3.0), https://creativecommons.org/licenses/by-nc/3.0/"
0.425,13.3583,576300,86229,BF VALSOL_ES-124,,0,17,0,{19.0},"{""sample pretreatment = [ sieved over 2 mm sieve ] size = [ 0.002 - 0.05 mm ]""}",19,AF-AfSP,Burkina Faso,100 m - 1 km,Western Africa,Africa,1969-??-??,"Attribution-NonCommercial 3.0 International (CC BY-NC 3.0), https://creativecommons.org/licenses/by-nc/3.0/"
0.425,13.3583,576300,86230,BF VALSOL_ES-124,,17,28,0,{10.8},"{""sample pretreatment = [ sieved over 2 mm sieve ] size = [ 0.002 - 0.05 mm ]""}",10.8,AF-AfSP,Burkina Faso,100 m - 1 km,Western Africa,Africa,1969-??-??,"Attribution-NonCommercial 3.0 International (CC BY-NC 3.0), https://creativecommons.org/licenses/by-nc/3.0/"
0.425,13.3583,576300,86231,BF VALSOL_ES-124,,28,65,0,{14.4},"{""sample pretreatment = [ sieved over 2 mm sieve ] size = [ 0.002 - 0.05 mm ]""}",14.4,AF-AfSP,Burkina Faso,100 m - 1 km,Western Africa,Africa,1969-??-??,"Attribution-NonCommercial 3.0 International (CC BY-NC 3.0), https://creativecommons.org/licenses/by-nc/3.0/"
0.425,13.3583,576300,86232,BF VALSOL_ES-124,,65,160,0,{16.2},"{""sample pretreatment = [ sieved over 2 mm sieve ] size = [ 0.002 - 0.05 mm ]""}",16.2,AF-AfSP,Burkina Faso,100 m - 1 km,Western Africa,Africa,1969-??-??,"Attribution-NonCommercial 3.0 International (CC BY-NC 3.0), https://creativecommons.org/licenses/by-nc/3.0/"
0.427778,12.2278,576301,86233,BF VALSOL_ES-8,,0,18,0,{31.6},"{""sample pretreatment = [ sieved over 2 mm sieve ] size = [ 0.002 - 0.05 mm ]""}",31.6,AF-AfSP,Burkina Faso,100 m - 1 km,Western Africa,Africa,1969-??-??,"Attribution-NonCommercial 3.0 International (CC BY-NC 3.0), https://creativecommons.org/licenses/by-nc/3.0/"
0.427778,12.2278,576301,86234,BF VALSOL_ES-8,,18,53,0,{23.1},"{""sample pretreatment = [ sieved over 2 mm sieve ] size = [ 0.002 - 0.05 mm ]""}",23.1,AF-AfSP,Burkina Faso,100 m - 1 km,Western Africa,Africa,1969-??-??,"Attribution-NonCommercial 3.0 International (CC BY-NC 3.0), https://creativecommons.org/licenses/by-nc/3.0/"
0.427778,12.2278,576301,86235,BF VALSOL_ES-8,,53,87,0,{15.2},"{""sample pretreatment = [ sieved over 2 mm sieve ] size = [ 0.002 - 0.05 mm ]""}",15.2,AF-AfSP,Burkina Faso,100 m - 1 km,Western Africa,Africa,1969-??-??,"Attribution-NonCommercial 3.0 International (CC BY-NC 3.0), https://creativecommons.org/licenses/by-nc/3.0/"
0.466667,11.7583,576302,86236,BF VALSOL_ES-64,,0,19,0,{19.2},"{""sample pretreatment = [ sieved over 2 mm sieve ] size = [ 0.002 - 0.05 mm ]""}",19.2,AF-AfSP,Burkina Faso,100 m - 1 km,Western Africa,Africa,1969-??-??,"Attribution-NonCommercial 3.0 International (CC BY-NC 3.0), https://creativecommons.org/licenses/by-nc/3.0/"
0.466667,11.7583,576302,86237,BF VALSOL_ES-64,,19,30,0,{19.1},"{""sample pretreatment = [ sieved over 2 mm sieve ] size = [ 0.002 - 0.05 mm ]""}",19.1,AF-AfSP,Burkina Faso,100 m - 1 km,Western Africa,Africa,1969-??-??,"Attribution-NonCommercial 3.0 International (CC BY-NC 3.0), https://creativecommons.org/licenses/by-nc/3.0/"
0.466667,11.7583,576302,86238,BF VALSOL_ES-64,,30,60,0,{19.5},"{""sample pretreatment = [ sieved over 2 mm sieve ] size = [ 0.002 - 0.05 mm ]""}",19.5,AF-AfSP,Burkina Faso,100 m - 1 km,Western Africa,Africa,1969-??-??,"Attribution-NonCommercial 3.0 International (CC BY-NC 3.0), https://creativecommons.org/licenses/by-nc/3.0/"
0.466667,11.7583,576302,86239,BF VALSOL_ES-64,,60,170,0,{17.6},"{""sample pretreatment = [ sieved over 2 mm sieve ] size = [ 0.002 - 0.05 mm ]""}",17.6,AF-AfSP,Burkina Faso,100 m - 1 km,Western Africa,Africa,1969-??-??,"Attribution-NonCommercial 3.0 International (CC BY-NC 3.0), https://creativecommons.org/licenses/by-nc/3.0/"
0.466667,13.3833,576303,86240,BF VALSOL_ES-140,,0,16,0,{7.4},"{""sample pretreatment = [ sieved over 2 mm sieve ] size = [ 0.002 - 0.05 mm ]""}",7.4,AF-AfSP,Burkina Faso,100 m - 1 km,Western Africa,Africa,1969-??-??,"Attribution-NonCommercial 3.0 International (CC BY-NC 3.0), https://creativecommons.org/licenses/by-nc/3.0/"
0.466667,13.3833,576303,86241,BF VALSOL_ES-140,,16,27,0,{7.6},"{""sample pretreatment = [ sieved over 2 mm sieve ] size = [ 0.002 - 0.05 mm ]""}",7.6,AF-AfSP,Burkina Faso,100 m - 1 km,Western Africa,Africa,1969-??-??,"Attribution-NonCommercial 3.0 International (CC BY-NC 3.0), https://creativecommons.org/licenses/by-nc/3.0/"
0.466667,13.3833,576303,86242,BF VALSOL_ES-140,,27,60,0,{9.4},"{""sample pretreatment = [ sieved over 2 mm sieve ] size = [ 0.002 - 0.05 mm ]""}",9.4,AF-AfSP,Burkina Faso,100 m - 1 km,Western Africa,Africa,1969-??-??,"Attribution-NonCommercial 3.0 International (CC BY-NC 3.0), https://creativecommons.org/licenses/by-nc/3.0/"
0.466667,13.3833,576303,86243,BF VALSOL_ES-140,,60,94,0,{6.9},"{""sample pretreatment = [ sieved over 2 mm sieve ] size = [ 0.002 - 0.05 mm ]""}",6.9,AF-AfSP,Burkina Faso,100 m - 1 km,Western Africa,Africa,1969-??-??,"Attribution-NonCommercial 3.0 International (CC BY-NC 3.0), https://creativecommons.org/licenses/by-nc/3.0/"
0.516667,11.6611,576304,86245,BF VALSOL_ES-63,,0,12,0,{24.1},"{""sample pretreatment = [ sieved over 2 mm sieve ] size = [ 0.002 - 0.05 mm ]""}",24.1,AF-AfSP,Burkina Faso,100 m - 1 km,Western Africa,Africa,1969-??-??,"Attribution-NonCommercial 3.0 International (CC BY-NC 3.0), https://creativecommons.org/licenses/by-nc/3.0/"
0.516667,11.6611,576304,86246,BF VALSOL_ES-63,,12,25,0,{16.6},"{""sample pretreatment = [ sieved over 2 mm sieve ] size = [ 0.002 - 0.05 mm ]""}",16.6,AF-AfSP,Burkina Faso,100 m - 1 km,Western Africa,Africa,1969-??-??,"Attribution-NonCommercial 3.0 International (CC BY-NC 3.0), https://creativecommons.org/licenses/by-nc/3.0/"
0.516667,11.6611,576304,86247,BF VALSOL_ES-63,,25,170,0,{16.9},"{""sample pretreatment = [ sieved over 2 mm sieve ] size = [ 0.002 - 0.05 mm ]""}",16.9,AF-AfSP,Burkina Faso,100 m - 1 km,Western Africa,Africa,1969-??-??,"Attribution-NonCommercial 3.0 International (CC BY-NC 3.0), https://creativecommons.org/licenses/by-nc/3.0/"
0.518056,12.0167,576305,86248,BF VALSOL_ES-9,,0,17,0,{23.9},"{""sample pretreatment = [ sieved over 2 mm sieve ] size = [ 0.002 - 0.05 mm ]""}",23.9,AF-AfSP,Burkina Faso,100 m - 1 km,Western Africa,Africa,1969-??-??,"Attribution-NonCommercial 3.0 International (CC BY-NC 3.0), https://creativecommons.org/licenses/by-nc/3.0/"
0.518056,12.0167,576305,86249,BF VALSOL_ES-9,,17,54,0,{19.1},"{""sample pretreatment = [ sieved over 2 mm sieve ] size = [ 0.002 - 0.05 mm ]""}",19.1,AF-AfSP,Burkina Faso,100 m - 1 km,Western Africa,Africa,1969-??-??,"Attribution-NonCommercial 3.0 International (CC BY-NC 3.0), https://creativecommons.org/licenses/by-nc/3.0/"
0.518056,12.0167,576305,86250,BF VALSOL_ES-9,,54,170,0,{20.5},"{""sample pretreatment = [ sieved over 2 mm sieve ] size = [ 0.002 - 0.05 mm ]""}",20.5,AF-AfSP,Burkina Faso,100 m - 1 km,Western Africa,Africa,1969-??-??,"Attribution-NonCommercial 3.0 International (CC BY-NC 3.0), https://creativecommons.org/licenses/by-nc/3.0/"
0.519444,11.5889,576306,86251,BF VALSOL_ES-61,,0,20,0,{22.0},"{""sample pretreatment = [ sieved over 2 mm sieve ] size = [ 0.002 - 0.05 mm ]""}",22,AF-AfSP,Burkina Faso,100 m - 1 km,Western Africa,Africa,1969-??-??,"Attribution-NonCommercial 3.0 International (CC BY-NC 3.0), https://creativecommons.org/licenses/by-nc/3.0/"
0.519444,11.5889,576306,86252,BF VALSOL_ES-61,,20,55,0,{20.6},"{""sample pretreatment = [ sieved over 2 mm sieve ] size = [ 0.002 - 0.05 mm ]""}",20.6,AF-AfSP,Burkina Faso,100 m - 1 km,Western Africa,Africa,1969-??-??,"Attribution-NonCommercial 3.0 International (CC BY-NC 3.0), https://creativecommons.org/licenses/by-nc/3.0/"
0.519444,11.5889,576306,86253,BF VALSOL_ES-61,,55,100,0,{28.0},"{""sample pretreatment = [ sieved over 2 mm sieve ] size = [ 0.002 - 0.05 mm ]""}",28,AF-AfSP,Burkina Faso,100 m - 1 km,Western Africa,Africa,1969-??-??,"Attribution-NonCommercial 3.0 International (CC BY-NC 3.0), https://creativecommons.org/licenses/by-nc/3.0/"
0.519444,11.6083,576307,86254,BF VALSOL_ES-62,,0,13,0,{12.3},"{""sample pretreatment = [ sieved over 2 mm sieve ] size = [ 0.002 - 0.05 mm ]""}",12.3,AF-AfSP,Burkina Faso,100 m - 1 km,Western Africa,Africa,1969-??-??,"Attribution-NonCommercial 3.0 International (CC BY-NC 3.0), https://creativecommons.org/licenses/by-nc/3.0/"
0.519444,11.6083,576307,86255,BF VALSOL_ES-62,,13,30,0,{14.3},"{""sample pretreatment = [ sieved over 2 mm sieve ] size = [ 0.002 - 0.05 mm ]""}",14.3,AF-AfSP,Burkina Faso,100 m - 1 km,Western Africa,Africa,1969-??-??,"Attribution-NonCommercial 3.0 International (CC BY-NC 3.0), https://creativecommons.org/licenses/by-nc/3.0/"
0.519444,11.6083,576307,86256,BF VALSOL_ES-62,,30,195,0,{24.7},"{""sample pretreatment = [ sieved over 2 mm sieve ] size = [ 0.002 - 0.05 mm ]""}",24.7,AF-AfSP,Burkina Faso,100 m - 1 km,Western Africa,Africa,1969-??-??,"Attribution-NonCommercial 3.0 International (CC BY-NC 3.0), https://creativecommons.org/licenses/by-nc/3.0/"
0.530556,11.5222,576308,86257,BF VALSOL_ES-60,,0,20,0,{21.8},"{""sample pretreatment = [ sieved over 2 mm sieve ] size = [ 0.002 - 0.05 mm ]""}",21.8,AF-AfSP,Burkina Faso,100 m - 1 km,Western Africa,Africa,1969-??-??,"Attribution-NonCommercial 3.0 International (CC BY-NC 3.0), https://creativecommons.org/licenses/by-nc/3.0/"
0.530556,11.5222,576308,86258,BF VALSOL_ES-60,,20,44,0,{20.6},"{""sample pretreatment = [ sieved over 2 mm sieve ] size = [ 0.002 - 0.05 mm ]""}",20.6,AF-AfSP,Burkina Faso,100 m - 1 km,Western Africa,Africa,1969-??-??,"Attribution-NonCommercial 3.0 International (CC BY-NC 3.0), https://creativecommons.org/licenses/by-nc/3.0/"
0.530556,11.5222,576308,86259,BF VALSOL_ES-60,,44,170,0,{21.0},"{""sample pretreatment = [ sieved over 2 mm sieve ] size = [ 0.002 - 0.05 mm ]""}",21,AF-AfSP,Burkina Faso,100 m - 1 km,Western Africa,Africa,1969-??-??,"Attribution-NonCommercial 3.0 International (CC BY-NC 3.0), https://creativecommons.org/licenses/by-nc/3.0/"
0.544444,11.4833,576309,86260,BF VALSOL_ES-59,,0,13,0,{13.5},"{""sample pretreatment = [ sieved over 2 mm sieve ] size = [ 0.002 - 0.05 mm ]""}",13.5,AF-AfSP,Burkina Faso,100 m - 1 km,Western Africa,Africa,1969-??-??,"Attribution-NonCommercial 3.0 International (CC BY-NC 3.0), https://creativecommons.org/licenses/by-nc/3.0/"
0.544444,11.4833,576309,86261,BF VALSOL_ES-59,,13,40,0,{15.0},"{""sample pretreatment = [ sieved over 2 mm sieve ] size = [ 0.002 - 0.05 mm ]""}",15,AF-AfSP,Burkina Faso,100 m - 1 km,Western Africa,Africa,1969-??-??,"Attribution-NonCommercial 3.0 International (CC BY-NC 3.0), https://creativecommons.org/licenses/by-nc/3.0/"
0.544444,11.4833,576309,86262,BF VALSOL_ES-59,,40,80,0,{10.3},"{""sample pretreatment = [ sieved over 2 mm sieve ] size = [ 0.002 - 0.05 mm ]""}",10.3,AF-AfSP,Burkina Faso,100 m - 1 km,Western Africa,Africa,1969-??-??,"Attribution-NonCommercial 3.0 International (CC BY-NC 3.0), https://creativecommons.org/licenses/by-nc/3.0/"
0.544444,11.4833,576309,86263,BF VALSOL_ES-59,,80,175,0,{7.0},"{""sample pretreatment = [ sieved over 2 mm sieve ] size = [ 0.002 - 0.05 mm ]""}",7,AF-AfSP,Burkina Faso,100 m - 1 km,Western Africa,Africa,1969-??-??,"Attribution-NonCommercial 3.0 International (CC BY-NC 3.0), https://creativecommons.org/licenses/by-nc/3.0/"
0.552778,11.1111,576310,86264,BF VALSOL_ES-84,,0,17,0,{15.6},"{""sample pretreatment = [ sieved over 2 mm sieve ] size = [ 0.002 - 0.05 mm ]""}",15.6,AF-AfSP,Burkina Faso,100 m - 1 km,Western Africa,Africa,1969-??-??,"Attribution-NonCommercial 3.0 International (CC BY-NC 3.0), https://creativecommons.org/licenses/by-nc/3.0/"
0.552778,11.1111,576310,86265,BF VALSOL_ES-84,,17,36,0,{18.6},"{""sample pretreatment = [ sieved over 2 mm sieve ] size = [ 0.002 - 0.05 mm ]""}",18.6,AF-AfSP,Burkina Faso,100 m - 1 km,Western Africa,Africa,1969-??-??,"Attribution-NonCommercial 3.0 International (CC BY-NC 3.0), https://creativecommons.org/licenses/by-nc/3.0/"
0.552778,11.1111,576310,86266,BF VALSOL_ES-84,,36,160,0,{20.0},"{""sample pretreatment = [ sieved over 2 mm sieve ] size = [ 0.002 - 0.05 mm ]""}",20,AF-AfSP,Burkina Faso,100 m - 1 km,Western Africa,Africa,1969-??-??,"Attribution-NonCommercial 3.0 International (CC BY-NC 3.0), https://creativecommons.org/licenses/by-nc/3.0/"
0.555556,11.1361,576311,86267,BF VALSOL_ES-85,A1,0,14,0,{18.3},"{""sample pretreatment = [ sieved over 2 mm sieve ] size = [ 0.002 - 0.05 mm ]""}",18.3,AF-AfSP,Burkina Faso,100 m - 1 km,Western Africa,Africa,1969-??-??,"Attribution-NonCommercial 3.0 International (CC BY-NC 3.0), https://creativecommons.org/licenses/by-nc/3.0/"
0.555556,11.1361,576311,86268,BF VALSOL_ES-85,A2,14,27,0,{13.5},"{""sample pretreatment = [ sieved over 2 mm sieve ] size = [ 0.002 - 0.05 mm ]""}",13.5,AF-AfSP,Burkina Faso,100 m - 1 km,Western Africa,Africa,1969-??-??,"Attribution-NonCommercial 3.0 International (CC BY-NC 3.0), https://creativecommons.org/licenses/by-nc/3.0/"
0.555556,11.1361,576311,86269,BF VALSOL_ES-85,B,27,130,0,{16.9},"{""sample pretreatment = [ sieved over 2 mm sieve ] size = [ 0.002 - 0.05 mm ]""}",16.9,AF-AfSP,Burkina Faso,100 m - 1 km,Western Africa,Africa,1969-??-??,"Attribution-NonCommercial 3.0 International (CC BY-NC 3.0), https://creativecommons.org/licenses/by-nc/3.0/"
0.555556,11.1361,576311,86270,BF VALSOL_ES-85,,130,175,0,{22.3},"{""sample pretreatment = [ sieved over 2 mm sieve ] size = [ 0.002 - 0.05 mm ]""}",22.3,AF-AfSP,Burkina Faso,100 m - 1 km,Western Africa,Africa,1969-??-??,"Attribution-NonCommercial 3.0 International (CC BY-NC 3.0), https://creativecommons.org/licenses/by-nc/3.0/"
0.561111,12.0014,576312,86271,BF VALSOL_ES-10,,0,19,0,{18.8},"{""sample pretreatment = [ sieved over 2 mm sieve ] size = [ 0.002 - 0.05 mm ]""}",18.8,AF-AfSP,Burkina Faso,100 m - 1 km,Western Africa,Africa,1969-??-??,"Attribution-NonCommercial 3.0 International (CC BY-NC 3.0), https://creativecommons.org/licenses/by-nc/3.0/"
0.561111,12.0014,576312,86272,BF VALSOL_ES-10,,19,56,0,{22.1},"{""sample pretreatment = [ sieved over 2 mm sieve ] size = [ 0.002 - 0.05 mm ]""}",22.1,AF-AfSP,Burkina Faso,100 m - 1 km,Western Africa,Africa,1969-??-??,"Attribution-NonCommercial 3.0 International (CC BY-NC 3.0), https://creativecommons.org/licenses/by-nc/3.0/"
0.561111,12.0014,576312,86273,BF VALSOL_ES-10,,56,100,0,{19.5},"{""sample pretreatment = [ sieved over 2 mm sieve ] size = [ 0.002 - 0.05 mm ]""}",19.5,AF-AfSP,Burkina Faso,100 m - 1 km,Western Africa,Africa,1969-??-??,"Attribution-NonCommercial 3.0 International (CC BY-NC 3.0), https://creativecommons.org/licenses/by-nc/3.0/"
0.561111,12.0014,576312,86274,BF VALSOL_ES-10,,100,170,0,{27.0},"{""sample pretreatment = [ sieved over 2 mm sieve ] size = [ 0.002 - 0.05 mm ]""}",27,AF-AfSP,Burkina Faso,100 m - 1 km,Western Africa,Africa,1969-??-??,"Attribution-NonCommercial 3.0 International (CC BY-NC 3.0), https://creativecommons.org/licenses/by-nc/3.0/"
0.647222,12.3333,576313,86275,BF VALSOL_ES-11,,0,13,0,{20.0},"{""sample pretreatment = [ sieved over 2 mm sieve ] size = [ 0.002 - 0.05 mm ]""}",20,AF-AfSP,Burkina Faso,100 m - 1 km,Western Africa,Africa,1969-??-??,"Attribution-NonCommercial 3.0 International (CC BY-NC 3.0), https://creativecommons.org/licenses/by-nc/3.0/"
0.647222,12.3333,576313,86276,BF VALSOL_ES-11,,13,70,0,{24.9},"{""sample pretreatment = [ sieved over 2 mm sieve ] size = [ 0.002 - 0.05 mm ]""}",24.9,AF-AfSP,Burkina Faso,100 m - 1 km,Western Africa,Africa,1969-??-??,"Attribution-NonCommercial 3.0 International (CC BY-NC 3.0), https://creativecommons.org/licenses/by-nc/3.0/"
0.647222,12.3333,576313,86277,BF VALSOL_ES-11,,70,135,0,{23.3},"{""sample pretreatment = [ sieved over 2 mm sieve ] size = [ 0.002 - 0.05 mm ]""}",23.3,AF-AfSP,Burkina Faso,100 m - 1 km,Western Africa,Africa,1969-??-??,"Attribution-NonCommercial 3.0 International (CC BY-NC 3.0), https://creativecommons.org/licenses/by-nc/3.0/"
0.647222,12.3333,576313,86278,BF VALSOL_ES-11,,135,160,0,{14.3},"{""sample pretreatment = [ sieved over 2 mm sieve ] size = [ 0.002 - 0.05 mm ]""}",14.3,AF-AfSP,Burkina Faso,100 m - 1 km,Western Africa,Africa,1969-??-??,"Attribution-NonCommercial 3.0 International (CC BY-NC 3.0), https://creativecommons.org/licenses/by-nc/3.0/"
0.658333,11.275,576314,86279,BF VALSOL_ES-58,,0,12,0,{14.0},"{""sample pretreatment = [ sieved over 2 mm sieve ] size = [ 0.002 - 0.05 mm ]""}",14,AF-AfSP,Burkina Faso,100 m - 1 km,Western Africa,Africa,1969-??-??,"Attribution-NonCommercial 3.0 International (CC BY-NC 3.0), https://creativecommons.org/licenses/by-nc/3.0/"
0.658333,11.275,576314,86280,BF VALSOL_ES-58,,12,26,0,{14.1},"{""sample pretreatment = [ sieved over 2 mm sieve ] size = [ 0.002 - 0.05 mm ]""}",14.1,AF-AfSP,Burkina Faso,100 m - 1 km,Western Africa,Africa,1969-??-??,"Attribution-NonCommercial 3.0 International (CC BY-NC 3.0), https://creativecommons.org/licenses/by-nc/3.0/"
0.658333,11.275,576314,86281,BF VALSOL_ES-58,,26,45,0,{13.3},"{""sample pretreatment = [ sieved over 2 mm sieve ] size = [ 0.002 - 0.05 mm ]""}",13.3,AF-AfSP,Burkina Faso,100 m - 1 km,Western Africa,Africa,1969-??-??,"Attribution-NonCommercial 3.0 International (CC BY-NC 3.0), https://creativecommons.org/licenses/by-nc/3.0/"
0.658333,11.275,576314,86282,BF VALSOL_ES-58,,45,140,0,{16.8},"{""sample pretreatment = [ sieved over 2 mm sieve ] size = [ 0.002 - 0.05 mm ]""}",16.8,AF-AfSP,Burkina Faso,100 m - 1 km,Western Africa,Africa,1969-??-??,"Attribution-NonCommercial 3.0 International (CC BY-NC 3.0), https://creativecommons.org/licenses/by-nc/3.0/"
0.675,12.0389,576315,86283,BF VALSOL_ES-12,,0,10,0,{20.1},"{""sample pretreatment = [ sieved over 2 mm sieve ] size = [ 0.002 - 0.05 mm ]""}",20.1,AF-AfSP,Burkina Faso,100 m - 1 km,Western Africa,Africa,1969-??-??,"Attribution-NonCommercial 3.0 International (CC BY-NC 3.0), https://creativecommons.org/licenses/by-nc/3.0/"
0.675,12.0389,576315,86284,BF VALSOL_ES-12,,10,20,0,{20.1},"{""sample pretreatment = [ sieved over 2 mm sieve ] size = [ 0.002 - 0.05 mm ]""}",20.1,AF-AfSP,Burkina Faso,100 m - 1 km,Western Africa,Africa,1969-??-??,"Attribution-NonCommercial 3.0 International (CC BY-NC 3.0), https://creativecommons.org/licenses/by-nc/3.0/"
0.677778,11.2111,576316,86285,BF VALSOL_ES-83,,0,16,0,{15.8},"{""sample pretreatment = [ sieved over 2 mm sieve ] size = [ 0.002 - 0.05 mm ]""}",15.8,AF-AfSP,Burkina Faso,100 m - 1 km,Western Africa,Africa,1969-??-??,"Attribution-NonCommercial 3.0 International (CC BY-NC 3.0), https://creativecommons.org/licenses/by-nc/3.0/"
0.677778,11.2111,576316,86286,BF VALSOL_ES-83,,16,30,0,{17.4},"{""sample pretreatment = [ sieved over 2 mm sieve ] size = [ 0.002 - 0.05 mm ]""}",17.4,AF-AfSP,Burkina Faso,100 m - 1 km,Western Africa,Africa,1969-??-??,"Attribution-NonCommercial 3.0 International (CC BY-NC 3.0), https://creativecommons.org/licenses/by-nc/3.0/"
0.677778,11.2111,576316,86287,BF VALSOL_ES-83,,30,84,0,{20.8},"{""sample pretreatment = [ sieved over 2 mm sieve ] size = [ 0.002 - 0.05 mm ]""}",20.8,AF-AfSP,Burkina Faso,100 m - 1 km,Western Africa,Africa,1969-??-??,"Attribution-NonCommercial 3.0 International (CC BY-NC 3.0), https://creativecommons.org/licenses/by-nc/3.0/"
0.677778,11.2111,576316,86288,BF VALSOL_ES-83,,84,120,0,{17.5},"{""sample pretreatment = [ sieved over 2 mm sieve ] size = [ 0.002 - 0.05 mm ]""}",17.5,AF-AfSP,Burkina Faso,100 m - 1 km,Western Africa,Africa,1969-??-??,"Attribution-NonCommercial 3.0 International (CC BY-NC 3.0), https://creativecommons.org/licenses/by-nc/3.0/"
0.677778,12.0417,576317,86289,BF VALSOL_ES-13,,0,20,0,{20.8},"{""sample pretreatment = [ sieved over 2 mm sieve ] size = [ 0.002 - 0.05 mm ]""}",20.8,AF-AfSP,Burkina Faso,100 m - 1 km,Western Africa,Africa,1969-??-??,"Attribution-NonCommercial 3.0 International (CC BY-NC 3.0), https://creativecommons.org/licenses/by-nc/3.0/"
0.677778,12.0417,576317,86290,BF VALSOL_ES-13,,20,80,0,{22.2},"{""sample pretreatment = [ sieved over 2 mm sieve ] size = [ 0.002 - 0.05 mm ]""}",22.2,AF-AfSP,Burkina Faso,100 m - 1 km,Western Africa,Africa,1969-??-??,"Attribution-NonCommercial 3.0 International (CC BY-NC 3.0), https://creativecommons.org/licenses/by-nc/3.0/"
0.677778,12.0417,576317,86291,BF VALSOL_ES-13,,80,198,0,{14.3},"{""sample pretreatment = [ sieved over 2 mm sieve ] size = [ 0.002 - 0.05 mm ]""}",14.3,AF-AfSP,Burkina Faso,100 m - 1 km,Western Africa,Africa,1969-??-??,"Attribution-NonCommercial 3.0 International (CC BY-NC 3.0), https://creativecommons.org/licenses/by-nc/3.0/"
0.680556,13.436111,576318,86292,BF 30237_HVR6,A,0,10,0,{10.6},"{""sample pretreatment = [ sieved over 2 mm sieve ] size = [ 0.002 - 0.05 mm ]""}",10.6,AF-AfSP,Burkina Faso,100 m - 1 km,Western Africa,Africa,1969-??-??,"Attribution-NonCommercial 3.0 International (CC BY-NC 3.0), https://creativecommons.org/licenses/by-nc/3.0/"
0.680556,13.436111,576318,86293,BF 30237_HVR6,B,10,40,0,{10.3},"{""sample pretreatment = [ sieved over 2 mm sieve ] size = [ 0.002 - 0.05 mm ]""}",10.3,AF-AfSP,Burkina Faso,100 m - 1 km,Western Africa,Africa,1969-??-??,"Attribution-NonCommercial 3.0 International (CC BY-NC 3.0), https://creativecommons.org/licenses/by-nc/3.0/"
0.7,13.6292,576319,86295,BF VALSOL_ES-133,,0,9,0,{9.6},"{""sample pretreatment = [ sieved over 2 mm sieve ] size = [ 0.002 - 0.05 mm ]""}",9.6,AF-AfSP,Burkina Faso,100 m - 1 km,Western Africa,Africa,1969-??-??,"Attribution-NonCommercial 3.0 International (CC BY-NC 3.0), https://creativecommons.org/licenses/by-nc/3.0/"
0.7,13.6292,576319,86296,BF VALSOL_ES-133,,9,18,0,{13.5},"{""sample pretreatment = [ sieved over 2 mm sieve ] size = [ 0.002 - 0.05 mm ]""}",13.5,AF-AfSP,Burkina Faso,100 m - 1 km,Western Africa,Africa,1969-??-??,"Attribution-NonCommercial 3.0 International (CC BY-NC 3.0), https://creativecommons.org/licenses/by-nc/3.0/"
0.7,13.6292,576319,86297,BF VALSOL_ES-133,,18,40,0,{11.2},"{""sample pretreatment = [ sieved over 2 mm sieve ] size = [ 0.002 - 0.05 mm ]""}",11.2,AF-AfSP,Burkina Faso,100 m - 1 km,Western Africa,Africa,1969-??-??,"Attribution-NonCommercial 3.0 International (CC BY-NC 3.0), https://creativecommons.org/licenses/by-nc/3.0/"
0.7,13.6292,576319,86298,BF VALSOL_ES-133,,40,80,0,{10.9},"{""sample pretreatment = [ sieved over 2 mm sieve ] size = [ 0.002 - 0.05 mm ]""}",10.9,AF-AfSP,Burkina Faso,100 m - 1 km,Western Africa,Africa,1969-??-??,"Attribution-NonCommercial 3.0 International (CC BY-NC 3.0), https://creativecommons.org/licenses/by-nc/3.0/"
0.722222,13.0333,576320,86299,BF VALSOL_ES-141,,0,6,0,{14.8},"{""sample pretreatment = [ sieved over 2 mm sieve ] size = [ 0.002 - 0.05 mm ]""}",14.8,AF-AfSP,Burkina Faso,100 m - 1 km,Western Africa,Africa,1969-??-??,"Attribution-NonCommercial 3.0 International (CC BY-NC 3.0), https://creativecommons.org/licenses/by-nc/3.0/"
0.722222,13.0333,576320,86300,BF VALSOL_ES-141,,6,20,0,{12.2},"{""sample pretreatment = [ sieved over 2 mm sieve ] size = [ 0.002 - 0.05 mm ]""}",12.2,AF-AfSP,Burkina Faso,100 m - 1 km,Western Africa,Africa,1969-??-??,"Attribution-NonCommercial 3.0 International (CC BY-NC 3.0), https://creativecommons.org/licenses/by-nc/3.0/"
0.722222,13.0333,576320,86301,BF VALSOL_ES-141,,20,40,0,{12.5},"{""sample pretreatment = [ sieved over 2 mm sieve ] size = [ 0.002 - 0.05 mm ]""}",12.5,AF-AfSP,Burkina Faso,100 m - 1 km,Western Africa,Africa,1969-??-??,"Attribution-NonCommercial 3.0 International (CC BY-NC 3.0), https://creativecommons.org/licenses/by-nc/3.0/"
0.733333,13.0333,576321,86303,BF VALSOL_ES-142,,0,16,0,{29.7},"{""sample pretreatment = [ sieved over 2 mm sieve ] size = [ 0.002 - 0.05 mm ]""}",29.7,AF-AfSP,Burkina Faso,100 m - 1 km,Western Africa,Africa,1969-??-??,"Attribution-NonCommercial 3.0 International (CC BY-NC 3.0), https://creativecommons.org/licenses/by-nc/3.0/"
0.733333,13.0333,576321,86304,BF VALSOL_ES-142,,16,40,0,{25.8},"{""sample pretreatment = [ sieved over 2 mm sieve ] size = [ 0.002 - 0.05 mm ]""}",25.8,AF-AfSP,Burkina Faso,100 m - 1 km,Western Africa,Africa,1969-??-??,"Attribution-NonCommercial 3.0 International (CC BY-NC 3.0), https://creativecommons.org/licenses/by-nc/3.0/"
0.733333,13.0333,576321,86305,BF VALSOL_ES-142,,40,120,0,{12.0},"{""sample pretreatment = [ sieved over 2 mm sieve ] size = [ 0.002 - 0.05 mm ]""}",12,AF-AfSP,Burkina Faso,100 m - 1 km,Western Africa,Africa,1969-??-??,"Attribution-NonCommercial 3.0 International (CC BY-NC 3.0), https://creativecommons.org/licenses/by-nc/3.0/"
0.761111,12.0444,576322,86307,BF VALSOL_ES-14,,0,12,0,{23.3},"{""sample pretreatment = [ sieved over 2 mm sieve ] size = [ 0.002 - 0.05 mm ]""}",23.3,AF-AfSP,Burkina Faso,100 m - 1 km,Western Africa,Africa,1969-??-??,"Attribution-NonCommercial 3.0 International (CC BY-NC 3.0), https://creativecommons.org/licenses/by-nc/3.0/"
0.761111,12.0444,576322,86308,BF VALSOL_ES-14,,12,30,0,{25.4},"{""sample pretreatment = [ sieved over 2 mm sieve ] size = [ 0.002 - 0.05 mm ]""}",25.4,AF-AfSP,Burkina Faso,100 m - 1 km,Western Africa,Africa,1969-??-??,"Attribution-NonCommercial 3.0 International (CC BY-NC 3.0), https://creativecommons.org/licenses/by-nc/3.0/"
0.761111,12.0444,576322,86309,BF VALSOL_ES-14,,30,90,0,{21.0},"{""sample pretreatment = [ sieved over 2 mm sieve ] size = [ 0.002 - 0.05 mm ]""}",21,AF-AfSP,Burkina Faso,100 m - 1 km,Western Africa,Africa,1969-??-??,"Attribution-NonCommercial 3.0 International (CC BY-NC 3.0), https://creativecommons.org/licenses/by-nc/3.0/"
0.761111,12.0444,576322,86310,BF VALSOL_ES-14,,90,180,0,{27.0},"{""sample pretreatment = [ sieved over 2 mm sieve ] size = [ 0.002 - 0.05 mm ]""}",27,AF-AfSP,Burkina Faso,100 m - 1 km,Western Africa,Africa,1969-??-??,"Attribution-NonCommercial 3.0 International (CC BY-NC 3.0), https://creativecommons.org/licenses/by-nc/3.0/"
0.794444,11.1972,576323,86311,BF VALSOL_ES-57,,0,18,0,{18.7},"{""sample pretreatment = [ sieved over 2 mm sieve ] size = [ 0.002 - 0.05 mm ]""}",18.7,AF-AfSP,Burkina Faso,100 m - 1 km,Western Africa,Africa,1969-??-??,"Attribution-NonCommercial 3.0 International (CC BY-NC 3.0), https://creativecommons.org/licenses/by-nc/3.0/"
0.794444,11.1972,576323,86312,BF VALSOL_ES-57,,18,36,0,{7.5},"{""sample pretreatment = [ sieved over 2 mm sieve ] size = [ 0.002 - 0.05 mm ]""}",7.5,AF-AfSP,Burkina Faso,100 m - 1 km,Western Africa,Africa,1969-??-??,"Attribution-NonCommercial 3.0 International (CC BY-NC 3.0), https://creativecommons.org/licenses/by-nc/3.0/"
0.794444,11.1972,576323,86313,BF VALSOL_ES-57,,36,120,0,{15.2},"{""sample pretreatment = [ sieved over 2 mm sieve ] size = [ 0.002 - 0.05 mm ]""}",15.2,AF-AfSP,Burkina Faso,100 m - 1 km,Western Africa,Africa,1969-??-??,"Attribution-NonCommercial 3.0 International (CC BY-NC 3.0), https://creativecommons.org/licenses/by-nc/3.0/"
0.902778,11.1083,576324,86314,BF VALSOL_ES-54,A1,0,21,0,{32.1},"{""sample pretreatment = [ sieved over 2 mm sieve ] size = [ 0.002 - 0.05 mm ]""}",32.1,AF-AfSP,Burkina Faso,100 m - 1 km,Western Africa,Africa,1969-??-??,"Attribution-NonCommercial 3.0 International (CC BY-NC 3.0), https://creativecommons.org/licenses/by-nc/3.0/"
0.902778,11.1083,576324,86315,BF VALSOL_ES-54,A2,21,64,0,{36.0},"{""sample pretreatment = [ sieved over 2 mm sieve ] size = [ 0.002 - 0.05 mm ]""}",36,AF-AfSP,Burkina Faso,100 m - 1 km,Western Africa,Africa,1969-??-??,"Attribution-NonCommercial 3.0 International (CC BY-NC 3.0), https://creativecommons.org/licenses/by-nc/3.0/"
0.902778,11.1083,576324,86316,BF VALSOL_ES-54,Bgo,64,105,0,{35.0},"{""sample pretreatment = [ sieved over 2 mm sieve ] size = [ 0.002 - 0.05 mm ]""}",35,AF-AfSP,Burkina Faso,100 m - 1 km,Western Africa,Africa,1969-??-??,"Attribution-NonCommercial 3.0 International (CC BY-NC 3.0), https://creativecommons.org/licenses/by-nc/3.0/"
0.902778,11.1083,576324,86317,BF VALSOL_ES-54,Bgocn,105,170,0,{29.0},"{""sample pretreatment = [ sieved over 2 mm sieve ] size = [ 0.002 - 0.05 mm ]""}",29,AF-AfSP,Burkina Faso,100 m - 1 km,Western Africa,Africa,1969-??-??,"Attribution-NonCommercial 3.0 International (CC BY-NC 3.0), https://creativecommons.org/licenses/by-nc/3.0/"
0.918889,11.095278,576325,86318,BF 27877_BRM5,A,0,14,0,{33.5},"{""sample pretreatment = [ sieved over 2 mm sieve ] size = [ 0.002 - 0.05 mm ]""}",33.5,AF-AfSP,Burkina Faso,Circa 100 m,Western Africa,Africa,2000-??-??,"Attribution-NonCommercial 3.0 International (CC BY-NC 3.0), https://creativecommons.org/licenses/by-nc/3.0/"
0.918889,11.095278,576325,86319,BF 27877_BRM5,,14,34,0,{31.7},"{""sample pretreatment = [ sieved over 2 mm sieve ] size = [ 0.002 - 0.05 mm ]""}",31.7,AF-AfSP,Burkina Faso,Circa 100 m,Western Africa,Africa,2000-??-??,"Attribution-NonCommercial 3.0 International (CC BY-NC 3.0), https://creativecommons.org/licenses/by-nc/3.0/"
0.918889,11.095278,576325,86320,BF 27877_BRM5,Bw1,34,76,0,{30.7},"{""sample pretreatment = [ sieved over 2 mm sieve ] size = [ 0.002 - 0.05 mm ]""}",30.7,AF-AfSP,Burkina Faso,Circa 100 m,Western Africa,Africa,2000-??-??,"Attribution-NonCommercial 3.0 International (CC BY-NC 3.0), https://creativecommons.org/licenses/by-nc/3.0/"
0.918889,11.095278,576325,86321,BF 27877_BRM5,Bw2,76,123,0,{33.9},"{""sample pretreatment = [ sieved over 2 mm sieve ] size = [ 0.002 - 0.05 mm ]""}",33.9,AF-AfSP,Burkina Faso,Circa 100 m,Western Africa,Africa,2000-??-??,"Attribution-NonCommercial 3.0 International (CC BY-NC 3.0), https://creativecommons.org/licenses/by-nc/3.0/"
0.918889,11.095278,576325,86322,BF 27877_BRM5,Bwg,123,200,0,{36.3},"{""sample pretreatment = [ sieved over 2 mm sieve ] size = [ 0.002 - 0.05 mm ]""}",36.3,AF-AfSP,Burkina Faso,Circa 100 m,Western Africa,Africa,2000-??-??,"Attribution-NonCommercial 3.0 International (CC BY-NC 3.0), https://creativecommons.org/licenses/by-nc/3.0/"
0.941667,11.0722,576326,86323,BF VALSOL_ES-55,,0,20,0,{52.7},"{""sample pretreatment = [ sieved over 2 mm sieve ] size = [ 0.002 - 0.05 mm ]""}",52.7,AF-AfSP,Burkina Faso,100 m - 1 km,Western Africa,Africa,1969-??-??,"Attribution-NonCommercial 3.0 International (CC BY-NC 3.0), https://creativecommons.org/licenses/by-nc/3.0/"
0.941667,11.0722,576326,86324,BF VALSOL_ES-55,,20,46,0,{42.7},"{""sample pretreatment = [ sieved over 2 mm sieve ] size = [ 0.002 - 0.05 mm ]""}",42.7,AF-AfSP,Burkina Faso,100 m - 1 km,Western Africa,Africa,1969-??-??,"Attribution-NonCommercial 3.0 International (CC BY-NC 3.0), https://creativecommons.org/licenses/by-nc/3.0/"
0.941667,11.0722,576326,86325,BF VALSOL_ES-55,,46,100,0,{36.0},"{""sample pretreatment = [ sieved over 2 mm sieve ] size = [ 0.002 - 0.05 mm ]""}",36,AF-AfSP,Burkina Faso,100 m - 1 km,Western Africa,Africa,1969-??-??,"Attribution-NonCommercial 3.0 International (CC BY-NC 3.0), https://creativecommons.org/licenses/by-nc/3.0/"
0.969444,11.0528,576327,86326,BF VALSOL_ES-56,,0,19,0,{76.3},"{""sample pretreatment = [ sieved over 2 mm sieve ] size = [ 0.002 - 0.05 mm ]""}",76.3,AF-AfSP,Benin,100 m - 1 km,Western Africa,Africa,1969-??-??,"Attribution-NonCommercial 3.0 International (CC BY-NC 3.0), https://creativecommons.org/licenses/by-nc/3.0/"
0.969444,11.0528,576327,86327,BF VALSOL_ES-56,,19,74,0,{40.8},"{""sample pretreatment = [ sieved over 2 mm sieve ] size = [ 0.002 - 0.05 mm ]""}",40.8,AF-AfSP,Benin,100 m - 1 km,Western Africa,Africa,1969-??-??,"Attribution-NonCommercial 3.0 International (CC BY-NC 3.0), https://creativecommons.org/licenses/by-nc/3.0/"
0.969444,11.0528,576327,86328,BF VALSOL_ES-56,,74,185,0,{42.4},"{""sample pretreatment = [ sieved over 2 mm sieve ] size = [ 0.002 - 0.05 mm ]""}",42.4,AF-AfSP,Benin,100 m - 1 km,Western Africa,Africa,1969-??-??,"Attribution-NonCommercial 3.0 International (CC BY-NC 3.0), https://creativecommons.org/licenses/by-nc/3.0/"
0.975,12.4444,576328,86329,BF VALSOL_ES-17,,0,20,0,{20.4},"{""sample pretreatment = [ sieved over 2 mm sieve ] size = [ 0.002 - 0.05 mm ]""}",20.4,AF-AfSP,Burkina Faso,100 m - 1 km,Western Africa,Africa,1969-??-??,"Attribution-NonCommercial 3.0 International (CC BY-NC 3.0), https://creativecommons.org/licenses/by-nc/3.0/"
0.975,12.4444,576328,86330,BF VALSOL_ES-17,,20,115,0,{21.5},"{""sample pretreatment = [ sieved over 2 mm sieve ] size = [ 0.002 - 0.05 mm ]""}",21.5,AF-AfSP,Burkina Faso,100 m - 1 km,Western Africa,Africa,1969-??-??,"Attribution-NonCommercial 3.0 International (CC BY-NC 3.0), https://creativecommons.org/licenses/by-nc/3.0/"
0.975,12.4444,576328,86331,BF VALSOL_ES-17,,115,175,0,{22.9},"{""sample pretreatment = [ sieved over 2 mm sieve ] size = [ 0.002 - 0.05 mm ]""}",22.9,AF-AfSP,Burkina Faso,100 m - 1 km,Western Africa,Africa,1969-??-??,"Attribution-NonCommercial 3.0 International (CC BY-NC 3.0), https://creativecommons.org/licenses/by-nc/3.0/"
1.01667,12.1014,576329,86332,BF VALSOL_ES-156,A1,0,5,0,{20.4},"{""sample pretreatment = [ sieved over 2 mm sieve ] size = [ 0.002 - 0.05 mm ]""}",20.4,AF-AfSP,Burkina Faso,100 m - 1 km,Western Africa,Africa,1969-??-??,"Attribution-NonCommercial 3.0 International (CC BY-NC 3.0), https://creativecommons.org/licenses/by-nc/3.0/"
1.01944,11.6083,576330,86336,BF VALSOL_ES-94,,0,12,0,{29.5},"{""sample pretreatment = [ sieved over 2 mm sieve ] size = [ 0.002 - 0.05 mm ]""}",29.5,AF-AfSP,Burkina Faso,100 m - 1 km,Western Africa,Africa,1969-??-??,"Attribution-NonCommercial 3.0 International (CC BY-NC 3.0), https://creativecommons.org/licenses/by-nc/3.0/"
1.01944,11.6083,576330,86337,BF VALSOL_ES-94,,12,55,0,{25.2},"{""sample pretreatment = [ sieved over 2 mm sieve ] size = [ 0.002 - 0.05 mm ]""}",25.2,AF-AfSP,Burkina Faso,100 m - 1 km,Western Africa,Africa,1969-??-??,"Attribution-NonCommercial 3.0 International (CC BY-NC 3.0), https://creativecommons.org/licenses/by-nc/3.0/"
1.01944,12.1083,576331,86338,BF VALSOL_ES-155,A1,0,10,0,{17.7},"{""sample pretreatment = [ sieved over 2 mm sieve ] size = [ 0.002 - 0.05 mm ]""}",17.7,AF-AfSP,Burkina Faso,100 m - 1 km,Western Africa,Africa,1969-??-??,"Attribution-NonCommercial 3.0 International (CC BY-NC 3.0), https://creativecommons.org/licenses/by-nc/3.0/"
1.01944,12.1083,576331,86339,BF VALSOL_ES-155,,10,45,0,{19.7},"{""sample pretreatment = [ sieved over 2 mm sieve ] size = [ 0.002 - 0.05 mm ]""}",19.7,AF-AfSP,Burkina Faso,100 m - 1 km,Western Africa,Africa,1969-??-??,"Attribution-NonCommercial 3.0 International (CC BY-NC 3.0), https://creativecommons.org/licenses/by-nc/3.0/"
1.01944,12.1083,576331,86341,BF VALSOL_ES-155,B,81,95,0,{15.0},"{""sample pretreatment = [ sieved over 2 mm sieve ] size = [ 0.002 - 0.05 mm ]""}",15,AF-AfSP,Burkina Faso,100 m - 1 km,Western Africa,Africa,1969-??-??,"Attribution-NonCommercial 3.0 International (CC BY-NC 3.0), https://creativecommons.org/licenses/by-nc/3.0/"
1.02361,12.1111,576332,86343,BF VALSOL_ES-154,A1,0,22,0,{12.9},"{""sample pretreatment = [ sieved over 2 mm sieve ] size = [ 0.002 - 0.05 mm ]""}",12.9,AF-AfSP,Burkina Faso,100 m - 1 km,Western Africa,Africa,1969-??-??,"Attribution-NonCommercial 3.0 International (CC BY-NC 3.0), https://creativecommons.org/licenses/by-nc/3.0/"
1.02361,12.1111,576332,86344,BF VALSOL_ES-154,A2,22,26,0,{13.3},"{""sample pretreatment = [ sieved over 2 mm sieve ] size = [ 0.002 - 0.05 mm ]""}",13.3,AF-AfSP,Burkina Faso,100 m - 1 km,Western Africa,Africa,1969-??-??,"Attribution-NonCommercial 3.0 International (CC BY-NC 3.0), https://creativecommons.org/licenses/by-nc/3.0/"
1.02361,12.1111,576332,86345,BF VALSOL_ES-154,B1,26,52,0,{13.7},"{""sample pretreatment = [ sieved over 2 mm sieve ] size = [ 0.002 - 0.05 mm ]""}",13.7,AF-AfSP,Burkina Faso,100 m - 1 km,Western Africa,Africa,1969-??-??,"Attribution-NonCommercial 3.0 International (CC BY-NC 3.0), https://creativecommons.org/licenses/by-nc/3.0/"
1.02361,12.1111,576332,86349,BF VALSOL_ES-154,,110,245,0,{28.9},"{""sample pretreatment = [ sieved over 2 mm sieve ] size = [ 0.002 - 0.05 mm ]""}",28.9,AF-AfSP,Burkina Faso,100 m - 1 km,Western Africa,Africa,1969-??-??,"Attribution-NonCommercial 3.0 International (CC BY-NC 3.0), https://creativecommons.org/licenses/by-nc/3.0/"
1.03056,12.1139,576333,86350,BF VALSOL_ES-153,A1,0,12,0,{19.4},"{""sample pretreatment = [ sieved over 2 mm sieve ] size = [ 0.002 - 0.05 mm ]""}",19.4,AF-AfSP,Burkina Faso,100 m - 1 km,Western Africa,Africa,1969-??-??,"Attribution-NonCommercial 3.0 International (CC BY-NC 3.0), https://creativecommons.org/licenses/by-nc/3.0/"
1.03056,12.1139,576333,86351,BF VALSOL_ES-153,,12,26,0,{18.9},"{""sample pretreatment = [ sieved over 2 mm sieve ] size = [ 0.002 - 0.05 mm ]""}",18.9,AF-AfSP,Burkina Faso,100 m - 1 km,Western Africa,Africa,1969-??-??,"Attribution-NonCommercial 3.0 International (CC BY-NC 3.0), https://creativecommons.org/licenses/by-nc/3.0/"
1.03056,12.1139,576333,86352,BF VALSOL_ES-153,A12,26,48,0,{16.6},"{""sample pretreatment = [ sieved over 2 mm sieve ] size = [ 0.002 - 0.05 mm ]""}",16.6,AF-AfSP,Burkina Faso,100 m - 1 km,Western Africa,Africa,1969-??-??,"Attribution-NonCommercial 3.0 International (CC BY-NC 3.0), https://creativecommons.org/licenses/by-nc/3.0/"
1.03056,12.1139,576333,86353,BF VALSOL_ES-153,B1,48,125,0,{30.4},"{""sample pretreatment = [ sieved over 2 mm sieve ] size = [ 0.002 - 0.05 mm ]""}",30.4,AF-AfSP,Burkina Faso,100 m - 1 km,Western Africa,Africa,1969-??-??,"Attribution-NonCommercial 3.0 International (CC BY-NC 3.0), https://creativecommons.org/licenses/by-nc/3.0/"
1.03056,12.1139,576333,86354,BF VALSOL_ES-153,B1,125,187,0,{35.0},"{""sample pretreatment = [ sieved over 2 mm sieve ] size = [ 0.002 - 0.05 mm ]""}",35,AF-AfSP,Burkina Faso,100 m - 1 km,Western Africa,Africa,1969-??-??,"Attribution-NonCommercial 3.0 International (CC BY-NC 3.0), https://creativecommons.org/licenses/by-nc/3.0/"
1.03056,12.1139,576333,86355,BF VALSOL_ES-153,,187,335,0,{40.5},"{""sample pretreatment = [ sieved over 2 mm sieve ] size = [ 0.002 - 0.05 mm ]""}",40.5,AF-AfSP,Burkina Faso,100 m - 1 km,Western Africa,Africa,1969-??-??,"Attribution-NonCommercial 3.0 International (CC BY-NC 3.0), https://creativecommons.org/licenses/by-nc/3.0/"
1.03056,12.1139,576333,86356,BF VALSOL_ES-153,,335,640,0,{43.1},"{""sample pretreatment = [ sieved over 2 mm sieve ] size = [ 0.002 - 0.05 mm ]""}",43.1,AF-AfSP,Burkina Faso,100 m - 1 km,Western Africa,Africa,1969-??-??,"Attribution-NonCommercial 3.0 International (CC BY-NC 3.0), https://creativecommons.org/licenses/by-nc/3.0/"
1.03056,12.1139,576333,86357,BF VALSOL_ES-153,C,640,770,0,{40.3},"{""sample pretreatment = [ sieved over 2 mm sieve ] size = [ 0.002 - 0.05 mm ]""}",40.3,AF-AfSP,Burkina Faso,100 m - 1 km,Western Africa,Africa,1969-??-??,"Attribution-NonCommercial 3.0 International (CC BY-NC 3.0), https://creativecommons.org/licenses/by-nc/3.0/"
1.03333,12.0944,576334,86358,BF VALSOL_ES-117,,0,17,0,{15.2},"{""sample pretreatment = [ sieved over 2 mm sieve ] size = [ 0.002 - 0.05 mm ]""}",15.2,AF-AfSP,Burkina Faso,100 m - 1 km,Western Africa,Africa,1969-??-??,"Attribution-NonCommercial 3.0 International (CC BY-NC 3.0), https://creativecommons.org/licenses/by-nc/3.0/"
1.03333,12.0944,576334,86359,BF VALSOL_ES-117,,17,37,0,{14.5},"{""sample pretreatment = [ sieved over 2 mm sieve ] size = [ 0.002 - 0.05 mm ]""}",14.5,AF-AfSP,Burkina Faso,100 m - 1 km,Western Africa,Africa,1969-??-??,"Attribution-NonCommercial 3.0 International (CC BY-NC 3.0), https://creativecommons.org/licenses/by-nc/3.0/"
1.03333,12.0944,576334,86360,BF VALSOL_ES-117,,37,90,0,{16.1},"{""sample pretreatment = [ sieved over 2 mm sieve ] size = [ 0.002 - 0.05 mm ]""}",16.1,AF-AfSP,Burkina Faso,100 m - 1 km,Western Africa,Africa,1969-??-??,"Attribution-NonCommercial 3.0 International (CC BY-NC 3.0), https://creativecommons.org/licenses/by-nc/3.0/"
1.03333,12.0944,576334,86361,BF VALSOL_ES-117,,90,160,0,{13.2},"{""sample pretreatment = [ sieved over 2 mm sieve ] size = [ 0.002 - 0.05 mm ]""}",13.2,AF-AfSP,Burkina Faso,100 m - 1 km,Western Africa,Africa,1969-??-??,"Attribution-NonCommercial 3.0 International (CC BY-NC 3.0), https://creativecommons.org/licenses/by-nc/3.0/"
1.05,13.3833,576335,86362,BF VALSOL_ES-145,A,0,35,0,{22.3},"{""sample pretreatment = [ sieved over 2 mm sieve ] size = [ 0.002 - 0.05 mm ]""}",22.3,AF-AfSP,Burkina Faso,100 m - 1 km,Western Africa,Africa,1969-??-??,"Attribution-NonCommercial 3.0 International (CC BY-NC 3.0), https://creativecommons.org/licenses/by-nc/3.0/"
1.05,13.3833,576335,86363,BF VALSOL_ES-145,,35,100,0,{15.5},"{""sample pretreatment = [ sieved over 2 mm sieve ] size = [ 0.002 - 0.05 mm ]""}",15.5,AF-AfSP,Burkina Faso,100 m - 1 km,Western Africa,Africa,1969-??-??,"Attribution-NonCommercial 3.0 International (CC BY-NC 3.0), https://creativecommons.org/licenses/by-nc/3.0/"
1.05,13.3833,576335,86364,BF VALSOL_ES-145,,100,200,0,{1.3},"{""sample pretreatment = [ sieved over 2 mm sieve ] size = [ 0.002 - 0.05 mm ]""}",1.3,AF-AfSP,Burkina Faso,100 m - 1 km,Western Africa,Africa,1969-??-??,"Attribution-NonCommercial 3.0 International (CC BY-NC 3.0), https://creativecommons.org/licenses/by-nc/3.0/"
1.05833,11.6,576336,86365,BF VALSOL_ES-93,,0,20,0,{33.4},"{""sample pretreatment = [ sieved over 2 mm sieve ] size = [ 0.002 - 0.05 mm ]""}",33.4,AF-AfSP,Burkina Faso,100 m - 1 km,Western Africa,Africa,1969-??-??,"Attribution-NonCommercial 3.0 International (CC BY-NC 3.0), https://creativecommons.org/licenses/by-nc/3.0/"
1.05833,11.6,576336,86366,BF VALSOL_ES-93,,20,50,0,{33.1},"{""sample pretreatment = [ sieved over 2 mm sieve ] size = [ 0.002 - 0.05 mm ]""}",33.1,AF-AfSP,Burkina Faso,100 m - 1 km,Western Africa,Africa,1969-??-??,"Attribution-NonCommercial 3.0 International (CC BY-NC 3.0), https://creativecommons.org/licenses/by-nc/3.0/"
1.05833,11.6,576336,86367,BF VALSOL_ES-93,,50,110,0,{35.1},"{""sample pretreatment = [ sieved over 2 mm sieve ] size = [ 0.002 - 0.05 mm ]""}",35.1,AF-AfSP,Burkina Faso,100 m - 1 km,Western Africa,Africa,1969-??-??,"Attribution-NonCommercial 3.0 International (CC BY-NC 3.0), https://creativecommons.org/licenses/by-nc/3.0/"
1.05833,11.6,576336,86368,BF VALSOL_ES-93,,110,185,0,{29.9},"{""sample pretreatment = [ sieved over 2 mm sieve ] size = [ 0.002 - 0.05 mm ]""}",29.9,AF-AfSP,Burkina Faso,100 m - 1 km,Western Africa,Africa,1969-??-??,"Attribution-NonCommercial 3.0 International (CC BY-NC 3.0), https://creativecommons.org/licenses/by-nc/3.0/"
1.066667,12.708333,576337,86369,BF 30237_HVR71,A,0,10,0,{22.5},"{""sample pretreatment = [ sieved over 2 mm sieve ] size = [ 0.002 - 0.05 mm ]""}",22.5,AF-AfSP,Burkina Faso,100 m - 1 km,Western Africa,Africa,1969-??-??,"Attribution-NonCommercial 3.0 International (CC BY-NC 3.0), https://creativecommons.org/licenses/by-nc/3.0/"
1.066667,12.708333,576337,86370,BF 30237_HVR71,C,10,20,0,{22.5},"{""sample pretreatment = [ sieved over 2 mm sieve ] size = [ 0.002 - 0.05 mm ]""}",22.5,AF-AfSP,Burkina Faso,100 m - 1 km,Western Africa,Africa,1969-??-??,"Attribution-NonCommercial 3.0 International (CC BY-NC 3.0), https://creativecommons.org/licenses/by-nc/3.0/"
1.10833,12.3944,576338,86372,BF VALSOL_ES-18,,0,10,0,{17.3},"{""sample pretreatment = [ sieved over 2 mm sieve ] size = [ 0.002 - 0.05 mm ]""}",17.3,AF-AfSP,Burkina Faso,100 m - 1 km,Western Africa,Africa,1969-??-??,"Attribution-NonCommercial 3.0 International (CC BY-NC 3.0), https://creativecommons.org/licenses/by-nc/3.0/"
1.10833,12.3944,576338,86373,BF VALSOL_ES-18,,10,32,0,{14.4},"{""sample pretreatment = [ sieved over 2 mm sieve ] size = [ 0.002 - 0.05 mm ]""}",14.4,AF-AfSP,Burkina Faso,100 m - 1 km,Western Africa,Africa,1969-??-??,"Attribution-NonCommercial 3.0 International (CC BY-NC 3.0), https://creativecommons.org/licenses/by-nc/3.0/"
1.10833,12.3944,576338,86374,BF VALSOL_ES-18,,32,165,0,{15.8},"{""sample pretreatment = [ sieved over 2 mm sieve ] size = [ 0.002 - 0.05 mm ]""}",15.8,AF-AfSP,Burkina Faso,100 m - 1 km,Western Africa,Africa,1969-??-??,"Attribution-NonCommercial 3.0 International (CC BY-NC 3.0), https://creativecommons.org/licenses/by-nc/3.0/"
1.12778,11.5222,576339,86375,BF VALSOL_ES-92,,0,18,0,{25.6},"{""sample pretreatment = [ sieved over 2 mm sieve ] size = [ 0.002 - 0.05 mm ]""}",25.6,AF-AfSP,Burkina Faso,100 m - 1 km,Western Africa,Africa,1969-??-??,"Attribution-NonCommercial 3.0 International (CC BY-NC 3.0), https://creativecommons.org/licenses/by-nc/3.0/"
1.12778,11.5222,576339,86376,BF VALSOL_ES-92,,18,40,0,{21.6},"{""sample pretreatment = [ sieved over 2 mm sieve ] size = [ 0.002 - 0.05 mm ]""}",21.6,AF-AfSP,Burkina Faso,100 m - 1 km,Western Africa,Africa,1969-??-??,"Attribution-NonCommercial 3.0 International (CC BY-NC 3.0), https://creativecommons.org/licenses/by-nc/3.0/"
1.13611,11.3778,576340,86377,BF VALSOL_ES-52,,0,18,0,{22.1},"{""sample pretreatment = [ sieved over 2 mm sieve ] size = [ 0.002 - 0.05 mm ]""}",22.1,AF-AfSP,Burkina Faso,100 m - 1 km,Western Africa,Africa,1969-??-??,"Attribution-NonCommercial 3.0 International (CC BY-NC 3.0), https://creativecommons.org/licenses/by-nc/3.0/"
1.13611,11.3778,576340,86378,BF VALSOL_ES-52,,18,58,0,{23.3},"{""sample pretreatment = [ sieved over 2 mm sieve ] size = [ 0.002 - 0.05 mm ]""}",23.3,AF-AfSP,Burkina Faso,100 m - 1 km,Western Africa,Africa,1969-??-??,"Attribution-NonCommercial 3.0 International (CC BY-NC 3.0), https://creativecommons.org/licenses/by-nc/3.0/"
1.13611,11.3778,576340,86379,BF VALSOL_ES-52,,58,175,0,{13.2},"{""sample pretreatment = [ sieved over 2 mm sieve ] size = [ 0.002 - 0.05 mm ]""}",13.2,AF-AfSP,Burkina Faso,100 m - 1 km,Western Africa,Africa,1969-??-??,"Attribution-NonCommercial 3.0 International (CC BY-NC 3.0), https://creativecommons.org/licenses/by-nc/3.0/"
1.13889,12.075,576341,86380,BF VALSOL_ES-118,A1,0,3,0,{24.0},"{""sample pretreatment = [ sieved over 2 mm sieve ] size = [ 0.002 - 0.05 mm ]""}",24,AF-AfSP,Burkina Faso,100 m - 1 km,Western Africa,Africa,1969-??-??,"Attribution-NonCommercial 3.0 International (CC BY-NC 3.0), https://creativecommons.org/licenses/by-nc/3.0/"
1.13889,12.075,576341,86381,BF VALSOL_ES-118,A,3,20,0,{20.3},"{""sample pretreatment = [ sieved over 2 mm sieve ] size = [ 0.002 - 0.05 mm ]""}",20.3,AF-AfSP,Burkina Faso,100 m - 1 km,Western Africa,Africa,1969-??-??,"Attribution-NonCommercial 3.0 International (CC BY-NC 3.0), https://creativecommons.org/licenses/by-nc/3.0/"
1.13889,12.075,576341,86382,BF VALSOL_ES-118,,20,95,0,{23.3},"{""sample pretreatment = [ sieved over 2 mm sieve ] size = [ 0.002 - 0.05 mm ]""}",23.3,AF-AfSP,Burkina Faso,100 m - 1 km,Western Africa,Africa,1969-??-??,"Attribution-NonCommercial 3.0 International (CC BY-NC 3.0), https://creativecommons.org/licenses/by-nc/3.0/"
1.13889,12.075,576341,86383,BF VALSOL_ES-118,,95,160,0,{13.6},"{""sample pretreatment = [ sieved over 2 mm sieve ] size = [ 0.002 - 0.05 mm ]""}",13.6,AF-AfSP,Burkina Faso,100 m - 1 km,Western Africa,Africa,1969-??-??,"Attribution-NonCommercial 3.0 International (CC BY-NC 3.0), https://creativecommons.org/licenses/by-nc/3.0/"
1.18889,11.4778,576342,86385,BF VALSOL_ES-91,,0,13,0,{23.8},"{""sample pretreatment = [ sieved over 2 mm sieve ] size = [ 0.002 - 0.05 mm ]""}",23.8,AF-AfSP,Burkina Faso,100 m - 1 km,Western Africa,Africa,1969-??-??,"Attribution-NonCommercial 3.0 International (CC BY-NC 3.0), https://creativecommons.org/licenses/by-nc/3.0/"
1.18889,11.4778,576342,86386,BF VALSOL_ES-91,,13,29,0,{20.3},"{""sample pretreatment = [ sieved over 2 mm sieve ] size = [ 0.002 - 0.05 mm ]""}",20.3,AF-AfSP,Burkina Faso,100 m - 1 km,Western Africa,Africa,1969-??-??,"Attribution-NonCommercial 3.0 International (CC BY-NC 3.0), https://creativecommons.org/licenses/by-nc/3.0/"
1.18889,11.4778,576342,86387,BF VALSOL_ES-91,,29,180,0,{22.6},"{""sample pretreatment = [ sieved over 2 mm sieve ] size = [ 0.002 - 0.05 mm ]""}",22.6,AF-AfSP,Burkina Faso,100 m - 1 km,Western Africa,Africa,1969-??-??,"Attribution-NonCommercial 3.0 International (CC BY-NC 3.0), https://creativecommons.org/licenses/by-nc/3.0/"
1.20833,11.3333,576343,86388,BF VALSOL_ES-90,A1,0,24,0,{21.7},"{""sample pretreatment = [ sieved over 2 mm sieve ] size = [ 0.002 - 0.05 mm ]""}",21.7,AF-AfSP,Burkina Faso,100 m - 1 km,Western Africa,Africa,1969-??-??,"Attribution-NonCommercial 3.0 International (CC BY-NC 3.0), https://creativecommons.org/licenses/by-nc/3.0/"
1.20833,11.3333,576343,86389,BF VALSOL_ES-90,A2,24,41,0,{20.2},"{""sample pretreatment = [ sieved over 2 mm sieve ] size = [ 0.002 - 0.05 mm ]""}",20.2,AF-AfSP,Burkina Faso,100 m - 1 km,Western Africa,Africa,1969-??-??,"Attribution-NonCommercial 3.0 International (CC BY-NC 3.0), https://creativecommons.org/licenses/by-nc/3.0/"
1.20833,11.3333,576343,86390,BF VALSOL_ES-90,B,41,125,0,{20.2},"{""sample pretreatment = [ sieved over 2 mm sieve ] size = [ 0.002 - 0.05 mm ]""}",20.2,AF-AfSP,Burkina Faso,100 m - 1 km,Western Africa,Africa,1969-??-??,"Attribution-NonCommercial 3.0 International (CC BY-NC 3.0), https://creativecommons.org/licenses/by-nc/3.0/"
1.20833,11.3333,576343,86391,BF VALSOL_ES-90,B2,125,175,0,{23.6},"{""sample pretreatment = [ sieved over 2 mm sieve ] size = [ 0.002 - 0.05 mm ]""}",23.6,AF-AfSP,Burkina Faso,100 m - 1 km,Western Africa,Africa,1969-??-??,"Attribution-NonCommercial 3.0 International (CC BY-NC 3.0), https://creativecommons.org/licenses/by-nc/3.0/"
1.22778,11.2722,576344,86392,BF VALSOL_ES-87,,0,13,0,{44.1},"{""sample pretreatment = [ sieved over 2 mm sieve ] size = [ 0.002 - 0.05 mm ]""}",44.1,AF-AfSP,Burkina Faso,100 m - 1 km,Western Africa,Africa,1969-??-??,"Attribution-NonCommercial 3.0 International (CC BY-NC 3.0), https://creativecommons.org/licenses/by-nc/3.0/"
1.22778,11.2722,576344,86393,BF VALSOL_ES-87,,13,44,0,{43.4},"{""sample pretreatment = [ sieved over 2 mm sieve ] size = [ 0.002 - 0.05 mm ]""}",43.4,AF-AfSP,Burkina Faso,100 m - 1 km,Western Africa,Africa,1969-??-??,"Attribution-NonCommercial 3.0 International (CC BY-NC 3.0), https://creativecommons.org/licenses/by-nc/3.0/"
1.22778,11.2722,576344,86394,BF VALSOL_ES-87,,44,75,0,{32.0},"{""sample pretreatment = [ sieved over 2 mm sieve ] size = [ 0.002 - 0.05 mm ]""}",32,AF-AfSP,Burkina Faso,100 m - 1 km,Western Africa,Africa,1969-??-??,"Attribution-NonCommercial 3.0 International (CC BY-NC 3.0), https://creativecommons.org/licenses/by-nc/3.0/"
1.22778,11.275,576345,86395,BF VALSOL_ES-88,,0,18,0,{21.1},"{""sample pretreatment = [ sieved over 2 mm sieve ] size = [ 0.002 - 0.05 mm ]""}",21.1,AF-AfSP,Burkina Faso,100 m - 1 km,Western Africa,Africa,1969-??-??,"Attribution-NonCommercial 3.0 International (CC BY-NC 3.0), https://creativecommons.org/licenses/by-nc/3.0/"
1.22778,11.275,576345,86396,BF VALSOL_ES-88,,18,40,0,{22.1},"{""sample pretreatment = [ sieved over 2 mm sieve ] size = [ 0.002 - 0.05 mm ]""}",22.1,AF-AfSP,Burkina Faso,100 m - 1 km,Western Africa,Africa,1969-??-??,"Attribution-NonCommercial 3.0 International (CC BY-NC 3.0), https://creativecommons.org/licenses/by-nc/3.0/"
1.22778,11.2861,576346,86397,BF VALSOL_ES-89,,0,4,0,{41.5},"{""sample pretreatment = [ sieved over 2 mm sieve ] size = [ 0.002 - 0.05 mm ]""}",41.5,AF-AfSP,Burkina Faso,100 m - 1 km,Western Africa,Africa,1969-??-??,"Attribution-NonCommercial 3.0 International (CC BY-NC 3.0), https://creativecommons.org/licenses/by-nc/3.0/"
1.22778,11.2861,576346,86398,BF VALSOL_ES-89,,4,14,0,{41.5},"{""sample pretreatment = [ sieved over 2 mm sieve ] size = [ 0.002 - 0.05 mm ]""}",41.5,AF-AfSP,Burkina Faso,100 m - 1 km,Western Africa,Africa,1969-??-??,"Attribution-NonCommercial 3.0 International (CC BY-NC 3.0), https://creativecommons.org/licenses/by-nc/3.0/"
1.25,11.7556,576347,86399,BF VALSOL_ES-99,,0,16,0,{43.9},"{""sample pretreatment = [ sieved over 2 mm sieve ] size = [ 0.002 - 0.05 mm ]""}",43.9,AF-AfSP,Burkina Faso,100 m - 1 km,Western Africa,Africa,1969-??-??,"Attribution-NonCommercial 3.0 International (CC BY-NC 3.0), https://creativecommons.org/licenses/by-nc/3.0/"
1.25,11.7556,576347,86400,BF VALSOL_ES-99,,16,56,0,{35.7},"{""sample pretreatment = [ sieved over 2 mm sieve ] size = [ 0.002 - 0.05 mm ]""}",35.7,AF-AfSP,Burkina Faso,100 m - 1 km,Western Africa,Africa,1969-??-??,"Attribution-NonCommercial 3.0 International (CC BY-NC 3.0), https://creativecommons.org/licenses/by-nc/3.0/"
1.25,11.7556,576347,86401,BF VALSOL_ES-99,,56,150,0,{32.6},"{""sample pretreatment = [ sieved over 2 mm sieve ] size = [ 0.002 - 0.05 mm ]""}",32.6,AF-AfSP,Burkina Faso,100 m - 1 km,Western Africa,Africa,1969-??-??,"Attribution-NonCommercial 3.0 International (CC BY-NC 3.0), https://creativecommons.org/licenses/by-nc/3.0/"
1.25278,11.7528,576348,86402,BF VALSOL_ES-100,,0,20,0,{29.4},"{""sample pretreatment = [ sieved over 2 mm sieve ] size = [ 0.002 - 0.05 mm ]""}",29.4,AF-AfSP,Burkina Faso,100 m - 1 km,Western Africa,Africa,1969-??-??,"Attribution-NonCommercial 3.0 International (CC BY-NC 3.0), https://creativecommons.org/licenses/by-nc/3.0/"
1.25278,11.7528,576348,86403,BF VALSOL_ES-100,,20,100,0,{27.9},"{""sample pretreatment = [ sieved over 2 mm sieve ] size = [ 0.002 - 0.05 mm ]""}",27.9,AF-AfSP,Burkina Faso,100 m - 1 km,Western Africa,Africa,1969-??-??,"Attribution-NonCommercial 3.0 International (CC BY-NC 3.0), https://creativecommons.org/licenses/by-nc/3.0/"
1.25278,11.7528,576348,86404,BF VALSOL_ES-100,,100,180,0,{26.5},"{""sample pretreatment = [ sieved over 2 mm sieve ] size = [ 0.002 - 0.05 mm ]""}",26.5,AF-AfSP,Burkina Faso,100 m - 1 km,Western Africa,Africa,1969-??-??,"Attribution-NonCommercial 3.0 International (CC BY-NC 3.0), https://creativecommons.org/licenses/by-nc/3.0/"
1.28056,12.3861,576349,86405,BF VALSOL_ES-19,,0,22,0,{20.4},"{""sample pretreatment = [ sieved over 2 mm sieve ] size = [ 0.002 - 0.05 mm ]""}",20.4,AF-AfSP,Burkina Faso,100 m - 1 km,Western Africa,Africa,1969-??-??,"Attribution-NonCommercial 3.0 International (CC BY-NC 3.0), https://creativecommons.org/licenses/by-nc/3.0/"
1.28056,12.3861,576349,86406,BF VALSOL_ES-19,,22,42,0,{20.3},"{""sample pretreatment = [ sieved over 2 mm sieve ] size = [ 0.002 - 0.05 mm ]""}",20.3,AF-AfSP,Burkina Faso,100 m - 1 km,Western Africa,Africa,1969-??-??,"Attribution-NonCommercial 3.0 International (CC BY-NC 3.0), https://creativecommons.org/licenses/by-nc/3.0/"
1.28056,12.3861,576349,86407,BF VALSOL_ES-19,,42,170,0,{13.3},"{""sample pretreatment = [ sieved over 2 mm sieve ] size = [ 0.002 - 0.05 mm ]""}",13.3,AF-AfSP,Burkina Faso,100 m - 1 km,Western Africa,Africa,1969-??-??,"Attribution-NonCommercial 3.0 International (CC BY-NC 3.0), https://creativecommons.org/licenses/by-nc/3.0/"
1.29444,11.4917,576350,86408,BF VALSOL_ES-51,A1,0,15,0,{16.1},"{""sample pretreatment = [ sieved over 2 mm sieve ] size = [ 0.002 - 0.05 mm ]""}",16.1,AF-AfSP,Burkina Faso,100 m - 1 km,Western Africa,Africa,1969-??-??,"Attribution-NonCommercial 3.0 International (CC BY-NC 3.0), https://creativecommons.org/licenses/by-nc/3.0/"
1.29444,11.4917,576350,86409,BF VALSOL_ES-51,A2,15,30,0,{16.4},"{""sample pretreatment = [ sieved over 2 mm sieve ] size = [ 0.002 - 0.05 mm ]""}",16.4,AF-AfSP,Burkina Faso,100 m - 1 km,Western Africa,Africa,1969-??-??,"Attribution-NonCommercial 3.0 International (CC BY-NC 3.0), https://creativecommons.org/licenses/by-nc/3.0/"
1.29444,11.4917,576350,86410,BF VALSOL_ES-51,,30,76,0,{20.7},"{""sample pretreatment = [ sieved over 2 mm sieve ] size = [ 0.002 - 0.05 mm ]""}",20.7,AF-AfSP,Burkina Faso,100 m - 1 km,Western Africa,Africa,1969-??-??,"Attribution-NonCommercial 3.0 International (CC BY-NC 3.0), https://creativecommons.org/licenses/by-nc/3.0/"
1.29444,11.4917,576350,86411,BF VALSOL_ES-51,,76,138,0,{12.9},"{""sample pretreatment = [ sieved over 2 mm sieve ] size = [ 0.002 - 0.05 mm ]""}",12.9,AF-AfSP,Burkina Faso,100 m - 1 km,Western Africa,Africa,1969-??-??,"Attribution-NonCommercial 3.0 International (CC BY-NC 3.0), https://creativecommons.org/licenses/by-nc/3.0/"
1.31389,12.4056,576351,86412,BF VALSOL_ES-20,,0,17,0,{16.1},"{""sample pretreatment = [ sieved over 2 mm sieve ] size = [ 0.002 - 0.05 mm ]""}",16.1,AF-AfSP,Burkina Faso,100 m - 1 km,Western Africa,Africa,1969-??-??,"Attribution-NonCommercial 3.0 International (CC BY-NC 3.0), https://creativecommons.org/licenses/by-nc/3.0/"
1.31389,12.4056,576351,86413,BF VALSOL_ES-20,,17,30,0,{16.9},"{""sample pretreatment = [ sieved over 2 mm sieve ] size = [ 0.002 - 0.05 mm ]""}",16.9,AF-AfSP,Burkina Faso,100 m - 1 km,Western Africa,Africa,1969-??-??,"Attribution-NonCommercial 3.0 International (CC BY-NC 3.0), https://creativecommons.org/licenses/by-nc/3.0/"
1.31389,12.4056,576351,86414,BF VALSOL_ES-20,,30,100,0,{18.8},"{""sample pretreatment = [ sieved over 2 mm sieve ] size = [ 0.002 - 0.05 mm ]""}",18.8,AF-AfSP,Burkina Faso,100 m - 1 km,Western Africa,Africa,1969-??-??,"Attribution-NonCommercial 3.0 International (CC BY-NC 3.0), https://creativecommons.org/licenses/by-nc/3.0/"
1.31389,12.4056,576351,86415,BF VALSOL_ES-20,,100,170,0,{16.7},"{""sample pretreatment = [ sieved over 2 mm sieve ] size = [ 0.002 - 0.05 mm ]""}",16.7,AF-AfSP,Burkina Faso,100 m - 1 km,Western Africa,Africa,1969-??-??,"Attribution-NonCommercial 3.0 International (CC BY-NC 3.0), https://creativecommons.org/licenses/by-nc/3.0/"
1.32222,12.4111,576352,86416,BF VALSOL_ES-21,,0,15,0,{22.1},"{""sample pretreatment = [ sieved over 2 mm sieve ] size = [ 0.002 - 0.05 mm ]""}",22.1,AF-AfSP,Burkina Faso,100 m - 1 km,Western Africa,Africa,1969-??-??,"Attribution-NonCommercial 3.0 International (CC BY-NC 3.0), https://creativecommons.org/licenses/by-nc/3.0/"
1.32222,12.4111,576352,86417,BF VALSOL_ES-21,,15,30,0,{12.9},"{""sample pretreatment = [ sieved over 2 mm sieve ] size = [ 0.002 - 0.05 mm ]""}",12.9,AF-AfSP,Burkina Faso,100 m - 1 km,Western Africa,Africa,1969-??-??,"Attribution-NonCommercial 3.0 International (CC BY-NC 3.0), https://creativecommons.org/licenses/by-nc/3.0/"
1.32222,12.4111,576352,86418,BF VALSOL_ES-21,,30,120,0,{13.4},"{""sample pretreatment = [ sieved over 2 mm sieve ] size = [ 0.002 - 0.05 mm ]""}",13.4,AF-AfSP,Burkina Faso,100 m - 1 km,Western Africa,Africa,1969-??-??,"Attribution-NonCommercial 3.0 International (CC BY-NC 3.0), https://creativecommons.org/licenses/by-nc/3.0/"
1.32222,12.4111,576352,86419,BF VALSOL_ES-21,,120,170,0,{30.1},"{""sample pretreatment = [ sieved over 2 mm sieve ] size = [ 0.002 - 0.05 mm ]""}",30.1,AF-AfSP,Burkina Faso,100 m - 1 km,Western Africa,Africa,1969-??-??,"Attribution-NonCommercial 3.0 International (CC BY-NC 3.0), https://creativecommons.org/licenses/by-nc/3.0/"
1.32778,11.5028,576353,86420,BF VALSOL_ES-50,,0,5,0,{43.0},"{""sample pretreatment = [ sieved over 2 mm sieve ] size = [ 0.002 - 0.05 mm ]""}",43,AF-AfSP,Burkina Faso,100 m - 1 km,Western Africa,Africa,1969-??-??,"Attribution-NonCommercial 3.0 International (CC BY-NC 3.0), https://creativecommons.org/licenses/by-nc/3.0/"
1.32778,11.5028,576353,86421,BF VALSOL_ES-50,,10,15,0,{43.0},"{""sample pretreatment = [ sieved over 2 mm sieve ] size = [ 0.002 - 0.05 mm ]""}",43,AF-AfSP,Burkina Faso,100 m - 1 km,Western Africa,Africa,1969-??-??,"Attribution-NonCommercial 3.0 International (CC BY-NC 3.0), https://creativecommons.org/licenses/by-nc/3.0/"
1.15,10.833333,576440,86851,BJ W3_0859,A11,0,15,0,{37.0},"{""instrument = [ pipette ] sample pretreatment = [ sieved over 2 mm sieve ] size = [ 0.002 - 0.05 mm ]""}",37,AF-AfSP,Benin,1 km - 10 km,Western Africa,Africa,1977-??-??,"Attribution-NonCommercial 3.0 International (CC BY-NC 3.0), https://creativecommons.org/licenses/by-nc/3.0/"
1.15,10.833333,576440,86852,BJ W3_0859,A12,15,57,0,{35.0},"{""instrument = [ pipette ] sample pretreatment = [ sieved over 2 mm sieve ] size = [ 0.002 - 0.05 mm ]""}",35,AF-AfSP,Benin,1 km - 10 km,Western Africa,Africa,1977-??-??,"Attribution-NonCommercial 3.0 International (CC BY-NC 3.0), https://creativecommons.org/licenses/by-nc/3.0/"
1.15,10.833333,576440,86853,BJ W3_0859,B21,57,90,0,{23.0},"{""instrument = [ pipette ] sample pretreatment = [ sieved over 2 mm sieve ] size = [ 0.002 - 0.05 mm ]""}",23,AF-AfSP,Benin,1 km - 10 km,Western Africa,Africa,1977-??-??,"Attribution-NonCommercial 3.0 International (CC BY-NC 3.0), https://creativecommons.org/licenses/by-nc/3.0/"
1.15,10.833333,576440,86854,BJ W3_0859,B22,90,180,0,{24.0},"{""instrument = [ pipette ] sample pretreatment = [ sieved over 2 mm sieve ] size = [ 0.002 - 0.05 mm ]""}",24,AF-AfSP,Benin,1 km - 10 km,Western Africa,Africa,1977-??-??,"Attribution-NonCommercial 3.0 International (CC BY-NC 3.0), https://creativecommons.org/licenses/by-nc/3.0/"
1.15,10.833333,576440,86855,BJ W3_0859,C,180,200,0,{18.0},"{""instrument = [ pipette ] sample pretreatment = [ sieved over 2 mm sieve ] size = [ 0.002 - 0.05 mm ]""}",18,AF-AfSP,Benin,1 km - 10 km,Western Africa,Africa,1977-??-??,"Attribution-NonCommercial 3.0 International (CC BY-NC 3.0), https://creativecommons.org/licenses/by-nc/3.0/"
1.366667,10.3,576441,86856,BJ W3_0853,A1,0,7,0,{13.0},"{""instrument = [ pipette ] sample pretreatment = [ sieved over 2 mm sieve ] size = [ 0.002 - 0.05 mm ]""}",13,AF-AfSP,Benin,1 km - 10 km,Western Africa,Africa,1977-??-??,"Attribution-NonCommercial 3.0 International (CC BY-NC 3.0), https://creativecommons.org/licenses/by-nc/3.0/"
1.366667,10.3,576441,86857,BJ W3_0853,B1,7,25,0,{13.0},"{""instrument = [ pipette ] sample pretreatment = [ sieved over 2 mm sieve ] size = [ 0.002 - 0.05 mm ]""}",13,AF-AfSP,Benin,1 km - 10 km,Western Africa,Africa,1977-??-??,"Attribution-NonCommercial 3.0 International (CC BY-NC 3.0), https://creativecommons.org/licenses/by-nc/3.0/"
1.366667,10.3,576441,86858,BJ W3_0853,B21,25,50,0,{16.0},"{""instrument = [ pipette ] sample pretreatment = [ sieved over 2 mm sieve ] size = [ 0.002 - 0.05 mm ]""}",16,AF-AfSP,Benin,1 km - 10 km,Western Africa,Africa,1977-??-??,"Attribution-NonCommercial 3.0 International (CC BY-NC 3.0), https://creativecommons.org/licenses/by-nc/3.0/"
1.366667,10.3,576441,86859,BJ W3_0853,B22fe,50,140,0,{16.0},"{""instrument = [ pipette ] sample pretreatment = [ sieved over 2 mm sieve ] size = [ 0.002 - 0.05 mm ]""}",16,AF-AfSP,Benin,1 km - 10 km,Western Africa,Africa,1977-??-??,"Attribution-NonCommercial 3.0 International (CC BY-NC 3.0), https://creativecommons.org/licenses/by-nc/3.0/"
1.366667,10.3,576441,86860,BJ W3_0853,,140,200,0,{16.0},"{""instrument = [ pipette ] sample pretreatment = [ sieved over 2 mm sieve ] size = [ 0.002 - 0.05 mm ]""}",16,AF-AfSP,Benin,1 km - 10 km,Western Africa,Africa,1977-??-??,"Attribution-NonCommercial 3.0 International (CC BY-NC 3.0), https://creativecommons.org/licenses/by-nc/3.0/"
1.366667,10.3,576442,86861,BJ W3_0860,A11,0,8,0,{9.0},"{""instrument = [ pipette ] sample pretreatment = [ sieved over 2 mm sieve ] size = [ 0.002 - 0.05 mm ]""}",9,AF-AfSP,Benin,1 km - 10 km,Western Africa,Africa,1977-??-??,"Attribution-NonCommercial 3.0 International (CC BY-NC 3.0), https://creativecommons.org/licenses/by-nc/3.0/"
1.366667,10.3,576442,86862,BJ W3_0860,A12,8,28,0,{6.0},"{""instrument = [ pipette ] sample pretreatment = [ sieved over 2 mm sieve ] size = [ 0.002 - 0.05 mm ]""}",6,AF-AfSP,Benin,1 km - 10 km,Western Africa,Africa,1977-??-??,"Attribution-NonCommercial 3.0 International (CC BY-NC 3.0), https://creativecommons.org/licenses/by-nc/3.0/"
1.366667,10.3,576442,86863,BJ W3_0860,C1,28,135,0,{6.0},"{""instrument = [ pipette ] sample pretreatment = [ sieved over 2 mm sieve ] size = [ 0.002 - 0.05 mm ]""}",6,AF-AfSP,Benin,1 km - 10 km,Western Africa,Africa,1977-??-??,"Attribution-NonCommercial 3.0 International (CC BY-NC 3.0), https://creativecommons.org/licenses/by-nc/3.0/"
1.366667,10.3,576442,86864,BJ W3_0860,C2,135,180,0,{6.0},"{""instrument = [ pipette ] sample pretreatment = [ sieved over 2 mm sieve ] size = [ 0.002 - 0.05 mm ]""}",6,AF-AfSP,Benin,1 km - 10 km,Western Africa,Africa,1977-??-??,"Attribution-NonCommercial 3.0 International (CC BY-NC 3.0), https://creativecommons.org/licenses/by-nc/3.0/"
0.053333,6.087778,581099,107595,GH wasp_18,Ah1,0,8,0,{5.4},"{""sample pretreatment = [ sieved over 2 mm sieve ] size = [ 0.002 - 0.06 mm ]""}",5.4,AF-AfSP,Ghana,Circa 100 m,Western Africa,Africa,1993-??-??,"Attribution-NonCommercial 3.0 International (CC BY-NC 3.0), https://creativecommons.org/licenses/by-nc/3.0/"
0.053333,6.087778,581099,107596,GH wasp_18,Ah2,8,28,0,{18.7},"{""sample pretreatment = [ sieved over 2 mm sieve ] size = [ 0.002 - 0.06 mm ]""}",18.7,AF-AfSP,Ghana,Circa 100 m,Western Africa,Africa,1993-??-??,"Attribution-NonCommercial 3.0 International (CC BY-NC 3.0), https://creativecommons.org/licenses/by-nc/3.0/"
0.053333,6.087778,581099,107597,GH wasp_18,B,28,50,0,{17.9},"{""sample pretreatment = [ sieved over 2 mm sieve ] size = [ 0.002 - 0.06 mm ]""}",17.9,AF-AfSP,Ghana,Circa 100 m,Western Africa,Africa,1993-??-??,"Attribution-NonCommercial 3.0 International (CC BY-NC 3.0), https://creativecommons.org/licenses/by-nc/3.0/"
0.053333,6.087778,581099,107598,GH wasp_18,Bki1,50,77,0,{18.0},"{""sample pretreatment = [ sieved over 2 mm sieve ] size = [ 0.002 - 0.06 mm ]""}",18,AF-AfSP,Ghana,Circa 100 m,Western Africa,Africa,1993-??-??,"Attribution-NonCommercial 3.0 International (CC BY-NC 3.0), https://creativecommons.org/licenses/by-nc/3.0/"
0.053333,6.087778,581099,107599,GH wasp_18,Bki2,77,95,0,{18.2},"{""sample pretreatment = [ sieved over 2 mm sieve ] size = [ 0.002 - 0.06 mm ]""}",18.2,AF-AfSP,Ghana,Circa 100 m,Western Africa,Africa,1993-??-??,"Attribution-NonCommercial 3.0 International (CC BY-NC 3.0), https://creativecommons.org/licenses/by-nc/3.0/"
0.053333,6.087778,581099,107600,GH wasp_18,BCk,95,118,0,{18.6},"{""sample pretreatment = [ sieved over 2 mm sieve ] size = [ 0.002 - 0.06 mm ]""}",18.6,AF-AfSP,Ghana,Circa 100 m,Western Africa,Africa,1993-??-??,"Attribution-NonCommercial 3.0 International (CC BY-NC 3.0), https://creativecommons.org/licenses/by-nc/3.0/"
0.053333,6.087778,581099,107601,GH wasp_18,C(/R),118,150,0,{12.6},"{""sample pretreatment = [ sieved over 2 mm sieve ] size = [ 0.002 - 0.06 mm ]""}",12.6,AF-AfSP,Ghana,Circa 100 m,Western Africa,Africa,1993-??-??,"Attribution-NonCommercial 3.0 International (CC BY-NC 3.0), https://creativecommons.org/licenses/by-nc/3.0/"
0.055556,6.026389,581100,107602,GH wasp_17,Ah1,0,7,0,{10.5},"{""sample pretreatment = [ sieved over 2 mm sieve ] size = [ 0.002 - 0.06 mm ]""}",10.5,AF-AfSP,Ghana,Circa 100 m,Western Africa,Africa,1993-??-??,"Attribution-NonCommercial 3.0 International (CC BY-NC 3.0), https://creativecommons.org/licenses/by-nc/3.0/"
0.055556,6.026389,581100,107603,GH wasp_17,Ah2,7,24,0,{8.8},"{""sample pretreatment = [ sieved over 2 mm sieve ] size = [ 0.002 - 0.06 mm ]""}",8.8,AF-AfSP,Ghana,Circa 100 m,Western Africa,Africa,1993-??-??,"Attribution-NonCommercial 3.0 International (CC BY-NC 3.0), https://creativecommons.org/licenses/by-nc/3.0/"
0.055556,6.026389,581100,107604,GH wasp_17,Btg1,24,40,0,{13.6},"{""sample pretreatment = [ sieved over 2 mm sieve ] size = [ 0.002 - 0.06 mm ]""}",13.6,AF-AfSP,Ghana,Circa 100 m,Western Africa,Africa,1993-??-??,"Attribution-NonCommercial 3.0 International (CC BY-NC 3.0), https://creativecommons.org/licenses/by-nc/3.0/"
0.055556,6.026389,581100,107605,GH wasp_17,Btg2,40,71,0,{11.9},"{""sample pretreatment = [ sieved over 2 mm sieve ] size = [ 0.002 - 0.06 mm ]""}",11.9,AF-AfSP,Ghana,Circa 100 m,Western Africa,Africa,1993-??-??,"Attribution-NonCommercial 3.0 International (CC BY-NC 3.0), https://creativecommons.org/licenses/by-nc/3.0/"
0.055556,6.026389,581100,107606,GH wasp_17,Btkng1,71,100,0,{11.0},"{""sample pretreatment = [ sieved over 2 mm sieve ] size = [ 0.002 - 0.06 mm ]""}",11,AF-AfSP,Ghana,Circa 100 m,Western Africa,Africa,1993-??-??,"Attribution-NonCommercial 3.0 International (CC BY-NC 3.0), https://creativecommons.org/licenses/by-nc/3.0/"
0.055556,6.026389,581100,107607,GH wasp_17,Btkng2,100,125,0,{13.7},"{""sample pretreatment = [ sieved over 2 mm sieve ] size = [ 0.002 - 0.06 mm ]""}",13.7,AF-AfSP,Ghana,Circa 100 m,Western Africa,Africa,1993-??-??,"Attribution-NonCommercial 3.0 International (CC BY-NC 3.0), https://creativecommons.org/licenses/by-nc/3.0/"
0.055556,6.026389,581100,107608,GH wasp_17,Btkng3,125,160,0,{13.7},"{""sample pretreatment = [ sieved over 2 mm sieve ] size = [ 0.002 - 0.06 mm ]""}",13.7,AF-AfSP,Ghana,Circa 100 m,Western Africa,Africa,1993-??-??,"Attribution-NonCommercial 3.0 International (CC BY-NC 3.0), https://creativecommons.org/licenses/by-nc/3.0/"
0.083333,6.133333,581102,107613,GH 2540_16,A1,0,30,0,{33.0},"{""sample pretreatment = [ sieved over 2 mm sieve ] size = [ 0.002 - 0.02 mm ]""}",33,AF-AfSP,Ghana,1 km - 10 km,Western Africa,Africa,1960-??-??,"Attribution-NonCommercial 3.0 International (CC BY-NC 3.0), https://creativecommons.org/licenses/by-nc/3.0/"
0.083333,6.133333,581102,107614,GH 2540_16,B21,30,61,0,{24.0},"{""sample pretreatment = [ sieved over 2 mm sieve ] size = [ 0.002 - 0.02 mm ]""}",24,AF-AfSP,Ghana,1 km - 10 km,Western Africa,Africa,1960-??-??,"Attribution-NonCommercial 3.0 International (CC BY-NC 3.0), https://creativecommons.org/licenses/by-nc/3.0/"
0.083333,6.133333,581102,107615,GH 2540_16,B22,61,91,0,{23.0},"{""sample pretreatment = [ sieved over 2 mm sieve ] size = [ 0.002 - 0.02 mm ]""}",23,AF-AfSP,Ghana,1 km - 10 km,Western Africa,Africa,1960-??-??,"Attribution-NonCommercial 3.0 International (CC BY-NC 3.0), https://creativecommons.org/licenses/by-nc/3.0/"
0.083333,6.133333,581102,107616,GH 2540_16,B3,91,132,0,{29.0},"{""sample pretreatment = [ sieved over 2 mm sieve ] size = [ 0.002 - 0.02 mm ]""}",29,AF-AfSP,Ghana,1 km - 10 km,Western Africa,Africa,1960-??-??,"Attribution-NonCommercial 3.0 International (CC BY-NC 3.0), https://creativecommons.org/licenses/by-nc/3.0/"
0.083333,6.15,581103,107618,GH 2540_17,Ap,0,36,0,{47.0},"{""sample pretreatment = [ sieved over 2 mm sieve ] size = [ 0.002 - 0.02 mm ]""}",47,AF-AfSP,Ghana,1 km - 10 km,Western Africa,Africa,1960-??-??,"Attribution-NonCommercial 3.0 International (CC BY-NC 3.0), https://creativecommons.org/licenses/by-nc/3.0/"
0.083333,6.15,581103,107620,GH 2540_17,C2,86,165,0,{44.0},"{""sample pretreatment = [ sieved over 2 mm sieve ] size = [ 0.002 - 0.02 mm ]""}",44,AF-AfSP,Ghana,1 km - 10 km,Western Africa,Africa,1960-??-??,"Attribution-NonCommercial 3.0 International (CC BY-NC 3.0), https://creativecommons.org/licenses/by-nc/3.0/"
0.116667,6.1,581104,107622,GH 2540_13,A1,0,30,0,{43.0},"{""sample pretreatment = [ sieved over 2 mm sieve ] size = [ 0.002 - 0.02 mm ]""}",43,AF-AfSP,Ghana,1 km - 10 km,Western Africa,Africa,1960-??-??,"Attribution-NonCommercial 3.0 International (CC BY-NC 3.0), https://creativecommons.org/licenses/by-nc/3.0/"
0.116667,6.1,581104,107623,GH 2540_13,A3,30,51,0,{44.0},"{""sample pretreatment = [ sieved over 2 mm sieve ] size = [ 0.002 - 0.02 mm ]""}",44,AF-AfSP,Ghana,1 km - 10 km,Western Africa,Africa,1960-??-??,"Attribution-NonCommercial 3.0 International (CC BY-NC 3.0), https://creativecommons.org/licenses/by-nc/3.0/"
0.116667,6.1,581105,107627,GH 2540_14,Ap,0,30,0,{34.0},"{""sample pretreatment = [ sieved over 2 mm sieve ] size = [ 0.002 - 0.02 mm ]""}",34,AF-AfSP,Ghana,1 km - 10 km,Western Africa,Africa,1960-??-??,"Attribution-NonCommercial 3.0 International (CC BY-NC 3.0), https://creativecommons.org/licenses/by-nc/3.0/"
0.116667,6.1,581105,107628,GH 2540_14,B21,30,51,0,{25.0},"{""sample pretreatment = [ sieved over 2 mm sieve ] size = [ 0.002 - 0.02 mm ]""}",25,AF-AfSP,Ghana,1 km - 10 km,Western Africa,Africa,1960-??-??,"Attribution-NonCommercial 3.0 International (CC BY-NC 3.0), https://creativecommons.org/licenses/by-nc/3.0/"
0.116667,6.1,581105,107629,GH 2540_14,B22,51,102,0,{32.0},"{""sample pretreatment = [ sieved over 2 mm sieve ] size = [ 0.002 - 0.02 mm ]""}",32,AF-AfSP,Ghana,1 km - 10 km,Western Africa,Africa,1960-??-??,"Attribution-NonCommercial 3.0 International (CC BY-NC 3.0), https://creativecommons.org/licenses/by-nc/3.0/"
0.116667,6.1,581105,107630,GH 2540_14,B23,102,229,0,{38.0},"{""sample pretreatment = [ sieved over 2 mm sieve ] size = [ 0.002 - 0.02 mm ]""}",38,AF-AfSP,Ghana,1 km - 10 km,Western Africa,Africa,1960-??-??,"Attribution-NonCommercial 3.0 International (CC BY-NC 3.0), https://creativecommons.org/licenses/by-nc/3.0/"
0.133333,6.066667,581106,107631,GH 2540_10,A1,0,25,0,{14.0},"{""instrument = [ pipette ] sample pretreatment = [ sieved over 2 mm sieve ] size = [ 0.002 - 0.05 mm ]""}",14,AF-AfSP,Ghana,1 km - 10 km,Western Africa,Africa,1960-??-??,"Attribution-NonCommercial 3.0 International (CC BY-NC 3.0), https://creativecommons.org/licenses/by-nc/3.0/"
0.133333,6.066667,581106,107632,GH 2540_10,B21,25,51,0,{13.0},"{""instrument = [ pipette ] sample pretreatment = [ sieved over 2 mm sieve ] size = [ 0.002 - 0.05 mm ]""}",13,AF-AfSP,Ghana,1 km - 10 km,Western Africa,Africa,1960-??-??,"Attribution-NonCommercial 3.0 International (CC BY-NC 3.0), https://creativecommons.org/licenses/by-nc/3.0/"
0.133333,6.066667,581106,107633,GH 2540_10,B22,51,81,0,{17.0},"{""instrument = [ pipette ] sample pretreatment = [ sieved over 2 mm sieve ] size = [ 0.002 - 0.05 mm ]""}",17,AF-AfSP,Ghana,1 km - 10 km,Western Africa,Africa,1960-??-??,"Attribution-NonCommercial 3.0 International (CC BY-NC 3.0), https://creativecommons.org/licenses/by-nc/3.0/"
0.133333,6.1,581107,107637,GH 2540_12,A1,0,25,0,{39.0},"{""sample pretreatment = [ sieved over 2 mm sieve ] size = [ 0.002 - 0.02 mm ]""}",39,AF-AfSP,Ghana,1 km - 10 km,Western Africa,Africa,1960-??-??,"Attribution-NonCommercial 3.0 International (CC BY-NC 3.0), https://creativecommons.org/licenses/by-nc/3.0/"
0.133333,6.1,581107,107638,GH 2540_12,C1,25,122,0,{27.0},"{""sample pretreatment = [ sieved over 2 mm sieve ] size = [ 0.002 - 0.02 mm ]""}",27,AF-AfSP,Ghana,1 km - 10 km,Western Africa,Africa,1960-??-??,"Attribution-NonCommercial 3.0 International (CC BY-NC 3.0), https://creativecommons.org/licenses/by-nc/3.0/"
0.133333,6.1,581108,107639,GH 2540_19,Ap,0,30,0,{46.0},"{""sample pretreatment = [ sieved over 2 mm sieve ] size = [ 0.002 - 0.02 mm ]""}",46,AF-AfSP,Ghana,1 km - 10 km,Western Africa,Africa,1961-??-??,"Attribution-NonCommercial 3.0 International (CC BY-NC 3.0), https://creativecommons.org/licenses/by-nc/3.0/"
0.133333,6.1,581108,107640,GH 2540_19,B21,30,61,0,{39.0},"{""sample pretreatment = [ sieved over 2 mm sieve ] size = [ 0.002 - 0.02 mm ]""}",39,AF-AfSP,Ghana,1 km - 10 km,Western Africa,Africa,1961-??-??,"Attribution-NonCommercial 3.0 International (CC BY-NC 3.0), https://creativecommons.org/licenses/by-nc/3.0/"
0.133333,6.1,581108,107641,GH 2540_19,B22,61,122,0,{31.0},"{""sample pretreatment = [ sieved over 2 mm sieve ] size = [ 0.002 - 0.02 mm ]""}",31,AF-AfSP,Ghana,1 km - 10 km,Western Africa,Africa,1961-??-??,"Attribution-NonCommercial 3.0 International (CC BY-NC 3.0), https://creativecommons.org/licenses/by-nc/3.0/"
0.133333,6.1,581108,107642,GH 2540_19,B23,122,183,0,{29.0},"{""sample pretreatment = [ sieved over 2 mm sieve ] size = [ 0.002 - 0.02 mm ]""}",29,AF-AfSP,Ghana,1 km - 10 km,Western Africa,Africa,1961-??-??,"Attribution-NonCommercial 3.0 International (CC BY-NC 3.0), https://creativecommons.org/licenses/by-nc/3.0/"
0.133333,6.101667,581109,107644,GH 2540_18,A12,25,41,0,{57.0},"{""sample pretreatment = [ sieved over 2 mm sieve ] size = [ 0.002 - 0.02 mm ]""}",57,AF-AfSP,Ghana,1 km - 10 km,Western Africa,Africa,1961-??-??,"Attribution-NonCommercial 3.0 International (CC BY-NC 3.0), https://creativecommons.org/licenses/by-nc/3.0/"
0.133333,6.101667,581109,107645,GH 2540_18,A2,41,56,0,{44.0},"{""sample pretreatment = [ sieved over 2 mm sieve ] size = [ 0.002 - 0.02 mm ]""}",44,AF-AfSP,Ghana,1 km - 10 km,Western Africa,Africa,1961-??-??,"Attribution-NonCommercial 3.0 International (CC BY-NC 3.0), https://creativecommons.org/licenses/by-nc/3.0/"
0.133333,6.101667,581109,107646,GH 2540_18,C1(a),56,91,0,{31.0},"{""sample pretreatment = [ sieved over 2 mm sieve ] size = [ 0.002 - 0.02 mm ]""}",31,AF-AfSP,Ghana,1 km - 10 km,Western Africa,Africa,1961-??-??,"Attribution-NonCommercial 3.0 International (CC BY-NC 3.0), https://creativecommons.org/licenses/by-nc/3.0/"
0.133333,6.101667,581109,107647,GH 2540_18,C1(b),91,122,0,{44.0},"{""sample pretreatment = [ sieved over 2 mm sieve ] size = [ 0.002 - 0.02 mm ]""}",44,AF-AfSP,Ghana,1 km - 10 km,Western Africa,Africa,1961-??-??,"Attribution-NonCommercial 3.0 International (CC BY-NC 3.0), https://creativecommons.org/licenses/by-nc/3.0/"
0.133333,6.101667,581109,107648,GH 2540_18,C1(c),122,173,0,{35.0},"{""sample pretreatment = [ sieved over 2 mm sieve ] size = [ 0.002 - 0.02 mm ]""}",35,AF-AfSP,Ghana,1 km - 10 km,Western Africa,Africa,1961-??-??,"Attribution-NonCommercial 3.0 International (CC BY-NC 3.0), https://creativecommons.org/licenses/by-nc/3.0/"
0.15,6.05,581110,107649,GH 2540_11,A1,0,20,0,{29.0},"{""sample pretreatment = [ sieved over 2 mm sieve ] size = [ 0.002 - 0.02 mm ]""}",29,AF-AfSP,Ghana,1 km - 10 km,Western Africa,Africa,1960-??-??,"Attribution-NonCommercial 3.0 International (CC BY-NC 3.0), https://creativecommons.org/licenses/by-nc/3.0/"
0.15,6.05,581110,107650,GH 2540_11,B21,20,41,0,{26.0},"{""sample pretreatment = [ sieved over 2 mm sieve ] size = [ 0.002 - 0.02 mm ]""}",26,AF-AfSP,Ghana,1 km - 10 km,Western Africa,Africa,1960-??-??,"Attribution-NonCommercial 3.0 International (CC BY-NC 3.0), https://creativecommons.org/licenses/by-nc/3.0/"
0.15,6.05,581110,107651,GH 2540_11,B22,41,56,0,{22.0},"{""sample pretreatment = [ sieved over 2 mm sieve ] size = [ 0.002 - 0.02 mm ]""}",22,AF-AfSP,Ghana,1 km - 10 km,Western Africa,Africa,1960-??-??,"Attribution-NonCommercial 3.0 International (CC BY-NC 3.0), https://creativecommons.org/licenses/by-nc/3.0/"
0.15,6.1,581111,107653,GH 2540_20,Ap,0,46,0,{52.0},"{""sample pretreatment = [ sieved over 2 mm sieve ] size = [ 0.002 - 0.02 mm ]""}",52,AF-AfSP,Ghana,1 km - 10 km,Western Africa,Africa,1961-??-??,"Attribution-NonCommercial 3.0 International (CC BY-NC 3.0), https://creativecommons.org/licenses/by-nc/3.0/"
0.15,6.1,581111,107654,GH 2540_20,C1,46,61,0,{40.0},"{""sample pretreatment = [ sieved over 2 mm sieve ] size = [ 0.002 - 0.02 mm ]""}",40,AF-AfSP,Ghana,1 km - 10 km,Western Africa,Africa,1961-??-??,"Attribution-NonCommercial 3.0 International (CC BY-NC 3.0), https://creativecommons.org/licenses/by-nc/3.0/"
0.15,6.1,581111,107656,GH 2540_20,A1b,81,107,0,{47.0},"{""sample pretreatment = [ sieved over 2 mm sieve ] size = [ 0.002 - 0.02 mm ]""}",47,AF-AfSP,Ghana,1 km - 10 km,Western Africa,Africa,1961-??-??,"Attribution-NonCommercial 3.0 International (CC BY-NC 3.0), https://creativecommons.org/licenses/by-nc/3.0/"
0.15,6.1,581111,107657,GH 2540_20,C1b,107,157,0,{48.0},"{""sample pretreatment = [ sieved over 2 mm sieve ] size = [ 0.002 - 0.02 mm ]""}",48,AF-AfSP,Ghana,1 km - 10 km,Western Africa,Africa,1961-??-??,"Attribution-NonCommercial 3.0 International (CC BY-NC 3.0), https://creativecommons.org/licenses/by-nc/3.0/"
0.15,6.1,581112,107659,GH 2540_24,Ap,0,30,0,{49.0},"{""instrument = [ pipette ] sample pretreatment = [ sieved over 2 mm sieve ] size = [ 0.002 - 0.05 mm ]""}",49,AF-AfSP,Ghana,1 km - 10 km,Western Africa,Africa,1961-??-??,"Attribution-NonCommercial 3.0 International (CC BY-NC 3.0), https://creativecommons.org/licenses/by-nc/3.0/"
0.15,6.1,581112,107661,GH 2540_24,C2,76,122,0,{37.0},"{""instrument = [ pipette ] sample pretreatment = [ sieved over 2 mm sieve ] size = [ 0.002 - 0.05 mm ]""}",37,AF-AfSP,Ghana,1 km - 10 km,Western Africa,Africa,1961-??-??,"Attribution-NonCommercial 3.0 International (CC BY-NC 3.0), https://creativecommons.org/licenses/by-nc/3.0/"
0.2,6.066667,581115,107669,GH W3_0226,A11,0,8,0,{19.0},"{""sample pretreatment = [ sieved over 2 mm sieve ] size = [ 0.002 - 0.06 mm ]""}",19,AF-AfSP,Ghana,1 km - 10 km,Western Africa,Africa,1971-??-??,"Attribution-NonCommercial 3.0 International (CC BY-NC 3.0), https://creativecommons.org/licenses/by-nc/3.0/"
0.2,6.066667,581115,107670,GH W3_0226,A12,8,27,0,{23.0},"{""sample pretreatment = [ sieved over 2 mm sieve ] size = [ 0.002 - 0.06 mm ]""}",23,AF-AfSP,Ghana,1 km - 10 km,Western Africa,Africa,1971-??-??,"Attribution-NonCommercial 3.0 International (CC BY-NC 3.0), https://creativecommons.org/licenses/by-nc/3.0/"
0.2,6.066667,581115,107671,GH W3_0226,A13,27,48,0,{22.0},"{""sample pretreatment = [ sieved over 2 mm sieve ] size = [ 0.002 - 0.06 mm ]""}",22,AF-AfSP,Ghana,1 km - 10 km,Western Africa,Africa,1971-??-??,"Attribution-NonCommercial 3.0 International (CC BY-NC 3.0), https://creativecommons.org/licenses/by-nc/3.0/"
0.2,6.066667,581115,107672,GH W3_0226,A14,48,83,0,{19.0},"{""sample pretreatment = [ sieved over 2 mm sieve ] size = [ 0.002 - 0.06 mm ]""}",19,AF-AfSP,Ghana,1 km - 10 km,Western Africa,Africa,1971-??-??,"Attribution-NonCommercial 3.0 International (CC BY-NC 3.0), https://creativecommons.org/licenses/by-nc/3.0/"
0.2,6.066667,581115,107673,GH W3_0226,A15,83,114,0,{25.0},"{""sample pretreatment = [ sieved over 2 mm sieve ] size = [ 0.002 - 0.06 mm ]""}",25,AF-AfSP,Ghana,1 km - 10 km,Western Africa,Africa,1971-??-??,"Attribution-NonCommercial 3.0 International (CC BY-NC 3.0), https://creativecommons.org/licenses/by-nc/3.0/"
0.2,6.066667,581115,107674,GH W3_0226,AC,114,140,0,{21.0},"{""sample pretreatment = [ sieved over 2 mm sieve ] size = [ 0.002 - 0.06 mm ]""}",21,AF-AfSP,Ghana,1 km - 10 km,Western Africa,Africa,1971-??-??,"Attribution-NonCommercial 3.0 International (CC BY-NC 3.0), https://creativecommons.org/licenses/by-nc/3.0/"
0.2,6.083333,581116,107675,GH 2540_21,A1,0,30,0,{53.0},"{""sample pretreatment = [ sieved over 2 mm sieve ] size = [ 0.002 - 0.02 mm ]""}",53,AF-AfSP,Ghana,1 km - 10 km,Western Africa,Africa,1961-??-??,"Attribution-NonCommercial 3.0 International (CC BY-NC 3.0), https://creativecommons.org/licenses/by-nc/3.0/"
0.2,6.083333,581116,107676,GH 2540_21,A2,30,61,0,{50.0},"{""sample pretreatment = [ sieved over 2 mm sieve ] size = [ 0.002 - 0.02 mm ]""}",50,AF-AfSP,Ghana,1 km - 10 km,Western Africa,Africa,1961-??-??,"Attribution-NonCommercial 3.0 International (CC BY-NC 3.0), https://creativecommons.org/licenses/by-nc/3.0/"
0.2,6.083333,581116,107678,GH 2540_21,C2 (B21?),71,91,0,{18.0},"{""sample pretreatment = [ sieved over 2 mm sieve ] size = [ 0.002 - 0.02 mm ]""}",18,AF-AfSP,Ghana,1 km - 10 km,Western Africa,Africa,1961-??-??,"Attribution-NonCommercial 3.0 International (CC BY-NC 3.0), https://creativecommons.org/licenses/by-nc/3.0/"
0.2,6.083333,581116,107679,GH 2540_21,C3 (B22?),91,152,0,{43.0},"{""sample pretreatment = [ sieved over 2 mm sieve ] size = [ 0.002 - 0.02 mm ]""}",43,AF-AfSP,Ghana,1 km - 10 km,Western Africa,Africa,1961-??-??,"Attribution-NonCommercial 3.0 International (CC BY-NC 3.0), https://creativecommons.org/licenses/by-nc/3.0/"
0.2,6.083333,581116,107680,GH 2540_21,C4 (B23?),152,168,0,{27.0},"{""sample pretreatment = [ sieved over 2 mm sieve ] size = [ 0.002 - 0.02 mm ]""}",27,AF-AfSP,Ghana,1 km - 10 km,Western Africa,Africa,1961-??-??,"Attribution-NonCommercial 3.0 International (CC BY-NC 3.0), https://creativecommons.org/licenses/by-nc/3.0/"
0.233333,6.066667,581117,107681,GH W3_0225,A11-3,0,27,0,{41.0},"{""sample pretreatment = [ sieved over 2 mm sieve ] size = [ 0.002 - 0.06 mm ]""}",41,AF-AfSP,Ghana,1 km - 10 km,Western Africa,Africa,1971-??-??,"Attribution-NonCommercial 3.0 International (CC BY-NC 3.0), https://creativecommons.org/licenses/by-nc/3.0/"
0.233333,6.066667,581117,107682,GH W3_0225,B21,27,37,0,{34.0},"{""sample pretreatment = [ sieved over 2 mm sieve ] size = [ 0.002 - 0.06 mm ]""}",34,AF-AfSP,Ghana,1 km - 10 km,Western Africa,Africa,1971-??-??,"Attribution-NonCommercial 3.0 International (CC BY-NC 3.0), https://creativecommons.org/licenses/by-nc/3.0/"
0.233333,6.066667,581117,107683,GH W3_0225,B22,37,56,0,{37.0},"{""sample pretreatment = [ sieved over 2 mm sieve ] size = [ 0.002 - 0.06 mm ]""}",37,AF-AfSP,Ghana,1 km - 10 km,Western Africa,Africa,1971-??-??,"Attribution-NonCommercial 3.0 International (CC BY-NC 3.0), https://creativecommons.org/licenses/by-nc/3.0/"
0.233333,6.066667,581117,107684,GH W3_0225,B23,56,85,0,{28.0},"{""sample pretreatment = [ sieved over 2 mm sieve ] size = [ 0.002 - 0.06 mm ]""}",28,AF-AfSP,Ghana,1 km - 10 km,Western Africa,Africa,1971-??-??,"Attribution-NonCommercial 3.0 International (CC BY-NC 3.0), https://creativecommons.org/licenses/by-nc/3.0/"
0.233333,6.066667,581117,107685,GH W3_0225,B24,85,119,0,{26.0},"{""sample pretreatment = [ sieved over 2 mm sieve ] size = [ 0.002 - 0.06 mm ]""}",26,AF-AfSP,Ghana,1 km - 10 km,Western Africa,Africa,1971-??-??,"Attribution-NonCommercial 3.0 International (CC BY-NC 3.0), https://creativecommons.org/licenses/by-nc/3.0/"
0.233333,6.066667,581117,107686,GH W3_0225,B25,119,175,0,{37.0},"{""sample pretreatment = [ sieved over 2 mm sieve ] size = [ 0.002 - 0.06 mm ]""}",37,AF-AfSP,Ghana,1 km - 10 km,Western Africa,Africa,1971-??-??,"Attribution-NonCommercial 3.0 International (CC BY-NC 3.0), https://creativecommons.org/licenses/by-nc/3.0/"
0.233333,6.083333,581118,107687,GH W3_0223,A1,0,23,0,{20.0},"{""sample pretreatment = [ sieved over 2 mm sieve ] size = [ 0.002 - 0.06 mm ]""}",20,AF-AfSP,Ghana,1 km - 10 km,Western Africa,Africa,1971-??-??,"Attribution-NonCommercial 3.0 International (CC BY-NC 3.0), https://creativecommons.org/licenses/by-nc/3.0/"
0.233333,6.083333,581118,107688,GH W3_0223,B21,23,39,0,{15.0},"{""sample pretreatment = [ sieved over 2 mm sieve ] size = [ 0.002 - 0.06 mm ]""}",15,AF-AfSP,Ghana,1 km - 10 km,Western Africa,Africa,1971-??-??,"Attribution-NonCommercial 3.0 International (CC BY-NC 3.0), https://creativecommons.org/licenses/by-nc/3.0/"
0.233333,6.083333,581118,107689,GH W3_0223,B22,39,76,0,{15.0},"{""sample pretreatment = [ sieved over 2 mm sieve ] size = [ 0.002 - 0.06 mm ]""}",15,AF-AfSP,Ghana,1 km - 10 km,Western Africa,Africa,1971-??-??,"Attribution-NonCommercial 3.0 International (CC BY-NC 3.0), https://creativecommons.org/licenses/by-nc/3.0/"
0.233333,6.083333,581118,107690,GH W3_0223,B23,76,111,0,{14.0},"{""sample pretreatment = [ sieved over 2 mm sieve ] size = [ 0.002 - 0.06 mm ]""}",14,AF-AfSP,Ghana,1 km - 10 km,Western Africa,Africa,1971-??-??,"Attribution-NonCommercial 3.0 International (CC BY-NC 3.0), https://creativecommons.org/licenses/by-nc/3.0/"
0.233333,6.083333,581118,107691,GH W3_0223,B24,111,170,0,{23.0},"{""sample pretreatment = [ sieved over 2 mm sieve ] size = [ 0.002 - 0.06 mm ]""}",23,AF-AfSP,Ghana,1 km - 10 km,Western Africa,Africa,1971-??-??,"Attribution-NonCommercial 3.0 International (CC BY-NC 3.0), https://creativecommons.org/licenses/by-nc/3.0/"
0.233333,6.083333,581118,107692,GH W3_0223,C1,170,206,0,{35.0},"{""sample pretreatment = [ sieved over 2 mm sieve ] size = [ 0.002 - 0.06 mm ]""}",35,AF-AfSP,Ghana,1 km - 10 km,Western Africa,Africa,1971-??-??,"Attribution-NonCommercial 3.0 International (CC BY-NC 3.0), https://creativecommons.org/licenses/by-nc/3.0/"
0.233333,6.133333,581119,107693,GH 2540_25,A,0,36,0,{21.0},"{""sample pretreatment = [ sieved over 2 mm sieve ] size = [ 0.002 - 0.02 mm ]""}",21,AF-AfSP,Ghana,1 km - 10 km,Western Africa,Africa,1961-??-??,"Attribution-NonCommercial 3.0 International (CC BY-NC 3.0), https://creativecommons.org/licenses/by-nc/3.0/"
0.233333,6.133333,581119,107694,GH 2540_25,B21,36,102,0,{16.0},"{""sample pretreatment = [ sieved over 2 mm sieve ] size = [ 0.002 - 0.02 mm ]""}",16,AF-AfSP,Ghana,1 km - 10 km,Western Africa,Africa,1961-??-??,"Attribution-NonCommercial 3.0 International (CC BY-NC 3.0), https://creativecommons.org/licenses/by-nc/3.0/"
0.233333,6.133333,581119,107695,GH 2540_25,B22,102,274,0,{22.0},"{""sample pretreatment = [ sieved over 2 mm sieve ] size = [ 0.002 - 0.02 mm ]""}",22,AF-AfSP,Ghana,1 km - 10 km,Western Africa,Africa,1961-??-??,"Attribution-NonCommercial 3.0 International (CC BY-NC 3.0), https://creativecommons.org/licenses/by-nc/3.0/"
0.25,6.016667,581120,107697,GH 2540_07,A1,0,20,0,{26.0},"{""sample pretreatment = [ sieved over 2 mm sieve ] size = [ 0.002 - 0.02 mm ]""}",26,AF-AfSP,Ghana,1 km - 10 km,Western Africa,Africa,1960-??-??,"Attribution-NonCommercial 3.0 International (CC BY-NC 3.0), https://creativecommons.org/licenses/by-nc/3.0/"
0.25,6.016667,581120,107699,GH 2540_07,B22,36,71,0,{23.0},"{""sample pretreatment = [ sieved over 2 mm sieve ] size = [ 0.002 - 0.02 mm ]""}",23,AF-AfSP,Ghana,1 km - 10 km,Western Africa,Africa,1960-??-??,"Attribution-NonCommercial 3.0 International (CC BY-NC 3.0), https://creativecommons.org/licenses/by-nc/3.0/"
0.25,6.016667,581120,107701,GH 2540_07,C1,102,122,0,{22.0},"{""sample pretreatment = [ sieved over 2 mm sieve ] size = [ 0.002 - 0.02 mm ]""}",22,AF-AfSP,Ghana,1 km - 10 km,Western Africa,Africa,1960-??-??,"Attribution-NonCommercial 3.0 International (CC BY-NC 3.0), https://creativecommons.org/licenses/by-nc/3.0/"
0.25,6.016667,581121,107703,GH 2540_08,A,0,20,0,{46.0},"{""instrument = [ pipette ] sample pretreatment = [ sieved over 2 mm sieve ] size = [ 0.002 - 0.05 mm ]""}",46,AF-AfSP,Ghana,1 km - 10 km,Western Africa,Africa,1960-??-??,"Attribution-NonCommercial 3.0 International (CC BY-NC 3.0), https://creativecommons.org/licenses/by-nc/3.0/"
0.25,6.016667,581121,107704,GH 2540_08,B21,20,43,0,{32.0},"{""instrument = [ pipette ] sample pretreatment = [ sieved over 2 mm sieve ] size = [ 0.002 - 0.05 mm ]""}",32,AF-AfSP,Ghana,1 km - 10 km,Western Africa,Africa,1960-??-??,"Attribution-NonCommercial 3.0 International (CC BY-NC 3.0), https://creativecommons.org/licenses/by-nc/3.0/"
0.25,6.016667,581121,107705,GH 2540_08,B22,43,61,0,{26.0},"{""instrument = [ pipette ] sample pretreatment = [ sieved over 2 mm sieve ] size = [ 0.002 - 0.05 mm ]""}",26,AF-AfSP,Ghana,1 km - 10 km,Western Africa,Africa,1960-??-??,"Attribution-NonCommercial 3.0 International (CC BY-NC 3.0), https://creativecommons.org/licenses/by-nc/3.0/"
0.25,6.016667,581121,107707,GH 2540_08,B24,117,152,0,{43.0},"{""instrument = [ pipette ] sample pretreatment = [ sieved over 2 mm sieve ] size = [ 0.002 - 0.05 mm ]""}",43,AF-AfSP,Ghana,1 km - 10 km,Western Africa,Africa,1960-??-??,"Attribution-NonCommercial 3.0 International (CC BY-NC 3.0), https://creativecommons.org/licenses/by-nc/3.0/"
0.266667,6.0,581124,107721,GH 2540_04B,A1,0,30,0,{46.0},"{""instrument = [ pipette ] sample pretreatment = [ sieved over 2 mm sieve ] size = [ 0.002 - 0.05 mm ]""}",46,AF-AfSP,Ghana,1 km - 10 km,Western Africa,Africa,1960-??-??,"Attribution-NonCommercial 3.0 International (CC BY-NC 3.0), https://creativecommons.org/licenses/by-nc/3.0/"
0.266667,6.0,581124,107722,GH 2540_04B,B21,30,46,0,{47.0},"{""instrument = [ pipette ] sample pretreatment = [ sieved over 2 mm sieve ] size = [ 0.002 - 0.05 mm ]""}",47,AF-AfSP,Ghana,1 km - 10 km,Western Africa,Africa,1960-??-??,"Attribution-NonCommercial 3.0 International (CC BY-NC 3.0), https://creativecommons.org/licenses/by-nc/3.0/"
0.266667,6.0,581124,107723,GH 2540_04B,B22,46,81,0,{38.0},"{""instrument = [ pipette ] sample pretreatment = [ sieved over 2 mm sieve ] size = [ 0.002 - 0.05 mm ]""}",38,AF-AfSP,Ghana,1 km - 10 km,Western Africa,Africa,1960-??-??,"Attribution-NonCommercial 3.0 International (CC BY-NC 3.0), https://creativecommons.org/licenses/by-nc/3.0/"
0.266667,6.0,581124,107725,GH 2540_04B,B23,122,152,0,{40.0},"{""instrument = [ pipette ] sample pretreatment = [ sieved over 2 mm sieve ] size = [ 0.002 - 0.05 mm ]""}",40,AF-AfSP,Ghana,1 km - 10 km,Western Africa,Africa,1960-??-??,"Attribution-NonCommercial 3.0 International (CC BY-NC 3.0), https://creativecommons.org/licenses/by-nc/3.0/"
0.266667,6.033333,581125,107727,GH 2540_01,A1,0,15,0,{38.0},"{""instrument = [ pipette ] sample pretreatment = [ sieved over 2 mm sieve ] size = [ 0.002 - 0.05 mm ]""}",38,AF-AfSP,Ghana,1 km - 10 km,Western Africa,Africa,1960-??-??,"Attribution-NonCommercial 3.0 International (CC BY-NC 3.0), https://creativecommons.org/licenses/by-nc/3.0/"
0.266667,6.033333,581125,107728,GH 2540_01,A2,15,51,0,{28.0},"{""instrument = [ pipette ] sample pretreatment = [ sieved over 2 mm sieve ] size = [ 0.002 - 0.05 mm ]""}",28,AF-AfSP,Ghana,1 km - 10 km,Western Africa,Africa,1960-??-??,"Attribution-NonCommercial 3.0 International (CC BY-NC 3.0), https://creativecommons.org/licenses/by-nc/3.0/"
0.266667,6.033333,581125,107730,GH 2540_01,B22,76,127,0,{26.0},"{""instrument = [ pipette ] sample pretreatment = [ sieved over 2 mm sieve ] size = [ 0.002 - 0.05 mm ]""}",26,AF-AfSP,Ghana,1 km - 10 km,Western Africa,Africa,1960-??-??,"Attribution-NonCommercial 3.0 International (CC BY-NC 3.0), https://creativecommons.org/licenses/by-nc/3.0/"
0.266667,6.033333,581125,107731,GH 2540_01,B23,127,157,0,{33.0},"{""instrument = [ pipette ] sample pretreatment = [ sieved over 2 mm sieve ] size = [ 0.002 - 0.05 mm ]""}",33,AF-AfSP,Ghana,1 km - 10 km,Western Africa,Africa,1960-??-??,"Attribution-NonCommercial 3.0 International (CC BY-NC 3.0), https://creativecommons.org/licenses/by-nc/3.0/"
0.266667,6.033333,581126,107732,GH 2540_02,A1,0,15,0,{36.0},"{""instrument = [ pipette ] sample pretreatment = [ sieved over 2 mm sieve ] size = [ 0.002 - 0.05 mm ]""}",36,AF-AfSP,Ghana,1 km - 10 km,Western Africa,Africa,1960-??-??,"Attribution-NonCommercial 3.0 International (CC BY-NC 3.0), https://creativecommons.org/licenses/by-nc/3.0/"
0.266667,6.033333,581126,107733,GH 2540_02,B21,15,102,0,{26.0},"{""instrument = [ pipette ] sample pretreatment = [ sieved over 2 mm sieve ] size = [ 0.002 - 0.05 mm ]""}",26,AF-AfSP,Ghana,1 km - 10 km,Western Africa,Africa,1960-??-??,"Attribution-NonCommercial 3.0 International (CC BY-NC 3.0), https://creativecommons.org/licenses/by-nc/3.0/"
0.266667,6.033333,581126,107734,GH 2540_02,B22,102,183,0,{28.0},"{""instrument = [ pipette ] sample pretreatment = [ sieved over 2 mm sieve ] size = [ 0.002 - 0.05 mm ]""}",28,AF-AfSP,Ghana,1 km - 10 km,Western Africa,Africa,1960-??-??,"Attribution-NonCommercial 3.0 International (CC BY-NC 3.0), https://creativecommons.org/licenses/by-nc/3.0/"
0.266667,6.033333,581126,107735,GH 2540_02,B23,183,254,0,{54.0},"{""instrument = [ pipette ] sample pretreatment = [ sieved over 2 mm sieve ] size = [ 0.002 - 0.05 mm ]""}",54,AF-AfSP,Ghana,1 km - 10 km,Western Africa,Africa,1960-??-??,"Attribution-NonCommercial 3.0 International (CC BY-NC 3.0), https://creativecommons.org/licenses/by-nc/3.0/"
0.266667,6.033333,581127,107736,GH 2540_05,A11,0,25,0,{36.0},"{""sample pretreatment = [ sieved over 2 mm sieve ] size = [ 0.002 - 0.02 mm ]""}",36,AF-AfSP,Ghana,1 km - 10 km,Western Africa,Africa,1960-??-??,"Attribution-NonCommercial 3.0 International (CC BY-NC 3.0), https://creativecommons.org/licenses/by-nc/3.0/"
0.266667,6.033333,581127,107738,GH 2540_05,C1,122,203,0,{29.0},"{""sample pretreatment = [ sieved over 2 mm sieve ] size = [ 0.002 - 0.02 mm ]""}",29,AF-AfSP,Ghana,1 km - 10 km,Western Africa,Africa,1960-??-??,"Attribution-NonCommercial 3.0 International (CC BY-NC 3.0), https://creativecommons.org/licenses/by-nc/3.0/"
0.283333,6.05,581128,107739,GH 2540_22,A1,0,13,0,{43.0},"{""instrument = [ pipette ] sample pretreatment = [ sieved over 2 mm sieve ] size = [ 0.002 - 0.05 mm ]""}",43,AF-AfSP,Ghana,1 km - 10 km,Western Africa,Africa,1961-??-??,"Attribution-NonCommercial 3.0 International (CC BY-NC 3.0), https://creativecommons.org/licenses/by-nc/3.0/"
0.283333,6.05,581128,107741,GH 2540_22,C1g,38,97,0,{46.0},"{""instrument = [ pipette ] sample pretreatment = [ sieved over 2 mm sieve ] size = [ 0.002 - 0.05 mm ]""}",46,AF-AfSP,Ghana,1 km - 10 km,Western Africa,Africa,1961-??-??,"Attribution-NonCommercial 3.0 International (CC BY-NC 3.0), https://creativecommons.org/licenses/by-nc/3.0/"
0.3,6.066667,581129,107745,GH 2540_26,Ap,0,30,0,{25.0},"{""sample pretreatment = [ sieved over 2 mm sieve ] size = [ 0.002 - 0.02 mm ]""}",25,AF-AfSP,Ghana,1 km - 10 km,Western Africa,Africa,1961-??-??,"Attribution-NonCommercial 3.0 International (CC BY-NC 3.0), https://creativecommons.org/licenses/by-nc/3.0/"
0.3,6.066667,581129,107748,GH 2540_26,B21,66,152,0,{22.0},"{""sample pretreatment = [ sieved over 2 mm sieve ] size = [ 0.002 - 0.02 mm ]""}",22,AF-AfSP,Ghana,1 km - 10 km,Western Africa,Africa,1961-??-??,"Attribution-NonCommercial 3.0 International (CC BY-NC 3.0), https://creativecommons.org/licenses/by-nc/3.0/"
0.3,6.066667,581129,107749,GH 2540_26,B22,152,279,0,{20.0},"{""sample pretreatment = [ sieved over 2 mm sieve ] size = [ 0.002 - 0.02 mm ]""}",20,AF-AfSP,Ghana,1 km - 10 km,Western Africa,Africa,1961-??-??,"Attribution-NonCommercial 3.0 International (CC BY-NC 3.0), https://creativecommons.org/licenses/by-nc/3.0/"
0.366667,6.066667,581130,107752,GH 2540_09,A1 (?),15,102,0,{37.0},"{""instrument = [ pipette ] sample pretreatment = [ sieved over 2 mm sieve ] size = [ 0.002 - 0.05 mm ]""}",37,AF-AfSP,Ghana,1 km - 10 km,Western Africa,Africa,1960-??-??,"Attribution-NonCommercial 3.0 International (CC BY-NC 3.0), https://creativecommons.org/licenses/by-nc/3.0/"
0.366667,6.066667,581130,107754,GH 2540_09,C2,122,152,0,{27.0},"{""instrument = [ pipette ] sample pretreatment = [ sieved over 2 mm sieve ] size = [ 0.002 - 0.05 mm ]""}",27,AF-AfSP,Ghana,1 km - 10 km,Western Africa,Africa,1960-??-??,"Attribution-NonCommercial 3.0 International (CC BY-NC 3.0), https://creativecommons.org/licenses/by-nc/3.0/"
0.238444000482559,5.94058322906494,581132,109221,GH wasp_2,Ah1,0,10,0,{9.5},"{""sample pretreatment = [ sieved over 2 mm sieve ] size = [ 0.002 - 0.05 mm ]""}",9.5,AF-AfSP,Ghana,Circa 100 m,Western Africa,Africa,1973-12-1,"Attribution-NonCommercial 3.0 International (CC BY-NC 3.0), https://creativecommons.org/licenses/by-nc/3.0/"
0.238444000482559,5.94058322906494,581132,109222,GH wasp_2,Ah2,10,24,0,{8.1},"{""sample pretreatment = [ sieved over 2 mm sieve ] size = [ 0.002 - 0.05 mm ]""}",8.1,AF-AfSP,Ghana,Circa 100 m,Western Africa,Africa,1973-12-1,"Attribution-NonCommercial 3.0 International (CC BY-NC 3.0), https://creativecommons.org/licenses/by-nc/3.0/"
0.238444000482559,5.94058322906494,581132,109223,GH wasp_2,E,24,44,0,{4.2},"{""sample pretreatment = [ sieved over 2 mm sieve ] size = [ 0.002 - 0.05 mm ]""}",4.2,AF-AfSP,Ghana,Circa 100 m,Western Africa,Africa,1973-12-1,"Attribution-NonCommercial 3.0 International (CC BY-NC 3.0), https://creativecommons.org/licenses/by-nc/3.0/"
0.238444000482559,5.94058322906494,581132,109224,GH wasp_2,EB,44,67,0,{3.4},"{""sample pretreatment = [ sieved over 2 mm sieve ] size = [ 0.002 - 0.05 mm ]""}",3.4,AF-AfSP,Ghana,Circa 100 m,Western Africa,Africa,1973-12-1,"Attribution-NonCommercial 3.0 International (CC BY-NC 3.0), https://creativecommons.org/licenses/by-nc/3.0/"
0.238444000482559,5.94058322906494,581132,109225,GH wasp_2,Bg1,67,80,0,{5.4},"{""sample pretreatment = [ sieved over 2 mm sieve ] size = [ 0.002 - 0.05 mm ]""}",5.4,AF-AfSP,Ghana,Circa 100 m,Western Africa,Africa,1973-12-1,"Attribution-NonCommercial 3.0 International (CC BY-NC 3.0), https://creativecommons.org/licenses/by-nc/3.0/"
0.238444000482559,5.94058322906494,581132,109226,GH wasp_2,Bg2,80,96,0,{10.5},"{""sample pretreatment = [ sieved over 2 mm sieve ] size = [ 0.002 - 0.05 mm ]""}",10.5,AF-AfSP,Ghana,Circa 100 m,Western Africa,Africa,1973-12-1,"Attribution-NonCommercial 3.0 International (CC BY-NC 3.0), https://creativecommons.org/licenses/by-nc/3.0/"
0.238444000482559,5.94058322906494,581132,109227,GH wasp_2,Bg3,96,115,0,{23.7},"{""sample pretreatment = [ sieved over 2 mm sieve ] size = [ 0.002 - 0.05 mm ]""}",23.7,AF-AfSP,Ghana,Circa 100 m,Western Africa,Africa,1973-12-1,"Attribution-NonCommercial 3.0 International (CC BY-NC 3.0), https://creativecommons.org/licenses/by-nc/3.0/"
0.238444000482559,5.94058322906494,581132,109228,GH wasp_2,Bg4,115,145,0,{20.1},"{""sample pretreatment = [ sieved over 2 mm sieve ] size = [ 0.002 - 0.05 mm ]""}",20.1,AF-AfSP,Ghana,Circa 100 m,Western Africa,Africa,1973-12-1,"Attribution-NonCommercial 3.0 International (CC BY-NC 3.0), https://creativecommons.org/licenses/by-nc/3.0/"
0.47,15.66,582592,115265,ML Sotuba029_1,,0,20,0,{18.7},"{""sample pretreatment = [ sieved over 2 mm sieve ] size = [ 0.002 - 0.05 mm ]""}",18.7,AF-AfSP,Mali,1 km - 10 km,Western Africa,Africa,1978-??-??,"Attribution-NonCommercial 3.0 International (CC BY-NC 3.0), https://creativecommons.org/licenses/by-nc/3.0/"
0.47,15.66,582592,115266,ML Sotuba029_1,,20,60,0,{13.0},"{""sample pretreatment = [ sieved over 2 mm sieve ] size = [ 0.002 - 0.05 mm ]""}",13,AF-AfSP,Mali,1 km - 10 km,Western Africa,Africa,1978-??-??,"Attribution-NonCommercial 3.0 International (CC BY-NC 3.0), https://creativecommons.org/licenses/by-nc/3.0/"
0.47,15.66,582592,115267,ML Sotuba029_1,,60,120,0,{0.1},"{""sample pretreatment = [ sieved over 2 mm sieve ] size = [ 0.002 - 0.05 mm ]""}",0.1,AF-AfSP,Mali,1 km - 10 km,Western Africa,Africa,1978-??-??,"Attribution-NonCommercial 3.0 International (CC BY-NC 3.0), https://creativecommons.org/licenses/by-nc/3.0/"
0.47,15.66,582593,115268,ML Sotuba029_100,,0,15,0,{2.4},"{""sample pretreatment = [ sieved over 2 mm sieve ] size = [ 0.002 - 0.05 mm ]""}",2.4,AF-AfSP,Mali,1 km - 10 km,Western Africa,Africa,1978-??-??,"Attribution-NonCommercial 3.0 International (CC BY-NC 3.0), https://creativecommons.org/licenses/by-nc/3.0/"
0.47,15.66,582593,115269,ML Sotuba029_100,,15,60,0,{4.6},"{""sample pretreatment = [ sieved over 2 mm sieve ] size = [ 0.002 - 0.05 mm ]""}",4.6,AF-AfSP,Mali,1 km - 10 km,Western Africa,Africa,1978-??-??,"Attribution-NonCommercial 3.0 International (CC BY-NC 3.0), https://creativecommons.org/licenses/by-nc/3.0/"
0.47,15.66,582593,115270,ML Sotuba029_100,,60,110,0,{5.2},"{""sample pretreatment = [ sieved over 2 mm sieve ] size = [ 0.002 - 0.05 mm ]""}",5.2,AF-AfSP,Mali,1 km - 10 km,Western Africa,Africa,1978-??-??,"Attribution-NonCommercial 3.0 International (CC BY-NC 3.0), https://creativecommons.org/licenses/by-nc/3.0/"
0.47,15.66,582594,115271,ML Sotuba029_108,,0,15,0,{3.6},"{""sample pretreatment = [ sieved over 2 mm sieve ] size = [ 0.002 - 0.05 mm ]""}",3.6,AF-AfSP,Mali,1 km - 10 km,Western Africa,Africa,1978-??-??,"Attribution-NonCommercial 3.0 International (CC BY-NC 3.0), https://creativecommons.org/licenses/by-nc/3.0/"
0.47,15.66,582594,115272,ML Sotuba029_108,,15,100,0,{0.3},"{""sample pretreatment = [ sieved over 2 mm sieve ] size = [ 0.002 - 0.05 mm ]""}",0.3,AF-AfSP,Mali,1 km - 10 km,Western Africa,Africa,1978-??-??,"Attribution-NonCommercial 3.0 International (CC BY-NC 3.0), https://creativecommons.org/licenses/by-nc/3.0/"
0.47,15.66,582594,115273,ML Sotuba029_108,,100,120,0,{0.3},"{""sample pretreatment = [ sieved over 2 mm sieve ] size = [ 0.002 - 0.05 mm ]""}",0.3,AF-AfSP,Mali,1 km - 10 km,Western Africa,Africa,1978-??-??,"Attribution-NonCommercial 3.0 International (CC BY-NC 3.0), https://creativecommons.org/licenses/by-nc/3.0/"
0.47,15.66,582595,115274,ML Sotuba029_12,,0,20,0,{14.7},"{""sample pretreatment = [ sieved over 2 mm sieve ] size = [ 0.002 - 0.05 mm ]""}",14.7,AF-AfSP,Mali,1 km - 10 km,Western Africa,Africa,1978-??-??,"Attribution-NonCommercial 3.0 International (CC BY-NC 3.0), https://creativecommons.org/licenses/by-nc/3.0/"
0.47,15.66,582595,115275,ML Sotuba029_12,,20,50,0,{12.4},"{""sample pretreatment = [ sieved over 2 mm sieve ] size = [ 0.002 - 0.05 mm ]""}",12.4,AF-AfSP,Mali,1 km - 10 km,Western Africa,Africa,1978-??-??,"Attribution-NonCommercial 3.0 International (CC BY-NC 3.0), https://creativecommons.org/licenses/by-nc/3.0/"
0.47,15.66,582595,115276,ML Sotuba029_12,,50,120,0,{5.0},"{""sample pretreatment = [ sieved over 2 mm sieve ] size = [ 0.002 - 0.05 mm ]""}",5,AF-AfSP,Mali,1 km - 10 km,Western Africa,Africa,1978-??-??,"Attribution-NonCommercial 3.0 International (CC BY-NC 3.0), https://creativecommons.org/licenses/by-nc/3.0/"
0.47,15.66,582596,115277,ML Sotuba029_124,,0,25,0,{3.6},"{""sample pretreatment = [ sieved over 2 mm sieve ] size = [ 0.002 - 0.05 mm ]""}",3.6,AF-AfSP,Mali,1 km - 10 km,Western Africa,Africa,1978-??-??,"Attribution-NonCommercial 3.0 International (CC BY-NC 3.0), https://creativecommons.org/licenses/by-nc/3.0/"
0.47,15.66,582596,115278,ML Sotuba029_124,,25,70,0,{6.1},"{""sample pretreatment = [ sieved over 2 mm sieve ] size = [ 0.002 - 0.05 mm ]""}",6.1,AF-AfSP,Mali,1 km - 10 km,Western Africa,Africa,1978-??-??,"Attribution-NonCommercial 3.0 International (CC BY-NC 3.0), https://creativecommons.org/licenses/by-nc/3.0/"
0.47,15.66,582596,115279,ML Sotuba029_124,,70,120,0,{10.9},"{""sample pretreatment = [ sieved over 2 mm sieve ] size = [ 0.002 - 0.05 mm ]""}",10.9,AF-AfSP,Mali,1 km - 10 km,Western Africa,Africa,1978-??-??,"Attribution-NonCommercial 3.0 International (CC BY-NC 3.0), https://creativecommons.org/licenses/by-nc/3.0/"
0.47,15.66,582597,115280,ML Sotuba029_130,,0,15,0,{14.8},"{""sample pretreatment = [ sieved over 2 mm sieve ] size = [ 0.002 - 0.05 mm ]""}",14.8,AF-AfSP,Mali,1 km - 10 km,Western Africa,Africa,1978-??-??,"Attribution-NonCommercial 3.0 International (CC BY-NC 3.0), https://creativecommons.org/licenses/by-nc/3.0/"
0.47,15.66,582597,115281,ML Sotuba029_130,,15,65,0,{8.9},"{""sample pretreatment = [ sieved over 2 mm sieve ] size = [ 0.002 - 0.05 mm ]""}",8.9,AF-AfSP,Mali,1 km - 10 km,Western Africa,Africa,1978-??-??,"Attribution-NonCommercial 3.0 International (CC BY-NC 3.0), https://creativecommons.org/licenses/by-nc/3.0/"
0.47,15.66,582597,115282,ML Sotuba029_130,,65,130,0,{0.3},"{""sample pretreatment = [ sieved over 2 mm sieve ] size = [ 0.002 - 0.05 mm ]""}",0.3,AF-AfSP,Mali,1 km - 10 km,Western Africa,Africa,1978-??-??,"Attribution-NonCommercial 3.0 International (CC BY-NC 3.0), https://creativecommons.org/licenses/by-nc/3.0/"
0.47,15.66,582598,115283,ML Sotuba029_140,,0,15,0,{8.9},"{""sample pretreatment = [ sieved over 2 mm sieve ] size = [ 0.002 - 0.05 mm ]""}",8.9,AF-AfSP,Mali,1 km - 10 km,Western Africa,Africa,1978-??-??,"Attribution-NonCommercial 3.0 International (CC BY-NC 3.0), https://creativecommons.org/licenses/by-nc/3.0/"
0.47,15.66,582598,115284,ML Sotuba029_140,,15,60,0,{9.1},"{""sample pretreatment = [ sieved over 2 mm sieve ] size = [ 0.002 - 0.05 mm ]""}",9.1,AF-AfSP,Mali,1 km - 10 km,Western Africa,Africa,1978-??-??,"Attribution-NonCommercial 3.0 International (CC BY-NC 3.0), https://creativecommons.org/licenses/by-nc/3.0/"
0.47,15.66,582598,115285,ML Sotuba029_140,,60,120,0,{0.3},"{""sample pretreatment = [ sieved over 2 mm sieve ] size = [ 0.002 - 0.05 mm ]""}",0.3,AF-AfSP,Mali,1 km - 10 km,Western Africa,Africa,1978-??-??,"Attribution-NonCommercial 3.0 International (CC BY-NC 3.0), https://creativecommons.org/licenses/by-nc/3.0/"
0.47,15.66,582599,115286,ML Sotuba029_145,,0,15,0,{16.1},"{""sample pretreatment = [ sieved over 2 mm sieve ] size = [ 0.002 - 0.05 mm ]""}",16.1,AF-AfSP,Mali,1 km - 10 km,Western Africa,Africa,1978-??-??,"Attribution-NonCommercial 3.0 International (CC BY-NC 3.0), https://creativecommons.org/licenses/by-nc/3.0/"
0.47,15.66,582599,115287,ML Sotuba029_145,,15,65,0,{16.1},"{""sample pretreatment = [ sieved over 2 mm sieve ] size = [ 0.002 - 0.05 mm ]""}",16.1,AF-AfSP,Mali,1 km - 10 km,Western Africa,Africa,1978-??-??,"Attribution-NonCommercial 3.0 International (CC BY-NC 3.0), https://creativecommons.org/licenses/by-nc/3.0/"
0.47,15.66,582599,115288,ML Sotuba029_145,,65,80,0,{8.9},"{""sample pretreatment = [ sieved over 2 mm sieve ] size = [ 0.002 - 0.05 mm ]""}",8.9,AF-AfSP,Mali,1 km - 10 km,Western Africa,Africa,1978-??-??,"Attribution-NonCommercial 3.0 International (CC BY-NC 3.0), https://creativecommons.org/licenses/by-nc/3.0/"
0.47,15.66,582600,115289,ML Sotuba029_151,,0,25,0,{12.9},"{""sample pretreatment = [ sieved over 2 mm sieve ] size = [ 0.002 - 0.05 mm ]""}",12.9,AF-AfSP,Mali,1 km - 10 km,Western Africa,Africa,1978-??-??,"Attribution-NonCommercial 3.0 International (CC BY-NC 3.0), https://creativecommons.org/licenses/by-nc/3.0/"
0.47,15.66,582600,115290,ML Sotuba029_151,,25,60,0,{9.5},"{""sample pretreatment = [ sieved over 2 mm sieve ] size = [ 0.002 - 0.05 mm ]""}",9.5,AF-AfSP,Mali,1 km - 10 km,Western Africa,Africa,1978-??-??,"Attribution-NonCommercial 3.0 International (CC BY-NC 3.0), https://creativecommons.org/licenses/by-nc/3.0/"
0.47,15.66,582600,115291,ML Sotuba029_151,,60,120,0,{13.1},"{""sample pretreatment = [ sieved over 2 mm sieve ] size = [ 0.002 - 0.05 mm ]""}",13.1,AF-AfSP,Mali,1 km - 10 km,Western Africa,Africa,1978-??-??,"Attribution-NonCommercial 3.0 International (CC BY-NC 3.0), https://creativecommons.org/licenses/by-nc/3.0/"
0.47,15.66,582601,115292,ML Sotuba029_158,,0,15,0,{19.6},"{""sample pretreatment = [ sieved over 2 mm sieve ] size = [ 0.002 - 0.05 mm ]""}",19.6,AF-AfSP,Mali,1 km - 10 km,Western Africa,Africa,1978-??-??,"Attribution-NonCommercial 3.0 International (CC BY-NC 3.0), https://creativecommons.org/licenses/by-nc/3.0/"
0.47,15.66,582601,115293,ML Sotuba029_158,,15,50,0,{28.5},"{""sample pretreatment = [ sieved over 2 mm sieve ] size = [ 0.002 - 0.05 mm ]""}",28.5,AF-AfSP,Mali,1 km - 10 km,Western Africa,Africa,1978-??-??,"Attribution-NonCommercial 3.0 International (CC BY-NC 3.0), https://creativecommons.org/licenses/by-nc/3.0/"
0.47,15.66,582601,115294,ML Sotuba029_158,,50,120,0,{17.9},"{""sample pretreatment = [ sieved over 2 mm sieve ] size = [ 0.002 - 0.05 mm ]""}",17.9,AF-AfSP,Mali,1 km - 10 km,Western Africa,Africa,1978-??-??,"Attribution-NonCommercial 3.0 International (CC BY-NC 3.0), https://creativecommons.org/licenses/by-nc/3.0/"
0.47,15.66,582602,115295,ML Sotuba029_167,,0,15,0,{13.3},"{""sample pretreatment = [ sieved over 2 mm sieve ] size = [ 0.002 - 0.05 mm ]""}",13.3,AF-AfSP,Mali,1 km - 10 km,Western Africa,Africa,1978-??-??,"Attribution-NonCommercial 3.0 International (CC BY-NC 3.0), https://creativecommons.org/licenses/by-nc/3.0/"
0.47,15.66,582602,115296,ML Sotuba029_167,,15,50,0,{13.5},"{""sample pretreatment = [ sieved over 2 mm sieve ] size = [ 0.002 - 0.05 mm ]""}",13.5,AF-AfSP,Mali,1 km - 10 km,Western Africa,Africa,1978-??-??,"Attribution-NonCommercial 3.0 International (CC BY-NC 3.0), https://creativecommons.org/licenses/by-nc/3.0/"
0.47,15.66,582602,115297,ML Sotuba029_167,,50,120,0,{12.7},"{""sample pretreatment = [ sieved over 2 mm sieve ] size = [ 0.002 - 0.05 mm ]""}",12.7,AF-AfSP,Mali,1 km - 10 km,Western Africa,Africa,1978-??-??,"Attribution-NonCommercial 3.0 International (CC BY-NC 3.0), https://creativecommons.org/licenses/by-nc/3.0/"
0.47,15.66,582603,115298,ML Sotuba029_17,,0,10,0,{7.1},"{""sample pretreatment = [ sieved over 2 mm sieve ] size = [ 0.002 - 0.05 mm ]""}",7.1,AF-AfSP,Mali,1 km - 10 km,Western Africa,Africa,1978-??-??,"Attribution-NonCommercial 3.0 International (CC BY-NC 3.0), https://creativecommons.org/licenses/by-nc/3.0/"
0.47,15.66,582603,115299,ML Sotuba029_17,,10,100,0,{0.3},"{""sample pretreatment = [ sieved over 2 mm sieve ] size = [ 0.002 - 0.05 mm ]""}",0.3,AF-AfSP,Mali,1 km - 10 km,Western Africa,Africa,1978-??-??,"Attribution-NonCommercial 3.0 International (CC BY-NC 3.0), https://creativecommons.org/licenses/by-nc/3.0/"
0.47,15.66,582604,115300,ML Sotuba029_22,,0,15,0,{14.5},"{""sample pretreatment = [ sieved over 2 mm sieve ] size = [ 0.002 - 0.05 mm ]""}",14.5,AF-AfSP,Mali,1 km - 10 km,Western Africa,Africa,1978-??-??,"Attribution-NonCommercial 3.0 International (CC BY-NC 3.0), https://creativecommons.org/licenses/by-nc/3.0/"
0.47,15.66,582604,115301,ML Sotuba029_22,,15,70,0,{17.3},"{""sample pretreatment = [ sieved over 2 mm sieve ] size = [ 0.002 - 0.05 mm ]""}",17.3,AF-AfSP,Mali,1 km - 10 km,Western Africa,Africa,1978-??-??,"Attribution-NonCommercial 3.0 International (CC BY-NC 3.0), https://creativecommons.org/licenses/by-nc/3.0/"
0.47,15.66,582604,115302,ML Sotuba029_22,,70,120,0,{10.2},"{""sample pretreatment = [ sieved over 2 mm sieve ] size = [ 0.002 - 0.05 mm ]""}",10.2,AF-AfSP,Mali,1 km - 10 km,Western Africa,Africa,1978-??-??,"Attribution-NonCommercial 3.0 International (CC BY-NC 3.0), https://creativecommons.org/licenses/by-nc/3.0/"
0.47,15.66,582605,115303,ML Sotuba029_35,,0,15,0,{17.0},"{""sample pretreatment = [ sieved over 2 mm sieve ] size = [ 0.002 - 0.05 mm ]""}",17,AF-AfSP,Mali,1 km - 10 km,Western Africa,Africa,1978-??-??,"Attribution-NonCommercial 3.0 International (CC BY-NC 3.0), https://creativecommons.org/licenses/by-nc/3.0/"
0.47,15.66,582605,115304,ML Sotuba029_35,,15,35,0,{12.6},"{""sample pretreatment = [ sieved over 2 mm sieve ] size = [ 0.002 - 0.05 mm ]""}",12.6,AF-AfSP,Mali,1 km - 10 km,Western Africa,Africa,1978-??-??,"Attribution-NonCommercial 3.0 International (CC BY-NC 3.0), https://creativecommons.org/licenses/by-nc/3.0/"
0.47,15.66,582605,115305,ML Sotuba029_35,,35,80,0,{12.9},"{""sample pretreatment = [ sieved over 2 mm sieve ] size = [ 0.002 - 0.05 mm ]""}",12.9,AF-AfSP,Mali,1 km - 10 km,Western Africa,Africa,1978-??-??,"Attribution-NonCommercial 3.0 International (CC BY-NC 3.0), https://creativecommons.org/licenses/by-nc/3.0/"
0.47,15.66,582606,115306,ML Sotuba029_43,,0,15,0,{14.1},"{""sample pretreatment = [ sieved over 2 mm sieve ] size = [ 0.002 - 0.05 mm ]""}",14.1,AF-AfSP,Mali,1 km - 10 km,Western Africa,Africa,1978-??-??,"Attribution-NonCommercial 3.0 International (CC BY-NC 3.0), https://creativecommons.org/licenses/by-nc/3.0/"
0.47,15.66,582606,115307,ML Sotuba029_43,,15,60,0,{11.9},"{""sample pretreatment = [ sieved over 2 mm sieve ] size = [ 0.002 - 0.05 mm ]""}",11.9,AF-AfSP,Mali,1 km - 10 km,Western Africa,Africa,1978-??-??,"Attribution-NonCommercial 3.0 International (CC BY-NC 3.0), https://creativecommons.org/licenses/by-nc/3.0/"
0.47,15.66,582606,115308,ML Sotuba029_43,,60,110,0,{10.0},"{""sample pretreatment = [ sieved over 2 mm sieve ] size = [ 0.002 - 0.05 mm ]""}",10,AF-AfSP,Mali,1 km - 10 km,Western Africa,Africa,1978-??-??,"Attribution-NonCommercial 3.0 International (CC BY-NC 3.0), https://creativecommons.org/licenses/by-nc/3.0/"
0.47,15.66,582607,115309,ML Sotuba029_55,,0,15,0,{7.5},"{""sample pretreatment = [ sieved over 2 mm sieve ] size = [ 0.002 - 0.05 mm ]""}",7.5,AF-AfSP,Mali,1 km - 10 km,Western Africa,Africa,1978-??-??,"Attribution-NonCommercial 3.0 International (CC BY-NC 3.0), https://creativecommons.org/licenses/by-nc/3.0/"
0.47,15.66,582607,115310,ML Sotuba029_55,,15,40,0,{8.6},"{""sample pretreatment = [ sieved over 2 mm sieve ] size = [ 0.002 - 0.05 mm ]""}",8.6,AF-AfSP,Mali,1 km - 10 km,Western Africa,Africa,1978-??-??,"Attribution-NonCommercial 3.0 International (CC BY-NC 3.0), https://creativecommons.org/licenses/by-nc/3.0/"
0.47,15.66,582607,115311,ML Sotuba029_55,,40,80,0,{8.3},"{""sample pretreatment = [ sieved over 2 mm sieve ] size = [ 0.002 - 0.05 mm ]""}",8.3,AF-AfSP,Mali,1 km - 10 km,Western Africa,Africa,1978-??-??,"Attribution-NonCommercial 3.0 International (CC BY-NC 3.0), https://creativecommons.org/licenses/by-nc/3.0/"
0.47,15.66,582607,115312,ML Sotuba029_55,,80,120,0,{3.7},"{""sample pretreatment = [ sieved over 2 mm sieve ] size = [ 0.002 - 0.05 mm ]""}",3.7,AF-AfSP,Mali,1 km - 10 km,Western Africa,Africa,1978-??-??,"Attribution-NonCommercial 3.0 International (CC BY-NC 3.0), https://creativecommons.org/licenses/by-nc/3.0/"
0.47,15.66,582608,115313,ML Sotuba029_63,,0,15,0,{11.4},"{""sample pretreatment = [ sieved over 2 mm sieve ] size = [ 0.002 - 0.05 mm ]""}",11.4,AF-AfSP,Mali,1 km - 10 km,Western Africa,Africa,1978-??-??,"Attribution-NonCommercial 3.0 International (CC BY-NC 3.0), https://creativecommons.org/licenses/by-nc/3.0/"
0.47,15.66,582608,115314,ML Sotuba029_63,,15,60,0,{12.1},"{""sample pretreatment = [ sieved over 2 mm sieve ] size = [ 0.002 - 0.05 mm ]""}",12.1,AF-AfSP,Mali,1 km - 10 km,Western Africa,Africa,1978-??-??,"Attribution-NonCommercial 3.0 International (CC BY-NC 3.0), https://creativecommons.org/licenses/by-nc/3.0/"
0.47,15.66,582608,115315,ML Sotuba029_63,,60,80,0,{0.6},"{""sample pretreatment = [ sieved over 2 mm sieve ] size = [ 0.002 - 0.05 mm ]""}",0.6,AF-AfSP,Mali,1 km - 10 km,Western Africa,Africa,1978-??-??,"Attribution-NonCommercial 3.0 International (CC BY-NC 3.0), https://creativecommons.org/licenses/by-nc/3.0/"
0.47,15.66,582609,115316,ML Sotuba029_65,,0,15,0,{10.2},"{""sample pretreatment = [ sieved over 2 mm sieve ] size = [ 0.002 - 0.05 mm ]""}",10.2,AF-AfSP,Mali,1 km - 10 km,Western Africa,Africa,1978-??-??,"Attribution-NonCommercial 3.0 International (CC BY-NC 3.0), https://creativecommons.org/licenses/by-nc/3.0/"
0.47,15.66,582609,115317,ML Sotuba029_65,,15,60,0,{10.2},"{""sample pretreatment = [ sieved over 2 mm sieve ] size = [ 0.002 - 0.05 mm ]""}",10.2,AF-AfSP,Mali,1 km - 10 km,Western Africa,Africa,1978-??-??,"Attribution-NonCommercial 3.0 International (CC BY-NC 3.0), https://creativecommons.org/licenses/by-nc/3.0/"
0.47,15.66,582609,115318,ML Sotuba029_65,,60,140,0,{8.9},"{""sample pretreatment = [ sieved over 2 mm sieve ] size = [ 0.002 - 0.05 mm ]""}",8.9,AF-AfSP,Mali,1 km - 10 km,Western Africa,Africa,1978-??-??,"Attribution-NonCommercial 3.0 International (CC BY-NC 3.0), https://creativecommons.org/licenses/by-nc/3.0/"
0.47,15.66,582610,115319,ML Sotuba029_85,,0,10,0,{21.3},"{""sample pretreatment = [ sieved over 2 mm sieve ] size = [ 0.002 - 0.05 mm ]""}",21.3,AF-AfSP,Mali,1 km - 10 km,Western Africa,Africa,1978-??-??,"Attribution-NonCommercial 3.0 International (CC BY-NC 3.0), https://creativecommons.org/licenses/by-nc/3.0/"
0.47,15.66,582610,115320,ML Sotuba029_85,,10,45,0,{14.0},"{""sample pretreatment = [ sieved over 2 mm sieve ] size = [ 0.002 - 0.05 mm ]""}",14,AF-AfSP,Mali,1 km - 10 km,Western Africa,Africa,1978-??-??,"Attribution-NonCommercial 3.0 International (CC BY-NC 3.0), https://creativecommons.org/licenses/by-nc/3.0/"
0.47,15.66,582610,115321,ML Sotuba029_85,,45,120,0,{10.0},"{""sample pretreatment = [ sieved over 2 mm sieve ] size = [ 0.002 - 0.05 mm ]""}",10,AF-AfSP,Mali,1 km - 10 km,Western Africa,Africa,1978-??-??,"Attribution-NonCommercial 3.0 International (CC BY-NC 3.0), https://creativecommons.org/licenses/by-nc/3.0/"
1.036389,14.167222,585950,127608,NE W3_0284,Ahg,0,20,0,{50.0},"{""instrument = [ pipette ] sample pretreatment = [ sieved over 2 mm sieve ] size = [ 0.002 - 0.06 mm ]""}",50,AF-AfSP,Niger,Circa 100 m,Western Africa,Africa,????-??-??,"Attribution-NonCommercial 3.0 International (CC BY-NC 3.0), https://creativecommons.org/licenses/by-nc/3.0/"
1.036389,14.167222,585950,127609,NE W3_0284,Btg,20,68,0,{31.0},"{""instrument = [ pipette ] sample pretreatment = [ sieved over 2 mm sieve ] size = [ 0.002 - 0.06 mm ]""}",31,AF-AfSP,Niger,Circa 100 m,Western Africa,Africa,????-??-??,"Attribution-NonCommercial 3.0 International (CC BY-NC 3.0), https://creativecommons.org/licenses/by-nc/3.0/"
1.036389,14.167222,585950,127610,NE W3_0284,Bg,68,90,0,{22.0},"{""instrument = [ pipette ] sample pretreatment = [ sieved over 2 mm sieve ] size = [ 0.002 - 0.06 mm ]""}",22,AF-AfSP,Niger,Circa 100 m,Western Africa,Africa,????-??-??,"Attribution-NonCommercial 3.0 International (CC BY-NC 3.0), https://creativecommons.org/licenses/by-nc/3.0/"
1.0375,14.166944,585951,127611,NE W3_0339,,0,27,0,{15.0},"{""instrument = [ pipette ] sample pretreatment = [ sieved over 2 mm sieve ] size = [ 0.002 - 0.06 mm ]""}",15,AF-AfSP,Niger,Circa 100 m,Western Africa,Africa,????-??-??,"Attribution-NonCommercial 3.0 International (CC BY-NC 3.0), https://creativecommons.org/licenses/by-nc/3.0/"
1.0375,14.166944,585951,127612,NE W3_0339,2Ah,27,45,0,{23.0},"{""instrument = [ pipette ] sample pretreatment = [ sieved over 2 mm sieve ] size = [ 0.002 - 0.06 mm ]""}",23,AF-AfSP,Niger,Circa 100 m,Western Africa,Africa,????-??-??,"Attribution-NonCommercial 3.0 International (CC BY-NC 3.0), https://creativecommons.org/licenses/by-nc/3.0/"
1.0375,14.166944,585951,127613,NE W3_0339,2Btg,45,55,0,{31.0},"{""instrument = [ pipette ] sample pretreatment = [ sieved over 2 mm sieve ] size = [ 0.002 - 0.06 mm ]""}",31,AF-AfSP,Niger,Circa 100 m,Western Africa,Africa,????-??-??,"Attribution-NonCommercial 3.0 International (CC BY-NC 3.0), https://creativecommons.org/licenses/by-nc/3.0/"
1.037778,14.144444,585952,127614,NE W3_0262,Ah,0,14,0,{37.0},"{""instrument = [ pipette ] sample pretreatment = [ sieved over 2 mm sieve ] size = [ 0.002 - 0.06 mm ]""}",37,AF-AfSP,Niger,Circa 100 m,Western Africa,Africa,????-??-??,"Attribution-NonCommercial 3.0 International (CC BY-NC 3.0), https://creativecommons.org/licenses/by-nc/3.0/"
1.037778,14.144444,585952,127615,NE W3_0262,Bt,14,36,0,{26.0},"{""instrument = [ pipette ] sample pretreatment = [ sieved over 2 mm sieve ] size = [ 0.002 - 0.06 mm ]""}",26,AF-AfSP,Niger,Circa 100 m,Western Africa,Africa,????-??-??,"Attribution-NonCommercial 3.0 International (CC BY-NC 3.0), https://creativecommons.org/licenses/by-nc/3.0/"
1.040278,14.165556,585953,127617,NE W3_0368,,0,15,0,{9.0},"{""instrument = [ pipette ] sample pretreatment = [ sieved over 2 mm sieve ] size = [ 0.002 - 0.06 mm ]""}",9,AF-AfSP,Niger,Circa 100 m,Western Africa,Africa,????-??-??,"Attribution-NonCommercial 3.0 International (CC BY-NC 3.0), https://creativecommons.org/licenses/by-nc/3.0/"
1.040278,14.165556,585953,127618,NE W3_0368,Bw,15,41,0,{4.0},"{""instrument = [ pipette ] sample pretreatment = [ sieved over 2 mm sieve ] size = [ 0.002 - 0.06 mm ]""}",4,AF-AfSP,Niger,Circa 100 m,Western Africa,Africa,????-??-??,"Attribution-NonCommercial 3.0 International (CC BY-NC 3.0), https://creativecommons.org/licenses/by-nc/3.0/"
1.040278,14.165556,585953,127619,NE W3_0368,2Bt1,41,56,0,{24.0},"{""instrument = [ pipette ] sample pretreatment = [ sieved over 2 mm sieve ] size = [ 0.002 - 0.06 mm ]""}",24,AF-AfSP,Niger,Circa 100 m,Western Africa,Africa,????-??-??,"Attribution-NonCommercial 3.0 International (CC BY-NC 3.0), https://creativecommons.org/licenses/by-nc/3.0/"
1.040278,14.165556,585953,127620,NE W3_0368,2Bt2,56,72,0,{34.0},"{""instrument = [ pipette ] sample pretreatment = [ sieved over 2 mm sieve ] size = [ 0.002 - 0.06 mm ]""}",34,AF-AfSP,Niger,Circa 100 m,Western Africa,Africa,????-??-??,"Attribution-NonCommercial 3.0 International (CC BY-NC 3.0), https://creativecommons.org/licenses/by-nc/3.0/"
1.041389,14.1575,585954,127621,NE W3_0362,Ah,0,16,0,{19.0},"{""instrument = [ pipette ] sample pretreatment = [ sieved over 2 mm sieve ] size = [ 0.002 - 0.06 mm ]""}",19,AF-AfSP,Niger,Circa 100 m,Western Africa,Africa,????-??-??,"Attribution-NonCommercial 3.0 International (CC BY-NC 3.0), https://creativecommons.org/licenses/by-nc/3.0/"
1.041389,14.1575,585954,127622,NE W3_0362,Bt,16,28,0,{16.0},"{""instrument = [ pipette ] sample pretreatment = [ sieved over 2 mm sieve ] size = [ 0.002 - 0.06 mm ]""}",16,AF-AfSP,Niger,Circa 100 m,Western Africa,Africa,????-??-??,"Attribution-NonCommercial 3.0 International (CC BY-NC 3.0), https://creativecommons.org/licenses/by-nc/3.0/"
1.041389,14.1575,585954,127623,NE W3_0362,Btgs,28,44,0,{18.0},"{""instrument = [ pipette ] sample pretreatment = [ sieved over 2 mm sieve ] size = [ 0.002 - 0.06 mm ]""}",18,AF-AfSP,Niger,Circa 100 m,Western Africa,Africa,????-??-??,"Attribution-NonCommercial 3.0 International (CC BY-NC 3.0), https://creativecommons.org/licenses/by-nc/3.0/"
1.041389,14.1575,585954,127624,NE W3_0362,Btgw,44,65,0,{18.0},"{""instrument = [ pipette ] sample pretreatment = [ sieved over 2 mm sieve ] size = [ 0.002 - 0.06 mm ]""}",18,AF-AfSP,Niger,Circa 100 m,Western Africa,Africa,????-??-??,"Attribution-NonCommercial 3.0 International (CC BY-NC 3.0), https://creativecommons.org/licenses/by-nc/3.0/"
1.042778,14.114722,585955,127625,NE W3_0260,Bw,0,66,0,{28.0},"{""instrument = [ pipette ] sample pretreatment = [ sieved over 2 mm sieve ] size = [ 0.002 - 0.06 mm ]""}",28,AF-AfSP,Niger,Circa 100 m,Western Africa,Africa,????-??-??,"Attribution-NonCommercial 3.0 International (CC BY-NC 3.0), https://creativecommons.org/licenses/by-nc/3.0/"
1.042778,14.114722,585955,127626,NE W3_0260,,66,100,0,{35.0},"{""instrument = [ pipette ] sample pretreatment = [ sieved over 2 mm sieve ] size = [ 0.002 - 0.06 mm ]""}",35,AF-AfSP,Niger,Circa 100 m,Western Africa,Africa,????-??-??,"Attribution-NonCommercial 3.0 International (CC BY-NC 3.0), https://creativecommons.org/licenses/by-nc/3.0/"
1.133611,14.153056,585956,127627,NE W3_0351,Ah,0,13,0,{70.0},"{""instrument = [ pipette ] sample pretreatment = [ sieved over 2 mm sieve ] size = [ 0.002 - 0.06 mm ]""}",70,AF-AfSP,Niger,Circa 100 m,Western Africa,Africa,????-??-??,"Attribution-NonCommercial 3.0 International (CC BY-NC 3.0), https://creativecommons.org/licenses/by-nc/3.0/"
1.133611,14.153056,585956,127628,NE W3_0351,Bh,13,36,0,{30.0},"{""instrument = [ pipette ] sample pretreatment = [ sieved over 2 mm sieve ] size = [ 0.002 - 0.06 mm ]""}",30,AF-AfSP,Niger,Circa 100 m,Western Africa,Africa,????-??-??,"Attribution-NonCommercial 3.0 International (CC BY-NC 3.0), https://creativecommons.org/licenses/by-nc/3.0/"
1.133611,14.153056,585956,127629,NE W3_0351,Bt,36,65,0,{29.0},"{""instrument = [ pipette ] sample pretreatment = [ sieved over 2 mm sieve ] size = [ 0.002 - 0.06 mm ]""}",29,AF-AfSP,Niger,Circa 100 m,Western Africa,Africa,????-??-??,"Attribution-NonCommercial 3.0 International (CC BY-NC 3.0), https://creativecommons.org/licenses/by-nc/3.0/"
1.134722,13.787778,585957,127630,NE W3_0256,Ah,0,15,0,{23.0},"{""instrument = [ pipette ] sample pretreatment = [ sieved over 2 mm sieve ] size = [ 0.002 - 0.06 mm ]""}",23,AF-AfSP,Niger,Circa 100 m,Western Africa,Africa,????-??-??,"Attribution-NonCommercial 3.0 International (CC BY-NC 3.0), https://creativecommons.org/licenses/by-nc/3.0/"
1.134722,13.787778,585957,127631,NE W3_0256,Bw,15,28,0,{22.0},"{""instrument = [ pipette ] sample pretreatment = [ sieved over 2 mm sieve ] size = [ 0.002 - 0.06 mm ]""}",22,AF-AfSP,Niger,Circa 100 m,Western Africa,Africa,????-??-??,"Attribution-NonCommercial 3.0 International (CC BY-NC 3.0), https://creativecommons.org/licenses/by-nc/3.0/"
1.136111,14.131111,585958,127633,NE W3_0389,Ah,0,12,0,{32.0},"{""instrument = [ pipette ] sample pretreatment = [ sieved over 2 mm sieve ] size = [ 0.002 - 0.06 mm ]""}",32,AF-AfSP,Niger,Circa 100 m,Western Africa,Africa,????-??-??,"Attribution-NonCommercial 3.0 International (CC BY-NC 3.0), https://creativecommons.org/licenses/by-nc/3.0/"
1.136111,14.131111,585958,127634,NE W3_0389,Bt1,12,39,0,{29.0},"{""instrument = [ pipette ] sample pretreatment = [ sieved over 2 mm sieve ] size = [ 0.002 - 0.06 mm ]""}",29,AF-AfSP,Niger,Circa 100 m,Western Africa,Africa,????-??-??,"Attribution-NonCommercial 3.0 International (CC BY-NC 3.0), https://creativecommons.org/licenses/by-nc/3.0/"
1.136111,14.131111,585958,127635,NE W3_0389,Bt2,39,49,0,{30.0},"{""instrument = [ pipette ] sample pretreatment = [ sieved over 2 mm sieve ] size = [ 0.002 - 0.06 mm ]""}",30,AF-AfSP,Niger,Circa 100 m,Western Africa,Africa,????-??-??,"Attribution-NonCommercial 3.0 International (CC BY-NC 3.0), https://creativecommons.org/licenses/by-nc/3.0/"
1.137778,14.1575,585959,127636,NE W3_0285,Ah,0,15,0,{42.0},"{""instrument = [ pipette ] sample pretreatment = [ sieved over 2 mm sieve ] size = [ 0.002 - 0.06 mm ]""}",42,AF-AfSP,Niger,Circa 100 m,Western Africa,Africa,????-??-??,"Attribution-NonCommercial 3.0 International (CC BY-NC 3.0), https://creativecommons.org/licenses/by-nc/3.0/"
1.137778,14.1575,585959,127637,NE W3_0285,Bw,15,45,0,{42.0},"{""instrument = [ pipette ] sample pretreatment = [ sieved over 2 mm sieve ] size = [ 0.002 - 0.06 mm ]""}",42,AF-AfSP,Niger,Circa 100 m,Western Africa,Africa,????-??-??,"Attribution-NonCommercial 3.0 International (CC BY-NC 3.0), https://creativecommons.org/licenses/by-nc/3.0/"
1.137778,14.1575,585959,127638,NE W3_0285,Bg,45,71,0,{24.0},"{""instrument = [ pipette ] sample pretreatment = [ sieved over 2 mm sieve ] size = [ 0.002 - 0.06 mm ]""}",24,AF-AfSP,Niger,Circa 100 m,Western Africa,Africa,????-??-??,"Attribution-NonCommercial 3.0 International (CC BY-NC 3.0), https://creativecommons.org/licenses/by-nc/3.0/"
1.138611,14.121944,585960,127639,NE W3_0064,Ah,0,15,0,{45.0},"{""instrument = [ pipette ] sample pretreatment = [ sieved over 2 mm sieve ] size = [ 0.002 - 0.06 mm ]""}",45,AF-AfSP,Niger,Circa 100 m,Western Africa,Africa,????-??-??,"Attribution-NonCommercial 3.0 International (CC BY-NC 3.0), https://creativecommons.org/licenses/by-nc/3.0/"
1.138611,14.121944,585960,127640,NE W3_0064,Bt1,15,41,0,{41.0},"{""instrument = [ pipette ] sample pretreatment = [ sieved over 2 mm sieve ] size = [ 0.002 - 0.06 mm ]""}",41,AF-AfSP,Niger,Circa 100 m,Western Africa,Africa,????-??-??,"Attribution-NonCommercial 3.0 International (CC BY-NC 3.0), https://creativecommons.org/licenses/by-nc/3.0/"
1.138611,14.121944,585960,127641,NE W3_0064,Bt2,41,85,0,{38.0},"{""instrument = [ pipette ] sample pretreatment = [ sieved over 2 mm sieve ] size = [ 0.002 - 0.06 mm ]""}",38,AF-AfSP,Niger,Circa 100 m,Western Africa,Africa,????-??-??,"Attribution-NonCommercial 3.0 International (CC BY-NC 3.0), https://creativecommons.org/licenses/by-nc/3.0/"
1.141667,13.752778,585961,127642,NE W3_0216,Ah,0,14,0,{23.0},"{""instrument = [ pipette ] sample pretreatment = [ sieved over 2 mm sieve ] size = [ 0.002 - 0.06 mm ]""}",23,AF-AfSP,Niger,Circa 100 m,Western Africa,Africa,????-??-??,"Attribution-NonCommercial 3.0 International (CC BY-NC 3.0), https://creativecommons.org/licenses/by-nc/3.0/"
1.141667,13.752778,585961,127643,NE W3_0216,BCw,14,32,0,{20.0},"{""instrument = [ pipette ] sample pretreatment = [ sieved over 2 mm sieve ] size = [ 0.002 - 0.06 mm ]""}",20,AF-AfSP,Niger,Circa 100 m,Western Africa,Africa,????-??-??,"Attribution-NonCommercial 3.0 International (CC BY-NC 3.0), https://creativecommons.org/licenses/by-nc/3.0/"
1.201111,14.103333,585962,127644,NE W3_0312,,0,12,0,{19.0},"{""instrument = [ pipette ] sample pretreatment = [ sieved over 2 mm sieve ] size = [ 0.002 - 0.06 mm ]""}",19,AF-AfSP,Niger,Circa 100 m,Western Africa,Africa,????-??-??,"Attribution-NonCommercial 3.0 International (CC BY-NC 3.0), https://creativecommons.org/licenses/by-nc/3.0/"
1.201111,14.103333,585962,127645,NE W3_0312,B/C,12,25,0,{18.0},"{""instrument = [ pipette ] sample pretreatment = [ sieved over 2 mm sieve ] size = [ 0.002 - 0.06 mm ]""}",18,AF-AfSP,Niger,Circa 100 m,Western Africa,Africa,????-??-??,"Attribution-NonCommercial 3.0 International (CC BY-NC 3.0), https://creativecommons.org/licenses/by-nc/3.0/"
1.201389,14.095,585963,127646,NE W3_0306,Ah,0,8,0,{14.0},"{""instrument = [ pipette ] sample pretreatment = [ sieved over 2 mm sieve ] size = [ 0.002 - 0.06 mm ]""}",14,AF-AfSP,Niger,Circa 100 m,Western Africa,Africa,????-??-??,"Attribution-NonCommercial 3.0 International (CC BY-NC 3.0), https://creativecommons.org/licenses/by-nc/3.0/"
1.201389,14.095,585963,127647,NE W3_0306,B/C,8,25,0,{11.0},"{""instrument = [ pipette ] sample pretreatment = [ sieved over 2 mm sieve ] size = [ 0.002 - 0.06 mm ]""}",11,AF-AfSP,Niger,Circa 100 m,Western Africa,Africa,????-??-??,"Attribution-NonCommercial 3.0 International (CC BY-NC 3.0), https://creativecommons.org/licenses/by-nc/3.0/"
1.223793,13.122545,585966,127654,NE 7315_15,,0,12,0,{7.4},"{""instrument = [ hydrometer ] sample pretreatment = [ sieved over 2 mm sieve ] size = [ 0.002 - 0.05 mm ]""}",7.4,AF-AfSP,Niger,Circa 100 m,Western Africa,Africa,1979-??-??,"Attribution-NonCommercial 3.0 International (CC BY-NC 3.0), https://creativecommons.org/licenses/by-nc/3.0/"
1.223793,13.122545,585966,127655,NE 7315_15,,12,41,0,{6.2},"{""instrument = [ hydrometer ] sample pretreatment = [ sieved over 2 mm sieve ] size = [ 0.002 - 0.05 mm ]""}",6.2,AF-AfSP,Niger,Circa 100 m,Western Africa,Africa,1979-??-??,"Attribution-NonCommercial 3.0 International (CC BY-NC 3.0), https://creativecommons.org/licenses/by-nc/3.0/"
1.223793,13.122545,585966,127656,NE 7315_15,,41,61,0,{7.8},"{""instrument = [ hydrometer ] sample pretreatment = [ sieved over 2 mm sieve ] size = [ 0.002 - 0.05 mm ]""}",7.8,AF-AfSP,Niger,Circa 100 m,Western Africa,Africa,1979-??-??,"Attribution-NonCommercial 3.0 International (CC BY-NC 3.0), https://creativecommons.org/licenses/by-nc/3.0/"
1.223793,13.122545,585966,127657,NE 7315_15,,61,80,0,{8.4},"{""instrument = [ hydrometer ] sample pretreatment = [ sieved over 2 mm sieve ] size = [ 0.002 - 0.05 mm ]""}",8.4,AF-AfSP,Niger,Circa 100 m,Western Africa,Africa,1979-??-??,"Attribution-NonCommercial 3.0 International (CC BY-NC 3.0), https://creativecommons.org/licenses/by-nc/3.0/"
1.223889,13.123056,585967,127658,NE W3_0419,Ah,0,12,0,{7.0},"{""instrument = [ pipette ] sample pretreatment = [ sieved over 2 mm sieve ] size = [ 0.002 - 0.05 mm ]""}",7,AF-AfSP,Niger,Circa 100 m,Western Africa,Africa,????-??-??,"Attribution-NonCommercial 3.0 International (CC BY-NC 3.0), https://creativecommons.org/licenses/by-nc/3.0/"
1.223889,13.123056,585967,127659,NE W3_0419,Bwsb,12,41,0,{6.0},"{""instrument = [ pipette ] sample pretreatment = [ sieved over 2 mm sieve ] size = [ 0.002 - 0.05 mm ]""}",6,AF-AfSP,Niger,Circa 100 m,Western Africa,Africa,????-??-??,"Attribution-NonCommercial 3.0 International (CC BY-NC 3.0), https://creativecommons.org/licenses/by-nc/3.0/"
1.223889,13.123056,585967,127660,NE W3_0419,Btcs,41,61,0,{8.0},"{""instrument = [ pipette ] sample pretreatment = [ sieved over 2 mm sieve ] size = [ 0.002 - 0.05 mm ]""}",8,AF-AfSP,Niger,Circa 100 m,Western Africa,Africa,????-??-??,"Attribution-NonCommercial 3.0 International (CC BY-NC 3.0), https://creativecommons.org/licenses/by-nc/3.0/"
1.223889,13.123056,585967,127661,NE W3_0419,Bcs,61,80,0,{8.0},"{""instrument = [ pipette ] sample pretreatment = [ sieved over 2 mm sieve ] size = [ 0.002 - 0.05 mm ]""}",8,AF-AfSP,Niger,Circa 100 m,Western Africa,Africa,????-??-??,"Attribution-NonCommercial 3.0 International (CC BY-NC 3.0), https://creativecommons.org/licenses/by-nc/3.0/"
1.226345,13.070141,585968,127662,NE 7315_7,,0,12,0,{9.0},"{""instrument = [ hydrometer ] sample pretreatment = [ sieved over 2 mm sieve ] size = [ 0.002 - 0.05 mm ]""}",9,AF-AfSP,Niger,Circa 100 m,Western Africa,Africa,1979-??-??,"Attribution-NonCommercial 3.0 International (CC BY-NC 3.0), https://creativecommons.org/licenses/by-nc/3.0/"
1.226345,13.070141,585968,127663,NE 7315_7,,12,25,0,{5.8},"{""instrument = [ hydrometer ] sample pretreatment = [ sieved over 2 mm sieve ] size = [ 0.002 - 0.05 mm ]""}",5.8,AF-AfSP,Niger,Circa 100 m,Western Africa,Africa,1979-??-??,"Attribution-NonCommercial 3.0 International (CC BY-NC 3.0), https://creativecommons.org/licenses/by-nc/3.0/"
1.226345,13.070141,585968,127664,NE 7315_7,,25,70,0,{5.6},"{""instrument = [ hydrometer ] sample pretreatment = [ sieved over 2 mm sieve ] size = [ 0.002 - 0.05 mm ]""}",5.6,AF-AfSP,Niger,Circa 100 m,Western Africa,Africa,1979-??-??,"Attribution-NonCommercial 3.0 International (CC BY-NC 3.0), https://creativecommons.org/licenses/by-nc/3.0/"
1.226345,13.070141,585968,127665,NE 7315_7,,70,100,0,{1.8},"{""instrument = [ hydrometer ] sample pretreatment = [ sieved over 2 mm sieve ] size = [ 0.002 - 0.05 mm ]""}",1.8,AF-AfSP,Niger,Circa 100 m,Western Africa,Africa,1979-??-??,"Attribution-NonCommercial 3.0 International (CC BY-NC 3.0), https://creativecommons.org/licenses/by-nc/3.0/"
1.226389,13.071111,585969,127667,NE W3_0029,Ah,0,12,0,{9.0},"{""instrument = [ pipette ] sample pretreatment = [ sieved over 2 mm sieve ] size = [ 0.002 - 0.05 mm ]""}",9,AF-AfSP,Niger,Circa 100 m,Western Africa,Africa,????-??-??,"Attribution-NonCommercial 3.0 International (CC BY-NC 3.0), https://creativecommons.org/licenses/by-nc/3.0/"
1.226389,13.071111,585969,127668,NE W3_0029,Bt1,12,25,0,{6.0},"{""instrument = [ pipette ] sample pretreatment = [ sieved over 2 mm sieve ] size = [ 0.002 - 0.05 mm ]""}",6,AF-AfSP,Niger,Circa 100 m,Western Africa,Africa,????-??-??,"Attribution-NonCommercial 3.0 International (CC BY-NC 3.0), https://creativecommons.org/licenses/by-nc/3.0/"
1.226389,13.071111,585969,127669,NE W3_0029,2Bt2,25,70,0,{6.0},"{""instrument = [ pipette ] sample pretreatment = [ sieved over 2 mm sieve ] size = [ 0.002 - 0.05 mm ]""}",6,AF-AfSP,Niger,Circa 100 m,Western Africa,Africa,????-??-??,"Attribution-NonCommercial 3.0 International (CC BY-NC 3.0), https://creativecommons.org/licenses/by-nc/3.0/"
1.226389,13.071111,585969,127670,NE W3_0029,2Btcs,70,100,0,{2.0},"{""instrument = [ pipette ] sample pretreatment = [ sieved over 2 mm sieve ] size = [ 0.002 - 0.05 mm ]""}",2,AF-AfSP,Niger,Circa 100 m,Western Africa,Africa,????-??-??,"Attribution-NonCommercial 3.0 International (CC BY-NC 3.0), https://creativecommons.org/licenses/by-nc/3.0/"
1.226685,13.079499,585970,127671,NE 7315_8,,0,13,0,{8.6},"{""instrument = [ hydrometer ] sample pretreatment = [ sieved over 2 mm sieve ] size = [ 0.002 - 0.05 mm ]""}",8.6,AF-AfSP,Niger,Circa 100 m,Western Africa,Africa,1979-??-??,"Attribution-NonCommercial 3.0 International (CC BY-NC 3.0), https://creativecommons.org/licenses/by-nc/3.0/"
1.226685,13.079499,585970,127672,NE 7315_8,,13,34,0,{5.0},"{""instrument = [ hydrometer ] sample pretreatment = [ sieved over 2 mm sieve ] size = [ 0.002 - 0.05 mm ]""}",5,AF-AfSP,Niger,Circa 100 m,Western Africa,Africa,1979-??-??,"Attribution-NonCommercial 3.0 International (CC BY-NC 3.0), https://creativecommons.org/licenses/by-nc/3.0/"
1.228472,13.139219,585971,127674,NE 7315_16,,0,13,0,{8.4},"{""instrument = [ hydrometer ] sample pretreatment = [ sieved over 2 mm sieve ] size = [ 0.002 - 0.05 mm ]""}",8.4,AF-AfSP,Niger,Circa 100 m,Western Africa,Africa,1979-??-??,"Attribution-NonCommercial 3.0 International (CC BY-NC 3.0), https://creativecommons.org/licenses/by-nc/3.0/"
1.228472,13.139219,585971,127675,NE 7315_16,,13,30,0,{6.8},"{""instrument = [ hydrometer ] sample pretreatment = [ sieved over 2 mm sieve ] size = [ 0.002 - 0.05 mm ]""}",6.8,AF-AfSP,Niger,Circa 100 m,Western Africa,Africa,1979-??-??,"Attribution-NonCommercial 3.0 International (CC BY-NC 3.0), https://creativecommons.org/licenses/by-nc/3.0/"
1.228472,13.139219,585971,127676,NE 7315_16,,30,61,0,{6.2},"{""instrument = [ hydrometer ] sample pretreatment = [ sieved over 2 mm sieve ] size = [ 0.002 - 0.05 mm ]""}",6.2,AF-AfSP,Niger,Circa 100 m,Western Africa,Africa,1979-??-??,"Attribution-NonCommercial 3.0 International (CC BY-NC 3.0), https://creativecommons.org/licenses/by-nc/3.0/"
1.228472,13.139219,585971,127677,NE 7315_16,,61,85,0,{6.0},"{""instrument = [ hydrometer ] sample pretreatment = [ sieved over 2 mm sieve ] size = [ 0.002 - 0.05 mm ]""}",6,AF-AfSP,Niger,Circa 100 m,Western Africa,Africa,1979-??-??,"Attribution-NonCommercial 3.0 International (CC BY-NC 3.0), https://creativecommons.org/licenses/by-nc/3.0/"
1.228611,13.139722,585972,127678,NE W3_0157,Ah1,0,13,0,{8.0},"{""instrument = [ pipette ] sample pretreatment = [ sieved over 2 mm sieve ] size = [ 0.002 - 0.05 mm ]""}",8,AF-AfSP,Niger,Circa 100 m,Western Africa,Africa,????-??-??,"Attribution-NonCommercial 3.0 International (CC BY-NC 3.0), https://creativecommons.org/licenses/by-nc/3.0/"
1.228611,13.139722,585972,127679,NE W3_0157,Ah2,13,30,0,{7.0},"{""instrument = [ pipette ] sample pretreatment = [ sieved over 2 mm sieve ] size = [ 0.002 - 0.05 mm ]""}",7,AF-AfSP,Niger,Circa 100 m,Western Africa,Africa,????-??-??,"Attribution-NonCommercial 3.0 International (CC BY-NC 3.0), https://creativecommons.org/licenses/by-nc/3.0/"
1.228611,13.139722,585972,127680,NE W3_0157,Bt,30,61,0,{6.0},"{""instrument = [ pipette ] sample pretreatment = [ sieved over 2 mm sieve ] size = [ 0.002 - 0.05 mm ]""}",6,AF-AfSP,Niger,Circa 100 m,Western Africa,Africa,????-??-??,"Attribution-NonCommercial 3.0 International (CC BY-NC 3.0), https://creativecommons.org/licenses/by-nc/3.0/"
1.228611,13.139722,585972,127681,NE W3_0157,2BCcs,61,85,0,{6.0},"{""instrument = [ pipette ] sample pretreatment = [ sieved over 2 mm sieve ] size = [ 0.002 - 0.05 mm ]""}",6,AF-AfSP,Niger,Circa 100 m,Western Africa,Africa,????-??-??,"Attribution-NonCommercial 3.0 International (CC BY-NC 3.0), https://creativecommons.org/licenses/by-nc/3.0/"
1.243274,13.048618,585973,127682,NE 7315_5,,0,8,0,{13.6},"{""instrument = [ hydrometer ] sample pretreatment = [ sieved over 2 mm sieve ] size = [ 0.002 - 0.05 mm ]""}",13.6,AF-AfSP,Niger,Circa 100 m,Western Africa,Africa,1979-??-??,"Attribution-NonCommercial 3.0 International (CC BY-NC 3.0), https://creativecommons.org/licenses/by-nc/3.0/"
1.243274,13.048618,585973,127683,NE 7315_5,,8,22,0,{13.8},"{""instrument = [ hydrometer ] sample pretreatment = [ sieved over 2 mm sieve ] size = [ 0.002 - 0.05 mm ]""}",13.8,AF-AfSP,Niger,Circa 100 m,Western Africa,Africa,1979-??-??,"Attribution-NonCommercial 3.0 International (CC BY-NC 3.0), https://creativecommons.org/licenses/by-nc/3.0/"
1.243274,13.048618,585973,127684,NE 7315_5,,22,59,0,{13.6},"{""instrument = [ hydrometer ] sample pretreatment = [ sieved over 2 mm sieve ] size = [ 0.002 - 0.05 mm ]""}",13.6,AF-AfSP,Niger,Circa 100 m,Western Africa,Africa,1979-??-??,"Attribution-NonCommercial 3.0 International (CC BY-NC 3.0), https://creativecommons.org/licenses/by-nc/3.0/"
1.243333,13.049444,585974,127686,NE W3_0032,Ah,0,8,0,{14.0},"{""instrument = [ pipette ] sample pretreatment = [ sieved over 2 mm sieve ] size = [ 0.002 - 0.05 mm ]""}",14,AF-AfSP,Niger,Circa 100 m,Western Africa,Africa,????-??-??,"Attribution-NonCommercial 3.0 International (CC BY-NC 3.0), https://creativecommons.org/licenses/by-nc/3.0/"
1.243333,13.049444,585974,127687,NE W3_0032,2Bt,8,22,0,{14.0},"{""instrument = [ pipette ] sample pretreatment = [ sieved over 2 mm sieve ] size = [ 0.002 - 0.05 mm ]""}",14,AF-AfSP,Niger,Circa 100 m,Western Africa,Africa,????-??-??,"Attribution-NonCommercial 3.0 International (CC BY-NC 3.0), https://creativecommons.org/licenses/by-nc/3.0/"
1.243333,13.049444,585974,127688,NE W3_0032,2BCw,22,59,0,{14.0},"{""instrument = [ pipette ] sample pretreatment = [ sieved over 2 mm sieve ] size = [ 0.002 - 0.05 mm ]""}",14,AF-AfSP,Niger,Circa 100 m,Western Africa,Africa,????-??-??,"Attribution-NonCommercial 3.0 International (CC BY-NC 3.0), https://creativecommons.org/licenses/by-nc/3.0/"
1.248889,14.346111,585975,127689,NE W3_0298,Ahg,0,40,0,{18.0},"{""instrument = [ pipette ] sample pretreatment = [ sieved over 2 mm sieve ] size = [ 0.002 - 0.05 mm ]""}",18,AF-AfSP,Niger,Circa 100 m,Western Africa,Africa,????-??-??,"Attribution-NonCommercial 3.0 International (CC BY-NC 3.0), https://creativecommons.org/licenses/by-nc/3.0/"
1.248889,14.346111,585975,127690,NE W3_0298,Bgkz,40,60,0,{33.0},"{""instrument = [ pipette ] sample pretreatment = [ sieved over 2 mm sieve ] size = [ 0.002 - 0.05 mm ]""}",33,AF-AfSP,Niger,Circa 100 m,Western Africa,Africa,????-??-??,"Attribution-NonCommercial 3.0 International (CC BY-NC 3.0), https://creativecommons.org/licenses/by-nc/3.0/"
1.248889,14.346111,585975,127691,NE W3_0298,Bgkz,60,110,0,{45.0},"{""instrument = [ pipette ] sample pretreatment = [ sieved over 2 mm sieve ] size = [ 0.002 - 0.05 mm ]""}",45,AF-AfSP,Niger,Circa 100 m,Western Africa,Africa,????-??-??,"Attribution-NonCommercial 3.0 International (CC BY-NC 3.0), https://creativecommons.org/licenses/by-nc/3.0/"
1.248889,14.346111,585975,127692,NE W3_0298,Bgrk,110,130,0,{2.0},"{""instrument = [ pipette ] sample pretreatment = [ sieved over 2 mm sieve ] size = [ 0.002 - 0.05 mm ]""}",2,AF-AfSP,Niger,Circa 100 m,Western Africa,Africa,????-??-??,"Attribution-NonCommercial 3.0 International (CC BY-NC 3.0), https://creativecommons.org/licenses/by-nc/3.0/"
1.249722,13.117222,585976,127693,NE W3_0417,Ah,0,14,0,{12.0},"{""instrument = [ pipette ] sample pretreatment = [ sieved over 2 mm sieve ] size = [ 0.002 - 0.05 mm ]""}",12,AF-AfSP,Niger,Circa 100 m,Western Africa,Africa,????-??-??,"Attribution-NonCommercial 3.0 International (CC BY-NC 3.0), https://creativecommons.org/licenses/by-nc/3.0/"
1.249722,13.117222,585976,127694,NE W3_0417,Btb,14,32,0,{12.0},"{""instrument = [ pipette ] sample pretreatment = [ sieved over 2 mm sieve ] size = [ 0.002 - 0.05 mm ]""}",12,AF-AfSP,Niger,Circa 100 m,Western Africa,Africa,????-??-??,"Attribution-NonCommercial 3.0 International (CC BY-NC 3.0), https://creativecommons.org/licenses/by-nc/3.0/"
1.249722,13.117222,585976,127695,NE W3_0417,Bt,32,66,0,{14.0},"{""instrument = [ pipette ] sample pretreatment = [ sieved over 2 mm sieve ] size = [ 0.002 - 0.05 mm ]""}",14,AF-AfSP,Niger,Circa 100 m,Western Africa,Africa,????-??-??,"Attribution-NonCommercial 3.0 International (CC BY-NC 3.0), https://creativecommons.org/licenses/by-nc/3.0/"
1.249722,13.117222,585976,127696,NE W3_0417,CBw,66,81,0,{14.0},"{""instrument = [ pipette ] sample pretreatment = [ sieved over 2 mm sieve ] size = [ 0.002 - 0.05 mm ]""}",14,AF-AfSP,Niger,Circa 100 m,Western Africa,Africa,????-??-??,"Attribution-NonCommercial 3.0 International (CC BY-NC 3.0), https://creativecommons.org/licenses/by-nc/3.0/"
1.249995,13.11625,585977,127697,NE 7315_13,,0,14,0,{11.6},"{""instrument = [ hydrometer ] sample pretreatment = [ sieved over 2 mm sieve ] size = [ 0.002 - 0.05 mm ]""}",11.6,AF-AfSP,Niger,Circa 100 m,Western Africa,Africa,1979-??-??,"Attribution-NonCommercial 3.0 International (CC BY-NC 3.0), https://creativecommons.org/licenses/by-nc/3.0/"
1.249995,13.11625,585977,127698,NE 7315_13,,14,32,0,{12.2},"{""instrument = [ hydrometer ] sample pretreatment = [ sieved over 2 mm sieve ] size = [ 0.002 - 0.05 mm ]""}",12.2,AF-AfSP,Niger,Circa 100 m,Western Africa,Africa,1979-??-??,"Attribution-NonCommercial 3.0 International (CC BY-NC 3.0), https://creativecommons.org/licenses/by-nc/3.0/"
1.249995,13.11625,585977,127699,NE 7315_13,,32,66,0,{13.8},"{""instrument = [ hydrometer ] sample pretreatment = [ sieved over 2 mm sieve ] size = [ 0.002 - 0.05 mm ]""}",13.8,AF-AfSP,Niger,Circa 100 m,Western Africa,Africa,1979-??-??,"Attribution-NonCommercial 3.0 International (CC BY-NC 3.0), https://creativecommons.org/licenses/by-nc/3.0/"
1.252222,14.346944,585978,127701,NE W3_0300,Ahgck,0,15,0,{24.0},"{""instrument = [ pipette ] sample pretreatment = [ sieved over 2 mm sieve ] size = [ 0.002 - 0.05 mm ]""}",24,AF-AfSP,Niger,Circa 100 m,Western Africa,Africa,????-??-??,"Attribution-NonCommercial 3.0 International (CC BY-NC 3.0), https://creativecommons.org/licenses/by-nc/3.0/"
1.252222,14.346944,585978,127702,NE W3_0300,Bgck1,15,80,0,{16.0},"{""instrument = [ pipette ] sample pretreatment = [ sieved over 2 mm sieve ] size = [ 0.002 - 0.05 mm ]""}",16,AF-AfSP,Niger,Circa 100 m,Western Africa,Africa,????-??-??,"Attribution-NonCommercial 3.0 International (CC BY-NC 3.0), https://creativecommons.org/licenses/by-nc/3.0/"
1.252222,14.346944,585978,127703,NE W3_0300,Bgck2,80,90,0,{16.0},"{""instrument = [ pipette ] sample pretreatment = [ sieved over 2 mm sieve ] size = [ 0.002 - 0.05 mm ]""}",16,AF-AfSP,Niger,Circa 100 m,Western Africa,Africa,????-??-??,"Attribution-NonCommercial 3.0 International (CC BY-NC 3.0), https://creativecommons.org/licenses/by-nc/3.0/"
1.252222,14.346944,585978,127704,NE W3_0300,2Br,90,95,0,{5.0},"{""instrument = [ pipette ] sample pretreatment = [ sieved over 2 mm sieve ] size = [ 0.002 - 0.05 mm ]""}",5,AF-AfSP,Niger,Circa 100 m,Western Africa,Africa,????-??-??,"Attribution-NonCommercial 3.0 International (CC BY-NC 3.0), https://creativecommons.org/licenses/by-nc/3.0/"
1.252778,13.038056,585979,127705,NE W3_0263,Ah,0,9,0,{8.0},"{""instrument = [ pipette ] sample pretreatment = [ sieved over 2 mm sieve ] size = [ 0.002 - 0.05 mm ]""}",8,AF-AfSP,Niger,Circa 100 m,Western Africa,Africa,????-??-??,"Attribution-NonCommercial 3.0 International (CC BY-NC 3.0), https://creativecommons.org/licenses/by-nc/3.0/"
1.252778,13.038056,585979,127706,NE W3_0263,Bw1,9,27,0,{10.0},"{""instrument = [ pipette ] sample pretreatment = [ sieved over 2 mm sieve ] size = [ 0.002 - 0.05 mm ]""}",10,AF-AfSP,Niger,Circa 100 m,Western Africa,Africa,????-??-??,"Attribution-NonCommercial 3.0 International (CC BY-NC 3.0), https://creativecommons.org/licenses/by-nc/3.0/"
1.252778,13.038056,585979,127707,NE W3_0263,Bw2,27,45,0,{10.0},"{""instrument = [ pipette ] sample pretreatment = [ sieved over 2 mm sieve ] size = [ 0.002 - 0.05 mm ]""}",10,AF-AfSP,Niger,Circa 100 m,Western Africa,Africa,????-??-??,"Attribution-NonCommercial 3.0 International (CC BY-NC 3.0), https://creativecommons.org/licenses/by-nc/3.0/"
1.252778,13.038056,585979,127708,NE W3_0263,Bwg,45,71,0,{14.0},"{""instrument = [ pipette ] sample pretreatment = [ sieved over 2 mm sieve ] size = [ 0.002 - 0.05 mm ]""}",14,AF-AfSP,Niger,Circa 100 m,Western Africa,Africa,????-??-??,"Attribution-NonCommercial 3.0 International (CC BY-NC 3.0), https://creativecommons.org/licenses/by-nc/3.0/"
1.252972,13.037048,585980,127709,NE 7315_4,,0,9,0,{8.2},"{""instrument = [ hydrometer ] sample pretreatment = [ sieved over 2 mm sieve ] size = [ 0.002 - 0.05 mm ]""}",8.2,AF-AfSP,Niger,Circa 100 m,Western Africa,Africa,1979-??-??,"Attribution-NonCommercial 3.0 International (CC BY-NC 3.0), https://creativecommons.org/licenses/by-nc/3.0/"
1.252972,13.037048,585980,127710,NE 7315_4,,9,27,0,{9.8},"{""instrument = [ hydrometer ] sample pretreatment = [ sieved over 2 mm sieve ] size = [ 0.002 - 0.05 mm ]""}",9.8,AF-AfSP,Niger,Circa 100 m,Western Africa,Africa,1979-??-??,"Attribution-NonCommercial 3.0 International (CC BY-NC 3.0), https://creativecommons.org/licenses/by-nc/3.0/"
1.252972,13.037048,585980,127711,NE 7315_4,,27,45,0,{10.4},"{""instrument = [ hydrometer ] sample pretreatment = [ sieved over 2 mm sieve ] size = [ 0.002 - 0.05 mm ]""}",10.4,AF-AfSP,Niger,Circa 100 m,Western Africa,Africa,1979-??-??,"Attribution-NonCommercial 3.0 International (CC BY-NC 3.0), https://creativecommons.org/licenses/by-nc/3.0/"
1.252972,13.037048,585980,127712,NE 7315_4,,45,71,0,{13.8},"{""instrument = [ hydrometer ] sample pretreatment = [ sieved over 2 mm sieve ] size = [ 0.002 - 0.05 mm ]""}",13.8,AF-AfSP,Niger,Circa 100 m,Western Africa,Africa,1979-??-??,"Attribution-NonCommercial 3.0 International (CC BY-NC 3.0), https://creativecommons.org/licenses/by-nc/3.0/"
1.261667,14.353056,585981,127713,NE W3_0121,Ah,0,15,0,{2.0},"{""instrument = [ pipette ] sample pretreatment = [ sieved over 2 mm sieve ] size = [ 0.002 - 0.05 mm ]""}",2,AF-AfSP,Niger,Circa 100 m,Western Africa,Africa,????-??-??,"Attribution-NonCommercial 3.0 International (CC BY-NC 3.0), https://creativecommons.org/licenses/by-nc/3.0/"
1.261667,14.353056,585981,127714,NE W3_0121,Bt1,15,45,0,{2.0},"{""instrument = [ pipette ] sample pretreatment = [ sieved over 2 mm sieve ] size = [ 0.002 - 0.05 mm ]""}",2,AF-AfSP,Niger,Circa 100 m,Western Africa,Africa,????-??-??,"Attribution-NonCommercial 3.0 International (CC BY-NC 3.0), https://creativecommons.org/licenses/by-nc/3.0/"
1.261667,14.353056,585981,127715,NE W3_0121,Bt2,45,90,0,{3.0},"{""instrument = [ pipette ] sample pretreatment = [ sieved over 2 mm sieve ] size = [ 0.002 - 0.05 mm ]""}",3,AF-AfSP,Niger,Circa 100 m,Western Africa,Africa,????-??-??,"Attribution-NonCommercial 3.0 International (CC BY-NC 3.0), https://creativecommons.org/licenses/by-nc/3.0/"
1.268611,13.036667,585982,127716,NE W3_0269,Ah,0,7,0,{7.0},"{""instrument = [ pipette ] sample pretreatment = [ sieved over 2 mm sieve ] size = [ 0.002 - 0.05 mm ]""}",7,AF-AfSP,Niger,Circa 100 m,Western Africa,Africa,????-??-??,"Attribution-NonCommercial 3.0 International (CC BY-NC 3.0), https://creativecommons.org/licenses/by-nc/3.0/"
1.268611,13.036667,585982,127718,NE W3_0269,2Ahg,14,34,0,{25.0},"{""instrument = [ pipette ] sample pretreatment = [ sieved over 2 mm sieve ] size = [ 0.002 - 0.05 mm ]""}",25,AF-AfSP,Niger,Circa 100 m,Western Africa,Africa,????-??-??,"Attribution-NonCommercial 3.0 International (CC BY-NC 3.0), https://creativecommons.org/licenses/by-nc/3.0/"
1.268611,13.036667,585982,127719,NE W3_0269,Bg2,34,69,0,{24.0},"{""instrument = [ pipette ] sample pretreatment = [ sieved over 2 mm sieve ] size = [ 0.002 - 0.05 mm ]""}",24,AF-AfSP,Niger,Circa 100 m,Western Africa,Africa,????-??-??,"Attribution-NonCommercial 3.0 International (CC BY-NC 3.0), https://creativecommons.org/licenses/by-nc/3.0/"
1.268611,13.036667,585982,127720,NE W3_0269,Bg3,69,100,0,{7.0},"{""instrument = [ pipette ] sample pretreatment = [ sieved over 2 mm sieve ] size = [ 0.002 - 0.05 mm ]""}",7,AF-AfSP,Niger,Circa 100 m,Western Africa,Africa,????-??-??,"Attribution-NonCommercial 3.0 International (CC BY-NC 3.0), https://creativecommons.org/licenses/by-nc/3.0/"
1.268711,13.035772,585983,127721,NE 7315_1,,0,7,0,{6.8},"{""instrument = [ hydrometer ] sample pretreatment = [ sieved over 2 mm sieve ] size = [ 0.002 - 0.05 mm ]""}",6.8,AF-AfSP,Niger,Circa 100 m,Western Africa,Africa,1979-??-??,"Attribution-NonCommercial 3.0 International (CC BY-NC 3.0), https://creativecommons.org/licenses/by-nc/3.0/"
1.268711,13.035772,585983,127722,NE 7315_1,,7,14,0,{2.4},"{""instrument = [ hydrometer ] sample pretreatment = [ sieved over 2 mm sieve ] size = [ 0.002 - 0.05 mm ]""}",2.4,AF-AfSP,Niger,Circa 100 m,Western Africa,Africa,1979-??-??,"Attribution-NonCommercial 3.0 International (CC BY-NC 3.0), https://creativecommons.org/licenses/by-nc/3.0/"
1.268711,13.035772,585983,127723,NE 7315_1,,14,34,0,{24.8},"{""instrument = [ hydrometer ] sample pretreatment = [ sieved over 2 mm sieve ] size = [ 0.002 - 0.05 mm ]""}",24.8,AF-AfSP,Niger,Circa 100 m,Western Africa,Africa,1979-??-??,"Attribution-NonCommercial 3.0 International (CC BY-NC 3.0), https://creativecommons.org/licenses/by-nc/3.0/"
1.268711,13.035772,585983,127724,NE 7315_1,,34,69,0,{24.2},"{""instrument = [ hydrometer ] sample pretreatment = [ sieved over 2 mm sieve ] size = [ 0.002 - 0.05 mm ]""}",24.2,AF-AfSP,Niger,Circa 100 m,Western Africa,Africa,1979-??-??,"Attribution-NonCommercial 3.0 International (CC BY-NC 3.0), https://creativecommons.org/licenses/by-nc/3.0/"
1.268711,13.035772,585983,127725,NE 7315_1,,69,100,0,{7.2},"{""instrument = [ hydrometer ] sample pretreatment = [ sieved over 2 mm sieve ] size = [ 0.002 - 0.05 mm ]""}",7.2,AF-AfSP,Niger,Circa 100 m,Western Africa,Africa,1979-??-??,"Attribution-NonCommercial 3.0 International (CC BY-NC 3.0), https://creativecommons.org/licenses/by-nc/3.0/"
1.271389,13.120278,585984,127726,NE W3_0048,Ah,0,14,0,{12.0},"{""instrument = [ pipette ] sample pretreatment = [ sieved over 2 mm sieve ] size = [ 0.002 - 0.05 mm ]""}",12,AF-AfSP,Niger,Circa 100 m,Western Africa,Africa,????-??-??,"Attribution-NonCommercial 3.0 International (CC BY-NC 3.0), https://creativecommons.org/licenses/by-nc/3.0/"
1.271389,13.120278,585984,127727,NE W3_0048,2Bth,14,29,0,{10.0},"{""instrument = [ pipette ] sample pretreatment = [ sieved over 2 mm sieve ] size = [ 0.002 - 0.05 mm ]""}",10,AF-AfSP,Niger,Circa 100 m,Western Africa,Africa,????-??-??,"Attribution-NonCommercial 3.0 International (CC BY-NC 3.0), https://creativecommons.org/licenses/by-nc/3.0/"
1.271389,13.120278,585984,127728,NE W3_0048,2Btcs,29,45,0,{13.0},"{""instrument = [ pipette ] sample pretreatment = [ sieved over 2 mm sieve ] size = [ 0.002 - 0.05 mm ]""}",13,AF-AfSP,Niger,Circa 100 m,Western Africa,Africa,????-??-??,"Attribution-NonCommercial 3.0 International (CC BY-NC 3.0), https://creativecommons.org/licenses/by-nc/3.0/"
1.271389,13.120278,585984,127729,NE W3_0048,2BCw,45,62,0,{13.0},"{""instrument = [ pipette ] sample pretreatment = [ sieved over 2 mm sieve ] size = [ 0.002 - 0.05 mm ]""}",13,AF-AfSP,Niger,Circa 100 m,Western Africa,Africa,????-??-??,"Attribution-NonCommercial 3.0 International (CC BY-NC 3.0), https://creativecommons.org/licenses/by-nc/3.0/"
1.272028,13.119057,585985,127730,NE 7315_14,,0,14,0,{11.6},"{""instrument = [ hydrometer ] sample pretreatment = [ sieved over 2 mm sieve ] size = [ 0.002 - 0.05 mm ]""}",11.6,AF-AfSP,Niger,Circa 100 m,Western Africa,Africa,1979-??-??,"Attribution-NonCommercial 3.0 International (CC BY-NC 3.0), https://creativecommons.org/licenses/by-nc/3.0/"
1.272028,13.119057,585985,127731,NE 7315_14,,14,28,0,{10.0},"{""instrument = [ hydrometer ] sample pretreatment = [ sieved over 2 mm sieve ] size = [ 0.002 - 0.05 mm ]""}",10,AF-AfSP,Niger,Circa 100 m,Western Africa,Africa,1979-??-??,"Attribution-NonCommercial 3.0 International (CC BY-NC 3.0), https://creativecommons.org/licenses/by-nc/3.0/"
1.272028,13.119057,585985,127732,NE 7315_14,,28,45,0,{12.8},"{""instrument = [ hydrometer ] sample pretreatment = [ sieved over 2 mm sieve ] size = [ 0.002 - 0.05 mm ]""}",12.8,AF-AfSP,Niger,Circa 100 m,Western Africa,Africa,1979-??-??,"Attribution-NonCommercial 3.0 International (CC BY-NC 3.0), https://creativecommons.org/licenses/by-nc/3.0/"
1.274444,13.039722,585986,127735,NE W3_0397,2Bt1,24,51,0,{4.0},"{""instrument = [ pipette ] sample pretreatment = [ sieved over 2 mm sieve ] size = [ 0.002 - 0.05 mm ]""}",4,AF-AfSP,Niger,Circa 100 m,Western Africa,Africa,????-??-??,"Attribution-NonCommercial 3.0 International (CC BY-NC 3.0), https://creativecommons.org/licenses/by-nc/3.0/"
1.274444,13.039722,585986,127736,NE W3_0397,2Bt2,51,72,0,{5.0},"{""instrument = [ pipette ] sample pretreatment = [ sieved over 2 mm sieve ] size = [ 0.002 - 0.05 mm ]""}",5,AF-AfSP,Niger,Circa 100 m,Western Africa,Africa,????-??-??,"Attribution-NonCommercial 3.0 International (CC BY-NC 3.0), https://creativecommons.org/licenses/by-nc/3.0/"
1.274444,13.039722,585986,127737,NE W3_0397,2Bt3,72,100,0,{6.0},"{""instrument = [ pipette ] sample pretreatment = [ sieved over 2 mm sieve ] size = [ 0.002 - 0.05 mm ]""}",6,AF-AfSP,Niger,Circa 100 m,Western Africa,Africa,????-??-??,"Attribution-NonCommercial 3.0 International (CC BY-NC 3.0), https://creativecommons.org/licenses/by-nc/3.0/"
1.274751,13.038325,585987,127738,NE 7315_2,,0,24,0,{5.2},"{""instrument = [ hydrometer ] sample pretreatment = [ sieved over 2 mm sieve ] size = [ 0.002 - 0.05 mm ]""}",5.2,AF-AfSP,Niger,Circa 100 m,Western Africa,Africa,1979-??-??,"Attribution-NonCommercial 3.0 International (CC BY-NC 3.0), https://creativecommons.org/licenses/by-nc/3.0/"
1.274751,13.038325,585987,127739,NE 7315_2,,24,51,0,{4.4},"{""instrument = [ hydrometer ] sample pretreatment = [ sieved over 2 mm sieve ] size = [ 0.002 - 0.05 mm ]""}",4.4,AF-AfSP,Niger,Circa 100 m,Western Africa,Africa,1979-??-??,"Attribution-NonCommercial 3.0 International (CC BY-NC 3.0), https://creativecommons.org/licenses/by-nc/3.0/"
1.274751,13.038325,585987,127740,NE 7315_2,,51,72,0,{4.8},"{""instrument = [ hydrometer ] sample pretreatment = [ sieved over 2 mm sieve ] size = [ 0.002 - 0.05 mm ]""}",4.8,AF-AfSP,Niger,Circa 100 m,Western Africa,Africa,1979-??-??,"Attribution-NonCommercial 3.0 International (CC BY-NC 3.0), https://creativecommons.org/licenses/by-nc/3.0/"
1.274751,13.038325,585987,127741,NE 7315_2,,72,100,0,{6.2},"{""instrument = [ hydrometer ] sample pretreatment = [ sieved over 2 mm sieve ] size = [ 0.002 - 0.05 mm ]""}",6.2,AF-AfSP,Niger,Circa 100 m,Western Africa,Africa,1979-??-??,"Attribution-NonCommercial 3.0 International (CC BY-NC 3.0), https://creativecommons.org/licenses/by-nc/3.0/"
1.276878,13.247175,585989,127745,NE 7315_22,,0,9,0,{5.2},"{""instrument = [ hydrometer ] sample pretreatment = [ sieved over 2 mm sieve ] size = [ 0.002 - 0.05 mm ]""}",5.2,AF-AfSP,Niger,Circa 100 m,Western Africa,Africa,1979-??-??,"Attribution-NonCommercial 3.0 International (CC BY-NC 3.0), https://creativecommons.org/licenses/by-nc/3.0/"
1.276878,13.247175,585989,127746,NE 7315_22,,9,22,0,{4.2},"{""instrument = [ hydrometer ] sample pretreatment = [ sieved over 2 mm sieve ] size = [ 0.002 - 0.05 mm ]""}",4.2,AF-AfSP,Niger,Circa 100 m,Western Africa,Africa,1979-??-??,"Attribution-NonCommercial 3.0 International (CC BY-NC 3.0), https://creativecommons.org/licenses/by-nc/3.0/"
1.276878,13.247175,585989,127747,NE 7315_22,,22,39,0,{3.4},"{""instrument = [ hydrometer ] sample pretreatment = [ sieved over 2 mm sieve ] size = [ 0.002 - 0.05 mm ]""}",3.4,AF-AfSP,Niger,Circa 100 m,Western Africa,Africa,1979-??-??,"Attribution-NonCommercial 3.0 International (CC BY-NC 3.0), https://creativecommons.org/licenses/by-nc/3.0/"
1.276878,13.247175,585989,127748,NE 7315_22,,39,107,0,{1.8},"{""instrument = [ hydrometer ] sample pretreatment = [ sieved over 2 mm sieve ] size = [ 0.002 - 0.05 mm ]""}",1.8,AF-AfSP,Niger,Circa 100 m,Western Africa,Africa,1979-??-??,"Attribution-NonCommercial 3.0 International (CC BY-NC 3.0), https://creativecommons.org/licenses/by-nc/3.0/"
1.276944,13.248056,585990,127750,NE W3_0129,Ah1,0,9,0,{5.0},"{""instrument = [ pipette ] sample pretreatment = [ sieved over 2 mm sieve ] size = [ 0.002 - 0.05 mm ]""}",5,AF-AfSP,Niger,Circa 100 m,Western Africa,Africa,????-??-??,"Attribution-NonCommercial 3.0 International (CC BY-NC 3.0), https://creativecommons.org/licenses/by-nc/3.0/"
1.276944,13.248056,585990,127751,NE W3_0129,Ah2,9,22,0,{4.0},"{""instrument = [ pipette ] sample pretreatment = [ sieved over 2 mm sieve ] size = [ 0.002 - 0.05 mm ]""}",4,AF-AfSP,Niger,Circa 100 m,Western Africa,Africa,????-??-??,"Attribution-NonCommercial 3.0 International (CC BY-NC 3.0), https://creativecommons.org/licenses/by-nc/3.0/"
1.276944,13.248056,585990,127752,NE W3_0129,Bt1,22,39,0,{3.0},"{""instrument = [ pipette ] sample pretreatment = [ sieved over 2 mm sieve ] size = [ 0.002 - 0.05 mm ]""}",3,AF-AfSP,Niger,Circa 100 m,Western Africa,Africa,????-??-??,"Attribution-NonCommercial 3.0 International (CC BY-NC 3.0), https://creativecommons.org/licenses/by-nc/3.0/"
1.276944,13.248056,585990,127753,NE W3_0129,Bt2,39,107,0,{2.0},"{""instrument = [ pipette ] sample pretreatment = [ sieved over 2 mm sieve ] size = [ 0.002 - 0.05 mm ]""}",2,AF-AfSP,Niger,Circa 100 m,Western Africa,Africa,????-??-??,"Attribution-NonCommercial 3.0 International (CC BY-NC 3.0), https://creativecommons.org/licenses/by-nc/3.0/"
1.276944,13.248056,585990,127754,NE W3_0129,Bt3,107,125,0,{2.0},"{""instrument = [ pipette ] sample pretreatment = [ sieved over 2 mm sieve ] size = [ 0.002 - 0.05 mm ]""}",2,AF-AfSP,Niger,Circa 100 m,Western Africa,Africa,????-??-??,"Attribution-NonCommercial 3.0 International (CC BY-NC 3.0), https://creativecommons.org/licenses/by-nc/3.0/"
1.282222,13.244722,585991,127755,NE W3_0003,Ah1,0,9,0,{6.0},"{""instrument = [ pipette ] sample pretreatment = [ sieved over 2 mm sieve ] size = [ 0.002 - 0.05 mm ]""}",6,AF-AfSP,Niger,Circa 100 m,Western Africa,Africa,????-??-??,"Attribution-NonCommercial 3.0 International (CC BY-NC 3.0), https://creativecommons.org/licenses/by-nc/3.0/"
1.282222,13.244722,585991,127756,NE W3_0003,Ah2,9,19,0,{6.0},"{""instrument = [ pipette ] sample pretreatment = [ sieved over 2 mm sieve ] size = [ 0.002 - 0.05 mm ]""}",6,AF-AfSP,Niger,Circa 100 m,Western Africa,Africa,????-??-??,"Attribution-NonCommercial 3.0 International (CC BY-NC 3.0), https://creativecommons.org/licenses/by-nc/3.0/"
1.282222,13.244722,585991,127757,NE W3_0003,2Bt,19,30,0,{8.0},"{""instrument = [ pipette ] sample pretreatment = [ sieved over 2 mm sieve ] size = [ 0.002 - 0.05 mm ]""}",8,AF-AfSP,Niger,Circa 100 m,Western Africa,Africa,????-??-??,"Attribution-NonCommercial 3.0 International (CC BY-NC 3.0), https://creativecommons.org/licenses/by-nc/3.0/"
1.282222,13.244722,585991,127758,NE W3_0003,2Btcs,30,40,0,{7.0},"{""instrument = [ pipette ] sample pretreatment = [ sieved over 2 mm sieve ] size = [ 0.002 - 0.05 mm ]""}",7,AF-AfSP,Niger,Circa 100 m,Western Africa,Africa,????-??-??,"Attribution-NonCommercial 3.0 International (CC BY-NC 3.0), https://creativecommons.org/licenses/by-nc/3.0/"
1.282237,13.243772,585992,127759,NE 7315_23,,0,9,0,{6.2},"{""instrument = [ hydrometer ] sample pretreatment = [ sieved over 2 mm sieve ] size = [ 0.002 - 0.05 mm ]""}",6.2,AF-AfSP,Niger,Circa 100 m,Western Africa,Africa,1979-??-??,"Attribution-NonCommercial 3.0 International (CC BY-NC 3.0), https://creativecommons.org/licenses/by-nc/3.0/"
1.282237,13.243772,585992,127760,NE 7315_23,,9,19,0,{5.8},"{""instrument = [ hydrometer ] sample pretreatment = [ sieved over 2 mm sieve ] size = [ 0.002 - 0.05 mm ]""}",5.8,AF-AfSP,Niger,Circa 100 m,Western Africa,Africa,1979-??-??,"Attribution-NonCommercial 3.0 International (CC BY-NC 3.0), https://creativecommons.org/licenses/by-nc/3.0/"
1.282237,13.243772,585992,127761,NE 7315_23,,19,30,0,{7.8},"{""instrument = [ hydrometer ] sample pretreatment = [ sieved over 2 mm sieve ] size = [ 0.002 - 0.05 mm ]""}",7.8,AF-AfSP,Niger,Circa 100 m,Western Africa,Africa,1979-??-??,"Attribution-NonCommercial 3.0 International (CC BY-NC 3.0), https://creativecommons.org/licenses/by-nc/3.0/"
1.282237,13.243772,585992,127762,NE 7315_23,,30,40,0,{6.6},"{""instrument = [ hydrometer ] sample pretreatment = [ sieved over 2 mm sieve ] size = [ 0.002 - 0.05 mm ]""}",6.6,AF-AfSP,Niger,Circa 100 m,Western Africa,Africa,1979-??-??,"Attribution-NonCommercial 3.0 International (CC BY-NC 3.0), https://creativecommons.org/licenses/by-nc/3.0/"
1.286389,13.236944,585994,127767,NE W3_0329,Ah,0,5,0,{17.0},"{""instrument = [ pipette ] sample pretreatment = [ sieved over 2 mm sieve ] size = [ 0.002 - 0.05 mm ]""}",17,AF-AfSP,Niger,Circa 100 m,Western Africa,Africa,????-??-??,"Attribution-NonCommercial 3.0 International (CC BY-NC 3.0), https://creativecommons.org/licenses/by-nc/3.0/"
1.286389,13.236944,585994,127768,NE W3_0329,Bw,5,11,0,{13.0},"{""instrument = [ pipette ] sample pretreatment = [ sieved over 2 mm sieve ] size = [ 0.002 - 0.05 mm ]""}",13,AF-AfSP,Niger,Circa 100 m,Western Africa,Africa,????-??-??,"Attribution-NonCommercial 3.0 International (CC BY-NC 3.0), https://creativecommons.org/licenses/by-nc/3.0/"
1.286389,13.236944,585994,127769,NE W3_0329,C/B,11,26,0,{14.0},"{""instrument = [ pipette ] sample pretreatment = [ sieved over 2 mm sieve ] size = [ 0.002 - 0.05 mm ]""}",14,AF-AfSP,Niger,Circa 100 m,Western Africa,Africa,????-??-??,"Attribution-NonCommercial 3.0 International (CC BY-NC 3.0), https://creativecommons.org/licenses/by-nc/3.0/"
1.286576,13.045045,585995,127770,NE 7315_3,,0,15,0,{16.0},"{""instrument = [ hydrometer ] sample pretreatment = [ sieved over 2 mm sieve ] size = [ 0.002 - 0.05 mm ]""}",16,AF-AfSP,Niger,Circa 100 m,Western Africa,Africa,1979-??-??,"Attribution-NonCommercial 3.0 International (CC BY-NC 3.0), https://creativecommons.org/licenses/by-nc/3.0/"
1.286576,13.045045,585995,127771,NE 7315_3,,15,34,0,{10.2},"{""instrument = [ hydrometer ] sample pretreatment = [ sieved over 2 mm sieve ] size = [ 0.002 - 0.05 mm ]""}",10.2,AF-AfSP,Niger,Circa 100 m,Western Africa,Africa,1979-??-??,"Attribution-NonCommercial 3.0 International (CC BY-NC 3.0), https://creativecommons.org/licenses/by-nc/3.0/"
1.286661,13.235776,585996,127773,NE 7315_36,,0,5,0,{16.6},"{""instrument = [ hydrometer ] sample pretreatment = [ sieved over 2 mm sieve ] size = [ 0.002 - 0.05 mm ]""}",16.6,AF-AfSP,Niger,Circa 100 m,Western Africa,Africa,1979-??-??,"Attribution-NonCommercial 3.0 International (CC BY-NC 3.0), https://creativecommons.org/licenses/by-nc/3.0/"
1.286661,13.235776,585996,127774,NE 7315_36,,5,11,0,{12.8},"{""instrument = [ hydrometer ] sample pretreatment = [ sieved over 2 mm sieve ] size = [ 0.002 - 0.05 mm ]""}",12.8,AF-AfSP,Niger,Circa 100 m,Western Africa,Africa,1979-??-??,"Attribution-NonCommercial 3.0 International (CC BY-NC 3.0), https://creativecommons.org/licenses/by-nc/3.0/"
1.286661,13.235776,585996,127775,NE 7315_36,,11,26,0,{14.0},"{""instrument = [ hydrometer ] sample pretreatment = [ sieved over 2 mm sieve ] size = [ 0.002 - 0.05 mm ]""}",14,AF-AfSP,Niger,Circa 100 m,Western Africa,Africa,1979-??-??,"Attribution-NonCommercial 3.0 International (CC BY-NC 3.0), https://creativecommons.org/licenses/by-nc/3.0/"
1.289979,13.232883,585997,127777,NE 7315_35,,0,7,0,{9.6},"{""instrument = [ hydrometer ] sample pretreatment = [ sieved over 2 mm sieve ] size = [ 0.002 - 0.05 mm ]""}",9.6,AF-AfSP,Niger,Circa 100 m,Western Africa,Africa,1979-??-??,"Attribution-NonCommercial 3.0 International (CC BY-NC 3.0), https://creativecommons.org/licenses/by-nc/3.0/"
1.289979,13.232883,585997,127778,NE 7315_35,,7,14,0,{8.2},"{""instrument = [ hydrometer ] sample pretreatment = [ sieved over 2 mm sieve ] size = [ 0.002 - 0.05 mm ]""}",8.2,AF-AfSP,Niger,Circa 100 m,Western Africa,Africa,1979-??-??,"Attribution-NonCommercial 3.0 International (CC BY-NC 3.0), https://creativecommons.org/licenses/by-nc/3.0/"
1.289979,13.232883,585997,127779,NE 7315_35,,14,29,0,{6.2},"{""instrument = [ hydrometer ] sample pretreatment = [ sieved over 2 mm sieve ] size = [ 0.002 - 0.05 mm ]""}",6.2,AF-AfSP,Niger,Circa 100 m,Western Africa,Africa,1979-??-??,"Attribution-NonCommercial 3.0 International (CC BY-NC 3.0), https://creativecommons.org/licenses/by-nc/3.0/"
1.290556,13.106389,585998,127781,NE W3_0386,Ah,0,10,0,{15.0},"{""instrument = [ pipette ] sample pretreatment = [ sieved over 2 mm sieve ] size = [ 0.002 - 0.05 mm ]""}",15,AF-AfSP,Niger,Circa 100 m,Western Africa,Africa,????-??-??,"Attribution-NonCommercial 3.0 International (CC BY-NC 3.0), https://creativecommons.org/licenses/by-nc/3.0/"
1.290556,13.106389,585998,127782,NE W3_0386,2Ahb,10,31,0,{13.0},"{""instrument = [ pipette ] sample pretreatment = [ sieved over 2 mm sieve ] size = [ 0.002 - 0.05 mm ]""}",13,AF-AfSP,Niger,Circa 100 m,Western Africa,Africa,????-??-??,"Attribution-NonCommercial 3.0 International (CC BY-NC 3.0), https://creativecommons.org/licenses/by-nc/3.0/"
1.290556,13.106389,585998,127783,NE W3_0386,2Bt1,31,44,0,{17.0},"{""instrument = [ pipette ] sample pretreatment = [ sieved over 2 mm sieve ] size = [ 0.002 - 0.05 mm ]""}",17,AF-AfSP,Niger,Circa 100 m,Western Africa,Africa,????-??-??,"Attribution-NonCommercial 3.0 International (CC BY-NC 3.0), https://creativecommons.org/licenses/by-nc/3.0/"
1.290556,13.106389,585998,127784,NE W3_0386,2Bt2,44,70,0,{19.0},"{""instrument = [ pipette ] sample pretreatment = [ sieved over 2 mm sieve ] size = [ 0.002 - 0.05 mm ]""}",19,AF-AfSP,Niger,Circa 100 m,Western Africa,Africa,????-??-??,"Attribution-NonCommercial 3.0 International (CC BY-NC 3.0), https://creativecommons.org/licenses/by-nc/3.0/"
1.290556,13.106389,585998,127785,NE W3_0386,2Bt3,70,93,0,{21.0},"{""instrument = [ pipette ] sample pretreatment = [ sieved over 2 mm sieve ] size = [ 0.002 - 0.05 mm ]""}",21,AF-AfSP,Niger,Circa 100 m,Western Africa,Africa,????-??-??,"Attribution-NonCommercial 3.0 International (CC BY-NC 3.0), https://creativecommons.org/licenses/by-nc/3.0/"
1.290914,13.104765,585999,127786,NE 7315_12,,0,10,0,{15.4},"{""instrument = [ hydrometer ] sample pretreatment = [ sieved over 2 mm sieve ] size = [ 0.002 - 0.05 mm ]""}",15.4,AF-AfSP,Niger,Circa 100 m,Western Africa,Africa,1979-??-??,"Attribution-NonCommercial 3.0 International (CC BY-NC 3.0), https://creativecommons.org/licenses/by-nc/3.0/"
1.290914,13.104765,585999,127787,NE 7315_12,,10,31,0,{13.4},"{""instrument = [ hydrometer ] sample pretreatment = [ sieved over 2 mm sieve ] size = [ 0.002 - 0.05 mm ]""}",13.4,AF-AfSP,Niger,Circa 100 m,Western Africa,Africa,1979-??-??,"Attribution-NonCommercial 3.0 International (CC BY-NC 3.0), https://creativecommons.org/licenses/by-nc/3.0/"
1.290914,13.104765,585999,127788,NE 7315_12,,31,44,0,{16.8},"{""instrument = [ hydrometer ] sample pretreatment = [ sieved over 2 mm sieve ] size = [ 0.002 - 0.05 mm ]""}",16.8,AF-AfSP,Niger,Circa 100 m,Western Africa,Africa,1979-??-??,"Attribution-NonCommercial 3.0 International (CC BY-NC 3.0), https://creativecommons.org/licenses/by-nc/3.0/"
1.290914,13.104765,585999,127789,NE 7315_12,,44,70,0,{18.8},"{""instrument = [ hydrometer ] sample pretreatment = [ sieved over 2 mm sieve ] size = [ 0.002 - 0.05 mm ]""}",18.8,AF-AfSP,Niger,Circa 100 m,Western Africa,Africa,1979-??-??,"Attribution-NonCommercial 3.0 International (CC BY-NC 3.0), https://creativecommons.org/licenses/by-nc/3.0/"
1.290914,13.104765,585999,127790,NE 7315_12,,70,93,0,{21.0},"{""instrument = [ hydrometer ] sample pretreatment = [ sieved over 2 mm sieve ] size = [ 0.002 - 0.05 mm ]""}",21,AF-AfSP,Niger,Circa 100 m,Western Africa,Africa,1979-??-??,"Attribution-NonCommercial 3.0 International (CC BY-NC 3.0), https://creativecommons.org/licenses/by-nc/3.0/"
1.298056,13.226944,586000,127791,NE W3_0014,Ah,0,14,0,{21.0},"{""instrument = [ pipette ] sample pretreatment = [ sieved over 2 mm sieve ] size = [ 0.002 - 0.05 mm ]""}",21,AF-AfSP,Niger,Circa 100 m,Western Africa,Africa,????-??-??,"Attribution-NonCommercial 3.0 International (CC BY-NC 3.0), https://creativecommons.org/licenses/by-nc/3.0/"
1.298056,13.226944,586000,127792,NE W3_0014,Bwh,14,32,0,{12.0},"{""instrument = [ pipette ] sample pretreatment = [ sieved over 2 mm sieve ] size = [ 0.002 - 0.05 mm ]""}",12,AF-AfSP,Niger,Circa 100 m,Western Africa,Africa,????-??-??,"Attribution-NonCommercial 3.0 International (CC BY-NC 3.0), https://creativecommons.org/licenses/by-nc/3.0/"
1.298056,13.226944,586000,127793,NE W3_0014,Bt,32,49,0,{18.0},"{""instrument = [ pipette ] sample pretreatment = [ sieved over 2 mm sieve ] size = [ 0.002 - 0.05 mm ]""}",18,AF-AfSP,Niger,Circa 100 m,Western Africa,Africa,????-??-??,"Attribution-NonCommercial 3.0 International (CC BY-NC 3.0), https://creativecommons.org/licenses/by-nc/3.0/"
1.298056,13.226944,586000,127794,NE W3_0014,Btcs1,49,78,0,{11.0},"{""instrument = [ pipette ] sample pretreatment = [ sieved over 2 mm sieve ] size = [ 0.002 - 0.05 mm ]""}",11,AF-AfSP,Niger,Circa 100 m,Western Africa,Africa,????-??-??,"Attribution-NonCommercial 3.0 International (CC BY-NC 3.0), https://creativecommons.org/licenses/by-nc/3.0/"
1.298056,13.226944,586000,127795,NE W3_0014,Btcs2,78,100,0,{12.0},"{""instrument = [ pipette ] sample pretreatment = [ sieved over 2 mm sieve ] size = [ 0.002 - 0.05 mm ]""}",12,AF-AfSP,Niger,Circa 100 m,Western Africa,Africa,????-??-??,"Attribution-NonCommercial 3.0 International (CC BY-NC 3.0), https://creativecommons.org/licenses/by-nc/3.0/"
1.298231,13.225992,586001,127796,NE 7315_34,,0,14,0,{21.2},"{""instrument = [ hydrometer ] sample pretreatment = [ sieved over 2 mm sieve ] size = [ 0.002 - 0.05 mm ]""}",21.2,AF-AfSP,Niger,Circa 100 m,Western Africa,Africa,1979-??-??,"Attribution-NonCommercial 3.0 International (CC BY-NC 3.0), https://creativecommons.org/licenses/by-nc/3.0/"
1.298231,13.225992,586001,127797,NE 7315_34,,14,32,0,{12.2},"{""instrument = [ hydrometer ] sample pretreatment = [ sieved over 2 mm sieve ] size = [ 0.002 - 0.05 mm ]""}",12.2,AF-AfSP,Niger,Circa 100 m,Western Africa,Africa,1979-??-??,"Attribution-NonCommercial 3.0 International (CC BY-NC 3.0), https://creativecommons.org/licenses/by-nc/3.0/"
1.298231,13.225992,586001,127798,NE 7315_34,,32,49,0,{17.6},"{""instrument = [ hydrometer ] sample pretreatment = [ sieved over 2 mm sieve ] size = [ 0.002 - 0.05 mm ]""}",17.6,AF-AfSP,Niger,Circa 100 m,Western Africa,Africa,1979-??-??,"Attribution-NonCommercial 3.0 International (CC BY-NC 3.0), https://creativecommons.org/licenses/by-nc/3.0/"
1.298231,13.225992,586001,127799,NE 7315_34,,49,78,0,{11.0},"{""instrument = [ hydrometer ] sample pretreatment = [ sieved over 2 mm sieve ] size = [ 0.002 - 0.05 mm ]""}",11,AF-AfSP,Niger,Circa 100 m,Western Africa,Africa,1979-??-??,"Attribution-NonCommercial 3.0 International (CC BY-NC 3.0), https://creativecommons.org/licenses/by-nc/3.0/"
1.298231,13.225992,586001,127800,NE 7315_34,,78,100,0,{12.0},"{""instrument = [ hydrometer ] sample pretreatment = [ sieved over 2 mm sieve ] size = [ 0.002 - 0.05 mm ]""}",12,AF-AfSP,Niger,Circa 100 m,Western Africa,Africa,1979-??-??,"Attribution-NonCommercial 3.0 International (CC BY-NC 3.0), https://creativecommons.org/licenses/by-nc/3.0/"
1.312182,13.107743,586002,127801,NE 7315_11,,0,10,0,{10.2},"{""instrument = [ hydrometer ] sample pretreatment = [ sieved over 2 mm sieve ] size = [ 0.002 - 0.05 mm ]""}",10.2,AF-AfSP,Niger,Circa 100 m,Western Africa,Africa,1979-??-??,"Attribution-NonCommercial 3.0 International (CC BY-NC 3.0), https://creativecommons.org/licenses/by-nc/3.0/"
1.312182,13.107743,586002,127802,NE 7315_11,,10,25,0,{8.2},"{""instrument = [ hydrometer ] sample pretreatment = [ sieved over 2 mm sieve ] size = [ 0.002 - 0.05 mm ]""}",8.2,AF-AfSP,Niger,Circa 100 m,Western Africa,Africa,1979-??-??,"Attribution-NonCommercial 3.0 International (CC BY-NC 3.0), https://creativecommons.org/licenses/by-nc/3.0/"
1.313056,13.212222,586003,127804,NE W3_0047,Ah,0,12,0,{7.0},"{""instrument = [ pipette ] sample pretreatment = [ sieved over 2 mm sieve ] size = [ 0.002 - 0.05 mm ]""}",7,AF-AfSP,Niger,Circa 100 m,Western Africa,Africa,????-??-??,"Attribution-NonCommercial 3.0 International (CC BY-NC 3.0), https://creativecommons.org/licenses/by-nc/3.0/"
1.313056,13.212222,586003,127805,NE W3_0047,2Ahb,12,27,0,{5.0},"{""instrument = [ pipette ] sample pretreatment = [ sieved over 2 mm sieve ] size = [ 0.002 - 0.05 mm ]""}",5,AF-AfSP,Niger,Circa 100 m,Western Africa,Africa,????-??-??,"Attribution-NonCommercial 3.0 International (CC BY-NC 3.0), https://creativecommons.org/licenses/by-nc/3.0/"
1.313056,13.212222,586003,127806,NE W3_0047,2Bwcs,27,42,0,{4.0},"{""instrument = [ pipette ] sample pretreatment = [ sieved over 2 mm sieve ] size = [ 0.002 - 0.05 mm ]""}",4,AF-AfSP,Niger,Circa 100 m,Western Africa,Africa,????-??-??,"Attribution-NonCommercial 3.0 International (CC BY-NC 3.0), https://creativecommons.org/licenses/by-nc/3.0/"
1.313056,13.212222,586003,127807,NE W3_0047,2Btcs,42,72,0,{7.0},"{""instrument = [ pipette ] sample pretreatment = [ sieved over 2 mm sieve ] size = [ 0.002 - 0.05 mm ]""}",7,AF-AfSP,Niger,Circa 100 m,Western Africa,Africa,????-??-??,"Attribution-NonCommercial 3.0 International (CC BY-NC 3.0), https://creativecommons.org/licenses/by-nc/3.0/"
1.313288,13.21102,586004,127808,NE 7315_33,,0,12,0,{6.6},"{""instrument = [ hydrometer ] sample pretreatment = [ sieved over 2 mm sieve ] size = [ 0.002 - 0.05 mm ]""}",6.6,AF-AfSP,Niger,Circa 100 m,Western Africa,Africa,1979-??-??,"Attribution-NonCommercial 3.0 International (CC BY-NC 3.0), https://creativecommons.org/licenses/by-nc/3.0/"
1.313288,13.21102,586004,127809,NE 7315_33,,12,27,0,{5.2},"{""instrument = [ hydrometer ] sample pretreatment = [ sieved over 2 mm sieve ] size = [ 0.002 - 0.05 mm ]""}",5.2,AF-AfSP,Niger,Circa 100 m,Western Africa,Africa,1979-??-??,"Attribution-NonCommercial 3.0 International (CC BY-NC 3.0), https://creativecommons.org/licenses/by-nc/3.0/"
1.313288,13.21102,586004,127810,NE 7315_33,,27,42,0,{3.8},"{""instrument = [ hydrometer ] sample pretreatment = [ sieved over 2 mm sieve ] size = [ 0.002 - 0.05 mm ]""}",3.8,AF-AfSP,Niger,Circa 100 m,Western Africa,Africa,1979-??-??,"Attribution-NonCommercial 3.0 International (CC BY-NC 3.0), https://creativecommons.org/licenses/by-nc/3.0/"
1.313288,13.21102,586004,127811,NE 7315_33,,42,72,0,{6.6},"{""instrument = [ hydrometer ] sample pretreatment = [ sieved over 2 mm sieve ] size = [ 0.002 - 0.05 mm ]""}",6.6,AF-AfSP,Niger,Circa 100 m,Western Africa,Africa,1979-??-??,"Attribution-NonCommercial 3.0 International (CC BY-NC 3.0), https://creativecommons.org/licenses/by-nc/3.0/"
1.3212,13.200301,586006,127816,NE 7315_31,,0,18,0,{4.2},"{""instrument = [ hydrometer ] sample pretreatment = [ sieved over 2 mm sieve ] size = [ 0.002 - 0.05 mm ]""}",4.2,AF-AfSP,Niger,Circa 100 m,Western Africa,Africa,1979-??-??,"Attribution-NonCommercial 3.0 International (CC BY-NC 3.0), https://creativecommons.org/licenses/by-nc/3.0/"
1.3212,13.200301,586006,127817,NE 7315_31,,18,39,0,{3.6},"{""instrument = [ hydrometer ] sample pretreatment = [ sieved over 2 mm sieve ] size = [ 0.002 - 0.05 mm ]""}",3.6,AF-AfSP,Niger,Circa 100 m,Western Africa,Africa,1979-??-??,"Attribution-NonCommercial 3.0 International (CC BY-NC 3.0), https://creativecommons.org/licenses/by-nc/3.0/"
1.3212,13.200301,586006,127818,NE 7315_31,,39,70,0,{3.2},"{""instrument = [ hydrometer ] sample pretreatment = [ sieved over 2 mm sieve ] size = [ 0.002 - 0.05 mm ]""}",3.2,AF-AfSP,Niger,Circa 100 m,Western Africa,Africa,1979-??-??,"Attribution-NonCommercial 3.0 International (CC BY-NC 3.0), https://creativecommons.org/licenses/by-nc/3.0/"
1.3212,13.200301,586006,127819,NE 7315_31,,70,95,0,{1.6},"{""instrument = [ hydrometer ] sample pretreatment = [ sieved over 2 mm sieve ] size = [ 0.002 - 0.05 mm ]""}",1.6,AF-AfSP,Niger,Circa 100 m,Western Africa,Africa,1979-??-??,"Attribution-NonCommercial 3.0 International (CC BY-NC 3.0), https://creativecommons.org/licenses/by-nc/3.0/"
1.321389,13.201389,586007,127820,NE W3_0253,Ah,0,18,0,{4.0},"{""instrument = [ pipette ] sample pretreatment = [ sieved over 2 mm sieve ] size = [ 0.002 - 0.05 mm ]""}",4,AF-AfSP,Niger,Circa 100 m,Western Africa,Africa,????-??-??,"Attribution-NonCommercial 3.0 International (CC BY-NC 3.0), https://creativecommons.org/licenses/by-nc/3.0/"
1.321389,13.201389,586007,127821,NE W3_0253,Btb,18,39,0,{4.0},"{""instrument = [ pipette ] sample pretreatment = [ sieved over 2 mm sieve ] size = [ 0.002 - 0.05 mm ]""}",4,AF-AfSP,Niger,Circa 100 m,Western Africa,Africa,????-??-??,"Attribution-NonCommercial 3.0 International (CC BY-NC 3.0), https://creativecommons.org/licenses/by-nc/3.0/"
1.321389,13.201389,586007,127822,NE W3_0253,Bw1,39,70,0,{3.0},"{""instrument = [ pipette ] sample pretreatment = [ sieved over 2 mm sieve ] size = [ 0.002 - 0.05 mm ]""}",3,AF-AfSP,Niger,Circa 100 m,Western Africa,Africa,????-??-??,"Attribution-NonCommercial 3.0 International (CC BY-NC 3.0), https://creativecommons.org/licenses/by-nc/3.0/"
1.321389,13.201389,586007,127823,NE W3_0253,Bw2,70,95,0,{2.0},"{""instrument = [ pipette ] sample pretreatment = [ sieved over 2 mm sieve ] size = [ 0.002 - 0.05 mm ]""}",2,AF-AfSP,Niger,Circa 100 m,Western Africa,Africa,????-??-??,"Attribution-NonCommercial 3.0 International (CC BY-NC 3.0), https://creativecommons.org/licenses/by-nc/3.0/"
1.321389,13.552222,586008,127824,NE W3_0444,Ah,0,16,0,{39.0},"{""instrument = [ pipette ] sample pretreatment = [ sieved over 2 mm sieve ] size = [ 0.002 - 0.06 mm ]""}",39,AF-AfSP,Niger,Circa 100 m,Western Africa,Africa,????-??-??,"Attribution-NonCommercial 3.0 International (CC BY-NC 3.0), https://creativecommons.org/licenses/by-nc/3.0/"
1.321389,13.552222,586008,127825,NE W3_0444,Btk1,16,42,0,{24.0},"{""instrument = [ pipette ] sample pretreatment = [ sieved over 2 mm sieve ] size = [ 0.002 - 0.06 mm ]""}",24,AF-AfSP,Niger,Circa 100 m,Western Africa,Africa,????-??-??,"Attribution-NonCommercial 3.0 International (CC BY-NC 3.0), https://creativecommons.org/licenses/by-nc/3.0/"
1.321389,13.552222,586008,127826,NE W3_0444,Btk2,42,60,0,{24.0},"{""instrument = [ pipette ] sample pretreatment = [ sieved over 2 mm sieve ] size = [ 0.002 - 0.06 mm ]""}",24,AF-AfSP,Niger,Circa 100 m,Western Africa,Africa,????-??-??,"Attribution-NonCommercial 3.0 International (CC BY-NC 3.0), https://creativecommons.org/licenses/by-nc/3.0/"
1.334722,13.109444,586009,127827,NE W3_0330,Ah,0,11,0,{15.0},"{""instrument = [ pipette ] sample pretreatment = [ sieved over 2 mm sieve ] size = [ 0.002 - 0.05 mm ]""}",15,AF-AfSP,Niger,Circa 100 m,Western Africa,Africa,????-??-??,"Attribution-NonCommercial 3.0 International (CC BY-NC 3.0), https://creativecommons.org/licenses/by-nc/3.0/"
1.334722,13.109444,586009,127828,NE W3_0330,Bt1,11,23,0,{15.0},"{""instrument = [ pipette ] sample pretreatment = [ sieved over 2 mm sieve ] size = [ 0.002 - 0.05 mm ]""}",15,AF-AfSP,Niger,Circa 100 m,Western Africa,Africa,????-??-??,"Attribution-NonCommercial 3.0 International (CC BY-NC 3.0), https://creativecommons.org/licenses/by-nc/3.0/"
1.334722,13.109444,586009,127829,NE W3_0330,Bt2,23,50,0,{16.0},"{""instrument = [ pipette ] sample pretreatment = [ sieved over 2 mm sieve ] size = [ 0.002 - 0.05 mm ]""}",16,AF-AfSP,Niger,Circa 100 m,Western Africa,Africa,????-??-??,"Attribution-NonCommercial 3.0 International (CC BY-NC 3.0), https://creativecommons.org/licenses/by-nc/3.0/"
1.334722,13.109444,586009,127830,NE W3_0330,Bw,50,77,0,{19.0},"{""instrument = [ pipette ] sample pretreatment = [ sieved over 2 mm sieve ] size = [ 0.002 - 0.05 mm ]""}",19,AF-AfSP,Niger,Circa 100 m,Western Africa,Africa,????-??-??,"Attribution-NonCommercial 3.0 International (CC BY-NC 3.0), https://creativecommons.org/licenses/by-nc/3.0/"
1.334722,13.109444,586009,127831,NE W3_0330,BCw,77,96,0,{19.0},"{""instrument = [ pipette ] sample pretreatment = [ sieved over 2 mm sieve ] size = [ 0.002 - 0.05 mm ]""}",19,AF-AfSP,Niger,Circa 100 m,Western Africa,Africa,????-??-??,"Attribution-NonCommercial 3.0 International (CC BY-NC 3.0), https://creativecommons.org/licenses/by-nc/3.0/"
1.335917,13.105956,586010,127832,NE 7315_10,,0,11,0,{15.2},"{""instrument = [ hydrometer ] sample pretreatment = [ sieved over 2 mm sieve ] size = [ 0.002 - 0.05 mm ]""}",15.2,AF-AfSP,Niger,Circa 100 m,Western Africa,Africa,1979-??-??,"Attribution-NonCommercial 3.0 International (CC BY-NC 3.0), https://creativecommons.org/licenses/by-nc/3.0/"
1.335917,13.105956,586010,127833,NE 7315_10,,11,23,0,{14.6},"{""instrument = [ hydrometer ] sample pretreatment = [ sieved over 2 mm sieve ] size = [ 0.002 - 0.05 mm ]""}",14.6,AF-AfSP,Niger,Circa 100 m,Western Africa,Africa,1979-??-??,"Attribution-NonCommercial 3.0 International (CC BY-NC 3.0), https://creativecommons.org/licenses/by-nc/3.0/"
1.335917,13.105956,586010,127834,NE 7315_10,,23,50,0,{16.4},"{""instrument = [ hydrometer ] sample pretreatment = [ sieved over 2 mm sieve ] size = [ 0.002 - 0.05 mm ]""}",16.4,AF-AfSP,Niger,Circa 100 m,Western Africa,Africa,1979-??-??,"Attribution-NonCommercial 3.0 International (CC BY-NC 3.0), https://creativecommons.org/licenses/by-nc/3.0/"
1.335917,13.105956,586010,127835,NE 7315_10,,50,77,0,{19.0},"{""instrument = [ hydrometer ] sample pretreatment = [ sieved over 2 mm sieve ] size = [ 0.002 - 0.05 mm ]""}",19,AF-AfSP,Niger,Circa 100 m,Western Africa,Africa,1979-??-??,"Attribution-NonCommercial 3.0 International (CC BY-NC 3.0), https://creativecommons.org/licenses/by-nc/3.0/"
1.338889,13.574444,586011,127837,NE W3_0068,Ah,0,16,0,{11.0},"{""instrument = [ pipette ] sample pretreatment = [ sieved over 2 mm sieve ] size = [ 0.002 - 0.06 mm ]""}",11,AF-AfSP,Niger,Circa 100 m,Western Africa,Africa,????-??-??,"Attribution-NonCommercial 3.0 International (CC BY-NC 3.0), https://creativecommons.org/licenses/by-nc/3.0/"
1.338889,13.574444,586011,127838,NE W3_0068,2Bw,16,36,0,{19.0},"{""instrument = [ pipette ] sample pretreatment = [ sieved over 2 mm sieve ] size = [ 0.002 - 0.06 mm ]""}",19,AF-AfSP,Niger,Circa 100 m,Western Africa,Africa,????-??-??,"Attribution-NonCommercial 3.0 International (CC BY-NC 3.0), https://creativecommons.org/licenses/by-nc/3.0/"
1.338889,13.574444,586011,127839,NE W3_0068,2Bt,36,55,0,{19.0},"{""instrument = [ pipette ] sample pretreatment = [ sieved over 2 mm sieve ] size = [ 0.002 - 0.06 mm ]""}",19,AF-AfSP,Niger,Circa 100 m,Western Africa,Africa,????-??-??,"Attribution-NonCommercial 3.0 International (CC BY-NC 3.0), https://creativecommons.org/licenses/by-nc/3.0/"
1.338889,13.574444,586011,127840,NE W3_0068,2B/C,55,69,0,{21.0},"{""instrument = [ pipette ] sample pretreatment = [ sieved over 2 mm sieve ] size = [ 0.002 - 0.06 mm ]""}",21,AF-AfSP,Niger,Circa 100 m,Western Africa,Africa,????-??-??,"Attribution-NonCommercial 3.0 International (CC BY-NC 3.0), https://creativecommons.org/licenses/by-nc/3.0/"
1.347657,13.15751,586012,127841,NE 7315_20,,0,20,0,{1.6},"{""instrument = [ hydrometer ] sample pretreatment = [ sieved over 2 mm sieve ] size = [ 0.002 - 0.05 mm ]""}",1.6,AF-AfSP,Niger,Circa 100 m,Western Africa,Africa,1979-??-??,"Attribution-NonCommercial 3.0 International (CC BY-NC 3.0), https://creativecommons.org/licenses/by-nc/3.0/"
1.347657,13.15751,586012,127842,NE 7315_20,,20,35,0,{2.6},"{""instrument = [ hydrometer ] sample pretreatment = [ sieved over 2 mm sieve ] size = [ 0.002 - 0.05 mm ]""}",2.6,AF-AfSP,Niger,Circa 100 m,Western Africa,Africa,1979-??-??,"Attribution-NonCommercial 3.0 International (CC BY-NC 3.0), https://creativecommons.org/licenses/by-nc/3.0/"
1.347657,13.15751,586012,127843,NE 7315_20,,35,52,0,{4.4},"{""instrument = [ hydrometer ] sample pretreatment = [ sieved over 2 mm sieve ] size = [ 0.002 - 0.05 mm ]""}",4.4,AF-AfSP,Niger,Circa 100 m,Western Africa,Africa,1979-??-??,"Attribution-NonCommercial 3.0 International (CC BY-NC 3.0), https://creativecommons.org/licenses/by-nc/3.0/"
1.347778,13.159444,586013,127845,NE W3_0128,Ah,0,20,0,{2.0},"{""instrument = [ pipette ] sample pretreatment = [ sieved over 2 mm sieve ] size = [ 0.002 - 0.05 mm ]""}",2,AF-AfSP,Niger,Circa 100 m,Western Africa,Africa,????-??-??,"Attribution-NonCommercial 3.0 International (CC BY-NC 3.0), https://creativecommons.org/licenses/by-nc/3.0/"
1.347778,13.159444,586013,127846,NE W3_0128,Bw,20,35,0,{3.0},"{""instrument = [ pipette ] sample pretreatment = [ sieved over 2 mm sieve ] size = [ 0.002 - 0.05 mm ]""}",3,AF-AfSP,Niger,Circa 100 m,Western Africa,Africa,????-??-??,"Attribution-NonCommercial 3.0 International (CC BY-NC 3.0), https://creativecommons.org/licenses/by-nc/3.0/"
1.347778,13.159444,586013,127847,NE W3_0128,Bt,35,52,0,{4.0},"{""instrument = [ pipette ] sample pretreatment = [ sieved over 2 mm sieve ] size = [ 0.002 - 0.05 mm ]""}",4,AF-AfSP,Niger,Circa 100 m,Western Africa,Africa,????-??-??,"Attribution-NonCommercial 3.0 International (CC BY-NC 3.0), https://creativecommons.org/licenses/by-nc/3.0/"
1.347778,13.159444,586013,127848,NE W3_0128,2BCcs,52,85,0,{10.0},"{""instrument = [ pipette ] sample pretreatment = [ sieved over 2 mm sieve ] size = [ 0.002 - 0.05 mm ]""}",10,AF-AfSP,Niger,Circa 100 m,Western Africa,Africa,????-??-??,"Attribution-NonCommercial 3.0 International (CC BY-NC 3.0), https://creativecommons.org/licenses/by-nc/3.0/"
1.348508,13.168229,586014,127849,NE 7315_21,,0,17,0,{3.2},"{""instrument = [ hydrometer ] sample pretreatment = [ sieved over 2 mm sieve ] size = [ 0.002 - 0.05 mm ]""}",3.2,AF-AfSP,Niger,Circa 100 m,Western Africa,Africa,1979-??-??,"Attribution-NonCommercial 3.0 International (CC BY-NC 3.0), https://creativecommons.org/licenses/by-nc/3.0/"
1.348508,13.168229,586014,127850,NE 7315_21,,17,35,0,{7.4},"{""instrument = [ hydrometer ] sample pretreatment = [ sieved over 2 mm sieve ] size = [ 0.002 - 0.05 mm ]""}",7.4,AF-AfSP,Niger,Circa 100 m,Western Africa,Africa,1979-??-??,"Attribution-NonCommercial 3.0 International (CC BY-NC 3.0), https://creativecommons.org/licenses/by-nc/3.0/"
1.348508,13.168229,586014,127851,NE 7315_21,,35,53,0,{5.8},"{""instrument = [ hydrometer ] sample pretreatment = [ sieved over 2 mm sieve ] size = [ 0.002 - 0.05 mm ]""}",5.8,AF-AfSP,Niger,Circa 100 m,Western Africa,Africa,1979-??-??,"Attribution-NonCommercial 3.0 International (CC BY-NC 3.0), https://creativecommons.org/licenses/by-nc/3.0/"
1.348508,13.168229,586014,127852,NE 7315_21,,53,71,0,{6.2},"{""instrument = [ hydrometer ] sample pretreatment = [ sieved over 2 mm sieve ] size = [ 0.002 - 0.05 mm ]""}",6.2,AF-AfSP,Niger,Circa 100 m,Western Africa,Africa,1979-??-??,"Attribution-NonCommercial 3.0 International (CC BY-NC 3.0), https://creativecommons.org/licenses/by-nc/3.0/"
1.348611,13.17,586015,127854,NE W3_0107,Ah,0,17,0,{3.0},"{""instrument = [ pipette ] sample pretreatment = [ sieved over 2 mm sieve ] size = [ 0.002 - 0.05 mm ]""}",3,AF-AfSP,Niger,Circa 100 m,Western Africa,Africa,????-??-??,"Attribution-NonCommercial 3.0 International (CC BY-NC 3.0), https://creativecommons.org/licenses/by-nc/3.0/"
1.348611,13.17,586015,127855,NE W3_0107,Bw,17,35,0,{7.0},"{""instrument = [ pipette ] sample pretreatment = [ sieved over 2 mm sieve ] size = [ 0.002 - 0.05 mm ]""}",7,AF-AfSP,Niger,Circa 100 m,Western Africa,Africa,????-??-??,"Attribution-NonCommercial 3.0 International (CC BY-NC 3.0), https://creativecommons.org/licenses/by-nc/3.0/"
1.348611,13.17,586015,127856,NE W3_0107,Bt1,35,53,0,{6.0},"{""instrument = [ pipette ] sample pretreatment = [ sieved over 2 mm sieve ] size = [ 0.002 - 0.05 mm ]""}",6,AF-AfSP,Niger,Circa 100 m,Western Africa,Africa,????-??-??,"Attribution-NonCommercial 3.0 International (CC BY-NC 3.0), https://creativecommons.org/licenses/by-nc/3.0/"
1.348611,13.17,586015,127857,NE W3_0107,Bt2,53,71,0,{6.0},"{""instrument = [ pipette ] sample pretreatment = [ sieved over 2 mm sieve ] size = [ 0.002 - 0.05 mm ]""}",6,AF-AfSP,Niger,Circa 100 m,Western Africa,Africa,????-??-??,"Attribution-NonCommercial 3.0 International (CC BY-NC 3.0), https://creativecommons.org/licenses/by-nc/3.0/"
1.349167,13.598056,586016,127858,NE W3_0202,,0,13,0,{28.0},"{""instrument = [ pipette ] sample pretreatment = [ sieved over 2 mm sieve ] size = [ 0.002 - 0.06 mm ]""}",28,AF-AfSP,Niger,Circa 100 m,Western Africa,Africa,????-??-??,"Attribution-NonCommercial 3.0 International (CC BY-NC 3.0), https://creativecommons.org/licenses/by-nc/3.0/"
1.349167,13.598056,586016,127859,NE W3_0202,Btk,13,45,0,{39.0},"{""instrument = [ pipette ] sample pretreatment = [ sieved over 2 mm sieve ] size = [ 0.002 - 0.06 mm ]""}",39,AF-AfSP,Niger,Circa 100 m,Western Africa,Africa,????-??-??,"Attribution-NonCommercial 3.0 International (CC BY-NC 3.0), https://creativecommons.org/licenses/by-nc/3.0/"
1.35,13.604167,586017,127860,NE W3_0066,A,0,30,0,{7.0},"{""instrument = [ pipette ] sample pretreatment = [ sieved over 2 mm sieve ] size = [ 0.002 - 0.06 mm ]""}",7,AF-AfSP,Niger,Circa 100 m,Western Africa,Africa,????-??-??,"Attribution-NonCommercial 3.0 International (CC BY-NC 3.0), https://creativecommons.org/licenses/by-nc/3.0/"
1.35,13.604167,586017,127861,NE W3_0066,Btg1,30,52,0,{8.0},"{""instrument = [ pipette ] sample pretreatment = [ sieved over 2 mm sieve ] size = [ 0.002 - 0.06 mm ]""}",8,AF-AfSP,Niger,Circa 100 m,Western Africa,Africa,????-??-??,"Attribution-NonCommercial 3.0 International (CC BY-NC 3.0), https://creativecommons.org/licenses/by-nc/3.0/"
1.35,13.604167,586017,127862,NE W3_0066,Btg2,52,73,0,{9.0},"{""instrument = [ pipette ] sample pretreatment = [ sieved over 2 mm sieve ] size = [ 0.002 - 0.06 mm ]""}",9,AF-AfSP,Niger,Circa 100 m,Western Africa,Africa,????-??-??,"Attribution-NonCommercial 3.0 International (CC BY-NC 3.0), https://creativecommons.org/licenses/by-nc/3.0/"
1.35,13.604167,586017,127863,NE W3_0066,Bt,73,88,0,{9.0},"{""instrument = [ pipette ] sample pretreatment = [ sieved over 2 mm sieve ] size = [ 0.002 - 0.06 mm ]""}",9,AF-AfSP,Niger,Circa 100 m,Western Africa,Africa,????-??-??,"Attribution-NonCommercial 3.0 International (CC BY-NC 3.0), https://creativecommons.org/licenses/by-nc/3.0/"
1.350556,13.589444,586018,127864,NE W3_0067,Ah,0,15,0,{49.0},"{""instrument = [ pipette ] sample pretreatment = [ sieved over 2 mm sieve ] size = [ 0.002 - 0.06 mm ]""}",49,AF-AfSP,Niger,Circa 100 m,Western Africa,Africa,????-??-??,"Attribution-NonCommercial 3.0 International (CC BY-NC 3.0), https://creativecommons.org/licenses/by-nc/3.0/"
1.350556,13.589444,586018,127865,NE W3_0067,2Bwg,15,40,0,{50.0},"{""instrument = [ pipette ] sample pretreatment = [ sieved over 2 mm sieve ] size = [ 0.002 - 0.06 mm ]""}",50,AF-AfSP,Niger,Circa 100 m,Western Africa,Africa,????-??-??,"Attribution-NonCommercial 3.0 International (CC BY-NC 3.0), https://creativecommons.org/licenses/by-nc/3.0/"
1.350556,13.589444,586018,127866,NE W3_0067,2Btg,40,86,0,{46.0},"{""instrument = [ pipette ] sample pretreatment = [ sieved over 2 mm sieve ] size = [ 0.002 - 0.06 mm ]""}",46,AF-AfSP,Niger,Circa 100 m,Western Africa,Africa,????-??-??,"Attribution-NonCommercial 3.0 International (CC BY-NC 3.0), https://creativecommons.org/licenses/by-nc/3.0/"
1.350556,13.589444,586018,127867,NE W3_0067,3Bwg,86,95,0,{50.0},"{""instrument = [ pipette ] sample pretreatment = [ sieved over 2 mm sieve ] size = [ 0.002 - 0.06 mm ]""}",50,AF-AfSP,Niger,Circa 100 m,Western Africa,Africa,????-??-??,"Attribution-NonCommercial 3.0 International (CC BY-NC 3.0), https://creativecommons.org/licenses/by-nc/3.0/"
1.350805,13.148407,586019,127868,NE 7315_19,,0,9,0,{8.0},"{""instrument = [ hydrometer ] sample pretreatment = [ sieved over 2 mm sieve ] size = [ 0.002 - 0.05 mm ]""}",8,AF-AfSP,Niger,Circa 100 m,Western Africa,Africa,1979-??-??,"Attribution-NonCommercial 3.0 International (CC BY-NC 3.0), https://creativecommons.org/licenses/by-nc/3.0/"
1.350805,13.148407,586019,127869,NE 7315_19,,9,25,0,{9.0},"{""instrument = [ hydrometer ] sample pretreatment = [ sieved over 2 mm sieve ] size = [ 0.002 - 0.05 mm ]""}",9,AF-AfSP,Niger,Circa 100 m,Western Africa,Africa,1979-??-??,"Attribution-NonCommercial 3.0 International (CC BY-NC 3.0), https://creativecommons.org/licenses/by-nc/3.0/"
1.350805,13.148407,586019,127870,NE 7315_19,,25,49,0,{8.6},"{""instrument = [ hydrometer ] sample pretreatment = [ sieved over 2 mm sieve ] size = [ 0.002 - 0.05 mm ]""}",8.6,AF-AfSP,Niger,Circa 100 m,Western Africa,Africa,1979-??-??,"Attribution-NonCommercial 3.0 International (CC BY-NC 3.0), https://creativecommons.org/licenses/by-nc/3.0/"
1.350805,13.148407,586019,127871,NE 7315_19,,49,65,0,{9.0},"{""instrument = [ hydrometer ] sample pretreatment = [ sieved over 2 mm sieve ] size = [ 0.002 - 0.05 mm ]""}",9,AF-AfSP,Niger,Circa 100 m,Western Africa,Africa,1979-??-??,"Attribution-NonCommercial 3.0 International (CC BY-NC 3.0), https://creativecommons.org/licenses/by-nc/3.0/"
1.350805,13.148407,586019,127872,NE 7315_19,,65,88,0,{9.2},"{""instrument = [ hydrometer ] sample pretreatment = [ sieved over 2 mm sieve ] size = [ 0.002 - 0.05 mm ]""}",9.2,AF-AfSP,Niger,Circa 100 m,Western Africa,Africa,1979-??-??,"Attribution-NonCommercial 3.0 International (CC BY-NC 3.0), https://creativecommons.org/licenses/by-nc/3.0/"
1.350833,13.619722,586020,127873,NE W3_0308,AC,0,12,0,{14.0},"{""instrument = [ pipette ] sample pretreatment = [ sieved over 2 mm sieve ] size = [ 0.002 - 0.06 mm ]""}",14,AF-AfSP,Niger,Circa 100 m,Western Africa,Africa,????-??-??,"Attribution-NonCommercial 3.0 International (CC BY-NC 3.0), https://creativecommons.org/licenses/by-nc/3.0/"
1.350833,13.619722,586020,127874,NE W3_0308,BCw,12,25,0,{10.0},"{""instrument = [ pipette ] sample pretreatment = [ sieved over 2 mm sieve ] size = [ 0.002 - 0.06 mm ]""}",10,AF-AfSP,Niger,Circa 100 m,Western Africa,Africa,????-??-??,"Attribution-NonCommercial 3.0 International (CC BY-NC 3.0), https://creativecommons.org/licenses/by-nc/3.0/"
1.351111,13.150556,586021,127875,NE W3_0184,Ah1,0,9,0,{8.0},"{""instrument = [ pipette ] sample pretreatment = [ sieved over 2 mm sieve ] size = [ 0.002 - 0.05 mm ]""}",8,AF-AfSP,Niger,Circa 100 m,Western Africa,Africa,????-??-??,"Attribution-NonCommercial 3.0 International (CC BY-NC 3.0), https://creativecommons.org/licenses/by-nc/3.0/"
1.351111,13.150556,586021,127876,NE W3_0184,Ah2,9,25,0,{9.0},"{""instrument = [ pipette ] sample pretreatment = [ sieved over 2 mm sieve ] size = [ 0.002 - 0.05 mm ]""}",9,AF-AfSP,Niger,Circa 100 m,Western Africa,Africa,????-??-??,"Attribution-NonCommercial 3.0 International (CC BY-NC 3.0), https://creativecommons.org/licenses/by-nc/3.0/"
1.351111,13.150556,586021,127877,NE W3_0184,Bt1,25,49,0,{9.0},"{""instrument = [ pipette ] sample pretreatment = [ sieved over 2 mm sieve ] size = [ 0.002 - 0.05 mm ]""}",9,AF-AfSP,Niger,Circa 100 m,Western Africa,Africa,????-??-??,"Attribution-NonCommercial 3.0 International (CC BY-NC 3.0), https://creativecommons.org/licenses/by-nc/3.0/"
1.351111,13.150556,586021,127878,NE W3_0184,Bt2,49,65,0,{9.0},"{""instrument = [ pipette ] sample pretreatment = [ sieved over 2 mm sieve ] size = [ 0.002 - 0.05 mm ]""}",9,AF-AfSP,Niger,Circa 100 m,Western Africa,Africa,????-??-??,"Attribution-NonCommercial 3.0 International (CC BY-NC 3.0), https://creativecommons.org/licenses/by-nc/3.0/"
1.351111,13.150556,586021,127879,NE W3_0184,Bt3,65,88,0,{9.0},"{""instrument = [ pipette ] sample pretreatment = [ sieved over 2 mm sieve ] size = [ 0.002 - 0.05 mm ]""}",9,AF-AfSP,Niger,Circa 100 m,Western Africa,Africa,????-??-??,"Attribution-NonCommercial 3.0 International (CC BY-NC 3.0), https://creativecommons.org/licenses/by-nc/3.0/"
1.352222,13.137778,586022,127880,NE W3_0392,Ah,0,12,0,{29.0},"{""instrument = [ pipette ] sample pretreatment = [ sieved over 2 mm sieve ] size = [ 0.002 - 0.05 mm ]""}",29,AF-AfSP,Niger,Circa 100 m,Western Africa,Africa,????-??-??,"Attribution-NonCommercial 3.0 International (CC BY-NC 3.0), https://creativecommons.org/licenses/by-nc/3.0/"
1.352222,13.137778,586022,127881,NE W3_0392,Bth,12,29,0,{26.0},"{""instrument = [ pipette ] sample pretreatment = [ sieved over 2 mm sieve ] size = [ 0.002 - 0.05 mm ]""}",26,AF-AfSP,Niger,Circa 100 m,Western Africa,Africa,????-??-??,"Attribution-NonCommercial 3.0 International (CC BY-NC 3.0), https://creativecommons.org/licenses/by-nc/3.0/"
1.352222,13.137778,586022,127882,NE W3_0392,BCt,29,54,0,{26.0},"{""instrument = [ pipette ] sample pretreatment = [ sieved over 2 mm sieve ] size = [ 0.002 - 0.05 mm ]""}",26,AF-AfSP,Niger,Circa 100 m,Western Africa,Africa,????-??-??,"Attribution-NonCommercial 3.0 International (CC BY-NC 3.0), https://creativecommons.org/licenses/by-nc/3.0/"
1.352222,13.137778,586022,127883,NE W3_0392,Bt,54,71,0,{33.0},"{""instrument = [ pipette ] sample pretreatment = [ sieved over 2 mm sieve ] size = [ 0.002 - 0.05 mm ]""}",33,AF-AfSP,Niger,Circa 100 m,Western Africa,Africa,????-??-??,"Attribution-NonCommercial 3.0 International (CC BY-NC 3.0), https://creativecommons.org/licenses/by-nc/3.0/"
1.352222,13.137778,586022,127884,NE W3_0392,Bw,71,97,0,{48.0},"{""instrument = [ pipette ] sample pretreatment = [ sieved over 2 mm sieve ] size = [ 0.002 - 0.05 mm ]""}",48,AF-AfSP,Niger,Circa 100 m,Western Africa,Africa,????-??-??,"Attribution-NonCommercial 3.0 International (CC BY-NC 3.0), https://creativecommons.org/licenses/by-nc/3.0/"
1.352222,13.66,586023,127885,NE W3_0065,,0,12,0,{7.0},"{""instrument = [ pipette ] sample pretreatment = [ sieved over 2 mm sieve ] size = [ 0.002 - 0.06 mm ]""}",7,AF-AfSP,Niger,Circa 100 m,Western Africa,Africa,????-??-??,"Attribution-NonCommercial 3.0 International (CC BY-NC 3.0), https://creativecommons.org/licenses/by-nc/3.0/"
1.352222,13.66,586023,127886,NE W3_0065,Bw,12,35,0,{6.0},"{""instrument = [ pipette ] sample pretreatment = [ sieved over 2 mm sieve ] size = [ 0.002 - 0.06 mm ]""}",6,AF-AfSP,Niger,Circa 100 m,Western Africa,Africa,????-??-??,"Attribution-NonCommercial 3.0 International (CC BY-NC 3.0), https://creativecommons.org/licenses/by-nc/3.0/"
1.352222,13.66,586023,127887,NE W3_0065,Bt,35,90,0,{4.0},"{""instrument = [ pipette ] sample pretreatment = [ sieved over 2 mm sieve ] size = [ 0.002 - 0.06 mm ]""}",4,AF-AfSP,Niger,Circa 100 m,Western Africa,Africa,????-??-??,"Attribution-NonCommercial 3.0 International (CC BY-NC 3.0), https://creativecommons.org/licenses/by-nc/3.0/"
1.352251,13.135646,586024,127888,NE 7315_18,,0,12,0,{28.6},"{""instrument = [ hydrometer ] sample pretreatment = [ sieved over 2 mm sieve ] size = [ 0.002 - 0.05 mm ]""}",28.6,AF-AfSP,Niger,Circa 100 m,Western Africa,Africa,1979-??-??,"Attribution-NonCommercial 3.0 International (CC BY-NC 3.0), https://creativecommons.org/licenses/by-nc/3.0/"
1.352251,13.135646,586024,127889,NE 7315_18,,12,29,0,{26.4},"{""instrument = [ hydrometer ] sample pretreatment = [ sieved over 2 mm sieve ] size = [ 0.002 - 0.05 mm ]""}",26.4,AF-AfSP,Niger,Circa 100 m,Western Africa,Africa,1979-??-??,"Attribution-NonCommercial 3.0 International (CC BY-NC 3.0), https://creativecommons.org/licenses/by-nc/3.0/"
1.352251,13.135646,586024,127890,NE 7315_18,,29,54,0,{25.8},"{""instrument = [ hydrometer ] sample pretreatment = [ sieved over 2 mm sieve ] size = [ 0.002 - 0.05 mm ]""}",25.8,AF-AfSP,Niger,Circa 100 m,Western Africa,Africa,1979-??-??,"Attribution-NonCommercial 3.0 International (CC BY-NC 3.0), https://creativecommons.org/licenses/by-nc/3.0/"
1.352251,13.135646,586024,127891,NE 7315_18,,54,71,0,{33.0},"{""instrument = [ hydrometer ] sample pretreatment = [ sieved over 2 mm sieve ] size = [ 0.002 - 0.05 mm ]""}",33,AF-AfSP,Niger,Circa 100 m,Western Africa,Africa,1979-??-??,"Attribution-NonCommercial 3.0 International (CC BY-NC 3.0), https://creativecommons.org/licenses/by-nc/3.0/"
1.352251,13.135646,586024,127892,NE 7315_18,,71,97,0,{47.6},"{""instrument = [ hydrometer ] sample pretreatment = [ sieved over 2 mm sieve ] size = [ 0.002 - 0.05 mm ]""}",47.6,AF-AfSP,Niger,Circa 100 m,Western Africa,Africa,1979-??-??,"Attribution-NonCommercial 3.0 International (CC BY-NC 3.0), https://creativecommons.org/licenses/by-nc/3.0/"
1.353333,13.690833,586025,127893,NE W3_0141,,0,52,0,{6.0},"{""instrument = [ pipette ] sample pretreatment = [ sieved over 2 mm sieve ] size = [ 0.002 - 0.06 mm ]""}",6,AF-AfSP,Niger,Circa 100 m,Western Africa,Africa,????-??-??,"Attribution-NonCommercial 3.0 International (CC BY-NC 3.0), https://creativecommons.org/licenses/by-nc/3.0/"
1.353333,13.690833,586025,127894,NE W3_0141,Bw,52,95,0,{3.0},"{""instrument = [ pipette ] sample pretreatment = [ sieved over 2 mm sieve ] size = [ 0.002 - 0.06 mm ]""}",3,AF-AfSP,Niger,Circa 100 m,Western Africa,Africa,????-??-??,"Attribution-NonCommercial 3.0 International (CC BY-NC 3.0), https://creativecommons.org/licenses/by-nc/3.0/"
0.413889,10.3194,588514,139315,TG isis_1,,0,20,0,{10.4},"{""sample pretreatment = [ sieved over 2 mm sieve ] size = [ 0.002 - 0.05 mm ]""}",10.4,AF-AfSP,Togo,Circa 100 m,Western Africa,Africa,1997-9-1,"Attribution-NonCommercial 3.0 International (CC BY-NC 3.0), https://creativecommons.org/licenses/by-nc/3.0/"
0.413889,10.3194,588514,139316,TG isis_1,,20,37,0,{9.6},"{""sample pretreatment = [ sieved over 2 mm sieve ] size = [ 0.002 - 0.05 mm ]""}",9.6,AF-AfSP,Togo,Circa 100 m,Western Africa,Africa,1997-9-1,"Attribution-NonCommercial 3.0 International (CC BY-NC 3.0), https://creativecommons.org/licenses/by-nc/3.0/"
0.413889,10.3194,588514,139317,TG isis_1,,37,75,0,{10.3},"{""sample pretreatment = [ sieved over 2 mm sieve ] size = [ 0.002 - 0.05 mm ]""}",10.3,AF-AfSP,Togo,Circa 100 m,Western Africa,Africa,1997-9-1,"Attribution-NonCommercial 3.0 International (CC BY-NC 3.0), https://creativecommons.org/licenses/by-nc/3.0/"
0.413889,10.3194,588514,139318,TG isis_1,,75,95,0,{12.0},"{""sample pretreatment = [ sieved over 2 mm sieve ] size = [ 0.002 - 0.05 mm ]""}",12,AF-AfSP,Togo,Circa 100 m,Western Africa,Africa,1997-9-1,"Attribution-NonCommercial 3.0 International (CC BY-NC 3.0), https://creativecommons.org/licenses/by-nc/3.0/"
0.413889,10.3194,588514,139319,TG isis_1,,95,119,0,{13.4},"{""sample pretreatment = [ sieved over 2 mm sieve ] size = [ 0.002 - 0.05 mm ]""}",13.4,AF-AfSP,Togo,Circa 100 m,Western Africa,Africa,1997-9-1,"Attribution-NonCommercial 3.0 International (CC BY-NC 3.0), https://creativecommons.org/licenses/by-nc/3.0/"
1.1,9.766667,588515,139320,TG W3_0001,A,0,8,0,{10.0},"{""instrument = [ pipette ] sample pretreatment = [ sieved over 2 mm sieve ] size = [ 0.002 - 0.05 mm ]""}",10,AF-AfSP,Togo,1 km - 10 km,Western Africa,Africa,1985-??-??,"Attribution-NonCommercial 3.0 International (CC BY-NC 3.0), https://creativecommons.org/licenses/by-nc/3.0/"
1.1,9.766667,588515,139321,TG W3_0001,B21,8,50,0,{10.0},"{""instrument = [ pipette ] sample pretreatment = [ sieved over 2 mm sieve ] size = [ 0.002 - 0.05 mm ]""}",10,AF-AfSP,Togo,1 km - 10 km,Western Africa,Africa,1985-??-??,"Attribution-NonCommercial 3.0 International (CC BY-NC 3.0), https://creativecommons.org/licenses/by-nc/3.0/"
1.1,9.766667,588515,139322,TG W3_0001,B22,50,80,0,{15.0},"{""instrument = [ pipette ] sample pretreatment = [ sieved over 2 mm sieve ] size = [ 0.002 - 0.05 mm ]""}",15,AF-AfSP,Togo,1 km - 10 km,Western Africa,Africa,1985-??-??,"Attribution-NonCommercial 3.0 International (CC BY-NC 3.0), https://creativecommons.org/licenses/by-nc/3.0/"
1.1,9.766667,588515,139323,TG W3_0001,C1,80,150,0,{20.0},"{""instrument = [ pipette ] sample pretreatment = [ sieved over 2 mm sieve ] size = [ 0.002 - 0.05 mm ]""}",20,AF-AfSP,Togo,1 km - 10 km,Western Africa,Africa,1985-??-??,"Attribution-NonCommercial 3.0 International (CC BY-NC 3.0), https://creativecommons.org/licenses/by-nc/3.0/"
1.1,9.766667,588515,139324,TG W3_0001,C2,150,200,0,{35.0},"{""instrument = [ pipette ] sample pretreatment = [ sieved over 2 mm sieve ] size = [ 0.002 - 0.05 mm ]""}",35,AF-AfSP,Togo,1 km - 10 km,Western Africa,Africa,1985-??-??,"Attribution-NonCommercial 3.0 International (CC BY-NC 3.0), https://creativecommons.org/licenses/by-nc/3.0/"
1.166667,9.5,588516,139325,TG W3_0003,A1,0,10,0,{10.0},"{""instrument = [ pipette ] sample pretreatment = [ sieved over 2 mm sieve ] size = [ 0.002 - 0.05 mm ]""}",10,AF-AfSP,Togo,1 km - 10 km,Western Africa,Africa,1985-??-??,"Attribution-NonCommercial 3.0 International (CC BY-NC 3.0), https://creativecommons.org/licenses/by-nc/3.0/"
1.166667,9.5,588516,139326,TG W3_0003,A3,10,40,0,{15.0},"{""instrument = [ pipette ] sample pretreatment = [ sieved over 2 mm sieve ] size = [ 0.002 - 0.05 mm ]""}",15,AF-AfSP,Togo,1 km - 10 km,Western Africa,Africa,1985-??-??,"Attribution-NonCommercial 3.0 International (CC BY-NC 3.0), https://creativecommons.org/licenses/by-nc/3.0/"
1.166667,9.5,588516,139327,TG W3_0003,C1,40,110,0,{15.0},"{""instrument = [ pipette ] sample pretreatment = [ sieved over 2 mm sieve ] size = [ 0.002 - 0.05 mm ]""}",15,AF-AfSP,Togo,1 km - 10 km,Western Africa,Africa,1985-??-??,"Attribution-NonCommercial 3.0 International (CC BY-NC 3.0), https://creativecommons.org/licenses/by-nc/3.0/"
1.166667,9.5,588516,139328,TG W3_0003,C2,110,200,0,{20.0},"{""instrument = [ pipette ] sample pretreatment = [ sieved over 2 mm sieve ] size = [ 0.002 - 0.05 mm ]""}",20,AF-AfSP,Togo,1 km - 10 km,Western Africa,Africa,1985-??-??,"Attribution-NonCommercial 3.0 International (CC BY-NC 3.0), https://creativecommons.org/licenses/by-nc/3.0/"
1.183333,9.55,588517,139329,TG W3_0004,A,0,15,0,{10.0},"{""instrument = [ pipette ] sample pretreatment = [ sieved over 2 mm sieve ] size = [ 0.002 - 0.05 mm ]""}",10,AF-AfSP,Togo,1 km - 10 km,Western Africa,Africa,1985-??-??,"Attribution-NonCommercial 3.0 International (CC BY-NC 3.0), https://creativecommons.org/licenses/by-nc/3.0/"
1.183333,9.55,588517,139330,TG W3_0004,B21,15,40,0,{10.0},"{""instrument = [ pipette ] sample pretreatment = [ sieved over 2 mm sieve ] size = [ 0.002 - 0.05 mm ]""}",10,AF-AfSP,Togo,1 km - 10 km,Western Africa,Africa,1985-??-??,"Attribution-NonCommercial 3.0 International (CC BY-NC 3.0), https://creativecommons.org/licenses/by-nc/3.0/"
1.183333,9.55,588517,139331,TG W3_0004,B22,40,85,0,{20.0},"{""instrument = [ pipette ] sample pretreatment = [ sieved over 2 mm sieve ] size = [ 0.002 - 0.05 mm ]""}",20,AF-AfSP,Togo,1 km - 10 km,Western Africa,Africa,1985-??-??,"Attribution-NonCommercial 3.0 International (CC BY-NC 3.0), https://creativecommons.org/licenses/by-nc/3.0/"
1.183333,9.55,588517,139332,TG W3_0004,C,85,175,0,{25.0},"{""instrument = [ pipette ] sample pretreatment = [ sieved over 2 mm sieve ] size = [ 0.002 - 0.05 mm ]""}",25,AF-AfSP,Togo,1 km - 10 km,Western Africa,Africa,1985-??-??,"Attribution-NonCommercial 3.0 International (CC BY-NC 3.0), https://creativecommons.org/licenses/by-nc/3.0/"
1.183333,9.55,588518,139333,TG W3_0007,A1,0,10,0,{20.0},"{""instrument = [ pipette ] sample pretreatment = [ sieved over 2 mm sieve ] size = [ 0.002 - 0.05 mm ]""}",20,AF-AfSP,Togo,1 km - 10 km,Western Africa,Africa,1985-??-??,"Attribution-NonCommercial 3.0 International (CC BY-NC 3.0), https://creativecommons.org/licenses/by-nc/3.0/"
1.183333,9.55,588518,139334,TG W3_0007,A3,10,35,0,{25.0},"{""instrument = [ pipette ] sample pretreatment = [ sieved over 2 mm sieve ] size = [ 0.002 - 0.05 mm ]""}",25,AF-AfSP,Togo,1 km - 10 km,Western Africa,Africa,1985-??-??,"Attribution-NonCommercial 3.0 International (CC BY-NC 3.0), https://creativecommons.org/licenses/by-nc/3.0/"
1.183333,9.55,588518,139335,TG W3_0007,(B)21,35,70,0,{25.0},"{""instrument = [ pipette ] sample pretreatment = [ sieved over 2 mm sieve ] size = [ 0.002 - 0.05 mm ]""}",25,AF-AfSP,Togo,1 km - 10 km,Western Africa,Africa,1985-??-??,"Attribution-NonCommercial 3.0 International (CC BY-NC 3.0), https://creativecommons.org/licenses/by-nc/3.0/"
1.183333,9.55,588518,139336,TG W3_0007,(B)22ca,70,130,0,{25.0},"{""instrument = [ pipette ] sample pretreatment = [ sieved over 2 mm sieve ] size = [ 0.002 - 0.05 mm ]""}",25,AF-AfSP,Togo,1 km - 10 km,Western Africa,Africa,1985-??-??,"Attribution-NonCommercial 3.0 International (CC BY-NC 3.0), https://creativecommons.org/licenses/by-nc/3.0/"
1.183333,9.55,588518,139337,TG W3_0007,C,130,180,0,{30.0},"{""instrument = [ pipette ] sample pretreatment = [ sieved over 2 mm sieve ] size = [ 0.002 - 0.05 mm ]""}",30,AF-AfSP,Togo,1 km - 10 km,Western Africa,Africa,1985-??-??,"Attribution-NonCommercial 3.0 International (CC BY-NC 3.0), https://creativecommons.org/licenses/by-nc/3.0/"
1.233333,9.616667,588519,139338,TG W3_0005,A1,0,15,0,{15.0},"{""instrument = [ pipette ] sample pretreatment = [ sieved over 2 mm sieve ] size = [ 0.002 - 0.05 mm ]""}",15,AF-AfSP,Togo,1 km - 10 km,Western Africa,Africa,1985-??-??,"Attribution-NonCommercial 3.0 International (CC BY-NC 3.0), https://creativecommons.org/licenses/by-nc/3.0/"
1.233333,9.616667,588519,139339,TG W3_0005,AC,15,50,0,{15.0},"{""instrument = [ pipette ] sample pretreatment = [ sieved over 2 mm sieve ] size = [ 0.002 - 0.05 mm ]""}",15,AF-AfSP,Togo,1 km - 10 km,Western Africa,Africa,1985-??-??,"Attribution-NonCommercial 3.0 International (CC BY-NC 3.0), https://creativecommons.org/licenses/by-nc/3.0/"
1.233333,9.616667,588519,139340,TG W3_0005,,50,100,0,{20.0},"{""instrument = [ pipette ] sample pretreatment = [ sieved over 2 mm sieve ] size = [ 0.002 - 0.05 mm ]""}",20,AF-AfSP,Togo,1 km - 10 km,Western Africa,Africa,1985-??-??,"Attribution-NonCommercial 3.0 International (CC BY-NC 3.0), https://creativecommons.org/licenses/by-nc/3.0/"
1.233333,9.616667,588520,139341,TG W3_0006,A1,0,12,0,{5.0},"{""instrument = [ pipette ] sample pretreatment = [ sieved over 2 mm sieve ] size = [ 0.002 - 0.05 mm ]""}",5,AF-AfSP,Togo,1 km - 10 km,Western Africa,Africa,1985-??-??,"Attribution-NonCommercial 3.0 International (CC BY-NC 3.0), https://creativecommons.org/licenses/by-nc/3.0/"
1.233333,9.616667,588520,139342,TG W3_0006,AC,12,40,0,{10.0},"{""instrument = [ pipette ] sample pretreatment = [ sieved over 2 mm sieve ] size = [ 0.002 - 0.05 mm ]""}",10,AF-AfSP,Togo,1 km - 10 km,Western Africa,Africa,1985-??-??,"Attribution-NonCommercial 3.0 International (CC BY-NC 3.0), https://creativecommons.org/licenses/by-nc/3.0/"
1.233333,9.616667,588520,139343,TG W3_0006,,40,100,0,{15.0},"{""instrument = [ pipette ] sample pretreatment = [ sieved over 2 mm sieve ] size = [ 0.002 - 0.05 mm ]""}",15,AF-AfSP,Togo,1 km - 10 km,Western Africa,Africa,1985-??-??,"Attribution-NonCommercial 3.0 International (CC BY-NC 3.0), https://creativecommons.org/licenses/by-nc/3.0/"
1.316667,9.9,588521,139344,TG W3_0002,A1,0,15,0,{10.0},"{""instrument = [ pipette ] sample pretreatment = [ sieved over 2 mm sieve ] size = [ 0.002 - 0.05 mm ]""}",10,AF-AfSP,Togo,1 km - 10 km,Western Africa,Africa,1985-??-??,"Attribution-NonCommercial 3.0 International (CC BY-NC 3.0), https://creativecommons.org/licenses/by-nc/3.0/"
1.316667,9.9,588521,139345,TG W3_0002,A3,15,40,0,{15.0},"{""instrument = [ pipette ] sample pretreatment = [ sieved over 2 mm sieve ] size = [ 0.002 - 0.05 mm ]""}",15,AF-AfSP,Togo,1 km - 10 km,Western Africa,Africa,1985-??-??,"Attribution-NonCommercial 3.0 International (CC BY-NC 3.0), https://creativecommons.org/licenses/by-nc/3.0/"
1.316667,9.9,588521,139346,TG W3_0002,(B)fe,40,105,0,{15.0},"{""instrument = [ pipette ] sample pretreatment = [ sieved over 2 mm sieve ] size = [ 0.002 - 0.05 mm ]""}",15,AF-AfSP,Togo,1 km - 10 km,Western Africa,Africa,1985-??-??,"Attribution-NonCommercial 3.0 International (CC BY-NC 3.0), https://creativecommons.org/licenses/by-nc/3.0/"
1.316667,9.9,588521,139347,TG W3_0002,C1,105,160,0,{15.0},"{""instrument = [ pipette ] sample pretreatment = [ sieved over 2 mm sieve ] size = [ 0.002 - 0.05 mm ]""}",15,AF-AfSP,Togo,1 km - 10 km,Western Africa,Africa,1985-??-??,"Attribution-NonCommercial 3.0 International (CC BY-NC 3.0), https://creativecommons.org/licenses/by-nc/3.0/"
1.316667,9.9,588521,139348,TG W3_0002,C2D,160,200,0,{20.0},"{""instrument = [ pipette ] sample pretreatment = [ sieved over 2 mm sieve ] size = [ 0.002 - 0.05 mm ]""}",20,AF-AfSP,Togo,1 km - 10 km,Western Africa,Africa,1985-??-??,"Attribution-NonCommercial 3.0 International (CC BY-NC 3.0), https://creativecommons.org/licenses/by-nc/3.0/"
1.333333,9.75,588522,139349,TG W3_0008,A1,0,12,0,{20.0},"{""instrument = [ pipette ] sample pretreatment = [ sieved over 2 mm sieve ] size = [ 0.002 - 0.05 mm ]""}",20,AF-AfSP,Togo,1 km - 10 km,Western Africa,Africa,1985-??-??,"Attribution-NonCommercial 3.0 International (CC BY-NC 3.0), https://creativecommons.org/licenses/by-nc/3.0/"
1.333333,9.75,588522,139350,TG W3_0008,A3,12,35,0,{25.0},"{""instrument = [ pipette ] sample pretreatment = [ sieved over 2 mm sieve ] size = [ 0.002 - 0.05 mm ]""}",25,AF-AfSP,Togo,1 km - 10 km,Western Africa,Africa,1985-??-??,"Attribution-NonCommercial 3.0 International (CC BY-NC 3.0), https://creativecommons.org/licenses/by-nc/3.0/"
1.333333,9.75,588522,139351,TG W3_0008,(B),35,90,0,{30.0},"{""instrument = [ pipette ] sample pretreatment = [ sieved over 2 mm sieve ] size = [ 0.002 - 0.05 mm ]""}",30,AF-AfSP,Togo,1 km - 10 km,Western Africa,Africa,1985-??-??,"Attribution-NonCommercial 3.0 International (CC BY-NC 3.0), https://creativecommons.org/licenses/by-nc/3.0/"
1.333333,9.75,588522,139352,TG W3_0008,C,90,140,0,{30.0},"{""instrument = [ pipette ] sample pretreatment = [ sieved over 2 mm sieve ] size = [ 0.002 - 0.05 mm ]""}",30,AF-AfSP,Togo,1 km - 10 km,Western Africa,Africa,1985-??-??,"Attribution-NonCommercial 3.0 International (CC BY-NC 3.0), https://creativecommons.org/licenses/by-nc/3.0/"
0.311389,11.970833,1115155,1,BF001,Ap,0,21,0,{15.1},"{""sample pretreatment = [ sieved over 2 mm sieve ] size = [ 0.002 - 0.05 mm ]""}",15.1,WD-ISIS,Burkina Faso,Circa 100 m,Western Africa,Africa,1997-9-1,"Attribution 4.0 International (CC BY 4.0), https://creativecommons.org/licenses/by/4.0/"
0.311389,11.970833,1115155,2,BF001,E1,21,35,0,{17.7},"{""sample pretreatment = [ sieved over 2 mm sieve ] size = [ 0.002 - 0.05 mm ]""}",17.7,WD-ISIS,Burkina Faso,Circa 100 m,Western Africa,Africa,1997-9-1,"Attribution 4.0 International (CC BY 4.0), https://creativecommons.org/licenses/by/4.0/"
0.311389,11.970833,1115155,3,BF001,E2,35,56,0,{17.0},"{""sample pretreatment = [ sieved over 2 mm sieve ] size = [ 0.002 - 0.05 mm ]""}",17,WD-ISIS,Burkina Faso,Circa 100 m,Western Africa,Africa,1997-9-1,"Attribution 4.0 International (CC BY 4.0), https://creativecommons.org/licenses/by/4.0/"
0.311389,11.970833,1115155,4,BF001,EB,56,88,0,{16.3},"{""sample pretreatment = [ sieved over 2 mm sieve ] size = [ 0.002 - 0.05 mm ]""}",16.3,WD-ISIS,Burkina Faso,Circa 100 m,Western Africa,Africa,1997-9-1,"Attribution 4.0 International (CC BY 4.0), https://creativecommons.org/licenses/by/4.0/"
0.311389,11.970833,1115155,5,BF001,Bv,88,120,0,{19.1},"{""sample pretreatment = [ sieved over 2 mm sieve ] size = [ 0.002 - 0.05 mm ]""}",19.1,WD-ISIS,Burkina Faso,Circa 100 m,Western Africa,Africa,1997-9-1,"Attribution 4.0 International (CC BY 4.0), https://creativecommons.org/licenses/by/4.0/"
0.238444000482559,5.94058322906494,1115185,210,GH002,Ah1,0,10,0,{9.5},"{""sample pretreatment = [ sieved over 2 mm sieve ] size = [ 0.002 - 0.05 mm ]""}",9.5,WD-ISIS,Ghana,Circa 100 m,Western Africa,Africa,1973-12-1,"Attribution 4.0 International (CC BY 4.0), https://creativecommons.org/licenses/by/4.0/"
0.238444000482559,5.94058322906494,1115185,211,GH002,Ah2,10,24,0,{8.1},"{""sample pretreatment = [ sieved over 2 mm sieve ] size = [ 0.002 - 0.05 mm ]""}",8.1,WD-ISIS,Ghana,Circa 100 m,Western Africa,Africa,1973-12-1,"Attribution 4.0 International (CC BY 4.0), https://creativecommons.org/licenses/by/4.0/"
0.238444000482559,5.94058322906494,1115185,212,GH002,E,24,44,0,{4.2},"{""sample pretreatment = [ sieved over 2 mm sieve ] size = [ 0.002 - 0.05 mm ]""}",4.2,WD-ISIS,Ghana,Circa 100 m,Western Africa,Africa,1973-12-1,"Attribution 4.0 International (CC BY 4.0), https://creativecommons.org/licenses/by/4.0/"
0.238444000482559,5.94058322906494,1115185,213,GH002,EB,44,67,0,{3.4},"{""sample pretreatment = [ sieved over 2 mm sieve ] size = [ 0.002 - 0.05 mm ]""}",3.4,WD-ISIS,Ghana,Circa 100 m,Western Africa,Africa,1973-12-1,"Attribution 4.0 International (CC BY 4.0), https://creativecommons.org/licenses/by/4.0/"
0.238444000482559,5.94058322906494,1115185,214,GH002,Bg1,67,80,0,{5.4},"{""sample pretreatment = [ sieved over 2 mm sieve ] size = [ 0.002 - 0.05 mm ]""}",5.4,WD-ISIS,Ghana,Circa 100 m,Western Africa,Africa,1973-12-1,"Attribution 4.0 International (CC BY 4.0), https://creativecommons.org/licenses/by/4.0/"
0.238444000482559,5.94058322906494,1115185,215,GH002,Bg2,80,96,0,{10.5},"{""sample pretreatment = [ sieved over 2 mm sieve ] size = [ 0.002 - 0.05 mm ]""}",10.5,WD-ISIS,Ghana,Circa 100 m,Western Africa,Africa,1973-12-1,"Attribution 4.0 International (CC BY 4.0), https://creativecommons.org/licenses/by/4.0/"
0.238444000482559,5.94058322906494,1115185,216,GH002,Bg3,96,115,0,{23.7},"{""sample pretreatment = [ sieved over 2 mm sieve ] size = [ 0.002 - 0.05 mm ]""}",23.7,WD-ISIS,Ghana,Circa 100 m,Western Africa,Africa,1973-12-1,"Attribution 4.0 International (CC BY 4.0), https://creativecommons.org/licenses/by/4.0/"
0.238444000482559,5.94058322906494,1115185,217,GH002,Bg4,115,145,0,{20.1},"{""sample pretreatment = [ sieved over 2 mm sieve ] size = [ 0.002 - 0.05 mm ]""}",20.1,WD-ISIS,Ghana,Circa 100 m,Western Africa,Africa,1973-12-1,"Attribution 4.0 International (CC BY 4.0), https://creativecommons.org/licenses/by/4.0/"
0.413889,10.3194,1115319,1120,TG001,,0,20,0,{10.4},"{""sample pretreatment = [ sieved over 2 mm sieve ] size = [ 0.002 - 0.05 mm ]""}",10.4,WD-ISIS,Togo,Circa 100 m,Western Africa,Africa,1997-9-1,"Attribution 4.0 International (CC BY 4.0), https://creativecommons.org/licenses/by/4.0/"
0.413889,10.3194,1115319,1121,TG001,,20,37,0,{9.6},"{""sample pretreatment = [ sieved over 2 mm sieve ] size = [ 0.002 - 0.05 mm ]""}",9.6,WD-ISIS,Togo,Circa 100 m,Western Africa,Africa,1997-9-1,"Attribution 4.0 International (CC BY 4.0), https://creativecommons.org/licenses/by/4.0/"
0.413889,10.3194,1115319,1122,TG001,,37,75,0,{10.3},"{""sample pretreatment = [ sieved over 2 mm sieve ] size = [ 0.002 - 0.05 mm ]""}",10.3,WD-ISIS,Togo,Circa 100 m,Western Africa,Africa,1997-9-1,"Attribution 4.0 International (CC BY 4.0), https://creativecommons.org/licenses/by/4.0/"
0.413889,10.3194,1115319,1123,TG001,,75,95,0,{12.0},"{""sample pretreatment = [ sieved over 2 mm sieve ] size = [ 0.002 - 0.05 mm ]""}",12,WD-ISIS,Togo,Circa 100 m,Western Africa,Africa,1997-9-1,"Attribution 4.0 International (CC BY 4.0), https://creativecommons.org/licenses/by/4.0/"
0.413889,10.3194,1115319,1124,TG001,,95,119,0,{13.3},"{""sample pretreatment = [ sieved over 2 mm sieve ] size = [ 0.002 - 0.05 mm ]""}",13.3,WD-ISIS,Togo,Circa 100 m,Western Africa,Africa,1997-9-1,"Attribution 4.0 International (CC BY 4.0), https://creativecommons.org/licenses/by/4.0/"
0.311389,11.970833,1117776,5567,BF0001,Ap,0,21,0,{15.0},"{""instrument = [ pipette ] sample pretreatment = [ sieved over 2 mm sieve ] size = [ 0.002 - 0.05 mm ]""}",15,WD-WISE,Burkina Faso,Circa 100 m,Western Africa,Africa,1997-9-1,"Attribution 3.0 International (CC BY 3.0), https://creativecommons.org/licenses/by/3.0/"
0.311389,11.970833,1117776,5568,BF0001,E1,21,35,0,{18.0},"{""instrument = [ pipette ] sample pretreatment = [ sieved over 2 mm sieve ] size = [ 0.002 - 0.05 mm ]""}",18,WD-WISE,Burkina Faso,Circa 100 m,Western Africa,Africa,1997-9-1,"Attribution 3.0 International (CC BY 3.0), https://creativecommons.org/licenses/by/3.0/"
0.311389,11.970833,1117776,5569,BF0001,E2,35,56,0,{17.0},"{""instrument = [ pipette ] sample pretreatment = [ sieved over 2 mm sieve ] size = [ 0.002 - 0.05 mm ]""}",17,WD-WISE,Burkina Faso,Circa 100 m,Western Africa,Africa,1997-9-1,"Attribution 3.0 International (CC BY 3.0), https://creativecommons.org/licenses/by/3.0/"
0.311389,11.970833,1117776,5570,BF0001,EB,56,88,0,{16.0},"{""instrument = [ pipette ] sample pretreatment = [ sieved over 2 mm sieve ] size = [ 0.002 - 0.05 mm ]""}",16,WD-WISE,Burkina Faso,Circa 100 m,Western Africa,Africa,1997-9-1,"Attribution 3.0 International (CC BY 3.0), https://creativecommons.org/licenses/by/3.0/"
0.311389,11.970833,1117776,5571,BF0001,Bv,88,120,0,{19.0},"{""instrument = [ pipette ] sample pretreatment = [ sieved over 2 mm sieve ] size = [ 0.002 - 0.05 mm ]""}",19,WD-WISE,Burkina Faso,Circa 100 m,Western Africa,Africa,1997-9-1,"Attribution 3.0 International (CC BY 3.0), https://creativecommons.org/licenses/by/3.0/"
1.15,10.833333,1117807,5728,BJ0859,A11,0,15,0,{37.0},"{""instrument = [ pipette ] sample pretreatment = [ sieved over 2 mm sieve ] size = [ 0.002 - 0.05 mm ]""}",37,WD-WISE,Benin,1 km - 10 km,Western Africa,Africa,1977-??-??,"Attribution 3.0 International (CC BY 3.0), https://creativecommons.org/licenses/by/3.0/"
1.15,10.833333,1117807,5729,BJ0859,A12,15,57,0,{35.0},"{""instrument = [ pipette ] sample pretreatment = [ sieved over 2 mm sieve ] size = [ 0.002 - 0.05 mm ]""}",35,WD-WISE,Benin,1 km - 10 km,Western Africa,Africa,1977-??-??,"Attribution 3.0 International (CC BY 3.0), https://creativecommons.org/licenses/by/3.0/"
1.15,10.833333,1117807,5730,BJ0859,B21,57,90,0,{23.0},"{""instrument = [ pipette ] sample pretreatment = [ sieved over 2 mm sieve ] size = [ 0.002 - 0.05 mm ]""}",23,WD-WISE,Benin,1 km - 10 km,Western Africa,Africa,1977-??-??,"Attribution 3.0 International (CC BY 3.0), https://creativecommons.org/licenses/by/3.0/"
1.15,10.833333,1117807,5731,BJ0859,B22,90,180,0,{24.0},"{""instrument = [ pipette ] sample pretreatment = [ sieved over 2 mm sieve ] size = [ 0.002 - 0.05 mm ]""}",24,WD-WISE,Benin,1 km - 10 km,Western Africa,Africa,1977-??-??,"Attribution 3.0 International (CC BY 3.0), https://creativecommons.org/licenses/by/3.0/"
1.15,10.833333,1117807,5732,BJ0859,C,180,200,0,{18.0},"{""instrument = [ pipette ] sample pretreatment = [ sieved over 2 mm sieve ] size = [ 0.002 - 0.05 mm ]""}",18,WD-WISE,Benin,1 km - 10 km,Western Africa,Africa,1977-??-??,"Attribution 3.0 International (CC BY 3.0), https://creativecommons.org/licenses/by/3.0/"
1.366667,10.3,1117808,5733,BJ0853,A1,0,7,0,{13.0},"{""instrument = [ pipette ] sample pretreatment = [ sieved over 2 mm sieve ] size = [ 0.002 - 0.05 mm ]""}",13,WD-WISE,Benin,1 km - 10 km,Western Africa,Africa,1977-??-??,"Attribution 3.0 International (CC BY 3.0), https://creativecommons.org/licenses/by/3.0/"
1.366667,10.3,1117808,5734,BJ0853,B1,7,25,0,{13.0},"{""instrument = [ pipette ] sample pretreatment = [ sieved over 2 mm sieve ] size = [ 0.002 - 0.05 mm ]""}",13,WD-WISE,Benin,1 km - 10 km,Western Africa,Africa,1977-??-??,"Attribution 3.0 International (CC BY 3.0), https://creativecommons.org/licenses/by/3.0/"
1.366667,10.3,1117808,5735,BJ0853,B21,25,50,0,{16.0},"{""instrument = [ pipette ] sample pretreatment = [ sieved over 2 mm sieve ] size = [ 0.002 - 0.05 mm ]""}",16,WD-WISE,Benin,1 km - 10 km,Western Africa,Africa,1977-??-??,"Attribution 3.0 International (CC BY 3.0), https://creativecommons.org/licenses/by/3.0/"
1.366667,10.3,1117808,5736,BJ0853,B22fe,50,140,0,{16.0},"{""instrument = [ pipette ] sample pretreatment = [ sieved over 2 mm sieve ] size = [ 0.002 - 0.05 mm ]""}",16,WD-WISE,Benin,1 km - 10 km,Western Africa,Africa,1977-??-??,"Attribution 3.0 International (CC BY 3.0), https://creativecommons.org/licenses/by/3.0/"
1.366667,10.3,1117808,5737,BJ0853,,140,200,0,{16.0},"{""instrument = [ pipette ] sample pretreatment = [ sieved over 2 mm sieve ] size = [ 0.002 - 0.05 mm ]""}",16,WD-WISE,Benin,1 km - 10 km,Western Africa,Africa,1977-??-??,"Attribution 3.0 International (CC BY 3.0), https://creativecommons.org/licenses/by/3.0/"
1.366667,10.3,1117809,5738,BJ0860,A11,0,8,0,{9.0},"{""instrument = [ pipette ] sample pretreatment = [ sieved over 2 mm sieve ] size = [ 0.002 - 0.05 mm ]""}",9,WD-WISE,Benin,1 km - 10 km,Western Africa,Africa,1977-??-??,"Attribution 3.0 International (CC BY 3.0), https://creativecommons.org/licenses/by/3.0/"
1.366667,10.3,1117809,5739,BJ0860,A12,8,28,0,{6.0},"{""instrument = [ pipette ] sample pretreatment = [ sieved over 2 mm sieve ] size = [ 0.002 - 0.05 mm ]""}",6,WD-WISE,Benin,1 km - 10 km,Western Africa,Africa,1977-??-??,"Attribution 3.0 International (CC BY 3.0), https://creativecommons.org/licenses/by/3.0/"
1.366667,10.3,1117809,5740,BJ0860,C1,28,135,0,{6.0},"{""instrument = [ pipette ] sample pretreatment = [ sieved over 2 mm sieve ] size = [ 0.002 - 0.05 mm ]""}",6,WD-WISE,Benin,1 km - 10 km,Western Africa,Africa,1977-??-??,"Attribution 3.0 International (CC BY 3.0), https://creativecommons.org/licenses/by/3.0/"
1.366667,10.3,1117809,5741,BJ0860,C2,135,180,0,{6.0},"{""instrument = [ pipette ] sample pretreatment = [ sieved over 2 mm sieve ] size = [ 0.002 - 0.05 mm ]""}",6,WD-WISE,Benin,1 km - 10 km,Western Africa,Africa,1977-??-??,"Attribution 3.0 International (CC BY 3.0), https://creativecommons.org/licenses/by/3.0/"
0.2,6.066667,1119722,14249,GH0226,A11,0,8,0,{19.0},"{""sample pretreatment = [ sieved over 2 mm sieve ] size = [ 0.002 - 0.06 mm ]""}",19,WD-WISE,Ghana,1 km - 10 km,Western Africa,Africa,1971-??-??,"Attribution 3.0 International (CC BY 3.0), https://creativecommons.org/licenses/by/3.0/"
0.2,6.066667,1119722,14250,GH0226,A12,8,27,0,{23.0},"{""sample pretreatment = [ sieved over 2 mm sieve ] size = [ 0.002 - 0.06 mm ]""}",23,WD-WISE,Ghana,1 km - 10 km,Western Africa,Africa,1971-??-??,"Attribution 3.0 International (CC BY 3.0), https://creativecommons.org/licenses/by/3.0/"
0.2,6.066667,1119722,14251,GH0226,A13,27,48,0,{22.0},"{""sample pretreatment = [ sieved over 2 mm sieve ] size = [ 0.002 - 0.06 mm ]""}",22,WD-WISE,Ghana,1 km - 10 km,Western Africa,Africa,1971-??-??,"Attribution 3.0 International (CC BY 3.0), https://creativecommons.org/licenses/by/3.0/"
0.2,6.066667,1119722,14252,GH0226,A14,48,83,0,{19.0},"{""sample pretreatment = [ sieved over 2 mm sieve ] size = [ 0.002 - 0.06 mm ]""}",19,WD-WISE,Ghana,1 km - 10 km,Western Africa,Africa,1971-??-??,"Attribution 3.0 International (CC BY 3.0), https://creativecommons.org/licenses/by/3.0/"
0.2,6.066667,1119722,14253,GH0226,A15,83,114,0,{25.0},"{""sample pretreatment = [ sieved over 2 mm sieve ] size = [ 0.002 - 0.06 mm ]""}",25,WD-WISE,Ghana,1 km - 10 km,Western Africa,Africa,1971-??-??,"Attribution 3.0 International (CC BY 3.0), https://creativecommons.org/licenses/by/3.0/"
0.2,6.066667,1119722,14254,GH0226,AC,114,140,0,{21.0},"{""sample pretreatment = [ sieved over 2 mm sieve ] size = [ 0.002 - 0.06 mm ]""}",21,WD-WISE,Ghana,1 km - 10 km,Western Africa,Africa,1971-??-??,"Attribution 3.0 International (CC BY 3.0), https://creativecommons.org/licenses/by/3.0/"
0.233333,6.066667,1119723,14255,GH0225,A11-3,0,27,0,{41.0},"{""sample pretreatment = [ sieved over 2 mm sieve ] size = [ 0.002 - 0.06 mm ]""}",41,WD-WISE,Ghana,1 km - 10 km,Western Africa,Africa,1971-??-??,"Attribution 3.0 International (CC BY 3.0), https://creativecommons.org/licenses/by/3.0/"
0.233333,6.066667,1119723,14256,GH0225,B21,27,37,0,{34.0},"{""sample pretreatment = [ sieved over 2 mm sieve ] size = [ 0.002 - 0.06 mm ]""}",34,WD-WISE,Ghana,1 km - 10 km,Western Africa,Africa,1971-??-??,"Attribution 3.0 International (CC BY 3.0), https://creativecommons.org/licenses/by/3.0/"
0.233333,6.066667,1119723,14257,GH0225,B22,37,56,0,{37.0},"{""sample pretreatment = [ sieved over 2 mm sieve ] size = [ 0.002 - 0.06 mm ]""}",37,WD-WISE,Ghana,1 km - 10 km,Western Africa,Africa,1971-??-??,"Attribution 3.0 International (CC BY 3.0), https://creativecommons.org/licenses/by/3.0/"
0.233333,6.066667,1119723,14258,GH0225,B23,56,85,0,{28.0},"{""sample pretreatment = [ sieved over 2 mm sieve ] size = [ 0.002 - 0.06 mm ]""}",28,WD-WISE,Ghana,1 km - 10 km,Western Africa,Africa,1971-??-??,"Attribution 3.0 International (CC BY 3.0), https://creativecommons.org/licenses/by/3.0/"
0.233333,6.066667,1119723,14259,GH0225,B24,85,119,0,{26.0},"{""sample pretreatment = [ sieved over 2 mm sieve ] size = [ 0.002 - 0.06 mm ]""}",26,WD-WISE,Ghana,1 km - 10 km,Western Africa,Africa,1971-??-??,"Attribution 3.0 International (CC BY 3.0), https://creativecommons.org/licenses/by/3.0/"
0.233333,6.066667,1119723,14260,GH0225,B25,119,175,0,{37.0},"{""sample pretreatment = [ sieved over 2 mm sieve ] size = [ 0.002 - 0.06 mm ]""}",37,WD-WISE,Ghana,1 km - 10 km,Western Africa,Africa,1971-??-??,"Attribution 3.0 International (CC BY 3.0), https://creativecommons.org/licenses/by/3.0/"
0.233333,6.083333,1119724,14261,GH0223,A1,0,23,0,{20.0},"{""sample pretreatment = [ sieved over 2 mm sieve ] size = [ 0.002 - 0.06 mm ]""}",20,WD-WISE,Ghana,1 km - 10 km,Western Africa,Africa,1971-??-??,"Attribution 3.0 International (CC BY 3.0), https://creativecommons.org/licenses/by/3.0/"
0.233333,6.083333,1119724,14262,GH0223,B21,23,39,0,{15.0},"{""sample pretreatment = [ sieved over 2 mm sieve ] size = [ 0.002 - 0.06 mm ]""}",15,WD-WISE,Ghana,1 km - 10 km,Western Africa,Africa,1971-??-??,"Attribution 3.0 International (CC BY 3.0), https://creativecommons.org/licenses/by/3.0/"
0.233333,6.083333,1119724,14263,GH0223,B22,39,76,0,{15.0},"{""sample pretreatment = [ sieved over 2 mm sieve ] size = [ 0.002 - 0.06 mm ]""}",15,WD-WISE,Ghana,1 km - 10 km,Western Africa,Africa,1971-??-??,"Attribution 3.0 International (CC BY 3.0), https://creativecommons.org/licenses/by/3.0/"
0.233333,6.083333,1119724,14264,GH0223,B23,76,111,0,{14.0},"{""sample pretreatment = [ sieved over 2 mm sieve ] size = [ 0.002 - 0.06 mm ]""}",14,WD-WISE,Ghana,1 km - 10 km,Western Africa,Africa,1971-??-??,"Attribution 3.0 International (CC BY 3.0), https://creativecommons.org/licenses/by/3.0/"
0.233333,6.083333,1119724,14265,GH0223,B24,111,170,0,{23.0},"{""sample pretreatment = [ sieved over 2 mm sieve ] size = [ 0.002 - 0.06 mm ]""}",23,WD-WISE,Ghana,1 km - 10 km,Western Africa,Africa,1971-??-??,"Attribution 3.0 International (CC BY 3.0), https://creativecommons.org/licenses/by/3.0/"
0.233333,6.083333,1119724,14266,GH0223,C1,170,206,0,{35.0},"{""sample pretreatment = [ sieved over 2 mm sieve ] size = [ 0.002 - 0.06 mm ]""}",35,WD-WISE,Ghana,1 km - 10 km,Western Africa,Africa,1971-??-??,"Attribution 3.0 International (CC BY 3.0), https://creativecommons.org/licenses/by/3.0/"
0.238444000482559,5.94058322906494,1119725,15630,GH0211,Ah1,0,10,0,{10.0},"{""instrument = [ pipette ] sample pretreatment = [ sieved over 2 mm sieve ] size = [ 0.002 - 0.05 mm ]""}",10,WD-WISE,Ghana,Circa 100 m,Western Africa,Africa,1973-12-1,"Attribution 3.0 International (CC BY 3.0), https://creativecommons.org/licenses/by/3.0/"
0.238444000482559,5.94058322906494,1119725,15631,GH0211,Ah2,10,24,0,{8.0},"{""instrument = [ pipette ] sample pretreatment = [ sieved over 2 mm sieve ] size = [ 0.002 - 0.05 mm ]""}",8,WD-WISE,Ghana,Circa 100 m,Western Africa,Africa,1973-12-1,"Attribution 3.0 International (CC BY 3.0), https://creativecommons.org/licenses/by/3.0/"
0.238444000482559,5.94058322906494,1119725,15632,GH0211,AC,24,44,0,{4.0},"{""instrument = [ pipette ] sample pretreatment = [ sieved over 2 mm sieve ] size = [ 0.002 - 0.05 mm ]""}",4,WD-WISE,Ghana,Circa 100 m,Western Africa,Africa,1973-12-1,"Attribution 3.0 International (CC BY 3.0), https://creativecommons.org/licenses/by/3.0/"
0.238444000482559,5.94058322906494,1119725,15633,GH0211,2AC,44,67,0,{3.0},"{""instrument = [ pipette ] sample pretreatment = [ sieved over 2 mm sieve ] size = [ 0.002 - 0.05 mm ]""}",3,WD-WISE,Ghana,Circa 100 m,Western Africa,Africa,1973-12-1,"Attribution 3.0 International (CC BY 3.0), https://creativecommons.org/licenses/by/3.0/"
0.238444000482559,5.94058322906494,1119725,15634,GH0211,2CA,67,80,0,{5.0},"{""instrument = [ pipette ] sample pretreatment = [ sieved over 2 mm sieve ] size = [ 0.002 - 0.05 mm ]""}",5,WD-WISE,Ghana,Circa 100 m,Western Africa,Africa,1973-12-1,"Attribution 3.0 International (CC BY 3.0), https://creativecommons.org/licenses/by/3.0/"
0.238444000482559,5.94058322906494,1119725,15635,GH0211,2C1,80,96,0,{11.0},"{""instrument = [ pipette ] sample pretreatment = [ sieved over 2 mm sieve ] size = [ 0.002 - 0.05 mm ]""}",11,WD-WISE,Ghana,Circa 100 m,Western Africa,Africa,1973-12-1,"Attribution 3.0 International (CC BY 3.0), https://creativecommons.org/licenses/by/3.0/"
0.238444000482559,5.94058322906494,1119725,15636,GH0211,2C2,96,115,0,{24.0},"{""instrument = [ pipette ] sample pretreatment = [ sieved over 2 mm sieve ] size = [ 0.002 - 0.05 mm ]""}",24,WD-WISE,Ghana,Circa 100 m,Western Africa,Africa,1973-12-1,"Attribution 3.0 International (CC BY 3.0), https://creativecommons.org/licenses/by/3.0/"
0.238444000482559,5.94058322906494,1119725,15637,GH0211,2C3,115,145,0,{20.0},"{""instrument = [ pipette ] sample pretreatment = [ sieved over 2 mm sieve ] size = [ 0.002 - 0.05 mm ]""}",20,WD-WISE,Ghana,Circa 100 m,Western Africa,Africa,1973-12-1,"Attribution 3.0 International (CC BY 3.0), https://creativecommons.org/licenses/by/3.0/"
1.036389,14.167222,1120279,18251,NE0284,Ahg,0,20,0,{50.0},"{""instrument = [ pipette ] sample pretreatment = [ sieved over 2 mm sieve ] size = [ 0.002 - 0.06 mm ]""}",50,WD-WISE,Niger,Circa 100 m,Western Africa,Africa,????-??-??,"Attribution 3.0 International (CC BY 3.0), https://creativecommons.org/licenses/by/3.0/"
1.036389,14.167222,1120279,18252,NE0284,Btg,20,68,0,{31.0},"{""instrument = [ pipette ] sample pretreatment = [ sieved over 2 mm sieve ] size = [ 0.002 - 0.06 mm ]""}",31,WD-WISE,Niger,Circa 100 m,Western Africa,Africa,????-??-??,"Attribution 3.0 International (CC BY 3.0), https://creativecommons.org/licenses/by/3.0/"
1.036389,14.167222,1120279,18253,NE0284,Bg,68,90,0,{22.0},"{""instrument = [ pipette ] sample pretreatment = [ sieved over 2 mm sieve ] size = [ 0.002 - 0.06 mm ]""}",22,WD-WISE,Niger,Circa 100 m,Western Africa,Africa,????-??-??,"Attribution 3.0 International (CC BY 3.0), https://creativecommons.org/licenses/by/3.0/"
1.0375,14.166944,1120280,18254,NE0339,,0,27,0,{15.0},"{""instrument = [ pipette ] sample pretreatment = [ sieved over 2 mm sieve ] size = [ 0.002 - 0.06 mm ]""}",15,WD-WISE,Niger,Circa 100 m,Western Africa,Africa,????-??-??,"Attribution 3.0 International (CC BY 3.0), https://creativecommons.org/licenses/by/3.0/"
1.0375,14.166944,1120280,18255,NE0339,2Ah,27,45,0,{23.0},"{""instrument = [ pipette ] sample pretreatment = [ sieved over 2 mm sieve ] size = [ 0.002 - 0.06 mm ]""}",23,WD-WISE,Niger,Circa 100 m,Western Africa,Africa,????-??-??,"Attribution 3.0 International (CC BY 3.0), https://creativecommons.org/licenses/by/3.0/"
1.0375,14.166944,1120280,18256,NE0339,2Btg,45,55,0,{31.0},"{""instrument = [ pipette ] sample pretreatment = [ sieved over 2 mm sieve ] size = [ 0.002 - 0.06 mm ]""}",31,WD-WISE,Niger,Circa 100 m,Western Africa,Africa,????-??-??,"Attribution 3.0 International (CC BY 3.0), https://creativecommons.org/licenses/by/3.0/"
1.037778,14.144444,1120281,18257,NE0262,Ah,0,14,0,{37.0},"{""instrument = [ pipette ] sample pretreatment = [ sieved over 2 mm sieve ] size = [ 0.002 - 0.06 mm ]""}",37,WD-WISE,Niger,Circa 100 m,Western Africa,Africa,????-??-??,"Attribution 3.0 International (CC BY 3.0), https://creativecommons.org/licenses/by/3.0/"
1.037778,14.144444,1120281,18258,NE0262,Bt,14,36,0,{26.0},"{""instrument = [ pipette ] sample pretreatment = [ sieved over 2 mm sieve ] size = [ 0.002 - 0.06 mm ]""}",26,WD-WISE,Niger,Circa 100 m,Western Africa,Africa,????-??-??,"Attribution 3.0 International (CC BY 3.0), https://creativecommons.org/licenses/by/3.0/"
1.040278,14.165556,1120282,18260,NE0368,,0,15,0,{9.0},"{""instrument = [ pipette ] sample pretreatment = [ sieved over 2 mm sieve ] size = [ 0.002 - 0.06 mm ]""}",9,WD-WISE,Niger,Circa 100 m,Western Africa,Africa,????-??-??,"Attribution 3.0 International (CC BY 3.0), https://creativecommons.org/licenses/by/3.0/"
1.040278,14.165556,1120282,18261,NE0368,Bw,15,41,0,{4.0},"{""instrument = [ pipette ] sample pretreatment = [ sieved over 2 mm sieve ] size = [ 0.002 - 0.06 mm ]""}",4,WD-WISE,Niger,Circa 100 m,Western Africa,Africa,????-??-??,"Attribution 3.0 International (CC BY 3.0), https://creativecommons.org/licenses/by/3.0/"
1.040278,14.165556,1120282,18262,NE0368,2Bt1,41,56,0,{24.0},"{""instrument = [ pipette ] sample pretreatment = [ sieved over 2 mm sieve ] size = [ 0.002 - 0.06 mm ]""}",24,WD-WISE,Niger,Circa 100 m,Western Africa,Africa,????-??-??,"Attribution 3.0 International (CC BY 3.0), https://creativecommons.org/licenses/by/3.0/"
1.040278,14.165556,1120282,18263,NE0368,2Bt2,56,72,0,{34.0},"{""instrument = [ pipette ] sample pretreatment = [ sieved over 2 mm sieve ] size = [ 0.002 - 0.06 mm ]""}",34,WD-WISE,Niger,Circa 100 m,Western Africa,Africa,????-??-??,"Attribution 3.0 International (CC BY 3.0), https://creativecommons.org/licenses/by/3.0/"
1.041389,14.1575,1120283,18264,NE0362,Ah,0,16,0,{19.0},"{""instrument = [ pipette ] sample pretreatment = [ sieved over 2 mm sieve ] size = [ 0.002 - 0.06 mm ]""}",19,WD-WISE,Niger,Circa 100 m,Western Africa,Africa,????-??-??,"Attribution 3.0 International (CC BY 3.0), https://creativecommons.org/licenses/by/3.0/"
1.041389,14.1575,1120283,18265,NE0362,Bt,16,28,0,{16.0},"{""instrument = [ pipette ] sample pretreatment = [ sieved over 2 mm sieve ] size = [ 0.002 - 0.06 mm ]""}",16,WD-WISE,Niger,Circa 100 m,Western Africa,Africa,????-??-??,"Attribution 3.0 International (CC BY 3.0), https://creativecommons.org/licenses/by/3.0/"
1.041389,14.1575,1120283,18266,NE0362,Btgs,28,44,0,{18.0},"{""instrument = [ pipette ] sample pretreatment = [ sieved over 2 mm sieve ] size = [ 0.002 - 0.06 mm ]""}",18,WD-WISE,Niger,Circa 100 m,Western Africa,Africa,????-??-??,"Attribution 3.0 International (CC BY 3.0), https://creativecommons.org/licenses/by/3.0/"
1.041389,14.1575,1120283,18267,NE0362,Btgw,44,65,0,{18.0},"{""instrument = [ pipette ] sample pretreatment = [ sieved over 2 mm sieve ] size = [ 0.002 - 0.06 mm ]""}",18,WD-WISE,Niger,Circa 100 m,Western Africa,Africa,????-??-??,"Attribution 3.0 International (CC BY 3.0), https://creativecommons.org/licenses/by/3.0/"
1.042778,14.114722,1120284,18268,NE0260,Bw,0,66,0,{28.0},"{""instrument = [ pipette ] sample pretreatment = [ sieved over 2 mm sieve ] size = [ 0.002 - 0.06 mm ]""}",28,WD-WISE,Niger,Circa 100 m,Western Africa,Africa,????-??-??,"Attribution 3.0 International (CC BY 3.0), https://creativecommons.org/licenses/by/3.0/"
1.042778,14.114722,1120284,18269,NE0260,,66,100,0,{35.0},"{""instrument = [ pipette ] sample pretreatment = [ sieved over 2 mm sieve ] size = [ 0.002 - 0.06 mm ]""}",35,WD-WISE,Niger,Circa 100 m,Western Africa,Africa,????-??-??,"Attribution 3.0 International (CC BY 3.0), https://creativecommons.org/licenses/by/3.0/"
1.133611,14.153056,1120285,18270,NE0351,Ah,0,13,0,{70.0},"{""instrument = [ pipette ] sample pretreatment = [ sieved over 2 mm sieve ] size = [ 0.002 - 0.06 mm ]""}",70,WD-WISE,Niger,Circa 100 m,Western Africa,Africa,????-??-??,"Attribution 3.0 International (CC BY 3.0), https://creativecommons.org/licenses/by/3.0/"
1.133611,14.153056,1120285,18271,NE0351,Bh,13,36,0,{30.0},"{""instrument = [ pipette ] sample pretreatment = [ sieved over 2 mm sieve ] size = [ 0.002 - 0.06 mm ]""}",30,WD-WISE,Niger,Circa 100 m,Western Africa,Africa,????-??-??,"Attribution 3.0 International (CC BY 3.0), https://creativecommons.org/licenses/by/3.0/"
1.133611,14.153056,1120285,18272,NE0351,Bt,36,65,0,{29.0},"{""instrument = [ pipette ] sample pretreatment = [ sieved over 2 mm sieve ] size = [ 0.002 - 0.06 mm ]""}",29,WD-WISE,Niger,Circa 100 m,Western Africa,Africa,????-??-??,"Attribution 3.0 International (CC BY 3.0), https://creativecommons.org/licenses/by/3.0/"
1.134722,13.787778,1120286,18273,NE0256,Ah,0,15,0,{23.0},"{""instrument = [ pipette ] sample pretreatment = [ sieved over 2 mm sieve ] size = [ 0.002 - 0.06 mm ]""}",23,WD-WISE,Niger,Circa 100 m,Western Africa,Africa,????-??-??,"Attribution 3.0 International (CC BY 3.0), https://creativecommons.org/licenses/by/3.0/"
1.134722,13.787778,1120286,18274,NE0256,Bw,15,28,0,{22.0},"{""instrument = [ pipette ] sample pretreatment = [ sieved over 2 mm sieve ] size = [ 0.002 - 0.06 mm ]""}",22,WD-WISE,Niger,Circa 100 m,Western Africa,Africa,????-??-??,"Attribution 3.0 International (CC BY 3.0), https://creativecommons.org/licenses/by/3.0/"
1.136111,14.131111,1120287,18276,NE0389,Ah,0,12,0,{32.0},"{""instrument = [ pipette ] sample pretreatment = [ sieved over 2 mm sieve ] size = [ 0.002 - 0.06 mm ]""}",32,WD-WISE,Niger,Circa 100 m,Western Africa,Africa,????-??-??,"Attribution 3.0 International (CC BY 3.0), https://creativecommons.org/licenses/by/3.0/"
1.136111,14.131111,1120287,18277,NE0389,Bt1,12,39,0,{29.0},"{""instrument = [ pipette ] sample pretreatment = [ sieved over 2 mm sieve ] size = [ 0.002 - 0.06 mm ]""}",29,WD-WISE,Niger,Circa 100 m,Western Africa,Africa,????-??-??,"Attribution 3.0 International (CC BY 3.0), https://creativecommons.org/licenses/by/3.0/"
1.136111,14.131111,1120287,18278,NE0389,Bt2,39,49,0,{30.0},"{""instrument = [ pipette ] sample pretreatment = [ sieved over 2 mm sieve ] size = [ 0.002 - 0.06 mm ]""}",30,WD-WISE,Niger,Circa 100 m,Western Africa,Africa,????-??-??,"Attribution 3.0 International (CC BY 3.0), https://creativecommons.org/licenses/by/3.0/"
1.137778,14.1575,1120288,18279,NE0285,Ah,0,15,0,{42.0},"{""instrument = [ pipette ] sample pretreatment = [ sieved over 2 mm sieve ] size = [ 0.002 - 0.06 mm ]""}",42,WD-WISE,Niger,Circa 100 m,Western Africa,Africa,????-??-??,"Attribution 3.0 International (CC BY 3.0), https://creativecommons.org/licenses/by/3.0/"
1.137778,14.1575,1120288,18280,NE0285,Bw,15,45,0,{42.0},"{""instrument = [ pipette ] sample pretreatment = [ sieved over 2 mm sieve ] size = [ 0.002 - 0.06 mm ]""}",42,WD-WISE,Niger,Circa 100 m,Western Africa,Africa,????-??-??,"Attribution 3.0 International (CC BY 3.0), https://creativecommons.org/licenses/by/3.0/"
1.137778,14.1575,1120288,18281,NE0285,Bg,45,71,0,{24.0},"{""instrument = [ pipette ] sample pretreatment = [ sieved over 2 mm sieve ] size = [ 0.002 - 0.06 mm ]""}",24,WD-WISE,Niger,Circa 100 m,Western Africa,Africa,????-??-??,"Attribution 3.0 International (CC BY 3.0), https://creativecommons.org/licenses/by/3.0/"
1.138611,14.121944,1120289,18282,NE0064,Ah,0,15,0,{45.0},"{""instrument = [ pipette ] sample pretreatment = [ sieved over 2 mm sieve ] size = [ 0.002 - 0.06 mm ]""}",45,WD-WISE,Niger,Circa 100 m,Western Africa,Africa,????-??-??,"Attribution 3.0 International (CC BY 3.0), https://creativecommons.org/licenses/by/3.0/"
1.138611,14.121944,1120289,18283,NE0064,Bt1,15,41,0,{41.0},"{""instrument = [ pipette ] sample pretreatment = [ sieved over 2 mm sieve ] size = [ 0.002 - 0.06 mm ]""}",41,WD-WISE,Niger,Circa 100 m,Western Africa,Africa,????-??-??,"Attribution 3.0 International (CC BY 3.0), https://creativecommons.org/licenses/by/3.0/"
1.138611,14.121944,1120289,18284,NE0064,Bt2,41,85,0,{38.0},"{""instrument = [ pipette ] sample pretreatment = [ sieved over 2 mm sieve ] size = [ 0.002 - 0.06 mm ]""}",38,WD-WISE,Niger,Circa 100 m,Western Africa,Africa,????-??-??,"Attribution 3.0 International (CC BY 3.0), https://creativecommons.org/licenses/by/3.0/"
1.141667,13.752778,1120290,18285,NE0216,Ah,0,14,0,{23.0},"{""instrument = [ pipette ] sample pretreatment = [ sieved over 2 mm sieve ] size = [ 0.002 - 0.06 mm ]""}",23,WD-WISE,Niger,Circa 100 m,Western Africa,Africa,????-??-??,"Attribution 3.0 International (CC BY 3.0), https://creativecommons.org/licenses/by/3.0/"
1.141667,13.752778,1120290,18286,NE0216,BCw,14,32,0,{20.0},"{""instrument = [ pipette ] sample pretreatment = [ sieved over 2 mm sieve ] size = [ 0.002 - 0.06 mm ]""}",20,WD-WISE,Niger,Circa 100 m,Western Africa,Africa,????-??-??,"Attribution 3.0 International (CC BY 3.0), https://creativecommons.org/licenses/by/3.0/"
1.201111,14.103333,1120291,18287,NE0312,,0,12,0,{19.0},"{""instrument = [ pipette ] sample pretreatment = [ sieved over 2 mm sieve ] size = [ 0.002 - 0.06 mm ]""}",19,WD-WISE,Niger,Circa 100 m,Western Africa,Africa,????-??-??,"Attribution 3.0 International (CC BY 3.0), https://creativecommons.org/licenses/by/3.0/"
1.201111,14.103333,1120291,18288,NE0312,B/C,12,25,0,{18.0},"{""instrument = [ pipette ] sample pretreatment = [ sieved over 2 mm sieve ] size = [ 0.002 - 0.06 mm ]""}",18,WD-WISE,Niger,Circa 100 m,Western Africa,Africa,????-??-??,"Attribution 3.0 International (CC BY 3.0), https://creativecommons.org/licenses/by/3.0/"
1.201389,14.095,1120292,18289,NE0306,Ah,0,8,0,{14.0},"{""instrument = [ pipette ] sample pretreatment = [ sieved over 2 mm sieve ] size = [ 0.002 - 0.06 mm ]""}",14,WD-WISE,Niger,Circa 100 m,Western Africa,Africa,????-??-??,"Attribution 3.0 International (CC BY 3.0), https://creativecommons.org/licenses/by/3.0/"
1.201389,14.095,1120292,18290,NE0306,B/C,8,25,0,{11.0},"{""instrument = [ pipette ] sample pretreatment = [ sieved over 2 mm sieve ] size = [ 0.002 - 0.06 mm ]""}",11,WD-WISE,Niger,Circa 100 m,Western Africa,Africa,????-??-??,"Attribution 3.0 International (CC BY 3.0), https://creativecommons.org/licenses/by/3.0/"
1.223889,13.123056,1120293,18291,NE0419,Ah,0,12,0,{7.0},"{""instrument = [ pipette ] sample pretreatment = [ sieved over 2 mm sieve ] size = [ 0.002 - 0.05 mm ]""}",7,WD-WISE,Niger,Circa 100 m,Western Africa,Africa,????-??-??,"Attribution 3.0 International (CC BY 3.0), https://creativecommons.org/licenses/by/3.0/"
1.223889,13.123056,1120293,18292,NE0419,Bwsb,12,41,0,{6.0},"{""instrument = [ pipette ] sample pretreatment = [ sieved over 2 mm sieve ] size = [ 0.002 - 0.05 mm ]""}",6,WD-WISE,Niger,Circa 100 m,Western Africa,Africa,????-??-??,"Attribution 3.0 International (CC BY 3.0), https://creativecommons.org/licenses/by/3.0/"
1.223889,13.123056,1120293,18293,NE0419,Btcs,41,61,0,{8.0},"{""instrument = [ pipette ] sample pretreatment = [ sieved over 2 mm sieve ] size = [ 0.002 - 0.05 mm ]""}",8,WD-WISE,Niger,Circa 100 m,Western Africa,Africa,????-??-??,"Attribution 3.0 International (CC BY 3.0), https://creativecommons.org/licenses/by/3.0/"
1.223889,13.123056,1120293,18294,NE0419,Bcs,61,80,0,{8.0},"{""instrument = [ pipette ] sample pretreatment = [ sieved over 2 mm sieve ] size = [ 0.002 - 0.05 mm ]""}",8,WD-WISE,Niger,Circa 100 m,Western Africa,Africa,????-??-??,"Attribution 3.0 International (CC BY 3.0), https://creativecommons.org/licenses/by/3.0/"
1.226389,13.071111,1120294,18295,NE0029,Ah,0,12,0,{9.0},"{""instrument = [ pipette ] sample pretreatment = [ sieved over 2 mm sieve ] size = [ 0.002 - 0.05 mm ]""}",9,WD-WISE,Niger,Circa 100 m,Western Africa,Africa,????-??-??,"Attribution 3.0 International (CC BY 3.0), https://creativecommons.org/licenses/by/3.0/"
1.226389,13.071111,1120294,18296,NE0029,Bt1,12,25,0,{6.0},"{""instrument = [ pipette ] sample pretreatment = [ sieved over 2 mm sieve ] size = [ 0.002 - 0.05 mm ]""}",6,WD-WISE,Niger,Circa 100 m,Western Africa,Africa,????-??-??,"Attribution 3.0 International (CC BY 3.0), https://creativecommons.org/licenses/by/3.0/"
1.226389,13.071111,1120294,18297,NE0029,2Bt2,25,70,0,{6.0},"{""instrument = [ pipette ] sample pretreatment = [ sieved over 2 mm sieve ] size = [ 0.002 - 0.05 mm ]""}",6,WD-WISE,Niger,Circa 100 m,Western Africa,Africa,????-??-??,"Attribution 3.0 International (CC BY 3.0), https://creativecommons.org/licenses/by/3.0/"
1.226389,13.071111,1120294,18298,NE0029,2Btcs,70,100,0,{2.0},"{""instrument = [ pipette ] sample pretreatment = [ sieved over 2 mm sieve ] size = [ 0.002 - 0.05 mm ]""}",2,WD-WISE,Niger,Circa 100 m,Western Africa,Africa,????-??-??,"Attribution 3.0 International (CC BY 3.0), https://creativecommons.org/licenses/by/3.0/"
1.228611,13.139722,1120295,18299,NE0157,Ah1,0,13,0,{8.0},"{""instrument = [ pipette ] sample pretreatment = [ sieved over 2 mm sieve ] size = [ 0.002 - 0.05 mm ]""}",8,WD-WISE,Niger,Circa 100 m,Western Africa,Africa,????-??-??,"Attribution 3.0 International (CC BY 3.0), https://creativecommons.org/licenses/by/3.0/"
1.228611,13.139722,1120295,18300,NE0157,Ah2,13,30,0,{7.0},"{""instrument = [ pipette ] sample pretreatment = [ sieved over 2 mm sieve ] size = [ 0.002 - 0.05 mm ]""}",7,WD-WISE,Niger,Circa 100 m,Western Africa,Africa,????-??-??,"Attribution 3.0 International (CC BY 3.0), https://creativecommons.org/licenses/by/3.0/"
1.228611,13.139722,1120295,18301,NE0157,Bt,30,61,0,{6.0},"{""instrument = [ pipette ] sample pretreatment = [ sieved over 2 mm sieve ] size = [ 0.002 - 0.05 mm ]""}",6,WD-WISE,Niger,Circa 100 m,Western Africa,Africa,????-??-??,"Attribution 3.0 International (CC BY 3.0), https://creativecommons.org/licenses/by/3.0/"
1.228611,13.139722,1120295,18302,NE0157,2BCcs,61,85,0,{6.0},"{""instrument = [ pipette ] sample pretreatment = [ sieved over 2 mm sieve ] size = [ 0.002 - 0.05 mm ]""}",6,WD-WISE,Niger,Circa 100 m,Western Africa,Africa,????-??-??,"Attribution 3.0 International (CC BY 3.0), https://creativecommons.org/licenses/by/3.0/"
1.243333,13.049444,1120296,18303,NE0032,Ah,0,8,0,{14.0},"{""instrument = [ pipette ] sample pretreatment = [ sieved over 2 mm sieve ] size = [ 0.002 - 0.05 mm ]""}",14,WD-WISE,Niger,Circa 100 m,Western Africa,Africa,????-??-??,"Attribution 3.0 International (CC BY 3.0), https://creativecommons.org/licenses/by/3.0/"
1.243333,13.049444,1120296,18304,NE0032,2Bt,8,22,0,{14.0},"{""instrument = [ pipette ] sample pretreatment = [ sieved over 2 mm sieve ] size = [ 0.002 - 0.05 mm ]""}",14,WD-WISE,Niger,Circa 100 m,Western Africa,Africa,????-??-??,"Attribution 3.0 International (CC BY 3.0), https://creativecommons.org/licenses/by/3.0/"
1.243333,13.049444,1120296,18305,NE0032,2BCw,22,59,0,{14.0},"{""instrument = [ pipette ] sample pretreatment = [ sieved over 2 mm sieve ] size = [ 0.002 - 0.05 mm ]""}",14,WD-WISE,Niger,Circa 100 m,Western Africa,Africa,????-??-??,"Attribution 3.0 International (CC BY 3.0), https://creativecommons.org/licenses/by/3.0/"
1.248889,14.346111,1120297,18306,NE0298,Ahg,0,40,0,{18.0},"{""instrument = [ pipette ] sample pretreatment = [ sieved over 2 mm sieve ] size = [ 0.002 - 0.05 mm ]""}",18,WD-WISE,Niger,Circa 100 m,Western Africa,Africa,????-??-??,"Attribution 3.0 International (CC BY 3.0), https://creativecommons.org/licenses/by/3.0/"
1.248889,14.346111,1120297,18307,NE0298,Bgkz,40,60,0,{33.0},"{""instrument = [ pipette ] sample pretreatment = [ sieved over 2 mm sieve ] size = [ 0.002 - 0.05 mm ]""}",33,WD-WISE,Niger,Circa 100 m,Western Africa,Africa,????-??-??,"Attribution 3.0 International (CC BY 3.0), https://creativecommons.org/licenses/by/3.0/"
1.248889,14.346111,1120297,18308,NE0298,Bgkz,60,110,0,{45.0},"{""instrument = [ pipette ] sample pretreatment = [ sieved over 2 mm sieve ] size = [ 0.002 - 0.05 mm ]""}",45,WD-WISE,Niger,Circa 100 m,Western Africa,Africa,????-??-??,"Attribution 3.0 International (CC BY 3.0), https://creativecommons.org/licenses/by/3.0/"
1.248889,14.346111,1120297,18309,NE0298,Bgrk,110,130,0,{2.0},"{""instrument = [ pipette ] sample pretreatment = [ sieved over 2 mm sieve ] size = [ 0.002 - 0.05 mm ]""}",2,WD-WISE,Niger,Circa 100 m,Western Africa,Africa,????-??-??,"Attribution 3.0 International (CC BY 3.0), https://creativecommons.org/licenses/by/3.0/"
1.249722,13.117222,1120298,18310,NE0417,Ah,0,14,0,{12.0},"{""instrument = [ pipette ] sample pretreatment = [ sieved over 2 mm sieve ] size = [ 0.002 - 0.05 mm ]""}",12,WD-WISE,Niger,Circa 100 m,Western Africa,Africa,????-??-??,"Attribution 3.0 International (CC BY 3.0), https://creativecommons.org/licenses/by/3.0/"
1.249722,13.117222,1120298,18311,NE0417,Btb,14,32,0,{12.0},"{""instrument = [ pipette ] sample pretreatment = [ sieved over 2 mm sieve ] size = [ 0.002 - 0.05 mm ]""}",12,WD-WISE,Niger,Circa 100 m,Western Africa,Africa,????-??-??,"Attribution 3.0 International (CC BY 3.0), https://creativecommons.org/licenses/by/3.0/"
1.249722,13.117222,1120298,18312,NE0417,Bt,32,66,0,{14.0},"{""instrument = [ pipette ] sample pretreatment = [ sieved over 2 mm sieve ] size = [ 0.002 - 0.05 mm ]""}",14,WD-WISE,Niger,Circa 100 m,Western Africa,Africa,????-??-??,"Attribution 3.0 International (CC BY 3.0), https://creativecommons.org/licenses/by/3.0/"
1.249722,13.117222,1120298,18313,NE0417,CBw,66,81,0,{14.0},"{""instrument = [ pipette ] sample pretreatment = [ sieved over 2 mm sieve ] size = [ 0.002 - 0.05 mm ]""}",14,WD-WISE,Niger,Circa 100 m,Western Africa,Africa,????-??-??,"Attribution 3.0 International (CC BY 3.0), https://creativecommons.org/licenses/by/3.0/"
1.252222,14.346944,1120299,18314,NE0300,Ahgck,0,15,0,{24.0},"{""instrument = [ pipette ] sample pretreatment = [ sieved over 2 mm sieve ] size = [ 0.002 - 0.05 mm ]""}",24,WD-WISE,Niger,Circa 100 m,Western Africa,Africa,????-??-??,"Attribution 3.0 International (CC BY 3.0), https://creativecommons.org/licenses/by/3.0/"
1.252222,14.346944,1120299,18315,NE0300,Bgck1,15,80,0,{16.0},"{""instrument = [ pipette ] sample pretreatment = [ sieved over 2 mm sieve ] size = [ 0.002 - 0.05 mm ]""}",16,WD-WISE,Niger,Circa 100 m,Western Africa,Africa,????-??-??,"Attribution 3.0 International (CC BY 3.0), https://creativecommons.org/licenses/by/3.0/"
1.252222,14.346944,1120299,18316,NE0300,Bgck2,80,90,0,{16.0},"{""instrument = [ pipette ] sample pretreatment = [ sieved over 2 mm sieve ] size = [ 0.002 - 0.05 mm ]""}",16,WD-WISE,Niger,Circa 100 m,Western Africa,Africa,????-??-??,"Attribution 3.0 International (CC BY 3.0), https://creativecommons.org/licenses/by/3.0/"
1.252222,14.346944,1120299,18317,NE0300,2Br,90,95,0,{5.0},"{""instrument = [ pipette ] sample pretreatment = [ sieved over 2 mm sieve ] size = [ 0.002 - 0.05 mm ]""}",5,WD-WISE,Niger,Circa 100 m,Western Africa,Africa,????-??-??,"Attribution 3.0 International (CC BY 3.0), https://creativecommons.org/licenses/by/3.0/"
1.252778,13.038056,1120300,18318,NE0263,Ah,0,9,0,{8.0},"{""instrument = [ pipette ] sample pretreatment = [ sieved over 2 mm sieve ] size = [ 0.002 - 0.05 mm ]""}",8,WD-WISE,Niger,Circa 100 m,Western Africa,Africa,????-??-??,"Attribution 3.0 International (CC BY 3.0), https://creativecommons.org/licenses/by/3.0/"
1.252778,13.038056,1120300,18319,NE0263,Bw1,9,27,0,{10.0},"{""instrument = [ pipette ] sample pretreatment = [ sieved over 2 mm sieve ] size = [ 0.002 - 0.05 mm ]""}",10,WD-WISE,Niger,Circa 100 m,Western Africa,Africa,????-??-??,"Attribution 3.0 International (CC BY 3.0), https://creativecommons.org/licenses/by/3.0/"
1.252778,13.038056,1120300,18320,NE0263,Bw2,27,45,0,{10.0},"{""instrument = [ pipette ] sample pretreatment = [ sieved over 2 mm sieve ] size = [ 0.002 - 0.05 mm ]""}",10,WD-WISE,Niger,Circa 100 m,Western Africa,Africa,????-??-??,"Attribution 3.0 International (CC BY 3.0), https://creativecommons.org/licenses/by/3.0/"
1.252778,13.038056,1120300,18321,NE0263,Bwg,45,71,0,{14.0},"{""instrument = [ pipette ] sample pretreatment = [ sieved over 2 mm sieve ] size = [ 0.002 - 0.05 mm ]""}",14,WD-WISE,Niger,Circa 100 m,Western Africa,Africa,????-??-??,"Attribution 3.0 International (CC BY 3.0), https://creativecommons.org/licenses/by/3.0/"
1.261667,14.353056,1120301,18322,NE0121,Ah,0,15,0,{2.0},"{""instrument = [ pipette ] sample pretreatment = [ sieved over 2 mm sieve ] size = [ 0.002 - 0.05 mm ]""}",2,WD-WISE,Niger,Circa 100 m,Western Africa,Africa,????-??-??,"Attribution 3.0 International (CC BY 3.0), https://creativecommons.org/licenses/by/3.0/"
1.261667,14.353056,1120301,18323,NE0121,Bt1,15,45,0,{2.0},"{""instrument = [ pipette ] sample pretreatment = [ sieved over 2 mm sieve ] size = [ 0.002 - 0.05 mm ]""}",2,WD-WISE,Niger,Circa 100 m,Western Africa,Africa,????-??-??,"Attribution 3.0 International (CC BY 3.0), https://creativecommons.org/licenses/by/3.0/"
1.261667,14.353056,1120301,18324,NE0121,Bt2,45,90,0,{3.0},"{""instrument = [ pipette ] sample pretreatment = [ sieved over 2 mm sieve ] size = [ 0.002 - 0.05 mm ]""}",3,WD-WISE,Niger,Circa 100 m,Western Africa,Africa,????-??-??,"Attribution 3.0 International (CC BY 3.0), https://creativecommons.org/licenses/by/3.0/"
1.268611,13.036667,1120302,18325,NE0269,Ah,0,7,0,{7.0},"{""instrument = [ pipette ] sample pretreatment = [ sieved over 2 mm sieve ] size = [ 0.002 - 0.05 mm ]""}",7,WD-WISE,Niger,Circa 100 m,Western Africa,Africa,????-??-??,"Attribution 3.0 International (CC BY 3.0), https://creativecommons.org/licenses/by/3.0/"
1.268611,13.036667,1120302,18327,NE0269,2Ahg,14,34,0,{25.0},"{""instrument = [ pipette ] sample pretreatment = [ sieved over 2 mm sieve ] size = [ 0.002 - 0.05 mm ]""}",25,WD-WISE,Niger,Circa 100 m,Western Africa,Africa,????-??-??,"Attribution 3.0 International (CC BY 3.0), https://creativecommons.org/licenses/by/3.0/"
1.268611,13.036667,1120302,18328,NE0269,Bg2,34,69,0,{24.0},"{""instrument = [ pipette ] sample pretreatment = [ sieved over 2 mm sieve ] size = [ 0.002 - 0.05 mm ]""}",24,WD-WISE,Niger,Circa 100 m,Western Africa,Africa,????-??-??,"Attribution 3.0 International (CC BY 3.0), https://creativecommons.org/licenses/by/3.0/"
1.268611,13.036667,1120302,18329,NE0269,Bg3,69,100,0,{7.0},"{""instrument = [ pipette ] sample pretreatment = [ sieved over 2 mm sieve ] size = [ 0.002 - 0.05 mm ]""}",7,WD-WISE,Niger,Circa 100 m,Western Africa,Africa,????-??-??,"Attribution 3.0 International (CC BY 3.0), https://creativecommons.org/licenses/by/3.0/"
1.271389,13.120278,1120303,18330,NE0048,Ah,0,14,0,{12.0},"{""instrument = [ pipette ] sample pretreatment = [ sieved over 2 mm sieve ] size = [ 0.002 - 0.05 mm ]""}",12,WD-WISE,Niger,Circa 100 m,Western Africa,Africa,????-??-??,"Attribution 3.0 International (CC BY 3.0), https://creativecommons.org/licenses/by/3.0/"
1.271389,13.120278,1120303,18331,NE0048,2Bth,14,29,0,{10.0},"{""instrument = [ pipette ] sample pretreatment = [ sieved over 2 mm sieve ] size = [ 0.002 - 0.05 mm ]""}",10,WD-WISE,Niger,Circa 100 m,Western Africa,Africa,????-??-??,"Attribution 3.0 International (CC BY 3.0), https://creativecommons.org/licenses/by/3.0/"
1.271389,13.120278,1120303,18332,NE0048,2Btcs,29,45,0,{13.0},"{""instrument = [ pipette ] sample pretreatment = [ sieved over 2 mm sieve ] size = [ 0.002 - 0.05 mm ]""}",13,WD-WISE,Niger,Circa 100 m,Western Africa,Africa,????-??-??,"Attribution 3.0 International (CC BY 3.0), https://creativecommons.org/licenses/by/3.0/"
1.271389,13.120278,1120303,18333,NE0048,2BCw,45,62,0,{13.0},"{""instrument = [ pipette ] sample pretreatment = [ sieved over 2 mm sieve ] size = [ 0.002 - 0.05 mm ]""}",13,WD-WISE,Niger,Circa 100 m,Western Africa,Africa,????-??-??,"Attribution 3.0 International (CC BY 3.0), https://creativecommons.org/licenses/by/3.0/"
1.274444,13.039722,1120304,18335,NE0397,2Bt1,24,51,0,{4.0},"{""instrument = [ pipette ] sample pretreatment = [ sieved over 2 mm sieve ] size = [ 0.002 - 0.05 mm ]""}",4,WD-WISE,Niger,Circa 100 m,Western Africa,Africa,????-??-??,"Attribution 3.0 International (CC BY 3.0), https://creativecommons.org/licenses/by/3.0/"
1.274444,13.039722,1120304,18336,NE0397,2Bt2,51,72,0,{5.0},"{""instrument = [ pipette ] sample pretreatment = [ sieved over 2 mm sieve ] size = [ 0.002 - 0.05 mm ]""}",5,WD-WISE,Niger,Circa 100 m,Western Africa,Africa,????-??-??,"Attribution 3.0 International (CC BY 3.0), https://creativecommons.org/licenses/by/3.0/"
1.274444,13.039722,1120304,18337,NE0397,2Bt3,72,100,0,{6.0},"{""instrument = [ pipette ] sample pretreatment = [ sieved over 2 mm sieve ] size = [ 0.002 - 0.05 mm ]""}",6,WD-WISE,Niger,Circa 100 m,Western Africa,Africa,????-??-??,"Attribution 3.0 International (CC BY 3.0), https://creativecommons.org/licenses/by/3.0/"
1.276944,13.248056,1120305,18338,NE0129,Ah1,0,9,0,{5.0},"{""instrument = [ pipette ] sample pretreatment = [ sieved over 2 mm sieve ] size = [ 0.002 - 0.05 mm ]""}",5,WD-WISE,Niger,Circa 100 m,Western Africa,Africa,????-??-??,"Attribution 3.0 International (CC BY 3.0), https://creativecommons.org/licenses/by/3.0/"
1.276944,13.248056,1120305,18339,NE0129,Ah2,9,22,0,{4.0},"{""instrument = [ pipette ] sample pretreatment = [ sieved over 2 mm sieve ] size = [ 0.002 - 0.05 mm ]""}",4,WD-WISE,Niger,Circa 100 m,Western Africa,Africa,????-??-??,"Attribution 3.0 International (CC BY 3.0), https://creativecommons.org/licenses/by/3.0/"
1.276944,13.248056,1120305,18340,NE0129,Bt1,22,39,0,{3.0},"{""instrument = [ pipette ] sample pretreatment = [ sieved over 2 mm sieve ] size = [ 0.002 - 0.05 mm ]""}",3,WD-WISE,Niger,Circa 100 m,Western Africa,Africa,????-??-??,"Attribution 3.0 International (CC BY 3.0), https://creativecommons.org/licenses/by/3.0/"
1.276944,13.248056,1120305,18341,NE0129,Bt2,39,107,0,{2.0},"{""instrument = [ pipette ] sample pretreatment = [ sieved over 2 mm sieve ] size = [ 0.002 - 0.05 mm ]""}",2,WD-WISE,Niger,Circa 100 m,Western Africa,Africa,????-??-??,"Attribution 3.0 International (CC BY 3.0), https://creativecommons.org/licenses/by/3.0/"
1.276944,13.248056,1120305,18342,NE0129,Bt3,107,125,0,{2.0},"{""instrument = [ pipette ] sample pretreatment = [ sieved over 2 mm sieve ] size = [ 0.002 - 0.05 mm ]""}",2,WD-WISE,Niger,Circa 100 m,Western Africa,Africa,????-??-??,"Attribution 3.0 International (CC BY 3.0), https://creativecommons.org/licenses/by/3.0/"
1.282222,13.244722,1120306,18343,NE0003,Ah1,0,9,0,{6.0},"{""instrument = [ pipette ] sample pretreatment = [ sieved over 2 mm sieve ] size = [ 0.002 - 0.05 mm ]""}",6,WD-WISE,Niger,Circa 100 m,Western Africa,Africa,????-??-??,"Attribution 3.0 International (CC BY 3.0), https://creativecommons.org/licenses/by/3.0/"
1.282222,13.244722,1120306,18344,NE0003,Ah2,9,19,0,{6.0},"{""instrument = [ pipette ] sample pretreatment = [ sieved over 2 mm sieve ] size = [ 0.002 - 0.05 mm ]""}",6,WD-WISE,Niger,Circa 100 m,Western Africa,Africa,????-??-??,"Attribution 3.0 International (CC BY 3.0), https://creativecommons.org/licenses/by/3.0/"
1.282222,13.244722,1120306,18345,NE0003,2Bt,19,30,0,{8.0},"{""instrument = [ pipette ] sample pretreatment = [ sieved over 2 mm sieve ] size = [ 0.002 - 0.05 mm ]""}",8,WD-WISE,Niger,Circa 100 m,Western Africa,Africa,????-??-??,"Attribution 3.0 International (CC BY 3.0), https://creativecommons.org/licenses/by/3.0/"
1.282222,13.244722,1120306,18346,NE0003,2Btcs,30,40,0,{7.0},"{""instrument = [ pipette ] sample pretreatment = [ sieved over 2 mm sieve ] size = [ 0.002 - 0.05 mm ]""}",7,WD-WISE,Niger,Circa 100 m,Western Africa,Africa,????-??-??,"Attribution 3.0 International (CC BY 3.0), https://creativecommons.org/licenses/by/3.0/"
1.286389,13.236944,1120307,18347,NE0329,Ah,0,5,0,{17.0},"{""instrument = [ pipette ] sample pretreatment = [ sieved over 2 mm sieve ] size = [ 0.002 - 0.05 mm ]""}",17,WD-WISE,Niger,Circa 100 m,Western Africa,Africa,????-??-??,"Attribution 3.0 International (CC BY 3.0), https://creativecommons.org/licenses/by/3.0/"
1.286389,13.236944,1120307,18348,NE0329,Bw,5,11,0,{13.0},"{""instrument = [ pipette ] sample pretreatment = [ sieved over 2 mm sieve ] size = [ 0.002 - 0.05 mm ]""}",13,WD-WISE,Niger,Circa 100 m,Western Africa,Africa,????-??-??,"Attribution 3.0 International (CC BY 3.0), https://creativecommons.org/licenses/by/3.0/"
1.286389,13.236944,1120307,18349,NE0329,C/B,11,26,0,{14.0},"{""instrument = [ pipette ] sample pretreatment = [ sieved over 2 mm sieve ] size = [ 0.002 - 0.05 mm ]""}",14,WD-WISE,Niger,Circa 100 m,Western Africa,Africa,????-??-??,"Attribution 3.0 International (CC BY 3.0), https://creativecommons.org/licenses/by/3.0/"
1.290556,13.106389,1120308,18350,NE0386,Ah,0,10,0,{15.0},"{""instrument = [ pipette ] sample pretreatment = [ sieved over 2 mm sieve ] size = [ 0.002 - 0.05 mm ]""}",15,WD-WISE,Niger,Circa 100 m,Western Africa,Africa,????-??-??,"Attribution 3.0 International (CC BY 3.0), https://creativecommons.org/licenses/by/3.0/"
1.290556,13.106389,1120308,18351,NE0386,2Ahb,10,31,0,{13.0},"{""instrument = [ pipette ] sample pretreatment = [ sieved over 2 mm sieve ] size = [ 0.002 - 0.05 mm ]""}",13,WD-WISE,Niger,Circa 100 m,Western Africa,Africa,????-??-??,"Attribution 3.0 International (CC BY 3.0), https://creativecommons.org/licenses/by/3.0/"
1.290556,13.106389,1120308,18352,NE0386,2Bt1,31,44,0,{17.0},"{""instrument = [ pipette ] sample pretreatment = [ sieved over 2 mm sieve ] size = [ 0.002 - 0.05 mm ]""}",17,WD-WISE,Niger,Circa 100 m,Western Africa,Africa,????-??-??,"Attribution 3.0 International (CC BY 3.0), https://creativecommons.org/licenses/by/3.0/"
1.290556,13.106389,1120308,18353,NE0386,2Bt2,44,70,0,{19.0},"{""instrument = [ pipette ] sample pretreatment = [ sieved over 2 mm sieve ] size = [ 0.002 - 0.05 mm ]""}",19,WD-WISE,Niger,Circa 100 m,Western Africa,Africa,????-??-??,"Attribution 3.0 International (CC BY 3.0), https://creativecommons.org/licenses/by/3.0/"
1.290556,13.106389,1120308,18354,NE0386,2Bt3,70,93,0,{21.0},"{""instrument = [ pipette ] sample pretreatment = [ sieved over 2 mm sieve ] size = [ 0.002 - 0.05 mm ]""}",21,WD-WISE,Niger,Circa 100 m,Western Africa,Africa,????-??-??,"Attribution 3.0 International (CC BY 3.0), https://creativecommons.org/licenses/by/3.0/"
1.298056,13.226944,1120309,18355,NE0014,Ah,0,14,0,{21.0},"{""instrument = [ pipette ] sample pretreatment = [ sieved over 2 mm sieve ] size = [ 0.002 - 0.05 mm ]""}",21,WD-WISE,Niger,Circa 100 m,Western Africa,Africa,????-??-??,"Attribution 3.0 International (CC BY 3.0), https://creativecommons.org/licenses/by/3.0/"
1.298056,13.226944,1120309,18356,NE0014,Bwh,14,32,0,{12.0},"{""instrument = [ pipette ] sample pretreatment = [ sieved over 2 mm sieve ] size = [ 0.002 - 0.05 mm ]""}",12,WD-WISE,Niger,Circa 100 m,Western Africa,Africa,????-??-??,"Attribution 3.0 International (CC BY 3.0), https://creativecommons.org/licenses/by/3.0/"
1.298056,13.226944,1120309,18357,NE0014,Bt,32,49,0,{18.0},"{""instrument = [ pipette ] sample pretreatment = [ sieved over 2 mm sieve ] size = [ 0.002 - 0.05 mm ]""}",18,WD-WISE,Niger,Circa 100 m,Western Africa,Africa,????-??-??,"Attribution 3.0 International (CC BY 3.0), https://creativecommons.org/licenses/by/3.0/"
1.298056,13.226944,1120309,18358,NE0014,Btcs1,49,78,0,{11.0},"{""instrument = [ pipette ] sample pretreatment = [ sieved over 2 mm sieve ] size = [ 0.002 - 0.05 mm ]""}",11,WD-WISE,Niger,Circa 100 m,Western Africa,Africa,????-??-??,"Attribution 3.0 International (CC BY 3.0), https://creativecommons.org/licenses/by/3.0/"
1.298056,13.226944,1120309,18359,NE0014,Btcs2,78,100,0,{12.0},"{""instrument = [ pipette ] sample pretreatment = [ sieved over 2 mm sieve ] size = [ 0.002 - 0.05 mm ]""}",12,WD-WISE,Niger,Circa 100 m,Western Africa,Africa,????-??-??,"Attribution 3.0 International (CC BY 3.0), https://creativecommons.org/licenses/by/3.0/"
1.313056,13.212222,1120310,18360,NE0047,Ah,0,12,0,{7.0},"{""instrument = [ pipette ] sample pretreatment = [ sieved over 2 mm sieve ] size = [ 0.002 - 0.05 mm ]""}",7,WD-WISE,Niger,Circa 100 m,Western Africa,Africa,????-??-??,"Attribution 3.0 International (CC BY 3.0), https://creativecommons.org/licenses/by/3.0/"
1.313056,13.212222,1120310,18361,NE0047,2Ahb,12,27,0,{5.0},"{""instrument = [ pipette ] sample pretreatment = [ sieved over 2 mm sieve ] size = [ 0.002 - 0.05 mm ]""}",5,WD-WISE,Niger,Circa 100 m,Western Africa,Africa,????-??-??,"Attribution 3.0 International (CC BY 3.0), https://creativecommons.org/licenses/by/3.0/"
1.313056,13.212222,1120310,18362,NE0047,2Bwcs,27,42,0,{4.0},"{""instrument = [ pipette ] sample pretreatment = [ sieved over 2 mm sieve ] size = [ 0.002 - 0.05 mm ]""}",4,WD-WISE,Niger,Circa 100 m,Western Africa,Africa,????-??-??,"Attribution 3.0 International (CC BY 3.0), https://creativecommons.org/licenses/by/3.0/"
1.313056,13.212222,1120310,18363,NE0047,2Btcs,42,72,0,{7.0},"{""instrument = [ pipette ] sample pretreatment = [ sieved over 2 mm sieve ] size = [ 0.002 - 0.05 mm ]""}",7,WD-WISE,Niger,Circa 100 m,Western Africa,Africa,????-??-??,"Attribution 3.0 International (CC BY 3.0), https://creativecommons.org/licenses/by/3.0/"
1.321389,13.201389,1120311,18364,NE0253,Ah,0,18,0,{4.0},"{""instrument = [ pipette ] sample pretreatment = [ sieved over 2 mm sieve ] size = [ 0.002 - 0.05 mm ]""}",4,WD-WISE,Niger,Circa 100 m,Western Africa,Africa,????-??-??,"Attribution 3.0 International (CC BY 3.0), https://creativecommons.org/licenses/by/3.0/"
1.321389,13.201389,1120311,18365,NE0253,Btb,18,39,0,{4.0},"{""instrument = [ pipette ] sample pretreatment = [ sieved over 2 mm sieve ] size = [ 0.002 - 0.05 mm ]""}",4,WD-WISE,Niger,Circa 100 m,Western Africa,Africa,????-??-??,"Attribution 3.0 International (CC BY 3.0), https://creativecommons.org/licenses/by/3.0/"
1.321389,13.201389,1120311,18366,NE0253,Bw1,39,70,0,{3.0},"{""instrument = [ pipette ] sample pretreatment = [ sieved over 2 mm sieve ] size = [ 0.002 - 0.05 mm ]""}",3,WD-WISE,Niger,Circa 100 m,Western Africa,Africa,????-??-??,"Attribution 3.0 International (CC BY 3.0), https://creativecommons.org/licenses/by/3.0/"
1.321389,13.201389,1120311,18367,NE0253,Bw2,70,95,0,{2.0},"{""instrument = [ pipette ] sample pretreatment = [ sieved over 2 mm sieve ] size = [ 0.002 - 0.05 mm ]""}",2,WD-WISE,Niger,Circa 100 m,Western Africa,Africa,????-??-??,"Attribution 3.0 International (CC BY 3.0), https://creativecommons.org/licenses/by/3.0/"
1.321389,13.552222,1120312,18368,NE0444,Ah,0,16,0,{39.0},"{""instrument = [ pipette ] sample pretreatment = [ sieved over 2 mm sieve ] size = [ 0.002 - 0.06 mm ]""}",39,WD-WISE,Niger,Circa 100 m,Western Africa,Africa,????-??-??,"Attribution 3.0 International (CC BY 3.0), https://creativecommons.org/licenses/by/3.0/"
1.321389,13.552222,1120312,18369,NE0444,Btk1,16,42,0,{24.0},"{""instrument = [ pipette ] sample pretreatment = [ sieved over 2 mm sieve ] size = [ 0.002 - 0.06 mm ]""}",24,WD-WISE,Niger,Circa 100 m,Western Africa,Africa,????-??-??,"Attribution 3.0 International (CC BY 3.0), https://creativecommons.org/licenses/by/3.0/"
1.321389,13.552222,1120312,18370,NE0444,Btk2,42,60,0,{24.0},"{""instrument = [ pipette ] sample pretreatment = [ sieved over 2 mm sieve ] size = [ 0.002 - 0.06 mm ]""}",24,WD-WISE,Niger,Circa 100 m,Western Africa,Africa,????-??-??,"Attribution 3.0 International (CC BY 3.0), https://creativecommons.org/licenses/by/3.0/"
1.334722,13.109444,1120313,18371,NE0330,Ah,0,11,0,{15.0},"{""instrument = [ pipette ] sample pretreatment = [ sieved over 2 mm sieve ] size = [ 0.002 - 0.05 mm ]""}",15,WD-WISE,Niger,Circa 100 m,Western Africa,Africa,????-??-??,"Attribution 3.0 International (CC BY 3.0), https://creativecommons.org/licenses/by/3.0/"
1.334722,13.109444,1120313,18372,NE0330,Bt1,11,23,0,{15.0},"{""instrument = [ pipette ] sample pretreatment = [ sieved over 2 mm sieve ] size = [ 0.002 - 0.05 mm ]""}",15,WD-WISE,Niger,Circa 100 m,Western Africa,Africa,????-??-??,"Attribution 3.0 International (CC BY 3.0), https://creativecommons.org/licenses/by/3.0/"
1.334722,13.109444,1120313,18373,NE0330,Bt2,23,50,0,{16.0},"{""instrument = [ pipette ] sample pretreatment = [ sieved over 2 mm sieve ] size = [ 0.002 - 0.05 mm ]""}",16,WD-WISE,Niger,Circa 100 m,Western Africa,Africa,????-??-??,"Attribution 3.0 International (CC BY 3.0), https://creativecommons.org/licenses/by/3.0/"
1.334722,13.109444,1120313,18374,NE0330,Bw,50,77,0,{19.0},"{""instrument = [ pipette ] sample pretreatment = [ sieved over 2 mm sieve ] size = [ 0.002 - 0.05 mm ]""}",19,WD-WISE,Niger,Circa 100 m,Western Africa,Africa,????-??-??,"Attribution 3.0 International (CC BY 3.0), https://creativecommons.org/licenses/by/3.0/"
1.334722,13.109444,1120313,18375,NE0330,BCw,77,96,0,{19.0},"{""instrument = [ pipette ] sample pretreatment = [ sieved over 2 mm sieve ] size = [ 0.002 - 0.05 mm ]""}",19,WD-WISE,Niger,Circa 100 m,Western Africa,Africa,????-??-??,"Attribution 3.0 International (CC BY 3.0), https://creativecommons.org/licenses/by/3.0/"
1.338889,13.574444,1120314,18376,NE0068,Ah,0,16,0,{11.0},"{""instrument = [ pipette ] sample pretreatment = [ sieved over 2 mm sieve ] size = [ 0.002 - 0.06 mm ]""}",11,WD-WISE,Niger,Circa 100 m,Western Africa,Africa,????-??-??,"Attribution 3.0 International (CC BY 3.0), https://creativecommons.org/licenses/by/3.0/"
1.338889,13.574444,1120314,18377,NE0068,2Bw,16,36,0,{19.0},"{""instrument = [ pipette ] sample pretreatment = [ sieved over 2 mm sieve ] size = [ 0.002 - 0.06 mm ]""}",19,WD-WISE,Niger,Circa 100 m,Western Africa,Africa,????-??-??,"Attribution 3.0 International (CC BY 3.0), https://creativecommons.org/licenses/by/3.0/"
1.338889,13.574444,1120314,18378,NE0068,2Bt,36,55,0,{19.0},"{""instrument = [ pipette ] sample pretreatment = [ sieved over 2 mm sieve ] size = [ 0.002 - 0.06 mm ]""}",19,WD-WISE,Niger,Circa 100 m,Western Africa,Africa,????-??-??,"Attribution 3.0 International (CC BY 3.0), https://creativecommons.org/licenses/by/3.0/"
1.338889,13.574444,1120314,18379,NE0068,2B/C,55,69,0,{21.0},"{""instrument = [ pipette ] sample pretreatment = [ sieved over 2 mm sieve ] size = [ 0.002 - 0.06 mm ]""}",21,WD-WISE,Niger,Circa 100 m,Western Africa,Africa,????-??-??,"Attribution 3.0 International (CC BY 3.0), https://creativecommons.org/licenses/by/3.0/"
1.347778,13.159444,1120315,18380,NE0128,Ah,0,20,0,{2.0},"{""instrument = [ pipette ] sample pretreatment = [ sieved over 2 mm sieve ] size = [ 0.002 - 0.05 mm ]""}",2,WD-WISE,Niger,Circa 100 m,Western Africa,Africa,????-??-??,"Attribution 3.0 International (CC BY 3.0), https://creativecommons.org/licenses/by/3.0/"
1.347778,13.159444,1120315,18381,NE0128,Bw,20,35,0,{3.0},"{""instrument = [ pipette ] sample pretreatment = [ sieved over 2 mm sieve ] size = [ 0.002 - 0.05 mm ]""}",3,WD-WISE,Niger,Circa 100 m,Western Africa,Africa,????-??-??,"Attribution 3.0 International (CC BY 3.0), https://creativecommons.org/licenses/by/3.0/"
1.347778,13.159444,1120315,18382,NE0128,Bt,35,52,0,{4.0},"{""instrument = [ pipette ] sample pretreatment = [ sieved over 2 mm sieve ] size = [ 0.002 - 0.05 mm ]""}",4,WD-WISE,Niger,Circa 100 m,Western Africa,Africa,????-??-??,"Attribution 3.0 International (CC BY 3.0), https://creativecommons.org/licenses/by/3.0/"
1.347778,13.159444,1120315,18383,NE0128,2BCcs,52,85,0,{10.0},"{""instrument = [ pipette ] sample pretreatment = [ sieved over 2 mm sieve ] size = [ 0.002 - 0.05 mm ]""}",10,WD-WISE,Niger,Circa 100 m,Western Africa,Africa,????-??-??,"Attribution 3.0 International (CC BY 3.0), https://creativecommons.org/licenses/by/3.0/"
1.348611,13.17,1120316,18384,NE0107,Ah,0,17,0,{3.0},"{""instrument = [ pipette ] sample pretreatment = [ sieved over 2 mm sieve ] size = [ 0.002 - 0.05 mm ]""}",3,WD-WISE,Niger,Circa 100 m,Western Africa,Africa,????-??-??,"Attribution 3.0 International (CC BY 3.0), https://creativecommons.org/licenses/by/3.0/"
1.348611,13.17,1120316,18385,NE0107,Bw,17,35,0,{7.0},"{""instrument = [ pipette ] sample pretreatment = [ sieved over 2 mm sieve ] size = [ 0.002 - 0.05 mm ]""}",7,WD-WISE,Niger,Circa 100 m,Western Africa,Africa,????-??-??,"Attribution 3.0 International (CC BY 3.0), https://creativecommons.org/licenses/by/3.0/"
1.348611,13.17,1120316,18386,NE0107,Bt1,35,53,0,{6.0},"{""instrument = [ pipette ] sample pretreatment = [ sieved over 2 mm sieve ] size = [ 0.002 - 0.05 mm ]""}",6,WD-WISE,Niger,Circa 100 m,Western Africa,Africa,????-??-??,"Attribution 3.0 International (CC BY 3.0), https://creativecommons.org/licenses/by/3.0/"
1.348611,13.17,1120316,18387,NE0107,Bt2,53,71,0,{6.0},"{""instrument = [ pipette ] sample pretreatment = [ sieved over 2 mm sieve ] size = [ 0.002 - 0.05 mm ]""}",6,WD-WISE,Niger,Circa 100 m,Western Africa,Africa,????-??-??,"Attribution 3.0 International (CC BY 3.0), https://creativecommons.org/licenses/by/3.0/"
1.349167,13.598056,1120317,18388,NE0202,,0,13,0,{28.0},"{""instrument = [ pipette ] sample pretreatment = [ sieved over 2 mm sieve ] size = [ 0.002 - 0.06 mm ]""}",28,WD-WISE,Niger,Circa 100 m,Western Africa,Africa,????-??-??,"Attribution 3.0 International (CC BY 3.0), https://creativecommons.org/licenses/by/3.0/"
1.349167,13.598056,1120317,18389,NE0202,Btk,13,45,0,{39.0},"{""instrument = [ pipette ] sample pretreatment = [ sieved over 2 mm sieve ] size = [ 0.002 - 0.06 mm ]""}",39,WD-WISE,Niger,Circa 100 m,Western Africa,Africa,????-??-??,"Attribution 3.0 International (CC BY 3.0), https://creativecommons.org/licenses/by/3.0/"
1.35,13.604167,1120318,18390,NE0066,A,0,30,0,{7.0},"{""instrument = [ pipette ] sample pretreatment = [ sieved over 2 mm sieve ] size = [ 0.002 - 0.06 mm ]""}",7,WD-WISE,Niger,Circa 100 m,Western Africa,Africa,????-??-??,"Attribution 3.0 International (CC BY 3.0), https://creativecommons.org/licenses/by/3.0/"
1.35,13.604167,1120318,18391,NE0066,Btg1,30,52,0,{8.0},"{""instrument = [ pipette ] sample pretreatment = [ sieved over 2 mm sieve ] size = [ 0.002 - 0.06 mm ]""}",8,WD-WISE,Niger,Circa 100 m,Western Africa,Africa,????-??-??,"Attribution 3.0 International (CC BY 3.0), https://creativecommons.org/licenses/by/3.0/"
1.35,13.604167,1120318,18392,NE0066,Btg2,52,73,0,{9.0},"{""instrument = [ pipette ] sample pretreatment = [ sieved over 2 mm sieve ] size = [ 0.002 - 0.06 mm ]""}",9,WD-WISE,Niger,Circa 100 m,Western Africa,Africa,????-??-??,"Attribution 3.0 International (CC BY 3.0), https://creativecommons.org/licenses/by/3.0/"
1.35,13.604167,1120318,18393,NE0066,Bt,73,88,0,{9.0},"{""instrument = [ pipette ] sample pretreatment = [ sieved over 2 mm sieve ] size = [ 0.002 - 0.06 mm ]""}",9,WD-WISE,Niger,Circa 100 m,Western Africa,Africa,????-??-??,"Attribution 3.0 International (CC BY 3.0), https://creativecommons.org/licenses/by/3.0/"
1.350556,13.589444,1120319,18394,NE0067,Ah,0,15,0,{49.0},"{""instrument = [ pipette ] sample pretreatment = [ sieved over 2 mm sieve ] size = [ 0.002 - 0.06 mm ]""}",49,WD-WISE,Niger,Circa 100 m,Western Africa,Africa,????-??-??,"Attribution 3.0 International (CC BY 3.0), https://creativecommons.org/licenses/by/3.0/"
1.350556,13.589444,1120319,18395,NE0067,2Bwg,15,40,0,{50.0},"{""instrument = [ pipette ] sample pretreatment = [ sieved over 2 mm sieve ] size = [ 0.002 - 0.06 mm ]""}",50,WD-WISE,Niger,Circa 100 m,Western Africa,Africa,????-??-??,"Attribution 3.0 International (CC BY 3.0), https://creativecommons.org/licenses/by/3.0/"
1.350556,13.589444,1120319,18396,NE0067,2Btg,40,86,0,{46.0},"{""instrument = [ pipette ] sample pretreatment = [ sieved over 2 mm sieve ] size = [ 0.002 - 0.06 mm ]""}",46,WD-WISE,Niger,Circa 100 m,Western Africa,Africa,????-??-??,"Attribution 3.0 International (CC BY 3.0), https://creativecommons.org/licenses/by/3.0/"
1.350556,13.589444,1120319,18397,NE0067,3Bwg,86,95,0,{50.0},"{""instrument = [ pipette ] sample pretreatment = [ sieved over 2 mm sieve ] size = [ 0.002 - 0.06 mm ]""}",50,WD-WISE,Niger,Circa 100 m,Western Africa,Africa,????-??-??,"Attribution 3.0 International (CC BY 3.0), https://creativecommons.org/licenses/by/3.0/"
1.350833,13.619722,1120320,18398,NE0308,AC,0,12,0,{14.0},"{""instrument = [ pipette ] sample pretreatment = [ sieved over 2 mm sieve ] size = [ 0.002 - 0.06 mm ]""}",14,WD-WISE,Niger,Circa 100 m,Western Africa,Africa,????-??-??,"Attribution 3.0 International (CC BY 3.0), https://creativecommons.org/licenses/by/3.0/"
1.350833,13.619722,1120320,18399,NE0308,BCw,12,25,0,{10.0},"{""instrument = [ pipette ] sample pretreatment = [ sieved over 2 mm sieve ] size = [ 0.002 - 0.06 mm ]""}",10,WD-WISE,Niger,Circa 100 m,Western Africa,Africa,????-??-??,"Attribution 3.0 International (CC BY 3.0), https://creativecommons.org/licenses/by/3.0/"
1.351111,13.150556,1120321,18400,NE0184,Ah1,0,9,0,{8.0},"{""instrument = [ pipette ] sample pretreatment = [ sieved over 2 mm sieve ] size = [ 0.002 - 0.05 mm ]""}",8,WD-WISE,Niger,Circa 100 m,Western Africa,Africa,????-??-??,"Attribution 3.0 International (CC BY 3.0), https://creativecommons.org/licenses/by/3.0/"
1.351111,13.150556,1120321,18401,NE0184,Ah2,9,25,0,{9.0},"{""instrument = [ pipette ] sample pretreatment = [ sieved over 2 mm sieve ] size = [ 0.002 - 0.05 mm ]""}",9,WD-WISE,Niger,Circa 100 m,Western Africa,Africa,????-??-??,"Attribution 3.0 International (CC BY 3.0), https://creativecommons.org/licenses/by/3.0/"
1.351111,13.150556,1120321,18402,NE0184,Bt1,25,49,0,{9.0},"{""instrument = [ pipette ] sample pretreatment = [ sieved over 2 mm sieve ] size = [ 0.002 - 0.05 mm ]""}",9,WD-WISE,Niger,Circa 100 m,Western Africa,Africa,????-??-??,"Attribution 3.0 International (CC BY 3.0), https://creativecommons.org/licenses/by/3.0/"
1.351111,13.150556,1120321,18403,NE0184,Bt2,49,65,0,{9.0},"{""instrument = [ pipette ] sample pretreatment = [ sieved over 2 mm sieve ] size = [ 0.002 - 0.05 mm ]""}",9,WD-WISE,Niger,Circa 100 m,Western Africa,Africa,????-??-??,"Attribution 3.0 International (CC BY 3.0), https://creativecommons.org/licenses/by/3.0/"
1.351111,13.150556,1120321,18404,NE0184,Bt3,65,88,0,{9.0},"{""instrument = [ pipette ] sample pretreatment = [ sieved over 2 mm sieve ] size = [ 0.002 - 0.05 mm ]""}",9,WD-WISE,Niger,Circa 100 m,Western Africa,Africa,????-??-??,"Attribution 3.0 International (CC BY 3.0), https://creativecommons.org/licenses/by/3.0/"
1.352222,13.137778,1120322,18405,NE0392,Ah,0,12,0,{29.0},"{""instrument = [ pipette ] sample pretreatment = [ sieved over 2 mm sieve ] size = [ 0.002 - 0.05 mm ]""}",29,WD-WISE,Niger,Circa 100 m,Western Africa,Africa,????-??-??,"Attribution 3.0 International (CC BY 3.0), https://creativecommons.org/licenses/by/3.0/"
1.352222,13.137778,1120322,18406,NE0392,Bth,12,29,0,{26.0},"{""instrument = [ pipette ] sample pretreatment = [ sieved over 2 mm sieve ] size = [ 0.002 - 0.05 mm ]""}",26,WD-WISE,Niger,Circa 100 m,Western Africa,Africa,????-??-??,"Attribution 3.0 International (CC BY 3.0), https://creativecommons.org/licenses/by/3.0/"
1.352222,13.137778,1120322,18407,NE0392,BCt,29,54,0,{26.0},"{""instrument = [ pipette ] sample pretreatment = [ sieved over 2 mm sieve ] size = [ 0.002 - 0.05 mm ]""}",26,WD-WISE,Niger,Circa 100 m,Western Africa,Africa,????-??-??,"Attribution 3.0 International (CC BY 3.0), https://creativecommons.org/licenses/by/3.0/"
1.352222,13.137778,1120322,18408,NE0392,Bt,54,71,0,{33.0},"{""instrument = [ pipette ] sample pretreatment = [ sieved over 2 mm sieve ] size = [ 0.002 - 0.05 mm ]""}",33,WD-WISE,Niger,Circa 100 m,Western Africa,Africa,????-??-??,"Attribution 3.0 International (CC BY 3.0), https://creativecommons.org/licenses/by/3.0/"
1.352222,13.137778,1120322,18409,NE0392,Bw,71,97,0,{48.0},"{""instrument = [ pipette ] sample pretreatment = [ sieved over 2 mm sieve ] size = [ 0.002 - 0.05 mm ]""}",48,WD-WISE,Niger,Circa 100 m,Western Africa,Africa,????-??-??,"Attribution 3.0 International (CC BY 3.0), https://creativecommons.org/licenses/by/3.0/"
1.352222,13.66,1120323,18410,NE0065,,0,12,0,{7.0},"{""instrument = [ pipette ] sample pretreatment = [ sieved over 2 mm sieve ] size = [ 0.002 - 0.06 mm ]""}",7,WD-WISE,Niger,Circa 100 m,Western Africa,Africa,????-??-??,"Attribution 3.0 International (CC BY 3.0), https://creativecommons.org/licenses/by/3.0/"
1.352222,13.66,1120323,18411,NE0065,Bw,12,35,0,{6.0},"{""instrument = [ pipette ] sample pretreatment = [ sieved over 2 mm sieve ] size = [ 0.002 - 0.06 mm ]""}",6,WD-WISE,Niger,Circa 100 m,Western Africa,Africa,????-??-??,"Attribution 3.0 International (CC BY 3.0), https://creativecommons.org/licenses/by/3.0/"
1.352222,13.66,1120323,18412,NE0065,Bt,35,90,0,{4.0},"{""instrument = [ pipette ] sample pretreatment = [ sieved over 2 mm sieve ] size = [ 0.002 - 0.06 mm ]""}",4,WD-WISE,Niger,Circa 100 m,Western Africa,Africa,????-??-??,"Attribution 3.0 International (CC BY 3.0), https://creativecommons.org/licenses/by/3.0/"
1.353333,13.690833,1120324,18413,NE0141,,0,52,0,{6.0},"{""instrument = [ pipette ] sample pretreatment = [ sieved over 2 mm sieve ] size = [ 0.002 - 0.06 mm ]""}",6,WD-WISE,Niger,Circa 100 m,Western Africa,Africa,????-??-??,"Attribution 3.0 International (CC BY 3.0), https://creativecommons.org/licenses/by/3.0/"
1.353333,13.690833,1120324,18414,NE0141,Bw,52,95,0,{3.0},"{""instrument = [ pipette ] sample pretreatment = [ sieved over 2 mm sieve ] size = [ 0.002 - 0.06 mm ]""}",3,WD-WISE,Niger,Circa 100 m,Western Africa,Africa,????-??-??,"Attribution 3.0 International (CC BY 3.0), https://creativecommons.org/licenses/by/3.0/"
1.1,9.766667,1121029,21683,TG0001,A,0,8,0,{10.0},"{""instrument = [ pipette ] sample pretreatment = [ sieved over 2 mm sieve ] size = [ 0.002 - 0.05 mm ]""}",10,WD-WISE,Togo,1 km - 10 km,Western Africa,Africa,1985-??-??,"Attribution 3.0 International (CC BY 3.0), https://creativecommons.org/licenses/by/3.0/"
1.1,9.766667,1121029,21684,TG0001,B21,8,50,0,{10.0},"{""instrument = [ pipette ] sample pretreatment = [ sieved over 2 mm sieve ] size = [ 0.002 - 0.05 mm ]""}",10,WD-WISE,Togo,1 km - 10 km,Western Africa,Africa,1985-??-??,"Attribution 3.0 International (CC BY 3.0), https://creativecommons.org/licenses/by/3.0/"
1.1,9.766667,1121029,21685,TG0001,B22,50,80,0,{15.0},"{""instrument = [ pipette ] sample pretreatment = [ sieved over 2 mm sieve ] size = [ 0.002 - 0.05 mm ]""}",15,WD-WISE,Togo,1 km - 10 km,Western Africa,Africa,1985-??-??,"Attribution 3.0 International (CC BY 3.0), https://creativecommons.org/licenses/by/3.0/"
1.1,9.766667,1121029,21686,TG0001,C1,80,150,0,{20.0},"{""instrument = [ pipette ] sample pretreatment = [ sieved over 2 mm sieve ] size = [ 0.002 - 0.05 mm ]""}",20,WD-WISE,Togo,1 km - 10 km,Western Africa,Africa,1985-??-??,"Attribution 3.0 International (CC BY 3.0), https://creativecommons.org/licenses/by/3.0/"
1.1,9.766667,1121029,21687,TG0001,C2,150,200,0,{35.0},"{""instrument = [ pipette ] sample pretreatment = [ sieved over 2 mm sieve ] size = [ 0.002 - 0.05 mm ]""}",35,WD-WISE,Togo,1 km - 10 km,Western Africa,Africa,1985-??-??,"Attribution 3.0 International (CC BY 3.0), https://creativecommons.org/licenses/by/3.0/"
1.166667,9.5,1121030,21688,TG0003,A1,0,10,0,{10.0},"{""instrument = [ pipette ] sample pretreatment = [ sieved over 2 mm sieve ] size = [ 0.002 - 0.05 mm ]""}",10,WD-WISE,Togo,1 km - 10 km,Western Africa,Africa,1985-??-??,"Attribution 3.0 International (CC BY 3.0), https://creativecommons.org/licenses/by/3.0/"
1.166667,9.5,1121030,21689,TG0003,A3,10,40,0,{15.0},"{""instrument = [ pipette ] sample pretreatment = [ sieved over 2 mm sieve ] size = [ 0.002 - 0.05 mm ]""}",15,WD-WISE,Togo,1 km - 10 km,Western Africa,Africa,1985-??-??,"Attribution 3.0 International (CC BY 3.0), https://creativecommons.org/licenses/by/3.0/"
1.166667,9.5,1121030,21690,TG0003,C1,40,110,0,{15.0},"{""instrument = [ pipette ] sample pretreatment = [ sieved over 2 mm sieve ] size = [ 0.002 - 0.05 mm ]""}",15,WD-WISE,Togo,1 km - 10 km,Western Africa,Africa,1985-??-??,"Attribution 3.0 International (CC BY 3.0), https://creativecommons.org/licenses/by/3.0/"
1.166667,9.5,1121030,21691,TG0003,C2,110,200,0,{20.0},"{""instrument = [ pipette ] sample pretreatment = [ sieved over 2 mm sieve ] size = [ 0.002 - 0.05 mm ]""}",20,WD-WISE,Togo,1 km - 10 km,Western Africa,Africa,1985-??-??,"Attribution 3.0 International (CC BY 3.0), https://creativecommons.org/licenses/by/3.0/"
1.183333,9.55,1121031,21692,TG0004,A,0,15,0,{10.0},"{""instrument = [ pipette ] sample pretreatment = [ sieved over 2 mm sieve ] size = [ 0.002 - 0.05 mm ]""}",10,WD-WISE,Togo,1 km - 10 km,Western Africa,Africa,1985-??-??,"Attribution 3.0 International (CC BY 3.0), https://creativecommons.org/licenses/by/3.0/"
1.183333,9.55,1121031,21693,TG0004,B21,15,40,0,{10.0},"{""instrument = [ pipette ] sample pretreatment = [ sieved over 2 mm sieve ] size = [ 0.002 - 0.05 mm ]""}",10,WD-WISE,Togo,1 km - 10 km,Western Africa,Africa,1985-??-??,"Attribution 3.0 International (CC BY 3.0), https://creativecommons.org/licenses/by/3.0/"
1.183333,9.55,1121031,21694,TG0004,B22,40,85,0,{20.0},"{""instrument = [ pipette ] sample pretreatment = [ sieved over 2 mm sieve ] size = [ 0.002 - 0.05 mm ]""}",20,WD-WISE,Togo,1 km - 10 km,Western Africa,Africa,1985-??-??,"Attribution 3.0 International (CC BY 3.0), https://creativecommons.org/licenses/by/3.0/"
1.183333,9.55,1121031,21695,TG0004,C,85,175,0,{25.0},"{""instrument = [ pipette ] sample pretreatment = [ sieved over 2 mm sieve ] size = [ 0.002 - 0.05 mm ]""}",25,WD-WISE,Togo,1 km - 10 km,Western Africa,Africa,1985-??-??,"Attribution 3.0 International (CC BY 3.0), https://creativecommons.org/licenses/by/3.0/"
1.183333,9.55,1121032,21696,TG0007,A1,0,10,0,{20.0},"{""instrument = [ pipette ] sample pretreatment = [ sieved over 2 mm sieve ] size = [ 0.002 - 0.05 mm ]""}",20,WD-WISE,Togo,1 km - 10 km,Western Africa,Africa,1985-??-??,"Attribution 3.0 International (CC BY 3.0), https://creativecommons.org/licenses/by/3.0/"
1.183333,9.55,1121032,21697,TG0007,A3,10,35,0,{25.0},"{""instrument = [ pipette ] sample pretreatment = [ sieved over 2 mm sieve ] size = [ 0.002 - 0.05 mm ]""}",25,WD-WISE,Togo,1 km - 10 km,Western Africa,Africa,1985-??-??,"Attribution 3.0 International (CC BY 3.0), https://creativecommons.org/licenses/by/3.0/"
1.183333,9.55,1121032,21698,TG0007,(B)21,35,70,0,{25.0},"{""instrument = [ pipette ] sample pretreatment = [ sieved over 2 mm sieve ] size = [ 0.002 - 0.05 mm ]""}",25,WD-WISE,Togo,1 km - 10 km,Western Africa,Africa,1985-??-??,"Attribution 3.0 International (CC BY 3.0), https://creativecommons.org/licenses/by/3.0/"
1.183333,9.55,1121032,21699,TG0007,(B)22ca,70,130,0,{25.0},"{""instrument = [ pipette ] sample pretreatment = [ sieved over 2 mm sieve ] size = [ 0.002 - 0.05 mm ]""}",25,WD-WISE,Togo,1 km - 10 km,Western Africa,Africa,1985-??-??,"Attribution 3.0 International (CC BY 3.0), https://creativecommons.org/licenses/by/3.0/"
1.183333,9.55,1121032,21700,TG0007,C,130,180,0,{30.0},"{""instrument = [ pipette ] sample pretreatment = [ sieved over 2 mm sieve ] size = [ 0.002 - 0.05 mm ]""}",30,WD-WISE,Togo,1 km - 10 km,Western Africa,Africa,1985-??-??,"Attribution 3.0 International (CC BY 3.0), https://creativecommons.org/licenses/by/3.0/"
1.233333,9.616667,1121033,21701,TG0005,A1,0,15,0,{15.0},"{""instrument = [ pipette ] sample pretreatment = [ sieved over 2 mm sieve ] size = [ 0.002 - 0.05 mm ]""}",15,WD-WISE,Togo,1 km - 10 km,Western Africa,Africa,1985-??-??,"Attribution 3.0 International (CC BY 3.0), https://creativecommons.org/licenses/by/3.0/"
1.233333,9.616667,1121033,21702,TG0005,AC,15,50,0,{15.0},"{""instrument = [ pipette ] sample pretreatment = [ sieved over 2 mm sieve ] size = [ 0.002 - 0.05 mm ]""}",15,WD-WISE,Togo,1 km - 10 km,Western Africa,Africa,1985-??-??,"Attribution 3.0 International (CC BY 3.0), https://creativecommons.org/licenses/by/3.0/"
1.233333,9.616667,1121033,21703,TG0005,,50,100,0,{20.0},"{""instrument = [ pipette ] sample pretreatment = [ sieved over 2 mm sieve ] size = [ 0.002 - 0.05 mm ]""}",20,WD-WISE,Togo,1 km - 10 km,Western Africa,Africa,1985-??-??,"Attribution 3.0 International (CC BY 3.0), https://creativecommons.org/licenses/by/3.0/"
1.233333,9.616667,1121034,21704,TG0006,A1,0,12,0,{5.0},"{""instrument = [ pipette ] sample pretreatment = [ sieved over 2 mm sieve ] size = [ 0.002 - 0.05 mm ]""}",5,WD-WISE,Togo,1 km - 10 km,Western Africa,Africa,1985-??-??,"Attribution 3.0 International (CC BY 3.0), https://creativecommons.org/licenses/by/3.0/"
1.233333,9.616667,1121034,21705,TG0006,AC,12,40,0,{10.0},"{""instrument = [ pipette ] sample pretreatment = [ sieved over 2 mm sieve ] size = [ 0.002 - 0.05 mm ]""}",10,WD-WISE,Togo,1 km - 10 km,Western Africa,Africa,1985-??-??,"Attribution 3.0 International (CC BY 3.0), https://creativecommons.org/licenses/by/3.0/"
1.233333,9.616667,1121034,21706,TG0006,,40,100,0,{15.0},"{""instrument = [ pipette ] sample pretreatment = [ sieved over 2 mm sieve ] size = [ 0.002 - 0.05 mm ]""}",15,WD-WISE,Togo,1 km - 10 km,Western Africa,Africa,1985-??-??,"Attribution 3.0 International (CC BY 3.0), https://creativecommons.org/licenses/by/3.0/"
1.316667,9.9,1121035,21707,TG0002,A1,0,15,0,{10.0},"{""instrument = [ pipette ] sample pretreatment = [ sieved over 2 mm sieve ] size = [ 0.002 - 0.05 mm ]""}",10,WD-WISE,Togo,1 km - 10 km,Western Africa,Africa,1985-??-??,"Attribution 3.0 International (CC BY 3.0), https://creativecommons.org/licenses/by/3.0/"
1.316667,9.9,1121035,21708,TG0002,A3,15,40,0,{15.0},"{""instrument = [ pipette ] sample pretreatment = [ sieved over 2 mm sieve ] size = [ 0.002 - 0.05 mm ]""}",15,WD-WISE,Togo,1 km - 10 km,Western Africa,Africa,1985-??-??,"Attribution 3.0 International (CC BY 3.0), https://creativecommons.org/licenses/by/3.0/"
1.316667,9.9,1121035,21709,TG0002,(B)fe,40,105,0,{15.0},"{""instrument = [ pipette ] sample pretreatment = [ sieved over 2 mm sieve ] size = [ 0.002 - 0.05 mm ]""}",15,WD-WISE,Togo,1 km - 10 km,Western Africa,Africa,1985-??-??,"Attribution 3.0 International (CC BY 3.0), https://creativecommons.org/licenses/by/3.0/"
1.316667,9.9,1121035,21710,TG0002,C1,105,160,0,{15.0},"{""instrument = [ pipette ] sample pretreatment = [ sieved over 2 mm sieve ] size = [ 0.002 - 0.05 mm ]""}",15,WD-WISE,Togo,1 km - 10 km,Western Africa,Africa,1985-??-??,"Attribution 3.0 International (CC BY 3.0), https://creativecommons.org/licenses/by/3.0/"
1.316667,9.9,1121035,21711,TG0002,C2D,160,200,0,{20.0},"{""instrument = [ pipette ] sample pretreatment = [ sieved over 2 mm sieve ] size = [ 0.002 - 0.05 mm ]""}",20,WD-WISE,Togo,1 km - 10 km,Western Africa,Africa,1985-??-??,"Attribution 3.0 International (CC BY 3.0), https://creativecommons.org/licenses/by/3.0/"
1.333333,9.75,1121036,21712,TG0008,A1,0,12,0,{20.0},"{""instrument = [ pipette ] sample pretreatment = [ sieved over 2 mm sieve ] size = [ 0.002 - 0.05 mm ]""}",20,WD-WISE,Togo,1 km - 10 km,Western Africa,Africa,1985-??-??,"Attribution 3.0 International (CC BY 3.0), https://creativecommons.org/licenses/by/3.0/"
1.333333,9.75,1121036,21713,TG0008,A3,12,35,0,{25.0},"{""instrument = [ pipette ] sample pretreatment = [ sieved over 2 mm sieve ] size = [ 0.002 - 0.05 mm ]""}",25,WD-WISE,Togo,1 km - 10 km,Western Africa,Africa,1985-??-??,"Attribution 3.0 International (CC BY 3.0), https://creativecommons.org/licenses/by/3.0/"
1.333333,9.75,1121036,21714,TG0008,(B),35,90,0,{30.0},"{""instrument = [ pipette ] sample pretreatment = [ sieved over 2 mm sieve ] size = [ 0.002 - 0.05 mm ]""}",30,WD-WISE,Togo,1 km - 10 km,Western Africa,Africa,1985-??-??,"Attribution 3.0 International (CC BY 3.0), https://creativecommons.org/licenses/by/3.0/"
1.333333,9.75,1121036,21715,TG0008,C,90,140,0,{30.0},"{""instrument = [ pipette ] sample pretreatment = [ sieved over 2 mm sieve ] size = [ 0.002 - 0.05 mm ]""}",30,WD-WISE,Togo,1 km - 10 km,Western Africa,Africa,1985-??-??,"Attribution 3.0 International (CC BY 3.0), https://creativecommons.org/licenses/by/3.0/"
