crop,sub_region,season_group,area_planted_ha,area_harvested_ha,production_mt,yield_over_harvested,yield_over_planted,cv_area_planted_pct,cv_area_harvested_pct,cv_production_pct,harvest_loss_ratio,year,daily_year,daily_season_total_mm,daily_longest_dry_spell_days,daily_dry_spell_count_7d,daily_dry_spell_count_10d,daily_rain_days_1mm,daily_rain_days_10mm,daily_rain_days_20mm,daily_mean_wet_day_rainfall,daily_maximum_5day_rainfall,daily_season_onset_day,daily_season_cessation_day,daily_season_length_days,daily_false_onset_flag,temp_year,temp_season_gdd,temp_heat_days,temp_extreme_heat_days,temp_warm_night_days,temp_heatwave_count,rain_MAM,rain_SON,rain_DJF,rain_JJA,rain_annual_rainfall,rain_rain_cv,rain_max_monthly,rain_min_monthly,rain_rainy_months,rain_rainfall_anomaly,rain_rainfall_zscore,rain_MAM_anomaly,rain_MAM_zscore,rain_SON_anomaly,rain_SON_zscore,soil_lat,soil_lon,soil_clay,soil_sand,soil_silt,soil_soc,soil_bdod,soil_cec,soil_phh2o,target_cv,target_reliability_weight,high_uncertainty_flag,yield_consistency_ok,yield_source,rainfall_source,temperature_source,soil_source,soil_moisture_source,yield_granularity,is_proxy,is_imputed,data_quality_score,data_quality_note
maize,Acholi,first_season_2020,47942.14032561288,41732.53402677024,67894.06728161349,1.6268858066002263,1.4161667964861675,16.589763354664175,17.47189964546245,20.00325538597934,0.1295229261077688,2020,2020.0,572.7000713534653,9.625,1.0,0.5,70.125,17.875,1.875,8.171791002696578,57.323903918266296,66.375,91.5,26.125,0.0,2020.0,1725.021875,32.125,4.25,36.625,4.25,429.8889408111572,490.3651552200317,69.14666032791138,518.1679534912109,1507.5687098503113,0.5593996689194904,228.0890274047852,16.66800856590271,9.0,185.7858531475067,1.6576316046658746,46.66194772720337,0.7774568923056622,104.91718101501463,1.6678938868094362,2.948992569163029,32.58856664393185,35.916666666666664,39.8,24.279166666666665,23.097916666666663,1.290625,21.222916666666663,6.214583333333334,20.00325538597934,4.99918628595283,0,True,AAS2020_subregion,CHIRPS_v2.0_monthly+CHIRPS_v2.0_daily_climateserv,NASA_POWER_daily,,,subregion,False,False,A,"Yields from official AAS subregion estimates. Climate features from district centroids (CHIRPS monthly + CHIRPS daily via ClimateSERV + NASA POWER), aggregated to subregion by district mean."
maize,Acholi,second_season_2020,10696.561668655642,6348.980979146792,12646.657888078616,1.9919193221111424,1.1823105666877405,18.42136967448647,19.386080764407403,21.47042551825298,0.4064465595751816,2020,2020.0,689.2091083079576,7.25,0.75,0.0,73.75,24.375,4.625,9.378765549747122,71.7936801314354,215.25,326.25,112.0,0.0,2020.0,1576.105,1.25,0.0,3.5,0.0,429.8889408111572,490.3651552200317,69.14666032791138,518.1679534912109,1507.5687098503113,0.5593996689194904,228.0890274047852,16.66800856590271,9.0,185.7858531475067,1.6576316046658746,46.66194772720337,0.7774568923056622,104.91718101501463,1.6678938868094362,2.948992569163029,32.58856664393185,35.916666666666664,39.8,24.279166666666665,23.097916666666663,1.290625,21.222916666666663,6.214583333333334,21.47042551825298,4.657569544440816,0,True,AAS2020_subregion,CHIRPS_v2.0_monthly+CHIRPS_v2.0_daily_climateserv,NASA_POWER_daily,,,subregion,False,False,A,"Yields from official AAS subregion estimates. Climate features from district centroids (CHIRPS monthly + CHIRPS daily via ClimateSERV + NASA POWER), aggregated to subregion by district mean."
maize,Acholi,total_2020,58638.70199426852,48081.51500591704,80540.7251696921,1.6750870924050658,1.3735079807456232,13.30403559187106,15.445166147719688,16.958306618026867,0.1800378696885781,2020,2020.0,1261.909179661423,9.75,1.75,0.5,143.875,42.25,6.5,8.578404892374339,71.7936801314354,66.375,326.25,260.875,0.0,2020.0,3301.126875,33.375,4.25,40.125,4.25,429.8889408111572,490.3651552200317,69.14666032791138,518.1679534912109,1507.5687098503113,0.5593996689194904,228.0890274047852,16.66800856590271,9.0,185.7858531475067,1.6576316046658746,46.66194772720337,0.7774568923056622,104.91718101501463,1.6678938868094362,2.948992569163029,32.58856664393185,35.916666666666664,39.8,24.279166666666665,23.097916666666663,1.290625,21.222916666666663,6.214583333333334,16.958306618026867,5.896815186352328,0,True,AAS2020_subregion,CHIRPS_v2.0_monthly+CHIRPS_v2.0_daily_climateserv,NASA_POWER_daily,,,subregion,False,False,A,"Yields from official AAS subregion estimates. Climate features from district centroids (CHIRPS monthly + CHIRPS daily via ClimateSERV + NASA POWER), aggregated to subregion by district mean."
maize,Ankole,first_season_2020,8773.79237101778,8025.209403876534,18387.17996876993,2.291177593433027,2.095693537210635,19.024986164773527,20.499349643686564,20.05132831229202,0.0853203421605939,2020,2020.0,349.7021957648918,13.5,3.6,1.1,43.6,10.6,3.3,8.008444253579558,73.6520622253418,79.7,170.1,91.4,0.0,2020.0,1337.8425,0.0,0.0,0.0,0.0,310.6848606109619,444.8346336364746,271.2373676300049,111.68549699783324,1138.4423588752747,0.6943823472467304,239.6933395385742,12.007702255249024,8.7,83.51945714950561,0.8827483995985753,-3.015725326538086,0.0359051322627761,55.38612518310547,0.9817632327328776,-0.4857880185004249,30.39304382746005,36.69166666666666,34.480000000000004,28.84,29.723333333333336,1.2521666666666669,22.166666666666664,5.866666666666666,20.05132831229202,4.98720077007054,0,True,AAS2020_subregion,CHIRPS_v2.0_monthly+CHIRPS_v2.0_daily_climateserv,NASA_POWER_daily,,,subregion,False,False,A,"Yields from official AAS subregion estimates. Climate features from district centroids (CHIRPS monthly + CHIRPS daily via ClimateSERV + NASA POWER), aggregated to subregion by district mean."
maize,Ankole,second_season_2020,11986.055961617616,7469.261789492012,35452.1339451982,4.746403988018382,2.9577814469350803,13.196671304950222,15.758581518624698,16.529419799404966,0.376837400608634,2020,2020.0,503.3400412417949,7.9,0.8,0.3,57.2,17.0,3.5,8.7841959363282,80.87566123008727,263.4,324.6,62.2,0.2,2020.0,1343.2685,0.0,0.0,0.0,0.0,310.6848606109619,444.8346336364746,271.2373676300049,111.68549699783324,1138.4423588752747,0.6943823472467304,239.6933395385742,12.007702255249024,8.7,83.51945714950561,0.8827483995985753,-3.015725326538086,0.0359051322627761,55.38612518310547,0.9817632327328776,-0.4857880185004249,30.39304382746005,36.69166666666666,34.480000000000004,28.84,29.723333333333336,1.2521666666666669,22.166666666666664,5.866666666666666,16.529419799404966,6.049819123330623,0,True,AAS2020_subregion,CHIRPS_v2.0_monthly+CHIRPS_v2.0_daily_climateserv,NASA_POWER_daily,,,subregion,False,False,A,"Yields from official AAS subregion estimates. Climate features from district centroids (CHIRPS monthly + CHIRPS daily via ClimateSERV + NASA POWER), aggregated to subregion by district mean."
maize,Ankole,total_2020,20759.8483326354,15494.471193368548,53839.31391396813,3.474743554785576,2.5934348387955395,14.60853377532311,17.349762463883344,16.65697322495451,0.2536327363716547,2020,2020.0,853.0422370066866,13.5,4.4,1.4,100.8,27.6,6.8,8.286924300112421,88.41481127738953,79.7,324.6,245.9,0.2,2020.0,2681.111,0.0,0.0,0.0,0.0,310.6848606109619,444.8346336364746,271.2373676300049,111.68549699783324,1138.4423588752747,0.6943823472467304,239.6933395385742,12.007702255249024,8.7,83.51945714950561,0.8827483995985753,-3.015725326538086,0.0359051322627761,55.38612518310547,0.9817632327328776,-0.4857880185004249,30.39304382746005,36.69166666666666,34.480000000000004,28.84,29.723333333333336,1.2521666666666669,22.166666666666664,5.866666666666666,16.65697322495451,6.003491669794235,0,True,AAS2020_subregion,CHIRPS_v2.0_monthly+CHIRPS_v2.0_daily_climateserv,NASA_POWER_daily,,,subregion,False,False,A,"Yields from official AAS subregion estimates. Climate features from district centroids (CHIRPS monthly + CHIRPS daily via ClimateSERV + NASA POWER), aggregated to subregion by district mean."
maize,Bukedi,first_season_2020,46005.41547499803,44579.344761353,68965.01039394768,1.5470171390615697,1.499062875139715,9.875934481201492,9.809122856761505,11.446508316265888,0.0309978879425627,2020,2020.0,809.6237435787916,7.333333333333333,0.6666666666666666,0.1666666666666666,77.66666666666667,30.0,6.666666666666667,10.415271057329736,88.75836904843648,65.0,158.83333333333334,94.83333333333331,0.0,2020.0,1534.1625,6.666666666666667,0.0,13.666666666666666,0.6666666666666666,667.2053387959799,794.5850397745768,203.4081185658773,452.7071622212728,2117.9056593577066,0.560799035660458,393.3497365315755,49.560106913248696,11.0,745.7673250834147,5.829329549863792,168.30182266235352,2.438865671778767,402.9198913574219,5.631585246250869,0.8889265350005031,33.93278031056312,39.98888888888889,37.0,23.030555555555555,22.21388888888889,1.3194444444444444,19.625,5.861111111111111,11.446508316265888,8.73628859011062,0,True,AAS2020_subregion,CHIRPS_v2.0_monthly+CHIRPS_v2.0_daily_climateserv,NASA_POWER_daily,,,subregion,False,False,A,"Yields from official AAS subregion estimates. Climate features from district centroids (CHIRPS monthly + CHIRPS daily via ClimateSERV + NASA POWER), aggregated to subregion by district mean."
maize,Bukedi,second_season_2020,38307.0939749609,19856.169874066632,51510.81005911016,2.594196684748674,1.344680703077601,10.48923636761742,12.632343295255431,12.560235646556675,0.481658152219914,2020,2020.0,992.2721540729204,4.666666666666667,0.0,0.0,78.33333333333333,39.16666666666666,11.166666666666666,12.62093760744031,138.83227117856345,219.66666666666663,334.0,115.33333333333331,0.0,2020.0,1501.6674999999998,0.0,0.0,1.0,0.0,667.2053387959799,794.5850397745768,203.4081185658773,452.7071622212728,2117.9056593577066,0.560799035660458,393.3497365315755,49.560106913248696,11.0,745.7673250834147,5.829329549863792,168.30182266235352,2.438865671778767,402.9198913574219,5.631585246250869,0.8889265350005031,33.93278031056312,39.98888888888889,37.0,23.030555555555555,22.21388888888889,1.3194444444444444,19.625,5.861111111111111,12.560235646556675,7.961634065951182,0,True,AAS2020_subregion,CHIRPS_v2.0_monthly+CHIRPS_v2.0_daily_climateserv,NASA_POWER_daily,,,subregion,False,False,A,"Yields from official AAS subregion estimates. Climate features from district centroids (CHIRPS monthly + CHIRPS daily via ClimateSERV + NASA POWER), aggregated to subregion by district mean."
maize,Bukedi,total_2020,84312.50944995893,64435.51463541963,120475.82045305784,1.8697114647833253,1.4289198748681833,9.070555188461109,9.033549190034975,10.570414759153104,0.2357538038449285,2020,2020.0,1801.895897651712,7.333333333333333,0.6666666666666666,0.1666666666666666,156.0,69.16666666666667,17.833333333333332,11.152388814397248,138.83227117856345,65.0,334.0,270.0,0.0,2020.0,3035.83,6.666666666666667,0.0,14.666666666666666,0.6666666666666666,667.2053387959799,794.5850397745768,203.4081185658773,452.7071622212728,2117.9056593577066,0.560799035660458,393.3497365315755,49.560106913248696,11.0,745.7673250834147,5.829329549863792,168.30182266235352,2.438865671778767,402.9198913574219,5.631585246250869,0.8889265350005031,33.93278031056312,39.98888888888889,37.0,23.030555555555555,22.21388888888889,1.3194444444444444,19.625,5.861111111111111,10.570414759153104,9.46036671961318,0,True,AAS2020_subregion,CHIRPS_v2.0_monthly+CHIRPS_v2.0_daily_climateserv,NASA_POWER_daily,,,subregion,False,False,A,"Yields from official AAS subregion estimates. Climate features from district centroids (CHIRPS monthly + CHIRPS daily via ClimateSERV + NASA POWER), aggregated to subregion by district mean."
maize,Bunyoro,first_season_2020,175979.4170716595,170452.2552073215,399310.89354733896,2.3426553850030096,2.269077260238554,15.251338188788091,15.331678571489354,15.499039803341756,0.0314080018919901,2020,2020.0,495.56492937462673,8.285714285714286,0.8571428571428571,0.2857142857142857,61.285714285714285,17.142857142857142,2.142857142857143,8.112740533440107,60.977203028542654,71.28571428571429,150.28571428571428,80.0,0.0,2020.0,1656.509285714286,18.428571428571427,0.0,42.0,2.2857142857142856,401.13837759835377,464.5933271135603,116.57960183279856,357.61904580252514,1339.9303523472377,0.475642250642621,186.5789315359933,29.1850095476423,9.571428571428571,110.54870523725238,1.1906279809710258,-7.240126473563058,-0.1239286595333511,47.28554316929409,0.886999619780174,1.4080781187891254,31.39340891821776,35.91904761904762,40.12142857142857,23.942857142857143,27.39047619047619,1.275952380952381,19.571428571428573,5.892857142857143,15.499039803341756,6.452012593608473,0,True,AAS2020_subregion,CHIRPS_v2.0_monthly+CHIRPS_v2.0_daily_climateserv,NASA_POWER_daily,,,subregion,False,False,A,"Yields from official AAS subregion estimates. Climate features from district centroids (CHIRPS monthly + CHIRPS daily via ClimateSERV + NASA POWER), aggregated to subregion by district mean."
maize,Bunyoro,second_season_2020,157769.22991330645,93771.61150004598,286465.37767513114,3.0549264654046246,1.8157240029157948,14.894061671122882,18.231437997273936,17.07727225114018,0.405640684488521,2020,2020.0,615.2274812289646,6.142857142857143,0.4285714285714285,0.0,72.57142857142857,19.428571428571427,3.0,8.509187926749274,60.676331111363005,220.14285714285717,328.85714285714283,109.71428571428572,0.0,2020.0,1627.2207142857144,7.714285714285714,0.0,38.57142857142857,0.5714285714285714,401.13837759835377,464.5933271135603,116.57960183279856,357.61904580252514,1339.9303523472377,0.475642250642621,186.5789315359933,29.1850095476423,9.571428571428571,110.54870523725238,1.1906279809710258,-7.240126473563058,-0.1239286595333511,47.28554316929409,0.886999619780174,1.4080781187891254,31.39340891821776,35.91904761904762,40.12142857142857,23.942857142857143,27.39047619047619,1.275952380952381,19.571428571428573,5.892857142857143,17.07727225114018,5.855736122806346,0,True,AAS2020_subregion,CHIRPS_v2.0_monthly+CHIRPS_v2.0_daily_climateserv,NASA_POWER_daily,,,subregion,False,False,A,"Yields from official AAS subregion estimates. Climate features from district centroids (CHIRPS monthly + CHIRPS daily via ClimateSERV + NASA POWER), aggregated to subregion by district mean."
maize,Bunyoro,total_2020,333748.64698496595,264223.8667073675,685776.2712224701,2.5954365128642194,2.0547686931997107,14.823885150160562,15.179980716754743,15.202880651236114,0.2083147929008092,2020,2020.0,1110.7924106035914,8.285714285714286,1.2857142857142858,0.2857142857142857,133.85714285714286,36.57142857142857,5.142857142857143,8.250283932768435,70.5503591809954,71.28571428571429,328.85714285714283,258.57142857142856,0.0,2020.0,3283.73,26.142857142857142,0.0,80.57142857142857,2.857142857142857,401.13837759835377,464.5933271135603,116.57960183279856,357.61904580252514,1339.9303523472377,0.475642250642621,186.5789315359933,29.1850095476423,9.571428571428571,110.54870523725238,1.1906279809710258,-7.240126473563058,-0.1239286595333511,47.28554316929409,0.886999619780174,1.4080781187891254,31.39340891821776,35.91904761904762,40.12142857142857,23.942857142857143,27.39047619047619,1.275952380952381,19.571428571428573,5.892857142857143,15.202880651236114,6.57770078540143,0,True,AAS2020_subregion,CHIRPS_v2.0_monthly+CHIRPS_v2.0_daily_climateserv,NASA_POWER_daily,,,subregion,False,False,A,"Yields from official AAS subregion estimates. Climate features from district centroids (CHIRPS monthly + CHIRPS daily via ClimateSERV + NASA POWER), aggregated to subregion by district mean."
maize,Busoga,first_season_2020,124578.5300679457,117552.77324600064,178943.35255991446,1.5222384603844508,1.4363899819841983,11.36669466268392,12.294182115478415,11.292854602544352,0.0563962090266532,2020,2020.0,773.2258974894881,7.0,0.7,0.1,74.0,34.4,6.3,10.456889315629269,81.66407179832458,65.6,167.5,102.9,0.0,2020.0,1535.425,2.4,0.0,24.6,0.2,675.7435874938965,847.9992752075195,234.8438678741455,356.6991767883301,2115.2859073638915,0.6360433018749576,446.7699676513672,57.443873977661134,11.7,777.0088912963868,7.123400742899475,178.89663009643556,2.878829265571324,452.3278518676758,7.761510064885504,0.7262101537158856,33.473807107491325,38.23,39.06999999999999,22.69833333333333,22.363333333333333,1.3295,18.055,5.785,11.292854602544352,8.855156957167354,0,True,AAS2020_subregion,CHIRPS_v2.0_monthly+CHIRPS_v2.0_daily_climateserv,NASA_POWER_daily,,,subregion,False,False,A,"Yields from official AAS subregion estimates. Climate features from district centroids (CHIRPS monthly + CHIRPS daily via ClimateSERV + NASA POWER), aggregated to subregion by district mean."
maize,Busoga,second_season_2020,104778.51309650268,73939.46604062416,127450.43128546736,1.723713168491681,1.2163794610072722,11.190791135109194,12.872859677786522,13.081074447411623,0.2943260611789295,2020,2020.0,1029.6410896658897,4.7,0.0,0.0,79.0,36.5,11.5,13.043076616117643,155.53175468444823,219.1,334.0,115.9,0.0,2020.0,1515.443,0.0,0.0,2.2,0.0,675.7435874938965,847.9992752075195,234.8438678741455,356.6991767883301,2115.2859073638915,0.6360433018749576,446.7699676513672,57.443873977661134,11.7,777.0088912963868,7.123400742899475,178.89663009643556,2.878829265571324,452.3278518676758,7.761510064885504,0.7262101537158856,33.473807107491325,38.23,39.06999999999999,22.69833333333333,22.363333333333333,1.3295,18.055,5.785,13.081074447411623,7.644631975914424,0,True,AAS2020_subregion,CHIRPS_v2.0_monthly+CHIRPS_v2.0_daily_climateserv,NASA_POWER_daily,,,subregion,False,False,A,"Yields from official AAS subregion estimates. Climate features from district centroids (CHIRPS monthly + CHIRPS daily via ClimateSERV + NASA POWER), aggregated to subregion by district mean."
maize,Busoga,total_2020,229357.0431644484,191492.2392866248,306393.7838453818,1.60003238244435,1.335881295023926,10.621829411430818,11.651995171789787,10.762188417763424,0.1650910883546517,2020,2020.0,1802.866987155378,7.3,0.7,0.1,153.0,70.9,17.8,11.338777301708948,155.53175468444823,65.6,334.0,269.4,0.0,2020.0,3050.868,2.4,0.0,26.8,0.2,675.7435874938965,847.9992752075195,234.8438678741455,356.6991767883301,2115.2859073638915,0.6360433018749576,446.7699676513672,57.443873977661134,11.7,777.0088912963868,7.123400742899475,178.89663009643556,2.878829265571324,452.3278518676758,7.761510064885504,0.7262101537158856,33.473807107491325,38.23,39.06999999999999,22.69833333333333,22.363333333333333,1.3295,18.055,5.785,10.762188417763424,9.291790490765427,0,True,AAS2020_subregion,CHIRPS_v2.0_monthly+CHIRPS_v2.0_daily_climateserv,NASA_POWER_daily,,,subregion,False,False,A,"Yields from official AAS subregion estimates. Climate features from district centroids (CHIRPS monthly + CHIRPS daily via ClimateSERV + NASA POWER), aggregated to subregion by district mean."
maize,Elgon,first_season_2020,77029.08377880692,61935.39105335199,160513.2619783088,2.591624259545572,2.083800742577065,17.732660565732,17.573481259724826,21.831516561483628,0.1959479716622005,2020,2020.0,866.8314718306065,12.375,2.0,1.0,61.75,35.0,12.25,14.047689406965448,100.17534798383711,64.0,141.25,78.25,0.0,2020.0,1199.360625,6.5,0.0,0.0,0.0,655.4807319641113,798.0750713348389,158.2289593219757,782.5927791595459,2394.377541780472,0.5263333911348054,363.87797927856445,21.96851897239685,10.5,809.3076527118683,5.100997321581116,143.17700672149658,1.7398683522203706,347.93835639953613,3.6619587452533766,1.19992745324261,34.4057876713486,41.06666666666667,34.6875,24.23333333333333,35.19166666666666,1.1777083333333334,22.4625,5.83125,21.831516561483628,4.5805338222093805,0,True,AAS2020_subregion,CHIRPS_v2.0_monthly+CHIRPS_v2.0_daily_climateserv,NASA_POWER_daily,,,subregion,False,False,A,"Yields from official AAS subregion estimates. Climate features from district centroids (CHIRPS monthly + CHIRPS daily via ClimateSERV + NASA POWER), aggregated to subregion by district mean."
maize,Elgon,second_season_2020,13874.652805084006,4762.830529997424,16304.835535656615,3.423349924580549,1.175152687761825,28.232076906195186,22.691492693937057,31.38085242054418,0.6567243449686749,2020,2020.0,1130.8543752878904,8.375,1.375,0.125,61.5,45.75,20.0,18.42114997915324,132.78024780750275,215.5,311.625,97.125,0.0,2020.0,1107.919375,0.0,0.0,0.0,0.0,655.4807319641113,798.0750713348389,158.2289593219757,782.5927791595459,2394.377541780472,0.5263333911348054,363.87797927856445,21.96851897239685,10.5,809.3076527118683,5.100997321581116,143.17700672149658,1.7398683522203706,347.93835639953613,3.6619587452533766,1.19992745324261,34.4057876713486,41.06666666666667,34.6875,24.23333333333333,35.19166666666666,1.1777083333333334,22.4625,5.83125,31.38085242054418,3.18665658471829,1,True,AAS2020_subregion,CHIRPS_v2.0_monthly+CHIRPS_v2.0_daily_climateserv,NASA_POWER_daily,,,subregion,False,False,A,"Yields from official AAS subregion estimates. Climate features from district centroids (CHIRPS monthly + CHIRPS daily via ClimateSERV + NASA POWER), aggregated to subregion by district mean."
maize,Elgon,total_2020,90903.73658389092,66698.22158334941,176818.0975139654,2.6510166735556018,1.9451136351341072,16.2786131481389,16.80140034136693,20.825727510031903,0.2662763480377216,2020,2020.0,1997.685847118497,12.5,3.375,1.125,123.25,80.75,32.25,15.485456930224672,134.67745733261108,64.0,311.625,248.625,0.0,2020.0,2307.28,6.5,0.0,0.0,0.0,655.4807319641113,798.0750713348389,158.2289593219757,782.5927791595459,2394.377541780472,0.5263333911348054,363.87797927856445,21.96851897239685,10.5,809.3076527118683,5.100997321581116,143.17700672149658,1.7398683522203706,347.93835639953613,3.6619587452533766,1.19992745324261,34.4057876713486,41.06666666666667,34.6875,24.23333333333333,35.19166666666666,1.1777083333333334,22.4625,5.83125,20.825727510031903,4.801753021680961,0,True,AAS2020_subregion,CHIRPS_v2.0_monthly+CHIRPS_v2.0_daily_climateserv,NASA_POWER_daily,,,subregion,False,False,A,"Yields from official AAS subregion estimates. Climate features from district centroids (CHIRPS monthly + CHIRPS daily via ClimateSERV + NASA POWER), aggregated to subregion by district mean."
maize,Karamoja,first_season_2020,28988.393844896626,18613.29150292707,22662.57695229461,1.2175480596073385,0.7817810491175018,18.944210044857705,24.146308958298484,27.302096025044857,0.3579053878418338,2020,2020.0,638.4189957869904,12.857142857142858,2.2857142857142856,1.2857142857142858,58.0,26.142857142857142,6.142857142857143,11.103146619530133,80.74639129638672,66.71428571428571,135.28571428571428,69.57142857142857,0.0,2020.0,1592.297142857143,29.714285714285715,2.7142857142857144,9.0,3.2857142857142856,490.7982657296317,444.2856695992606,53.92278930119106,535.8876364571707,1524.894361087254,0.6198793666330776,246.3116607666016,10.635579790387837,8.857142857142858,542.8523216928754,4.457076029416298,168.09947095598494,2.629217715768817,209.7671988351005,3.321768440153991,2.512902349560968,34.24920188533877,37.01428571428572,39.42857142857143,23.559523809523807,20.571428571428573,1.275,24.55,6.485714285714286,27.302096025044857,3.662722448425485,0,True,AAS2020_subregion,CHIRPS_v2.0_monthly+CHIRPS_v2.0_daily_climateserv,NASA_POWER_daily,,,subregion,False,False,A,"Yields from official AAS subregion estimates. Climate features from district centroids (CHIRPS monthly + CHIRPS daily via ClimateSERV + NASA POWER), aggregated to subregion by district mean."
maize,Karamoja,second_season_2020,5237.164565568191,698.6315802523923,5060.932846228637,7.244065383360269,0.9663497839082256,93.4912406033966,63.29115911092179,95.80405164331675,0.8666011786519837,2020,2020.0,678.1786400484187,13.714285714285714,3.857142857142857,1.2857142857142858,41.285714285714285,27.285714285714285,11.857142857142858,17.030363016060704,111.91937841687884,224.7142857142857,316.1428571428572,92.42857142857144,0.1428571428571428,2020.0,1486.3157142857142,19.857142857142858,0.0,0.0,2.142857142857143,490.7982657296317,444.2856695992606,53.92278930119106,535.8876364571707,1524.894361087254,0.6198793666330776,246.3116607666016,10.635579790387837,8.857142857142858,542.8523216928754,4.457076029416298,168.09947095598494,2.629217715768817,209.7671988351005,3.321768440153991,2.512902349560968,34.24920188533877,37.01428571428572,39.42857142857143,23.559523809523807,20.571428571428573,1.275,24.55,6.485714285714286,95.80405164331675,1.0437971910864998,1,True,AAS2020_subregion,CHIRPS_v2.0_monthly+CHIRPS_v2.0_daily_climateserv,NASA_POWER_daily,,,subregion,False,False,A,"Yields from official AAS subregion estimates. Climate features from district centroids (CHIRPS monthly + CHIRPS daily via ClimateSERV + NASA POWER), aggregated to subregion by district mean."
maize,Karamoja,total_2020,34225.558410464815,19311.923083179463,27723.50979852325,1.4355644271735015,0.8100235930715013,22.711789575580205,24.43016242589296,32.239936609426564,0.4357455661768065,2020,2020.0,1316.5976358354092,15.142857142857142,6.142857142857143,2.571428571428572,99.28571428571428,53.42857142857143,18.0,12.77019983400575,111.91937841687884,66.71428571428571,316.1428571428572,250.42857142857144,0.1428571428571428,2020.0,3078.612857142857,49.57142857142857,2.7142857142857144,9.0,5.428571428571429,490.7982657296317,444.2856695992606,53.92278930119106,535.8876364571707,1524.894361087254,0.6198793666330776,246.3116607666016,10.635579790387837,8.857142857142858,542.8523216928754,4.457076029416298,168.09947095598494,2.629217715768817,209.7671988351005,3.321768440153991,2.512902349560968,34.24920188533877,37.01428571428572,39.42857142857143,23.559523809523807,20.571428571428573,1.275,24.55,6.485714285714286,32.239936609426564,3.1017430713794023,1,True,AAS2020_subregion,CHIRPS_v2.0_monthly+CHIRPS_v2.0_daily_climateserv,NASA_POWER_daily,,,subregion,False,False,A,"Yields from official AAS subregion estimates. Climate features from district centroids (CHIRPS monthly + CHIRPS daily via ClimateSERV + NASA POWER), aggregated to subregion by district mean."
maize,Kigezi,first_season_2020,5228.6625781950825,4389.13769589533,7368.617378566739,1.6788303054282812,1.4092738378827194,25.8180164851992,27.98378595558704,32.09402224593719,0.160562069122761,2020,2020.0,419.8052535884082,16.0,3.0,1.6,45.4,11.6,3.4,9.334573627051634,79.99146547317505,70.2,172.8,103.6,0.0,2020.0,1226.184,0.0,0.0,0.0,0.0,366.7005142211914,417.3038024902344,306.2587135314941,107.26607494354248,1197.5291051864624,0.592968414615566,199.07511291503903,8.237049102783203,10.0,75.93529834747315,0.7648774248931078,17.782861328125,0.4063375125656762,25.92437896728516,0.493283613934104,-1.019403368249541,29.831596063494143,39.79666666666667,32.08,28.14,37.58,1.165333333333333,24.08,5.66,32.09402224593719,3.1158450391072154,1,True,AAS2020_subregion,CHIRPS_v2.0_monthly+CHIRPS_v2.0_daily_climateserv,NASA_POWER_daily,,,subregion,False,False,A,"Yields from official AAS subregion estimates. Climate features from district centroids (CHIRPS monthly + CHIRPS daily via ClimateSERV + NASA POWER), aggregated to subregion by district mean."
maize,Kigezi,second_season_2020,9892.739728998818,3581.735668011803,16405.878281369343,4.580426866194772,1.658375609870581,23.034586873294348,18.717003393404777,25.93422094886716,0.6379430000050867,2020,2020.0,463.2281153954565,8.4,1.6,0.4,56.2,14.6,3.0,8.43383158217954,73.5714608669281,256.8,299.2,43.4,0.4,2020.0,1226.238,0.0,0.0,0.0,0.0,366.7005142211914,417.3038024902344,306.2587135314941,107.26607494354248,1197.5291051864624,0.592968414615566,199.07511291503903,8.237049102783203,10.0,75.93529834747315,0.7648774248931078,17.782861328125,0.4063375125656762,25.92437896728516,0.493283613934104,-1.019403368249541,29.831596063494143,39.79666666666667,32.08,28.14,37.58,1.165333333333333,24.08,5.66,25.93422094886716,3.855909155596522,0,True,AAS2020_subregion,CHIRPS_v2.0_monthly+CHIRPS_v2.0_daily_climateserv,NASA_POWER_daily,,,subregion,False,False,A,"Yields from official AAS subregion estimates. Climate features from district centroids (CHIRPS monthly + CHIRPS daily via ClimateSERV + NASA POWER), aggregated to subregion by district mean."
maize,Kigezi,total_2020,15121.4023071939,7970.873363907132,23774.49565993608,2.9826713553861293,1.5722414612714544,20.81745801460174,21.86894045193839,23.20254881528554,0.4728747240515487,2020,2020.0,883.0333689838648,16.2,4.6,2.0,101.6,26.2,6.4,9.009084415346384,81.86837434768677,70.2,299.2,230.0,0.4,2020.0,2452.422,0.0,0.0,0.0,0.0,366.7005142211914,417.3038024902344,306.2587135314941,107.26607494354248,1197.5291051864624,0.592968414615566,199.07511291503903,8.237049102783203,10.0,75.93529834747315,0.7648774248931078,17.782861328125,0.4063375125656762,25.92437896728516,0.493283613934104,-1.019403368249541,29.831596063494143,39.79666666666667,32.08,28.14,37.58,1.165333333333333,24.08,5.66,23.20254881528554,4.309871333364948,0,True,AAS2020_subregion,CHIRPS_v2.0_monthly+CHIRPS_v2.0_daily_climateserv,NASA_POWER_daily,,,subregion,False,False,A,"Yields from official AAS subregion estimates. Climate features from district centroids (CHIRPS monthly + CHIRPS daily via ClimateSERV + NASA POWER), aggregated to subregion by district mean."
maize,Lango,first_season_2020,69185.29275555443,67264.57029434633,103057.8844719054,1.5321273000173696,1.489592373859422,15.14678643986634,14.909516987867702,15.107604414408504,0.027762005257308,2020,2020.0,569.0463572852314,9.125,1.25,0.25,69.0,18.5,2.375,8.23657017869764,57.27364045381546,68.875,112.625,44.75,0.0,2020.0,1673.785,24.5,0.75,34.375,2.875,445.3541011810303,489.1878824234009,77.11536657810211,467.53977966308594,1479.1971298456192,0.5430420105428071,213.06434631347656,17.895450234413147,9.0,173.28332769870758,1.4357485546175497,38.312665939331055,0.5780503290727711,96.94019031524658,1.3718757587684112,2.173355946956628,32.88726991358652,37.922916666666666,38.145833333333336,23.941666666666663,23.510416666666664,1.3008333333333333,21.0125,6.166666666666667,15.107604414408504,6.619183111825953,0,True,AAS2020_subregion,CHIRPS_v2.0_monthly+CHIRPS_v2.0_daily_climateserv,NASA_POWER_daily,,,subregion,False,False,A,"Yields from official AAS subregion estimates. Climate features from district centroids (CHIRPS monthly + CHIRPS daily via ClimateSERV + NASA POWER), aggregated to subregion by district mean."
maize,Lango,second_season_2020,137032.14525612045,66295.05738240275,195502.2530964039,2.9489717758099068,1.4266889913384897,11.73544245354198,13.95645092152128,14.755382612409312,0.5162079871223375,2020,2020.0,693.9344414919615,6.875,0.75,0.0,69.125,24.875,5.875,10.076766247258846,72.63106587529182,218.75,325.0,107.25,0.0,2020.0,1601.58875,11.25,0.0,11.125,0.75,445.3541011810303,489.1878824234009,77.11536657810211,467.53977966308594,1479.1971298456192,0.5430420105428071,213.06434631347656,17.895450234413147,9.0,173.28332769870758,1.4357485546175497,38.312665939331055,0.5780503290727711,96.94019031524658,1.3718757587684112,2.173355946956628,32.88726991358652,37.922916666666666,38.145833333333336,23.941666666666663,23.510416666666664,1.3008333333333333,21.0125,6.166666666666667,14.755382612409312,6.777187866067245,0,True,AAS2020_subregion,CHIRPS_v2.0_monthly+CHIRPS_v2.0_daily_climateserv,NASA_POWER_daily,,,subregion,False,False,A,"Yields from official AAS subregion estimates. Climate features from district centroids (CHIRPS monthly + CHIRPS daily via ClimateSERV + NASA POWER), aggregated to subregion by district mean."
maize,Lango,total_2020,206217.43801167488,133559.62767674908,298560.1375683093,2.235407081928281,1.447792875554038,11.97803328582834,13.072659794416117,13.762194947479353,0.3523359180265459,2020,2020.0,1262.9807987771928,9.125,2.0,0.25,138.125,43.375,8.25,8.84463015650077,72.63106587529182,68.875,325.0,257.125,0.0,2020.0,3275.37375,35.75,0.75,45.5,3.625,445.3541011810303,489.1878824234009,77.11536657810211,467.53977966308594,1479.1971298456192,0.5430420105428071,213.06434631347656,17.895450234413147,9.0,173.28332769870758,1.4357485546175497,38.312665939331055,0.5780503290727711,96.94019031524658,1.3718757587684112,2.173355946956628,32.88726991358652,37.922916666666666,38.145833333333336,23.941666666666663,23.510416666666664,1.3008333333333333,21.0125,6.166666666666667,13.762194947479353,7.266282768237906,0,True,AAS2020_subregion,CHIRPS_v2.0_monthly+CHIRPS_v2.0_daily_climateserv,NASA_POWER_daily,,,subregion,False,False,A,"Yields from official AAS subregion estimates. Climate features from district centroids (CHIRPS monthly + CHIRPS daily via ClimateSERV + NASA POWER), aggregated to subregion by district mean."
maize,North Buganda,first_season_2020,215227.037221874,192545.52599748352,417709.7937484132,2.169407944352197,1.940786804205288,14.404944499910464,14.57607379166666,15.123540005708216,0.1053841167780815,2020,2020.0,596.5756522737105,10.454545454545457,1.9090909090909087,0.6363636363636364,63.18181818181818,22.818181818181817,4.181818181818182,9.33537023175804,73.27073834159158,65.54545454545455,167.63636363636363,103.0909090909091,0.0,2020.0,1489.3245454545454,1.0909090909090908,0.0,23.0,0.0909090909090909,534.0825445001775,585.1156560724431,221.46812213550916,283.7430354031649,1624.4093581112948,0.5541317732990907,289.1916711980646,42.72436783530495,10.363636363636363,363.43386806141245,3.105579434574232,83.39436756480823,1.3190006517931412,191.0105604691939,2.745650655953237,0.7234939693435596,32.36247047527122,34.09090909090909,39.64545454545455,26.26363636363636,28.11969696969697,1.3089393939393938,19.425757575757576,5.828787878787879,15.123540005708216,6.612208514822329,0,True,AAS2020_subregion,CHIRPS_v2.0_monthly+CHIRPS_v2.0_daily_climateserv,NASA_POWER_daily,,,subregion,False,False,A,"Yields from official AAS subregion estimates. Climate features from district centroids (CHIRPS monthly + CHIRPS daily via ClimateSERV + NASA POWER), aggregated to subregion by district mean."
maize,North Buganda,second_season_2020,223403.78002482187,160691.5591261233,431736.4927749645,2.686740331121587,1.932538888675005,12.96591442306122,14.189739878565364,15.35713871023032,0.2807124431454596,2020,2020.0,720.6998075653206,6.090909090909091,0.4545454545454545,0.0,67.45454545454545,25.818181818181817,6.363636363636363,10.650067078657424,90.05280941182917,222.54545454545453,316.1818181818182,94.63636363636364,0.0909090909090909,2020.0,1494.8449999999998,0.3636363636363636,0.0,16.181818181818183,0.0909090909090909,534.0825445001775,585.1156560724431,221.46812213550916,283.7430354031649,1624.4093581112948,0.5541317732990907,289.1916711980646,42.72436783530495,10.363636363636363,363.43386806141245,3.105579434574232,83.39436756480823,1.3190006517931412,191.0105604691939,2.745650655953237,0.7234939693435596,32.36247047527122,34.09090909090909,39.64545454545455,26.26363636363636,28.11969696969697,1.3089393939393938,19.425757575757576,5.828787878787879,15.35713871023032,6.511629665321962,0,True,AAS2020_subregion,CHIRPS_v2.0_monthly+CHIRPS_v2.0_daily_climateserv,NASA_POWER_daily,,,subregion,False,False,A,"Yields from official AAS subregion estimates. Climate features from district centroids (CHIRPS monthly + CHIRPS daily via ClimateSERV + NASA POWER), aggregated to subregion by district mean."
maize,North Buganda,total_2020,438630.8172466959,353237.08512360684,849446.2865233778,2.404748318614775,1.9365859696210763,13.26216373897659,14.01329983761593,14.730685246237874,0.1946824727435001,2020,2020.0,1317.275459839031,10.545454545454543,2.363636363636364,0.6363636363636364,130.63636363636363,48.63636363636363,10.545454545454543,9.78082012490778,93.0529879656705,65.54545454545455,316.1818181818182,251.63636363636363,0.0909090909090909,2020.0,2984.169545454545,1.4545454545454546,0.0,39.18181818181818,0.1818181818181818,534.0825445001775,585.1156560724431,221.46812213550916,283.7430354031649,1624.4093581112948,0.5541317732990907,289.1916711980646,42.72436783530495,10.363636363636363,363.43386806141245,3.105579434574232,83.39436756480823,1.3190006517931412,191.0105604691939,2.745650655953237,0.7234939693435596,32.36247047527122,34.09090909090909,39.64545454545455,26.26363636363636,28.11969696969697,1.3089393939393938,19.425757575757576,5.828787878787879,14.730685246237874,6.788550452908455,0,True,AAS2020_subregion,CHIRPS_v2.0_monthly+CHIRPS_v2.0_daily_climateserv,NASA_POWER_daily,,,subregion,False,False,A,"Yields from official AAS subregion estimates. Climate features from district centroids (CHIRPS monthly + CHIRPS daily via ClimateSERV + NASA POWER), aggregated to subregion by district mean."
maize,South Buganda,first_season_2020,125557.02432467446,115468.58604451432,191530.032408548,1.658719821291578,1.5254425902391229,22.20082568868207,23.033297881011123,18.255009247480807,0.0803494534409539,2020,2020.0,632.6961471550167,11.5,2.4166666666666665,0.5833333333333334,53.333333333333336,24.08333333333333,8.833333333333334,11.671595858552672,100.54858708381651,68.75,164.25,96.5,0.0,2020.0,1396.0579166666666,0.0,0.0,26.166666666666668,0.0,596.6642297108968,424.3638032277425,321.55711936950684,204.17437903086343,1546.7595313390095,0.5585967595020187,291.59664662679035,35.71348237991333,10.416666666666666,326.36190096537274,2.92554018440288,125.44070943196614,2.0489094133421104,70.50124168395996,1.0664570234307853,-0.1303685010754083,31.77373586771704,35.22222222222222,40.80138888888889,23.98333333333333,26.593055555555555,1.3072222222222225,18.944444444444443,5.747222222222223,18.255009247480807,5.47794847125591,0,True,AAS2020_subregion,CHIRPS_v2.0_monthly+CHIRPS_v2.0_daily_climateserv,NASA_POWER_daily,,,subregion,False,False,A,"Yields from official AAS subregion estimates. Climate features from district centroids (CHIRPS monthly + CHIRPS daily via ClimateSERV + NASA POWER), aggregated to subregion by district mean."
maize,South Buganda,second_season_2020,102766.93537164223,83933.63233029463,194276.26534969616,2.314641460829224,1.890454985809621,19.10868159790685,22.71591307493866,21.704358314262265,0.1832622815231339,2020,2020.0,510.407003539304,8.0,1.1666666666666667,0.25,59.16666666666666,18.5,1.75,8.583431824311234,54.65515933434168,244.83333333333331,321.1666666666667,77.33333333333333,0.1666666666666666,2020.0,1404.0341666666666,0.0,0.0,23.666666666666668,0.0,596.6642297108968,424.3638032277425,321.55711936950684,204.17437903086343,1546.7595313390095,0.5585967595020187,291.59664662679035,35.71348237991333,10.416666666666666,326.36190096537274,2.92554018440288,125.44070943196614,2.0489094133421104,70.50124168395996,1.0664570234307853,-0.1303685010754083,31.77373586771704,35.22222222222222,40.80138888888889,23.98333333333333,26.593055555555555,1.3072222222222225,18.944444444444443,5.747222222222223,21.704358314262265,4.607369568456142,0,True,AAS2020_subregion,CHIRPS_v2.0_monthly+CHIRPS_v2.0_daily_climateserv,NASA_POWER_daily,,,subregion,False,False,A,"Yields from official AAS subregion estimates. Climate features from district centroids (CHIRPS monthly + CHIRPS daily via ClimateSERV + NASA POWER), aggregated to subregion by district mean."
maize,South Buganda,total_2020,228323.9596963167,199402.21837480896,385806.2977582441,1.9348144714872644,1.6897319855147372,16.453591932179805,17.576797197466302,16.432129845884923,0.1266697606329849,2020,2020.0,1143.103150694321,11.833333333333334,3.583333333333333,0.8333333333333334,112.5,42.583333333333336,10.583333333333334,10.623570783209432,100.74315484364828,68.75,321.1666666666667,253.41666666666663,0.1666666666666666,2020.0,2800.092083333333,0.0,0.0,49.833333333333336,0.0,596.6642297108968,424.3638032277425,321.55711936950684,204.17437903086343,1546.7595313390095,0.5585967595020187,291.59664662679035,35.71348237991333,10.416666666666666,326.36190096537274,2.92554018440288,125.44070943196614,2.0489094133421104,70.50124168395996,1.0664570234307853,-0.1303685010754083,31.77373586771704,35.22222222222222,40.80138888888889,23.98333333333333,26.593055555555555,1.3072222222222225,18.944444444444443,5.747222222222223,16.432129845884923,6.085638376637029,0,True,AAS2020_subregion,CHIRPS_v2.0_monthly+CHIRPS_v2.0_daily_climateserv,NASA_POWER_daily,,,subregion,False,False,A,"Yields from official AAS subregion estimates. Climate features from district centroids (CHIRPS monthly + CHIRPS daily via ClimateSERV + NASA POWER), aggregated to subregion by district mean."
maize,Teso,first_season_2020,43328.557223445394,38173.183394774285,52369.138238923326,1.3718829183654722,1.2086517898312572,16.33521281097101,12.485533058134896,17.74650106778382,0.1189832793666505,2020,2020.0,718.8491614870727,12.0,1.875,0.875,64.25,29.25,6.25,11.269178719280108,79.04015874862671,66.375,138.5,73.125,0.0,2020.0,1669.525,30.0,2.25,34.0,4.125,567.0684833526611,544.7363414764404,94.35681462287904,545.4307222366333,1751.592361688614,0.5267747515057891,252.7609806060791,18.44440770149231,9.125,432.5460443496704,3.148880772905238,110.15176582336426,1.4473873597718143,180.83578395843503,2.436987242438899,1.6948526242621509,33.696768641438275,39.75416666666666,37.083333333333336,23.166666666666664,22.95,1.309583333333333,22.016666666666666,6.116666666666667,17.74650106778382,5.634913587644349,0,True,AAS2020_subregion,CHIRPS_v2.0_monthly+CHIRPS_v2.0_daily_climateserv,NASA_POWER_daily,,,subregion,False,False,A,"Yields from official AAS subregion estimates. Climate features from district centroids (CHIRPS monthly + CHIRPS daily via ClimateSERV + NASA POWER), aggregated to subregion by district mean."
maize,Teso,second_season_2020,50805.87175391593,20599.10335032369,31725.841334267127,1.540156423059482,0.6244522579581919,13.912503766713566,14.26600221224707,18.56680274224161,0.5945527034729803,2020,2020.0,771.3133741170168,6.25,0.75,0.0,66.375,30.0,7.75,11.734419782703148,92.56062760949136,215.75,319.375,104.625,0.0,2020.0,1599.635625,15.125,0.0,11.0,1.625,567.0684833526611,544.7363414764404,94.35681462287904,545.4307222366333,1751.592361688614,0.5267747515057891,252.7609806060791,18.44440770149231,9.125,432.5460443496704,3.148880772905238,110.15176582336426,1.4473873597718143,180.83578395843503,2.436987242438899,1.6948526242621509,33.696768641438275,39.75416666666666,37.083333333333336,23.166666666666664,22.95,1.309583333333333,22.016666666666666,6.116666666666667,18.56680274224161,5.385956935519572,0,True,AAS2020_subregion,CHIRPS_v2.0_monthly+CHIRPS_v2.0_daily_climateserv,NASA_POWER_daily,,,subregion,False,False,A,"Yields from official AAS subregion estimates. Climate features from district centroids (CHIRPS monthly + CHIRPS daily via ClimateSERV + NASA POWER), aggregated to subregion by district mean."
maize,Teso,total_2020,94134.42897736133,58772.286745097976,84094.97957319045,1.4308611121074777,0.8933498666403416,13.39223144653374,11.427057424158702,16.686383697504095,0.3756557788305881,2020,2020.0,1490.1625356040895,12.0,2.625,0.875,130.625,59.25,14.0,11.422720584285171,94.30053216218948,66.375,319.375,254.0,0.0,2020.0,3269.1606249999995,45.125,2.25,45.0,5.75,567.0684833526611,544.7363414764404,94.35681462287904,545.4307222366333,1751.592361688614,0.5267747515057891,252.7609806060791,18.44440770149231,9.125,432.5460443496704,3.148880772905238,110.15176582336426,1.4473873597718143,180.83578395843503,2.436987242438899,1.6948526242621509,33.696768641438275,39.75416666666666,37.083333333333336,23.166666666666664,22.95,1.309583333333333,22.016666666666666,6.116666666666667,16.686383697504095,5.99291025622033,0,True,AAS2020_subregion,CHIRPS_v2.0_monthly+CHIRPS_v2.0_daily_climateserv,NASA_POWER_daily,,,subregion,False,False,A,"Yields from official AAS subregion estimates. Climate features from district centroids (CHIRPS monthly + CHIRPS daily via ClimateSERV + NASA POWER), aggregated to subregion by district mean."
maize,Tooro,first_season_2020,64066.41396896392,53605.05896159952,161020.45271850307,3.0038294115831783,2.513336438598033,26.09312179262629,23.904563954035098,25.692759896606,0.1632892237800645,2020,2020.0,420.3883653643231,7.5,1.3333333333333333,0.0,59.833333333333336,11.833333333333334,2.333333333333333,7.062722270110696,71.11472137769063,79.83333333333333,172.66666666666666,93.83333333333331,0.0,2020.0,1342.7875,0.0,0.0,0.0,0.0,355.97414525349933,431.6625912984212,204.09065055847168,212.6048501332601,1204.3322372436523,0.4793259974136277,190.47071838378903,32.74074681599935,9.166666666666666,16.10162099202474,0.1709815567377501,-12.726359049479166,-0.2667215358856098,13.203530629475912,0.2172936340253973,0.4841465980969281,30.43268353930232,38.82222222222222,34.72222222222222,26.45833333333333,31.425,1.2222222222222223,21.03333333333333,5.7444444444444445,25.692759896606,3.892147064092167,0,True,AAS2020_subregion,CHIRPS_v2.0_monthly+CHIRPS_v2.0_daily_climateserv,NASA_POWER_daily,,,subregion,False,False,A,"Yields from official AAS subregion estimates. Climate features from district centroids (CHIRPS monthly + CHIRPS daily via ClimateSERV + NASA POWER), aggregated to subregion by district mean."
maize,Tooro,second_season_2020,85373.47509107928,45901.87972764587,196466.209804524,4.280134298861751,2.301255859562086,21.15153463720992,29.60295582909324,22.956032838810632,0.462340268113999,2020,2020.0,539.9655496279398,5.666666666666667,0.1666666666666666,0.0,75.0,15.833333333333334,0.8333333333333334,7.215844390065075,54.739023526509605,237.16666666666663,334.0,97.83333333333331,0.0,2020.0,1314.0225,0.0,0.0,0.0,0.0,355.97414525349933,431.6625912984212,204.09065055847168,212.6048501332601,1204.3322372436523,0.4793259974136277,190.47071838378903,32.74074681599935,9.166666666666666,16.10162099202474,0.1709815567377501,-12.726359049479166,-0.2667215358856098,13.203530629475912,0.2172936340253973,0.4841465980969281,30.43268353930232,38.82222222222222,34.72222222222222,26.45833333333333,31.425,1.2222222222222223,21.03333333333333,5.7444444444444445,22.956032838810632,4.356153378162752,0,True,AAS2020_subregion,CHIRPS_v2.0_monthly+CHIRPS_v2.0_daily_climateserv,NASA_POWER_daily,,,subregion,False,False,A,"Yields from official AAS subregion estimates. Climate features from district centroids (CHIRPS monthly + CHIRPS daily via ClimateSERV + NASA POWER), aggregated to subregion by district mean."
maize,Tooro,total_2020,149439.8890600432,99506.9386892454,357486.66252302704,3.592580248493403,2.392176980132748,22.69602705323804,25.203967087463457,23.46609714536129,0.3341340165926871,2020,2020.0,960.353914992263,7.833333333333333,1.5,0.0,134.83333333333334,27.666666666666668,3.1666666666666665,7.117704760634367,71.11472137769063,79.83333333333333,334.0,255.16666666666663,0.0,2020.0,2656.81,0.0,0.0,0.0,0.0,355.97414525349933,431.6625912984212,204.09065055847168,212.6048501332601,1204.3322372436523,0.4793259974136277,190.47071838378903,32.74074681599935,9.166666666666666,16.10162099202474,0.1709815567377501,-12.726359049479166,-0.2667215358856098,13.203530629475912,0.2172936340253973,0.4841465980969281,30.43268353930232,38.82222222222222,34.72222222222222,26.45833333333333,31.425,1.2222222222222223,21.03333333333333,5.7444444444444445,23.46609714536129,4.261467059500677,0,True,AAS2020_subregion,CHIRPS_v2.0_monthly+CHIRPS_v2.0_daily_climateserv,NASA_POWER_daily,,,subregion,False,False,A,"Yields from official AAS subregion estimates. Climate features from district centroids (CHIRPS monthly + CHIRPS daily via ClimateSERV + NASA POWER), aggregated to subregion by district mean."
maize,West Nile,first_season_2020,39239.518416528,33132.1575052303,41948.48039033027,1.2660956469166913,1.0690365754504578,13.395643531209506,14.64938004915027,15.930838937998889,0.1556431158626358,2020,2020.0,483.52667271438986,8.875,0.875,0.5,61.5,17.625,0.5,7.825545069772218,51.422300547361374,67.0,119.5,53.5,0.0,2020.0,1761.97375,36.5,7.5,65.125,3.375,360.669960975647,493.01258277893066,66.64463460445404,483.4122219085693,1403.739400267601,0.5647084882010742,203.7938175201416,13.26979124546051,9.125,111.49882352352142,1.1023286179104022,7.397730827331543,0.1443218114742419,62.93607711791992,1.0631675336045212,3.117613660206275,31.220983540164852,37.85833333333333,39.25416666666666,22.879166666666663,24.341666666666665,1.296875,17.964583333333334,5.958333333333333,15.930838937998889,6.277133325444393,0,True,AAS2020_subregion,CHIRPS_v2.0_monthly+CHIRPS_v2.0_daily_climateserv,NASA_POWER_daily,,,subregion,False,False,A,"Yields from official AAS subregion estimates. Climate features from district centroids (CHIRPS monthly + CHIRPS daily via ClimateSERV + NASA POWER), aggregated to subregion by district mean."
maize,West Nile,second_season_2020,13264.093799427596,6748.346308868425,17794.31864810569,2.6368413584111803,1.3415404713794767,17.81649627869704,22.056781947081973,19.44418880114001,0.4912320124606141,2020,2020.0,674.592796459794,7.125,0.75,0.125,72.25,24.625,3.875,9.322872237632469,67.03485369682312,222.125,325.875,104.75,0.0,2020.0,1560.473125,0.125,0.0,12.375,0.0,360.669960975647,493.01258277893066,66.64463460445404,483.4122219085693,1403.739400267601,0.5647084882010742,203.7938175201416,13.26979124546051,9.125,111.49882352352142,1.1023286179104022,7.397730827331543,0.1443218114742419,62.93607711791992,1.0631675336045212,3.117613660206275,31.220983540164852,37.85833333333333,39.25416666666666,22.879166666666663,24.341666666666665,1.296875,17.964583333333334,5.958333333333333,19.44418880114001,5.142924758791532,0,True,AAS2020_subregion,CHIRPS_v2.0_monthly+CHIRPS_v2.0_daily_climateserv,NASA_POWER_daily,,,subregion,False,False,A,"Yields from official AAS subregion estimates. Climate features from district centroids (CHIRPS monthly + CHIRPS daily via ClimateSERV + NASA POWER), aggregated to subregion by district mean."
maize,West Nile,total_2020,52503.6122159556,39880.50381409872,59742.79903843596,1.4980452432828957,1.137879786112705,11.56729450230512,13.43707475894552,13.8931134538772,0.2404236179014893,2020,2020.0,1158.119469174184,9.25,1.625,0.625,133.75,42.25,4.375,8.351270635323328,67.03485369682312,67.0,325.875,259.875,0.0,2020.0,3322.446875,36.625,7.5,77.5,3.375,360.669960975647,493.01258277893066,66.64463460445404,483.4122219085693,1403.739400267601,0.5647084882010742,203.7938175201416,13.26979124546051,9.125,111.49882352352142,1.1023286179104022,7.397730827331543,0.1443218114742419,62.93607711791992,1.0631675336045212,3.117613660206275,31.220983540164852,37.85833333333333,39.25416666666666,22.879166666666663,24.341666666666665,1.296875,17.964583333333334,5.958333333333333,13.8931134538772,7.197810651441318,0,True,AAS2020_subregion,CHIRPS_v2.0_monthly+CHIRPS_v2.0_daily_climateserv,NASA_POWER_daily,,,subregion,False,False,A,"Yields from official AAS subregion estimates. Climate features from district centroids (CHIRPS monthly + CHIRPS daily via ClimateSERV + NASA POWER), aggregated to subregion by district mean."
maize,Acholi,total_2018,59946.0,9589.0,55317.0,1.0,0.9,,,22.9,0.840039368765222,2018,2018.0,1297.993301793933,9.5,2.25,0.75,131.0,53.5,7.875,10.09085539189485,74.19288450479507,65.875,312.5,247.625,0.125,2018.0,3571.703125,113.875,13.5,76.25,11.5,587.9534330368042,367.1806235313416,84.7395316362381,463.0955591201782,1502.969147324562,0.5761652462293185,228.6103973388672,3.5434058904647827,9.5,181.1862906217575,1.6256564460291143,204.72643995285037,3.4001401929672337,-18.267350673675537,-0.2996272532481422,2.948992569163029,32.58856664393185,35.916666666666664,39.8,24.279166666666665,23.097916666666663,1.290625,21.222916666666663,6.214583333333334,22.9,4.366812227074236,0,False,AAS2020_subregion,CHIRPS_v2.0_monthly+CHIRPS_v2.0_daily_climateserv,NASA_POWER_daily,,,subregion,False,False,A,"Yields from official AAS subregion estimates. Climate features from district centroids (CHIRPS monthly + CHIRPS daily via ClimateSERV + NASA POWER), aggregated to subregion by district mean."
maize,Ankole,total_2018,59105.0,31004.0,113521.0,2.3,1.9,,,44.6,0.4754420099822349,2018,2018.0,996.1152784257408,19.6,4.4,2.2,119.6,34.0,5.4,8.673759301200255,75.81697468757629,62.5,325.5,264.0,0.3,2018.0,2714.403,3.5,0.0,0.0,0.5,495.5467948913574,380.0913887023926,231.99917488098143,135.87353043556217,1243.5108889102935,0.6427294724306255,247.5020538330078,12.322136735916136,8.9,188.5879871845245,1.89959989335264,181.84620895385743,3.737732083847076,-9.357119750976562,-0.1905290460284211,-0.4857880185004249,30.39304382746005,36.69166666666666,34.480000000000004,28.84,29.723333333333336,1.2521666666666669,22.166666666666664,5.866666666666666,44.6,2.242152466367713,1,False,AAS2020_subregion,CHIRPS_v2.0_monthly+CHIRPS_v2.0_daily_climateserv,NASA_POWER_daily,,,subregion,False,False,A,"Yields from official AAS subregion estimates. Climate features from district centroids (CHIRPS monthly + CHIRPS daily via ClimateSERV + NASA POWER), aggregated to subregion by district mean."
maize,Bukedi,total_2018,138519.0,55486.0,167918.0,1.0,1.2,,,11.2,0.5994340126625228,2018,2018.0,1223.6469823420048,9.666666666666666,3.1666666666666665,1.0,131.5,47.5,8.833333333333334,9.682857167300783,85.07590516408284,66.66666666666667,325.3333333333333,259.6666666666667,0.0,2018.0,3061.883333333333,19.666666666666668,0.0,11.833333333333334,2.0,688.6437784830729,296.1997750600179,179.76185401280722,309.0909481048584,1473.6963556607564,0.6202254517839495,256.36289469401044,17.54391272862752,10.5,101.55802138646445,0.8063606445629515,189.74026234944665,2.743545989419715,-95.46537335713704,-1.345063264936065,0.8889265350005031,33.93278031056312,39.98888888888889,37.0,23.030555555555555,22.21388888888889,1.3194444444444444,19.625,5.861111111111111,11.2,8.928571428571429,0,False,AAS2020_subregion,CHIRPS_v2.0_monthly+CHIRPS_v2.0_daily_climateserv,NASA_POWER_daily,,,subregion,False,False,A,"Yields from official AAS subregion estimates. Climate features from district centroids (CHIRPS monthly + CHIRPS daily via ClimateSERV + NASA POWER), aggregated to subregion by district mean."
maize,Bunyoro,total_2018,451575.0,166383.0,656285.0,1.7,1.5,,,14.4,0.6315495764823119,2018,2018.0,1165.2299720535852,13.714285714285714,1.5714285714285714,1.4285714285714286,136.57142857142858,42.42857142857143,3.571428571428572,8.776554583205309,62.94485630307879,63.42857142857143,326.7142857142857,264.2857142857143,0.0,2018.0,3334.141428571428,53.0,0.0,78.0,7.571428571428571,525.7105691092355,390.0055247715541,164.51955461502075,299.55005264282227,1379.7857011386327,0.5287806758871201,215.79498508998327,10.444469383784703,9.571428571428571,150.4040540286473,1.6417496059959489,117.33206503731864,2.2641972703278577,-27.30225917271205,-0.4875543271725687,1.4080781187891254,31.39340891821776,35.91904761904762,40.12142857142857,23.942857142857143,27.39047619047619,1.275952380952381,19.571428571428573,5.892857142857143,14.4,6.944444444444444,0,False,AAS2020_subregion,CHIRPS_v2.0_monthly+CHIRPS_v2.0_daily_climateserv,NASA_POWER_daily,,,subregion,False,False,A,"Yields from official AAS subregion estimates. Climate features from district centroids (CHIRPS monthly + CHIRPS daily via ClimateSERV + NASA POWER), aggregated to subregion by district mean."
maize,Busoga,total_2018,288146.0,78781.0,320313.0,1.3,1.1,,,18.8,0.7265934630360997,2018,2018.0,1296.9030754357575,11.0,2.7,1.5,130.6,50.6,9.5,10.323244155153237,84.97893571853638,62.6,312.0,250.4,0.4,2018.0,3089.417,15.4,0.0,24.8,2.0,735.6537338256836,321.9559047698975,224.0965503692627,289.6874603271484,1571.3936492919922,0.6150324887960037,275.6630065917969,25.841302108764648,10.5,233.1166332244873,2.1517740743900444,238.80677642822263,3.812354375875167,-73.71551856994628,-1.2631691717331726,0.7262101537158856,33.473807107491325,38.23,39.06999999999999,22.69833333333333,22.363333333333333,1.3295,18.055,5.785,18.8,5.319148936170213,0,False,AAS2020_subregion,CHIRPS_v2.0_monthly+CHIRPS_v2.0_daily_climateserv,NASA_POWER_daily,,,subregion,False,False,A,"Yields from official AAS subregion estimates. Climate features from district centroids (CHIRPS monthly + CHIRPS daily via ClimateSERV + NASA POWER), aggregated to subregion by district mean."
maize,Elgon,total_2018,103443.0,7284.0,133148.0,3.0,1.3,,,60.9,0.929584408804849,2018,2018.0,1537.3219298571348,12.875,3.625,1.75,118.125,65.0,20.625,13.210176756099498,105.4630154967308,62.75,322.5,260.75,0.0,2018.0,2377.785,12.625,0.0,0.0,1.5,821.1363525390625,346.22642946243286,129.94558215141296,530.4853630065918,1827.7937271595,0.658134718643457,325.0998058319092,19.135969161987305,10.0,242.7238380908966,1.5288118442671623,308.8326272964477,3.765680949467672,-103.91028547286987,-1.1330632667152585,1.19992745324261,34.4057876713486,41.06666666666667,34.6875,24.23333333333333,35.19166666666666,1.1777083333333334,22.4625,5.83125,60.9,1.6420361247947457,1,False,AAS2020_subregion,CHIRPS_v2.0_monthly+CHIRPS_v2.0_daily_climateserv,NASA_POWER_daily,,,subregion,False,False,A,"Yields from official AAS subregion estimates. Climate features from district centroids (CHIRPS monthly + CHIRPS daily via ClimateSERV + NASA POWER), aggregated to subregion by district mean."
maize,Karamoja,total_2018,108524.0,4004.0,134685.0,1.0,1.2,,,70.2,0.9631049353138476,2018,2018.0,1184.5411929062434,20.428571428571427,8.571428571428571,3.571428571428572,86.14285714285714,49.42857142857143,15.714285714285714,14.246824615542163,104.75294985089984,65.28571428571429,321.42857142857144,257.1428571428572,0.2857142857142857,2018.0,3225.690714285714,90.42857142857144,2.7142857142857144,8.0,7.714285714285714,665.8696888514927,159.54168483189173,58.64976494652884,459.43540845598494,1343.4965470858983,0.8535693590964771,277.29381016322543,3.9569649696350098,7.428571428571429,361.4545076915196,2.978259744352143,343.170894077846,5.359529608590135,-74.97678593226841,-1.1392735259819262,2.512902349560968,34.24920188533877,37.01428571428572,39.42857142857143,23.559523809523807,20.571428571428573,1.275,24.55,6.485714285714286,70.2,1.4245014245014245,1,False,AAS2020_subregion,CHIRPS_v2.0_monthly+CHIRPS_v2.0_daily_climateserv,NASA_POWER_daily,,,subregion,False,False,A,"Yields from official AAS subregion estimates. Climate features from district centroids (CHIRPS monthly + CHIRPS daily via ClimateSERV + NASA POWER), aggregated to subregion by district mean."
maize,Kigezi,total_2018,22290.0,12258.0,26279.0,1.1,1.2,,,19.4,0.4500672947510094,2018,2018.0,1113.6591416970475,18.2,4.0,2.2,125.0,39.8,7.6,9.547616730039794,79.61275711059571,61.4,307.8,247.4,0.0,2018.0,2419.301,1.4,0.0,0.0,0.2,602.3397262573242,395.1165893554688,273.946004486084,132.51262798309327,1403.91494808197,0.6298086246890426,261.4533721923828,16.309780502319335,9.4,282.32114124298096,2.7728135725666623,253.4220733642578,5.212754661959374,3.7371658325195303,0.0558073930653859,-1.019403368249541,29.831596063494143,39.79666666666667,32.08,28.14,37.58,1.165333333333333,24.08,5.66,19.4,5.154639175257732,0,False,AAS2020_subregion,CHIRPS_v2.0_monthly+CHIRPS_v2.0_daily_climateserv,NASA_POWER_daily,,,subregion,False,False,A,"Yields from official AAS subregion estimates. Climate features from district centroids (CHIRPS monthly + CHIRPS daily via ClimateSERV + NASA POWER), aggregated to subregion by district mean."
maize,Lango,total_2018,211650.0,85884.0,273054.0,1.3,1.3,,,18.3,0.5942168674698796,2018,2018.0,1242.8373610302806,11.875,3.25,1.5,126.625,50.125,8.625,10.014780862379324,77.99202477931976,62.125,323.625,262.5,0.125,2018.0,3524.9312500000005,97.625,6.75,74.25,11.625,593.8219223022461,324.0818738937378,114.95286193490028,422.4948210716248,1455.351479202509,0.5826960740133942,236.17976188659668,4.664751201868057,9.875,149.4376770555973,1.2383927448897447,186.78048706054688,2.9338214629412844,-68.1658182144165,-1.034530383000785,2.173355946956628,32.88726991358652,37.922916666666666,38.145833333333336,23.941666666666663,23.510416666666664,1.3008333333333333,21.0125,6.166666666666667,18.3,5.46448087431694,0,False,AAS2020_subregion,CHIRPS_v2.0_monthly+CHIRPS_v2.0_daily_climateserv,NASA_POWER_daily,,,subregion,False,False,A,"Yields from official AAS subregion estimates. Climate features from district centroids (CHIRPS monthly + CHIRPS daily via ClimateSERV + NASA POWER), aggregated to subregion by district mean."
maize,North Buganda,total_2018,569368.0,150464.0,837689.0,2.1,1.5,,,20.4,0.7357350606286268,2018,2018.0,1158.813574438068,15.090909090909092,3.090909090909091,2.0,119.63636363636364,45.09090909090909,8.636363636363637,9.955694653821393,77.69701502539895,63.09090909090909,321.54545454545456,259.45454545454544,0.0,2018.0,3077.541363636364,27.0,0.0,37.90909090909091,3.909090909090909,610.2176257046787,324.47113210504705,221.73553232713175,272.11133852871984,1428.5356286655772,0.5656856424408608,241.6861336447976,21.74912790818648,10.363636363636363,167.5601386156949,1.4805464301233071,159.5294487693093,2.586762883012903,-69.63396349820223,-1.0372331239547032,0.7234939693435596,32.36247047527122,34.09090909090909,39.64545454545455,26.26363636363636,28.11969696969697,1.3089393939393938,19.425757575757576,5.828787878787879,20.4,4.901960784313726,0,False,AAS2020_subregion,CHIRPS_v2.0_monthly+CHIRPS_v2.0_daily_climateserv,NASA_POWER_daily,,,subregion,False,False,A,"Yields from official AAS subregion estimates. Climate features from district centroids (CHIRPS monthly + CHIRPS daily via ClimateSERV + NASA POWER), aggregated to subregion by district mean."
maize,South Buganda,total_2018,183817.0,57062.0,295484.0,2.5,1.6,,,19.6,0.6895716935865561,2018,2018.0,1102.8067770993446,13.583333333333334,4.333333333333333,1.9166666666666667,113.58333333333331,43.083333333333336,8.75,9.953865441035786,72.8550816377004,60.083333333333336,314.25,255.16666666666663,0.5,2018.0,2847.9779166666667,0.25,0.0,45.25,0.0,553.7707850138346,337.64565086364746,241.9257427851359,238.4797877868017,1371.8219664494195,0.5415079784985511,213.70710627237955,23.081258098284405,9.666666666666666,151.42433607578278,1.3510859870943357,82.54726473490398,1.483903699154667,-16.21691068013509,-0.207879939479155,-0.1303685010754083,31.77373586771704,35.22222222222222,40.80138888888889,23.98333333333333,26.593055555555555,1.3072222222222225,18.944444444444443,5.747222222222223,19.6,5.1020408163265305,0,False,AAS2020_subregion,CHIRPS_v2.0_monthly+CHIRPS_v2.0_daily_climateserv,NASA_POWER_daily,,,subregion,False,False,A,"Yields from official AAS subregion estimates. Climate features from district centroids (CHIRPS monthly + CHIRPS daily via ClimateSERV + NASA POWER), aggregated to subregion by district mean."
maize,Teso,total_2018,81500.0,24067.0,76890.0,1.2,0.9,,,22.1,0.7046993865030675,2018,2018.0,1253.0888489037752,12.0,3.625,1.75,119.625,49.625,9.5,10.931848493951698,83.35162037611008,67.25,324.0,257.75,0.125,2018.0,3453.383125,90.875,6.375,66.25,10.125,681.727123260498,256.6796932220459,110.21020019054411,418.4988565444946,1467.1158732175827,0.6808055945301487,281.5084457397461,9.2957843542099,9.75,148.06955587863922,1.0791982803705658,224.8104057312012,2.938603450471212,-107.22086429595949,-1.430068115992032,1.6948526242621509,33.696768641438275,39.75416666666666,37.083333333333336,23.166666666666664,22.95,1.309583333333333,22.016666666666666,6.116666666666667,22.1,4.524886877828054,0,False,AAS2020_subregion,CHIRPS_v2.0_monthly+CHIRPS_v2.0_daily_climateserv,NASA_POWER_daily,,,subregion,False,False,A,"Yields from official AAS subregion estimates. Climate features from district centroids (CHIRPS monthly + CHIRPS daily via ClimateSERV + NASA POWER), aggregated to subregion by district mean."
maize,Tooro,total_2018,140389.0,59349.0,271036.0,2.1,1.9,,,18.5,0.5772532035985725,2018,2018.0,1085.4182376811902,14.666666666666666,2.833333333333333,1.6666666666666667,133.16666666666666,38.16666666666666,2.833333333333333,8.29458282768816,59.02206015586853,64.5,319.3333333333333,255.83333333333331,0.1666666666666666,2018.0,2643.8725,0.3333333333333333,0.0,0.0,0.0,453.0401509602864,446.4355278015137,184.95953528086343,216.255126953125,1300.6903409957886,0.534679106022179,199.7302678426107,23.761218388875324,9.166666666666666,112.45972474416097,1.1571678106016552,84.33964665730794,1.7280906546617123,27.97646713256836,0.4640996862747341,0.4841465980969281,30.43268353930232,38.82222222222222,34.72222222222222,26.45833333333333,31.425,1.2222222222222223,21.03333333333333,5.7444444444444445,18.5,5.405405405405405,0,False,AAS2020_subregion,CHIRPS_v2.0_monthly+CHIRPS_v2.0_daily_climateserv,NASA_POWER_daily,,,subregion,False,False,A,"Yields from official AAS subregion estimates. Climate features from district centroids (CHIRPS monthly + CHIRPS daily via ClimateSERV + NASA POWER), aggregated to subregion by district mean."
maize,West Nile,total_2018,61825.0,13561.0,80811.0,2.1,1.3,,,22.5,0.7806550748079256,2018,2018.0,1197.698100939393,10.625,2.125,1.25,123.375,47.0,7.375,9.63271561240217,71.4289847612381,65.25,320.75,256.5,0.0,2018.0,3387.3431250000003,66.375,6.5,94.375,9.375,433.0388431549072,451.5175514221192,95.55104261636734,401.2724142074585,1381.3798514008522,0.5225231198535019,192.4903888702393,4.205187380313873,9.75,89.13927465677261,0.8697596005752545,79.7666130065918,1.574377909953197,21.4410457611084,0.3551618679359741,3.117613660206275,31.220983540164852,37.85833333333333,39.25416666666666,22.879166666666663,24.341666666666665,1.296875,17.964583333333334,5.958333333333333,22.5,4.444444444444445,0,False,AAS2020_subregion,CHIRPS_v2.0_monthly+CHIRPS_v2.0_daily_climateserv,NASA_POWER_daily,,,subregion,False,False,A,"Yields from official AAS subregion estimates. Climate features from district centroids (CHIRPS monthly + CHIRPS daily via ClimateSERV + NASA POWER), aggregated to subregion by district mean."
beans,Acholi,first_season_2020,22327.76975470912,16428.789733803573,14080.89016425452,0.8570862730857126,0.6306447226456525,21.786650903736906,19.298945705759856,24.43402835114369,0.2641992498897656,2020,2020.0,572.7000713534653,9.625,1.0,0.5,70.125,17.875,1.875,8.171791002696578,57.323903918266296,66.375,91.5,26.125,0.0,2020.0,1725.021875,32.125,4.25,36.625,4.25,429.8889408111572,490.3651552200317,69.14666032791138,518.1679534912109,1507.5687098503113,0.5593996689194904,228.0890274047852,16.66800856590271,9.0,185.7858531475067,1.6576316046658746,46.66194772720337,0.7774568923056622,104.91718101501463,1.6678938868094362,2.948992569163029,32.58856664393185,35.916666666666664,39.8,24.279166666666665,23.097916666666663,1.290625,21.222916666666663,6.214583333333334,24.43402835114369,4.092653023189247,0,True,AAS2020_subregion,CHIRPS_v2.0_monthly+CHIRPS_v2.0_daily_climateserv,NASA_POWER_daily,,,subregion,False,False,A,"Yields from official AAS subregion estimates. Climate features from district centroids (CHIRPS monthly + CHIRPS daily via ClimateSERV + NASA POWER), aggregated to subregion by district mean."
beans,Acholi,second_season_2020,14288.101607569732,10137.338452973165,8912.209618302692,0.879146894389113,0.6237504367676856,30.90510484445952,35.202092009781225,34.55364940435578,0.2905048738173532,2020,2020.0,689.2091083079576,7.25,0.75,0.0,73.75,24.375,4.625,9.378765549747122,71.7936801314354,215.25,326.25,112.0,0.0,2020.0,1576.105,1.25,0.0,3.5,0.0,429.8889408111572,490.3651552200317,69.14666032791138,518.1679534912109,1507.5687098503113,0.5593996689194904,228.0890274047852,16.66800856590271,9.0,185.7858531475067,1.6576316046658746,46.66194772720337,0.7774568923056622,104.91718101501463,1.6678938868094362,2.948992569163029,32.58856664393185,35.916666666666664,39.8,24.279166666666665,23.097916666666663,1.290625,21.222916666666663,6.214583333333334,34.55364940435578,2.8940503166474265,1,True,AAS2020_subregion,CHIRPS_v2.0_monthly+CHIRPS_v2.0_daily_climateserv,NASA_POWER_daily,,,subregion,False,False,A,"Yields from official AAS subregion estimates. Climate features from district centroids (CHIRPS monthly + CHIRPS daily via ClimateSERV + NASA POWER), aggregated to subregion by district mean."
beans,Acholi,total_2020,36615.87136227885,26566.128186776736,22993.09978255721,0.8655043603230825,0.6279544614700711,18.029829421952392,18.07677275545965,22.42154931450594,0.274464127210563,2020,2020.0,1261.909179661423,9.75,1.75,0.5,143.875,42.25,6.5,8.578404892374339,71.7936801314354,66.375,326.25,260.875,0.0,2020.0,3301.126875,33.375,4.25,40.125,4.25,429.8889408111572,490.3651552200317,69.14666032791138,518.1679534912109,1507.5687098503113,0.5593996689194904,228.0890274047852,16.66800856590271,9.0,185.7858531475067,1.6576316046658746,46.66194772720337,0.7774568923056622,104.91718101501463,1.6678938868094362,2.948992569163029,32.58856664393185,35.916666666666664,39.8,24.279166666666665,23.097916666666663,1.290625,21.222916666666663,6.214583333333334,22.42154931450594,4.459995096561127,0,True,AAS2020_subregion,CHIRPS_v2.0_monthly+CHIRPS_v2.0_daily_climateserv,NASA_POWER_daily,,,subregion,False,False,A,"Yields from official AAS subregion estimates. Climate features from district centroids (CHIRPS monthly + CHIRPS daily via ClimateSERV + NASA POWER), aggregated to subregion by district mean."
beans,Ankole,first_season_2020,54452.04004389917,48291.76099210168,34321.14573905851,0.7107039593083359,0.6303004572719195,8.460903534537016,8.243617313528219,9.564089570366017,0.1131321993965898,2020,2020.0,349.7021957648918,13.5,3.6,1.1,43.6,10.6,3.3,8.008444253579558,73.6520622253418,79.7,170.1,91.4,0.0,2020.0,1337.8425,0.0,0.0,0.0,0.0,310.6848606109619,444.8346336364746,271.2373676300049,111.68549699783324,1138.4423588752747,0.6943823472467304,239.6933395385742,12.007702255249024,8.7,83.51945714950561,0.8827483995985753,-3.015725326538086,0.0359051322627761,55.38612518310547,0.9817632327328776,-0.4857880185004249,30.39304382746005,36.69166666666666,34.480000000000004,28.84,29.723333333333336,1.2521666666666669,22.166666666666664,5.866666666666666,9.564089570366017,10.0,0,True,AAS2020_subregion,CHIRPS_v2.0_monthly+CHIRPS_v2.0_daily_climateserv,NASA_POWER_daily,,,subregion,False,False,A,"Yields from official AAS subregion estimates. Climate features from district centroids (CHIRPS monthly + CHIRPS daily via ClimateSERV + NASA POWER), aggregated to subregion by district mean."
beans,Ankole,second_season_2020,64474.96625307064,36344.000043985616,48743.44195123275,1.3411688832335629,0.7560056993269281,7.958436674417017,11.57136772640079,8.669024528679175,0.4363083510376444,2020,2020.0,503.3400412417949,7.9,0.8,0.3,57.2,17.0,3.5,8.7841959363282,80.87566123008727,263.4,324.6,62.2,0.2,2020.0,1343.2685,0.0,0.0,0.0,0.0,310.6848606109619,444.8346336364746,271.2373676300049,111.68549699783324,1138.4423588752747,0.6943823472467304,239.6933395385742,12.007702255249024,8.7,83.51945714950561,0.8827483995985753,-3.015725326538086,0.0359051322627761,55.38612518310547,0.9817632327328776,-0.4857880185004249,30.39304382746005,36.69166666666666,34.480000000000004,28.84,29.723333333333336,1.2521666666666669,22.166666666666664,5.866666666666666,8.669024528679175,10.0,0,True,AAS2020_subregion,CHIRPS_v2.0_monthly+CHIRPS_v2.0_daily_climateserv,NASA_POWER_daily,,,subregion,False,False,A,"Yields from official AAS subregion estimates. Climate features from district centroids (CHIRPS monthly + CHIRPS daily via ClimateSERV + NASA POWER), aggregated to subregion by district mean."
beans,Ankole,total_2020,118927.0062969698,84635.7610360873,83064.58769029126,0.9814360581560068,0.6984501693658431,7.705479199031716,9.058914284082867,8.307076213075886,0.2883385895988557,2020,2020.0,853.0422370066866,13.5,4.4,1.4,100.8,27.6,6.8,8.286924300112421,88.41481127738953,79.7,324.6,245.9,0.2,2020.0,2681.111,0.0,0.0,0.0,0.0,310.6848606109619,444.8346336364746,271.2373676300049,111.68549699783324,1138.4423588752747,0.6943823472467304,239.6933395385742,12.007702255249024,8.7,83.51945714950561,0.8827483995985753,-3.015725326538086,0.0359051322627761,55.38612518310547,0.9817632327328776,-0.4857880185004249,30.39304382746005,36.69166666666666,34.480000000000004,28.84,29.723333333333336,1.2521666666666669,22.166666666666664,5.866666666666666,8.307076213075886,10.0,0,True,AAS2020_subregion,CHIRPS_v2.0_monthly+CHIRPS_v2.0_daily_climateserv,NASA_POWER_daily,,,subregion,False,False,A,"Yields from official AAS subregion estimates. Climate features from district centroids (CHIRPS monthly + CHIRPS daily via ClimateSERV + NASA POWER), aggregated to subregion by district mean."
beans,Bukedi,first_season_2020,7898.659006215235,7494.607429006806,3879.071826384876,0.5175817230094645,0.4911051133277866,22.41427170874125,23.51968372065901,26.687005541874143,0.0511544525330809,2020,2020.0,809.6237435787916,7.333333333333333,0.6666666666666666,0.1666666666666666,77.66666666666667,30.0,6.666666666666667,10.415271057329736,88.75836904843648,65.0,158.83333333333334,94.83333333333331,0.0,2020.0,1534.1625,6.666666666666667,0.0,13.666666666666666,0.6666666666666666,667.2053387959799,794.5850397745768,203.4081185658773,452.7071622212728,2117.9056593577066,0.560799035660458,393.3497365315755,49.560106913248696,11.0,745.7673250834147,5.829329549863792,168.30182266235352,2.438865671778767,402.9198913574219,5.631585246250869,0.8889265350005031,33.93278031056312,39.98888888888889,37.0,23.030555555555555,22.21388888888889,1.3194444444444444,19.625,5.861111111111111,26.687005541874143,3.74714202547347,0,True,AAS2020_subregion,CHIRPS_v2.0_monthly+CHIRPS_v2.0_daily_climateserv,NASA_POWER_daily,,,subregion,False,False,A,"Yields from official AAS subregion estimates. Climate features from district centroids (CHIRPS monthly + CHIRPS daily via ClimateSERV + NASA POWER), aggregated to subregion by district mean."
beans,Bukedi,second_season_2020,6009.0445929110965,3145.2194282781857,2219.419355069724,0.7056484947012804,0.3693464611142985,21.266998609749425,25.94437994479266,24.86723903561505,0.4765857733875667,2020,2020.0,992.2721540729204,4.666666666666667,0.0,0.0,78.33333333333333,39.16666666666666,11.166666666666666,12.62093760744031,138.83227117856345,219.66666666666663,334.0,115.33333333333331,0.0,2020.0,1501.6674999999998,0.0,0.0,1.0,0.0,667.2053387959799,794.5850397745768,203.4081185658773,452.7071622212728,2117.9056593577066,0.560799035660458,393.3497365315755,49.560106913248696,11.0,745.7673250834147,5.829329549863792,168.30182266235352,2.438865671778767,402.9198913574219,5.631585246250869,0.8889265350005031,33.93278031056312,39.98888888888889,37.0,23.030555555555555,22.21388888888889,1.3194444444444444,19.625,5.861111111111111,24.86723903561505,4.021355159564728,0,True,AAS2020_subregion,CHIRPS_v2.0_monthly+CHIRPS_v2.0_daily_climateserv,NASA_POWER_daily,,,subregion,False,False,A,"Yields from official AAS subregion estimates. Climate features from district centroids (CHIRPS monthly + CHIRPS daily via ClimateSERV + NASA POWER), aggregated to subregion by district mean."
beans,Bukedi,total_2020,13907.703599126333,10639.826857284992,6098.491181454599,0.5731757916040728,0.4384973506221185,19.037027503668604,21.969609606789945,24.077833480924337,0.2349688227499057,2020,2020.0,1801.895897651712,7.333333333333333,0.6666666666666666,0.1666666666666666,156.0,69.16666666666667,17.833333333333332,11.152388814397248,138.83227117856345,65.0,334.0,270.0,0.0,2020.0,3035.83,6.666666666666667,0.0,14.666666666666666,0.6666666666666666,667.2053387959799,794.5850397745768,203.4081185658773,452.7071622212728,2117.9056593577066,0.560799035660458,393.3497365315755,49.560106913248696,11.0,745.7673250834147,5.829329549863792,168.30182266235352,2.438865671778767,402.9198913574219,5.631585246250869,0.8889265350005031,33.93278031056312,39.98888888888889,37.0,23.030555555555555,22.21388888888889,1.3194444444444444,19.625,5.861111111111111,24.077833480924337,4.1531975906065215,0,True,AAS2020_subregion,CHIRPS_v2.0_monthly+CHIRPS_v2.0_daily_climateserv,NASA_POWER_daily,,,subregion,False,False,A,"Yields from official AAS subregion estimates. Climate features from district centroids (CHIRPS monthly + CHIRPS daily via ClimateSERV + NASA POWER), aggregated to subregion by district mean."
beans,Bunyoro,first_season_2020,67785.82438098382,64451.66463069189,53243.17948462295,0.826094714383351,0.78546185682385,10.920167078695178,11.392450160066206,12.003582031674116,0.0491866814446718,2020,2020.0,495.56492937462673,8.285714285714286,0.8571428571428571,0.2857142857142857,61.285714285714285,17.142857142857142,2.142857142857143,8.112740533440107,60.977203028542654,71.28571428571429,150.28571428571428,80.0,0.0,2020.0,1656.509285714286,18.428571428571427,0.0,42.0,2.2857142857142856,401.13837759835377,464.5933271135603,116.57960183279856,357.61904580252514,1339.9303523472377,0.475642250642621,186.5789315359933,29.1850095476423,9.571428571428571,110.54870523725238,1.1906279809710258,-7.240126473563058,-0.1239286595333511,47.28554316929409,0.886999619780174,1.4080781187891254,31.39340891821776,35.91904761904762,40.12142857142857,23.942857142857143,27.39047619047619,1.275952380952381,19.571428571428573,5.892857142857143,12.003582031674116,8.33084655364772,0,True,AAS2020_subregion,CHIRPS_v2.0_monthly+CHIRPS_v2.0_daily_climateserv,NASA_POWER_daily,,,subregion,False,False,A,"Yields from official AAS subregion estimates. Climate features from district centroids (CHIRPS monthly + CHIRPS daily via ClimateSERV + NASA POWER), aggregated to subregion by district mean."
beans,Bunyoro,second_season_2020,79168.8194210672,48055.48066874676,57691.16702285287,1.200511704804833,0.7287107152124713,12.654467348002653,14.188196835238642,14.201341401403822,0.3929999080425977,2020,2020.0,615.2274812289646,6.142857142857143,0.4285714285714285,0.0,72.57142857142857,19.428571428571427,3.0,8.509187926749274,60.676331111363005,220.14285714285717,328.85714285714283,109.71428571428572,0.0,2020.0,1627.2207142857144,7.714285714285714,0.0,38.57142857142857,0.5714285714285714,401.13837759835377,464.5933271135603,116.57960183279856,357.61904580252514,1339.9303523472377,0.475642250642621,186.5789315359933,29.1850095476423,9.571428571428571,110.54870523725238,1.1906279809710258,-7.240126473563058,-0.1239286595333511,47.28554316929409,0.886999619780174,1.4080781187891254,31.39340891821776,35.91904761904762,40.12142857142857,23.942857142857143,27.39047619047619,1.275952380952381,19.571428571428573,5.892857142857143,14.201341401403822,7.041588338275909,0,True,AAS2020_subregion,CHIRPS_v2.0_monthly+CHIRPS_v2.0_daily_climateserv,NASA_POWER_daily,,,subregion,False,False,A,"Yields from official AAS subregion estimates. Climate features from district centroids (CHIRPS monthly + CHIRPS daily via ClimateSERV + NASA POWER), aggregated to subregion by district mean."
beans,Bunyoro,total_2020,146954.64380205102,112507.14529943863,110934.3465074758,0.98602045418736,0.75488833586576,11.250881723357796,11.787124696482964,11.81311534187088,0.2344090503802889,2020,2020.0,1110.7924106035914,8.285714285714286,1.2857142857142858,0.2857142857142857,133.85714285714286,36.57142857142857,5.142857142857143,8.250283932768435,70.5503591809954,71.28571428571429,328.85714285714283,258.57142857142856,0.0,2020.0,3283.73,26.142857142857142,0.0,80.57142857142857,2.857142857142857,401.13837759835377,464.5933271135603,116.57960183279856,357.61904580252514,1339.9303523472377,0.475642250642621,186.5789315359933,29.1850095476423,9.571428571428571,110.54870523725238,1.1906279809710258,-7.240126473563058,-0.1239286595333511,47.28554316929409,0.886999619780174,1.4080781187891254,31.39340891821776,35.91904761904762,40.12142857142857,23.942857142857143,27.39047619047619,1.275952380952381,19.571428571428573,5.892857142857143,11.81311534187088,8.465167494433581,0,True,AAS2020_subregion,CHIRPS_v2.0_monthly+CHIRPS_v2.0_daily_climateserv,NASA_POWER_daily,,,subregion,False,False,A,"Yields from official AAS subregion estimates. Climate features from district centroids (CHIRPS monthly + CHIRPS daily via ClimateSERV + NASA POWER), aggregated to subregion by district mean."
beans,Busoga,first_season_2020,24839.352489050936,21396.78946810155,13696.526073344095,0.6401206168693183,0.5514043121446688,16.598182013275505,17.402636543136794,28.844351885079988,0.1385931063407087,2020,2020.0,773.2258974894881,7.0,0.7,0.1,74.0,34.4,6.3,10.456889315629269,81.66407179832458,65.6,167.5,102.9,0.0,2020.0,1535.425,2.4,0.0,24.6,0.2,675.7435874938965,847.9992752075195,234.8438678741455,356.6991767883301,2115.2859073638915,0.6360433018749576,446.7699676513672,57.443873977661134,11.7,777.0088912963868,7.123400742899475,178.89663009643556,2.878829265571324,452.3278518676758,7.761510064885504,0.7262101537158856,33.473807107491325,38.23,39.06999999999999,22.69833333333333,22.363333333333333,1.3295,18.055,5.785,28.844351885079988,3.466883235872807,0,True,AAS2020_subregion,CHIRPS_v2.0_monthly+CHIRPS_v2.0_daily_climateserv,NASA_POWER_daily,,,subregion,False,False,A,"Yields from official AAS subregion estimates. Climate features from district centroids (CHIRPS monthly + CHIRPS daily via ClimateSERV + NASA POWER), aggregated to subregion by district mean."
beans,Busoga,second_season_2020,21745.571083245977,9664.2950508651,7749.503343103872,0.8018694899438292,0.3563715716380762,21.724865975379096,26.018604429766867,24.941817017002784,0.555574097646439,2020,2020.0,1029.6410896658897,4.7,0.0,0.0,79.0,36.5,11.5,13.043076616117643,155.53175468444823,219.1,334.0,115.9,0.0,2020.0,1515.443,0.0,0.0,2.2,0.0,675.7435874938965,847.9992752075195,234.8438678741455,356.6991767883301,2115.2859073638915,0.6360433018749576,446.7699676513672,57.443873977661134,11.7,777.0088912963868,7.123400742899475,178.89663009643556,2.878829265571324,452.3278518676758,7.761510064885504,0.7262101537158856,33.473807107491325,38.23,39.06999999999999,22.69833333333333,22.363333333333333,1.3295,18.055,5.785,24.941817017002784,4.0093309934809565,0,True,AAS2020_subregion,CHIRPS_v2.0_monthly+CHIRPS_v2.0_daily_climateserv,NASA_POWER_daily,,,subregion,False,False,A,"Yields from official AAS subregion estimates. Climate features from district centroids (CHIRPS monthly + CHIRPS daily via ClimateSERV + NASA POWER), aggregated to subregion by district mean."
beans,Busoga,total_2020,46584.92357229692,31061.08451896665,21446.02941644797,0.6904468967705395,0.4603641644525843,18.111192997367823,18.10626383648885,25.602214356769792,0.3332374052141189,2020,2020.0,1802.866987155378,7.3,0.7,0.1,153.0,70.9,17.8,11.338777301708948,155.53175468444823,65.6,334.0,269.4,0.0,2020.0,3050.868,2.4,0.0,26.8,0.2,675.7435874938965,847.9992752075195,234.8438678741455,356.6991767883301,2115.2859073638915,0.6360433018749576,446.7699676513672,57.443873977661134,11.7,777.0088912963868,7.123400742899475,178.89663009643556,2.878829265571324,452.3278518676758,7.761510064885504,0.7262101537158856,33.473807107491325,38.23,39.06999999999999,22.69833333333333,22.363333333333333,1.3295,18.055,5.785,25.602214356769792,3.905912145195276,0,True,AAS2020_subregion,CHIRPS_v2.0_monthly+CHIRPS_v2.0_daily_climateserv,NASA_POWER_daily,,,subregion,False,False,A,"Yields from official AAS subregion estimates. Climate features from district centroids (CHIRPS monthly + CHIRPS daily via ClimateSERV + NASA POWER), aggregated to subregion by district mean."
beans,Elgon,first_season_2020,44366.5063498831,40796.35924969914,27334.05373056156,0.6700120852270204,0.6160966003272779,9.266847698887243,9.395639306424288,12.191217189230333,0.0804694215052469,2020,2020.0,866.8314718306065,12.375,2.0,1.0,61.75,35.0,12.25,14.047689406965448,100.17534798383711,64.0,141.25,78.25,0.0,2020.0,1199.360625,6.5,0.0,0.0,0.0,655.4807319641113,798.0750713348389,158.2289593219757,782.5927791595459,2394.377541780472,0.5263333911348054,363.87797927856445,21.96851897239685,10.5,809.3076527118683,5.100997321581116,143.17700672149658,1.7398683522203706,347.93835639953613,3.6619587452533766,1.19992745324261,34.4057876713486,41.06666666666667,34.6875,24.23333333333333,35.19166666666666,1.1777083333333334,22.4625,5.83125,12.191217189230333,8.202626402910742,0,True,AAS2020_subregion,CHIRPS_v2.0_monthly+CHIRPS_v2.0_daily_climateserv,NASA_POWER_daily,,,subregion,False,False,A,"Yields from official AAS subregion estimates. Climate features from district centroids (CHIRPS monthly + CHIRPS daily via ClimateSERV + NASA POWER), aggregated to subregion by district mean."
beans,Elgon,second_season_2020,45488.85585195647,26246.624761911968,17160.829914353926,0.653829971282899,0.3772534963333407,14.760992000074149,17.417686572969675,14.629274052376768,0.4230097840373994,2020,2020.0,1130.8543752878904,8.375,1.375,0.125,61.5,45.75,20.0,18.42114997915324,132.78024780750275,215.5,311.625,97.125,0.0,2020.0,1107.919375,0.0,0.0,0.0,0.0,655.4807319641113,798.0750713348389,158.2289593219757,782.5927791595459,2394.377541780472,0.5263333911348054,363.87797927856445,21.96851897239685,10.5,809.3076527118683,5.100997321581116,143.17700672149658,1.7398683522203706,347.93835639953613,3.6619587452533766,1.19992745324261,34.4057876713486,41.06666666666667,34.6875,24.23333333333333,35.19166666666666,1.1777083333333334,22.4625,5.83125,14.629274052376768,6.835609179373692,0,True,AAS2020_subregion,CHIRPS_v2.0_monthly+CHIRPS_v2.0_daily_climateserv,NASA_POWER_daily,,,subregion,False,False,A,"Yields from official AAS subregion estimates. Climate features from district centroids (CHIRPS monthly + CHIRPS daily via ClimateSERV + NASA POWER), aggregated to subregion by district mean."
beans,Elgon,total_2020,89855.36220183957,67042.98401161112,44494.88364491549,0.6636769574159984,0.4951833986820718,10.473427963713036,10.47483275394163,11.575813186819635,0.2538788741286875,2020,2020.0,1997.685847118497,12.5,3.375,1.125,123.25,80.75,32.25,15.485456930224672,134.67745733261108,64.0,311.625,248.625,0.0,2020.0,2307.28,6.5,0.0,0.0,0.0,655.4807319641113,798.0750713348389,158.2289593219757,782.5927791595459,2394.377541780472,0.5263333911348054,363.87797927856445,21.96851897239685,10.5,809.3076527118683,5.100997321581116,143.17700672149658,1.7398683522203706,347.93835639953613,3.6619587452533766,1.19992745324261,34.4057876713486,41.06666666666667,34.6875,24.23333333333333,35.19166666666666,1.1777083333333334,22.4625,5.83125,11.575813186819635,8.638701954335376,0,True,AAS2020_subregion,CHIRPS_v2.0_monthly+CHIRPS_v2.0_daily_climateserv,NASA_POWER_daily,,,subregion,False,False,A,"Yields from official AAS subregion estimates. Climate features from district centroids (CHIRPS monthly + CHIRPS daily via ClimateSERV + NASA POWER), aggregated to subregion by district mean."
beans,Karamoja,first_season_2020,8775.399405409866,7856.881482843659,4260.696636970645,0.5422885207412549,0.4855273748957805,38.82676613795423,43.66365875739333,40.82942329202056,0.1046696429566451,2020,2020.0,638.4189957869904,12.857142857142858,2.2857142857142856,1.2857142857142858,58.0,26.142857142857142,6.142857142857143,11.103146619530133,80.74639129638672,66.71428571428571,135.28571428571428,69.57142857142857,0.0,2020.0,1592.297142857143,29.714285714285715,2.7142857142857144,9.0,3.2857142857142856,490.7982657296317,444.2856695992606,53.92278930119106,535.8876364571707,1524.894361087254,0.6198793666330776,246.3116607666016,10.635579790387837,8.857142857142858,542.8523216928754,4.457076029416298,168.09947095598494,2.629217715768817,209.7671988351005,3.321768440153991,2.512902349560968,34.24920188533877,37.01428571428572,39.42857142857143,23.559523809523807,20.571428571428573,1.275,24.55,6.485714285714286,40.82942329202056,2.4492141190625967,1,True,AAS2020_subregion,CHIRPS_v2.0_monthly+CHIRPS_v2.0_daily_climateserv,NASA_POWER_daily,,,subregion,False,False,A,"Yields from official AAS subregion estimates. Climate features from district centroids (CHIRPS monthly + CHIRPS daily via ClimateSERV + NASA POWER), aggregated to subregion by district mean."
beans,Karamoja,total_2020,8775.399405409866,7856.881482843659,4260.696636970645,0.5422885207412549,0.4855273748957805,38.82676613795423,43.66365875739333,40.82942329202056,0.1046696429566451,2020,2020.0,1316.5976358354092,15.142857142857142,6.142857142857143,2.571428571428572,99.28571428571428,53.42857142857143,18.0,12.77019983400575,111.91937841687884,66.71428571428571,316.1428571428572,250.42857142857144,0.1428571428571428,2020.0,3078.612857142857,49.57142857142857,2.7142857142857144,9.0,5.428571428571429,490.7982657296317,444.2856695992606,53.92278930119106,535.8876364571707,1524.894361087254,0.6198793666330776,246.3116607666016,10.635579790387837,8.857142857142858,542.8523216928754,4.457076029416298,168.09947095598494,2.629217715768817,209.7671988351005,3.321768440153991,2.512902349560968,34.24920188533877,37.01428571428572,39.42857142857143,23.559523809523807,20.571428571428573,1.275,24.55,6.485714285714286,40.82942329202056,2.4492141190625967,1,True,AAS2020_subregion,CHIRPS_v2.0_monthly+CHIRPS_v2.0_daily_climateserv,NASA_POWER_daily,,,subregion,False,False,A,"Yields from official AAS subregion estimates. Climate features from district centroids (CHIRPS monthly + CHIRPS daily via ClimateSERV + NASA POWER), aggregated to subregion by district mean."
beans,Kigezi,first_season_2020,23888.538821726044,20630.45256563489,14073.530199901212,0.6821726355797036,0.5891331531379257,9.910549074687204,11.704519826051362,14.787175149492167,0.1363870046805878,2020,2020.0,419.8052535884082,16.0,3.0,1.6,45.4,11.6,3.4,9.334573627051634,79.99146547317505,70.2,172.8,103.6,0.0,2020.0,1226.184,0.0,0.0,0.0,0.0,366.7005142211914,417.3038024902344,306.2587135314941,107.26607494354248,1197.5291051864624,0.592968414615566,199.07511291503903,8.237049102783203,10.0,75.93529834747315,0.7648774248931078,17.782861328125,0.4063375125656762,25.92437896728516,0.493283613934104,-1.019403368249541,29.831596063494143,39.79666666666667,32.08,28.14,37.58,1.165333333333333,24.08,5.66,14.787175149492167,6.762616861506118,0,True,AAS2020_subregion,CHIRPS_v2.0_monthly+CHIRPS_v2.0_daily_climateserv,NASA_POWER_daily,,,subregion,False,False,A,"Yields from official AAS subregion estimates. Climate features from district centroids (CHIRPS monthly + CHIRPS daily via ClimateSERV + NASA POWER), aggregated to subregion by district mean."
beans,Kigezi,second_season_2020,30449.83150750389,17656.17310963222,21733.729025721404,1.2309422257456628,0.713755313239269,11.411649702629768,12.575230951801167,16.720821346428703,0.4201553100456031,2020,2020.0,463.2281153954565,8.4,1.6,0.4,56.2,14.6,3.0,8.43383158217954,73.5714608669281,256.8,299.2,43.4,0.4,2020.0,1226.238,0.0,0.0,0.0,0.0,366.7005142211914,417.3038024902344,306.2587135314941,107.26607494354248,1197.5291051864624,0.592968414615566,199.07511291503903,8.237049102783203,10.0,75.93529834747315,0.7648774248931078,17.782861328125,0.4063375125656762,25.92437896728516,0.493283613934104,-1.019403368249541,29.831596063494143,39.79666666666667,32.08,28.14,37.58,1.165333333333333,24.08,5.66,16.720821346428703,5.980567457074013,0,True,AAS2020_subregion,CHIRPS_v2.0_monthly+CHIRPS_v2.0_daily_climateserv,NASA_POWER_daily,,,subregion,False,False,A,"Yields from official AAS subregion estimates. Climate features from district centroids (CHIRPS monthly + CHIRPS daily via ClimateSERV + NASA POWER), aggregated to subregion by district mean."
beans,Kigezi,total_2020,54338.37032922994,38286.6256752671,35807.25922562262,0.9352419701157908,0.6589682209582391,9.47641029924891,10.75482975082138,14.96978530817323,0.2954034976887816,2020,2020.0,883.0333689838648,16.2,4.6,2.0,101.6,26.2,6.4,9.009084415346384,81.86837434768677,70.2,299.2,230.0,0.4,2020.0,2452.422,0.0,0.0,0.0,0.0,366.7005142211914,417.3038024902344,306.2587135314941,107.26607494354248,1197.5291051864624,0.592968414615566,199.07511291503903,8.237049102783203,10.0,75.93529834747315,0.7648774248931078,17.782861328125,0.4063375125656762,25.92437896728516,0.493283613934104,-1.019403368249541,29.831596063494143,39.79666666666667,32.08,28.14,37.58,1.165333333333333,24.08,5.66,14.96978530817323,6.680122522892951,0,True,AAS2020_subregion,CHIRPS_v2.0_monthly+CHIRPS_v2.0_daily_climateserv,NASA_POWER_daily,,,subregion,False,False,A,"Yields from official AAS subregion estimates. Climate features from district centroids (CHIRPS monthly + CHIRPS daily via ClimateSERV + NASA POWER), aggregated to subregion by district mean."
beans,Lango,first_season_2020,68830.3902822737,64085.47676940533,29085.28645101664,0.4538514483659435,0.4225646016496167,10.533820828593791,11.09889447201017,12.205720920813516,0.068936315679883,2020,2020.0,569.0463572852314,9.125,1.25,0.25,69.0,18.5,2.375,8.23657017869764,57.27364045381546,68.875,112.625,44.75,0.0,2020.0,1673.785,24.5,0.75,34.375,2.875,445.3541011810303,489.1878824234009,77.11536657810211,467.53977966308594,1479.1971298456192,0.5430420105428071,213.06434631347656,17.895450234413147,9.0,173.28332769870758,1.4357485546175497,38.312665939331055,0.5780503290727711,96.94019031524658,1.3718757587684112,2.173355946956628,32.88726991358652,37.922916666666666,38.145833333333336,23.941666666666663,23.510416666666664,1.3008333333333333,21.0125,6.166666666666667,12.205720920813516,8.19287944143286,0,True,AAS2020_subregion,CHIRPS_v2.0_monthly+CHIRPS_v2.0_daily_climateserv,NASA_POWER_daily,,,subregion,False,False,A,"Yields from official AAS subregion estimates. Climate features from district centroids (CHIRPS monthly + CHIRPS daily via ClimateSERV + NASA POWER), aggregated to subregion by district mean."
beans,Lango,second_season_2020,31064.7232123575,13653.22498745702,13625.779393268724,0.997989808692561,0.4386254884720302,18.810679879793177,18.484650807736443,18.973159005724145,0.5604910143855463,2020,2020.0,693.9344414919615,6.875,0.75,0.0,69.125,24.875,5.875,10.076766247258846,72.63106587529182,218.75,325.0,107.25,0.0,2020.0,1601.58875,11.25,0.0,11.125,0.75,445.3541011810303,489.1878824234009,77.11536657810211,467.53977966308594,1479.1971298456192,0.5430420105428071,213.06434631347656,17.895450234413147,9.0,173.28332769870758,1.4357485546175497,38.312665939331055,0.5780503290727711,96.94019031524658,1.3718757587684112,2.173355946956628,32.88726991358652,37.922916666666666,38.145833333333336,23.941666666666663,23.510416666666664,1.3008333333333333,21.0125,6.166666666666667,18.973159005724145,5.270603591622791,0,True,AAS2020_subregion,CHIRPS_v2.0_monthly+CHIRPS_v2.0_daily_climateserv,NASA_POWER_daily,,,subregion,False,False,A,"Yields from official AAS subregion estimates. Climate features from district centroids (CHIRPS monthly + CHIRPS daily via ClimateSERV + NASA POWER), aggregated to subregion by district mean."
beans,Lango,total_2020,99895.1134946312,77738.70175686234,42711.06584428536,0.5494183061851179,0.4275591102519828,10.646460609446963,9.676842402937249,11.405509229385896,0.2217967522401347,2020,2020.0,1262.9807987771928,9.125,2.0,0.25,138.125,43.375,8.25,8.84463015650077,72.63106587529182,68.875,325.0,257.125,0.0,2020.0,3275.37375,35.75,0.75,45.5,3.625,445.3541011810303,489.1878824234009,77.11536657810211,467.53977966308594,1479.1971298456192,0.5430420105428071,213.06434631347656,17.895450234413147,9.0,173.28332769870758,1.4357485546175497,38.312665939331055,0.5780503290727711,96.94019031524658,1.3718757587684112,2.173355946956628,32.88726991358652,37.922916666666666,38.145833333333336,23.941666666666663,23.510416666666664,1.3008333333333333,21.0125,6.166666666666667,11.405509229385896,8.767692699099616,0,True,AAS2020_subregion,CHIRPS_v2.0_monthly+CHIRPS_v2.0_daily_climateserv,NASA_POWER_daily,,,subregion,False,False,A,"Yields from official AAS subregion estimates. Climate features from district centroids (CHIRPS monthly + CHIRPS daily via ClimateSERV + NASA POWER), aggregated to subregion by district mean."
beans,North Buganda,first_season_2020,91912.42710669462,82720.13170218986,53214.00226180896,0.6433017110440628,0.5789641720595257,12.663193784684417,14.002751840473184,13.681640369696153,0.1000114532263856,2020,2020.0,596.5756522737105,10.454545454545457,1.9090909090909087,0.6363636363636364,63.18181818181818,22.818181818181817,4.181818181818182,9.33537023175804,73.27073834159158,65.54545454545455,167.63636363636363,103.0909090909091,0.0,2020.0,1489.3245454545454,1.0909090909090908,0.0,23.0,0.0909090909090909,534.0825445001775,585.1156560724431,221.46812213550916,283.7430354031649,1624.4093581112948,0.5541317732990907,289.1916711980646,42.72436783530495,10.363636363636363,363.43386806141245,3.105579434574232,83.39436756480823,1.3190006517931412,191.0105604691939,2.745650655953237,0.7234939693435596,32.36247047527122,34.09090909090909,39.64545454545455,26.26363636363636,28.11969696969697,1.3089393939393938,19.425757575757576,5.828787878787879,13.681640369696153,7.309065089994092,0,True,AAS2020_subregion,CHIRPS_v2.0_monthly+CHIRPS_v2.0_daily_climateserv,NASA_POWER_daily,,,subregion,False,False,A,"Yields from official AAS subregion estimates. Climate features from district centroids (CHIRPS monthly + CHIRPS daily via ClimateSERV + NASA POWER), aggregated to subregion by district mean."
beans,North Buganda,second_season_2020,108983.32043731376,67941.39362118884,66741.78824489875,0.9823435270848496,0.6124036960618028,10.382360827390292,12.621671158738495,12.439082588990834,0.3765890656610327,2020,2020.0,720.6998075653206,6.090909090909091,0.4545454545454545,0.0,67.45454545454545,25.818181818181817,6.363636363636363,10.650067078657424,90.05280941182917,222.54545454545453,316.1818181818182,94.63636363636364,0.0909090909090909,2020.0,1494.8449999999998,0.3636363636363636,0.0,16.181818181818183,0.0909090909090909,534.0825445001775,585.1156560724431,221.46812213550916,283.7430354031649,1624.4093581112948,0.5541317732990907,289.1916711980646,42.72436783530495,10.363636363636363,363.43386806141245,3.105579434574232,83.39436756480823,1.3190006517931412,191.0105604691939,2.745650655953237,0.7234939693435596,32.36247047527122,34.09090909090909,39.64545454545455,26.26363636363636,28.11969696969697,1.3089393939393938,19.425757575757576,5.828787878787879,12.439082588990834,8.039178073188825,0,True,AAS2020_subregion,CHIRPS_v2.0_monthly+CHIRPS_v2.0_daily_climateserv,NASA_POWER_daily,,,subregion,False,False,A,"Yields from official AAS subregion estimates. Climate features from district centroids (CHIRPS monthly + CHIRPS daily via ClimateSERV + NASA POWER), aggregated to subregion by district mean."
beans,North Buganda,total_2020,200895.7475440084,150661.52532337868,119955.79050670772,0.7961939204401095,0.597104677292535,11.097103272822348,12.758313256008178,12.174074633712204,0.2500511973735301,2020,2020.0,1317.275459839031,10.545454545454543,2.363636363636364,0.6363636363636364,130.63636363636363,48.63636363636363,10.545454545454543,9.78082012490778,93.0529879656705,65.54545454545455,316.1818181818182,251.63636363636363,0.0909090909090909,2020.0,2984.169545454545,1.4545454545454546,0.0,39.18181818181818,0.1818181818181818,534.0825445001775,585.1156560724431,221.46812213550916,283.7430354031649,1624.4093581112948,0.5541317732990907,289.1916711980646,42.72436783530495,10.363636363636363,363.43386806141245,3.105579434574232,83.39436756480823,1.3190006517931412,191.0105604691939,2.745650655953237,0.7234939693435596,32.36247047527122,34.09090909090909,39.64545454545455,26.26363636363636,28.11969696969697,1.3089393939393938,19.425757575757576,5.828787878787879,12.174074633712204,8.21417668354702,0,True,AAS2020_subregion,CHIRPS_v2.0_monthly+CHIRPS_v2.0_daily_climateserv,NASA_POWER_daily,,,subregion,False,False,A,"Yields from official AAS subregion estimates. Climate features from district centroids (CHIRPS monthly + CHIRPS daily via ClimateSERV + NASA POWER), aggregated to subregion by district mean."
beans,South Buganda,first_season_2020,56167.89294924032,48077.79839569677,30225.696921204628,0.6286830497610721,0.5381312229127057,12.598244233749234,13.27184862534991,13.062321216703682,0.1440341470678751,2020,2020.0,632.6961471550167,11.5,2.4166666666666665,0.5833333333333334,53.333333333333336,24.08333333333333,8.833333333333334,11.671595858552672,100.54858708381651,68.75,164.25,96.5,0.0,2020.0,1396.0579166666666,0.0,0.0,26.166666666666668,0.0,596.6642297108968,424.3638032277425,321.55711936950684,204.17437903086343,1546.7595313390095,0.5585967595020187,291.59664662679035,35.71348237991333,10.416666666666666,326.36190096537274,2.92554018440288,125.44070943196614,2.0489094133421104,70.50124168395996,1.0664570234307853,-0.1303685010754083,31.77373586771704,35.22222222222222,40.80138888888889,23.98333333333333,26.593055555555555,1.3072222222222225,18.944444444444443,5.747222222222223,13.062321216703682,7.655607172798903,0,True,AAS2020_subregion,CHIRPS_v2.0_monthly+CHIRPS_v2.0_daily_climateserv,NASA_POWER_daily,,,subregion,False,False,A,"Yields from official AAS subregion estimates. Climate features from district centroids (CHIRPS monthly + CHIRPS daily via ClimateSERV + NASA POWER), aggregated to subregion by district mean."
beans,South Buganda,second_season_2020,64380.16421119512,41942.87608697648,47486.91550126272,1.1321807165247717,0.7376016523580906,10.393587984984492,11.782363164922687,12.287596796776556,0.3485124401145438,2020,2020.0,510.407003539304,8.0,1.1666666666666667,0.25,59.16666666666666,18.5,1.75,8.583431824311234,54.65515933434168,244.83333333333331,321.1666666666667,77.33333333333333,0.1666666666666666,2020.0,1404.0341666666666,0.0,0.0,23.666666666666668,0.0,596.6642297108968,424.3638032277425,321.55711936950684,204.17437903086343,1546.7595313390095,0.5585967595020187,291.59664662679035,35.71348237991333,10.416666666666666,326.36190096537274,2.92554018440288,125.44070943196614,2.0489094133421104,70.50124168395996,1.0664570234307853,-0.1303685010754083,31.77373586771704,35.22222222222222,40.80138888888889,23.98333333333333,26.593055555555555,1.3072222222222225,18.944444444444443,5.747222222222223,12.287596796776556,8.13828787303904,0,True,AAS2020_subregion,CHIRPS_v2.0_monthly+CHIRPS_v2.0_daily_climateserv,NASA_POWER_daily,,,subregion,False,False,A,"Yields from official AAS subregion estimates. Climate features from district centroids (CHIRPS monthly + CHIRPS daily via ClimateSERV + NASA POWER), aggregated to subregion by district mean."
beans,South Buganda,total_2020,120548.05716043543,90020.67448267325,77712.61242246735,0.8632751628341233,0.6446608452514578,10.011398472184126,9.862266688839044,11.154522424715465,0.2532382802083138,2020,2020.0,1143.103150694321,11.833333333333334,3.583333333333333,0.8333333333333334,112.5,42.583333333333336,10.583333333333334,10.623570783209432,100.74315484364828,68.75,321.1666666666667,253.41666666666663,0.1666666666666666,2020.0,2800.092083333333,0.0,0.0,49.833333333333336,0.0,596.6642297108968,424.3638032277425,321.55711936950684,204.17437903086343,1546.7595313390095,0.5585967595020187,291.59664662679035,35.71348237991333,10.416666666666666,326.36190096537274,2.92554018440288,125.44070943196614,2.0489094133421104,70.50124168395996,1.0664570234307853,-0.1303685010754083,31.77373586771704,35.22222222222222,40.80138888888889,23.98333333333333,26.593055555555555,1.3072222222222225,18.944444444444443,5.747222222222223,11.154522424715465,8.964973684433724,0,True,AAS2020_subregion,CHIRPS_v2.0_monthly+CHIRPS_v2.0_daily_climateserv,NASA_POWER_daily,,,subregion,False,False,A,"Yields from official AAS subregion estimates. Climate features from district centroids (CHIRPS monthly + CHIRPS daily via ClimateSERV + NASA POWER), aggregated to subregion by district mean."
beans,Teso,first_season_2020,9602.81295877452,9355.83766714948,4479.40752065048,0.4787820909269001,0.4664682671505587,27.724418486910984,27.878087411259024,28.87642504148957,0.0257190567686073,2020,2020.0,718.8491614870727,12.0,1.875,0.875,64.25,29.25,6.25,11.269178719280108,79.04015874862671,66.375,138.5,73.125,0.0,2020.0,1669.525,30.0,2.25,34.0,4.125,567.0684833526611,544.7363414764404,94.35681462287904,545.4307222366333,1751.592361688614,0.5267747515057891,252.7609806060791,18.44440770149231,9.125,432.5460443496704,3.148880772905238,110.15176582336426,1.4473873597718143,180.83578395843503,2.436987242438899,1.6948526242621509,33.696768641438275,39.75416666666666,37.083333333333336,23.166666666666664,22.95,1.309583333333333,22.016666666666666,6.116666666666667,28.87642504148957,3.4630325553222145,0,True,AAS2020_subregion,CHIRPS_v2.0_monthly+CHIRPS_v2.0_daily_climateserv,NASA_POWER_daily,,,subregion,False,False,A,"Yields from official AAS subregion estimates. Climate features from district centroids (CHIRPS monthly + CHIRPS daily via ClimateSERV + NASA POWER), aggregated to subregion by district mean."
beans,Teso,second_season_2020,7839.183178115692,3605.5270343399857,2624.5529415329943,0.7279249098775472,0.3347992873619594,28.223952433731004,29.148170170975344,29.64140507186321,0.5400634284952825,2020,2020.0,771.3133741170168,6.25,0.75,0.0,66.375,30.0,7.75,11.734419782703148,92.56062760949136,215.75,319.375,104.625,0.0,2020.0,1599.635625,15.125,0.0,11.0,1.625,567.0684833526611,544.7363414764404,94.35681462287904,545.4307222366333,1751.592361688614,0.5267747515057891,252.7609806060791,18.44440770149231,9.125,432.5460443496704,3.148880772905238,110.15176582336426,1.4473873597718143,180.83578395843503,2.436987242438899,1.6948526242621509,33.696768641438275,39.75416666666666,37.083333333333336,23.166666666666664,22.95,1.309583333333333,22.016666666666666,6.116666666666667,29.64140507186321,3.3736592363809343,0,True,AAS2020_subregion,CHIRPS_v2.0_monthly+CHIRPS_v2.0_daily_climateserv,NASA_POWER_daily,,,subregion,False,False,A,"Yields from official AAS subregion estimates. Climate features from district centroids (CHIRPS monthly + CHIRPS daily via ClimateSERV + NASA POWER), aggregated to subregion by district mean."
beans,Teso,total_2020,17441.99613689021,12961.364701489463,7103.960462183473,0.5480873832187684,0.4072905650494004,25.85339551543837,23.387757697645924,24.67007279203875,0.2568875374260697,2020,2020.0,1490.1625356040895,12.0,2.625,0.875,130.625,59.25,14.0,11.422720584285171,94.30053216218948,66.375,319.375,254.0,0.0,2020.0,3269.1606249999995,45.125,2.25,45.0,5.75,567.0684833526611,544.7363414764404,94.35681462287904,545.4307222366333,1751.592361688614,0.5267747515057891,252.7609806060791,18.44440770149231,9.125,432.5460443496704,3.148880772905238,110.15176582336426,1.4473873597718143,180.83578395843503,2.436987242438899,1.6948526242621509,33.696768641438275,39.75416666666666,37.083333333333336,23.166666666666664,22.95,1.309583333333333,22.016666666666666,6.116666666666667,24.67007279203875,4.053494322573336,0,True,AAS2020_subregion,CHIRPS_v2.0_monthly+CHIRPS_v2.0_daily_climateserv,NASA_POWER_daily,,,subregion,False,False,A,"Yields from official AAS subregion estimates. Climate features from district centroids (CHIRPS monthly + CHIRPS daily via ClimateSERV + NASA POWER), aggregated to subregion by district mean."
beans,Tooro,first_season_2020,71359.82343336675,61307.20059681245,35031.909342114006,0.5714159022282193,0.490919226766663,8.297373619576605,9.339106708024056,11.02239006735167,0.1408723053517793,2020,2020.0,420.3883653643231,7.5,1.3333333333333333,0.0,59.833333333333336,11.833333333333334,2.333333333333333,7.062722270110696,71.11472137769063,79.83333333333333,172.66666666666666,93.83333333333331,0.0,2020.0,1342.7875,0.0,0.0,0.0,0.0,355.97414525349933,431.6625912984212,204.09065055847168,212.6048501332601,1204.3322372436523,0.4793259974136277,190.47071838378903,32.74074681599935,9.166666666666666,16.10162099202474,0.1709815567377501,-12.726359049479166,-0.2667215358856098,13.203530629475912,0.2172936340253973,0.4841465980969281,30.43268353930232,38.82222222222222,34.72222222222222,26.45833333333333,31.425,1.2222222222222223,21.03333333333333,5.7444444444444445,11.02239006735167,9.072442491052836,0,True,AAS2020_subregion,CHIRPS_v2.0_monthly+CHIRPS_v2.0_daily_climateserv,NASA_POWER_daily,,,subregion,False,False,A,"Yields from official AAS subregion estimates. Climate features from district centroids (CHIRPS monthly + CHIRPS daily via ClimateSERV + NASA POWER), aggregated to subregion by district mean."
beans,Tooro,second_season_2020,83433.83875252922,39153.0888077489,46340.36707981695,1.1835686146592244,0.5554145389050816,11.438125213862792,13.931134441321708,12.933145292822362,0.5307289057635263,2020,2020.0,539.9655496279398,5.666666666666667,0.1666666666666666,0.0,75.0,15.833333333333334,0.8333333333333334,7.215844390065075,54.739023526509605,237.16666666666663,334.0,97.83333333333331,0.0,2020.0,1314.0225,0.0,0.0,0.0,0.0,355.97414525349933,431.6625912984212,204.09065055847168,212.6048501332601,1204.3322372436523,0.4793259974136277,190.47071838378903,32.74074681599935,9.166666666666666,16.10162099202474,0.1709815567377501,-12.726359049479166,-0.2667215358856098,13.203530629475912,0.2172936340253973,0.4841465980969281,30.43268353930232,38.82222222222222,34.72222222222222,26.45833333333333,31.425,1.2222222222222223,21.03333333333333,5.7444444444444445,12.933145292822362,7.732071181130085,0,True,AAS2020_subregion,CHIRPS_v2.0_monthly+CHIRPS_v2.0_daily_climateserv,NASA_POWER_daily,,,subregion,False,False,A,"Yields from official AAS subregion estimates. Climate features from district centroids (CHIRPS monthly + CHIRPS daily via ClimateSERV + NASA POWER), aggregated to subregion by district mean."
beans,Tooro,total_2020,154793.66218589596,100460.28940456136,81372.27642193096,0.8099944456086376,0.5256822228561836,8.65477447403639,9.944153973215194,10.183432216521206,0.3510051510770781,2020,2020.0,960.353914992263,7.833333333333333,1.5,0.0,134.83333333333334,27.666666666666668,3.1666666666666665,7.117704760634367,71.11472137769063,79.83333333333333,334.0,255.16666666666663,0.0,2020.0,2656.81,0.0,0.0,0.0,0.0,355.97414525349933,431.6625912984212,204.09065055847168,212.6048501332601,1204.3322372436523,0.4793259974136277,190.47071838378903,32.74074681599935,9.166666666666666,16.10162099202474,0.1709815567377501,-12.726359049479166,-0.2667215358856098,13.203530629475912,0.2172936340253973,0.4841465980969281,30.43268353930232,38.82222222222222,34.72222222222222,26.45833333333333,31.425,1.2222222222222223,21.03333333333333,5.7444444444444445,10.183432216521206,9.81987191290613,0,True,AAS2020_subregion,CHIRPS_v2.0_monthly+CHIRPS_v2.0_daily_climateserv,NASA_POWER_daily,,,subregion,False,False,A,"Yields from official AAS subregion estimates. Climate features from district centroids (CHIRPS monthly + CHIRPS daily via ClimateSERV + NASA POWER), aggregated to subregion by district mean."
beans,West Nile,first_season_2020,7323.892066053298,5795.096209272012,3043.255599967893,0.5251432400895707,0.4155243649853301,24.647943322968867,27.29521059906108,28.769463299342373,0.2087409048349239,2020,2020.0,483.52667271438986,8.875,0.875,0.5,61.5,17.625,0.5,7.825545069772218,51.422300547361374,67.0,119.5,53.5,0.0,2020.0,1761.97375,36.5,7.5,65.125,3.375,360.669960975647,493.01258277893066,66.64463460445404,483.4122219085693,1403.739400267601,0.5647084882010742,203.7938175201416,13.26979124546051,9.125,111.49882352352142,1.1023286179104022,7.397730827331543,0.1443218114742419,62.93607711791992,1.0631675336045212,3.117613660206275,31.220983540164852,37.85833333333333,39.25416666666666,22.879166666666663,24.341666666666665,1.296875,17.964583333333334,5.958333333333333,28.769463299342373,3.475907734513972,0,True,AAS2020_subregion,CHIRPS_v2.0_monthly+CHIRPS_v2.0_daily_climateserv,NASA_POWER_daily,,,subregion,False,False,A,"Yields from official AAS subregion estimates. Climate features from district centroids (CHIRPS monthly + CHIRPS daily via ClimateSERV + NASA POWER), aggregated to subregion by district mean."
beans,West Nile,second_season_2020,17232.453555765158,11334.6734633902,8568.518933166533,0.7559563988183644,0.4972315117773763,16.392894628230174,18.5500553568578,19.27393074816685,0.3422484252337846,2020,2020.0,674.592796459794,7.125,0.75,0.125,72.25,24.625,3.875,9.322872237632469,67.03485369682312,222.125,325.875,104.75,0.0,2020.0,1560.473125,0.125,0.0,12.375,0.0,360.669960975647,493.01258277893066,66.64463460445404,483.4122219085693,1403.739400267601,0.5647084882010742,203.7938175201416,13.26979124546051,9.125,111.49882352352142,1.1023286179104022,7.397730827331543,0.1443218114742419,62.93607711791992,1.0631675336045212,3.117613660206275,31.220983540164852,37.85833333333333,39.25416666666666,22.879166666666663,24.341666666666665,1.296875,17.964583333333334,5.958333333333333,19.27393074816685,5.188355261134838,0,True,AAS2020_subregion,CHIRPS_v2.0_monthly+CHIRPS_v2.0_daily_climateserv,NASA_POWER_daily,,,subregion,False,False,A,"Yields from official AAS subregion estimates. Climate features from district centroids (CHIRPS monthly + CHIRPS daily via ClimateSERV + NASA POWER), aggregated to subregion by district mean."
beans,West Nile,total_2020,24556.34562181845,17129.769672662213,11611.774533134429,0.6778710254152407,0.4728624817374006,16.299328332380693,18.51267562209445,19.46404291970672,0.3024300139576829,2020,2020.0,1158.119469174184,9.25,1.625,0.625,133.75,42.25,4.375,8.351270635323328,67.03485369682312,67.0,325.875,259.875,0.0,2020.0,3322.446875,36.625,7.5,77.5,3.375,360.669960975647,493.01258277893066,66.64463460445404,483.4122219085693,1403.739400267601,0.5647084882010742,203.7938175201416,13.26979124546051,9.125,111.49882352352142,1.1023286179104022,7.397730827331543,0.1443218114742419,62.93607711791992,1.0631675336045212,3.117613660206275,31.220983540164852,37.85833333333333,39.25416666666666,22.879166666666663,24.341666666666665,1.296875,17.964583333333334,5.958333333333333,19.46404291970672,5.137678765532992,0,True,AAS2020_subregion,CHIRPS_v2.0_monthly+CHIRPS_v2.0_daily_climateserv,NASA_POWER_daily,,,subregion,False,False,A,"Yields from official AAS subregion estimates. Climate features from district centroids (CHIRPS monthly + CHIRPS daily via ClimateSERV + NASA POWER), aggregated to subregion by district mean."
beans,Acholi,total_2018,16698.0,7421.0,10168.0,0.7,0.6,,,53.1,0.5555755180261109,2018,2018.0,1297.993301793933,9.5,2.25,0.75,131.0,53.5,7.875,10.09085539189485,74.19288450479507,65.875,312.5,247.625,0.125,2018.0,3571.703125,113.875,13.5,76.25,11.5,587.9534330368042,367.1806235313416,84.7395316362381,463.0955591201782,1502.969147324562,0.5761652462293185,228.6103973388672,3.5434058904647827,9.5,181.1862906217575,1.6256564460291143,204.72643995285037,3.4001401929672337,-18.267350673675537,-0.2996272532481422,2.948992569163029,32.58856664393185,35.916666666666664,39.8,24.279166666666665,23.097916666666663,1.290625,21.222916666666663,6.214583333333334,53.1,1.8832391713747645,1,False,AAS2020_subregion,CHIRPS_v2.0_monthly+CHIRPS_v2.0_daily_climateserv,NASA_POWER_daily,,,subregion,False,False,A,"Yields from official AAS subregion estimates. Climate features from district centroids (CHIRPS monthly + CHIRPS daily via ClimateSERV + NASA POWER), aggregated to subregion by district mean."
beans,Ankole,total_2018,138129.0,55260.0,91280.0,0.7,0.7,,,12.5,0.5999391872814543,2018,2018.0,996.1152784257408,19.6,4.4,2.2,119.6,34.0,5.4,8.673759301200255,75.81697468757629,62.5,325.5,264.0,0.3,2018.0,2714.403,3.5,0.0,0.0,0.5,495.5467948913574,380.0913887023926,231.99917488098143,135.87353043556217,1243.5108889102935,0.6427294724306255,247.5020538330078,12.322136735916136,8.9,188.5879871845245,1.89959989335264,181.84620895385743,3.737732083847076,-9.357119750976562,-0.1905290460284211,-0.4857880185004249,30.39304382746005,36.69166666666666,34.480000000000004,28.84,29.723333333333336,1.2521666666666669,22.166666666666664,5.866666666666666,12.5,8.0,0,False,AAS2020_subregion,CHIRPS_v2.0_monthly+CHIRPS_v2.0_daily_climateserv,NASA_POWER_daily,,,subregion,False,False,A,"Yields from official AAS subregion estimates. Climate features from district centroids (CHIRPS monthly + CHIRPS daily via ClimateSERV + NASA POWER), aggregated to subregion by district mean."
beans,Bukedi,total_2018,43242.0,17654.0,14945.0,0.4,0.3,,,20.9,0.5917395125109847,2018,2018.0,1223.6469823420048,9.666666666666666,3.1666666666666665,1.0,131.5,47.5,8.833333333333334,9.682857167300783,85.07590516408284,66.66666666666667,325.3333333333333,259.6666666666667,0.0,2018.0,3061.883333333333,19.666666666666668,0.0,11.833333333333334,2.0,688.6437784830729,296.1997750600179,179.76185401280722,309.0909481048584,1473.6963556607564,0.6202254517839495,256.36289469401044,17.54391272862752,10.5,101.55802138646445,0.8063606445629515,189.74026234944665,2.743545989419715,-95.46537335713704,-1.345063264936065,0.8889265350005031,33.93278031056312,39.98888888888889,37.0,23.030555555555555,22.21388888888889,1.3194444444444444,19.625,5.861111111111111,20.9,4.784688995215311,0,False,AAS2020_subregion,CHIRPS_v2.0_monthly+CHIRPS_v2.0_daily_climateserv,NASA_POWER_daily,,,subregion,False,False,A,"Yields from official AAS subregion estimates. Climate features from district centroids (CHIRPS monthly + CHIRPS daily via ClimateSERV + NASA POWER), aggregated to subregion by district mean."
beans,Bunyoro,total_2018,162673.0,62327.0,134364.0,0.7,0.8,,,14.3,0.6168571305625395,2018,2018.0,1165.2299720535852,13.714285714285714,1.5714285714285714,1.4285714285714286,136.57142857142858,42.42857142857143,3.571428571428572,8.776554583205309,62.94485630307879,63.42857142857143,326.7142857142857,264.2857142857143,0.0,2018.0,3334.141428571428,53.0,0.0,78.0,7.571428571428571,525.7105691092355,390.0055247715541,164.51955461502075,299.55005264282227,1379.7857011386327,0.5287806758871201,215.79498508998327,10.444469383784703,9.571428571428571,150.4040540286473,1.6417496059959489,117.33206503731864,2.2641972703278577,-27.30225917271205,-0.4875543271725687,1.4080781187891254,31.39340891821776,35.91904761904762,40.12142857142857,23.942857142857143,27.39047619047619,1.275952380952381,19.571428571428573,5.892857142857143,14.3,6.9930069930069925,0,False,AAS2020_subregion,CHIRPS_v2.0_monthly+CHIRPS_v2.0_daily_climateserv,NASA_POWER_daily,,,subregion,False,False,A,"Yields from official AAS subregion estimates. Climate features from district centroids (CHIRPS monthly + CHIRPS daily via ClimateSERV + NASA POWER), aggregated to subregion by district mean."
beans,Busoga,total_2018,53800.0,10817.0,20372.0,0.4,0.4,,,19.3,0.7989405204460966,2018,2018.0,1296.9030754357575,11.0,2.7,1.5,130.6,50.6,9.5,10.323244155153237,84.97893571853638,62.6,312.0,250.4,0.4,2018.0,3089.417,15.4,0.0,24.8,2.0,735.6537338256836,321.9559047698975,224.0965503692627,289.6874603271484,1571.3936492919922,0.6150324887960037,275.6630065917969,25.841302108764648,10.5,233.1166332244873,2.1517740743900444,238.80677642822263,3.812354375875167,-73.71551856994628,-1.2631691717331726,0.7262101537158856,33.473807107491325,38.23,39.06999999999999,22.69833333333333,22.363333333333333,1.3295,18.055,5.785,19.3,5.181347150259067,0,False,AAS2020_subregion,CHIRPS_v2.0_monthly+CHIRPS_v2.0_daily_climateserv,NASA_POWER_daily,,,subregion,False,False,A,"Yields from official AAS subregion estimates. Climate features from district centroids (CHIRPS monthly + CHIRPS daily via ClimateSERV + NASA POWER), aggregated to subregion by district mean."
beans,Elgon,total_2018,111375.0,41651.0,56701.0,0.5,0.5,,,14.9,0.6260291806958473,2018,2018.0,1537.3219298571348,12.875,3.625,1.75,118.125,65.0,20.625,13.210176756099498,105.4630154967308,62.75,322.5,260.75,0.0,2018.0,2377.785,12.625,0.0,0.0,1.5,821.1363525390625,346.22642946243286,129.94558215141296,530.4853630065918,1827.7937271595,0.658134718643457,325.0998058319092,19.135969161987305,10.0,242.7238380908966,1.5288118442671623,308.8326272964477,3.765680949467672,-103.91028547286987,-1.1330632667152585,1.19992745324261,34.4057876713486,41.06666666666667,34.6875,24.23333333333333,35.19166666666666,1.1777083333333334,22.4625,5.83125,14.9,6.711409395973154,0,False,AAS2020_subregion,CHIRPS_v2.0_monthly+CHIRPS_v2.0_daily_climateserv,NASA_POWER_daily,,,subregion,False,False,A,"Yields from official AAS subregion estimates. Climate features from district centroids (CHIRPS monthly + CHIRPS daily via ClimateSERV + NASA POWER), aggregated to subregion by district mean."
beans,Karamoja,total_2018,27159.0,1955.0,15218.0,0.4,0.6,,,68.2,0.9280164954527044,2018,2018.0,1184.5411929062434,20.428571428571427,8.571428571428571,3.571428571428572,86.14285714285714,49.42857142857143,15.714285714285714,14.246824615542163,104.75294985089984,65.28571428571429,321.42857142857144,257.1428571428572,0.2857142857142857,2018.0,3225.690714285714,90.42857142857144,2.7142857142857144,8.0,7.714285714285714,665.8696888514927,159.54168483189173,58.64976494652884,459.43540845598494,1343.4965470858983,0.8535693590964771,277.29381016322543,3.9569649696350098,7.428571428571429,361.4545076915196,2.978259744352143,343.170894077846,5.359529608590135,-74.97678593226841,-1.1392735259819262,2.512902349560968,34.24920188533877,37.01428571428572,39.42857142857143,23.559523809523807,20.571428571428573,1.275,24.55,6.485714285714286,68.2,1.4662756598240467,1,False,AAS2020_subregion,CHIRPS_v2.0_monthly+CHIRPS_v2.0_daily_climateserv,NASA_POWER_daily,,,subregion,False,False,A,"Yields from official AAS subregion estimates. Climate features from district centroids (CHIRPS monthly + CHIRPS daily via ClimateSERV + NASA POWER), aggregated to subregion by district mean."
beans,Kigezi,total_2018,77823.0,44827.0,47399.0,0.6,0.6,,,16.8,0.4239877671125502,2018,2018.0,1113.6591416970475,18.2,4.0,2.2,125.0,39.8,7.6,9.547616730039794,79.61275711059571,61.4,307.8,247.4,0.0,2018.0,2419.301,1.4,0.0,0.0,0.2,602.3397262573242,395.1165893554688,273.946004486084,132.51262798309327,1403.91494808197,0.6298086246890426,261.4533721923828,16.309780502319335,9.4,282.32114124298096,2.7728135725666623,253.4220733642578,5.212754661959374,3.7371658325195303,0.0558073930653859,-1.019403368249541,29.831596063494143,39.79666666666667,32.08,28.14,37.58,1.165333333333333,24.08,5.66,16.8,5.952380952380952,0,False,AAS2020_subregion,CHIRPS_v2.0_monthly+CHIRPS_v2.0_daily_climateserv,NASA_POWER_daily,,,subregion,False,False,A,"Yields from official AAS subregion estimates. Climate features from district centroids (CHIRPS monthly + CHIRPS daily via ClimateSERV + NASA POWER), aggregated to subregion by district mean."
beans,Lango,total_2018,107847.0,35602.0,39728.0,0.3,0.4,,,15.7,0.6698841877845466,2018,2018.0,1242.8373610302806,11.875,3.25,1.5,126.625,50.125,8.625,10.014780862379324,77.99202477931976,62.125,323.625,262.5,0.125,2018.0,3524.9312500000005,97.625,6.75,74.25,11.625,593.8219223022461,324.0818738937378,114.95286193490028,422.4948210716248,1455.351479202509,0.5826960740133942,236.17976188659668,4.664751201868057,9.875,149.4376770555973,1.2383927448897447,186.78048706054688,2.9338214629412844,-68.1658182144165,-1.034530383000785,2.173355946956628,32.88726991358652,37.922916666666666,38.145833333333336,23.941666666666663,23.510416666666664,1.3008333333333333,21.0125,6.166666666666667,15.7,6.369426751592357,0,False,AAS2020_subregion,CHIRPS_v2.0_monthly+CHIRPS_v2.0_daily_climateserv,NASA_POWER_daily,,,subregion,False,False,A,"Yields from official AAS subregion estimates. Climate features from district centroids (CHIRPS monthly + CHIRPS daily via ClimateSERV + NASA POWER), aggregated to subregion by district mean."
beans,North Buganda,total_2018,214705.0,94309.0,142433.0,0.6,0.7,,,14.4,0.5607507976060175,2018,2018.0,1158.813574438068,15.090909090909092,3.090909090909091,2.0,119.63636363636364,45.09090909090909,8.636363636363637,9.955694653821393,77.69701502539895,63.09090909090909,321.54545454545456,259.45454545454544,0.0,2018.0,3077.541363636364,27.0,0.0,37.90909090909091,3.909090909090909,610.2176257046787,324.47113210504705,221.73553232713175,272.11133852871984,1428.5356286655772,0.5656856424408608,241.6861336447976,21.74912790818648,10.363636363636363,167.5601386156949,1.4805464301233071,159.5294487693093,2.586762883012903,-69.63396349820223,-1.0372331239547032,0.7234939693435596,32.36247047527122,34.09090909090909,39.64545454545455,26.26363636363636,28.11969696969697,1.3089393939393938,19.425757575757576,5.828787878787879,14.4,6.944444444444444,0,False,AAS2020_subregion,CHIRPS_v2.0_monthly+CHIRPS_v2.0_daily_climateserv,NASA_POWER_daily,,,subregion,False,False,A,"Yields from official AAS subregion estimates. Climate features from district centroids (CHIRPS monthly + CHIRPS daily via ClimateSERV + NASA POWER), aggregated to subregion by district mean."
beans,South Buganda,total_2018,120327.0,60918.0,73476.0,0.6,0.6,,,16.8,0.4937295868757635,2018,2018.0,1102.8067770993446,13.583333333333334,4.333333333333333,1.9166666666666667,113.58333333333331,43.083333333333336,8.75,9.953865441035786,72.8550816377004,60.083333333333336,314.25,255.16666666666663,0.5,2018.0,2847.9779166666667,0.25,0.0,45.25,0.0,553.7707850138346,337.64565086364746,241.9257427851359,238.4797877868017,1371.8219664494195,0.5415079784985511,213.70710627237955,23.081258098284405,9.666666666666666,151.42433607578278,1.3510859870943357,82.54726473490398,1.483903699154667,-16.21691068013509,-0.207879939479155,-0.1303685010754083,31.77373586771704,35.22222222222222,40.80138888888889,23.98333333333333,26.593055555555555,1.3072222222222225,18.944444444444443,5.747222222222223,16.8,5.952380952380952,0,False,AAS2020_subregion,CHIRPS_v2.0_monthly+CHIRPS_v2.0_daily_climateserv,NASA_POWER_daily,,,subregion,False,False,A,"Yields from official AAS subregion estimates. Climate features from district centroids (CHIRPS monthly + CHIRPS daily via ClimateSERV + NASA POWER), aggregated to subregion by district mean."
beans,Teso,total_2018,9178.0,3087.0,3014.0,0.4,0.3,,,35.1,0.6636522118108521,2018,2018.0,1253.0888489037752,12.0,3.625,1.75,119.625,49.625,9.5,10.931848493951698,83.35162037611008,67.25,324.0,257.75,0.125,2018.0,3453.383125,90.875,6.375,66.25,10.125,681.727123260498,256.6796932220459,110.21020019054411,418.4988565444946,1467.1158732175827,0.6808055945301487,281.5084457397461,9.2957843542099,9.75,148.06955587863922,1.0791982803705658,224.8104057312012,2.938603450471212,-107.22086429595949,-1.430068115992032,1.6948526242621509,33.696768641438275,39.75416666666666,37.083333333333336,23.166666666666664,22.95,1.309583333333333,22.016666666666666,6.116666666666667,35.1,2.849002849002849,1,False,AAS2020_subregion,CHIRPS_v2.0_monthly+CHIRPS_v2.0_daily_climateserv,NASA_POWER_daily,,,subregion,False,False,A,"Yields from official AAS subregion estimates. Climate features from district centroids (CHIRPS monthly + CHIRPS daily via ClimateSERV + NASA POWER), aggregated to subregion by district mean."
beans,Tooro,total_2018,108266.0,49710.0,69551.0,0.7,0.6,,,11.7,0.5408530840707146,2018,2018.0,1085.4182376811902,14.666666666666666,2.833333333333333,1.6666666666666667,133.16666666666666,38.16666666666666,2.833333333333333,8.29458282768816,59.02206015586853,64.5,319.3333333333333,255.83333333333331,0.1666666666666666,2018.0,2643.8725,0.3333333333333333,0.0,0.0,0.0,453.0401509602864,446.4355278015137,184.95953528086343,216.255126953125,1300.6903409957886,0.534679106022179,199.7302678426107,23.761218388875324,9.166666666666666,112.45972474416097,1.1571678106016552,84.33964665730794,1.7280906546617123,27.97646713256836,0.4640996862747341,0.4841465980969281,30.43268353930232,38.82222222222222,34.72222222222222,26.45833333333333,31.425,1.2222222222222223,21.03333333333333,5.7444444444444445,11.7,8.547008547008547,0,False,AAS2020_subregion,CHIRPS_v2.0_monthly+CHIRPS_v2.0_daily_climateserv,NASA_POWER_daily,,,subregion,False,False,A,"Yields from official AAS subregion estimates. Climate features from district centroids (CHIRPS monthly + CHIRPS daily via ClimateSERV + NASA POWER), aggregated to subregion by district mean."
beans,West Nile,total_2018,14287.0,8679.0,9003.0,0.7,0.6,,,26.5,0.3925246727794498,2018,2018.0,1197.698100939393,10.625,2.125,1.25,123.375,47.0,7.375,9.63271561240217,71.4289847612381,65.25,320.75,256.5,0.0,2018.0,3387.3431250000003,66.375,6.5,94.375,9.375,433.0388431549072,451.5175514221192,95.55104261636734,401.2724142074585,1381.3798514008522,0.5225231198535019,192.4903888702393,4.205187380313873,9.75,89.13927465677261,0.8697596005752545,79.7666130065918,1.574377909953197,21.4410457611084,0.3551618679359741,3.117613660206275,31.220983540164852,37.85833333333333,39.25416666666666,22.879166666666663,24.341666666666665,1.296875,17.964583333333334,5.958333333333333,26.5,3.773584905660377,0,False,AAS2020_subregion,CHIRPS_v2.0_monthly+CHIRPS_v2.0_daily_climateserv,NASA_POWER_daily,,,subregion,False,False,A,"Yields from official AAS subregion estimates. Climate features from district centroids (CHIRPS monthly + CHIRPS daily via ClimateSERV + NASA POWER), aggregated to subregion by district mean."
groundnuts,Acholi,first_season_2020,41311.86339982357,33491.00876369796,19415.75629115963,0.579730411471064,0.4699801629195586,19.58088345501453,20.71998715096573,24.83473730660469,0.1893125604244472,2020,2020.0,572.7000713534653,9.625,1.0,0.5,70.125,17.875,1.875,8.171791002696578,57.323903918266296,66.375,91.5,26.125,0.0,2020.0,1725.021875,32.125,4.25,36.625,4.25,429.8889408111572,490.3651552200317,69.14666032791138,518.1679534912109,1507.5687098503113,0.5593996689194904,228.0890274047852,16.66800856590271,9.0,185.7858531475067,1.6576316046658746,46.66194772720337,0.7774568923056622,104.91718101501463,1.6678938868094362,2.948992569163029,32.58856664393185,35.916666666666664,39.8,24.279166666666665,23.097916666666663,1.290625,21.222916666666663,6.214583333333334,24.83473730660469,4.026617989367877,0,True,AAS2020_subregion,CHIRPS_v2.0_monthly+CHIRPS_v2.0_daily_climateserv,NASA_POWER_daily,,,subregion,False,False,A,"Yields from official AAS subregion estimates. Climate features from district centroids (CHIRPS monthly + CHIRPS daily via ClimateSERV + NASA POWER), aggregated to subregion by district mean."
groundnuts,Acholi,second_season_2020,21212.19136588105,14727.171704613364,11403.00442943078,0.774283389787513,0.5375684309435399,25.12317623417041,27.01519384363122,33.11498337346168,0.3057213443632504,2020,2020.0,689.2091083079576,7.25,0.75,0.0,73.75,24.375,4.625,9.378765549747122,71.7936801314354,215.25,326.25,112.0,0.0,2020.0,1576.105,1.25,0.0,3.5,0.0,429.8889408111572,490.3651552200317,69.14666032791138,518.1679534912109,1507.5687098503113,0.5593996689194904,228.0890274047852,16.66800856590271,9.0,185.7858531475067,1.6576316046658746,46.66194772720337,0.7774568923056622,104.91718101501463,1.6678938868094362,2.948992569163029,32.58856664393185,35.916666666666664,39.8,24.279166666666665,23.097916666666663,1.290625,21.222916666666663,6.214583333333334,33.11498337346168,3.019781072278596,1,True,AAS2020_subregion,CHIRPS_v2.0_monthly+CHIRPS_v2.0_daily_climateserv,NASA_POWER_daily,,,subregion,False,False,A,"Yields from official AAS subregion estimates. Climate features from district centroids (CHIRPS monthly + CHIRPS daily via ClimateSERV + NASA POWER), aggregated to subregion by district mean."
groundnuts,Acholi,total_2020,62524.05476570462,48218.18046831132,30818.76072059041,0.6391522952809118,0.4929104619986188,14.083909204656258,15.415261636337291,19.25885331951384,0.2288059267909201,2020,2020.0,1261.909179661423,9.75,1.75,0.5,143.875,42.25,6.5,8.578404892374339,71.7936801314354,66.375,326.25,260.875,0.0,2020.0,3301.126875,33.375,4.25,40.125,4.25,429.8889408111572,490.3651552200317,69.14666032791138,518.1679534912109,1507.5687098503113,0.5593996689194904,228.0890274047852,16.66800856590271,9.0,185.7858531475067,1.6576316046658746,46.66194772720337,0.7774568923056622,104.91718101501463,1.6678938868094362,2.948992569163029,32.58856664393185,35.916666666666664,39.8,24.279166666666665,23.097916666666663,1.290625,21.222916666666663,6.214583333333334,19.25885331951384,5.192417136210078,0,True,AAS2020_subregion,CHIRPS_v2.0_monthly+CHIRPS_v2.0_daily_climateserv,NASA_POWER_daily,,,subregion,False,False,A,"Yields from official AAS subregion estimates. Climate features from district centroids (CHIRPS monthly + CHIRPS daily via ClimateSERV + NASA POWER), aggregated to subregion by district mean."
groundnuts,Ankole,first_season_2020,13519.71785013503,13224.414029447358,6469.507084787104,0.4892093570559104,0.4785238239807267,15.052386327660932,15.241080323814913,16.96439242537923,0.0218424544033455,2020,2020.0,349.7021957648918,13.5,3.6,1.1,43.6,10.6,3.3,8.008444253579558,73.6520622253418,79.7,170.1,91.4,0.0,2020.0,1337.8425,0.0,0.0,0.0,0.0,310.6848606109619,444.8346336364746,271.2373676300049,111.68549699783324,1138.4423588752747,0.6943823472467304,239.6933395385742,12.007702255249024,8.7,83.51945714950561,0.8827483995985753,-3.015725326538086,0.0359051322627761,55.38612518310547,0.9817632327328776,-0.4857880185004249,30.39304382746005,36.69166666666666,34.480000000000004,28.84,29.723333333333336,1.2521666666666669,22.166666666666664,5.866666666666666,16.96439242537923,5.894699762450499,0,True,AAS2020_subregion,CHIRPS_v2.0_monthly+CHIRPS_v2.0_daily_climateserv,NASA_POWER_daily,,,subregion,False,False,A,"Yields from official AAS subregion estimates. Climate features from district centroids (CHIRPS monthly + CHIRPS daily via ClimateSERV + NASA POWER), aggregated to subregion by district mean."
groundnuts,Ankole,second_season_2020,7750.623680207723,4021.440590668345,2236.502995825332,0.5561447310735069,0.2885578100684398,12.72968248344638,16.27230586950763,13.467900643040752,0.4811461946039719,2020,2020.0,503.3400412417949,7.9,0.8,0.3,57.2,17.0,3.5,8.7841959363282,80.87566123008727,263.4,324.6,62.2,0.2,2020.0,1343.2685,0.0,0.0,0.0,0.0,310.6848606109619,444.8346336364746,271.2373676300049,111.68549699783324,1138.4423588752747,0.6943823472467304,239.6933395385742,12.007702255249024,8.7,83.51945714950561,0.8827483995985753,-3.015725326538086,0.0359051322627761,55.38612518310547,0.9817632327328776,-0.4857880185004249,30.39304382746005,36.69166666666666,34.480000000000004,28.84,29.723333333333336,1.2521666666666669,22.166666666666664,5.866666666666666,13.467900643040752,7.425062201633694,0,True,AAS2020_subregion,CHIRPS_v2.0_monthly+CHIRPS_v2.0_daily_climateserv,NASA_POWER_daily,,,subregion,False,False,A,"Yields from official AAS subregion estimates. Climate features from district centroids (CHIRPS monthly + CHIRPS daily via ClimateSERV + NASA POWER), aggregated to subregion by district mean."
groundnuts,Ankole,total_2020,21270.34153034276,17245.854620115704,8706.010080612436,0.5048175502104532,0.4093027875548242,12.1855936838348,13.361911898242282,14.17821019108223,0.1892065016674041,2020,2020.0,853.0422370066866,13.5,4.4,1.4,100.8,27.6,6.8,8.286924300112421,88.41481127738953,79.7,324.6,245.9,0.2,2020.0,2681.111,0.0,0.0,0.0,0.0,310.6848606109619,444.8346336364746,271.2373676300049,111.68549699783324,1138.4423588752747,0.6943823472467304,239.6933395385742,12.007702255249024,8.7,83.51945714950561,0.8827483995985753,-3.015725326538086,0.0359051322627761,55.38612518310547,0.9817632327328776,-0.4857880185004249,30.39304382746005,36.69166666666666,34.480000000000004,28.84,29.723333333333336,1.2521666666666669,22.166666666666664,5.866666666666666,14.17821019108223,7.053076421655655,0,True,AAS2020_subregion,CHIRPS_v2.0_monthly+CHIRPS_v2.0_daily_climateserv,NASA_POWER_daily,,,subregion,False,False,A,"Yields from official AAS subregion estimates. Climate features from district centroids (CHIRPS monthly + CHIRPS daily via ClimateSERV + NASA POWER), aggregated to subregion by district mean."
groundnuts,Bukedi,first_season_2020,19476.054131639823,18383.56111198294,8770.121708536559,0.4770632662036267,0.4503028000055236,15.421584841346656,15.606830571289972,15.58605499578506,0.0560941663168861,2020,2020.0,809.6237435787916,7.333333333333333,0.6666666666666666,0.1666666666666666,77.66666666666667,30.0,6.666666666666667,10.415271057329736,88.75836904843648,65.0,158.83333333333334,94.83333333333331,0.0,2020.0,1534.1625,6.666666666666667,0.0,13.666666666666666,0.6666666666666666,667.2053387959799,794.5850397745768,203.4081185658773,452.7071622212728,2117.9056593577066,0.560799035660458,393.3497365315755,49.560106913248696,11.0,745.7673250834147,5.829329549863792,168.30182266235352,2.438865671778767,402.9198913574219,5.631585246250869,0.8889265350005031,33.93278031056312,39.98888888888889,37.0,23.030555555555555,22.21388888888889,1.3194444444444444,19.625,5.861111111111111,15.58605499578506,6.415991732804935,0,True,AAS2020_subregion,CHIRPS_v2.0_monthly+CHIRPS_v2.0_daily_climateserv,NASA_POWER_daily,,,subregion,False,False,A,"Yields from official AAS subregion estimates. Climate features from district centroids (CHIRPS monthly + CHIRPS daily via ClimateSERV + NASA POWER), aggregated to subregion by district mean."
groundnuts,Bukedi,second_season_2020,4614.401009321355,2347.0148967595123,1323.975373433528,0.5641103408681047,0.286922478293287,39.86418013686493,35.33050470358466,30.58922233786437,0.4913717095635148,2020,2020.0,992.2721540729204,4.666666666666667,0.0,0.0,78.33333333333333,39.16666666666666,11.166666666666666,12.62093760744031,138.83227117856345,219.66666666666663,334.0,115.33333333333331,0.0,2020.0,1501.6674999999998,0.0,0.0,1.0,0.0,667.2053387959799,794.5850397745768,203.4081185658773,452.7071622212728,2117.9056593577066,0.560799035660458,393.3497365315755,49.560106913248696,11.0,745.7673250834147,5.829329549863792,168.30182266235352,2.438865671778767,402.9198913574219,5.631585246250869,0.8889265350005031,33.93278031056312,39.98888888888889,37.0,23.030555555555555,22.21388888888889,1.3194444444444444,19.625,5.861111111111111,30.58922233786437,3.269125278684075,1,True,AAS2020_subregion,CHIRPS_v2.0_monthly+CHIRPS_v2.0_daily_climateserv,NASA_POWER_daily,,,subregion,False,False,A,"Yields from official AAS subregion estimates. Climate features from district centroids (CHIRPS monthly + CHIRPS daily via ClimateSERV + NASA POWER), aggregated to subregion by district mean."
groundnuts,Bukedi,total_2020,24090.455140961178,20730.576008742453,10094.097081970089,0.4869183122414556,0.4190081516893809,14.90683859345308,14.3980096403439,14.952826455671833,0.1394693090088571,2020,2020.0,1801.895897651712,7.333333333333333,0.6666666666666666,0.1666666666666666,156.0,69.16666666666667,17.833333333333332,11.152388814397248,138.83227117856345,65.0,334.0,270.0,0.0,2020.0,3035.83,6.666666666666667,0.0,14.666666666666666,0.6666666666666666,667.2053387959799,794.5850397745768,203.4081185658773,452.7071622212728,2117.9056593577066,0.560799035660458,393.3497365315755,49.560106913248696,11.0,745.7673250834147,5.829329549863792,168.30182266235352,2.438865671778767,402.9198913574219,5.631585246250869,0.8889265350005031,33.93278031056312,39.98888888888889,37.0,23.030555555555555,22.21388888888889,1.3194444444444444,19.625,5.861111111111111,14.952826455671833,6.687698830482212,0,True,AAS2020_subregion,CHIRPS_v2.0_monthly+CHIRPS_v2.0_daily_climateserv,NASA_POWER_daily,,,subregion,False,False,A,"Yields from official AAS subregion estimates. Climate features from district centroids (CHIRPS monthly + CHIRPS daily via ClimateSERV + NASA POWER), aggregated to subregion by district mean."
groundnuts,Bunyoro,first_season_2020,9376.64663776973,8518.16191839341,5664.8387902647655,0.6650306538588546,0.6041433583991993,27.87354797419384,24.961164251632304,25.279177494684173,0.091555622445906,2020,2020.0,495.56492937462673,8.285714285714286,0.8571428571428571,0.2857142857142857,61.285714285714285,17.142857142857142,2.142857142857143,8.112740533440107,60.977203028542654,71.28571428571429,150.28571428571428,80.0,0.0,2020.0,1656.509285714286,18.428571428571427,0.0,42.0,2.2857142857142856,401.13837759835377,464.5933271135603,116.57960183279856,357.61904580252514,1339.9303523472377,0.475642250642621,186.5789315359933,29.1850095476423,9.571428571428571,110.54870523725238,1.1906279809710258,-7.240126473563058,-0.1239286595333511,47.28554316929409,0.886999619780174,1.4080781187891254,31.39340891821776,35.91904761904762,40.12142857142857,23.942857142857143,27.39047619047619,1.275952380952381,19.571428571428573,5.892857142857143,25.279177494684173,3.955824908505369,0,True,AAS2020_subregion,CHIRPS_v2.0_monthly+CHIRPS_v2.0_daily_climateserv,NASA_POWER_daily,,,subregion,False,False,A,"Yields from official AAS subregion estimates. Climate features from district centroids (CHIRPS monthly + CHIRPS daily via ClimateSERV + NASA POWER), aggregated to subregion by district mean."
groundnuts,Bunyoro,second_season_2020,22918.29886632092,15307.529299226711,11807.09756699586,0.7713261452057005,0.5151821099753053,17.95393782061801,18.96100823136756,18.35311742596945,0.3320826563737,2020,2020.0,615.2274812289646,6.142857142857143,0.4285714285714285,0.0,72.57142857142857,19.428571428571427,3.0,8.509187926749274,60.676331111363005,220.14285714285717,328.85714285714283,109.71428571428572,0.0,2020.0,1627.2207142857144,7.714285714285714,0.0,38.57142857142857,0.5714285714285714,401.13837759835377,464.5933271135603,116.57960183279856,357.61904580252514,1339.9303523472377,0.475642250642621,186.5789315359933,29.1850095476423,9.571428571428571,110.54870523725238,1.1906279809710258,-7.240126473563058,-0.1239286595333511,47.28554316929409,0.886999619780174,1.4080781187891254,31.39340891821776,35.91904761904762,40.12142857142857,23.942857142857143,27.39047619047619,1.275952380952381,19.571428571428573,5.892857142857143,18.35311742596945,5.448665623339888,0,True,AAS2020_subregion,CHIRPS_v2.0_monthly+CHIRPS_v2.0_daily_climateserv,NASA_POWER_daily,,,subregion,False,False,A,"Yields from official AAS subregion estimates. Climate features from district centroids (CHIRPS monthly + CHIRPS daily via ClimateSERV + NASA POWER), aggregated to subregion by district mean."
groundnuts,Bunyoro,total_2020,32294.945504090647,23825.69121762012,17471.936357260623,0.7333233775958355,0.5410114828974564,17.312764362281346,18.129235761783868,16.540020491282963,0.2622470530379984,2020,2020.0,1110.7924106035914,8.285714285714286,1.2857142857142858,0.2857142857142857,133.85714285714286,36.57142857142857,5.142857142857143,8.250283932768435,70.5503591809954,71.28571428571429,328.85714285714283,258.57142857142856,0.0,2020.0,3283.73,26.142857142857142,0.0,80.57142857142857,2.857142857142857,401.13837759835377,464.5933271135603,116.57960183279856,357.61904580252514,1339.9303523472377,0.475642250642621,186.5789315359933,29.1850095476423,9.571428571428571,110.54870523725238,1.1906279809710258,-7.240126473563058,-0.1239286595333511,47.28554316929409,0.886999619780174,1.4080781187891254,31.39340891821776,35.91904761904762,40.12142857142857,23.942857142857143,27.39047619047619,1.275952380952381,19.571428571428573,5.892857142857143,16.540020491282963,6.045941723754375,0,True,AAS2020_subregion,CHIRPS_v2.0_monthly+CHIRPS_v2.0_daily_climateserv,NASA_POWER_daily,,,subregion,False,False,A,"Yields from official AAS subregion estimates. Climate features from district centroids (CHIRPS monthly + CHIRPS daily via ClimateSERV + NASA POWER), aggregated to subregion by district mean."
groundnuts,Busoga,first_season_2020,43792.34683684985,41665.29351724266,13843.222688580288,0.3322482939632105,0.316110546442139,66.57547648732447,70.06930189679127,59.12900162023883,0.0485713480378572,2020,2020.0,773.2258974894881,7.0,0.7,0.1,74.0,34.4,6.3,10.456889315629269,81.66407179832458,65.6,167.5,102.9,0.0,2020.0,1535.425,2.4,0.0,24.6,0.2,675.7435874938965,847.9992752075195,234.8438678741455,356.6991767883301,2115.2859073638915,0.6360433018749576,446.7699676513672,57.443873977661134,11.7,777.0088912963868,7.123400742899475,178.89663009643556,2.878829265571324,452.3278518676758,7.761510064885504,0.7262101537158856,33.473807107491325,38.23,39.06999999999999,22.69833333333333,22.363333333333333,1.3295,18.055,5.785,59.12900162023883,1.6912174611412978,1,True,AAS2020_subregion,CHIRPS_v2.0_monthly+CHIRPS_v2.0_daily_climateserv,NASA_POWER_daily,,,subregion,False,False,A,"Yields from official AAS subregion estimates. Climate features from district centroids (CHIRPS monthly + CHIRPS daily via ClimateSERV + NASA POWER), aggregated to subregion by district mean."
groundnuts,Busoga,second_season_2020,44093.97937781148,32904.6122934112,13367.661491377536,0.4062549460293829,0.303162964196066,69.62985120538107,78.85538760956432,67.95797643404539,0.2537617888493612,2020,2020.0,1029.6410896658897,4.7,0.0,0.0,79.0,36.5,11.5,13.043076616117643,155.53175468444823,219.1,334.0,115.9,0.0,2020.0,1515.443,0.0,0.0,2.2,0.0,675.7435874938965,847.9992752075195,234.8438678741455,356.6991767883301,2115.2859073638915,0.6360433018749576,446.7699676513672,57.443873977661134,11.7,777.0088912963868,7.123400742899475,178.89663009643556,2.878829265571324,452.3278518676758,7.761510064885504,0.7262101537158856,33.473807107491325,38.23,39.06999999999999,22.69833333333333,22.363333333333333,1.3295,18.055,5.785,67.95797643404539,1.471497611425379,1,True,AAS2020_subregion,CHIRPS_v2.0_monthly+CHIRPS_v2.0_daily_climateserv,NASA_POWER_daily,,,subregion,False,False,A,"Yields from official AAS subregion estimates. Climate features from district centroids (CHIRPS monthly + CHIRPS daily via ClimateSERV + NASA POWER), aggregated to subregion by district mean."
groundnuts,Busoga,total_2020,87886.32621466133,74569.90581065386,27210.884179957822,0.3649043656974847,0.3096145367766944,67.90196862762826,73.76183864184752,63.23955766891672,0.1515186830256423,2020,2020.0,1802.866987155378,7.3,0.7,0.1,153.0,70.9,17.8,11.338777301708948,155.53175468444823,65.6,334.0,269.4,0.0,2020.0,3050.868,2.4,0.0,26.8,0.2,675.7435874938965,847.9992752075195,234.8438678741455,356.6991767883301,2115.2859073638915,0.6360433018749576,446.7699676513672,57.443873977661134,11.7,777.0088912963868,7.123400742899475,178.89663009643556,2.878829265571324,452.3278518676758,7.761510064885504,0.7262101537158856,33.473807107491325,38.23,39.06999999999999,22.69833333333333,22.363333333333333,1.3295,18.055,5.785,63.23955766891672,1.581288732655884,1,True,AAS2020_subregion,CHIRPS_v2.0_monthly+CHIRPS_v2.0_daily_climateserv,NASA_POWER_daily,,,subregion,False,False,A,"Yields from official AAS subregion estimates. Climate features from district centroids (CHIRPS monthly + CHIRPS daily via ClimateSERV + NASA POWER), aggregated to subregion by district mean."
groundnuts,Elgon,first_season_2020,2173.4602864942685,2119.6791928806774,1049.3657899532895,0.4950587775158489,0.4828088171078973,39.882484914431096,40.75432751158324,35.960193033692114,0.0247444565459894,2020,2020.0,866.8314718306065,12.375,2.0,1.0,61.75,35.0,12.25,14.047689406965448,100.17534798383711,64.0,141.25,78.25,0.0,2020.0,1199.360625,6.5,0.0,0.0,0.0,655.4807319641113,798.0750713348389,158.2289593219757,782.5927791595459,2394.377541780472,0.5263333911348054,363.87797927856445,21.96851897239685,10.5,809.3076527118683,5.100997321581116,143.17700672149658,1.7398683522203706,347.93835639953613,3.6619587452533766,1.19992745324261,34.4057876713486,41.06666666666667,34.6875,24.23333333333333,35.19166666666666,1.1777083333333334,22.4625,5.83125,35.960193033692114,2.7808527030515995,1,True,AAS2020_subregion,CHIRPS_v2.0_monthly+CHIRPS_v2.0_daily_climateserv,NASA_POWER_daily,,,subregion,False,False,A,"Yields from official AAS subregion estimates. Climate features from district centroids (CHIRPS monthly + CHIRPS daily via ClimateSERV + NASA POWER), aggregated to subregion by district mean."
groundnuts,Elgon,second_season_2020,2442.4599580160752,1341.823211527416,1010.514989448897,0.7530910039174339,0.4137283750066892,44.50920796221065,49.00766464501643,51.02746770953722,0.4506263215805871,2020,2020.0,1130.8543752878904,8.375,1.375,0.125,61.5,45.75,20.0,18.42114997915324,132.78024780750275,215.5,311.625,97.125,0.0,2020.0,1107.919375,0.0,0.0,0.0,0.0,655.4807319641113,798.0750713348389,158.2289593219757,782.5927791595459,2394.377541780472,0.5263333911348054,363.87797927856445,21.96851897239685,10.5,809.3076527118683,5.100997321581116,143.17700672149658,1.7398683522203706,347.93835639953613,3.6619587452533766,1.19992745324261,34.4057876713486,41.06666666666667,34.6875,24.23333333333333,35.19166666666666,1.1777083333333334,22.4625,5.83125,51.02746770953722,1.9597288379903208,1,True,AAS2020_subregion,CHIRPS_v2.0_monthly+CHIRPS_v2.0_daily_climateserv,NASA_POWER_daily,,,subregion,False,False,A,"Yields from official AAS subregion estimates. Climate features from district centroids (CHIRPS monthly + CHIRPS daily via ClimateSERV + NASA POWER), aggregated to subregion by district mean."
groundnuts,Elgon,total_2020,4615.920244510344,3461.5024044080938,2059.880779402187,0.5950828682883496,0.4462557128997143,31.938944630404603,32.89727019881295,33.680707807706824,0.2500948411045847,2020,2020.0,1997.685847118497,12.5,3.375,1.125,123.25,80.75,32.25,15.485456930224672,134.67745733261108,64.0,311.625,248.625,0.0,2020.0,2307.28,6.5,0.0,0.0,0.0,655.4807319641113,798.0750713348389,158.2289593219757,782.5927791595459,2394.377541780472,0.5263333911348054,363.87797927856445,21.96851897239685,10.5,809.3076527118683,5.100997321581116,143.17700672149658,1.7398683522203706,347.93835639953613,3.6619587452533766,1.19992745324261,34.4057876713486,41.06666666666667,34.6875,24.23333333333333,35.19166666666666,1.1777083333333334,22.4625,5.83125,33.680707807706824,2.969058743388937,1,True,AAS2020_subregion,CHIRPS_v2.0_monthly+CHIRPS_v2.0_daily_climateserv,NASA_POWER_daily,,,subregion,False,False,A,"Yields from official AAS subregion estimates. Climate features from district centroids (CHIRPS monthly + CHIRPS daily via ClimateSERV + NASA POWER), aggregated to subregion by district mean."
groundnuts,Karamoja,first_season_2020,10974.983995101922,9125.909646375736,5245.55414746277,0.5747979489963491,0.4779555168193259,37.76155988714906,41.7214132241466,45.03303744233678,0.1684808241680733,2020,2020.0,638.4189957869904,12.857142857142858,2.2857142857142856,1.2857142857142858,58.0,26.142857142857142,6.142857142857143,11.103146619530133,80.74639129638672,66.71428571428571,135.28571428571428,69.57142857142857,0.0,2020.0,1592.297142857143,29.714285714285715,2.7142857142857144,9.0,3.2857142857142856,490.7982657296317,444.2856695992606,53.92278930119106,535.8876364571707,1524.894361087254,0.6198793666330776,246.3116607666016,10.635579790387837,8.857142857142858,542.8523216928754,4.457076029416298,168.09947095598494,2.629217715768817,209.7671988351005,3.321768440153991,2.512902349560968,34.24920188533877,37.01428571428572,39.42857142857143,23.559523809523807,20.571428571428573,1.275,24.55,6.485714285714286,45.03303744233678,2.220591940484727,1,True,AAS2020_subregion,CHIRPS_v2.0_monthly+CHIRPS_v2.0_daily_climateserv,NASA_POWER_daily,,,subregion,False,False,A,"Yields from official AAS subregion estimates. Climate features from district centroids (CHIRPS monthly + CHIRPS daily via ClimateSERV + NASA POWER), aggregated to subregion by district mean."
groundnuts,Karamoja,second_season_2020,311.50237852301154,311.50237852301154,32.62460250915018,0.1047330767226874,0.1047330767226874,100.0,100.0,100.0,0.0,2020,2020.0,678.1786400484187,13.714285714285714,3.857142857142857,1.2857142857142858,41.285714285714285,27.285714285714285,11.857142857142858,17.030363016060704,111.91937841687884,224.7142857142857,316.1428571428572,92.42857142857144,0.1428571428571428,2020.0,1486.3157142857142,19.857142857142858,0.0,0.0,2.142857142857143,490.7982657296317,444.2856695992606,53.92278930119106,535.8876364571707,1524.894361087254,0.6198793666330776,246.3116607666016,10.635579790387837,8.857142857142858,542.8523216928754,4.457076029416298,168.09947095598494,2.629217715768817,209.7671988351005,3.321768440153991,2.512902349560968,34.24920188533877,37.01428571428572,39.42857142857143,23.559523809523807,20.571428571428573,1.275,24.55,6.485714285714286,100.0,1.0,1,True,AAS2020_subregion,CHIRPS_v2.0_monthly+CHIRPS_v2.0_daily_climateserv,NASA_POWER_daily,,,subregion,False,False,A,"Yields from official AAS subregion estimates. Climate features from district centroids (CHIRPS monthly + CHIRPS daily via ClimateSERV + NASA POWER), aggregated to subregion by district mean."
groundnuts,Karamoja,total_2020,11286.486373624934,9437.412024898747,5278.17874997192,0.5592824320954186,0.4676547310867574,38.67398511120464,42.79746293413695,45.257133870505655,0.1638308227658197,2020,2020.0,1316.5976358354092,15.142857142857142,6.142857142857143,2.571428571428572,99.28571428571428,53.42857142857143,18.0,12.77019983400575,111.91937841687884,66.71428571428571,316.1428571428572,250.42857142857144,0.1428571428571428,2020.0,3078.612857142857,49.57142857142857,2.7142857142857144,9.0,5.428571428571429,490.7982657296317,444.2856695992606,53.92278930119106,535.8876364571707,1524.894361087254,0.6198793666330776,246.3116607666016,10.635579790387837,8.857142857142858,542.8523216928754,4.457076029416298,168.09947095598494,2.629217715768817,209.7671988351005,3.321768440153991,2.512902349560968,34.24920188533877,37.01428571428572,39.42857142857143,23.559523809523807,20.571428571428573,1.275,24.55,6.485714285714286,45.257133870505655,2.20959639835192,1,True,AAS2020_subregion,CHIRPS_v2.0_monthly+CHIRPS_v2.0_daily_climateserv,NASA_POWER_daily,,,subregion,False,False,A,"Yields from official AAS subregion estimates. Climate features from district centroids (CHIRPS monthly + CHIRPS daily via ClimateSERV + NASA POWER), aggregated to subregion by district mean."
groundnuts,Kigezi,first_season_2020,2954.8453197718586,2549.7381304384567,1181.2055876040988,0.4632654520489824,0.3997520884427543,38.488333124012335,40.57628637223244,47.63650073515106,0.1370992879467139,2020,2020.0,419.8052535884082,16.0,3.0,1.6,45.4,11.6,3.4,9.334573627051634,79.99146547317505,70.2,172.8,103.6,0.0,2020.0,1226.184,0.0,0.0,0.0,0.0,366.7005142211914,417.3038024902344,306.2587135314941,107.26607494354248,1197.5291051864624,0.592968414615566,199.07511291503903,8.237049102783203,10.0,75.93529834747315,0.7648774248931078,17.782861328125,0.4063375125656762,25.92437896728516,0.493283613934104,-1.019403368249541,29.831596063494143,39.79666666666667,32.08,28.14,37.58,1.165333333333333,24.08,5.66,47.63650073515106,2.099230599576972,1,True,AAS2020_subregion,CHIRPS_v2.0_monthly+CHIRPS_v2.0_daily_climateserv,NASA_POWER_daily,,,subregion,False,False,A,"Yields from official AAS subregion estimates. Climate features from district centroids (CHIRPS monthly + CHIRPS daily via ClimateSERV + NASA POWER), aggregated to subregion by district mean."
groundnuts,Kigezi,second_season_2020,2415.1814015484115,1369.2353296513695,1026.4205553539448,0.7496304931127424,0.4249869408135928,33.11515729192193,38.71160221698355,36.33604888685081,0.4330714335687038,2020,2020.0,463.2281153954565,8.4,1.6,0.4,56.2,14.6,3.0,8.43383158217954,73.5714608669281,256.8,299.2,43.4,0.4,2020.0,1226.238,0.0,0.0,0.0,0.0,366.7005142211914,417.3038024902344,306.2587135314941,107.26607494354248,1197.5291051864624,0.592968414615566,199.07511291503903,8.237049102783203,10.0,75.93529834747315,0.7648774248931078,17.782861328125,0.4063375125656762,25.92437896728516,0.493283613934104,-1.019403368249541,29.831596063494143,39.79666666666667,32.08,28.14,37.58,1.165333333333333,24.08,5.66,36.33604888685081,2.7520878869190346,1,True,AAS2020_subregion,CHIRPS_v2.0_monthly+CHIRPS_v2.0_daily_climateserv,NASA_POWER_daily,,,subregion,False,False,A,"Yields from official AAS subregion estimates. Climate features from district centroids (CHIRPS monthly + CHIRPS daily via ClimateSERV + NASA POWER), aggregated to subregion by district mean."
groundnuts,Kigezi,total_2020,5370.02672132027,3918.9734600898255,2207.626142958044,0.5633174517358029,0.4111015191401652,34.31402591571423,37.54911257678866,41.12426859126519,0.2702134154136368,2020,2020.0,883.0333689838648,16.2,4.6,2.0,101.6,26.2,6.4,9.009084415346384,81.86837434768677,70.2,299.2,230.0,0.4,2020.0,2452.422,0.0,0.0,0.0,0.0,366.7005142211914,417.3038024902344,306.2587135314941,107.26607494354248,1197.5291051864624,0.592968414615566,199.07511291503903,8.237049102783203,10.0,75.93529834747315,0.7648774248931078,17.782861328125,0.4063375125656762,25.92437896728516,0.493283613934104,-1.019403368249541,29.831596063494143,39.79666666666667,32.08,28.14,37.58,1.165333333333333,24.08,5.66,41.12426859126519,2.431654189255053,1,True,AAS2020_subregion,CHIRPS_v2.0_monthly+CHIRPS_v2.0_daily_climateserv,NASA_POWER_daily,,,subregion,False,False,A,"Yields from official AAS subregion estimates. Climate features from district centroids (CHIRPS monthly + CHIRPS daily via ClimateSERV + NASA POWER), aggregated to subregion by district mean."
groundnuts,Lango,first_season_2020,22038.4938439674,21147.21467427177,7618.835324026386,0.3602760666772656,0.3457058081177309,19.76960637512548,19.90276320862997,18.47882989782212,0.0404419274749848,2020,2020.0,569.0463572852314,9.125,1.25,0.25,69.0,18.5,2.375,8.23657017869764,57.27364045381546,68.875,112.625,44.75,0.0,2020.0,1673.785,24.5,0.75,34.375,2.875,445.3541011810303,489.1878824234009,77.11536657810211,467.53977966308594,1479.1971298456192,0.5430420105428071,213.06434631347656,17.895450234413147,9.0,173.28332769870758,1.4357485546175497,38.312665939331055,0.5780503290727711,96.94019031524658,1.3718757587684112,2.173355946956628,32.88726991358652,37.922916666666666,38.145833333333336,23.941666666666663,23.510416666666664,1.3008333333333333,21.0125,6.166666666666667,18.47882989782212,5.411598058586264,0,True,AAS2020_subregion,CHIRPS_v2.0_monthly+CHIRPS_v2.0_daily_climateserv,NASA_POWER_daily,,,subregion,False,False,A,"Yields from official AAS subregion estimates. Climate features from district centroids (CHIRPS monthly + CHIRPS daily via ClimateSERV + NASA POWER), aggregated to subregion by district mean."
groundnuts,Lango,second_season_2020,9851.57286890081,5613.659480073382,3737.7129428185513,0.6658246650132922,0.3794026591040773,28.61826798917365,34.05704815462972,37.24920077892364,0.4301763226261629,2020,2020.0,693.9344414919615,6.875,0.75,0.0,69.125,24.875,5.875,10.076766247258846,72.63106587529182,218.75,325.0,107.25,0.0,2020.0,1601.58875,11.25,0.0,11.125,0.75,445.3541011810303,489.1878824234009,77.11536657810211,467.53977966308594,1479.1971298456192,0.5430420105428071,213.06434631347656,17.895450234413147,9.0,173.28332769870758,1.4357485546175497,38.312665939331055,0.5780503290727711,96.94019031524658,1.3718757587684112,2.173355946956628,32.88726991358652,37.922916666666666,38.145833333333336,23.941666666666663,23.510416666666664,1.3008333333333333,21.0125,6.166666666666667,37.24920077892364,2.684621358549579,1,True,AAS2020_subregion,CHIRPS_v2.0_monthly+CHIRPS_v2.0_daily_climateserv,NASA_POWER_daily,,,subregion,False,False,A,"Yields from official AAS subregion estimates. Climate features from district centroids (CHIRPS monthly + CHIRPS daily via ClimateSERV + NASA POWER), aggregated to subregion by district mean."
groundnuts,Lango,total_2020,31890.066712868207,26760.874154345154,11356.548266844937,0.4243713490577802,0.3561155380795227,16.910738634265634,17.844856250096893,17.2250072426287,0.1608398190165382,2020,2020.0,1262.9807987771928,9.125,2.0,0.25,138.125,43.375,8.25,8.84463015650077,72.63106587529182,68.875,325.0,257.125,0.0,2020.0,3275.37375,35.75,0.75,45.5,3.625,445.3541011810303,489.1878824234009,77.11536657810211,467.53977966308594,1479.1971298456192,0.5430420105428071,213.06434631347656,17.895450234413147,9.0,173.28332769870758,1.4357485546175497,38.312665939331055,0.5780503290727711,96.94019031524658,1.3718757587684112,2.173355946956628,32.88726991358652,37.922916666666666,38.145833333333336,23.941666666666663,23.510416666666664,1.3008333333333333,21.0125,6.166666666666667,17.2250072426287,5.805512798422432,0,True,AAS2020_subregion,CHIRPS_v2.0_monthly+CHIRPS_v2.0_daily_climateserv,NASA_POWER_daily,,,subregion,False,False,A,"Yields from official AAS subregion estimates. Climate features from district centroids (CHIRPS monthly + CHIRPS daily via ClimateSERV + NASA POWER), aggregated to subregion by district mean."
groundnuts,North Buganda,first_season_2020,10286.190122578782,9149.269729653615,3841.471443659634,0.4198664546099319,0.3734591134211472,23.30828713812006,23.876096472416847,26.01630073832461,0.1105288138150938,2020,2020.0,596.5756522737105,10.454545454545457,1.9090909090909087,0.6363636363636364,63.18181818181818,22.818181818181817,4.181818181818182,9.33537023175804,73.27073834159158,65.54545454545455,167.63636363636363,103.0909090909091,0.0,2020.0,1489.3245454545454,1.0909090909090908,0.0,23.0,0.0909090909090909,534.0825445001775,585.1156560724431,221.46812213550916,283.7430354031649,1624.4093581112948,0.5541317732990907,289.1916711980646,42.72436783530495,10.363636363636363,363.43386806141245,3.105579434574232,83.39436756480823,1.3190006517931412,191.0105604691939,2.745650655953237,0.7234939693435596,32.36247047527122,34.09090909090909,39.64545454545455,26.26363636363636,28.11969696969697,1.3089393939393938,19.425757575757576,5.828787878787879,26.01630073832461,3.843744005184027,0,True,AAS2020_subregion,CHIRPS_v2.0_monthly+CHIRPS_v2.0_daily_climateserv,NASA_POWER_daily,,,subregion,False,False,A,"Yields from official AAS subregion estimates. Climate features from district centroids (CHIRPS monthly + CHIRPS daily via ClimateSERV + NASA POWER), aggregated to subregion by district mean."
groundnuts,North Buganda,second_season_2020,11869.535560263925,6292.520830122474,3808.370671953948,0.6052217822979895,0.3208525432708057,18.16592130055761,23.671461670363097,19.442759923010573,0.4698595578425011,2020,2020.0,720.6998075653206,6.090909090909091,0.4545454545454545,0.0,67.45454545454545,25.818181818181817,6.363636363636363,10.650067078657424,90.05280941182917,222.54545454545453,316.1818181818182,94.63636363636364,0.0909090909090909,2020.0,1494.8449999999998,0.3636363636363636,0.0,16.181818181818183,0.0909090909090909,534.0825445001775,585.1156560724431,221.46812213550916,283.7430354031649,1624.4093581112948,0.5541317732990907,289.1916711980646,42.72436783530495,10.363636363636363,363.43386806141245,3.105579434574232,83.39436756480823,1.3190006517931412,191.0105604691939,2.745650655953237,0.7234939693435596,32.36247047527122,34.09090909090909,39.64545454545455,26.26363636363636,28.11969696969697,1.3089393939393938,19.425757575757576,5.828787878787879,19.442759923010573,5.143302720188899,0,True,AAS2020_subregion,CHIRPS_v2.0_monthly+CHIRPS_v2.0_daily_climateserv,NASA_POWER_daily,,,subregion,False,False,A,"Yields from official AAS subregion estimates. Climate features from district centroids (CHIRPS monthly + CHIRPS daily via ClimateSERV + NASA POWER), aggregated to subregion by district mean."
groundnuts,North Buganda,total_2020,22155.725682842705,15441.79055977609,7649.842115613582,0.4953986447362168,0.3452760801031936,16.71918385832864,18.6004679949332,19.4033345172696,0.303033862179737,2020,2020.0,1317.275459839031,10.545454545454543,2.363636363636364,0.6363636363636364,130.63636363636363,48.63636363636363,10.545454545454543,9.78082012490778,93.0529879656705,65.54545454545455,316.1818181818182,251.63636363636363,0.0909090909090909,2020.0,2984.169545454545,1.4545454545454546,0.0,39.18181818181818,0.1818181818181818,534.0825445001775,585.1156560724431,221.46812213550916,283.7430354031649,1624.4093581112948,0.5541317732990907,289.1916711980646,42.72436783530495,10.363636363636363,363.43386806141245,3.105579434574232,83.39436756480823,1.3190006517931412,191.0105604691939,2.745650655953237,0.7234939693435596,32.36247047527122,34.09090909090909,39.64545454545455,26.26363636363636,28.11969696969697,1.3089393939393938,19.425757575757576,5.828787878787879,19.4033345172696,5.153753336108118,0,True,AAS2020_subregion,CHIRPS_v2.0_monthly+CHIRPS_v2.0_daily_climateserv,NASA_POWER_daily,,,subregion,False,False,A,"Yields from official AAS subregion estimates. Climate features from district centroids (CHIRPS monthly + CHIRPS daily via ClimateSERV + NASA POWER), aggregated to subregion by district mean."
groundnuts,South Buganda,first_season_2020,4608.280973008998,4068.7024003838255,2521.809753895707,0.6198068833094819,0.5472343740900589,23.897357555369684,24.07774954564745,36.53820104610516,0.1170889049052172,2020,2020.0,632.6961471550167,11.5,2.4166666666666665,0.5833333333333334,53.333333333333336,24.08333333333333,8.833333333333334,11.671595858552672,100.54858708381651,68.75,164.25,96.5,0.0,2020.0,1396.0579166666666,0.0,0.0,26.166666666666668,0.0,596.6642297108968,424.3638032277425,321.55711936950684,204.17437903086343,1546.7595313390095,0.5585967595020187,291.59664662679035,35.71348237991333,10.416666666666666,326.36190096537274,2.92554018440288,125.44070943196614,2.0489094133421104,70.50124168395996,1.0664570234307853,-0.1303685010754083,31.77373586771704,35.22222222222222,40.80138888888889,23.98333333333333,26.593055555555555,1.3072222222222225,18.944444444444443,5.747222222222223,36.53820104610516,2.7368616170735,1,True,AAS2020_subregion,CHIRPS_v2.0_monthly+CHIRPS_v2.0_daily_climateserv,NASA_POWER_daily,,,subregion,False,False,A,"Yields from official AAS subregion estimates. Climate features from district centroids (CHIRPS monthly + CHIRPS daily via ClimateSERV + NASA POWER), aggregated to subregion by district mean."
groundnuts,South Buganda,second_season_2020,6288.340965626798,2065.3522843837954,2199.534645035548,1.0649682679639256,0.349779799959735,30.890036400074333,38.37821522353708,32.25374914220835,0.6715584769220717,2020,2020.0,510.407003539304,8.0,1.1666666666666667,0.25,59.16666666666666,18.5,1.75,8.583431824311234,54.65515933434168,244.83333333333331,321.1666666666667,77.33333333333333,0.1666666666666666,2020.0,1404.0341666666666,0.0,0.0,23.666666666666668,0.0,596.6642297108968,424.3638032277425,321.55711936950684,204.17437903086343,1546.7595313390095,0.5585967595020187,291.59664662679035,35.71348237991333,10.416666666666666,326.36190096537274,2.92554018440288,125.44070943196614,2.0489094133421104,70.50124168395996,1.0664570234307853,-0.1303685010754083,31.77373586771704,35.22222222222222,40.80138888888889,23.98333333333333,26.593055555555555,1.3072222222222225,18.944444444444443,5.747222222222223,32.25374914220835,3.1004147629193475,1,True,AAS2020_subregion,CHIRPS_v2.0_monthly+CHIRPS_v2.0_daily_climateserv,NASA_POWER_daily,,,subregion,False,False,A,"Yields from official AAS subregion estimates. Climate features from district centroids (CHIRPS monthly + CHIRPS daily via ClimateSERV + NASA POWER), aggregated to subregion by district mean."
groundnuts,South Buganda,total_2020,10896.621938635795,6134.054684767621,4721.344398931256,0.7696938879034653,0.4332851433700695,24.574473514184607,21.219123761522347,31.74003983093905,0.4370682290978358,2020,2020.0,1143.103150694321,11.833333333333334,3.583333333333333,0.8333333333333334,112.5,42.583333333333336,10.583333333333334,10.623570783209432,100.74315484364828,68.75,321.1666666666667,253.41666666666663,0.1666666666666666,2020.0,2800.092083333333,0.0,0.0,49.833333333333336,0.0,596.6642297108968,424.3638032277425,321.55711936950684,204.17437903086343,1546.7595313390095,0.5585967595020187,291.59664662679035,35.71348237991333,10.416666666666666,326.36190096537274,2.92554018440288,125.44070943196614,2.0489094133421104,70.50124168395996,1.0664570234307853,-0.1303685010754083,31.77373586771704,35.22222222222222,40.80138888888889,23.98333333333333,26.593055555555555,1.3072222222222225,18.944444444444443,5.747222222222223,31.74003983093905,3.150594660014371,1,True,AAS2020_subregion,CHIRPS_v2.0_monthly+CHIRPS_v2.0_daily_climateserv,NASA_POWER_daily,,,subregion,False,False,A,"Yields from official AAS subregion estimates. Climate features from district centroids (CHIRPS monthly + CHIRPS daily via ClimateSERV + NASA POWER), aggregated to subregion by district mean."
groundnuts,Teso,first_season_2020,65048.57182822785,56996.6283450636,21016.561981925144,0.3687334249789068,0.3230902907049682,13.604949639622852,14.02948358507436,15.836928908657988,0.1237835552243455,2020,2020.0,718.8491614870727,12.0,1.875,0.875,64.25,29.25,6.25,11.269178719280108,79.04015874862671,66.375,138.5,73.125,0.0,2020.0,1669.525,30.0,2.25,34.0,4.125,567.0684833526611,544.7363414764404,94.35681462287904,545.4307222366333,1751.592361688614,0.5267747515057891,252.7609806060791,18.44440770149231,9.125,432.5460443496704,3.148880772905238,110.15176582336426,1.4473873597718143,180.83578395843503,2.436987242438899,1.6948526242621509,33.696768641438275,39.75416666666666,37.083333333333336,23.166666666666664,22.95,1.309583333333333,22.016666666666666,6.116666666666667,15.836928908657988,6.314355553198852,0,True,AAS2020_subregion,CHIRPS_v2.0_monthly+CHIRPS_v2.0_daily_climateserv,NASA_POWER_daily,,,subregion,False,False,A,"Yields from official AAS subregion estimates. Climate features from district centroids (CHIRPS monthly + CHIRPS daily via ClimateSERV + NASA POWER), aggregated to subregion by district mean."
groundnuts,Teso,second_season_2020,7359.601433314435,1865.3162773463475,804.5424257630066,0.4313168954422955,0.109318749534603,33.78598630307698,54.34253164285448,33.71362572205208,0.7465465631192079,2020,2020.0,771.3133741170168,6.25,0.75,0.0,66.375,30.0,7.75,11.734419782703148,92.56062760949136,215.75,319.375,104.625,0.0,2020.0,1599.635625,15.125,0.0,11.0,1.625,567.0684833526611,544.7363414764404,94.35681462287904,545.4307222366333,1751.592361688614,0.5267747515057891,252.7609806060791,18.44440770149231,9.125,432.5460443496704,3.148880772905238,110.15176582336426,1.4473873597718143,180.83578395843503,2.436987242438899,1.6948526242621509,33.696768641438275,39.75416666666666,37.083333333333336,23.166666666666664,22.95,1.309583333333333,22.016666666666666,6.116666666666667,33.71362572205208,2.9661597605798304,1,True,AAS2020_subregion,CHIRPS_v2.0_monthly+CHIRPS_v2.0_daily_climateserv,NASA_POWER_daily,,,subregion,False,False,A,"Yields from official AAS subregion estimates. Climate features from district centroids (CHIRPS monthly + CHIRPS daily via ClimateSERV + NASA POWER), aggregated to subregion by district mean."
groundnuts,Teso,total_2020,72408.17326154228,58861.94462240995,21821.10440768815,0.3707166752248346,0.301362448806285,13.62455854446633,13.795122201975914,15.393839964481836,0.1870814858179422,2020,2020.0,1490.1625356040895,12.0,2.625,0.875,130.625,59.25,14.0,11.422720584285171,94.30053216218948,66.375,319.375,254.0,0.0,2020.0,3269.1606249999995,45.125,2.25,45.0,5.75,567.0684833526611,544.7363414764404,94.35681462287904,545.4307222366333,1751.592361688614,0.5267747515057891,252.7609806060791,18.44440770149231,9.125,432.5460443496704,3.148880772905238,110.15176582336426,1.4473873597718143,180.83578395843503,2.436987242438899,1.6948526242621509,33.696768641438275,39.75416666666666,37.083333333333336,23.166666666666664,22.95,1.309583333333333,22.016666666666666,6.116666666666667,15.393839964481836,6.49610495046913,0,True,AAS2020_subregion,CHIRPS_v2.0_monthly+CHIRPS_v2.0_daily_climateserv,NASA_POWER_daily,,,subregion,False,False,A,"Yields from official AAS subregion estimates. Climate features from district centroids (CHIRPS monthly + CHIRPS daily via ClimateSERV + NASA POWER), aggregated to subregion by district mean."
groundnuts,Tooro,first_season_2020,13284.98754284861,12351.182642997628,5913.857110104041,0.4788089757102604,0.4451533801616175,20.30143096856489,21.029170666207342,21.55090374209809,0.0702902352628591,2020,2020.0,420.3883653643231,7.5,1.3333333333333333,0.0,59.833333333333336,11.833333333333334,2.333333333333333,7.062722270110696,71.11472137769063,79.83333333333333,172.66666666666666,93.83333333333331,0.0,2020.0,1342.7875,0.0,0.0,0.0,0.0,355.97414525349933,431.6625912984212,204.09065055847168,212.6048501332601,1204.3322372436523,0.4793259974136277,190.47071838378903,32.74074681599935,9.166666666666666,16.10162099202474,0.1709815567377501,-12.726359049479166,-0.2667215358856098,13.203530629475912,0.2172936340253973,0.4841465980969281,30.43268353930232,38.82222222222222,34.72222222222222,26.45833333333333,31.425,1.2222222222222223,21.03333333333333,5.7444444444444445,21.55090374209809,4.64017663466509,0,True,AAS2020_subregion,CHIRPS_v2.0_monthly+CHIRPS_v2.0_daily_climateserv,NASA_POWER_daily,,,subregion,False,False,A,"Yields from official AAS subregion estimates. Climate features from district centroids (CHIRPS monthly + CHIRPS daily via ClimateSERV + NASA POWER), aggregated to subregion by district mean."
groundnuts,Tooro,second_season_2020,13598.459294654513,5547.553077917076,4542.698240694583,0.8188652144271537,0.3340597741451706,16.80720470168287,19.521719736714093,18.34434706047047,0.5920454694380126,2020,2020.0,539.9655496279398,5.666666666666667,0.1666666666666666,0.0,75.0,15.833333333333334,0.8333333333333334,7.215844390065075,54.739023526509605,237.16666666666663,334.0,97.83333333333331,0.0,2020.0,1314.0225,0.0,0.0,0.0,0.0,355.97414525349933,431.6625912984212,204.09065055847168,212.6048501332601,1204.3322372436523,0.4793259974136277,190.47071838378903,32.74074681599935,9.166666666666666,16.10162099202474,0.1709815567377501,-12.726359049479166,-0.2667215358856098,13.203530629475912,0.2172936340253973,0.4841465980969281,30.43268353930232,38.82222222222222,34.72222222222222,26.45833333333333,31.425,1.2222222222222223,21.03333333333333,5.7444444444444445,18.34434706047047,5.451270610524273,0,True,AAS2020_subregion,CHIRPS_v2.0_monthly+CHIRPS_v2.0_daily_climateserv,NASA_POWER_daily,,,subregion,False,False,A,"Yields from official AAS subregion estimates. Climate features from district centroids (CHIRPS monthly + CHIRPS daily via ClimateSERV + NASA POWER), aggregated to subregion by district mean."
groundnuts,Tooro,total_2020,26883.44683750312,17898.735720914705,10456.555350798622,0.5842063659602571,0.3889588791944435,14.795123134204603,16.913366580574912,16.756179911955595,0.3342097897972854,2020,2020.0,960.353914992263,7.833333333333333,1.5,0.0,134.83333333333334,27.666666666666668,3.1666666666666665,7.117704760634367,71.11472137769063,79.83333333333333,334.0,255.16666666666663,0.0,2020.0,2656.81,0.0,0.0,0.0,0.0,355.97414525349933,431.6625912984212,204.09065055847168,212.6048501332601,1204.3322372436523,0.4793259974136277,190.47071838378903,32.74074681599935,9.166666666666666,16.10162099202474,0.1709815567377501,-12.726359049479166,-0.2667215358856098,13.203530629475912,0.2172936340253973,0.4841465980969281,30.43268353930232,38.82222222222222,34.72222222222222,26.45833333333333,31.425,1.2222222222222223,21.03333333333333,5.7444444444444445,16.756179911955595,5.967947379739557,0,True,AAS2020_subregion,CHIRPS_v2.0_monthly+CHIRPS_v2.0_daily_climateserv,NASA_POWER_daily,,,subregion,False,False,A,"Yields from official AAS subregion estimates. Climate features from district centroids (CHIRPS monthly + CHIRPS daily via ClimateSERV + NASA POWER), aggregated to subregion by district mean."
groundnuts,West Nile,first_season_2020,20346.62966069895,13812.252229777523,5601.538197262956,0.4055485017270916,0.2753054579885901,20.363590611992983,19.04585118933058,20.07344790957988,0.3211528169475197,2020,2020.0,483.52667271438986,8.875,0.875,0.5,61.5,17.625,0.5,7.825545069772218,51.422300547361374,67.0,119.5,53.5,0.0,2020.0,1761.97375,36.5,7.5,65.125,3.375,360.669960975647,493.01258277893066,66.64463460445404,483.4122219085693,1403.739400267601,0.5647084882010742,203.7938175201416,13.26979124546051,9.125,111.49882352352142,1.1023286179104022,7.397730827331543,0.1443218114742419,62.93607711791992,1.0631675336045212,3.117613660206275,31.220983540164852,37.85833333333333,39.25416666666666,22.879166666666663,24.341666666666665,1.296875,17.964583333333334,5.958333333333333,20.07344790957988,4.981705208315302,0,True,AAS2020_subregion,CHIRPS_v2.0_monthly+CHIRPS_v2.0_daily_climateserv,NASA_POWER_daily,,,subregion,False,False,A,"Yields from official AAS subregion estimates. Climate features from district centroids (CHIRPS monthly + CHIRPS daily via ClimateSERV + NASA POWER), aggregated to subregion by district mean."
groundnuts,West Nile,second_season_2020,24198.718150919853,14918.570534183047,10379.455815364154,0.6957406402698985,0.4289258526270163,20.49567736201292,18.52885981178847,22.64701621926756,0.3834974877123417,2020,2020.0,674.592796459794,7.125,0.75,0.125,72.25,24.625,3.875,9.322872237632469,67.03485369682312,222.125,325.875,104.75,0.0,2020.0,1560.473125,0.125,0.0,12.375,0.0,360.669960975647,493.01258277893066,66.64463460445404,483.4122219085693,1403.739400267601,0.5647084882010742,203.7938175201416,13.26979124546051,9.125,111.49882352352142,1.1023286179104022,7.397730827331543,0.1443218114742419,62.93607711791992,1.0631675336045212,3.117613660206275,31.220983540164852,37.85833333333333,39.25416666666666,22.879166666666663,24.341666666666665,1.296875,17.964583333333334,5.958333333333333,22.64701621926756,4.415592722317314,0,True,AAS2020_subregion,CHIRPS_v2.0_monthly+CHIRPS_v2.0_daily_climateserv,NASA_POWER_daily,,,subregion,False,False,A,"Yields from official AAS subregion estimates. Climate features from district centroids (CHIRPS monthly + CHIRPS daily via ClimateSERV + NASA POWER), aggregated to subregion by district mean."
groundnuts,West Nile,total_2020,44545.347811618805,28730.82276396057,15980.99401262711,0.5562316869210366,0.3587578680541534,12.440661082857831,10.708103406580738,15.739178902715958,0.3550208007026341,2020,2020.0,1158.119469174184,9.25,1.625,0.625,133.75,42.25,4.375,8.351270635323328,67.03485369682312,67.0,325.875,259.875,0.0,2020.0,3322.446875,36.625,7.5,77.5,3.375,360.669960975647,493.01258277893066,66.64463460445404,483.4122219085693,1403.739400267601,0.5647084882010742,203.7938175201416,13.26979124546051,9.125,111.49882352352142,1.1023286179104022,7.397730827331543,0.1443218114742419,62.93607711791992,1.0631675336045212,3.117613660206275,31.220983540164852,37.85833333333333,39.25416666666666,22.879166666666663,24.341666666666665,1.296875,17.964583333333334,5.958333333333333,15.739178902715958,6.353571594687444,0,True,AAS2020_subregion,CHIRPS_v2.0_monthly+CHIRPS_v2.0_daily_climateserv,NASA_POWER_daily,,,subregion,False,False,A,"Yields from official AAS subregion estimates. Climate features from district centroids (CHIRPS monthly + CHIRPS daily via ClimateSERV + NASA POWER), aggregated to subregion by district mean."
groundnuts,Acholi,total_2018,30393.0,8804.0,14739.0,0.6,0.5,,,27.6,0.7103280360609351,2018,2018.0,1297.993301793933,9.5,2.25,0.75,131.0,53.5,7.875,10.09085539189485,74.19288450479507,65.875,312.5,247.625,0.125,2018.0,3571.703125,113.875,13.5,76.25,11.5,587.9534330368042,367.1806235313416,84.7395316362381,463.0955591201782,1502.969147324562,0.5761652462293185,228.6103973388672,3.5434058904647827,9.5,181.1862906217575,1.6256564460291143,204.72643995285037,3.4001401929672337,-18.267350673675537,-0.2996272532481422,2.948992569163029,32.58856664393185,35.916666666666664,39.8,24.279166666666665,23.097916666666663,1.290625,21.222916666666663,6.214583333333334,27.6,3.623188405797101,0,False,AAS2020_subregion,CHIRPS_v2.0_monthly+CHIRPS_v2.0_daily_climateserv,NASA_POWER_daily,,,subregion,False,False,A,"Yields from official AAS subregion estimates. Climate features from district centroids (CHIRPS monthly + CHIRPS daily via ClimateSERV + NASA POWER), aggregated to subregion by district mean."
groundnuts,Ankole,total_2018,44860.0,14646.0,23401.0,0.5,0.5,,,28.9,0.6735176103432903,2018,2018.0,996.1152784257408,19.6,4.4,2.2,119.6,34.0,5.4,8.673759301200255,75.81697468757629,62.5,325.5,264.0,0.3,2018.0,2714.403,3.5,0.0,0.0,0.5,495.5467948913574,380.0913887023926,231.99917488098143,135.87353043556217,1243.5108889102935,0.6427294724306255,247.5020538330078,12.322136735916136,8.9,188.5879871845245,1.89959989335264,181.84620895385743,3.737732083847076,-9.357119750976562,-0.1905290460284211,-0.4857880185004249,30.39304382746005,36.69166666666666,34.480000000000004,28.84,29.723333333333336,1.2521666666666669,22.166666666666664,5.866666666666666,28.9,3.460207612456748,0,False,AAS2020_subregion,CHIRPS_v2.0_monthly+CHIRPS_v2.0_daily_climateserv,NASA_POWER_daily,,,subregion,False,False,A,"Yields from official AAS subregion estimates. Climate features from district centroids (CHIRPS monthly + CHIRPS daily via ClimateSERV + NASA POWER), aggregated to subregion by district mean."
groundnuts,Bukedi,total_2018,39058.0,8889.0,15568.0,0.4,0.4,,,24.8,0.7724153822520354,2018,2018.0,1223.6469823420048,9.666666666666666,3.1666666666666665,1.0,131.5,47.5,8.833333333333334,9.682857167300783,85.07590516408284,66.66666666666667,325.3333333333333,259.6666666666667,0.0,2018.0,3061.883333333333,19.666666666666668,0.0,11.833333333333334,2.0,688.6437784830729,296.1997750600179,179.76185401280722,309.0909481048584,1473.6963556607564,0.6202254517839495,256.36289469401044,17.54391272862752,10.5,101.55802138646445,0.8063606445629515,189.74026234944665,2.743545989419715,-95.46537335713704,-1.345063264936065,0.8889265350005031,33.93278031056312,39.98888888888889,37.0,23.030555555555555,22.21388888888889,1.3194444444444444,19.625,5.861111111111111,24.8,4.032258064516129,0,False,AAS2020_subregion,CHIRPS_v2.0_monthly+CHIRPS_v2.0_daily_climateserv,NASA_POWER_daily,,,subregion,False,False,A,"Yields from official AAS subregion estimates. Climate features from district centroids (CHIRPS monthly + CHIRPS daily via ClimateSERV + NASA POWER), aggregated to subregion by district mean."
groundnuts,Bunyoro,total_2018,55500.0,24207.0,34878.0,0.8,0.6,,,11.9,0.5638378378378379,2018,2018.0,1165.2299720535852,13.714285714285714,1.5714285714285714,1.4285714285714286,136.57142857142858,42.42857142857143,3.571428571428572,8.776554583205309,62.94485630307879,63.42857142857143,326.7142857142857,264.2857142857143,0.0,2018.0,3334.141428571428,53.0,0.0,78.0,7.571428571428571,525.7105691092355,390.0055247715541,164.51955461502075,299.55005264282227,1379.7857011386327,0.5287806758871201,215.79498508998327,10.444469383784703,9.571428571428571,150.4040540286473,1.6417496059959489,117.33206503731864,2.2641972703278577,-27.30225917271205,-0.4875543271725687,1.4080781187891254,31.39340891821776,35.91904761904762,40.12142857142857,23.942857142857143,27.39047619047619,1.275952380952381,19.571428571428573,5.892857142857143,11.9,8.403361344537814,0,False,AAS2020_subregion,CHIRPS_v2.0_monthly+CHIRPS_v2.0_daily_climateserv,NASA_POWER_daily,,,subregion,False,False,A,"Yields from official AAS subregion estimates. Climate features from district centroids (CHIRPS monthly + CHIRPS daily via ClimateSERV + NASA POWER), aggregated to subregion by district mean."
groundnuts,Busoga,total_2018,51362.0,19161.0,22942.0,0.5,0.4,,,27.4,0.6269420972703554,2018,2018.0,1296.9030754357575,11.0,2.7,1.5,130.6,50.6,9.5,10.323244155153237,84.97893571853638,62.6,312.0,250.4,0.4,2018.0,3089.417,15.4,0.0,24.8,2.0,735.6537338256836,321.9559047698975,224.0965503692627,289.6874603271484,1571.3936492919922,0.6150324887960037,275.6630065917969,25.841302108764648,10.5,233.1166332244873,2.1517740743900444,238.80677642822263,3.812354375875167,-73.71551856994628,-1.2631691717331726,0.7262101537158856,33.473807107491325,38.23,39.06999999999999,22.69833333333333,22.363333333333333,1.3295,18.055,5.785,27.4,3.649635036496351,0,False,AAS2020_subregion,CHIRPS_v2.0_monthly+CHIRPS_v2.0_daily_climateserv,NASA_POWER_daily,,,subregion,False,False,A,"Yields from official AAS subregion estimates. Climate features from district centroids (CHIRPS monthly + CHIRPS daily via ClimateSERV + NASA POWER), aggregated to subregion by district mean."
groundnuts,Elgon,total_2018,13370.0,2909.0,6621.0,0.5,0.5,,,56.2,0.7824233358264772,2018,2018.0,1537.3219298571348,12.875,3.625,1.75,118.125,65.0,20.625,13.210176756099498,105.4630154967308,62.75,322.5,260.75,0.0,2018.0,2377.785,12.625,0.0,0.0,1.5,821.1363525390625,346.22642946243286,129.94558215141296,530.4853630065918,1827.7937271595,0.658134718643457,325.0998058319092,19.135969161987305,10.0,242.7238380908966,1.5288118442671623,308.8326272964477,3.765680949467672,-103.91028547286987,-1.1330632667152585,1.19992745324261,34.4057876713486,41.06666666666667,34.6875,24.23333333333333,35.19166666666666,1.1777083333333334,22.4625,5.83125,56.2,1.779359430604982,1,False,AAS2020_subregion,CHIRPS_v2.0_monthly+CHIRPS_v2.0_daily_climateserv,NASA_POWER_daily,,,subregion,False,False,A,"Yields from official AAS subregion estimates. Climate features from district centroids (CHIRPS monthly + CHIRPS daily via ClimateSERV + NASA POWER), aggregated to subregion by district mean."
groundnuts,Karamoja,total_2018,33039.0,5934.0,14228.0,0.4,0.4,,,51.3,0.8203940797239626,2018,2018.0,1184.5411929062434,20.428571428571427,8.571428571428571,3.571428571428572,86.14285714285714,49.42857142857143,15.714285714285714,14.246824615542163,104.75294985089984,65.28571428571429,321.42857142857144,257.1428571428572,0.2857142857142857,2018.0,3225.690714285714,90.42857142857144,2.7142857142857144,8.0,7.714285714285714,665.8696888514927,159.54168483189173,58.64976494652884,459.43540845598494,1343.4965470858983,0.8535693590964771,277.29381016322543,3.9569649696350098,7.428571428571429,361.4545076915196,2.978259744352143,343.170894077846,5.359529608590135,-74.97678593226841,-1.1392735259819262,2.512902349560968,34.24920188533877,37.01428571428572,39.42857142857143,23.559523809523807,20.571428571428573,1.275,24.55,6.485714285714286,51.3,1.949317738791423,1,False,AAS2020_subregion,CHIRPS_v2.0_monthly+CHIRPS_v2.0_daily_climateserv,NASA_POWER_daily,,,subregion,False,False,A,"Yields from official AAS subregion estimates. Climate features from district centroids (CHIRPS monthly + CHIRPS daily via ClimateSERV + NASA POWER), aggregated to subregion by district mean."
groundnuts,Kigezi,total_2018,12995.0,5026.0,6138.0,0.4,0.5,,,40.2,0.6132358599461332,2018,2018.0,1113.6591416970475,18.2,4.0,2.2,125.0,39.8,7.6,9.547616730039794,79.61275711059571,61.4,307.8,247.4,0.0,2018.0,2419.301,1.4,0.0,0.0,0.2,602.3397262573242,395.1165893554688,273.946004486084,132.51262798309327,1403.91494808197,0.6298086246890426,261.4533721923828,16.309780502319335,9.4,282.32114124298096,2.7728135725666623,253.4220733642578,5.212754661959374,3.7371658325195303,0.0558073930653859,-1.019403368249541,29.831596063494143,39.79666666666667,32.08,28.14,37.58,1.165333333333333,24.08,5.66,40.2,2.487562189054726,1,False,AAS2020_subregion,CHIRPS_v2.0_monthly+CHIRPS_v2.0_daily_climateserv,NASA_POWER_daily,,,subregion,False,False,A,"Yields from official AAS subregion estimates. Climate features from district centroids (CHIRPS monthly + CHIRPS daily via ClimateSERV + NASA POWER), aggregated to subregion by district mean."
groundnuts,Lango,total_2018,36371.0,12923.0,13919.0,0.3,0.4,,,25.6,0.6446894503862968,2018,2018.0,1242.8373610302806,11.875,3.25,1.5,126.625,50.125,8.625,10.014780862379324,77.99202477931976,62.125,323.625,262.5,0.125,2018.0,3524.9312500000005,97.625,6.75,74.25,11.625,593.8219223022461,324.0818738937378,114.95286193490028,422.4948210716248,1455.351479202509,0.5826960740133942,236.17976188659668,4.664751201868057,9.875,149.4376770555973,1.2383927448897447,186.78048706054688,2.9338214629412844,-68.1658182144165,-1.034530383000785,2.173355946956628,32.88726991358652,37.922916666666666,38.145833333333336,23.941666666666663,23.510416666666664,1.3008333333333333,21.0125,6.166666666666667,25.6,3.90625,0,False,AAS2020_subregion,CHIRPS_v2.0_monthly+CHIRPS_v2.0_daily_climateserv,NASA_POWER_daily,,,subregion,False,False,A,"Yields from official AAS subregion estimates. Climate features from district centroids (CHIRPS monthly + CHIRPS daily via ClimateSERV + NASA POWER), aggregated to subregion by district mean."
groundnuts,North Buganda,total_2018,42593.0,15928.0,22274.0,0.6,0.5,,,17.5,0.6260418378606813,2018,2018.0,1158.813574438068,15.090909090909092,3.090909090909091,2.0,119.63636363636364,45.09090909090909,8.636363636363637,9.955694653821393,77.69701502539895,63.09090909090909,321.54545454545456,259.45454545454544,0.0,2018.0,3077.541363636364,27.0,0.0,37.90909090909091,3.909090909090909,610.2176257046787,324.47113210504705,221.73553232713175,272.11133852871984,1428.5356286655772,0.5656856424408608,241.6861336447976,21.74912790818648,10.363636363636363,167.5601386156949,1.4805464301233071,159.5294487693093,2.586762883012903,-69.63396349820223,-1.0372331239547032,0.7234939693435596,32.36247047527122,34.09090909090909,39.64545454545455,26.26363636363636,28.11969696969697,1.3089393939393938,19.425757575757576,5.828787878787879,17.5,5.714285714285714,0,False,AAS2020_subregion,CHIRPS_v2.0_monthly+CHIRPS_v2.0_daily_climateserv,NASA_POWER_daily,,,subregion,False,False,A,"Yields from official AAS subregion estimates. Climate features from district centroids (CHIRPS monthly + CHIRPS daily via ClimateSERV + NASA POWER), aggregated to subregion by district mean."
groundnuts,South Buganda,total_2018,20736.0,11808.0,11040.0,0.5,0.5,,,19.8,0.4305555555555556,2018,2018.0,1102.8067770993446,13.583333333333334,4.333333333333333,1.9166666666666667,113.58333333333331,43.083333333333336,8.75,9.953865441035786,72.8550816377004,60.083333333333336,314.25,255.16666666666663,0.5,2018.0,2847.9779166666667,0.25,0.0,45.25,0.0,553.7707850138346,337.64565086364746,241.9257427851359,238.4797877868017,1371.8219664494195,0.5415079784985511,213.70710627237955,23.081258098284405,9.666666666666666,151.42433607578278,1.3510859870943357,82.54726473490398,1.483903699154667,-16.21691068013509,-0.207879939479155,-0.1303685010754083,31.77373586771704,35.22222222222222,40.80138888888889,23.98333333333333,26.593055555555555,1.3072222222222225,18.944444444444443,5.747222222222223,19.8,5.05050505050505,0,False,AAS2020_subregion,CHIRPS_v2.0_monthly+CHIRPS_v2.0_daily_climateserv,NASA_POWER_daily,,,subregion,False,False,A,"Yields from official AAS subregion estimates. Climate features from district centroids (CHIRPS monthly + CHIRPS daily via ClimateSERV + NASA POWER), aggregated to subregion by district mean."
groundnuts,Teso,total_2018,51095.0,4688.0,22101.0,0.4,0.4,,,59.0,0.9082493394657012,2018,2018.0,1253.0888489037752,12.0,3.625,1.75,119.625,49.625,9.5,10.931848493951698,83.35162037611008,67.25,324.0,257.75,0.125,2018.0,3453.383125,90.875,6.375,66.25,10.125,681.727123260498,256.6796932220459,110.21020019054411,418.4988565444946,1467.1158732175827,0.6808055945301487,281.5084457397461,9.2957843542099,9.75,148.06955587863922,1.0791982803705658,224.8104057312012,2.938603450471212,-107.22086429595949,-1.430068115992032,1.6948526242621509,33.696768641438275,39.75416666666666,37.083333333333336,23.166666666666664,22.95,1.309583333333333,22.016666666666666,6.116666666666667,59.0,1.6949152542372885,1,False,AAS2020_subregion,CHIRPS_v2.0_monthly+CHIRPS_v2.0_daily_climateserv,NASA_POWER_daily,,,subregion,False,False,A,"Yields from official AAS subregion estimates. Climate features from district centroids (CHIRPS monthly + CHIRPS daily via ClimateSERV + NASA POWER), aggregated to subregion by district mean."
groundnuts,Tooro,total_2018,41748.0,20689.0,23152.0,0.6,0.6,,,14.6,0.5044313500047907,2018,2018.0,1085.4182376811902,14.666666666666666,2.833333333333333,1.6666666666666667,133.16666666666666,38.16666666666666,2.833333333333333,8.29458282768816,59.02206015586853,64.5,319.3333333333333,255.83333333333331,0.1666666666666666,2018.0,2643.8725,0.3333333333333333,0.0,0.0,0.0,453.0401509602864,446.4355278015137,184.95953528086343,216.255126953125,1300.6903409957886,0.534679106022179,199.7302678426107,23.761218388875324,9.166666666666666,112.45972474416097,1.1571678106016552,84.33964665730794,1.7280906546617123,27.97646713256836,0.4640996862747341,0.4841465980969281,30.43268353930232,38.82222222222222,34.72222222222222,26.45833333333333,31.425,1.2222222222222223,21.03333333333333,5.7444444444444445,14.6,6.849315068493151,0,False,AAS2020_subregion,CHIRPS_v2.0_monthly+CHIRPS_v2.0_daily_climateserv,NASA_POWER_daily,,,subregion,False,False,A,"Yields from official AAS subregion estimates. Climate features from district centroids (CHIRPS monthly + CHIRPS daily via ClimateSERV + NASA POWER), aggregated to subregion by district mean."
groundnuts,West Nile,total_2018,41920.0,18752.0,22278.0,0.6,0.5,,,23.7,0.5526717557251908,2018,2018.0,1197.698100939393,10.625,2.125,1.25,123.375,47.0,7.375,9.63271561240217,71.4289847612381,65.25,320.75,256.5,0.0,2018.0,3387.3431250000003,66.375,6.5,94.375,9.375,433.0388431549072,451.5175514221192,95.55104261636734,401.2724142074585,1381.3798514008522,0.5225231198535019,192.4903888702393,4.205187380313873,9.75,89.13927465677261,0.8697596005752545,79.7666130065918,1.574377909953197,21.4410457611084,0.3551618679359741,3.117613660206275,31.220983540164852,37.85833333333333,39.25416666666666,22.879166666666663,24.341666666666665,1.296875,17.964583333333334,5.958333333333333,23.7,4.219409282700422,0,False,AAS2020_subregion,CHIRPS_v2.0_monthly+CHIRPS_v2.0_daily_climateserv,NASA_POWER_daily,,,subregion,False,False,A,"Yields from official AAS subregion estimates. Climate features from district centroids (CHIRPS monthly + CHIRPS daily via ClimateSERV + NASA POWER), aggregated to subregion by district mean."
