spatial_unit,year,season,crop,fold,model,feature_space,target_scale,observed_yield,predicted_yield,training_global_mean,training_crop_mean,observed_evaluation_target,predicted_evaluation_target,conformal_lower,conformal_upper,conformal_radius,conformal_alpha,calibration_size,calibration_group_count,baseline_applicable,fallback_used,fallback_level
Acholi,2020,first_season,beans,1,dummy_mean,raw,raw,0.8570862730857126,1.8221508927538015,2.1075068827579884,0.7986540097128687,0.8570862730857126,1.8221508927538015,-4.185582511916704,7.829884297424306,6.007733404670505,0.1,56.0,3.0,,,
Acholi,2020,first_season,groundnuts,1,dummy_mean,raw,raw,0.579730411471064,1.8221508927538015,2.1075068827579884,0.5687183500759414,0.579730411471064,1.8221508927538015,-4.185582511916704,7.829884297424306,6.007733404670505,0.1,56.0,3.0,,,
Acholi,2020,first_season,maize,1,dummy_mean,raw,raw,1.6268858066002263,1.8221508927538015,2.1075068827579884,2.7363424889537766,1.6268858066002263,1.8221508927538015,-4.185582511916704,7.829884297424306,6.007733404670505,0.1,56.0,3.0,,,
Acholi,2020,first_season,millet,1,dummy_mean,raw,raw,0.2602112569707439,1.8221508927538015,2.1075068827579884,0.6354044224045948,0.2602112569707439,1.8221508927538015,-4.185582511916704,7.829884297424306,6.007733404670505,0.1,56.0,3.0,,,
Acholi,2020,first_season,rice,1,dummy_mean,raw,raw,1.8354492390020587,1.8221508927538015,2.1075068827579884,1.7589076363956022,1.8354492390020587,1.8221508927538015,-4.185582511916704,7.829884297424306,6.007733404670505,0.1,56.0,3.0,,,
Acholi,2020,first_season,simsim,1,dummy_mean,raw,raw,0.2405641336366695,1.8221508927538015,2.1075068827579884,0.3999465592781099,0.2405641336366695,1.8221508927538015,-4.185582511916704,7.829884297424306,6.007733404670505,0.1,56.0,3.0,,,
Acholi,2020,first_season,sorghum,1,dummy_mean,raw,raw,0.7136992535711828,1.8221508927538015,2.1075068827579884,1.3246497888304674,0.7136992535711828,1.8221508927538015,-4.185582511916704,7.829884297424306,6.007733404670505,0.1,56.0,3.0,,,
Acholi,2020,first_season,soya_beans,1,dummy_mean,raw,raw,1.0958248492916711,1.8221508927538015,2.1075068827579884,2.930292181557787,1.0958248492916711,1.8221508927538015,-4.185582511916704,7.829884297424306,6.007733404670505,0.1,56.0,3.0,,,
Acholi,2020,first_season,sweet_potatoes,1,dummy_mean,raw,raw,7.360751879011887,1.8221508927538015,2.1075068827579884,5.983658411491209,7.360751879011887,1.8221508927538015,-4.185582511916704,7.829884297424306,6.007733404670505,0.1,56.0,3.0,,,
Acholi,2020,second_season,beans,1,dummy_mean,raw,raw,0.8791468943891129,1.8221508927538015,2.1075068827579884,0.7986540097128687,0.8791468943891129,1.8221508927538015,-4.185582511916704,7.829884297424306,6.007733404670505,0.1,56.0,3.0,,,
Acholi,2020,second_season,groundnuts,1,dummy_mean,raw,raw,0.774283389787513,1.8221508927538015,2.1075068827579884,0.5687183500759414,0.774283389787513,1.8221508927538015,-4.185582511916704,7.829884297424306,6.007733404670505,0.1,56.0,3.0,,,
Acholi,2020,second_season,maize,1,dummy_mean,raw,raw,1.9919193221111424,1.8221508927538015,2.1075068827579884,2.7363424889537766,1.9919193221111424,1.8221508927538015,-4.185582511916704,7.829884297424306,6.007733404670505,0.1,56.0,3.0,,,
Acholi,2020,second_season,millet,1,dummy_mean,raw,raw,0.3783444913194841,1.8221508927538015,2.1075068827579884,0.6354044224045948,0.3783444913194841,1.8221508927538015,-4.185582511916704,7.829884297424306,6.007733404670505,0.1,56.0,3.0,,,
Acholi,2020,second_season,rice,1,dummy_mean,raw,raw,0.8047415933139703,1.8221508927538015,2.1075068827579884,1.7589076363956022,0.8047415933139703,1.8221508927538015,-4.185582511916704,7.829884297424306,6.007733404670505,0.1,56.0,3.0,,,
Acholi,2020,second_season,simsim,1,dummy_mean,raw,raw,0.3592611565204056,1.8221508927538015,2.1075068827579884,0.3999465592781099,0.3592611565204056,1.8221508927538015,-4.185582511916704,7.829884297424306,6.007733404670505,0.1,56.0,3.0,,,
Acholi,2020,second_season,sorghum,1,dummy_mean,raw,raw,1.0529020128934117,1.8221508927538015,2.1075068827579884,1.3246497888304674,1.0529020128934117,1.8221508927538015,-4.185582511916704,7.829884297424306,6.007733404670505,0.1,56.0,3.0,,,
Acholi,2020,second_season,soya_beans,1,dummy_mean,raw,raw,0.8621074636111007,1.8221508927538015,2.1075068827579884,2.930292181557787,0.8621074636111007,1.8221508927538015,-4.185582511916704,7.829884297424306,6.007733404670505,0.1,56.0,3.0,,,
Acholi,2020,second_season,sweet_potatoes,1,dummy_mean,raw,raw,14.728567574673178,1.8221508927538015,2.1075068827579884,5.983658411491209,14.728567574673178,1.8221508927538015,-4.185582511916704,7.829884297424306,6.007733404670505,0.1,56.0,3.0,,,
North Buganda,2020,first_season,beans,1,dummy_mean,raw,raw,0.6433017110440628,1.8221508927538015,2.1075068827579884,0.7986540097128687,0.6433017110440628,1.8221508927538015,-4.185582511916704,7.829884297424306,6.007733404670505,0.1,56.0,3.0,,,
North Buganda,2020,first_season,groundnuts,1,dummy_mean,raw,raw,0.4198664546099319,1.8221508927538015,2.1075068827579884,0.5687183500759414,0.4198664546099319,1.8221508927538015,-4.185582511916704,7.829884297424306,6.007733404670505,0.1,56.0,3.0,,,
North Buganda,2020,first_season,irish_potatoes,1,dummy_mean,raw,raw,3.149663292713082,1.8221508927538015,2.1075068827579884,4.440832751461744,3.149663292713082,1.8221508927538015,-4.185582511916704,7.829884297424306,6.007733404670505,0.1,56.0,3.0,,,
North Buganda,2020,first_season,maize,1,dummy_mean,raw,raw,2.169407944352197,1.8221508927538015,2.1075068827579884,2.7363424889537766,2.169407944352197,1.8221508927538015,-4.185582511916704,7.829884297424306,6.007733404670505,0.1,56.0,3.0,,,
North Buganda,2020,first_season,millet,1,dummy_mean,raw,raw,0.493228260930458,1.8221508927538015,2.1075068827579884,0.6354044224045948,0.493228260930458,1.8221508927538015,-4.185582511916704,7.829884297424306,6.007733404670505,0.1,56.0,3.0,,,
North Buganda,2020,first_season,rice,1,dummy_mean,raw,raw,1.0029754145357688,1.8221508927538015,2.1075068827579884,1.7589076363956022,1.0029754145357688,1.8221508927538015,-4.185582511916704,7.829884297424306,6.007733404670505,0.1,56.0,3.0,,,
North Buganda,2020,first_season,simsim,1,dummy_mean,raw,raw,0.1854698986731419,1.8221508927538015,2.1075068827579884,0.3999465592781099,0.1854698986731419,1.8221508927538015,-4.185582511916704,7.829884297424306,6.007733404670505,0.1,56.0,3.0,,,
North Buganda,2020,first_season,sorghum,1,dummy_mean,raw,raw,0.0988630737950738,1.8221508927538015,2.1075068827579884,1.3246497888304674,0.0988630737950738,1.8221508927538015,-4.185582511916704,7.829884297424306,6.007733404670505,0.1,56.0,3.0,,,
North Buganda,2020,first_season,soya_beans,1,dummy_mean,raw,raw,0.4702301599548245,1.8221508927538015,2.1075068827579884,2.930292181557787,0.4702301599548245,1.8221508927538015,-4.185582511916704,7.829884297424306,6.007733404670505,0.1,56.0,3.0,,,
North Buganda,2020,first_season,sweet_potatoes,1,dummy_mean,raw,raw,2.687525566046792,1.8221508927538015,2.1075068827579884,5.983658411491209,2.687525566046792,1.8221508927538015,-4.185582511916704,7.829884297424306,6.007733404670505,0.1,56.0,3.0,,,
North Buganda,2020,second_season,beans,1,dummy_mean,raw,raw,0.9823435270848496,1.8221508927538015,2.1075068827579884,0.7986540097128687,0.9823435270848496,1.8221508927538015,-4.185582511916704,7.829884297424306,6.007733404670505,0.1,56.0,3.0,,,
North Buganda,2020,second_season,groundnuts,1,dummy_mean,raw,raw,0.6052217822979895,1.8221508927538015,2.1075068827579884,0.5687183500759414,0.6052217822979895,1.8221508927538015,-4.185582511916704,7.829884297424306,6.007733404670505,0.1,56.0,3.0,,,
North Buganda,2020,second_season,irish_potatoes,1,dummy_mean,raw,raw,6.482172439710905,1.8221508927538015,2.1075068827579884,4.440832751461744,6.482172439710905,1.8221508927538015,-4.185582511916704,7.829884297424306,6.007733404670505,0.1,56.0,3.0,,,
North Buganda,2020,second_season,maize,1,dummy_mean,raw,raw,2.6867403311215865,1.8221508927538015,2.1075068827579884,2.7363424889537766,2.6867403311215865,1.8221508927538015,-4.185582511916704,7.829884297424306,6.007733404670505,0.1,56.0,3.0,,,
North Buganda,2020,second_season,millet,1,dummy_mean,raw,raw,0.7672214167665391,1.8221508927538015,2.1075068827579884,0.6354044224045948,0.7672214167665391,1.8221508927538015,-4.185582511916704,7.829884297424306,6.007733404670505,0.1,56.0,3.0,,,
North Buganda,2020,second_season,rice,1,dummy_mean,raw,raw,0.7664154644961585,1.8221508927538015,2.1075068827579884,1.7589076363956022,0.7664154644961585,1.8221508927538015,-4.185582511916704,7.829884297424306,6.007733404670505,0.1,56.0,3.0,,,
North Buganda,2020,second_season,simsim,1,dummy_mean,raw,raw,1.0617776543409592,1.8221508927538015,2.1075068827579884,0.3999465592781099,1.0617776543409592,1.8221508927538015,-4.185582511916704,7.829884297424306,6.007733404670505,0.1,56.0,3.0,,,
North Buganda,2020,second_season,sorghum,1,dummy_mean,raw,raw,3.8791100754366425,1.8221508927538015,2.1075068827579884,1.3246497888304674,3.8791100754366425,1.8221508927538015,-4.185582511916704,7.829884297424306,6.007733404670505,0.1,56.0,3.0,,,
North Buganda,2020,second_season,soya_beans,1,dummy_mean,raw,raw,0.4386972792209299,1.8221508927538015,2.1075068827579884,2.930292181557787,0.4386972792209299,1.8221508927538015,-4.185582511916704,7.829884297424306,6.007733404670505,0.1,56.0,3.0,,,
North Buganda,2020,second_season,sweet_potatoes,1,dummy_mean,raw,raw,6.9509363188894655,1.8221508927538015,2.1075068827579884,5.983658411491209,6.9509363188894655,1.8221508927538015,-4.185582511916704,7.829884297424306,6.007733404670505,0.1,56.0,3.0,,,
Teso,2020,first_season,beans,1,dummy_mean,raw,raw,0.4787820909269001,1.8221508927538015,2.1075068827579884,0.7986540097128687,0.4787820909269001,1.8221508927538015,-4.185582511916704,7.829884297424306,6.007733404670505,0.1,56.0,3.0,,,
Teso,2020,first_season,groundnuts,1,dummy_mean,raw,raw,0.3687334249789069,1.8221508927538015,2.1075068827579884,0.5687183500759414,0.3687334249789069,1.8221508927538015,-4.185582511916704,7.829884297424306,6.007733404670505,0.1,56.0,3.0,,,
Teso,2020,first_season,maize,1,dummy_mean,raw,raw,1.3718829183654722,1.8221508927538015,2.1075068827579884,2.7363424889537766,1.3718829183654722,1.8221508927538015,-4.185582511916704,7.829884297424306,6.007733404670505,0.1,56.0,3.0,,,
Teso,2020,first_season,millet,1,dummy_mean,raw,raw,0.2266117956037198,1.8221508927538015,2.1075068827579884,0.6354044224045948,0.2266117956037198,1.8221508927538015,-4.185582511916704,7.829884297424306,6.007733404670505,0.1,56.0,3.0,,,
Teso,2020,first_season,rice,1,dummy_mean,raw,raw,1.3123638688539283,1.8221508927538015,2.1075068827579884,1.7589076363956022,1.3123638688539283,1.8221508927538015,-4.185582511916704,7.829884297424306,6.007733404670505,0.1,56.0,3.0,,,
Teso,2020,first_season,simsim,1,dummy_mean,raw,raw,0.3758526836726521,1.8221508927538015,2.1075068827579884,0.3999465592781099,0.3758526836726521,1.8221508927538015,-4.185582511916704,7.829884297424306,6.007733404670505,0.1,56.0,3.0,,,
Teso,2020,first_season,sorghum,1,dummy_mean,raw,raw,0.6439380500075159,1.8221508927538015,2.1075068827579884,1.3246497888304674,0.6439380500075159,1.8221508927538015,-4.185582511916704,7.829884297424306,6.007733404670505,0.1,56.0,3.0,,,
Teso,2020,first_season,soya_beans,1,dummy_mean,raw,raw,0.4286664418152572,1.8221508927538015,2.1075068827579884,2.930292181557787,0.4286664418152572,1.8221508927538015,-4.185582511916704,7.829884297424306,6.007733404670505,0.1,56.0,3.0,,,
Teso,2020,first_season,sweet_potatoes,1,dummy_mean,raw,raw,2.3919434486183864,1.8221508927538015,2.1075068827579884,5.983658411491209,2.3919434486183864,1.8221508927538015,-4.185582511916704,7.829884297424306,6.007733404670505,0.1,56.0,3.0,,,
Teso,2020,second_season,beans,1,dummy_mean,raw,raw,0.7279249098775472,1.8221508927538015,2.1075068827579884,0.7986540097128687,0.7279249098775472,1.8221508927538015,-4.185582511916704,7.829884297424306,6.007733404670505,0.1,56.0,3.0,,,
Teso,2020,second_season,groundnuts,1,dummy_mean,raw,raw,0.4313168954422955,1.8221508927538015,2.1075068827579884,0.5687183500759414,0.4313168954422955,1.8221508927538015,-4.185582511916704,7.829884297424306,6.007733404670505,0.1,56.0,3.0,,,
Teso,2020,second_season,maize,1,dummy_mean,raw,raw,1.540156423059482,1.8221508927538015,2.1075068827579884,2.7363424889537766,1.540156423059482,1.8221508927538015,-4.185582511916704,7.829884297424306,6.007733404670505,0.1,56.0,3.0,,,
Teso,2020,second_season,millet,1,dummy_mean,raw,raw,0.3557264962514397,1.8221508927538015,2.1075068827579884,0.6354044224045948,0.3557264962514397,1.8221508927538015,-4.185582511916704,7.829884297424306,6.007733404670505,0.1,56.0,3.0,,,
Teso,2020,second_season,rice,1,dummy_mean,raw,raw,1.0709719442643844,1.8221508927538015,2.1075068827579884,1.7589076363956022,1.0709719442643844,1.8221508927538015,-4.185582511916704,7.829884297424306,6.007733404670505,0.1,56.0,3.0,,,
Teso,2020,second_season,simsim,1,dummy_mean,raw,raw,0.6034722059137033,1.8221508927538015,2.1075068827579884,0.3999465592781099,0.6034722059137033,1.8221508927538015,-4.185582511916704,7.829884297424306,6.007733404670505,0.1,56.0,3.0,,,
Teso,2020,second_season,sorghum,1,dummy_mean,raw,raw,1.141258363083009,1.8221508927538015,2.1075068827579884,1.3246497888304674,1.141258363083009,1.8221508927538015,-4.185582511916704,7.829884297424306,6.007733404670505,0.1,56.0,3.0,,,
Teso,2020,second_season,soya_beans,1,dummy_mean,raw,raw,0.5653018244408415,1.8221508927538015,2.1075068827579884,2.930292181557787,0.5653018244408415,1.8221508927538015,-4.185582511916704,7.829884297424306,6.007733404670505,0.1,56.0,3.0,,,
Teso,2020,second_season,sweet_potatoes,1,dummy_mean,raw,raw,4.986556877001546,1.8221508927538015,2.1075068827579884,5.983658411491209,4.986556877001546,1.8221508927538015,-4.185582511916704,7.829884297424306,6.007733404670505,0.1,56.0,3.0,,,
Elgon,2020,first_season,beans,2,dummy_mean,raw,raw,0.6700120852270204,2.02738375852967,1.954636271112969,0.800459608567741,0.6700120852270204,2.02738375852967,-2.2809878122281364,6.335755329287476,4.3083715707578065,0.1,54.0,3.0,,,
Elgon,2020,first_season,groundnuts,2,dummy_mean,raw,raw,0.4950587775158489,2.02738375852967,1.954636271112969,0.5508650616816889,0.4950587775158489,2.02738375852967,-2.2809878122281364,6.335755329287476,4.3083715707578065,0.1,54.0,3.0,,,
Elgon,2020,first_season,irish_potatoes,2,dummy_mean,raw,raw,4.522840340241605,2.02738375852967,1.954636271112969,4.160319420588475,4.522840340241605,2.02738375852967,-2.2809878122281364,6.335755329287476,4.3083715707578065,0.1,54.0,3.0,,,
Elgon,2020,first_season,maize,2,dummy_mean,raw,raw,2.591624259545572,2.02738375852967,1.954636271112969,2.445749569645221,2.591624259545572,2.02738375852967,-2.2809878122281364,6.335755329287476,4.3083715707578065,0.1,54.0,3.0,,,
Elgon,2020,first_season,millet,2,dummy_mean,raw,raw,0.6858292042822013,2.02738375852967,1.954636271112969,0.588523876879771,0.6858292042822013,2.02738375852967,-2.2809878122281364,6.335755329287476,4.3083715707578065,0.1,54.0,3.0,,,
Elgon,2020,first_season,rice,2,dummy_mean,raw,raw,2.403967673511646,2.02738375852967,1.954636271112969,1.5849672137717488,2.403967673511646,2.02738375852967,-2.2809878122281364,6.335755329287476,4.3083715707578065,0.1,54.0,3.0,,,
Elgon,2020,first_season,simsim,2,dummy_mean,raw,raw,1.0133465202105196,2.02738375852967,1.954636271112969,0.4194896280774281,1.0133465202105196,2.02738375852967,-2.2809878122281364,6.335755329287476,4.3083715707578065,0.1,54.0,3.0,,,
Elgon,2020,first_season,sorghum,2,dummy_mean,raw,raw,2.370934481096649,2.02738375852967,1.954636271112969,1.1729743338682894,2.370934481096649,2.02738375852967,-2.2809878122281364,6.335755329287476,4.3083715707578065,0.1,54.0,3.0,,,
Elgon,2020,first_season,soya_beans,2,dummy_mean,raw,raw,0.5911363692957547,2.02738375852967,1.954636271112969,2.9108857754523334,0.5911363692957547,2.02738375852967,-2.2809878122281364,6.335755329287476,4.3083715707578065,0.1,54.0,3.0,,,
Elgon,2020,first_season,sweet_potatoes,2,dummy_mean,raw,raw,3.151255842827831,2.02738375852967,1.954636271112969,5.708455116324331,3.151255842827831,2.02738375852967,-2.2809878122281364,6.335755329287476,4.3083715707578065,0.1,54.0,3.0,,,
Elgon,2020,second_season,beans,2,dummy_mean,raw,raw,0.653829971282899,2.02738375852967,1.954636271112969,0.800459608567741,0.653829971282899,2.02738375852967,-2.2809878122281364,6.335755329287476,4.3083715707578065,0.1,54.0,3.0,,,
Elgon,2020,second_season,groundnuts,2,dummy_mean,raw,raw,0.7530910039174339,2.02738375852967,1.954636271112969,0.5508650616816889,0.7530910039174339,2.02738375852967,-2.2809878122281364,6.335755329287476,4.3083715707578065,0.1,54.0,3.0,,,
Elgon,2020,second_season,irish_potatoes,2,dummy_mean,raw,raw,9.66384795722705,2.02738375852967,1.954636271112969,4.160319420588475,9.66384795722705,2.02738375852967,-2.2809878122281364,6.335755329287476,4.3083715707578065,0.1,54.0,3.0,,,
Elgon,2020,second_season,maize,2,dummy_mean,raw,raw,3.423349924580549,2.02738375852967,1.954636271112969,2.445749569645221,3.423349924580549,2.02738375852967,-2.2809878122281364,6.335755329287476,4.3083715707578065,0.1,54.0,3.0,,,
Elgon,2020,second_season,rice,2,dummy_mean,raw,raw,0.9781169963836972,2.02738375852967,1.954636271112969,1.5849672137717488,0.9781169963836972,2.02738375852967,-2.2809878122281364,6.335755329287476,4.3083715707578065,0.1,54.0,3.0,,,
Elgon,2020,second_season,simsim,2,dummy_mean,raw,raw,0.1853682631467308,2.02738375852967,1.954636271112969,0.4194896280774281,0.1853682631467308,2.02738375852967,-2.2809878122281364,6.335755329287476,4.3083715707578065,0.1,54.0,3.0,,,
Elgon,2020,second_season,sorghum,2,dummy_mean,raw,raw,3.258267391159824,2.02738375852967,1.954636271112969,1.1729743338682894,3.258267391159824,2.02738375852967,-2.2809878122281364,6.335755329287476,4.3083715707578065,0.1,54.0,3.0,,,
Elgon,2020,second_season,soya_beans,2,dummy_mean,raw,raw,0.4261906725861129,2.02738375852967,1.954636271112969,2.9108857754523334,0.4261906725861129,2.02738375852967,-2.2809878122281364,6.335755329287476,4.3083715707578065,0.1,54.0,3.0,,,
Elgon,2020,second_season,sweet_potatoes,2,dummy_mean,raw,raw,3.5591777349294857,2.02738375852967,1.954636271112969,5.708455116324331,3.5591777349294857,2.02738375852967,-2.2809878122281364,6.335755329287476,4.3083715707578065,0.1,54.0,3.0,,,
Lango,2020,first_season,beans,2,dummy_mean,raw,raw,0.4538514483659436,2.02738375852967,1.954636271112969,0.800459608567741,0.4538514483659436,2.02738375852967,-2.2809878122281364,6.335755329287476,4.3083715707578065,0.1,54.0,3.0,,,
Lango,2020,first_season,groundnuts,2,dummy_mean,raw,raw,0.3602760666772656,2.02738375852967,1.954636271112969,0.5508650616816889,0.3602760666772656,2.02738375852967,-2.2809878122281364,6.335755329287476,4.3083715707578065,0.1,54.0,3.0,,,
Lango,2020,first_season,maize,2,dummy_mean,raw,raw,1.5321273000173696,2.02738375852967,1.954636271112969,2.445749569645221,1.5321273000173696,2.02738375852967,-2.2809878122281364,6.335755329287476,4.3083715707578065,0.1,54.0,3.0,,,
Lango,2020,first_season,millet,2,dummy_mean,raw,raw,0.3245909082180683,2.02738375852967,1.954636271112969,0.588523876879771,0.3245909082180683,2.02738375852967,-2.2809878122281364,6.335755329287476,4.3083715707578065,0.1,54.0,3.0,,,
Lango,2020,first_season,rice,2,dummy_mean,raw,raw,1.0257917523061892,2.02738375852967,1.954636271112969,1.5849672137717488,1.0257917523061892,2.02738375852967,-2.2809878122281364,6.335755329287476,4.3083715707578065,0.1,54.0,3.0,,,
Lango,2020,first_season,simsim,2,dummy_mean,raw,raw,0.3598602384189452,2.02738375852967,1.954636271112969,0.4194896280774281,0.3598602384189452,2.02738375852967,-2.2809878122281364,6.335755329287476,4.3083715707578065,0.1,54.0,3.0,,,
Lango,2020,first_season,sorghum,2,dummy_mean,raw,raw,0.5398912763008505,2.02738375852967,1.954636271112969,1.1729743338682894,0.5398912763008505,2.02738375852967,-2.2809878122281364,6.335755329287476,4.3083715707578065,0.1,54.0,3.0,,,
Lango,2020,first_season,soya_beans,2,dummy_mean,raw,raw,0.6956216106623382,2.02738375852967,1.954636271112969,2.9108857754523334,0.6956216106623382,2.02738375852967,-2.2809878122281364,6.335755329287476,4.3083715707578065,0.1,54.0,3.0,,,
Lango,2020,first_season,sweet_potatoes,2,dummy_mean,raw,raw,4.627154243214652,2.02738375852967,1.954636271112969,5.708455116324331,4.627154243214652,2.02738375852967,-2.2809878122281364,6.335755329287476,4.3083715707578065,0.1,54.0,3.0,,,
Lango,2020,second_season,beans,2,dummy_mean,raw,raw,0.9979898086925608,2.02738375852967,1.954636271112969,0.800459608567741,0.9979898086925608,2.02738375852967,-2.2809878122281364,6.335755329287476,4.3083715707578065,0.1,54.0,3.0,,,
Lango,2020,second_season,groundnuts,2,dummy_mean,raw,raw,0.6658246650132922,2.02738375852967,1.954636271112969,0.5508650616816889,0.6658246650132922,2.02738375852967,-2.2809878122281364,6.335755329287476,4.3083715707578065,0.1,54.0,3.0,,,
Lango,2020,second_season,maize,2,dummy_mean,raw,raw,2.9489717758099068,2.02738375852967,1.954636271112969,2.445749569645221,2.9489717758099068,2.02738375852967,-2.2809878122281364,6.335755329287476,4.3083715707578065,0.1,54.0,3.0,,,
Lango,2020,second_season,millet,2,dummy_mean,raw,raw,0.359162009295794,2.02738375852967,1.954636271112969,0.588523876879771,0.359162009295794,2.02738375852967,-2.2809878122281364,6.335755329287476,4.3083715707578065,0.1,54.0,3.0,,,
Lango,2020,second_season,rice,2,dummy_mean,raw,raw,1.516949718283846,2.02738375852967,1.954636271112969,1.5849672137717488,1.516949718283846,2.02738375852967,-2.2809878122281364,6.335755329287476,4.3083715707578065,0.1,54.0,3.0,,,
Lango,2020,second_season,simsim,2,dummy_mean,raw,raw,0.4067343534390761,2.02738375852967,1.954636271112969,0.4194896280774281,0.4067343534390761,2.02738375852967,-2.2809878122281364,6.335755329287476,4.3083715707578065,0.1,54.0,3.0,,,
Lango,2020,second_season,sorghum,2,dummy_mean,raw,raw,2.142946828492448,2.02738375852967,1.954636271112969,1.1729743338682894,2.142946828492448,2.02738375852967,-2.2809878122281364,6.335755329287476,4.3083715707578065,0.1,54.0,3.0,,,
Lango,2020,second_season,soya_beans,2,dummy_mean,raw,raw,1.5236675808652385,2.02738375852967,1.954636271112969,2.9108857754523334,1.5236675808652385,2.02738375852967,-2.2809878122281364,6.335755329287476,4.3083715707578065,0.1,54.0,3.0,,,
Lango,2020,second_season,sweet_potatoes,2,dummy_mean,raw,raw,14.045356396131783,2.02738375852967,1.954636271112969,5.708455116324331,14.045356396131783,2.02738375852967,-2.2809878122281364,6.335755329287476,4.3083715707578065,0.1,54.0,3.0,,,
Tooro,2020,first_season,beans,2,dummy_mean,raw,raw,0.5714159022282193,2.02738375852967,1.954636271112969,0.800459608567741,0.5714159022282193,2.02738375852967,-2.2809878122281364,6.335755329287476,4.3083715707578065,0.1,54.0,3.0,,,
Tooro,2020,first_season,groundnuts,2,dummy_mean,raw,raw,0.4788089757102604,2.02738375852967,1.954636271112969,0.5508650616816889,0.4788089757102604,2.02738375852967,-2.2809878122281364,6.335755329287476,4.3083715707578065,0.1,54.0,3.0,,,
Tooro,2020,first_season,irish_potatoes,2,dummy_mean,raw,raw,2.602443195405729,2.02738375852967,1.954636271112969,4.160319420588475,2.602443195405729,2.02738375852967,-2.2809878122281364,6.335755329287476,4.3083715707578065,0.1,54.0,3.0,,,
Tooro,2020,first_season,maize,2,dummy_mean,raw,raw,3.0038294115831783,2.02738375852967,1.954636271112969,2.445749569645221,3.0038294115831783,2.02738375852967,-2.2809878122281364,6.335755329287476,4.3083715707578065,0.1,54.0,3.0,,,
Tooro,2020,first_season,millet,2,dummy_mean,raw,raw,0.4632153663470989,2.02738375852967,1.954636271112969,0.588523876879771,0.4632153663470989,2.02738375852967,-2.2809878122281364,6.335755329287476,4.3083715707578065,0.1,54.0,3.0,,,
Tooro,2020,first_season,rice,2,dummy_mean,raw,raw,1.3679142770311534,2.02738375852967,1.954636271112969,1.5849672137717488,1.3679142770311534,2.02738375852967,-2.2809878122281364,6.335755329287476,4.3083715707578065,0.1,54.0,3.0,,,
Tooro,2020,first_season,simsim,2,dummy_mean,raw,raw,0.2778595226860031,2.02738375852967,1.954636271112969,0.4194896280774281,0.2778595226860031,2.02738375852967,-2.2809878122281364,6.335755329287476,4.3083715707578065,0.1,54.0,3.0,,,
Tooro,2020,first_season,sorghum,2,dummy_mean,raw,raw,0.5962480462055857,2.02738375852967,1.954636271112969,1.1729743338682894,0.5962480462055857,2.02738375852967,-2.2809878122281364,6.335755329287476,4.3083715707578065,0.1,54.0,3.0,,,
Tooro,2020,first_season,soya_beans,2,dummy_mean,raw,raw,0.4113045140407508,2.02738375852967,1.954636271112969,2.9108857754523334,0.4113045140407508,2.02738375852967,-2.2809878122281364,6.335755329287476,4.3083715707578065,0.1,54.0,3.0,,,
Tooro,2020,first_season,sweet_potatoes,2,dummy_mean,raw,raw,2.031705860523254,2.02738375852967,1.954636271112969,5.708455116324331,2.031705860523254,2.02738375852967,-2.2809878122281364,6.335755329287476,4.3083715707578065,0.1,54.0,3.0,,,
Tooro,2020,second_season,beans,2,dummy_mean,raw,raw,1.1835686146592244,2.02738375852967,1.954636271112969,0.800459608567741,1.1835686146592244,2.02738375852967,-2.2809878122281364,6.335755329287476,4.3083715707578065,0.1,54.0,3.0,,,
Tooro,2020,second_season,groundnuts,2,dummy_mean,raw,raw,0.8188652144271537,2.02738375852967,1.954636271112969,0.5508650616816889,0.8188652144271537,2.02738375852967,-2.2809878122281364,6.335755329287476,4.3083715707578065,0.1,54.0,3.0,,,
Tooro,2020,second_season,irish_potatoes,2,dummy_mean,raw,raw,5.09052971295232,2.02738375852967,1.954636271112969,4.160319420588475,5.09052971295232,2.02738375852967,-2.2809878122281364,6.335755329287476,4.3083715707578065,0.1,54.0,3.0,,,
Tooro,2020,second_season,maize,2,dummy_mean,raw,raw,4.280134298861752,2.02738375852967,1.954636271112969,2.445749569645221,4.280134298861752,2.02738375852967,-2.2809878122281364,6.335755329287476,4.3083715707578065,0.1,54.0,3.0,,,
Tooro,2020,second_season,millet,2,dummy_mean,raw,raw,1.0445138088407484,2.02738375852967,1.954636271112969,0.588523876879771,1.0445138088407484,2.02738375852967,-2.2809878122281364,6.335755329287476,4.3083715707578065,0.1,54.0,3.0,,,
Tooro,2020,second_season,rice,2,dummy_mean,raw,raw,2.631104714179096,2.02738375852967,1.954636271112969,1.5849672137717488,2.631104714179096,2.02738375852967,-2.2809878122281364,6.335755329287476,4.3083715707578065,0.1,54.0,3.0,,,
Tooro,2020,second_season,simsim,2,dummy_mean,raw,raw,0.3096258716658019,2.02738375852967,1.954636271112969,0.4194896280774281,0.3096258716658019,2.02738375852967,-2.2809878122281364,6.335755329287476,4.3083715707578065,0.1,54.0,3.0,,,
Tooro,2020,second_season,sorghum,2,dummy_mean,raw,raw,1.958342814699392,2.02738375852967,1.954636271112969,1.1729743338682894,1.958342814699392,2.02738375852967,-2.2809878122281364,6.335755329287476,4.3083715707578065,0.1,54.0,3.0,,,
Tooro,2020,second_season,soya_beans,2,dummy_mean,raw,raw,0.5816289868880459,2.02738375852967,1.954636271112969,2.9108857754523334,0.5816289868880459,2.02738375852967,-2.2809878122281364,6.335755329287476,4.3083715707578065,0.1,54.0,3.0,,,
Tooro,2020,second_season,sweet_potatoes,2,dummy_mean,raw,raw,17.19569748995181,2.02738375852967,1.954636271112969,5.708455116324331,17.19569748995181,2.02738375852967,-2.2809878122281364,6.335755329287476,4.3083715707578065,0.1,54.0,3.0,,,
Ankole,2020,first_season,beans,3,dummy_mean,raw,raw,0.7107039593083359,2.1850749104303797,2.0662856437501507,0.7992436624389453,0.7107039593083359,2.1850749104303797,-0.25700442235389254,4.627154243214652,2.4420793327842722,0.1,52.0,3.0,,,
Ankole,2020,first_season,groundnuts,3,dummy_mean,raw,raw,0.4892093570559104,2.1850749104303797,2.0662856437501507,0.5683245101391033,0.4892093570559104,2.1850749104303797,-0.25700442235389254,4.627154243214652,2.4420793327842722,0.1,52.0,3.0,,,
Ankole,2020,first_season,irish_potatoes,3,dummy_mean,raw,raw,2.6066656470507263,2.1850749104303797,2.0662856437501507,4.967854759378325,2.6066656470507263,2.1850749104303797,-0.25700442235389254,4.627154243214652,2.4420793327842722,0.1,52.0,3.0,,,
Ankole,2020,first_season,maize,3,dummy_mean,raw,raw,2.2911775934330265,2.1850749104303797,2.0662856437501507,2.5683997769092572,2.2911775934330265,2.1850749104303797,-0.25700442235389254,4.627154243214652,2.4420793327842722,0.1,52.0,3.0,,,
Ankole,2020,first_season,millet,3,dummy_mean,raw,raw,1.2807764204080456,2.1850749104303797,2.0662856437501507,0.49735850693119044,1.2807764204080456,2.1850749104303797,-0.25700442235389254,4.627154243214652,2.4420793327842722,0.1,52.0,3.0,,,
Ankole,2020,first_season,sorghum,3,dummy_mean,raw,raw,0.660753068253978,2.1850749104303797,2.0662856437501507,1.4121707856008021,0.660753068253978,2.1850749104303797,-0.25700442235389254,4.627154243214652,2.4420793327842722,0.1,52.0,3.0,,,
Ankole,2020,first_season,soya_beans,3,dummy_mean,raw,raw,0.3377821773864262,2.1850749104303797,2.0662856437501507,2.823781736252928,0.3377821773864262,2.1850749104303797,-0.25700442235389254,4.627154243214652,2.4420793327842722,0.1,52.0,3.0,,,
Ankole,2020,first_season,sweet_potatoes,3,dummy_mean,raw,raw,4.329712242698299,2.1850749104303797,2.0662856437501507,6.104335473351614,4.329712242698299,2.1850749104303797,-0.25700442235389254,4.627154243214652,2.4420793327842722,0.1,52.0,3.0,,,
Ankole,2020,second_season,beans,3,dummy_mean,raw,raw,1.3411688832335629,2.1850749104303797,2.0662856437501507,0.7992436624389453,1.3411688832335629,2.1850749104303797,-0.25700442235389254,4.627154243214652,2.4420793327842722,0.1,52.0,3.0,,,
Ankole,2020,second_season,groundnuts,3,dummy_mean,raw,raw,0.556144731073507,2.1850749104303797,2.0662856437501507,0.5683245101391033,0.556144731073507,2.1850749104303797,-0.25700442235389254,4.627154243214652,2.4420793327842722,0.1,52.0,3.0,,,
Ankole,2020,second_season,irish_potatoes,3,dummy_mean,raw,raw,4.840624253728912,2.1850749104303797,2.0662856437501507,4.967854759378325,4.840624253728912,2.1850749104303797,-0.25700442235389254,4.627154243214652,2.4420793327842722,0.1,52.0,3.0,,,
Ankole,2020,second_season,maize,3,dummy_mean,raw,raw,4.746403988018382,2.1850749104303797,2.0662856437501507,2.5683997769092572,4.746403988018382,2.1850749104303797,-0.25700442235389254,4.627154243214652,2.4420793327842722,0.1,52.0,3.0,,,
Ankole,2020,second_season,millet,3,dummy_mean,raw,raw,0.7193080425140036,2.1850749104303797,2.0662856437501507,0.49735850693119044,0.7193080425140036,2.1850749104303797,-0.25700442235389254,4.627154243214652,2.4420793327842722,0.1,52.0,3.0,,,
Ankole,2020,second_season,sorghum,3,dummy_mean,raw,raw,1.8183667473252825,2.1850749104303797,2.0662856437501507,1.4121707856008021,1.8183667473252825,2.1850749104303797,-0.25700442235389254,4.627154243214652,2.4420793327842722,0.1,52.0,3.0,,,
Ankole,2020,second_season,sweet_potatoes,3,dummy_mean,raw,raw,7.086512596688682,2.1850749104303797,2.0662856437501507,6.104335473351614,7.086512596688682,2.1850749104303797,-0.25700442235389254,4.627154243214652,2.4420793327842722,0.1,52.0,3.0,,,
Bukedi,2020,first_season,beans,3,dummy_mean,raw,raw,0.5175817230094646,2.1850749104303797,2.0662856437501507,0.7992436624389453,0.5175817230094646,2.1850749104303797,-0.25700442235389254,4.627154243214652,2.4420793327842722,0.1,52.0,3.0,,,
Bukedi,2020,first_season,groundnuts,3,dummy_mean,raw,raw,0.4770632662036267,2.1850749104303797,2.0662856437501507,0.5683245101391033,0.4770632662036267,2.1850749104303797,-0.25700442235389254,4.627154243214652,2.4420793327842722,0.1,52.0,3.0,,,
Bukedi,2020,first_season,maize,3,dummy_mean,raw,raw,1.5470171390615697,2.1850749104303797,2.0662856437501507,2.5683997769092572,1.5470171390615697,2.1850749104303797,-0.25700442235389254,4.627154243214652,2.4420793327842722,0.1,52.0,3.0,,,
Bukedi,2020,first_season,millet,3,dummy_mean,raw,raw,0.4272092427017133,2.1850749104303797,2.0662856437501507,0.49735850693119044,0.4272092427017133,2.1850749104303797,-0.25700442235389254,4.627154243214652,2.4420793327842722,0.1,52.0,3.0,,,
Bukedi,2020,first_season,rice,3,dummy_mean,raw,raw,1.3882164630489435,2.1850749104303797,2.0662856437501507,1.63417854787639,1.3882164630489435,2.1850749104303797,-0.25700442235389254,4.627154243214652,2.4420793327842722,0.1,52.0,3.0,,,
Bukedi,2020,first_season,simsim,3,dummy_mean,raw,raw,0.3317125177589506,2.1850749104303797,2.0662856437501507,0.4267172973635351,0.3317125177589506,2.1850749104303797,-0.25700442235389254,4.627154243214652,2.4420793327842722,0.1,52.0,3.0,,,
Bukedi,2020,first_season,sorghum,3,dummy_mean,raw,raw,0.5913910230747661,2.1850749104303797,2.0662856437501507,1.4121707856008021,0.5913910230747661,2.1850749104303797,-0.25700442235389254,4.627154243214652,2.4420793327842722,0.1,52.0,3.0,,,
Bukedi,2020,first_season,soya_beans,3,dummy_mean,raw,raw,0.4175993889818736,2.1850749104303797,2.0662856437501507,2.823781736252928,0.4175993889818736,2.1850749104303797,-0.25700442235389254,4.627154243214652,2.4420793327842722,0.1,52.0,3.0,,,
Bukedi,2020,first_season,sweet_potatoes,3,dummy_mean,raw,raw,2.6225674475211567,2.1850749104303797,2.0662856437501507,6.104335473351614,2.6225674475211567,2.1850749104303797,-0.25700442235389254,4.627154243214652,2.4420793327842722,0.1,52.0,3.0,,,
Bukedi,2020,second_season,beans,3,dummy_mean,raw,raw,0.7056484947012807,2.1850749104303797,2.0662856437501507,0.7992436624389453,0.7056484947012807,2.1850749104303797,-0.25700442235389254,4.627154243214652,2.4420793327842722,0.1,52.0,3.0,,,
Bukedi,2020,second_season,groundnuts,3,dummy_mean,raw,raw,0.5641103408681046,2.1850749104303797,2.0662856437501507,0.5683245101391033,0.5641103408681046,2.1850749104303797,-0.25700442235389254,4.627154243214652,2.4420793327842722,0.1,52.0,3.0,,,
Bukedi,2020,second_season,maize,3,dummy_mean,raw,raw,2.5941966847486744,2.1850749104303797,2.0662856437501507,2.5683997769092572,2.5941966847486744,2.1850749104303797,-0.25700442235389254,4.627154243214652,2.4420793327842722,0.1,52.0,3.0,,,
Bukedi,2020,second_season,millet,3,dummy_mean,raw,raw,2.0388508171880413,2.1850749104303797,2.0662856437501507,0.49735850693119044,2.0388508171880413,2.1850749104303797,-0.25700442235389254,4.627154243214652,2.4420793327842722,0.1,52.0,3.0,,,
Bukedi,2020,second_season,rice,3,dummy_mean,raw,raw,1.4277627442802343,2.1850749104303797,2.0662856437501507,1.63417854787639,1.4277627442802343,2.1850749104303797,-0.25700442235389254,4.627154243214652,2.4420793327842722,0.1,52.0,3.0,,,
Bukedi,2020,second_season,simsim,3,dummy_mean,raw,raw,0.3924463982333242,2.1850749104303797,2.0662856437501507,0.4267172973635351,0.3924463982333242,2.1850749104303797,-0.25700442235389254,4.627154243214652,2.4420793327842722,0.1,52.0,3.0,,,
Bukedi,2020,second_season,sorghum,3,dummy_mean,raw,raw,0.8805407710527358,2.1850749104303797,2.0662856437501507,1.4121707856008021,0.8805407710527358,2.1850749104303797,-0.25700442235389254,4.627154243214652,2.4420793327842722,0.1,52.0,3.0,,,
Bukedi,2020,second_season,soya_beans,3,dummy_mean,raw,raw,0.8286553858983726,2.1850749104303797,2.0662856437501507,2.823781736252928,0.8286553858983726,2.1850749104303797,-0.25700442235389254,4.627154243214652,2.4420793327842722,0.1,52.0,3.0,,,
Bukedi,2020,second_season,sweet_potatoes,3,dummy_mean,raw,raw,6.335755329287477,2.1850749104303797,2.0662856437501507,6.104335473351614,6.335755329287477,2.1850749104303797,-0.25700442235389254,4.627154243214652,2.4420793327842722,0.1,52.0,3.0,,,
West Nile,2020,first_season,beans,3,dummy_mean,raw,raw,0.5251432400895707,2.1850749104303797,2.0662856437501507,0.7992436624389453,0.5251432400895707,2.1850749104303797,-0.25700442235389254,4.627154243214652,2.4420793327842722,0.1,52.0,3.0,,,
West Nile,2020,first_season,groundnuts,3,dummy_mean,raw,raw,0.4055485017270916,2.1850749104303797,2.0662856437501507,0.5683245101391033,0.4055485017270916,2.1850749104303797,-0.25700442235389254,4.627154243214652,2.4420793327842722,0.1,52.0,3.0,,,
West Nile,2020,first_season,irish_potatoes,3,dummy_mean,raw,raw,1.4211566881060225,2.1850749104303797,2.0662856437501507,4.967854759378325,1.4211566881060225,2.1850749104303797,-0.25700442235389254,4.627154243214652,2.4420793327842722,0.1,52.0,3.0,,,
West Nile,2020,first_season,maize,3,dummy_mean,raw,raw,1.2660956469166913,2.1850749104303797,2.0662856437501507,2.5683997769092572,1.2660956469166913,2.1850749104303797,-0.25700442235389254,4.627154243214652,2.4420793327842722,0.1,52.0,3.0,,,
West Nile,2020,first_season,millet,3,dummy_mean,raw,raw,0.2167646962160385,2.1850749104303797,2.0662856437501507,0.49735850693119044,0.2167646962160385,2.1850749104303797,-0.25700442235389254,4.627154243214652,2.4420793327842722,0.1,52.0,3.0,,,
West Nile,2020,first_season,rice,3,dummy_mean,raw,raw,1.4018188844017143,2.1850749104303797,2.0662856437501507,1.63417854787639,1.4018188844017143,2.1850749104303797,-0.25700442235389254,4.627154243214652,2.4420793327842722,0.1,52.0,3.0,,,
West Nile,2020,first_season,simsim,3,dummy_mean,raw,raw,0.4766810107273866,2.1850749104303797,2.0662856437501507,0.4267172973635351,0.4766810107273866,2.1850749104303797,-0.25700442235389254,4.627154243214652,2.4420793327842722,0.1,52.0,3.0,,,
West Nile,2020,first_season,sorghum,3,dummy_mean,raw,raw,0.391054248417342,2.1850749104303797,2.0662856437501507,1.4121707856008021,0.391054248417342,2.1850749104303797,-0.25700442235389254,4.627154243214652,2.4420793327842722,0.1,52.0,3.0,,,
West Nile,2020,first_season,soya_beans,3,dummy_mean,raw,raw,0.8717117441917551,2.1850749104303797,2.0662856437501507,2.823781736252928,0.8717117441917551,2.1850749104303797,-0.25700442235389254,4.627154243214652,2.4420793327842722,0.1,52.0,3.0,,,
West Nile,2020,first_season,sweet_potatoes,3,dummy_mean,raw,raw,5.41252141626667,2.1850749104303797,2.0662856437501507,6.104335473351614,5.41252141626667,2.1850749104303797,-0.25700442235389254,4.627154243214652,2.4420793327842722,0.1,52.0,3.0,,,
West Nile,2020,second_season,beans,3,dummy_mean,raw,raw,0.7559563988183644,2.1850749104303797,2.0662856437501507,0.7992436624389453,0.7559563988183644,2.1850749104303797,-0.25700442235389254,4.627154243214652,2.4420793327842722,0.1,52.0,3.0,,,
West Nile,2020,second_season,groundnuts,3,dummy_mean,raw,raw,0.6957406402698985,2.1850749104303797,2.0662856437501507,0.5683245101391033,0.6957406402698985,2.1850749104303797,-0.25700442235389254,4.627154243214652,2.4420793327842722,0.1,52.0,3.0,,,
West Nile,2020,second_season,irish_potatoes,3,dummy_mean,raw,raw,3.3207905514628413,2.1850749104303797,2.0662856437501507,4.967854759378325,3.3207905514628413,2.1850749104303797,-0.25700442235389254,4.627154243214652,2.4420793327842722,0.1,52.0,3.0,,,
West Nile,2020,second_season,maize,3,dummy_mean,raw,raw,2.6368413584111803,2.1850749104303797,2.0662856437501507,2.5683997769092572,2.6368413584111803,2.1850749104303797,-0.25700442235389254,4.627154243214652,2.4420793327842722,0.1,52.0,3.0,,,
West Nile,2020,second_season,millet,3,dummy_mean,raw,raw,0.6973987237560337,2.1850749104303797,2.0662856437501507,0.49735850693119044,0.6973987237560337,2.1850749104303797,-0.25700442235389254,4.627154243214652,2.4420793327842722,0.1,52.0,3.0,,,
West Nile,2020,second_season,rice,3,dummy_mean,raw,raw,1.5518859303284125,2.1850749104303797,2.0662856437501507,1.63417854787639,1.5518859303284125,2.1850749104303797,-0.25700442235389254,4.627154243214652,2.4420793327842722,0.1,52.0,3.0,,,
West Nile,2020,second_season,simsim,3,dummy_mean,raw,raw,0.3973328781148473,2.1850749104303797,2.0662856437501507,0.4267172973635351,0.3973328781148473,2.1850749104303797,-0.25700442235389254,4.627154243214652,2.4420793327842722,0.1,52.0,3.0,,,
West Nile,2020,second_season,sorghum,3,dummy_mean,raw,raw,1.2622030417153625,2.1850749104303797,2.0662856437501507,1.4121707856008021,1.2622030417153625,2.1850749104303797,-0.25700442235389254,4.627154243214652,2.4420793327842722,0.1,52.0,3.0,,,
West Nile,2020,second_season,soya_beans,3,dummy_mean,raw,raw,0.6049960464155939,2.1850749104303797,2.0662856437501507,2.823781736252928,0.6049960464155939,2.1850749104303797,-0.25700442235389254,4.627154243214652,2.4420793327842722,0.1,52.0,3.0,,,
West Nile,2020,second_season,sweet_potatoes,3,dummy_mean,raw,raw,10.90567139457088,2.1850749104303797,2.0662856437501507,6.104335473351614,10.90567139457088,2.1850749104303797,-0.25700442235389254,4.627154243214652,2.4420793327842722,0.1,52.0,3.0,,,
Busoga,2020,first_season,beans,4,dummy_mean,raw,raw,0.6401206168693182,1.7007977073664668,1.8016671470305063,0.7725881369501938,0.6401206168693182,1.7007977073664668,-3.9591564642789536,7.360751879011888,5.6599541716454205,0.1,58.0,3.0,,,
Busoga,2020,first_season,groundnuts,4,dummy_mean,raw,raw,0.3322482939632105,1.7007977073664668,1.8016671470305063,0.5479446238104857,0.3322482939632105,1.7007977073664668,-3.9591564642789536,7.360751879011888,5.6599541716454205,0.1,58.0,3.0,,,
Busoga,2020,first_season,maize,4,dummy_mean,raw,raw,1.5222384603844508,1.7007977073664668,1.8016671470305063,2.6412707918169636,1.5222384603844508,1.7007977073664668,-3.9591564642789536,7.360751879011888,5.6599541716454205,0.1,58.0,3.0,,,
Busoga,2020,first_season,millet,4,dummy_mean,raw,raw,0.6572884828877947,1.7007977073664668,1.8016671470305063,0.5738783706046435,0.6572884828877947,1.7007977073664668,-3.9591564642789536,7.360751879011888,5.6599541716454205,0.1,58.0,3.0,,,
Busoga,2020,first_season,rice,4,dummy_mean,raw,raw,1.4797729580148753,1.7007977073664668,1.8016671470305063,1.4257179867225263,1.4797729580148753,1.7007977073664668,-3.9591564642789536,7.360751879011888,5.6599541716454205,0.1,58.0,3.0,,,
Busoga,2020,first_season,simsim,4,dummy_mean,raw,raw,0.3994351113633946,1.7007977073664668,1.8016671470305063,0.42925700279116347,0.3994351113633946,1.7007977073664668,-3.9591564642789536,7.360751879011888,5.6599541716454205,0.1,58.0,3.0,,,
Busoga,2020,first_season,sorghum,4,dummy_mean,raw,raw,0.6036980012037914,1.7007977073664668,1.8016671470305063,1.3361928120558897,0.6036980012037914,1.7007977073664668,-3.9591564642789536,7.360751879011888,5.6599541716454205,0.1,58.0,3.0,,,
Busoga,2020,first_season,soya_beans,4,dummy_mean,raw,raw,0.4333391184708587,1.7007977073664668,1.8016671470305063,0.6555232704687651,0.4333391184708587,1.7007977073664668,-3.9591564642789536,7.360751879011888,5.6599541716454205,0.1,58.0,3.0,,,
Busoga,2020,first_season,sweet_potatoes,4,dummy_mean,raw,raw,3.4113171715767456,1.7007977073664668,1.8016671470305063,6.5300697168629425,3.4113171715767456,1.7007977073664668,-3.9591564642789536,7.360751879011888,5.6599541716454205,0.1,58.0,3.0,,,
Busoga,2020,second_season,beans,4,dummy_mean,raw,raw,0.8018694899438293,1.7007977073664668,1.8016671470305063,0.7725881369501938,0.8018694899438293,1.7007977073664668,-3.9591564642789536,7.360751879011888,5.6599541716454205,0.1,58.0,3.0,,,
Busoga,2020,second_season,groundnuts,4,dummy_mean,raw,raw,0.4062549460293829,1.7007977073664668,1.8016671470305063,0.5479446238104857,0.4062549460293829,1.7007977073664668,-3.9591564642789536,7.360751879011888,5.6599541716454205,0.1,58.0,3.0,,,
Busoga,2020,second_season,maize,4,dummy_mean,raw,raw,1.7237131684916815,1.7007977073664668,1.8016671470305063,2.6412707918169636,1.7237131684916815,1.7007977073664668,-3.9591564642789536,7.360751879011888,5.6599541716454205,0.1,58.0,3.0,,,
Busoga,2020,second_season,millet,4,dummy_mean,raw,raw,0.2369138654637815,1.7007977073664668,1.8016671470305063,0.5738783706046435,0.2369138654637815,1.7007977073664668,-3.9591564642789536,7.360751879011888,5.6599541716454205,0.1,58.0,3.0,,,
Busoga,2020,second_season,rice,4,dummy_mean,raw,raw,2.088480457936548,1.7007977073664668,1.8016671470305063,1.4257179867225263,2.088480457936548,1.7007977073664668,-3.9591564642789536,7.360751879011888,5.6599541716454205,0.1,58.0,3.0,,,
Busoga,2020,second_season,simsim,4,dummy_mean,raw,raw,0.2995884010467337,1.7007977073664668,1.8016671470305063,0.42925700279116347,0.2995884010467337,1.7007977073664668,-3.9591564642789536,7.360751879011888,5.6599541716454205,0.1,58.0,3.0,,,
Busoga,2020,second_season,sorghum,4,dummy_mean,raw,raw,0.6561084833674863,1.7007977073664668,1.8016671470305063,1.3361928120558897,0.6561084833674863,1.7007977073664668,-3.9591564642789536,7.360751879011888,5.6599541716454205,0.1,58.0,3.0,,,
Busoga,2020,second_season,soya_beans,4,dummy_mean,raw,raw,0.5938545772757312,1.7007977073664668,1.8016671470305063,0.6555232704687651,0.5938545772757312,1.7007977073664668,-3.9591564642789536,7.360751879011888,5.6599541716454205,0.1,58.0,3.0,,,
Busoga,2020,second_season,sweet_potatoes,4,dummy_mean,raw,raw,4.046477355605773,1.7007977073664668,1.8016671470305063,6.5300697168629425,4.046477355605773,1.7007977073664668,-3.9591564642789536,7.360751879011888,5.6599541716454205,0.1,58.0,3.0,,,
Kigezi,2020,first_season,beans,4,dummy_mean,raw,raw,0.6821726355797036,1.7007977073664668,1.8016671470305063,0.7725881369501938,0.6821726355797036,1.7007977073664668,-3.9591564642789536,7.360751879011888,5.6599541716454205,0.1,58.0,3.0,,,
Kigezi,2020,first_season,groundnuts,4,dummy_mean,raw,raw,0.4632654520489824,1.7007977073664668,1.8016671470305063,0.5479446238104857,0.4632654520489824,1.7007977073664668,-3.9591564642789536,7.360751879011888,5.6599541716454205,0.1,58.0,3.0,,,
Kigezi,2020,first_season,irish_potatoes,4,dummy_mean,raw,raw,5.319403533719373,1.7007977073664668,1.8016671470305063,4.047210229393464,5.319403533719373,1.7007977073664668,-3.9591564642789536,7.360751879011888,5.6599541716454205,0.1,58.0,3.0,,,
Kigezi,2020,first_season,maize,4,dummy_mean,raw,raw,1.6788303054282812,1.7007977073664668,1.8016671470305063,2.6412707918169636,1.6788303054282812,1.7007977073664668,-3.9591564642789536,7.360751879011888,5.6599541716454205,0.1,58.0,3.0,,,
Kigezi,2020,first_season,millet,4,dummy_mean,raw,raw,0.7582314811841495,1.7007977073664668,1.8016671470305063,0.5738783706046435,0.7582314811841495,1.7007977073664668,-3.9591564642789536,7.360751879011888,5.6599541716454205,0.1,58.0,3.0,,,
Kigezi,2020,first_season,rice,4,dummy_mean,raw,raw,1.457131297713486,1.7007977073664668,1.8016671470305063,1.4257179867225263,1.457131297713486,1.7007977073664668,-3.9591564642789536,7.360751879011888,5.6599541716454205,0.1,58.0,3.0,,,
Kigezi,2020,first_season,sorghum,4,dummy_mean,raw,raw,0.9963816683569464,1.7007977073664668,1.8016671470305063,1.3361928120558897,0.9963816683569464,1.7007977073664668,-3.9591564642789536,7.360751879011888,5.6599541716454205,0.1,58.0,3.0,,,
Kigezi,2020,first_season,soya_beans,4,dummy_mean,raw,raw,0.5069027622936974,1.7007977073664668,1.8016671470305063,0.6555232704687651,0.5069027622936974,1.7007977073664668,-3.9591564642789536,7.360751879011888,5.6599541716454205,0.1,58.0,3.0,,,
Kigezi,2020,first_season,sweet_potatoes,4,dummy_mean,raw,raw,3.68073317352751,1.7007977073664668,1.8016671470305063,6.5300697168629425,3.68073317352751,1.7007977073664668,-3.9591564642789536,7.360751879011888,5.6599541716454205,0.1,58.0,3.0,,,
Kigezi,2020,second_season,beans,4,dummy_mean,raw,raw,1.2309422257456628,1.7007977073664668,1.8016671470305063,0.7725881369501938,1.2309422257456628,1.7007977073664668,-3.9591564642789536,7.360751879011888,5.6599541716454205,0.1,58.0,3.0,,,
Kigezi,2020,second_season,groundnuts,4,dummy_mean,raw,raw,0.7496304931127425,1.7007977073664668,1.8016671470305063,0.5479446238104857,0.7496304931127425,1.7007977073664668,-3.9591564642789536,7.360751879011888,5.6599541716454205,0.1,58.0,3.0,,,
Kigezi,2020,second_season,irish_potatoes,4,dummy_mean,raw,raw,7.829884297424306,1.7007977073664668,1.8016671470305063,4.047210229393464,7.829884297424306,1.7007977073664668,-3.9591564642789536,7.360751879011888,5.6599541716454205,0.1,58.0,3.0,,,
Kigezi,2020,second_season,maize,4,dummy_mean,raw,raw,4.580426866194772,1.7007977073664668,1.8016671470305063,2.6412707918169636,4.580426866194772,1.7007977073664668,-3.9591564642789536,7.360751879011888,5.6599541716454205,0.1,58.0,3.0,,,
Kigezi,2020,second_season,millet,4,dummy_mean,raw,raw,0.96011465247634,1.7007977073664668,1.8016671470305063,0.5738783706046435,0.96011465247634,1.7007977073664668,-3.9591564642789536,7.360751879011888,5.6599541716454205,0.1,58.0,3.0,,,
Kigezi,2020,second_season,rice,4,dummy_mean,raw,raw,3.966514747112424,1.7007977073664668,1.8016671470305063,1.4257179867225263,3.966514747112424,1.7007977073664668,-3.9591564642789536,7.360751879011888,5.6599541716454205,0.1,58.0,3.0,,,
Kigezi,2020,second_season,sorghum,4,dummy_mean,raw,raw,0.9034020239226584,1.7007977073664668,1.8016671470305063,1.3361928120558897,0.9034020239226584,1.7007977073664668,-3.9591564642789536,7.360751879011888,5.6599541716454205,0.1,58.0,3.0,,,
Kigezi,2020,second_season,soya_beans,4,dummy_mean,raw,raw,44.29863915774654,1.7007977073664668,1.8016671470305063,0.6555232704687651,44.29863915774654,1.7007977073664668,-3.9591564642789536,7.360751879011888,5.6599541716454205,0.1,58.0,3.0,,,
Kigezi,2020,second_season,sweet_potatoes,4,dummy_mean,raw,raw,7.307468270304063,1.7007977073664668,1.8016671470305063,6.5300697168629425,7.307468270304063,1.7007977073664668,-3.9591564642789536,7.360751879011888,5.6599541716454205,0.1,58.0,3.0,,,
South Buganda,2020,first_season,beans,4,dummy_mean,raw,raw,0.6286830497610721,1.7007977073664668,1.8016671470305063,0.7725881369501938,0.6286830497610721,1.7007977073664668,-3.9591564642789536,7.360751879011888,5.6599541716454205,0.1,58.0,3.0,,,
South Buganda,2020,first_season,groundnuts,4,dummy_mean,raw,raw,0.6198068833094821,1.7007977073664668,1.8016671470305063,0.5479446238104857,0.6198068833094821,1.7007977073664668,-3.9591564642789536,7.360751879011888,5.6599541716454205,0.1,58.0,3.0,,,
South Buganda,2020,first_season,irish_potatoes,4,dummy_mean,raw,raw,3.3283582090790134,1.7007977073664668,1.8016671470305063,4.047210229393464,3.3283582090790134,1.7007977073664668,-3.9591564642789536,7.360751879011888,5.6599541716454205,0.1,58.0,3.0,,,
South Buganda,2020,first_season,maize,4,dummy_mean,raw,raw,1.658719821291578,1.7007977073664668,1.8016671470305063,2.6412707918169636,1.658719821291578,1.7007977073664668,-3.9591564642789536,7.360751879011888,5.6599541716454205,0.1,58.0,3.0,,,
South Buganda,2020,first_season,millet,4,dummy_mean,raw,raw,0.4388892155530794,1.7007977073664668,1.8016671470305063,0.5738783706046435,0.4388892155530794,1.7007977073664668,-3.9591564642789536,7.360751879011888,5.6599541716454205,0.1,58.0,3.0,,,
South Buganda,2020,first_season,rice,4,dummy_mean,raw,raw,2.3727137710817736,1.7007977073664668,1.8016671470305063,1.4257179867225263,2.3727137710817736,1.7007977073664668,-3.9591564642789536,7.360751879011888,5.6599541716454205,0.1,58.0,3.0,,,
South Buganda,2020,first_season,sorghum,4,dummy_mean,raw,raw,0.5363321684614435,1.7007977073664668,1.8016671470305063,1.3361928120558897,0.5363321684614435,1.7007977073664668,-3.9591564642789536,7.360751879011888,5.6599541716454205,0.1,58.0,3.0,,,
South Buganda,2020,first_season,soya_beans,4,dummy_mean,raw,raw,0.5931784427704433,1.7007977073664668,1.8016671470305063,0.6555232704687651,0.5931784427704433,1.7007977073664668,-3.9591564642789536,7.360751879011888,5.6599541716454205,0.1,58.0,3.0,,,
South Buganda,2020,first_season,sweet_potatoes,4,dummy_mean,raw,raw,3.666537379696348,1.7007977073664668,1.8016671470305063,6.5300697168629425,3.666537379696348,1.7007977073664668,-3.9591564642789536,7.360751879011888,5.6599541716454205,0.1,58.0,3.0,,,
South Buganda,2020,second_season,beans,4,dummy_mean,raw,raw,1.1321807165247713,1.7007977073664668,1.8016671470305063,0.7725881369501938,1.1321807165247713,1.7007977073664668,-3.9591564642789536,7.360751879011888,5.6599541716454205,0.1,58.0,3.0,,,
South Buganda,2020,second_season,groundnuts,4,dummy_mean,raw,raw,1.0649682679639256,1.7007977073664668,1.8016671470305063,0.5479446238104857,1.0649682679639256,1.7007977073664668,-3.9591564642789536,7.360751879011888,5.6599541716454205,0.1,58.0,3.0,,,
South Buganda,2020,second_season,irish_potatoes,4,dummy_mean,raw,raw,6.759325459944138,1.7007977073664668,1.8016671470305063,4.047210229393464,6.759325459944138,1.7007977073664668,-3.9591564642789536,7.360751879011888,5.6599541716454205,0.1,58.0,3.0,,,
South Buganda,2020,second_season,maize,4,dummy_mean,raw,raw,2.314641460829224,1.7007977073664668,1.8016671470305063,2.6412707918169636,2.314641460829224,1.7007977073664668,-3.9591564642789536,7.360751879011888,5.6599541716454205,0.1,58.0,3.0,,,
South Buganda,2020,second_season,millet,4,dummy_mean,raw,raw,0.721953108076217,1.7007977073664668,1.8016671470305063,0.5738783706046435,0.721953108076217,1.7007977073664668,-3.9591564642789536,7.360751879011888,5.6599541716454205,0.1,58.0,3.0,,,
South Buganda,2020,second_season,sorghum,4,dummy_mean,raw,raw,3.5799019725152155,1.7007977073664668,1.8016671470305063,1.3361928120558897,3.5799019725152155,1.7007977073664668,-3.9591564642789536,7.360751879011888,5.6599541716454205,0.1,58.0,3.0,,,
South Buganda,2020,second_season,sweet_potatoes,4,dummy_mean,raw,raw,6.065522206096139,1.7007977073664668,1.8016671470305063,6.5300697168629425,6.065522206096139,1.7007977073664668,-3.9591564642789536,7.360751879011888,5.6599541716454205,0.1,58.0,3.0,,,
Bunyoro,2020,first_season,beans,5,dummy_mean,raw,raw,0.8260947143833511,2.115611141483227,2.0664785772522087,0.7821426946020412,0.8260947143833511,2.115611141483227,-0.6094019707624581,4.840624253728912,2.725013112245685,0.1,52.0,3.0,,,
Bunyoro,2020,first_season,groundnuts,5,dummy_mean,raw,raw,0.6650306538588546,2.115611141483227,2.0664785772522087,0.5656278431447842,0.6650306538588546,2.115611141483227,-0.6094019707624581,4.840624253728912,2.725013112245685,0.1,52.0,3.0,,,
Bunyoro,2020,first_season,irish_potatoes,5,dummy_mean,raw,raw,2.220589656235262,2.115611141483227,2.0664785772522087,4.7812646841975734,2.220589656235262,2.115611141483227,-0.6094019707624581,4.840624253728912,2.725013112245685,0.1,52.0,3.0,,,
Bunyoro,2020,first_season,maize,5,dummy_mean,raw,raw,2.3426553850030096,2.115611141483227,2.0664785772522087,2.4053055087174147,2.3426553850030096,2.115611141483227,-0.6094019707624581,4.840624253728912,2.725013112245685,0.1,52.0,3.0,,,
Bunyoro,2020,first_season,millet,5,dummy_mean,raw,raw,0.2753703982834791,2.115611141483227,2.0664785772522087,0.6309719027500666,0.2753703982834791,2.115611141483227,-0.6094019707624581,4.840624253728912,2.725013112245685,0.1,52.0,3.0,,,
Bunyoro,2020,first_season,rice,5,dummy_mean,raw,raw,1.4308437859507233,2.115611141483227,2.0664785772522087,1.611955233813348,1.4308437859507233,2.115611141483227,-0.6094019707624581,4.840624253728912,2.725013112245685,0.1,52.0,3.0,,,
Bunyoro,2020,first_season,simsim,5,dummy_mean,raw,raw,0.5005342402042084,2.115611141483227,2.0664785772522087,0.42646604553162476,0.5005342402042084,2.115611141483227,-0.6094019707624581,4.840624253728912,2.725013112245685,0.1,52.0,3.0,,,
Bunyoro,2020,first_season,sorghum,5,dummy_mean,raw,raw,1.3881045542850072,2.115611141483227,2.0664785772522087,1.3031889535170247,1.3881045542850072,2.115611141483227,-0.6094019707624581,4.840624253728912,2.725013112245685,0.1,52.0,3.0,,,
Bunyoro,2020,first_season,soya_beans,5,dummy_mean,raw,raw,0.6855186697585186,2.115611141483227,2.0664785772522087,2.6171380251865526,0.6855186697585186,2.115611141483227,-0.6094019707624581,4.840624253728912,2.725013112245685,0.1,52.0,3.0,,,
Bunyoro,2020,first_season,sweet_potatoes,5,dummy_mean,raw,raw,2.0298423975087787,2.115611141483227,2.0664785772522087,6.191142717319159,2.0298423975087787,2.115611141483227,-0.6094019707624581,4.840624253728912,2.725013112245685,0.1,52.0,3.0,,,
Bunyoro,2020,second_season,beans,5,dummy_mean,raw,raw,1.200511704804833,2.115611141483227,2.0664785772522087,0.7821426946020412,1.200511704804833,2.115611141483227,-0.6094019707624581,4.840624253728912,2.725013112245685,0.1,52.0,3.0,,,
Bunyoro,2020,second_season,groundnuts,5,dummy_mean,raw,raw,0.7713261452057008,2.115611141483227,2.0664785772522087,0.5656278431447842,0.7713261452057008,2.115611141483227,-0.6094019707624581,4.840624253728912,2.725013112245685,0.1,52.0,3.0,,,
Bunyoro,2020,second_season,irish_potatoes,5,dummy_mean,raw,raw,2.6451990178871103,2.115611141483227,2.0664785772522087,4.7812646841975734,2.6451990178871103,2.115611141483227,-0.6094019707624581,4.840624253728912,2.725013112245685,0.1,52.0,3.0,,,
Bunyoro,2020,second_season,maize,5,dummy_mean,raw,raw,3.0549264654046246,2.115611141483227,2.0664785772522087,2.4053055087174147,3.0549264654046246,2.115611141483227,-0.6094019707624581,4.840624253728912,2.725013112245685,0.1,52.0,3.0,,,
Bunyoro,2020,second_season,millet,5,dummy_mean,raw,raw,0.4212512776206598,2.115611141483227,2.0664785772522087,0.6309719027500666,0.4212512776206598,2.115611141483227,-0.6094019707624581,4.840624253728912,2.725013112245685,0.1,52.0,3.0,,,
Bunyoro,2020,second_season,rice,5,dummy_mean,raw,raw,1.6224963809696238,2.115611141483227,2.0664785772522087,1.611955233813348,1.6224963809696238,2.115611141483227,-0.6094019707624581,4.840624253728912,2.725013112245685,0.1,52.0,3.0,,,
Bunyoro,2020,second_season,sorghum,5,dummy_mean,raw,raw,0.8920114348791089,2.115611141483227,2.0664785772522087,1.3031889535170247,0.8920114348791089,2.115611141483227,-0.6094019707624581,4.840624253728912,2.725013112245685,0.1,52.0,3.0,,,
Bunyoro,2020,second_season,soya_beans,5,dummy_mean,raw,raw,0.7040260876893635,2.115611141483227,2.0664785772522087,2.6171380251865526,0.7040260876893635,2.115611141483227,-0.6094019707624581,4.840624253728912,2.725013112245685,0.1,52.0,3.0,,,
Bunyoro,2020,second_season,sweet_potatoes,5,dummy_mean,raw,raw,8.162182280896847,2.115611141483227,2.0664785772522087,6.191142717319159,8.162182280896847,2.115611141483227,-0.6094019707624581,4.840624253728912,2.725013112245685,0.1,52.0,3.0,,,
Karamoja,2020,first_season,beans,5,dummy_mean,raw,raw,0.5422885207412549,2.115611141483227,2.0664785772522087,0.7821426946020412,0.5422885207412549,2.115611141483227,-0.6094019707624581,4.840624253728912,2.725013112245685,0.1,52.0,3.0,,,
Karamoja,2020,first_season,groundnuts,5,dummy_mean,raw,raw,0.5747979489963491,2.115611141483227,2.0664785772522087,0.5656278431447842,0.5747979489963491,2.115611141483227,-0.6094019707624581,4.840624253728912,2.725013112245685,0.1,52.0,3.0,,,
Karamoja,2020,first_season,maize,5,dummy_mean,raw,raw,1.2175480596073385,2.115611141483227,2.0664785772522087,2.4053055087174147,1.2175480596073385,2.115611141483227,-0.6094019707624581,4.840624253728912,2.725013112245685,0.1,52.0,3.0,,,
Karamoja,2020,first_season,millet,5,dummy_mean,raw,raw,0.2665642826776189,2.115611141483227,2.0664785772522087,0.6309719027500666,0.2665642826776189,2.115611141483227,-0.6094019707624581,4.840624253728912,2.725013112245685,0.1,52.0,3.0,,,
Karamoja,2020,first_season,rice,5,dummy_mean,raw,raw,1.5488549025864504,2.115611141483227,2.0664785772522087,1.611955233813348,1.5488549025864504,2.115611141483227,-0.6094019707624581,4.840624253728912,2.725013112245685,0.1,52.0,3.0,,,
Karamoja,2020,first_season,simsim,5,dummy_mean,raw,raw,0.2487265028776165,2.115611141483227,2.0664785772522087,0.42646604553162476,0.2487265028776165,2.115611141483227,-0.6094019707624581,4.840624253728912,2.725013112245685,0.1,52.0,3.0,,,
Karamoja,2020,first_season,sorghum,5,dummy_mean,raw,raw,0.6347991969213849,2.115611141483227,2.0664785772522087,1.3031889535170247,0.6347991969213849,2.115611141483227,-0.6094019707624581,4.840624253728912,2.725013112245685,0.1,52.0,3.0,,,
Karamoja,2020,first_season,soya_beans,5,dummy_mean,raw,raw,0.5697981563805337,2.115611141483227,2.0664785772522087,2.6171380251865526,0.5697981563805337,2.115611141483227,-0.6094019707624581,4.840624253728912,2.725013112245685,0.1,52.0,3.0,,,
Karamoja,2020,second_season,groundnuts,5,dummy_mean,raw,raw,0.1047330767226874,2.115611141483227,2.0664785772522087,0.5656278431447842,0.1047330767226874,2.115611141483227,-0.6094019707624581,4.840624253728912,2.725013112245685,0.1,52.0,3.0,,,
Karamoja,2020,second_season,maize,5,dummy_mean,raw,raw,7.244065383360269,2.115611141483227,2.0664785772522087,2.4053055087174147,7.244065383360269,2.115611141483227,-0.6094019707624581,4.840624253728912,2.725013112245685,0.1,52.0,3.0,,,
Karamoja,2020,second_season,millet,5,dummy_mean,raw,raw,0.349296866505584,2.115611141483227,2.0664785772522087,0.6309719027500666,0.349296866505584,2.115611141483227,-0.6094019707624581,4.840624253728912,2.725013112245685,0.1,52.0,3.0,,,
Karamoja,2020,second_season,sorghum,5,dummy_mean,raw,raw,2.480616112563021,2.115611141483227,2.0664785772522087,1.3031889535170247,2.480616112563021,2.115611141483227,-0.6094019707624581,4.840624253728912,2.725013112245685,0.1,52.0,3.0,,,
Acholi,2020,first_season,beans,1,ridge,raw,raw,0.8570862730857126,0.2943785331148585,2.1075068827579884,0.7986540097128687,0.8570862730857126,0.2943785331148585,-3.8725589545982184,4.461316020827935,4.166937487713077,0.1,56.0,3.0,,,
Acholi,2020,first_season,groundnuts,1,ridge,raw,raw,0.579730411471064,-0.4345520824698259,2.1075068827579884,0.5687183500759414,0.579730411471064,-0.4345520824698259,-4.601489570182903,3.7323854052432512,4.166937487713077,0.1,56.0,3.0,,,
Acholi,2020,first_season,maize,1,ridge,raw,raw,1.6268858066002263,0.9648603645064613,2.1075068827579884,2.7363424889537766,1.6268858066002263,0.9648603645064613,-3.2020771232066156,5.131797852219538,4.166937487713077,0.1,56.0,3.0,,,
Acholi,2020,first_season,millet,1,ridge,raw,raw,0.2602112569707439,-0.3329353683694347,2.1075068827579884,0.6354044224045948,0.2602112569707439,-0.3329353683694347,-4.499872856082511,3.8340021193436424,4.166937487713077,0.1,56.0,3.0,,,
Acholi,2020,first_season,rice,1,ridge,raw,raw,1.8354492390020587,0.3787985205769435,2.1075068827579884,1.7589076363956022,1.8354492390020587,0.3787985205769435,-3.7881389671361334,4.545736008290021,4.166937487713077,0.1,56.0,3.0,,,
Acholi,2020,first_season,simsim,1,ridge,raw,raw,0.2405641336366695,-0.27692304552165914,2.1075068827579884,0.3999465592781099,0.2405641336366695,-0.27692304552165914,-4.443860533234736,3.8900144421914176,4.166937487713077,0.1,56.0,3.0,,,
Acholi,2020,first_season,sorghum,1,ridge,raw,raw,0.7136992535711828,0.09371324000106829,2.1075068827579884,1.3246497888304674,0.7136992535711828,0.09371324000106829,-4.073224247712009,4.260650727714145,4.166937487713077,0.1,56.0,3.0,,,
Acholi,2020,first_season,soya_beans,1,ridge,raw,raw,1.0958248492916711,-0.2744975567842769,2.1075068827579884,2.930292181557787,1.0958248492916711,-0.2744975567842769,-4.441435044497354,3.8924399309288003,4.166937487713077,0.1,56.0,3.0,,,
Acholi,2020,first_season,sweet_potatoes,1,ridge,raw,raw,7.360751879011887,2.3428558565862163,2.1075068827579884,5.983658411491209,7.360751879011887,2.3428558565862163,-1.8240816311268606,6.509793344299293,4.166937487713077,0.1,56.0,3.0,,,
Acholi,2020,second_season,beans,1,ridge,raw,raw,0.8791468943891129,2.0841111477882337,2.1075068827579884,0.7986540097128687,0.8791468943891129,2.0841111477882337,-2.0828263399248432,6.251048635501311,4.166937487713077,0.1,56.0,3.0,,,
Acholi,2020,second_season,groundnuts,1,ridge,raw,raw,0.774283389787513,1.355180532203549,2.1075068827579884,0.5687183500759414,0.774283389787513,1.355180532203549,-2.811756955509528,5.5221180199166255,4.166937487713077,0.1,56.0,3.0,,,
Acholi,2020,second_season,maize,1,ridge,raw,raw,1.9919193221111424,2.7545929791798365,2.1075068827579884,2.7363424889537766,1.9919193221111424,2.7545929791798365,-1.4123445085332405,6.921530466892913,4.166937487713077,0.1,56.0,3.0,,,
Acholi,2020,second_season,millet,1,ridge,raw,raw,0.3783444913194841,1.4567972463039405,2.1075068827579884,0.6354044224045948,0.3783444913194841,1.4567972463039405,-2.7101402414091362,5.623734734017018,4.166937487713077,0.1,56.0,3.0,,,
Acholi,2020,second_season,rice,1,ridge,raw,raw,0.8047415933139703,2.1685311352503187,2.1075068827579884,1.7589076363956022,0.8047415933139703,2.1685311352503187,-1.9984063524627582,6.335468622963395,4.166937487713077,0.1,56.0,3.0,,,
Acholi,2020,second_season,simsim,1,ridge,raw,raw,0.3592611565204056,1.5128095691517158,2.1075068827579884,0.3999465592781099,0.3592611565204056,1.5128095691517158,-2.654127918561361,5.679747056864793,4.166937487713077,0.1,56.0,3.0,,,
Acholi,2020,second_season,sorghum,1,ridge,raw,raw,1.0529020128934117,1.8834458546744433,2.1075068827579884,1.3246497888304674,1.0529020128934117,1.8834458546744433,-2.2834916330386337,6.05038334238752,4.166937487713077,0.1,56.0,3.0,,,
Acholi,2020,second_season,soya_beans,1,ridge,raw,raw,0.8621074636111007,1.515235057889098,2.1075068827579884,2.930292181557787,0.8621074636111007,1.515235057889098,-2.651702429823979,5.6821725456021746,4.166937487713077,0.1,56.0,3.0,,,
Acholi,2020,second_season,sweet_potatoes,1,ridge,raw,raw,14.728567574673178,4.1325884712595915,2.1075068827579884,5.983658411491209,14.728567574673178,4.1325884712595915,-0.034349016453485426,8.29952595897267,4.166937487713077,0.1,56.0,3.0,,,
North Buganda,2020,first_season,beans,1,ridge,raw,raw,0.6433017110440628,2.0448288885389356,2.1075068827579884,0.7986540097128687,0.6433017110440628,2.0448288885389356,-2.1221085991741413,6.2117663762520126,4.166937487713077,0.1,56.0,3.0,,,
North Buganda,2020,first_season,groundnuts,1,ridge,raw,raw,0.4198664546099319,1.315898272954251,2.1075068827579884,0.5687183500759414,0.4198664546099319,1.315898272954251,-2.851039214758826,5.482835760667328,4.166937487713077,0.1,56.0,3.0,,,
North Buganda,2020,first_season,irish_potatoes,1,ridge,raw,raw,3.149663292713082,3.279376316759169,2.1075068827579884,4.440832751461744,3.149663292713082,3.279376316759169,-0.8875611709539077,7.446313804472246,4.166937487713077,0.1,56.0,3.0,,,
North Buganda,2020,first_season,maize,1,ridge,raw,raw,2.169407944352197,2.7153107199305384,2.1075068827579884,2.7363424889537766,2.169407944352197,2.7153107199305384,-1.4516267677825385,6.882248207643615,4.166937487713077,0.1,56.0,3.0,,,
North Buganda,2020,first_season,millet,1,ridge,raw,raw,0.493228260930458,1.4175149870546426,2.1075068827579884,0.6354044224045948,0.493228260930458,1.4175149870546426,-2.7494225006584343,5.584452474767719,4.166937487713077,0.1,56.0,3.0,,,
North Buganda,2020,first_season,rice,1,ridge,raw,raw,1.0029754145357688,2.1292488760010206,2.1075068827579884,1.7589076363956022,1.0029754145357688,2.1292488760010206,-2.0376886117120563,6.296186363714098,4.166937487713077,0.1,56.0,3.0,,,
North Buganda,2020,first_season,simsim,1,ridge,raw,raw,0.1854698986731419,1.473527309902418,2.1075068827579884,0.3999465592781099,0.1854698986731419,1.473527309902418,-2.6934101778106587,5.640464797615495,4.166937487713077,0.1,56.0,3.0,,,
North Buganda,2020,first_season,sorghum,1,ridge,raw,raw,0.0988630737950738,1.8441635954251452,2.1075068827579884,1.3246497888304674,0.0988630737950738,1.8441635954251452,-2.3227738922879317,6.011101083138222,4.166937487713077,0.1,56.0,3.0,,,
North Buganda,2020,first_season,soya_beans,1,ridge,raw,raw,0.4702301599548245,1.4759527986398,2.1075068827579884,2.930292181557787,0.4702301599548245,1.4759527986398,-2.690984689073277,5.642890286352877,4.166937487713077,0.1,56.0,3.0,,,
North Buganda,2020,first_season,sweet_potatoes,1,ridge,raw,raw,2.687525566046792,4.093306212010293,2.1075068827579884,5.983658411491209,2.687525566046792,4.093306212010293,-0.07363127570278394,8.26024369972337,4.166937487713077,0.1,56.0,3.0,,,
North Buganda,2020,second_season,beans,1,ridge,raw,raw,0.9823435270848496,2.4111547035402605,2.1075068827579884,0.7986540097128687,0.9823435270848496,2.4111547035402605,-1.7557827841728164,6.578092191253337,4.166937487713077,0.1,56.0,3.0,,,
North Buganda,2020,second_season,groundnuts,1,ridge,raw,raw,0.6052217822979895,1.682224087955576,2.1075068827579884,0.5687183500759414,0.6052217822979895,1.682224087955576,-2.484713399757501,5.849161575668653,4.166937487713077,0.1,56.0,3.0,,,
North Buganda,2020,second_season,irish_potatoes,1,ridge,raw,raw,6.482172439710905,3.645702131760494,2.1075068827579884,4.440832751461744,6.482172439710905,3.645702131760494,-0.5212353559525829,7.812639619473571,4.166937487713077,0.1,56.0,3.0,,,
North Buganda,2020,second_season,maize,1,ridge,raw,raw,2.6867403311215865,3.0816365349318637,2.1075068827579884,2.7363424889537766,2.6867403311215865,3.0816365349318637,-1.0853009527812132,7.248574022644941,4.166937487713077,0.1,56.0,3.0,,,
North Buganda,2020,second_season,millet,1,ridge,raw,raw,0.7672214167665391,1.7838408020559675,2.1075068827579884,0.6354044224045948,0.7672214167665391,1.7838408020559675,-2.3830966856571094,5.950778289769044,4.166937487713077,0.1,56.0,3.0,,,
North Buganda,2020,second_season,rice,1,ridge,raw,raw,0.7664154644961585,2.4955746910023455,2.1075068827579884,1.7589076363956022,0.7664154644961585,2.4955746910023455,-1.6713627967107314,6.6625121787154225,4.166937487713077,0.1,56.0,3.0,,,
North Buganda,2020,second_season,simsim,1,ridge,raw,raw,1.0617776543409592,1.8398531249037426,2.1075068827579884,0.3999465592781099,1.0617776543409592,1.8398531249037426,-2.3270843628093343,6.00679061261682,4.166937487713077,0.1,56.0,3.0,,,
North Buganda,2020,second_season,sorghum,1,ridge,raw,raw,3.8791100754366425,2.2104894104264705,2.1075068827579884,1.3246497888304674,3.8791100754366425,2.2104894104264705,-1.9564480772866064,6.377426898139547,4.166937487713077,0.1,56.0,3.0,,,
North Buganda,2020,second_season,soya_beans,1,ridge,raw,raw,0.4386972792209299,1.8422786136411249,2.1075068827579884,2.930292181557787,0.4386972792209299,1.8422786136411249,-2.324658874071952,6.009216101354202,4.166937487713077,0.1,56.0,3.0,,,
North Buganda,2020,second_season,sweet_potatoes,1,ridge,raw,raw,6.9509363188894655,4.459632027011618,2.1075068827579884,5.983658411491209,6.9509363188894655,4.459632027011618,0.29269453929854095,8.626569514724695,4.166937487713077,0.1,56.0,3.0,,,
Teso,2020,first_season,beans,1,ridge,raw,raw,0.4787820909269001,-0.14005978351920167,2.1075068827579884,0.7986540097128687,0.4787820909269001,-0.14005978351920167,-4.306997271232278,4.0268777041938755,4.166937487713077,0.1,56.0,3.0,,,
Teso,2020,first_season,groundnuts,1,ridge,raw,raw,0.3687334249789069,-0.8689903991038859,2.1075068827579884,0.5687183500759414,0.3687334249789069,-0.8689903991038859,-5.035927886816963,3.297947088609191,4.166937487713077,0.1,56.0,3.0,,,
Teso,2020,first_season,maize,1,ridge,raw,raw,1.3718829183654722,0.5304220478724011,2.1075068827579884,2.7363424889537766,1.3718829183654722,0.5304220478724011,-3.636515439840676,4.697359535585478,4.166937487713077,0.1,56.0,3.0,,,
Teso,2020,first_season,millet,1,ridge,raw,raw,0.2266117956037198,-0.7673736850034947,2.1075068827579884,0.6354044224045948,0.2266117956037198,-0.7673736850034947,-4.934311172716572,3.399563802709582,4.166937487713077,0.1,56.0,3.0,,,
Teso,2020,first_season,rice,1,ridge,raw,raw,1.3123638688539283,-0.055639796057116664,2.1075068827579884,1.7589076363956022,1.3123638688539283,-0.055639796057116664,-4.222577283770193,4.1112976916559605,4.166937487713077,0.1,56.0,3.0,,,
Teso,2020,first_season,simsim,1,ridge,raw,raw,0.3758526836726521,-0.7113613621557195,2.1075068827579884,0.3999465592781099,0.3758526836726521,-0.7113613621557195,-4.878298849868797,3.455576125557357,4.166937487713077,0.1,56.0,3.0,,,
Teso,2020,first_season,sorghum,1,ridge,raw,raw,0.6439380500075159,-0.3407250766329921,2.1075068827579884,1.3246497888304674,0.6439380500075159,-0.3407250766329921,-4.507662564346069,3.8262124110800846,4.166937487713077,0.1,56.0,3.0,,,
Teso,2020,first_season,soya_beans,1,ridge,raw,raw,0.4286664418152572,-0.7089358734183373,2.1075068827579884,2.930292181557787,0.4286664418152572,-0.7089358734183373,-4.875873361131414,3.45800161429474,4.166937487713077,0.1,56.0,3.0,,,
Teso,2020,first_season,sweet_potatoes,1,ridge,raw,raw,2.3919434486183864,1.9084175399521561,2.1075068827579884,5.983658411491209,2.3919434486183864,1.9084175399521561,-2.258519947760921,6.075355027665233,4.166937487713077,0.1,56.0,3.0,,,
Teso,2020,second_season,beans,1,ridge,raw,raw,0.7279249098775472,1.3235319503396046,2.1075068827579884,0.7986540097128687,0.7279249098775472,1.3235319503396046,-2.8434055373734726,5.490469438052681,4.166937487713077,0.1,56.0,3.0,,,
Teso,2020,second_season,groundnuts,1,ridge,raw,raw,0.4313168954422955,0.5946013347549199,2.1075068827579884,0.5687183500759414,0.4313168954422955,0.5946013347549199,-3.572336152958157,4.761538822467997,4.166937487713077,0.1,56.0,3.0,,,
Teso,2020,second_season,maize,1,ridge,raw,raw,1.540156423059482,1.9940137817312074,2.1075068827579884,2.7363424889537766,1.540156423059482,1.9940137817312074,-2.1729237059818693,6.1609512694442845,4.166937487713077,0.1,56.0,3.0,,,
Teso,2020,second_season,millet,1,ridge,raw,raw,0.3557264962514397,0.6962180488553114,2.1075068827579884,0.6354044224045948,0.3557264962514397,0.6962180488553114,-3.4707194388577656,4.863155536568389,4.166937487713077,0.1,56.0,3.0,,,
Teso,2020,second_season,rice,1,ridge,raw,raw,1.0709719442643844,1.4079519378016896,2.1075068827579884,1.7589076363956022,1.0709719442643844,1.4079519378016896,-2.7589855499113876,5.574889425514766,4.166937487713077,0.1,56.0,3.0,,,
Teso,2020,second_season,simsim,1,ridge,raw,raw,0.6034722059137033,0.7522303717030867,2.1075068827579884,0.3999465592781099,0.6034722059137033,0.7522303717030867,-3.41470711600999,4.919167859416164,4.166937487713077,0.1,56.0,3.0,,,
Teso,2020,second_season,sorghum,1,ridge,raw,raw,1.141258363083009,1.1228666572258141,2.1075068827579884,1.3246497888304674,1.141258363083009,1.1228666572258141,-3.0440708304872626,5.289804144938891,4.166937487713077,0.1,56.0,3.0,,,
Teso,2020,second_season,soya_beans,1,ridge,raw,raw,0.5653018244408415,0.754655860440469,2.1075068827579884,2.930292181557787,0.5653018244408415,0.754655860440469,-3.412281627272608,4.921593348153546,4.166937487713077,0.1,56.0,3.0,,,
Teso,2020,second_season,sweet_potatoes,1,ridge,raw,raw,4.986556877001546,3.3720092738109626,2.1075068827579884,5.983658411491209,4.986556877001546,3.3720092738109626,-0.7949282139021143,7.5389467615240395,4.166937487713077,0.1,56.0,3.0,,,
Elgon,2020,first_season,beans,2,ridge,raw,raw,0.6700120852270204,3.9469794780525382,1.954636271112969,0.800459608567741,0.6700120852270204,3.9469794780525382,1.1780409371686678,6.715918018936408,2.7689385408838705,0.1,54.0,3.0,,,
Elgon,2020,first_season,groundnuts,2,ridge,raw,raw,0.4950587775158489,3.070279724372467,1.954636271112969,0.5508650616816889,0.4950587775158489,3.070279724372467,0.3013411834885966,5.839218265256338,2.7689385408838705,0.1,54.0,3.0,,,
Elgon,2020,first_season,irish_potatoes,2,ridge,raw,raw,4.522840340241605,4.525249343584898,1.954636271112969,4.160319420588475,4.522840340241605,4.525249343584898,1.7563108027010275,7.294187884468768,2.7689385408838705,0.1,54.0,3.0,,,
Elgon,2020,first_season,maize,2,ridge,raw,raw,2.591624259545572,4.319040216258849,1.954636271112969,2.445749569645221,2.591624259545572,4.319040216258849,1.5501016753749788,7.08797875714272,2.7689385408838705,0.1,54.0,3.0,,,
Elgon,2020,first_season,millet,2,ridge,raw,raw,0.6858292042822013,3.0584404500799605,1.954636271112969,0.588523876879771,0.6858292042822013,3.0584404500799605,0.28950190919609,5.827378990963831,2.7689385408838705,0.1,54.0,3.0,,,
Elgon,2020,first_season,rice,2,ridge,raw,raw,2.403967673511646,3.8388140023481347,1.954636271112969,1.5849672137717488,2.403967673511646,3.8388140023481347,1.0698754614642643,6.607752543232005,2.7689385408838705,0.1,54.0,3.0,,,
Elgon,2020,first_season,simsim,2,ridge,raw,raw,1.0133465202105196,3.4859341809885875,1.954636271112969,0.4194896280774281,1.0133465202105196,3.4859341809885875,0.7169956401047171,6.254872721872458,2.7689385408838705,0.1,54.0,3.0,,,
Elgon,2020,first_season,sorghum,2,ridge,raw,raw,2.370934481096649,3.3730221051040976,1.954636271112969,1.1729743338682894,2.370934481096649,3.3730221051040976,0.6040835642202271,6.141960645987968,2.7689385408838705,0.1,54.0,3.0,,,
Elgon,2020,first_season,soya_beans,2,ridge,raw,raw,0.5911363692957547,5.100153248716989,1.954636271112969,2.9108857754523334,0.5911363692957547,5.100153248716989,2.3312147078331185,7.869091789600859,2.7689385408838705,0.1,54.0,3.0,,,
Elgon,2020,first_season,sweet_potatoes,2,ridge,raw,raw,3.151255842827831,6.377315506044505,1.954636271112969,5.708455116324331,3.151255842827831,6.377315506044505,3.6083769651606348,9.146254046928377,2.7689385408838705,0.1,54.0,3.0,,,
Elgon,2020,second_season,beans,2,ridge,raw,raw,0.653829971282899,6.87873952406691,1.954636271112969,0.800459608567741,0.653829971282899,6.87873952406691,4.10980098318304,9.647678064950782,2.7689385408838705,0.1,54.0,3.0,,,
Elgon,2020,second_season,groundnuts,2,ridge,raw,raw,0.7530910039174339,6.002039770386839,1.954636271112969,0.5508650616816889,0.7530910039174339,6.002039770386839,3.233101229502968,8.77097831127071,2.7689385408838705,0.1,54.0,3.0,,,
Elgon,2020,second_season,irish_potatoes,2,ridge,raw,raw,9.66384795722705,7.4570093895992695,1.954636271112969,4.160319420588475,9.66384795722705,7.4570093895992695,4.688070848715399,10.22594793048314,2.7689385408838705,0.1,54.0,3.0,,,
Elgon,2020,second_season,maize,2,ridge,raw,raw,3.423349924580549,7.250800262273222,1.954636271112969,2.445749569645221,3.423349924580549,7.250800262273222,4.481861721389351,10.019738803157093,2.7689385408838705,0.1,54.0,3.0,,,
Elgon,2020,second_season,rice,2,ridge,raw,raw,0.9781169963836972,6.770574048362507,1.954636271112969,1.5849672137717488,0.9781169963836972,6.770574048362507,4.001635507478636,9.539512589246378,2.7689385408838705,0.1,54.0,3.0,,,
Elgon,2020,second_season,simsim,2,ridge,raw,raw,0.1853682631467308,6.4176942270029596,1.954636271112969,0.4194896280774281,0.1853682631467308,6.4176942270029596,3.648755686119089,9.186632767886831,2.7689385408838705,0.1,54.0,3.0,,,
Elgon,2020,second_season,sorghum,2,ridge,raw,raw,3.258267391159824,6.30478215111847,1.954636271112969,1.1729743338682894,3.258267391159824,6.30478215111847,3.5358436102345996,9.07372069200234,2.7689385408838705,0.1,54.0,3.0,,,
Elgon,2020,second_season,soya_beans,2,ridge,raw,raw,0.4261906725861129,8.03191329473136,1.954636271112969,2.9108857754523334,0.4261906725861129,8.03191329473136,5.26297475384749,10.80085183561523,2.7689385408838705,0.1,54.0,3.0,,,
Elgon,2020,second_season,sweet_potatoes,2,ridge,raw,raw,3.5591777349294857,9.309075552058877,1.954636271112969,5.708455116324331,3.5591777349294857,9.309075552058877,6.540137011175006,12.078014092942748,2.7689385408838705,0.1,54.0,3.0,,,
Lango,2020,first_season,beans,2,ridge,raw,raw,0.4538514483659436,1.4285027054794532,1.954636271112969,0.800459608567741,0.4538514483659436,1.4285027054794532,-1.3404358354044172,4.197441246363324,2.7689385408838705,0.1,54.0,3.0,,,
Lango,2020,first_season,groundnuts,2,ridge,raw,raw,0.3602760666772656,0.5518029517993821,1.954636271112969,0.5508650616816889,0.3602760666772656,0.5518029517993821,-2.2171355890844886,3.3207414926832524,2.7689385408838705,0.1,54.0,3.0,,,
Lango,2020,first_season,maize,2,ridge,raw,raw,1.5321273000173696,1.8005634436857643,1.954636271112969,2.445749569645221,1.5321273000173696,1.8005634436857643,-0.9683750971981062,4.5695019845696345,2.7689385408838705,0.1,54.0,3.0,,,
Lango,2020,first_season,millet,2,ridge,raw,raw,0.3245909082180683,0.5399636775068757,1.954636271112969,0.588523876879771,0.3245909082180683,0.5399636775068757,-2.228974863376995,3.308902218390746,2.7689385408838705,0.1,54.0,3.0,,,
Lango,2020,first_season,rice,2,ridge,raw,raw,1.0257917523061892,1.3203372297750495,1.954636271112969,1.5849672137717488,1.0257917523061892,1.3203372297750495,-1.448601311108821,4.0892757706589205,2.7689385408838705,0.1,54.0,3.0,,,
Lango,2020,first_season,simsim,2,ridge,raw,raw,0.3598602384189452,0.9674574084155025,1.954636271112969,0.4194896280774281,0.3598602384189452,0.9674574084155025,-1.801481132468368,3.7363959492993732,2.7689385408838705,0.1,54.0,3.0,,,
Lango,2020,first_season,sorghum,2,ridge,raw,raw,0.5398912763008505,0.8545453325310127,1.954636271112969,1.1729743338682894,0.5398912763008505,0.8545453325310127,-1.9143932083528576,3.6234838734148833,2.7689385408838705,0.1,54.0,3.0,,,
Lango,2020,first_season,soya_beans,2,ridge,raw,raw,0.6956216106623382,2.5816764761439037,1.954636271112969,2.9108857754523334,0.6956216106623382,2.5816764761439037,-0.18726206473996676,5.350615017027774,2.7689385408838705,0.1,54.0,3.0,,,
Lango,2020,first_season,sweet_potatoes,2,ridge,raw,raw,4.627154243214652,3.8588387334714196,1.954636271112969,5.708455116324331,4.627154243214652,3.8588387334714196,1.089900192587549,6.6277772743552905,2.7689385408838705,0.1,54.0,3.0,,,
Lango,2020,second_season,beans,2,ridge,raw,raw,0.9979898086925608,2.434525389506769,1.954636271112969,0.800459608567741,0.9979898086925608,2.434525389506769,-0.3344131513771016,5.203463930390639,2.7689385408838705,0.1,54.0,3.0,,,
Lango,2020,second_season,groundnuts,2,ridge,raw,raw,0.6658246650132922,1.5578256358266978,1.954636271112969,0.5508650616816889,0.6658246650132922,1.5578256358266978,-1.2111129050571727,4.326764176710569,2.7689385408838705,0.1,54.0,3.0,,,
Lango,2020,second_season,maize,2,ridge,raw,raw,2.9489717758099068,2.80658612771308,1.954636271112969,2.445749569645221,2.9489717758099068,2.80658612771308,0.037647586829209434,5.57552466859695,2.7689385408838705,0.1,54.0,3.0,,,
Lango,2020,second_season,millet,2,ridge,raw,raw,0.359162009295794,1.5459863615341913,1.954636271112969,0.588523876879771,0.359162009295794,1.5459863615341913,-1.2229521793496791,4.314924902418062,2.7689385408838705,0.1,54.0,3.0,,,
Lango,2020,second_season,rice,2,ridge,raw,raw,1.516949718283846,2.3263599138023654,1.954636271112969,1.5849672137717488,1.516949718283846,2.3263599138023654,-0.4425786270815051,5.095298454686236,2.7689385408838705,0.1,54.0,3.0,,,
Lango,2020,second_season,simsim,2,ridge,raw,raw,0.4067343534390761,1.9734800924428182,1.954636271112969,0.4194896280774281,0.4067343534390761,1.9734800924428182,-0.7954584484410523,4.742418633326689,2.7689385408838705,0.1,54.0,3.0,,,
Lango,2020,second_season,sorghum,2,ridge,raw,raw,2.142946828492448,1.8605680165583285,1.954636271112969,1.1729743338682894,2.142946828492448,1.8605680165583285,-0.908370524325542,4.629506557442199,2.7689385408838705,0.1,54.0,3.0,,,
Lango,2020,second_season,soya_beans,2,ridge,raw,raw,1.5236675808652385,3.587699160171219,1.954636271112969,2.9108857754523334,1.5236675808652385,3.587699160171219,0.8187606192873487,6.35663770105509,2.7689385408838705,0.1,54.0,3.0,,,
Lango,2020,second_season,sweet_potatoes,2,ridge,raw,raw,14.045356396131783,4.8648614174987355,1.954636271112969,5.708455116324331,14.045356396131783,4.8648614174987355,2.095922876614865,7.633799958382606,2.7689385408838705,0.1,54.0,3.0,,,
Tooro,2020,first_season,beans,2,ridge,raw,raw,0.5714159022282193,1.8424632131460292,1.954636271112969,0.800459608567741,0.5714159022282193,1.8424632131460292,-0.9264753277378412,4.6114017540299,2.7689385408838705,0.1,54.0,3.0,,,
Tooro,2020,first_season,groundnuts,2,ridge,raw,raw,0.4788089757102604,0.965763459465958,1.954636271112969,0.5508650616816889,0.4788089757102604,0.965763459465958,-1.8031750814179124,3.7347020003498286,2.7689385408838705,0.1,54.0,3.0,,,
Tooro,2020,first_season,irish_potatoes,2,ridge,raw,raw,2.602443195405729,2.420733078678389,1.954636271112969,4.160319420588475,2.602443195405729,2.420733078678389,-0.34820546220548154,5.18967161956226,2.7689385408838705,0.1,54.0,3.0,,,
Tooro,2020,first_season,maize,2,ridge,raw,raw,3.0038294115831783,2.2145239513523403,1.954636271112969,2.445749569645221,3.0038294115831783,2.2145239513523403,-0.5544145895315302,4.98346249223621,2.7689385408838705,0.1,54.0,3.0,,,
Tooro,2020,first_season,millet,2,ridge,raw,raw,0.4632153663470989,0.9539241851734517,1.954636271112969,0.588523876879771,0.4632153663470989,0.9539241851734517,-1.8150143557104188,3.722862726057322,2.7689385408838705,0.1,54.0,3.0,,,
Tooro,2020,first_season,rice,2,ridge,raw,raw,1.3679142770311534,1.7342977374416255,1.954636271112969,1.5849672137717488,1.3679142770311534,1.7342977374416255,-1.034640803442245,4.503236278325496,2.7689385408838705,0.1,54.0,3.0,,,
Tooro,2020,first_season,simsim,2,ridge,raw,raw,0.2778595226860031,1.3814179160820785,1.954636271112969,0.4194896280774281,0.2778595226860031,1.3814179160820785,-1.387520624801792,4.150356456965949,2.7689385408838705,0.1,54.0,3.0,,,
Tooro,2020,first_season,sorghum,2,ridge,raw,raw,0.5962480462055857,1.268505840197589,1.954636271112969,1.1729743338682894,0.5962480462055857,1.268505840197589,-1.5004327006862814,4.0374443810814595,2.7689385408838705,0.1,54.0,3.0,,,
Tooro,2020,first_season,soya_beans,2,ridge,raw,raw,0.4113045140407508,2.9956369838104795,1.954636271112969,2.9108857754523334,0.4113045140407508,2.9956369838104795,0.226698442926609,5.76457552469435,2.7689385408838705,0.1,54.0,3.0,,,
Tooro,2020,first_season,sweet_potatoes,2,ridge,raw,raw,2.031705860523254,4.272799241137996,1.954636271112969,5.708455116324331,2.031705860523254,4.272799241137996,1.5038607002541253,7.041737782021866,2.7689385408838705,0.1,54.0,3.0,,,
Tooro,2020,second_season,beans,2,ridge,raw,raw,1.1835686146592244,3.5337991100885917,1.954636271112969,0.800459608567741,1.1835686146592244,3.5337991100885917,0.7648605692047212,6.302737650972462,2.7689385408838705,0.1,54.0,3.0,,,
Tooro,2020,second_season,groundnuts,2,ridge,raw,raw,0.8188652144271537,2.65709935640852,1.954636271112969,0.5508650616816889,0.8188652144271537,2.65709935640852,-0.11183918447535035,5.426037897292391,2.7689385408838705,0.1,54.0,3.0,,,
Tooro,2020,second_season,irish_potatoes,2,ridge,raw,raw,5.09052971295232,4.112068975620952,1.954636271112969,4.160319420588475,5.09052971295232,4.112068975620952,1.3431304347370814,6.881007516504822,2.7689385408838705,0.1,54.0,3.0,,,
Tooro,2020,second_season,maize,2,ridge,raw,raw,4.280134298861752,3.9058598482949027,1.954636271112969,2.445749569645221,4.280134298861752,3.9058598482949027,1.1369213074110323,6.674798389178774,2.7689385408838705,0.1,54.0,3.0,,,
Tooro,2020,second_season,millet,2,ridge,raw,raw,1.0445138088407484,2.645260082116014,1.954636271112969,0.588523876879771,1.0445138088407484,2.645260082116014,-0.12367845876785655,5.414198622999884,2.7689385408838705,0.1,54.0,3.0,,,
Tooro,2020,second_season,rice,2,ridge,raw,raw,2.631104714179096,3.4256336343841878,1.954636271112969,1.5849672137717488,2.631104714179096,3.4256336343841878,0.6566950935003173,6.194572175268059,2.7689385408838705,0.1,54.0,3.0,,,
Tooro,2020,second_season,simsim,2,ridge,raw,raw,0.3096258716658019,3.072753813024641,1.954636271112969,0.4194896280774281,0.3096258716658019,3.072753813024641,0.30381527214077053,5.8416923539085115,2.7689385408838705,0.1,54.0,3.0,,,
Tooro,2020,second_season,sorghum,2,ridge,raw,raw,1.958342814699392,2.959841737140151,1.954636271112969,1.1729743338682894,1.958342814699392,2.959841737140151,0.1909031962562806,5.728780278024022,2.7689385408838705,0.1,54.0,3.0,,,
Tooro,2020,second_season,soya_beans,2,ridge,raw,raw,0.5816289868880459,4.686972880753043,1.954636271112969,2.9108857754523334,0.5816289868880459,4.686972880753043,1.9180343398691724,7.455911421636913,2.7689385408838705,0.1,54.0,3.0,,,
Tooro,2020,second_season,sweet_potatoes,2,ridge,raw,raw,17.19569748995181,5.964135138080559,1.954636271112969,5.708455116324331,17.19569748995181,5.964135138080559,3.1951965971966887,8.73307367896443,2.7689385408838705,0.1,54.0,3.0,,,
Ankole,2020,first_season,beans,3,ridge,raw,raw,0.7107039593083359,-0.7025077561244599,2.0662856437501507,0.7992436624389453,0.7107039593083359,-0.7025077561244599,-4.6540410495392885,3.2490255372903682,3.9515332934148284,0.1,52.0,3.0,,,
Ankole,2020,first_season,groundnuts,3,ridge,raw,raw,0.4892093570559104,-1.6265328288449294,2.0662856437501507,0.5683245101391033,0.4892093570559104,-1.6265328288449294,-5.578066122259758,2.325000464569899,3.9515332934148284,0.1,52.0,3.0,,,
Ankole,2020,first_season,irish_potatoes,3,ridge,raw,raw,2.6066656470507263,0.5930049810898261,2.0662856437501507,4.967854759378325,2.6066656470507263,0.5930049810898261,-3.358528312325002,4.544538274504655,3.9515332934148284,0.1,52.0,3.0,,,
Ankole,2020,first_season,maize,3,ridge,raw,raw,2.2911775934330265,-0.25150886711124465,2.0662856437501507,2.5683997769092572,2.2911775934330265,-0.25150886711124465,-4.203042160526073,3.7000244263035835,3.9515332934148284,0.1,52.0,3.0,,,
Ankole,2020,first_season,millet,3,ridge,raw,raw,1.2807764204080456,-1.61045141818763,2.0662856437501507,0.49735850693119044,1.2807764204080456,-1.61045141818763,-5.5619847116024586,2.3410818752271982,3.9515332934148284,0.1,52.0,3.0,,,
Ankole,2020,first_season,sorghum,3,ridge,raw,raw,0.660753068253978,-1.0897975037382863,2.0662856437501507,1.4121707856008021,0.660753068253978,-1.0897975037382863,-5.0413307971531145,2.8617357896765423,3.9515332934148284,0.1,52.0,3.0,,,
Ankole,2020,first_season,soya_beans,3,ridge,raw,raw,0.3377821773864262,0.177090340690494,2.0662856437501507,2.823781736252928,0.3377821773864262,0.177090340690494,-3.7744429527243346,4.128623634105322,3.9515332934148284,0.1,52.0,3.0,,,
Ankole,2020,first_season,sweet_potatoes,3,ridge,raw,raw,4.329712242698299,1.6590039842642266,2.0662856437501507,6.104335473351614,4.329712242698299,1.6590039842642266,-2.292529309150602,5.610537277679055,3.9515332934148284,0.1,52.0,3.0,,,
Ankole,2020,second_season,beans,3,ridge,raw,raw,1.3411688832335629,3.5837069058195423,2.0662856437501507,0.7992436624389453,1.3411688832335629,3.5837069058195423,-0.3678263875952861,7.535240199234371,3.9515332934148284,0.1,52.0,3.0,,,
Ankole,2020,second_season,groundnuts,3,ridge,raw,raw,0.556144731073507,2.6596818330990732,2.0662856437501507,0.5683245101391033,0.556144731073507,2.6596818330990732,-1.2918514603157552,6.611215126513901,3.9515332934148284,0.1,52.0,3.0,,,
Ankole,2020,second_season,irish_potatoes,3,ridge,raw,raw,4.840624253728912,4.879219643033828,2.0662856437501507,4.967854759378325,4.840624253728912,4.879219643033828,0.9276863496189995,8.830752936448656,3.9515332934148284,0.1,52.0,3.0,,,
Ankole,2020,second_season,maize,3,ridge,raw,raw,4.746403988018382,4.034705794832758,2.0662856437501507,2.5683997769092572,4.746403988018382,4.034705794832758,0.0831725014179292,7.986239088247586,3.9515332934148284,0.1,52.0,3.0,,,
Ankole,2020,second_season,millet,3,ridge,raw,raw,0.7193080425140036,2.6757632437563723,2.0662856437501507,0.49735850693119044,0.7193080425140036,2.6757632437563723,-1.275770049658456,6.627296537171201,3.9515332934148284,0.1,52.0,3.0,,,
Ankole,2020,second_season,sorghum,3,ridge,raw,raw,1.8183667473252825,3.1964171582057164,2.0662856437501507,1.4121707856008021,1.8183667473252825,3.1964171582057164,-0.755116135209112,7.147950451620545,3.9515332934148284,0.1,52.0,3.0,,,
Ankole,2020,second_season,sweet_potatoes,3,ridge,raw,raw,7.086512596688682,5.945218646208229,2.0662856437501507,6.104335473351614,7.086512596688682,5.945218646208229,1.9936853527934004,9.896751939623057,3.9515332934148284,0.1,52.0,3.0,,,
Bukedi,2020,first_season,beans,3,ridge,raw,raw,0.5175817230094646,1.6543831974047154,2.0662856437501507,0.7992436624389453,0.5175817230094646,1.6543831974047154,-2.297150096010113,5.605916490819544,3.9515332934148284,0.1,52.0,3.0,,,
Bukedi,2020,first_season,groundnuts,3,ridge,raw,raw,0.4770632662036267,0.7303581246842461,2.0662856437501507,0.5683245101391033,0.4770632662036267,0.7303581246842461,-3.221175168730582,4.681891418099075,3.9515332934148284,0.1,52.0,3.0,,,
Bukedi,2020,first_season,maize,3,ridge,raw,raw,1.5470171390615697,2.105382086417931,2.0662856437501507,2.5683997769092572,1.5470171390615697,2.105382086417931,-1.8461512069968973,6.056915379832759,3.9515332934148284,0.1,52.0,3.0,,,
Bukedi,2020,first_season,millet,3,ridge,raw,raw,0.4272092427017133,0.7464395353415452,2.0662856437501507,0.49735850693119044,0.4272092427017133,0.7464395353415452,-3.205093758073283,4.697972828756374,3.9515332934148284,0.1,52.0,3.0,,,
Bukedi,2020,first_season,rice,3,ridge,raw,raw,1.3882164630489435,1.3965368504152957,2.0662856437501507,1.63417854787639,1.3882164630489435,1.3965368504152957,-2.5549964429995327,5.348070143830125,3.9515332934148284,0.1,52.0,3.0,,,
Bukedi,2020,first_season,simsim,3,ridge,raw,raw,0.3317125177589506,0.9955264827184175,2.0662856437501507,0.4267172973635351,0.3317125177589506,0.9955264827184175,-2.956006810696411,4.947059776133246,3.9515332934148284,0.1,52.0,3.0,,,
Bukedi,2020,first_season,sorghum,3,ridge,raw,raw,0.5913910230747661,1.2670934497908894,2.0662856437501507,1.4121707856008021,0.5913910230747661,1.2670934497908894,-2.684439843623939,5.218626743205718,3.9515332934148284,0.1,52.0,3.0,,,
Bukedi,2020,first_season,soya_beans,3,ridge,raw,raw,0.4175993889818736,2.5339812942196693,2.0662856437501507,2.823781736252928,0.4175993889818736,2.5339812942196693,-1.417551999195159,6.485514587634498,3.9515332934148284,0.1,52.0,3.0,,,
Bukedi,2020,first_season,sweet_potatoes,3,ridge,raw,raw,2.6225674475211567,4.015894937793402,2.0662856437501507,6.104335473351614,2.6225674475211567,4.015894937793402,0.06436164437857395,7.967428231208231,3.9515332934148284,0.1,52.0,3.0,,,
Bukedi,2020,second_season,beans,3,ridge,raw,raw,0.7056484947012807,-0.08150199727171237,2.0662856437501507,0.7992436624389453,0.7056484947012807,-0.08150199727171237,-4.0330352906865405,3.8700312961431163,3.9515332934148284,0.1,52.0,3.0,,,
Bukedi,2020,second_season,groundnuts,3,ridge,raw,raw,0.5641103408681046,-1.0055270699921819,2.0662856437501507,0.5683245101391033,0.5641103408681046,-1.0055270699921819,-4.9570603634070105,2.9460062234226463,3.9515332934148284,0.1,52.0,3.0,,,
Bukedi,2020,second_season,maize,3,ridge,raw,raw,2.5941966847486744,0.3694968917415029,2.0662856437501507,2.5683997769092572,2.5941966847486744,0.3694968917415029,-3.5820364016733253,4.3210301851563315,3.9515332934148284,0.1,52.0,3.0,,,
Bukedi,2020,second_season,millet,3,ridge,raw,raw,2.0388508171880413,-0.9894456593348824,2.0662856437501507,0.49735850693119044,2.0388508171880413,-0.9894456593348824,-4.9409789527497106,2.9620876340799462,3.9515332934148284,0.1,52.0,3.0,,,
Bukedi,2020,second_season,rice,3,ridge,raw,raw,1.4277627442802343,-0.33934834426113203,2.0662856437501507,1.63417854787639,1.4277627442802343,-0.33934834426113203,-4.290881637675961,3.612184949153696,3.9515332934148284,0.1,52.0,3.0,,,
Bukedi,2020,second_season,simsim,3,ridge,raw,raw,0.3924463982333242,-0.7403587119580102,2.0662856437501507,0.4267172973635351,0.3924463982333242,-0.7403587119580102,-4.691892005372838,3.2111745814568184,3.9515332934148284,0.1,52.0,3.0,,,
Bukedi,2020,second_season,sorghum,3,ridge,raw,raw,0.8805407710527358,-0.4687917448855383,2.0662856437501507,1.4121707856008021,0.8805407710527358,-0.4687917448855383,-4.4203250383003665,3.4827415485292903,3.9515332934148284,0.1,52.0,3.0,,,
Bukedi,2020,second_season,soya_beans,3,ridge,raw,raw,0.8286553858983726,0.7980960995432416,2.0662856437501507,2.823781736252928,0.8286553858983726,0.7980960995432416,-3.1534371938715866,4.74962939295807,3.9515332934148284,0.1,52.0,3.0,,,
Bukedi,2020,second_season,sweet_potatoes,3,ridge,raw,raw,6.335755329287477,2.280009743116974,2.0662856437501507,6.104335473351614,6.335755329287477,2.280009743116974,-1.6715235502978545,6.231543036531802,3.9515332934148284,0.1,52.0,3.0,,,
West Nile,2020,first_season,beans,3,ridge,raw,raw,0.5251432400895707,1.1494900750022932,2.0662856437501507,0.7992436624389453,0.5251432400895707,1.1494900750022932,-2.8020432184125355,5.101023368417121,3.9515332934148284,0.1,52.0,3.0,,,
West Nile,2020,first_season,groundnuts,3,ridge,raw,raw,0.4055485017270916,0.22546500228182365,2.0662856437501507,0.5683245101391033,0.4055485017270916,0.22546500228182365,-3.7260682911330045,4.176998295696652,3.9515332934148284,0.1,52.0,3.0,,,
West Nile,2020,first_season,irish_potatoes,3,ridge,raw,raw,1.4211566881060225,2.4450028122165794,2.0662856437501507,4.967854759378325,1.4211566881060225,2.4450028122165794,-1.506530481198249,6.396536105631408,3.9515332934148284,0.1,52.0,3.0,,,
West Nile,2020,first_season,maize,3,ridge,raw,raw,1.2660956469166913,1.6004889640155084,2.0662856437501507,2.5683997769092572,1.2660956469166913,1.6004889640155084,-2.35104432939932,5.552022257430337,3.9515332934148284,0.1,52.0,3.0,,,
West Nile,2020,first_season,millet,3,ridge,raw,raw,0.2167646962160385,0.24154641293912316,2.0662856437501507,0.49735850693119044,0.2167646962160385,0.24154641293912316,-3.7099868804757055,4.193079706353951,3.9515332934148284,0.1,52.0,3.0,,,
West Nile,2020,first_season,rice,3,ridge,raw,raw,1.4018188844017143,0.8916437280128735,2.0662856437501507,1.63417854787639,1.4018188844017143,0.8916437280128735,-3.0598895654019547,4.843177021427702,3.9515332934148284,0.1,52.0,3.0,,,
West Nile,2020,first_season,simsim,3,ridge,raw,raw,0.4766810107273866,0.49063336031599536,2.0662856437501507,0.4267172973635351,0.4766810107273866,0.49063336031599536,-3.4608999330988333,4.4421666537308235,3.9515332934148284,0.1,52.0,3.0,,,
West Nile,2020,first_season,sorghum,3,ridge,raw,raw,0.391054248417342,0.7622003273884672,2.0662856437501507,1.4121707856008021,0.391054248417342,0.7622003273884672,-3.1893329660263614,4.713733620803295,3.9515332934148284,0.1,52.0,3.0,,,
West Nile,2020,first_season,soya_beans,3,ridge,raw,raw,0.8717117441917551,2.0290881718172473,2.0662856437501507,2.823781736252928,0.8717117441917551,2.0290881718172473,-1.922445121597581,5.980621465232076,3.9515332934148284,0.1,52.0,3.0,,,
West Nile,2020,first_season,sweet_potatoes,3,ridge,raw,raw,5.41252141626667,3.51100181539098,2.0662856437501507,6.104335473351614,5.41252141626667,3.51100181539098,-0.4405314780238485,7.462535108805808,3.9515332934148284,0.1,52.0,3.0,,,
West Nile,2020,second_season,beans,3,ridge,raw,raw,0.7559563988183644,1.4605889774428362,2.0662856437501507,0.7992436624389453,0.7559563988183644,1.4605889774428362,-2.4909443159719924,5.412122270857664,3.9515332934148284,0.1,52.0,3.0,,,
West Nile,2020,second_season,groundnuts,3,ridge,raw,raw,0.6957406402698985,0.5365639047223667,2.0662856437501507,0.5683245101391033,0.6957406402698985,0.5365639047223667,-3.4149693886924615,4.488097198137195,3.9515332934148284,0.1,52.0,3.0,,,
West Nile,2020,second_season,irish_potatoes,3,ridge,raw,raw,3.3207905514628413,2.756101714657122,2.0662856437501507,4.967854759378325,3.3207905514628413,2.756101714657122,-1.1954315787577063,6.70763500807195,3.9515332934148284,0.1,52.0,3.0,,,
West Nile,2020,second_season,maize,3,ridge,raw,raw,2.6368413584111803,1.9115878664560517,2.0662856437501507,2.5683997769092572,2.6368413584111803,1.9115878664560517,-2.0399454269587767,5.863121159870881,3.9515332934148284,0.1,52.0,3.0,,,
West Nile,2020,second_season,millet,3,ridge,raw,raw,0.6973987237560337,0.5526453153796662,2.0662856437501507,0.49735850693119044,0.6973987237560337,0.5526453153796662,-3.3988879780351624,4.504178608794494,3.9515332934148284,0.1,52.0,3.0,,,
West Nile,2020,second_season,rice,3,ridge,raw,raw,1.5518859303284125,1.2027426304534166,2.0662856437501507,1.63417854787639,1.5518859303284125,1.2027426304534166,-2.7487906629614116,5.154275923868245,3.9515332934148284,0.1,52.0,3.0,,,
West Nile,2020,second_season,simsim,3,ridge,raw,raw,0.3973328781148473,0.8017322627565384,2.0662856437501507,0.4267172973635351,0.3973328781148473,0.8017322627565384,-3.14980103065829,4.753265556171367,3.9515332934148284,0.1,52.0,3.0,,,
West Nile,2020,second_season,sorghum,3,ridge,raw,raw,1.2622030417153625,1.07329922982901,2.0662856437501507,1.4121707856008021,1.2622030417153625,1.07329922982901,-2.8782340635858183,5.0248325232438384,3.9515332934148284,0.1,52.0,3.0,,,
West Nile,2020,second_season,soya_beans,3,ridge,raw,raw,0.6049960464155939,2.3401870742577904,2.0662856437501507,2.823781736252928,0.6049960464155939,2.3401870742577904,-1.611346219157038,6.291720367672619,3.9515332934148284,0.1,52.0,3.0,,,
West Nile,2020,second_season,sweet_potatoes,3,ridge,raw,raw,10.90567139457088,3.822100717831523,2.0662856437501507,6.104335473351614,10.90567139457088,3.822100717831523,-0.12943257558330545,7.773634011246351,3.9515332934148284,0.1,52.0,3.0,,,
Busoga,2020,first_season,beans,4,ridge,raw,raw,0.6401206168693182,1.391310803601798,1.8016671470305063,0.7725881369501938,0.6401206168693182,1.391310803601798,-2.99437073028568,5.776992337489276,4.385681533887478,0.1,58.0,3.0,,,
Busoga,2020,first_season,groundnuts,4,ridge,raw,raw,0.3322482939632105,0.6901982366056703,1.8016671470305063,0.5479446238104857,0.3322482939632105,0.6901982366056703,-3.695483297281808,5.075879770493149,4.385681533887478,0.1,58.0,3.0,,,
Busoga,2020,first_season,maize,4,ridge,raw,raw,1.5222384603844508,2.0363692744922584,1.8016671470305063,2.6412707918169636,1.5222384603844508,2.0363692744922584,-2.34931225939522,6.422050808379737,4.385681533887478,0.1,58.0,3.0,,,
Busoga,2020,first_season,millet,4,ridge,raw,raw,0.6572884828877947,0.7935138092519979,1.8016671470305063,0.5738783706046435,0.6572884828877947,0.7935138092519979,-3.5921677246354804,5.179195343139476,4.385681533887478,0.1,58.0,3.0,,,
Busoga,2020,first_season,rice,4,ridge,raw,raw,1.4797729580148753,1.2713553491030074,1.8016671470305063,1.4257179867225263,1.4797729580148753,1.2713553491030074,-3.1143261847844705,5.657036882990486,4.385681533887478,0.1,58.0,3.0,,,
Busoga,2020,first_season,simsim,4,ridge,raw,raw,0.3994351113633946,0.8151399036403412,1.8016671470305063,0.42925700279116347,0.3994351113633946,0.8151399036403412,-3.570541630247137,5.20082143752782,4.385681533887478,0.1,58.0,3.0,,,
Busoga,2020,first_season,sorghum,4,ridge,raw,raw,0.6036980012037914,1.2717362311168077,1.8016671470305063,1.3361928120558897,0.6036980012037914,1.2717362311168077,-3.1139453027706705,5.657417765004286,4.385681533887478,0.1,58.0,3.0,,,
Busoga,2020,first_season,soya_beans,4,ridge,raw,raw,0.4333391184708587,0.8483981712398675,1.8016671470305063,0.6555232704687651,0.4333391184708587,0.8483981712398675,-3.5372833626476106,5.234079705127345,4.385681533887478,0.1,58.0,3.0,,,
Busoga,2020,first_season,sweet_potatoes,4,ridge,raw,raw,3.4113171715767456,3.4711178928021473,1.8016671470305063,6.5300697168629425,3.4113171715767456,3.4711178928021473,-0.9145636410853308,7.8567994266896255,4.385681533887478,0.1,58.0,3.0,,,
Busoga,2020,second_season,beans,4,ridge,raw,raw,0.8018694899438293,1.9908391882930494,1.8016671470305063,0.7725881369501938,0.8018694899438293,1.9908391882930494,-2.3948423455944288,6.376520722180528,4.385681533887478,0.1,58.0,3.0,,,
Busoga,2020,second_season,groundnuts,4,ridge,raw,raw,0.4062549460293829,1.2897266212969214,1.8016671470305063,0.5479446238104857,0.4062549460293829,1.2897266212969214,-3.0959549125905568,5.6754081551844,4.385681533887478,0.1,58.0,3.0,,,
Busoga,2020,second_season,maize,4,ridge,raw,raw,1.7237131684916815,2.6358976591835095,1.8016671470305063,2.6412707918169636,1.7237131684916815,2.6358976591835095,-1.7497838747039687,7.021579193070988,4.385681533887478,0.1,58.0,3.0,,,
Busoga,2020,second_season,millet,4,ridge,raw,raw,0.2369138654637815,1.3930421939432494,1.8016671470305063,0.5738783706046435,0.2369138654637815,1.3930421939432494,-2.992639339944229,5.7787237278307275,4.385681533887478,0.1,58.0,3.0,,,
Busoga,2020,second_season,rice,4,ridge,raw,raw,2.088480457936548,1.8708837337942588,1.8016671470305063,1.4257179867225263,2.088480457936548,1.8708837337942588,-2.5147978000932194,6.2565652676817365,4.385681533887478,0.1,58.0,3.0,,,
Busoga,2020,second_season,simsim,4,ridge,raw,raw,0.2995884010467337,1.4146682883315926,1.8016671470305063,0.42925700279116347,0.2995884010467337,1.4146682883315926,-2.9710132455558855,5.80034982221907,4.385681533887478,0.1,58.0,3.0,,,
Busoga,2020,second_season,sorghum,4,ridge,raw,raw,0.6561084833674863,1.871264615808059,1.8016671470305063,1.3361928120558897,0.6561084833674863,1.871264615808059,-2.5144169180794194,6.256946149695537,4.385681533887478,0.1,58.0,3.0,,,
Busoga,2020,second_season,soya_beans,4,ridge,raw,raw,0.5938545772757312,1.4479265559311187,1.8016671470305063,0.6555232704687651,0.5938545772757312,1.4479265559311187,-2.9377549779563594,5.833608089818597,4.385681533887478,0.1,58.0,3.0,,,
Busoga,2020,second_season,sweet_potatoes,4,ridge,raw,raw,4.046477355605773,4.070646277493399,1.8016671470305063,6.5300697168629425,4.046477355605773,4.070646277493399,-0.31503525639407925,8.456327811380877,4.385681533887478,0.1,58.0,3.0,,,
Kigezi,2020,first_season,beans,4,ridge,raw,raw,0.6821726355797036,0.9507554439807296,1.8016671470305063,0.7725881369501938,0.6821726355797036,0.9507554439807296,-3.4349260899067486,5.336436977868208,4.385681533887478,0.1,58.0,3.0,,,
Kigezi,2020,first_season,groundnuts,4,ridge,raw,raw,0.4632654520489824,0.24964287698460197,1.8016671470305063,0.5479446238104857,0.4632654520489824,0.24964287698460197,-4.136038656902876,4.63532441087208,4.385681533887478,0.1,58.0,3.0,,,
Kigezi,2020,first_season,irish_potatoes,4,ridge,raw,raw,5.319403533719373,2.1515127086064476,1.8016671470305063,4.047210229393464,5.319403533719373,2.1515127086064476,-2.2341688252810306,6.537194242493926,4.385681533887478,0.1,58.0,3.0,,,
Kigezi,2020,first_season,maize,4,ridge,raw,raw,1.6788303054282812,1.59581391487119,1.8016671470305063,2.6412707918169636,1.6788303054282812,1.59581391487119,-2.789867619016288,5.981495448758668,4.385681533887478,0.1,58.0,3.0,,,
Kigezi,2020,first_season,millet,4,ridge,raw,raw,0.7582314811841495,0.3529584496309295,1.8016671470305063,0.5738783706046435,0.7582314811841495,0.3529584496309295,-4.032723084256549,4.738639983518407,4.385681533887478,0.1,58.0,3.0,,,
Kigezi,2020,first_season,rice,4,ridge,raw,raw,1.457131297713486,0.830799989481939,1.8016671470305063,1.4257179867225263,1.457131297713486,0.830799989481939,-3.5548815444055393,5.216481523369417,4.385681533887478,0.1,58.0,3.0,,,
Kigezi,2020,first_season,sorghum,4,ridge,raw,raw,0.9963816683569464,0.8311808714957395,1.8016671470305063,1.3361928120558897,0.9963816683569464,0.8311808714957395,-3.554500662391739,5.2168624053832175,4.385681533887478,0.1,58.0,3.0,,,
Kigezi,2020,first_season,soya_beans,4,ridge,raw,raw,0.5069027622936974,0.4078428116187993,1.8016671470305063,0.6555232704687651,0.5069027622936974,0.4078428116187993,-3.977838722268679,4.7935243455062775,4.385681533887478,0.1,58.0,3.0,,,
Kigezi,2020,first_season,sweet_potatoes,4,ridge,raw,raw,3.68073317352751,3.030562533181079,1.8016671470305063,6.5300697168629425,3.68073317352751,3.030562533181079,-1.3551190007063991,7.416244067068558,4.385681533887478,0.1,58.0,3.0,,,
Kigezi,2020,second_season,beans,4,ridge,raw,raw,1.2309422257456628,2.169726650002231,1.8016671470305063,0.7725881369501938,1.2309422257456628,2.169726650002231,-2.215954883885247,6.555408183889709,4.385681533887478,0.1,58.0,3.0,,,
Kigezi,2020,second_season,groundnuts,4,ridge,raw,raw,0.7496304931127425,1.4686140830061032,1.8016671470305063,0.5479446238104857,0.7496304931127425,1.4686140830061032,-2.917067450881375,5.854295616893581,4.385681533887478,0.1,58.0,3.0,,,
Kigezi,2020,second_season,irish_potatoes,4,ridge,raw,raw,7.829884297424306,3.370483914627949,1.8016671470305063,4.047210229393464,7.829884297424306,3.370483914627949,-1.0151976192595291,7.756165448515427,4.385681533887478,0.1,58.0,3.0,,,
Kigezi,2020,second_season,maize,4,ridge,raw,raw,4.580426866194772,2.814785120892691,1.8016671470305063,2.6412707918169636,4.580426866194772,2.814785120892691,-1.570896412994787,7.200466654780169,4.385681533887478,0.1,58.0,3.0,,,
Kigezi,2020,second_season,millet,4,ridge,raw,raw,0.96011465247634,1.571929655652431,1.8016671470305063,0.5738783706046435,0.96011465247634,1.571929655652431,-2.8137518782350472,5.957611189539909,4.385681533887478,0.1,58.0,3.0,,,
Kigezi,2020,second_season,rice,4,ridge,raw,raw,3.966514747112424,2.0497711955034403,1.8016671470305063,1.4257179867225263,3.966514747112424,2.0497711955034403,-2.335910338384038,6.435452729390919,4.385681533887478,0.1,58.0,3.0,,,
Kigezi,2020,second_season,sorghum,4,ridge,raw,raw,0.9034020239226584,2.0501520775172404,1.8016671470305063,1.3361928120558897,0.9034020239226584,2.0501520775172404,-2.335529456370238,6.4358336114047185,4.385681533887478,0.1,58.0,3.0,,,
Kigezi,2020,second_season,soya_beans,4,ridge,raw,raw,44.29863915774654,1.6268140176403003,1.8016671470305063,0.6555232704687651,44.29863915774654,1.6268140176403003,-2.758867516247178,6.0124955515277785,4.385681533887478,0.1,58.0,3.0,,,
Kigezi,2020,second_season,sweet_potatoes,4,ridge,raw,raw,7.307468270304063,4.2495337392025805,1.8016671470305063,6.5300697168629425,7.307468270304063,4.2495337392025805,-0.13614779468489768,8.635215273090058,4.385681533887478,0.1,58.0,3.0,,,
South Buganda,2020,first_season,beans,4,ridge,raw,raw,0.6286830497610721,1.2469653843856205,1.8016671470305063,0.7725881369501938,0.6286830497610721,1.2469653843856205,-3.1387161495018576,5.632646918273099,4.385681533887478,0.1,58.0,3.0,,,
South Buganda,2020,first_season,groundnuts,4,ridge,raw,raw,0.6198068833094821,0.5458528173894928,1.8016671470305063,0.5479446238104857,0.6198068833094821,0.5458528173894928,-3.839828716497985,4.931534351276971,4.385681533887478,0.1,58.0,3.0,,,
South Buganda,2020,first_season,irish_potatoes,4,ridge,raw,raw,3.3283582090790134,2.4477226490113386,1.8016671470305063,4.047210229393464,3.3283582090790134,2.4477226490113386,-1.9379588848761395,6.833404182898817,4.385681533887478,0.1,58.0,3.0,,,
South Buganda,2020,first_season,maize,4,ridge,raw,raw,1.658719821291578,1.8920238552760806,1.8016671470305063,2.6412707918169636,1.658719821291578,1.8920238552760806,-2.4936576786113975,6.277705389163559,4.385681533887478,0.1,58.0,3.0,,,
South Buganda,2020,first_season,millet,4,ridge,raw,raw,0.4388892155530794,0.6491683900358204,1.8016671470305063,0.5738783706046435,0.4388892155530794,0.6491683900358204,-3.7365131438516577,5.034849923923298,4.385681533887478,0.1,58.0,3.0,,,
South Buganda,2020,first_season,rice,4,ridge,raw,raw,2.3727137710817736,1.12700992988683,1.8016671470305063,1.4257179867225263,2.3727137710817736,1.12700992988683,-3.2586716040006483,5.512691463774308,4.385681533887478,0.1,58.0,3.0,,,
South Buganda,2020,first_season,sorghum,4,ridge,raw,raw,0.5363321684614435,1.1273908119006304,1.8016671470305063,1.3361928120558897,0.5363321684614435,1.1273908119006304,-3.2582907219868478,5.513072345788109,4.385681533887478,0.1,58.0,3.0,,,
South Buganda,2020,first_season,soya_beans,4,ridge,raw,raw,0.5931784427704433,0.70405275202369,1.8016671470305063,0.6555232704687651,0.5931784427704433,0.70405275202369,-3.6816287818637883,5.0897342859111685,4.385681533887478,0.1,58.0,3.0,,,
South Buganda,2020,first_season,sweet_potatoes,4,ridge,raw,raw,3.666537379696348,3.32677247358597,1.8016671470305063,6.5300697168629425,3.666537379696348,3.32677247358597,-1.058909060301508,7.712454007473449,4.385681533887478,0.1,58.0,3.0,,,
South Buganda,2020,second_season,beans,4,ridge,raw,raw,1.1321807165247713,1.7057060182629438,1.8016671470305063,0.7725881369501938,1.1321807165247713,1.7057060182629438,-2.6799755156245344,6.091387552150422,4.385681533887478,0.1,58.0,3.0,,,
South Buganda,2020,second_season,groundnuts,4,ridge,raw,raw,1.0649682679639256,1.004593451266816,1.8016671470305063,0.5479446238104857,1.0649682679639256,1.004593451266816,-3.3810880826206624,5.390274985154294,4.385681533887478,0.1,58.0,3.0,,,
South Buganda,2020,second_season,irish_potatoes,4,ridge,raw,raw,6.759325459944138,2.9064632828886623,1.8016671470305063,4.047210229393464,6.759325459944138,2.9064632828886623,-1.4792182509988159,7.2921448167761405,4.385681533887478,0.1,58.0,3.0,,,
South Buganda,2020,second_season,maize,4,ridge,raw,raw,2.314641460829224,2.350764489153404,1.8016671470305063,2.6412707918169636,2.314641460829224,2.350764489153404,-2.0349170447340743,6.736446023040882,4.385681533887478,0.1,58.0,3.0,,,
South Buganda,2020,second_season,millet,4,ridge,raw,raw,0.721953108076217,1.1079090239131437,1.8016671470305063,0.5738783706046435,0.721953108076217,1.1079090239131437,-3.2777725099743344,5.493590557800622,4.385681533887478,0.1,58.0,3.0,,,
South Buganda,2020,second_season,sorghum,4,ridge,raw,raw,3.5799019725152155,1.5861314457779536,1.8016671470305063,1.3361928120558897,3.5799019725152155,1.5861314457779536,-2.7995500881095245,5.971812979665431,4.385681533887478,0.1,58.0,3.0,,,
South Buganda,2020,second_season,sweet_potatoes,4,ridge,raw,raw,6.065522206096139,3.7855131074632933,1.8016671470305063,6.5300697168629425,6.065522206096139,3.7855131074632933,-0.6001684264241849,8.171194641350771,4.385681533887478,0.1,58.0,3.0,,,
Bunyoro,2020,first_season,beans,5,ridge,raw,raw,0.8260947143833511,0.09719380147599221,2.0664785772522087,0.7821426946020412,0.8260947143833511,0.09719380147599221,-5.574678997418781,5.769066600370765,5.671872798894773,0.1,52.0,3.0,,,
Bunyoro,2020,first_season,groundnuts,5,ridge,raw,raw,0.6650306538588546,-0.5821327422910547,2.0664785772522087,0.5656278431447842,0.6650306538588546,-0.5821327422910547,-6.254005541185828,5.089740056603718,5.671872798894773,0.1,52.0,3.0,,,
Bunyoro,2020,first_season,irish_potatoes,5,ridge,raw,raw,2.220589656235262,2.708893973224673,2.0664785772522087,4.7812646841975734,2.220589656235262,2.708893973224673,-2.9629788256701,8.380766772119447,5.671872798894773,0.1,52.0,3.0,,,
Bunyoro,2020,first_season,maize,5,ridge,raw,raw,2.3426553850030096,1.0122447240768278,2.0664785772522087,2.4053055087174147,2.3426553850030096,1.0122447240768278,-4.659628074817945,6.684117522971601,5.671872798894773,0.1,52.0,3.0,,,
Bunyoro,2020,first_season,millet,5,ridge,raw,raw,0.2753703982834791,-0.6284490961164684,2.0664785772522087,0.6309719027500666,0.2753703982834791,-0.6284490961164684,-6.300321895011241,5.043423702778305,5.671872798894773,0.1,52.0,3.0,,,
Bunyoro,2020,first_season,rice,5,ridge,raw,raw,1.4308437859507233,0.4568563715346674,2.0664785772522087,1.611955233813348,1.4308437859507233,0.4568563715346674,-5.215016427360106,6.12872917042944,5.671872798894773,0.1,52.0,3.0,,,
Bunyoro,2020,first_season,simsim,5,ridge,raw,raw,0.5005342402042084,-0.3869099940693115,2.0664785772522087,0.42646604553162476,0.5005342402042084,-0.3869099940693115,-6.0587827929640845,5.2849628048254615,5.671872798894773,0.1,52.0,3.0,,,
Bunyoro,2020,first_season,sorghum,5,ridge,raw,raw,1.3881045542850072,0.020808870530258594,2.0664785772522087,1.3031889535170247,1.3881045542850072,0.020808870530258594,-5.651063928364515,5.692681669425031,5.671872798894773,0.1,52.0,3.0,,,
Bunyoro,2020,first_season,soya_beans,5,ridge,raw,raw,0.6855186697585186,1.9747828452624372,2.0664785772522087,2.6171380251865526,0.6855186697585186,1.9747828452624372,-3.697089953632336,7.64665564415721,5.671872798894773,0.1,52.0,3.0,,,
Bunyoro,2020,first_season,sweet_potatoes,5,ridge,raw,raw,2.0298423975087787,5.2737647978598154,2.0664785772522087,6.191142717319159,2.0298423975087787,5.2737647978598154,-0.3981080010349576,10.945637596754588,5.671872798894773,0.1,52.0,3.0,,,
Bunyoro,2020,second_season,beans,5,ridge,raw,raw,1.200511704804833,1.4170097622506899,2.0664785772522087,0.7821426946020412,1.200511704804833,1.4170097622506899,-4.254863036644084,7.0888825611454624,5.671872798894773,0.1,52.0,3.0,,,
Bunyoro,2020,second_season,groundnuts,5,ridge,raw,raw,0.7713261452057008,0.7376832184836428,2.0664785772522087,0.5656278431447842,0.7713261452057008,0.7376832184836428,-4.934189580411131,6.409556017378415,5.671872798894773,0.1,52.0,3.0,,,
Bunyoro,2020,second_season,irish_potatoes,5,ridge,raw,raw,2.6451990178871103,4.028709933999371,2.0664785772522087,4.7812646841975734,2.6451990178871103,4.028709933999371,-1.6431628648954018,9.700582732894144,5.671872798894773,0.1,52.0,3.0,,,
Bunyoro,2020,second_season,maize,5,ridge,raw,raw,3.0549264654046246,2.332060684851525,2.0664785772522087,2.4053055087174147,3.0549264654046246,2.332060684851525,-3.339812114043248,8.003933483746298,5.671872798894773,0.1,52.0,3.0,,,
Bunyoro,2020,second_season,millet,5,ridge,raw,raw,0.4212512776206598,0.6913668646582293,2.0664785772522087,0.6309719027500666,0.4212512776206598,0.6913668646582293,-4.980505934236544,6.363239663553002,5.671872798894773,0.1,52.0,3.0,,,
Bunyoro,2020,second_season,rice,5,ridge,raw,raw,1.6224963809696238,1.776672332309365,2.0664785772522087,1.611955233813348,1.6224963809696238,1.776672332309365,-3.895200466585408,7.448545131204138,5.671872798894773,0.1,52.0,3.0,,,
Bunyoro,2020,second_season,sorghum,5,ridge,raw,raw,0.8920114348791089,1.3406248313049562,2.0664785772522087,1.3031889535170247,0.8920114348791089,1.3406248313049562,-4.331247967589817,7.0124976301997295,5.671872798894773,0.1,52.0,3.0,,,
Bunyoro,2020,second_season,soya_beans,5,ridge,raw,raw,0.7040260876893635,3.2945988060371345,2.0664785772522087,2.6171380251865526,0.7040260876893635,3.2945988060371345,-2.3772739928576385,8.966471604931908,5.671872798894773,0.1,52.0,3.0,,,
Bunyoro,2020,second_season,sweet_potatoes,5,ridge,raw,raw,8.162182280896847,6.593580758634513,2.0664785772522087,6.191142717319159,8.162182280896847,6.593580758634513,0.9217079597397397,12.265453557529286,5.671872798894773,0.1,52.0,3.0,,,
Karamoja,2020,first_season,beans,5,ridge,raw,raw,0.5422885207412549,-1.828095121789938,2.0664785772522087,0.7821426946020412,0.5422885207412549,-1.828095121789938,-7.4999679206847105,3.843777677104835,5.671872798894773,0.1,52.0,3.0,,,
Karamoja,2020,first_season,groundnuts,5,ridge,raw,raw,0.5747979489963491,-2.507421665556985,2.0664785772522087,0.5656278431447842,0.5747979489963491,-2.507421665556985,-8.179294464451758,3.164451133337788,5.671872798894773,0.1,52.0,3.0,,,
Karamoja,2020,first_season,maize,5,ridge,raw,raw,1.2175480596073385,-0.9130441991891023,2.0664785772522087,2.4053055087174147,1.2175480596073385,-0.9130441991891023,-6.584916998083875,4.758828599705671,5.671872798894773,0.1,52.0,3.0,,,
Karamoja,2020,first_season,millet,5,ridge,raw,raw,0.2665642826776189,-2.5537380193823984,2.0664785772522087,0.6309719027500666,0.2665642826776189,-2.5537380193823984,-8.225610818277172,3.1181347795123746,5.671872798894773,0.1,52.0,3.0,,,
Karamoja,2020,first_season,rice,5,ridge,raw,raw,1.5488549025864504,-1.4684325517312629,2.0664785772522087,1.611955233813348,1.5488549025864504,-1.4684325517312629,-7.140305350626036,4.20344024716351,5.671872798894773,0.1,52.0,3.0,,,
Karamoja,2020,first_season,simsim,5,ridge,raw,raw,0.2487265028776165,-2.3121989173352415,2.0664785772522087,0.42646604553162476,0.2487265028776165,-2.3121989173352415,-7.984071716230014,3.3596738815595315,5.671872798894773,0.1,52.0,3.0,,,
Karamoja,2020,first_season,sorghum,5,ridge,raw,raw,0.6347991969213849,-1.9044800527356713,2.0664785772522087,1.3031889535170247,0.6347991969213849,-1.9044800527356713,-7.576352851630444,3.7673927461591017,5.671872798894773,0.1,52.0,3.0,,,
Karamoja,2020,first_season,soya_beans,5,ridge,raw,raw,0.5697981563805337,0.04949392199650693,2.0664785772522087,2.6171380251865526,0.5697981563805337,0.04949392199650693,-5.622378876898266,5.72136672089128,5.671872798894773,0.1,52.0,3.0,,,
Karamoja,2020,second_season,groundnuts,5,ridge,raw,raw,0.1047330767226874,-0.12984067418875256,2.0664785772522087,0.5656278431447842,0.1047330767226874,-0.12984067418875256,-5.801713473083526,5.5420321247060205,5.671872798894773,0.1,52.0,3.0,,,
Karamoja,2020,second_season,maize,5,ridge,raw,raw,7.244065383360269,1.4645367921791292,2.0664785772522087,2.4053055087174147,7.244065383360269,1.4645367921791292,-4.207336006715644,7.136409591073902,5.671872798894773,0.1,52.0,3.0,,,
Karamoja,2020,second_season,millet,5,ridge,raw,raw,0.349296866505584,-0.17615702801416644,2.0664785772522087,0.6309719027500666,0.349296866505584,-0.17615702801416644,-5.84802982690894,5.495715770880606,5.671872798894773,0.1,52.0,3.0,,,
Karamoja,2020,second_season,sorghum,5,ridge,raw,raw,2.480616112563021,0.47310093863256086,2.0664785772522087,1.3031889535170247,2.480616112563021,0.47310093863256086,-5.198771860262212,6.144973737527334,5.671872798894773,0.1,52.0,3.0,,,
Acholi,2020,first_season,beans,1,dummy_mean,pca,raw,0.8570862730857126,1.8221508927538015,2.1075068827579884,0.7986540097128687,0.8570862730857126,1.8221508927538015,-4.185582511916704,7.829884297424306,6.007733404670505,0.1,56.0,3.0,,,
Acholi,2020,first_season,groundnuts,1,dummy_mean,pca,raw,0.579730411471064,1.8221508927538015,2.1075068827579884,0.5687183500759414,0.579730411471064,1.8221508927538015,-4.185582511916704,7.829884297424306,6.007733404670505,0.1,56.0,3.0,,,
Acholi,2020,first_season,maize,1,dummy_mean,pca,raw,1.6268858066002263,1.8221508927538015,2.1075068827579884,2.7363424889537766,1.6268858066002263,1.8221508927538015,-4.185582511916704,7.829884297424306,6.007733404670505,0.1,56.0,3.0,,,
Acholi,2020,first_season,millet,1,dummy_mean,pca,raw,0.2602112569707439,1.8221508927538015,2.1075068827579884,0.6354044224045948,0.2602112569707439,1.8221508927538015,-4.185582511916704,7.829884297424306,6.007733404670505,0.1,56.0,3.0,,,
Acholi,2020,first_season,rice,1,dummy_mean,pca,raw,1.8354492390020587,1.8221508927538015,2.1075068827579884,1.7589076363956022,1.8354492390020587,1.8221508927538015,-4.185582511916704,7.829884297424306,6.007733404670505,0.1,56.0,3.0,,,
Acholi,2020,first_season,simsim,1,dummy_mean,pca,raw,0.2405641336366695,1.8221508927538015,2.1075068827579884,0.3999465592781099,0.2405641336366695,1.8221508927538015,-4.185582511916704,7.829884297424306,6.007733404670505,0.1,56.0,3.0,,,
Acholi,2020,first_season,sorghum,1,dummy_mean,pca,raw,0.7136992535711828,1.8221508927538015,2.1075068827579884,1.3246497888304674,0.7136992535711828,1.8221508927538015,-4.185582511916704,7.829884297424306,6.007733404670505,0.1,56.0,3.0,,,
Acholi,2020,first_season,soya_beans,1,dummy_mean,pca,raw,1.0958248492916711,1.8221508927538015,2.1075068827579884,2.930292181557787,1.0958248492916711,1.8221508927538015,-4.185582511916704,7.829884297424306,6.007733404670505,0.1,56.0,3.0,,,
Acholi,2020,first_season,sweet_potatoes,1,dummy_mean,pca,raw,7.360751879011887,1.8221508927538015,2.1075068827579884,5.983658411491209,7.360751879011887,1.8221508927538015,-4.185582511916704,7.829884297424306,6.007733404670505,0.1,56.0,3.0,,,
Acholi,2020,second_season,beans,1,dummy_mean,pca,raw,0.8791468943891129,1.8221508927538015,2.1075068827579884,0.7986540097128687,0.8791468943891129,1.8221508927538015,-4.185582511916704,7.829884297424306,6.007733404670505,0.1,56.0,3.0,,,
Acholi,2020,second_season,groundnuts,1,dummy_mean,pca,raw,0.774283389787513,1.8221508927538015,2.1075068827579884,0.5687183500759414,0.774283389787513,1.8221508927538015,-4.185582511916704,7.829884297424306,6.007733404670505,0.1,56.0,3.0,,,
Acholi,2020,second_season,maize,1,dummy_mean,pca,raw,1.9919193221111424,1.8221508927538015,2.1075068827579884,2.7363424889537766,1.9919193221111424,1.8221508927538015,-4.185582511916704,7.829884297424306,6.007733404670505,0.1,56.0,3.0,,,
Acholi,2020,second_season,millet,1,dummy_mean,pca,raw,0.3783444913194841,1.8221508927538015,2.1075068827579884,0.6354044224045948,0.3783444913194841,1.8221508927538015,-4.185582511916704,7.829884297424306,6.007733404670505,0.1,56.0,3.0,,,
Acholi,2020,second_season,rice,1,dummy_mean,pca,raw,0.8047415933139703,1.8221508927538015,2.1075068827579884,1.7589076363956022,0.8047415933139703,1.8221508927538015,-4.185582511916704,7.829884297424306,6.007733404670505,0.1,56.0,3.0,,,
Acholi,2020,second_season,simsim,1,dummy_mean,pca,raw,0.3592611565204056,1.8221508927538015,2.1075068827579884,0.3999465592781099,0.3592611565204056,1.8221508927538015,-4.185582511916704,7.829884297424306,6.007733404670505,0.1,56.0,3.0,,,
Acholi,2020,second_season,sorghum,1,dummy_mean,pca,raw,1.0529020128934117,1.8221508927538015,2.1075068827579884,1.3246497888304674,1.0529020128934117,1.8221508927538015,-4.185582511916704,7.829884297424306,6.007733404670505,0.1,56.0,3.0,,,
Acholi,2020,second_season,soya_beans,1,dummy_mean,pca,raw,0.8621074636111007,1.8221508927538015,2.1075068827579884,2.930292181557787,0.8621074636111007,1.8221508927538015,-4.185582511916704,7.829884297424306,6.007733404670505,0.1,56.0,3.0,,,
Acholi,2020,second_season,sweet_potatoes,1,dummy_mean,pca,raw,14.728567574673178,1.8221508927538015,2.1075068827579884,5.983658411491209,14.728567574673178,1.8221508927538015,-4.185582511916704,7.829884297424306,6.007733404670505,0.1,56.0,3.0,,,
North Buganda,2020,first_season,beans,1,dummy_mean,pca,raw,0.6433017110440628,1.8221508927538015,2.1075068827579884,0.7986540097128687,0.6433017110440628,1.8221508927538015,-4.185582511916704,7.829884297424306,6.007733404670505,0.1,56.0,3.0,,,
North Buganda,2020,first_season,groundnuts,1,dummy_mean,pca,raw,0.4198664546099319,1.8221508927538015,2.1075068827579884,0.5687183500759414,0.4198664546099319,1.8221508927538015,-4.185582511916704,7.829884297424306,6.007733404670505,0.1,56.0,3.0,,,
North Buganda,2020,first_season,irish_potatoes,1,dummy_mean,pca,raw,3.149663292713082,1.8221508927538015,2.1075068827579884,4.440832751461744,3.149663292713082,1.8221508927538015,-4.185582511916704,7.829884297424306,6.007733404670505,0.1,56.0,3.0,,,
North Buganda,2020,first_season,maize,1,dummy_mean,pca,raw,2.169407944352197,1.8221508927538015,2.1075068827579884,2.7363424889537766,2.169407944352197,1.8221508927538015,-4.185582511916704,7.829884297424306,6.007733404670505,0.1,56.0,3.0,,,
North Buganda,2020,first_season,millet,1,dummy_mean,pca,raw,0.493228260930458,1.8221508927538015,2.1075068827579884,0.6354044224045948,0.493228260930458,1.8221508927538015,-4.185582511916704,7.829884297424306,6.007733404670505,0.1,56.0,3.0,,,
North Buganda,2020,first_season,rice,1,dummy_mean,pca,raw,1.0029754145357688,1.8221508927538015,2.1075068827579884,1.7589076363956022,1.0029754145357688,1.8221508927538015,-4.185582511916704,7.829884297424306,6.007733404670505,0.1,56.0,3.0,,,
North Buganda,2020,first_season,simsim,1,dummy_mean,pca,raw,0.1854698986731419,1.8221508927538015,2.1075068827579884,0.3999465592781099,0.1854698986731419,1.8221508927538015,-4.185582511916704,7.829884297424306,6.007733404670505,0.1,56.0,3.0,,,
North Buganda,2020,first_season,sorghum,1,dummy_mean,pca,raw,0.0988630737950738,1.8221508927538015,2.1075068827579884,1.3246497888304674,0.0988630737950738,1.8221508927538015,-4.185582511916704,7.829884297424306,6.007733404670505,0.1,56.0,3.0,,,
North Buganda,2020,first_season,soya_beans,1,dummy_mean,pca,raw,0.4702301599548245,1.8221508927538015,2.1075068827579884,2.930292181557787,0.4702301599548245,1.8221508927538015,-4.185582511916704,7.829884297424306,6.007733404670505,0.1,56.0,3.0,,,
North Buganda,2020,first_season,sweet_potatoes,1,dummy_mean,pca,raw,2.687525566046792,1.8221508927538015,2.1075068827579884,5.983658411491209,2.687525566046792,1.8221508927538015,-4.185582511916704,7.829884297424306,6.007733404670505,0.1,56.0,3.0,,,
North Buganda,2020,second_season,beans,1,dummy_mean,pca,raw,0.9823435270848496,1.8221508927538015,2.1075068827579884,0.7986540097128687,0.9823435270848496,1.8221508927538015,-4.185582511916704,7.829884297424306,6.007733404670505,0.1,56.0,3.0,,,
North Buganda,2020,second_season,groundnuts,1,dummy_mean,pca,raw,0.6052217822979895,1.8221508927538015,2.1075068827579884,0.5687183500759414,0.6052217822979895,1.8221508927538015,-4.185582511916704,7.829884297424306,6.007733404670505,0.1,56.0,3.0,,,
North Buganda,2020,second_season,irish_potatoes,1,dummy_mean,pca,raw,6.482172439710905,1.8221508927538015,2.1075068827579884,4.440832751461744,6.482172439710905,1.8221508927538015,-4.185582511916704,7.829884297424306,6.007733404670505,0.1,56.0,3.0,,,
North Buganda,2020,second_season,maize,1,dummy_mean,pca,raw,2.6867403311215865,1.8221508927538015,2.1075068827579884,2.7363424889537766,2.6867403311215865,1.8221508927538015,-4.185582511916704,7.829884297424306,6.007733404670505,0.1,56.0,3.0,,,
North Buganda,2020,second_season,millet,1,dummy_mean,pca,raw,0.7672214167665391,1.8221508927538015,2.1075068827579884,0.6354044224045948,0.7672214167665391,1.8221508927538015,-4.185582511916704,7.829884297424306,6.007733404670505,0.1,56.0,3.0,,,
North Buganda,2020,second_season,rice,1,dummy_mean,pca,raw,0.7664154644961585,1.8221508927538015,2.1075068827579884,1.7589076363956022,0.7664154644961585,1.8221508927538015,-4.185582511916704,7.829884297424306,6.007733404670505,0.1,56.0,3.0,,,
North Buganda,2020,second_season,simsim,1,dummy_mean,pca,raw,1.0617776543409592,1.8221508927538015,2.1075068827579884,0.3999465592781099,1.0617776543409592,1.8221508927538015,-4.185582511916704,7.829884297424306,6.007733404670505,0.1,56.0,3.0,,,
North Buganda,2020,second_season,sorghum,1,dummy_mean,pca,raw,3.8791100754366425,1.8221508927538015,2.1075068827579884,1.3246497888304674,3.8791100754366425,1.8221508927538015,-4.185582511916704,7.829884297424306,6.007733404670505,0.1,56.0,3.0,,,
North Buganda,2020,second_season,soya_beans,1,dummy_mean,pca,raw,0.4386972792209299,1.8221508927538015,2.1075068827579884,2.930292181557787,0.4386972792209299,1.8221508927538015,-4.185582511916704,7.829884297424306,6.007733404670505,0.1,56.0,3.0,,,
North Buganda,2020,second_season,sweet_potatoes,1,dummy_mean,pca,raw,6.9509363188894655,1.8221508927538015,2.1075068827579884,5.983658411491209,6.9509363188894655,1.8221508927538015,-4.185582511916704,7.829884297424306,6.007733404670505,0.1,56.0,3.0,,,
Teso,2020,first_season,beans,1,dummy_mean,pca,raw,0.4787820909269001,1.8221508927538015,2.1075068827579884,0.7986540097128687,0.4787820909269001,1.8221508927538015,-4.185582511916704,7.829884297424306,6.007733404670505,0.1,56.0,3.0,,,
Teso,2020,first_season,groundnuts,1,dummy_mean,pca,raw,0.3687334249789069,1.8221508927538015,2.1075068827579884,0.5687183500759414,0.3687334249789069,1.8221508927538015,-4.185582511916704,7.829884297424306,6.007733404670505,0.1,56.0,3.0,,,
Teso,2020,first_season,maize,1,dummy_mean,pca,raw,1.3718829183654722,1.8221508927538015,2.1075068827579884,2.7363424889537766,1.3718829183654722,1.8221508927538015,-4.185582511916704,7.829884297424306,6.007733404670505,0.1,56.0,3.0,,,
Teso,2020,first_season,millet,1,dummy_mean,pca,raw,0.2266117956037198,1.8221508927538015,2.1075068827579884,0.6354044224045948,0.2266117956037198,1.8221508927538015,-4.185582511916704,7.829884297424306,6.007733404670505,0.1,56.0,3.0,,,
Teso,2020,first_season,rice,1,dummy_mean,pca,raw,1.3123638688539283,1.8221508927538015,2.1075068827579884,1.7589076363956022,1.3123638688539283,1.8221508927538015,-4.185582511916704,7.829884297424306,6.007733404670505,0.1,56.0,3.0,,,
Teso,2020,first_season,simsim,1,dummy_mean,pca,raw,0.3758526836726521,1.8221508927538015,2.1075068827579884,0.3999465592781099,0.3758526836726521,1.8221508927538015,-4.185582511916704,7.829884297424306,6.007733404670505,0.1,56.0,3.0,,,
Teso,2020,first_season,sorghum,1,dummy_mean,pca,raw,0.6439380500075159,1.8221508927538015,2.1075068827579884,1.3246497888304674,0.6439380500075159,1.8221508927538015,-4.185582511916704,7.829884297424306,6.007733404670505,0.1,56.0,3.0,,,
Teso,2020,first_season,soya_beans,1,dummy_mean,pca,raw,0.4286664418152572,1.8221508927538015,2.1075068827579884,2.930292181557787,0.4286664418152572,1.8221508927538015,-4.185582511916704,7.829884297424306,6.007733404670505,0.1,56.0,3.0,,,
Teso,2020,first_season,sweet_potatoes,1,dummy_mean,pca,raw,2.3919434486183864,1.8221508927538015,2.1075068827579884,5.983658411491209,2.3919434486183864,1.8221508927538015,-4.185582511916704,7.829884297424306,6.007733404670505,0.1,56.0,3.0,,,
Teso,2020,second_season,beans,1,dummy_mean,pca,raw,0.7279249098775472,1.8221508927538015,2.1075068827579884,0.7986540097128687,0.7279249098775472,1.8221508927538015,-4.185582511916704,7.829884297424306,6.007733404670505,0.1,56.0,3.0,,,
Teso,2020,second_season,groundnuts,1,dummy_mean,pca,raw,0.4313168954422955,1.8221508927538015,2.1075068827579884,0.5687183500759414,0.4313168954422955,1.8221508927538015,-4.185582511916704,7.829884297424306,6.007733404670505,0.1,56.0,3.0,,,
Teso,2020,second_season,maize,1,dummy_mean,pca,raw,1.540156423059482,1.8221508927538015,2.1075068827579884,2.7363424889537766,1.540156423059482,1.8221508927538015,-4.185582511916704,7.829884297424306,6.007733404670505,0.1,56.0,3.0,,,
Teso,2020,second_season,millet,1,dummy_mean,pca,raw,0.3557264962514397,1.8221508927538015,2.1075068827579884,0.6354044224045948,0.3557264962514397,1.8221508927538015,-4.185582511916704,7.829884297424306,6.007733404670505,0.1,56.0,3.0,,,
Teso,2020,second_season,rice,1,dummy_mean,pca,raw,1.0709719442643844,1.8221508927538015,2.1075068827579884,1.7589076363956022,1.0709719442643844,1.8221508927538015,-4.185582511916704,7.829884297424306,6.007733404670505,0.1,56.0,3.0,,,
Teso,2020,second_season,simsim,1,dummy_mean,pca,raw,0.6034722059137033,1.8221508927538015,2.1075068827579884,0.3999465592781099,0.6034722059137033,1.8221508927538015,-4.185582511916704,7.829884297424306,6.007733404670505,0.1,56.0,3.0,,,
Teso,2020,second_season,sorghum,1,dummy_mean,pca,raw,1.141258363083009,1.8221508927538015,2.1075068827579884,1.3246497888304674,1.141258363083009,1.8221508927538015,-4.185582511916704,7.829884297424306,6.007733404670505,0.1,56.0,3.0,,,
Teso,2020,second_season,soya_beans,1,dummy_mean,pca,raw,0.5653018244408415,1.8221508927538015,2.1075068827579884,2.930292181557787,0.5653018244408415,1.8221508927538015,-4.185582511916704,7.829884297424306,6.007733404670505,0.1,56.0,3.0,,,
Teso,2020,second_season,sweet_potatoes,1,dummy_mean,pca,raw,4.986556877001546,1.8221508927538015,2.1075068827579884,5.983658411491209,4.986556877001546,1.8221508927538015,-4.185582511916704,7.829884297424306,6.007733404670505,0.1,56.0,3.0,,,
Elgon,2020,first_season,beans,2,dummy_mean,pca,raw,0.6700120852270204,2.02738375852967,1.954636271112969,0.800459608567741,0.6700120852270204,2.02738375852967,-2.2809878122281364,6.335755329287476,4.3083715707578065,0.1,54.0,3.0,,,
Elgon,2020,first_season,groundnuts,2,dummy_mean,pca,raw,0.4950587775158489,2.02738375852967,1.954636271112969,0.5508650616816889,0.4950587775158489,2.02738375852967,-2.2809878122281364,6.335755329287476,4.3083715707578065,0.1,54.0,3.0,,,
Elgon,2020,first_season,irish_potatoes,2,dummy_mean,pca,raw,4.522840340241605,2.02738375852967,1.954636271112969,4.160319420588475,4.522840340241605,2.02738375852967,-2.2809878122281364,6.335755329287476,4.3083715707578065,0.1,54.0,3.0,,,
Elgon,2020,first_season,maize,2,dummy_mean,pca,raw,2.591624259545572,2.02738375852967,1.954636271112969,2.445749569645221,2.591624259545572,2.02738375852967,-2.2809878122281364,6.335755329287476,4.3083715707578065,0.1,54.0,3.0,,,
Elgon,2020,first_season,millet,2,dummy_mean,pca,raw,0.6858292042822013,2.02738375852967,1.954636271112969,0.588523876879771,0.6858292042822013,2.02738375852967,-2.2809878122281364,6.335755329287476,4.3083715707578065,0.1,54.0,3.0,,,
Elgon,2020,first_season,rice,2,dummy_mean,pca,raw,2.403967673511646,2.02738375852967,1.954636271112969,1.5849672137717488,2.403967673511646,2.02738375852967,-2.2809878122281364,6.335755329287476,4.3083715707578065,0.1,54.0,3.0,,,
Elgon,2020,first_season,simsim,2,dummy_mean,pca,raw,1.0133465202105196,2.02738375852967,1.954636271112969,0.4194896280774281,1.0133465202105196,2.02738375852967,-2.2809878122281364,6.335755329287476,4.3083715707578065,0.1,54.0,3.0,,,
Elgon,2020,first_season,sorghum,2,dummy_mean,pca,raw,2.370934481096649,2.02738375852967,1.954636271112969,1.1729743338682894,2.370934481096649,2.02738375852967,-2.2809878122281364,6.335755329287476,4.3083715707578065,0.1,54.0,3.0,,,
Elgon,2020,first_season,soya_beans,2,dummy_mean,pca,raw,0.5911363692957547,2.02738375852967,1.954636271112969,2.9108857754523334,0.5911363692957547,2.02738375852967,-2.2809878122281364,6.335755329287476,4.3083715707578065,0.1,54.0,3.0,,,
Elgon,2020,first_season,sweet_potatoes,2,dummy_mean,pca,raw,3.151255842827831,2.02738375852967,1.954636271112969,5.708455116324331,3.151255842827831,2.02738375852967,-2.2809878122281364,6.335755329287476,4.3083715707578065,0.1,54.0,3.0,,,
Elgon,2020,second_season,beans,2,dummy_mean,pca,raw,0.653829971282899,2.02738375852967,1.954636271112969,0.800459608567741,0.653829971282899,2.02738375852967,-2.2809878122281364,6.335755329287476,4.3083715707578065,0.1,54.0,3.0,,,
Elgon,2020,second_season,groundnuts,2,dummy_mean,pca,raw,0.7530910039174339,2.02738375852967,1.954636271112969,0.5508650616816889,0.7530910039174339,2.02738375852967,-2.2809878122281364,6.335755329287476,4.3083715707578065,0.1,54.0,3.0,,,
Elgon,2020,second_season,irish_potatoes,2,dummy_mean,pca,raw,9.66384795722705,2.02738375852967,1.954636271112969,4.160319420588475,9.66384795722705,2.02738375852967,-2.2809878122281364,6.335755329287476,4.3083715707578065,0.1,54.0,3.0,,,
Elgon,2020,second_season,maize,2,dummy_mean,pca,raw,3.423349924580549,2.02738375852967,1.954636271112969,2.445749569645221,3.423349924580549,2.02738375852967,-2.2809878122281364,6.335755329287476,4.3083715707578065,0.1,54.0,3.0,,,
Elgon,2020,second_season,rice,2,dummy_mean,pca,raw,0.9781169963836972,2.02738375852967,1.954636271112969,1.5849672137717488,0.9781169963836972,2.02738375852967,-2.2809878122281364,6.335755329287476,4.3083715707578065,0.1,54.0,3.0,,,
Elgon,2020,second_season,simsim,2,dummy_mean,pca,raw,0.1853682631467308,2.02738375852967,1.954636271112969,0.4194896280774281,0.1853682631467308,2.02738375852967,-2.2809878122281364,6.335755329287476,4.3083715707578065,0.1,54.0,3.0,,,
Elgon,2020,second_season,sorghum,2,dummy_mean,pca,raw,3.258267391159824,2.02738375852967,1.954636271112969,1.1729743338682894,3.258267391159824,2.02738375852967,-2.2809878122281364,6.335755329287476,4.3083715707578065,0.1,54.0,3.0,,,
Elgon,2020,second_season,soya_beans,2,dummy_mean,pca,raw,0.4261906725861129,2.02738375852967,1.954636271112969,2.9108857754523334,0.4261906725861129,2.02738375852967,-2.2809878122281364,6.335755329287476,4.3083715707578065,0.1,54.0,3.0,,,
Elgon,2020,second_season,sweet_potatoes,2,dummy_mean,pca,raw,3.5591777349294857,2.02738375852967,1.954636271112969,5.708455116324331,3.5591777349294857,2.02738375852967,-2.2809878122281364,6.335755329287476,4.3083715707578065,0.1,54.0,3.0,,,
Lango,2020,first_season,beans,2,dummy_mean,pca,raw,0.4538514483659436,2.02738375852967,1.954636271112969,0.800459608567741,0.4538514483659436,2.02738375852967,-2.2809878122281364,6.335755329287476,4.3083715707578065,0.1,54.0,3.0,,,
Lango,2020,first_season,groundnuts,2,dummy_mean,pca,raw,0.3602760666772656,2.02738375852967,1.954636271112969,0.5508650616816889,0.3602760666772656,2.02738375852967,-2.2809878122281364,6.335755329287476,4.3083715707578065,0.1,54.0,3.0,,,
Lango,2020,first_season,maize,2,dummy_mean,pca,raw,1.5321273000173696,2.02738375852967,1.954636271112969,2.445749569645221,1.5321273000173696,2.02738375852967,-2.2809878122281364,6.335755329287476,4.3083715707578065,0.1,54.0,3.0,,,
Lango,2020,first_season,millet,2,dummy_mean,pca,raw,0.3245909082180683,2.02738375852967,1.954636271112969,0.588523876879771,0.3245909082180683,2.02738375852967,-2.2809878122281364,6.335755329287476,4.3083715707578065,0.1,54.0,3.0,,,
Lango,2020,first_season,rice,2,dummy_mean,pca,raw,1.0257917523061892,2.02738375852967,1.954636271112969,1.5849672137717488,1.0257917523061892,2.02738375852967,-2.2809878122281364,6.335755329287476,4.3083715707578065,0.1,54.0,3.0,,,
Lango,2020,first_season,simsim,2,dummy_mean,pca,raw,0.3598602384189452,2.02738375852967,1.954636271112969,0.4194896280774281,0.3598602384189452,2.02738375852967,-2.2809878122281364,6.335755329287476,4.3083715707578065,0.1,54.0,3.0,,,
Lango,2020,first_season,sorghum,2,dummy_mean,pca,raw,0.5398912763008505,2.02738375852967,1.954636271112969,1.1729743338682894,0.5398912763008505,2.02738375852967,-2.2809878122281364,6.335755329287476,4.3083715707578065,0.1,54.0,3.0,,,
Lango,2020,first_season,soya_beans,2,dummy_mean,pca,raw,0.6956216106623382,2.02738375852967,1.954636271112969,2.9108857754523334,0.6956216106623382,2.02738375852967,-2.2809878122281364,6.335755329287476,4.3083715707578065,0.1,54.0,3.0,,,
Lango,2020,first_season,sweet_potatoes,2,dummy_mean,pca,raw,4.627154243214652,2.02738375852967,1.954636271112969,5.708455116324331,4.627154243214652,2.02738375852967,-2.2809878122281364,6.335755329287476,4.3083715707578065,0.1,54.0,3.0,,,
Lango,2020,second_season,beans,2,dummy_mean,pca,raw,0.9979898086925608,2.02738375852967,1.954636271112969,0.800459608567741,0.9979898086925608,2.02738375852967,-2.2809878122281364,6.335755329287476,4.3083715707578065,0.1,54.0,3.0,,,
Lango,2020,second_season,groundnuts,2,dummy_mean,pca,raw,0.6658246650132922,2.02738375852967,1.954636271112969,0.5508650616816889,0.6658246650132922,2.02738375852967,-2.2809878122281364,6.335755329287476,4.3083715707578065,0.1,54.0,3.0,,,
Lango,2020,second_season,maize,2,dummy_mean,pca,raw,2.9489717758099068,2.02738375852967,1.954636271112969,2.445749569645221,2.9489717758099068,2.02738375852967,-2.2809878122281364,6.335755329287476,4.3083715707578065,0.1,54.0,3.0,,,
Lango,2020,second_season,millet,2,dummy_mean,pca,raw,0.359162009295794,2.02738375852967,1.954636271112969,0.588523876879771,0.359162009295794,2.02738375852967,-2.2809878122281364,6.335755329287476,4.3083715707578065,0.1,54.0,3.0,,,
Lango,2020,second_season,rice,2,dummy_mean,pca,raw,1.516949718283846,2.02738375852967,1.954636271112969,1.5849672137717488,1.516949718283846,2.02738375852967,-2.2809878122281364,6.335755329287476,4.3083715707578065,0.1,54.0,3.0,,,
Lango,2020,second_season,simsim,2,dummy_mean,pca,raw,0.4067343534390761,2.02738375852967,1.954636271112969,0.4194896280774281,0.4067343534390761,2.02738375852967,-2.2809878122281364,6.335755329287476,4.3083715707578065,0.1,54.0,3.0,,,
Lango,2020,second_season,sorghum,2,dummy_mean,pca,raw,2.142946828492448,2.02738375852967,1.954636271112969,1.1729743338682894,2.142946828492448,2.02738375852967,-2.2809878122281364,6.335755329287476,4.3083715707578065,0.1,54.0,3.0,,,
Lango,2020,second_season,soya_beans,2,dummy_mean,pca,raw,1.5236675808652385,2.02738375852967,1.954636271112969,2.9108857754523334,1.5236675808652385,2.02738375852967,-2.2809878122281364,6.335755329287476,4.3083715707578065,0.1,54.0,3.0,,,
Lango,2020,second_season,sweet_potatoes,2,dummy_mean,pca,raw,14.045356396131783,2.02738375852967,1.954636271112969,5.708455116324331,14.045356396131783,2.02738375852967,-2.2809878122281364,6.335755329287476,4.3083715707578065,0.1,54.0,3.0,,,
Tooro,2020,first_season,beans,2,dummy_mean,pca,raw,0.5714159022282193,2.02738375852967,1.954636271112969,0.800459608567741,0.5714159022282193,2.02738375852967,-2.2809878122281364,6.335755329287476,4.3083715707578065,0.1,54.0,3.0,,,
Tooro,2020,first_season,groundnuts,2,dummy_mean,pca,raw,0.4788089757102604,2.02738375852967,1.954636271112969,0.5508650616816889,0.4788089757102604,2.02738375852967,-2.2809878122281364,6.335755329287476,4.3083715707578065,0.1,54.0,3.0,,,
Tooro,2020,first_season,irish_potatoes,2,dummy_mean,pca,raw,2.602443195405729,2.02738375852967,1.954636271112969,4.160319420588475,2.602443195405729,2.02738375852967,-2.2809878122281364,6.335755329287476,4.3083715707578065,0.1,54.0,3.0,,,
Tooro,2020,first_season,maize,2,dummy_mean,pca,raw,3.0038294115831783,2.02738375852967,1.954636271112969,2.445749569645221,3.0038294115831783,2.02738375852967,-2.2809878122281364,6.335755329287476,4.3083715707578065,0.1,54.0,3.0,,,
Tooro,2020,first_season,millet,2,dummy_mean,pca,raw,0.4632153663470989,2.02738375852967,1.954636271112969,0.588523876879771,0.4632153663470989,2.02738375852967,-2.2809878122281364,6.335755329287476,4.3083715707578065,0.1,54.0,3.0,,,
Tooro,2020,first_season,rice,2,dummy_mean,pca,raw,1.3679142770311534,2.02738375852967,1.954636271112969,1.5849672137717488,1.3679142770311534,2.02738375852967,-2.2809878122281364,6.335755329287476,4.3083715707578065,0.1,54.0,3.0,,,
Tooro,2020,first_season,simsim,2,dummy_mean,pca,raw,0.2778595226860031,2.02738375852967,1.954636271112969,0.4194896280774281,0.2778595226860031,2.02738375852967,-2.2809878122281364,6.335755329287476,4.3083715707578065,0.1,54.0,3.0,,,
Tooro,2020,first_season,sorghum,2,dummy_mean,pca,raw,0.5962480462055857,2.02738375852967,1.954636271112969,1.1729743338682894,0.5962480462055857,2.02738375852967,-2.2809878122281364,6.335755329287476,4.3083715707578065,0.1,54.0,3.0,,,
Tooro,2020,first_season,soya_beans,2,dummy_mean,pca,raw,0.4113045140407508,2.02738375852967,1.954636271112969,2.9108857754523334,0.4113045140407508,2.02738375852967,-2.2809878122281364,6.335755329287476,4.3083715707578065,0.1,54.0,3.0,,,
Tooro,2020,first_season,sweet_potatoes,2,dummy_mean,pca,raw,2.031705860523254,2.02738375852967,1.954636271112969,5.708455116324331,2.031705860523254,2.02738375852967,-2.2809878122281364,6.335755329287476,4.3083715707578065,0.1,54.0,3.0,,,
Tooro,2020,second_season,beans,2,dummy_mean,pca,raw,1.1835686146592244,2.02738375852967,1.954636271112969,0.800459608567741,1.1835686146592244,2.02738375852967,-2.2809878122281364,6.335755329287476,4.3083715707578065,0.1,54.0,3.0,,,
Tooro,2020,second_season,groundnuts,2,dummy_mean,pca,raw,0.8188652144271537,2.02738375852967,1.954636271112969,0.5508650616816889,0.8188652144271537,2.02738375852967,-2.2809878122281364,6.335755329287476,4.3083715707578065,0.1,54.0,3.0,,,
Tooro,2020,second_season,irish_potatoes,2,dummy_mean,pca,raw,5.09052971295232,2.02738375852967,1.954636271112969,4.160319420588475,5.09052971295232,2.02738375852967,-2.2809878122281364,6.335755329287476,4.3083715707578065,0.1,54.0,3.0,,,
Tooro,2020,second_season,maize,2,dummy_mean,pca,raw,4.280134298861752,2.02738375852967,1.954636271112969,2.445749569645221,4.280134298861752,2.02738375852967,-2.2809878122281364,6.335755329287476,4.3083715707578065,0.1,54.0,3.0,,,
Tooro,2020,second_season,millet,2,dummy_mean,pca,raw,1.0445138088407484,2.02738375852967,1.954636271112969,0.588523876879771,1.0445138088407484,2.02738375852967,-2.2809878122281364,6.335755329287476,4.3083715707578065,0.1,54.0,3.0,,,
Tooro,2020,second_season,rice,2,dummy_mean,pca,raw,2.631104714179096,2.02738375852967,1.954636271112969,1.5849672137717488,2.631104714179096,2.02738375852967,-2.2809878122281364,6.335755329287476,4.3083715707578065,0.1,54.0,3.0,,,
Tooro,2020,second_season,simsim,2,dummy_mean,pca,raw,0.3096258716658019,2.02738375852967,1.954636271112969,0.4194896280774281,0.3096258716658019,2.02738375852967,-2.2809878122281364,6.335755329287476,4.3083715707578065,0.1,54.0,3.0,,,
Tooro,2020,second_season,sorghum,2,dummy_mean,pca,raw,1.958342814699392,2.02738375852967,1.954636271112969,1.1729743338682894,1.958342814699392,2.02738375852967,-2.2809878122281364,6.335755329287476,4.3083715707578065,0.1,54.0,3.0,,,
Tooro,2020,second_season,soya_beans,2,dummy_mean,pca,raw,0.5816289868880459,2.02738375852967,1.954636271112969,2.9108857754523334,0.5816289868880459,2.02738375852967,-2.2809878122281364,6.335755329287476,4.3083715707578065,0.1,54.0,3.0,,,
Tooro,2020,second_season,sweet_potatoes,2,dummy_mean,pca,raw,17.19569748995181,2.02738375852967,1.954636271112969,5.708455116324331,17.19569748995181,2.02738375852967,-2.2809878122281364,6.335755329287476,4.3083715707578065,0.1,54.0,3.0,,,
Ankole,2020,first_season,beans,3,dummy_mean,pca,raw,0.7107039593083359,2.1850749104303797,2.0662856437501507,0.7992436624389453,0.7107039593083359,2.1850749104303797,-0.25700442235389254,4.627154243214652,2.4420793327842722,0.1,52.0,3.0,,,
Ankole,2020,first_season,groundnuts,3,dummy_mean,pca,raw,0.4892093570559104,2.1850749104303797,2.0662856437501507,0.5683245101391033,0.4892093570559104,2.1850749104303797,-0.25700442235389254,4.627154243214652,2.4420793327842722,0.1,52.0,3.0,,,
Ankole,2020,first_season,irish_potatoes,3,dummy_mean,pca,raw,2.6066656470507263,2.1850749104303797,2.0662856437501507,4.967854759378325,2.6066656470507263,2.1850749104303797,-0.25700442235389254,4.627154243214652,2.4420793327842722,0.1,52.0,3.0,,,
Ankole,2020,first_season,maize,3,dummy_mean,pca,raw,2.2911775934330265,2.1850749104303797,2.0662856437501507,2.5683997769092572,2.2911775934330265,2.1850749104303797,-0.25700442235389254,4.627154243214652,2.4420793327842722,0.1,52.0,3.0,,,
Ankole,2020,first_season,millet,3,dummy_mean,pca,raw,1.2807764204080456,2.1850749104303797,2.0662856437501507,0.49735850693119044,1.2807764204080456,2.1850749104303797,-0.25700442235389254,4.627154243214652,2.4420793327842722,0.1,52.0,3.0,,,
Ankole,2020,first_season,sorghum,3,dummy_mean,pca,raw,0.660753068253978,2.1850749104303797,2.0662856437501507,1.4121707856008021,0.660753068253978,2.1850749104303797,-0.25700442235389254,4.627154243214652,2.4420793327842722,0.1,52.0,3.0,,,
Ankole,2020,first_season,soya_beans,3,dummy_mean,pca,raw,0.3377821773864262,2.1850749104303797,2.0662856437501507,2.823781736252928,0.3377821773864262,2.1850749104303797,-0.25700442235389254,4.627154243214652,2.4420793327842722,0.1,52.0,3.0,,,
Ankole,2020,first_season,sweet_potatoes,3,dummy_mean,pca,raw,4.329712242698299,2.1850749104303797,2.0662856437501507,6.104335473351614,4.329712242698299,2.1850749104303797,-0.25700442235389254,4.627154243214652,2.4420793327842722,0.1,52.0,3.0,,,
Ankole,2020,second_season,beans,3,dummy_mean,pca,raw,1.3411688832335629,2.1850749104303797,2.0662856437501507,0.7992436624389453,1.3411688832335629,2.1850749104303797,-0.25700442235389254,4.627154243214652,2.4420793327842722,0.1,52.0,3.0,,,
Ankole,2020,second_season,groundnuts,3,dummy_mean,pca,raw,0.556144731073507,2.1850749104303797,2.0662856437501507,0.5683245101391033,0.556144731073507,2.1850749104303797,-0.25700442235389254,4.627154243214652,2.4420793327842722,0.1,52.0,3.0,,,
Ankole,2020,second_season,irish_potatoes,3,dummy_mean,pca,raw,4.840624253728912,2.1850749104303797,2.0662856437501507,4.967854759378325,4.840624253728912,2.1850749104303797,-0.25700442235389254,4.627154243214652,2.4420793327842722,0.1,52.0,3.0,,,
Ankole,2020,second_season,maize,3,dummy_mean,pca,raw,4.746403988018382,2.1850749104303797,2.0662856437501507,2.5683997769092572,4.746403988018382,2.1850749104303797,-0.25700442235389254,4.627154243214652,2.4420793327842722,0.1,52.0,3.0,,,
Ankole,2020,second_season,millet,3,dummy_mean,pca,raw,0.7193080425140036,2.1850749104303797,2.0662856437501507,0.49735850693119044,0.7193080425140036,2.1850749104303797,-0.25700442235389254,4.627154243214652,2.4420793327842722,0.1,52.0,3.0,,,
Ankole,2020,second_season,sorghum,3,dummy_mean,pca,raw,1.8183667473252825,2.1850749104303797,2.0662856437501507,1.4121707856008021,1.8183667473252825,2.1850749104303797,-0.25700442235389254,4.627154243214652,2.4420793327842722,0.1,52.0,3.0,,,
Ankole,2020,second_season,sweet_potatoes,3,dummy_mean,pca,raw,7.086512596688682,2.1850749104303797,2.0662856437501507,6.104335473351614,7.086512596688682,2.1850749104303797,-0.25700442235389254,4.627154243214652,2.4420793327842722,0.1,52.0,3.0,,,
Bukedi,2020,first_season,beans,3,dummy_mean,pca,raw,0.5175817230094646,2.1850749104303797,2.0662856437501507,0.7992436624389453,0.5175817230094646,2.1850749104303797,-0.25700442235389254,4.627154243214652,2.4420793327842722,0.1,52.0,3.0,,,
Bukedi,2020,first_season,groundnuts,3,dummy_mean,pca,raw,0.4770632662036267,2.1850749104303797,2.0662856437501507,0.5683245101391033,0.4770632662036267,2.1850749104303797,-0.25700442235389254,4.627154243214652,2.4420793327842722,0.1,52.0,3.0,,,
Bukedi,2020,first_season,maize,3,dummy_mean,pca,raw,1.5470171390615697,2.1850749104303797,2.0662856437501507,2.5683997769092572,1.5470171390615697,2.1850749104303797,-0.25700442235389254,4.627154243214652,2.4420793327842722,0.1,52.0,3.0,,,
Bukedi,2020,first_season,millet,3,dummy_mean,pca,raw,0.4272092427017133,2.1850749104303797,2.0662856437501507,0.49735850693119044,0.4272092427017133,2.1850749104303797,-0.25700442235389254,4.627154243214652,2.4420793327842722,0.1,52.0,3.0,,,
Bukedi,2020,first_season,rice,3,dummy_mean,pca,raw,1.3882164630489435,2.1850749104303797,2.0662856437501507,1.63417854787639,1.3882164630489435,2.1850749104303797,-0.25700442235389254,4.627154243214652,2.4420793327842722,0.1,52.0,3.0,,,
Bukedi,2020,first_season,simsim,3,dummy_mean,pca,raw,0.3317125177589506,2.1850749104303797,2.0662856437501507,0.4267172973635351,0.3317125177589506,2.1850749104303797,-0.25700442235389254,4.627154243214652,2.4420793327842722,0.1,52.0,3.0,,,
Bukedi,2020,first_season,sorghum,3,dummy_mean,pca,raw,0.5913910230747661,2.1850749104303797,2.0662856437501507,1.4121707856008021,0.5913910230747661,2.1850749104303797,-0.25700442235389254,4.627154243214652,2.4420793327842722,0.1,52.0,3.0,,,
Bukedi,2020,first_season,soya_beans,3,dummy_mean,pca,raw,0.4175993889818736,2.1850749104303797,2.0662856437501507,2.823781736252928,0.4175993889818736,2.1850749104303797,-0.25700442235389254,4.627154243214652,2.4420793327842722,0.1,52.0,3.0,,,
Bukedi,2020,first_season,sweet_potatoes,3,dummy_mean,pca,raw,2.6225674475211567,2.1850749104303797,2.0662856437501507,6.104335473351614,2.6225674475211567,2.1850749104303797,-0.25700442235389254,4.627154243214652,2.4420793327842722,0.1,52.0,3.0,,,
Bukedi,2020,second_season,beans,3,dummy_mean,pca,raw,0.7056484947012807,2.1850749104303797,2.0662856437501507,0.7992436624389453,0.7056484947012807,2.1850749104303797,-0.25700442235389254,4.627154243214652,2.4420793327842722,0.1,52.0,3.0,,,
Bukedi,2020,second_season,groundnuts,3,dummy_mean,pca,raw,0.5641103408681046,2.1850749104303797,2.0662856437501507,0.5683245101391033,0.5641103408681046,2.1850749104303797,-0.25700442235389254,4.627154243214652,2.4420793327842722,0.1,52.0,3.0,,,
Bukedi,2020,second_season,maize,3,dummy_mean,pca,raw,2.5941966847486744,2.1850749104303797,2.0662856437501507,2.5683997769092572,2.5941966847486744,2.1850749104303797,-0.25700442235389254,4.627154243214652,2.4420793327842722,0.1,52.0,3.0,,,
Bukedi,2020,second_season,millet,3,dummy_mean,pca,raw,2.0388508171880413,2.1850749104303797,2.0662856437501507,0.49735850693119044,2.0388508171880413,2.1850749104303797,-0.25700442235389254,4.627154243214652,2.4420793327842722,0.1,52.0,3.0,,,
Bukedi,2020,second_season,rice,3,dummy_mean,pca,raw,1.4277627442802343,2.1850749104303797,2.0662856437501507,1.63417854787639,1.4277627442802343,2.1850749104303797,-0.25700442235389254,4.627154243214652,2.4420793327842722,0.1,52.0,3.0,,,
Bukedi,2020,second_season,simsim,3,dummy_mean,pca,raw,0.3924463982333242,2.1850749104303797,2.0662856437501507,0.4267172973635351,0.3924463982333242,2.1850749104303797,-0.25700442235389254,4.627154243214652,2.4420793327842722,0.1,52.0,3.0,,,
Bukedi,2020,second_season,sorghum,3,dummy_mean,pca,raw,0.8805407710527358,2.1850749104303797,2.0662856437501507,1.4121707856008021,0.8805407710527358,2.1850749104303797,-0.25700442235389254,4.627154243214652,2.4420793327842722,0.1,52.0,3.0,,,
Bukedi,2020,second_season,soya_beans,3,dummy_mean,pca,raw,0.8286553858983726,2.1850749104303797,2.0662856437501507,2.823781736252928,0.8286553858983726,2.1850749104303797,-0.25700442235389254,4.627154243214652,2.4420793327842722,0.1,52.0,3.0,,,
Bukedi,2020,second_season,sweet_potatoes,3,dummy_mean,pca,raw,6.335755329287477,2.1850749104303797,2.0662856437501507,6.104335473351614,6.335755329287477,2.1850749104303797,-0.25700442235389254,4.627154243214652,2.4420793327842722,0.1,52.0,3.0,,,
West Nile,2020,first_season,beans,3,dummy_mean,pca,raw,0.5251432400895707,2.1850749104303797,2.0662856437501507,0.7992436624389453,0.5251432400895707,2.1850749104303797,-0.25700442235389254,4.627154243214652,2.4420793327842722,0.1,52.0,3.0,,,
West Nile,2020,first_season,groundnuts,3,dummy_mean,pca,raw,0.4055485017270916,2.1850749104303797,2.0662856437501507,0.5683245101391033,0.4055485017270916,2.1850749104303797,-0.25700442235389254,4.627154243214652,2.4420793327842722,0.1,52.0,3.0,,,
West Nile,2020,first_season,irish_potatoes,3,dummy_mean,pca,raw,1.4211566881060225,2.1850749104303797,2.0662856437501507,4.967854759378325,1.4211566881060225,2.1850749104303797,-0.25700442235389254,4.627154243214652,2.4420793327842722,0.1,52.0,3.0,,,
West Nile,2020,first_season,maize,3,dummy_mean,pca,raw,1.2660956469166913,2.1850749104303797,2.0662856437501507,2.5683997769092572,1.2660956469166913,2.1850749104303797,-0.25700442235389254,4.627154243214652,2.4420793327842722,0.1,52.0,3.0,,,
West Nile,2020,first_season,millet,3,dummy_mean,pca,raw,0.2167646962160385,2.1850749104303797,2.0662856437501507,0.49735850693119044,0.2167646962160385,2.1850749104303797,-0.25700442235389254,4.627154243214652,2.4420793327842722,0.1,52.0,3.0,,,
West Nile,2020,first_season,rice,3,dummy_mean,pca,raw,1.4018188844017143,2.1850749104303797,2.0662856437501507,1.63417854787639,1.4018188844017143,2.1850749104303797,-0.25700442235389254,4.627154243214652,2.4420793327842722,0.1,52.0,3.0,,,
West Nile,2020,first_season,simsim,3,dummy_mean,pca,raw,0.4766810107273866,2.1850749104303797,2.0662856437501507,0.4267172973635351,0.4766810107273866,2.1850749104303797,-0.25700442235389254,4.627154243214652,2.4420793327842722,0.1,52.0,3.0,,,
West Nile,2020,first_season,sorghum,3,dummy_mean,pca,raw,0.391054248417342,2.1850749104303797,2.0662856437501507,1.4121707856008021,0.391054248417342,2.1850749104303797,-0.25700442235389254,4.627154243214652,2.4420793327842722,0.1,52.0,3.0,,,
West Nile,2020,first_season,soya_beans,3,dummy_mean,pca,raw,0.8717117441917551,2.1850749104303797,2.0662856437501507,2.823781736252928,0.8717117441917551,2.1850749104303797,-0.25700442235389254,4.627154243214652,2.4420793327842722,0.1,52.0,3.0,,,
West Nile,2020,first_season,sweet_potatoes,3,dummy_mean,pca,raw,5.41252141626667,2.1850749104303797,2.0662856437501507,6.104335473351614,5.41252141626667,2.1850749104303797,-0.25700442235389254,4.627154243214652,2.4420793327842722,0.1,52.0,3.0,,,
West Nile,2020,second_season,beans,3,dummy_mean,pca,raw,0.7559563988183644,2.1850749104303797,2.0662856437501507,0.7992436624389453,0.7559563988183644,2.1850749104303797,-0.25700442235389254,4.627154243214652,2.4420793327842722,0.1,52.0,3.0,,,
West Nile,2020,second_season,groundnuts,3,dummy_mean,pca,raw,0.6957406402698985,2.1850749104303797,2.0662856437501507,0.5683245101391033,0.6957406402698985,2.1850749104303797,-0.25700442235389254,4.627154243214652,2.4420793327842722,0.1,52.0,3.0,,,
West Nile,2020,second_season,irish_potatoes,3,dummy_mean,pca,raw,3.3207905514628413,2.1850749104303797,2.0662856437501507,4.967854759378325,3.3207905514628413,2.1850749104303797,-0.25700442235389254,4.627154243214652,2.4420793327842722,0.1,52.0,3.0,,,
West Nile,2020,second_season,maize,3,dummy_mean,pca,raw,2.6368413584111803,2.1850749104303797,2.0662856437501507,2.5683997769092572,2.6368413584111803,2.1850749104303797,-0.25700442235389254,4.627154243214652,2.4420793327842722,0.1,52.0,3.0,,,
West Nile,2020,second_season,millet,3,dummy_mean,pca,raw,0.6973987237560337,2.1850749104303797,2.0662856437501507,0.49735850693119044,0.6973987237560337,2.1850749104303797,-0.25700442235389254,4.627154243214652,2.4420793327842722,0.1,52.0,3.0,,,
West Nile,2020,second_season,rice,3,dummy_mean,pca,raw,1.5518859303284125,2.1850749104303797,2.0662856437501507,1.63417854787639,1.5518859303284125,2.1850749104303797,-0.25700442235389254,4.627154243214652,2.4420793327842722,0.1,52.0,3.0,,,
West Nile,2020,second_season,simsim,3,dummy_mean,pca,raw,0.3973328781148473,2.1850749104303797,2.0662856437501507,0.4267172973635351,0.3973328781148473,2.1850749104303797,-0.25700442235389254,4.627154243214652,2.4420793327842722,0.1,52.0,3.0,,,
West Nile,2020,second_season,sorghum,3,dummy_mean,pca,raw,1.2622030417153625,2.1850749104303797,2.0662856437501507,1.4121707856008021,1.2622030417153625,2.1850749104303797,-0.25700442235389254,4.627154243214652,2.4420793327842722,0.1,52.0,3.0,,,
West Nile,2020,second_season,soya_beans,3,dummy_mean,pca,raw,0.6049960464155939,2.1850749104303797,2.0662856437501507,2.823781736252928,0.6049960464155939,2.1850749104303797,-0.25700442235389254,4.627154243214652,2.4420793327842722,0.1,52.0,3.0,,,
West Nile,2020,second_season,sweet_potatoes,3,dummy_mean,pca,raw,10.90567139457088,2.1850749104303797,2.0662856437501507,6.104335473351614,10.90567139457088,2.1850749104303797,-0.25700442235389254,4.627154243214652,2.4420793327842722,0.1,52.0,3.0,,,
Busoga,2020,first_season,beans,4,dummy_mean,pca,raw,0.6401206168693182,1.7007977073664668,1.8016671470305063,0.7725881369501938,0.6401206168693182,1.7007977073664668,-3.9591564642789536,7.360751879011888,5.6599541716454205,0.1,58.0,3.0,,,
Busoga,2020,first_season,groundnuts,4,dummy_mean,pca,raw,0.3322482939632105,1.7007977073664668,1.8016671470305063,0.5479446238104857,0.3322482939632105,1.7007977073664668,-3.9591564642789536,7.360751879011888,5.6599541716454205,0.1,58.0,3.0,,,
Busoga,2020,first_season,maize,4,dummy_mean,pca,raw,1.5222384603844508,1.7007977073664668,1.8016671470305063,2.6412707918169636,1.5222384603844508,1.7007977073664668,-3.9591564642789536,7.360751879011888,5.6599541716454205,0.1,58.0,3.0,,,
Busoga,2020,first_season,millet,4,dummy_mean,pca,raw,0.6572884828877947,1.7007977073664668,1.8016671470305063,0.5738783706046435,0.6572884828877947,1.7007977073664668,-3.9591564642789536,7.360751879011888,5.6599541716454205,0.1,58.0,3.0,,,
Busoga,2020,first_season,rice,4,dummy_mean,pca,raw,1.4797729580148753,1.7007977073664668,1.8016671470305063,1.4257179867225263,1.4797729580148753,1.7007977073664668,-3.9591564642789536,7.360751879011888,5.6599541716454205,0.1,58.0,3.0,,,
Busoga,2020,first_season,simsim,4,dummy_mean,pca,raw,0.3994351113633946,1.7007977073664668,1.8016671470305063,0.42925700279116347,0.3994351113633946,1.7007977073664668,-3.9591564642789536,7.360751879011888,5.6599541716454205,0.1,58.0,3.0,,,
Busoga,2020,first_season,sorghum,4,dummy_mean,pca,raw,0.6036980012037914,1.7007977073664668,1.8016671470305063,1.3361928120558897,0.6036980012037914,1.7007977073664668,-3.9591564642789536,7.360751879011888,5.6599541716454205,0.1,58.0,3.0,,,
Busoga,2020,first_season,soya_beans,4,dummy_mean,pca,raw,0.4333391184708587,1.7007977073664668,1.8016671470305063,0.6555232704687651,0.4333391184708587,1.7007977073664668,-3.9591564642789536,7.360751879011888,5.6599541716454205,0.1,58.0,3.0,,,
Busoga,2020,first_season,sweet_potatoes,4,dummy_mean,pca,raw,3.4113171715767456,1.7007977073664668,1.8016671470305063,6.5300697168629425,3.4113171715767456,1.7007977073664668,-3.9591564642789536,7.360751879011888,5.6599541716454205,0.1,58.0,3.0,,,
Busoga,2020,second_season,beans,4,dummy_mean,pca,raw,0.8018694899438293,1.7007977073664668,1.8016671470305063,0.7725881369501938,0.8018694899438293,1.7007977073664668,-3.9591564642789536,7.360751879011888,5.6599541716454205,0.1,58.0,3.0,,,
Busoga,2020,second_season,groundnuts,4,dummy_mean,pca,raw,0.4062549460293829,1.7007977073664668,1.8016671470305063,0.5479446238104857,0.4062549460293829,1.7007977073664668,-3.9591564642789536,7.360751879011888,5.6599541716454205,0.1,58.0,3.0,,,
Busoga,2020,second_season,maize,4,dummy_mean,pca,raw,1.7237131684916815,1.7007977073664668,1.8016671470305063,2.6412707918169636,1.7237131684916815,1.7007977073664668,-3.9591564642789536,7.360751879011888,5.6599541716454205,0.1,58.0,3.0,,,
Busoga,2020,second_season,millet,4,dummy_mean,pca,raw,0.2369138654637815,1.7007977073664668,1.8016671470305063,0.5738783706046435,0.2369138654637815,1.7007977073664668,-3.9591564642789536,7.360751879011888,5.6599541716454205,0.1,58.0,3.0,,,
Busoga,2020,second_season,rice,4,dummy_mean,pca,raw,2.088480457936548,1.7007977073664668,1.8016671470305063,1.4257179867225263,2.088480457936548,1.7007977073664668,-3.9591564642789536,7.360751879011888,5.6599541716454205,0.1,58.0,3.0,,,
Busoga,2020,second_season,simsim,4,dummy_mean,pca,raw,0.2995884010467337,1.7007977073664668,1.8016671470305063,0.42925700279116347,0.2995884010467337,1.7007977073664668,-3.9591564642789536,7.360751879011888,5.6599541716454205,0.1,58.0,3.0,,,
Busoga,2020,second_season,sorghum,4,dummy_mean,pca,raw,0.6561084833674863,1.7007977073664668,1.8016671470305063,1.3361928120558897,0.6561084833674863,1.7007977073664668,-3.9591564642789536,7.360751879011888,5.6599541716454205,0.1,58.0,3.0,,,
Busoga,2020,second_season,soya_beans,4,dummy_mean,pca,raw,0.5938545772757312,1.7007977073664668,1.8016671470305063,0.6555232704687651,0.5938545772757312,1.7007977073664668,-3.9591564642789536,7.360751879011888,5.6599541716454205,0.1,58.0,3.0,,,
Busoga,2020,second_season,sweet_potatoes,4,dummy_mean,pca,raw,4.046477355605773,1.7007977073664668,1.8016671470305063,6.5300697168629425,4.046477355605773,1.7007977073664668,-3.9591564642789536,7.360751879011888,5.6599541716454205,0.1,58.0,3.0,,,
Kigezi,2020,first_season,beans,4,dummy_mean,pca,raw,0.6821726355797036,1.7007977073664668,1.8016671470305063,0.7725881369501938,0.6821726355797036,1.7007977073664668,-3.9591564642789536,7.360751879011888,5.6599541716454205,0.1,58.0,3.0,,,
Kigezi,2020,first_season,groundnuts,4,dummy_mean,pca,raw,0.4632654520489824,1.7007977073664668,1.8016671470305063,0.5479446238104857,0.4632654520489824,1.7007977073664668,-3.9591564642789536,7.360751879011888,5.6599541716454205,0.1,58.0,3.0,,,
Kigezi,2020,first_season,irish_potatoes,4,dummy_mean,pca,raw,5.319403533719373,1.7007977073664668,1.8016671470305063,4.047210229393464,5.319403533719373,1.7007977073664668,-3.9591564642789536,7.360751879011888,5.6599541716454205,0.1,58.0,3.0,,,
Kigezi,2020,first_season,maize,4,dummy_mean,pca,raw,1.6788303054282812,1.7007977073664668,1.8016671470305063,2.6412707918169636,1.6788303054282812,1.7007977073664668,-3.9591564642789536,7.360751879011888,5.6599541716454205,0.1,58.0,3.0,,,
Kigezi,2020,first_season,millet,4,dummy_mean,pca,raw,0.7582314811841495,1.7007977073664668,1.8016671470305063,0.5738783706046435,0.7582314811841495,1.7007977073664668,-3.9591564642789536,7.360751879011888,5.6599541716454205,0.1,58.0,3.0,,,
Kigezi,2020,first_season,rice,4,dummy_mean,pca,raw,1.457131297713486,1.7007977073664668,1.8016671470305063,1.4257179867225263,1.457131297713486,1.7007977073664668,-3.9591564642789536,7.360751879011888,5.6599541716454205,0.1,58.0,3.0,,,
Kigezi,2020,first_season,sorghum,4,dummy_mean,pca,raw,0.9963816683569464,1.7007977073664668,1.8016671470305063,1.3361928120558897,0.9963816683569464,1.7007977073664668,-3.9591564642789536,7.360751879011888,5.6599541716454205,0.1,58.0,3.0,,,
Kigezi,2020,first_season,soya_beans,4,dummy_mean,pca,raw,0.5069027622936974,1.7007977073664668,1.8016671470305063,0.6555232704687651,0.5069027622936974,1.7007977073664668,-3.9591564642789536,7.360751879011888,5.6599541716454205,0.1,58.0,3.0,,,
Kigezi,2020,first_season,sweet_potatoes,4,dummy_mean,pca,raw,3.68073317352751,1.7007977073664668,1.8016671470305063,6.5300697168629425,3.68073317352751,1.7007977073664668,-3.9591564642789536,7.360751879011888,5.6599541716454205,0.1,58.0,3.0,,,
Kigezi,2020,second_season,beans,4,dummy_mean,pca,raw,1.2309422257456628,1.7007977073664668,1.8016671470305063,0.7725881369501938,1.2309422257456628,1.7007977073664668,-3.9591564642789536,7.360751879011888,5.6599541716454205,0.1,58.0,3.0,,,
Kigezi,2020,second_season,groundnuts,4,dummy_mean,pca,raw,0.7496304931127425,1.7007977073664668,1.8016671470305063,0.5479446238104857,0.7496304931127425,1.7007977073664668,-3.9591564642789536,7.360751879011888,5.6599541716454205,0.1,58.0,3.0,,,
Kigezi,2020,second_season,irish_potatoes,4,dummy_mean,pca,raw,7.829884297424306,1.7007977073664668,1.8016671470305063,4.047210229393464,7.829884297424306,1.7007977073664668,-3.9591564642789536,7.360751879011888,5.6599541716454205,0.1,58.0,3.0,,,
Kigezi,2020,second_season,maize,4,dummy_mean,pca,raw,4.580426866194772,1.7007977073664668,1.8016671470305063,2.6412707918169636,4.580426866194772,1.7007977073664668,-3.9591564642789536,7.360751879011888,5.6599541716454205,0.1,58.0,3.0,,,
Kigezi,2020,second_season,millet,4,dummy_mean,pca,raw,0.96011465247634,1.7007977073664668,1.8016671470305063,0.5738783706046435,0.96011465247634,1.7007977073664668,-3.9591564642789536,7.360751879011888,5.6599541716454205,0.1,58.0,3.0,,,
Kigezi,2020,second_season,rice,4,dummy_mean,pca,raw,3.966514747112424,1.7007977073664668,1.8016671470305063,1.4257179867225263,3.966514747112424,1.7007977073664668,-3.9591564642789536,7.360751879011888,5.6599541716454205,0.1,58.0,3.0,,,
Kigezi,2020,second_season,sorghum,4,dummy_mean,pca,raw,0.9034020239226584,1.7007977073664668,1.8016671470305063,1.3361928120558897,0.9034020239226584,1.7007977073664668,-3.9591564642789536,7.360751879011888,5.6599541716454205,0.1,58.0,3.0,,,
Kigezi,2020,second_season,soya_beans,4,dummy_mean,pca,raw,44.29863915774654,1.7007977073664668,1.8016671470305063,0.6555232704687651,44.29863915774654,1.7007977073664668,-3.9591564642789536,7.360751879011888,5.6599541716454205,0.1,58.0,3.0,,,
Kigezi,2020,second_season,sweet_potatoes,4,dummy_mean,pca,raw,7.307468270304063,1.7007977073664668,1.8016671470305063,6.5300697168629425,7.307468270304063,1.7007977073664668,-3.9591564642789536,7.360751879011888,5.6599541716454205,0.1,58.0,3.0,,,
South Buganda,2020,first_season,beans,4,dummy_mean,pca,raw,0.6286830497610721,1.7007977073664668,1.8016671470305063,0.7725881369501938,0.6286830497610721,1.7007977073664668,-3.9591564642789536,7.360751879011888,5.6599541716454205,0.1,58.0,3.0,,,
South Buganda,2020,first_season,groundnuts,4,dummy_mean,pca,raw,0.6198068833094821,1.7007977073664668,1.8016671470305063,0.5479446238104857,0.6198068833094821,1.7007977073664668,-3.9591564642789536,7.360751879011888,5.6599541716454205,0.1,58.0,3.0,,,
South Buganda,2020,first_season,irish_potatoes,4,dummy_mean,pca,raw,3.3283582090790134,1.7007977073664668,1.8016671470305063,4.047210229393464,3.3283582090790134,1.7007977073664668,-3.9591564642789536,7.360751879011888,5.6599541716454205,0.1,58.0,3.0,,,
South Buganda,2020,first_season,maize,4,dummy_mean,pca,raw,1.658719821291578,1.7007977073664668,1.8016671470305063,2.6412707918169636,1.658719821291578,1.7007977073664668,-3.9591564642789536,7.360751879011888,5.6599541716454205,0.1,58.0,3.0,,,
South Buganda,2020,first_season,millet,4,dummy_mean,pca,raw,0.4388892155530794,1.7007977073664668,1.8016671470305063,0.5738783706046435,0.4388892155530794,1.7007977073664668,-3.9591564642789536,7.360751879011888,5.6599541716454205,0.1,58.0,3.0,,,
South Buganda,2020,first_season,rice,4,dummy_mean,pca,raw,2.3727137710817736,1.7007977073664668,1.8016671470305063,1.4257179867225263,2.3727137710817736,1.7007977073664668,-3.9591564642789536,7.360751879011888,5.6599541716454205,0.1,58.0,3.0,,,
South Buganda,2020,first_season,sorghum,4,dummy_mean,pca,raw,0.5363321684614435,1.7007977073664668,1.8016671470305063,1.3361928120558897,0.5363321684614435,1.7007977073664668,-3.9591564642789536,7.360751879011888,5.6599541716454205,0.1,58.0,3.0,,,
South Buganda,2020,first_season,soya_beans,4,dummy_mean,pca,raw,0.5931784427704433,1.7007977073664668,1.8016671470305063,0.6555232704687651,0.5931784427704433,1.7007977073664668,-3.9591564642789536,7.360751879011888,5.6599541716454205,0.1,58.0,3.0,,,
South Buganda,2020,first_season,sweet_potatoes,4,dummy_mean,pca,raw,3.666537379696348,1.7007977073664668,1.8016671470305063,6.5300697168629425,3.666537379696348,1.7007977073664668,-3.9591564642789536,7.360751879011888,5.6599541716454205,0.1,58.0,3.0,,,
South Buganda,2020,second_season,beans,4,dummy_mean,pca,raw,1.1321807165247713,1.7007977073664668,1.8016671470305063,0.7725881369501938,1.1321807165247713,1.7007977073664668,-3.9591564642789536,7.360751879011888,5.6599541716454205,0.1,58.0,3.0,,,
South Buganda,2020,second_season,groundnuts,4,dummy_mean,pca,raw,1.0649682679639256,1.7007977073664668,1.8016671470305063,0.5479446238104857,1.0649682679639256,1.7007977073664668,-3.9591564642789536,7.360751879011888,5.6599541716454205,0.1,58.0,3.0,,,
South Buganda,2020,second_season,irish_potatoes,4,dummy_mean,pca,raw,6.759325459944138,1.7007977073664668,1.8016671470305063,4.047210229393464,6.759325459944138,1.7007977073664668,-3.9591564642789536,7.360751879011888,5.6599541716454205,0.1,58.0,3.0,,,
South Buganda,2020,second_season,maize,4,dummy_mean,pca,raw,2.314641460829224,1.7007977073664668,1.8016671470305063,2.6412707918169636,2.314641460829224,1.7007977073664668,-3.9591564642789536,7.360751879011888,5.6599541716454205,0.1,58.0,3.0,,,
South Buganda,2020,second_season,millet,4,dummy_mean,pca,raw,0.721953108076217,1.7007977073664668,1.8016671470305063,0.5738783706046435,0.721953108076217,1.7007977073664668,-3.9591564642789536,7.360751879011888,5.6599541716454205,0.1,58.0,3.0,,,
South Buganda,2020,second_season,sorghum,4,dummy_mean,pca,raw,3.5799019725152155,1.7007977073664668,1.8016671470305063,1.3361928120558897,3.5799019725152155,1.7007977073664668,-3.9591564642789536,7.360751879011888,5.6599541716454205,0.1,58.0,3.0,,,
South Buganda,2020,second_season,sweet_potatoes,4,dummy_mean,pca,raw,6.065522206096139,1.7007977073664668,1.8016671470305063,6.5300697168629425,6.065522206096139,1.7007977073664668,-3.9591564642789536,7.360751879011888,5.6599541716454205,0.1,58.0,3.0,,,
Bunyoro,2020,first_season,beans,5,dummy_mean,pca,raw,0.8260947143833511,2.115611141483227,2.0664785772522087,0.7821426946020412,0.8260947143833511,2.115611141483227,-0.6094019707624581,4.840624253728912,2.725013112245685,0.1,52.0,3.0,,,
Bunyoro,2020,first_season,groundnuts,5,dummy_mean,pca,raw,0.6650306538588546,2.115611141483227,2.0664785772522087,0.5656278431447842,0.6650306538588546,2.115611141483227,-0.6094019707624581,4.840624253728912,2.725013112245685,0.1,52.0,3.0,,,
Bunyoro,2020,first_season,irish_potatoes,5,dummy_mean,pca,raw,2.220589656235262,2.115611141483227,2.0664785772522087,4.7812646841975734,2.220589656235262,2.115611141483227,-0.6094019707624581,4.840624253728912,2.725013112245685,0.1,52.0,3.0,,,
Bunyoro,2020,first_season,maize,5,dummy_mean,pca,raw,2.3426553850030096,2.115611141483227,2.0664785772522087,2.4053055087174147,2.3426553850030096,2.115611141483227,-0.6094019707624581,4.840624253728912,2.725013112245685,0.1,52.0,3.0,,,
Bunyoro,2020,first_season,millet,5,dummy_mean,pca,raw,0.2753703982834791,2.115611141483227,2.0664785772522087,0.6309719027500666,0.2753703982834791,2.115611141483227,-0.6094019707624581,4.840624253728912,2.725013112245685,0.1,52.0,3.0,,,
Bunyoro,2020,first_season,rice,5,dummy_mean,pca,raw,1.4308437859507233,2.115611141483227,2.0664785772522087,1.611955233813348,1.4308437859507233,2.115611141483227,-0.6094019707624581,4.840624253728912,2.725013112245685,0.1,52.0,3.0,,,
Bunyoro,2020,first_season,simsim,5,dummy_mean,pca,raw,0.5005342402042084,2.115611141483227,2.0664785772522087,0.42646604553162476,0.5005342402042084,2.115611141483227,-0.6094019707624581,4.840624253728912,2.725013112245685,0.1,52.0,3.0,,,
Bunyoro,2020,first_season,sorghum,5,dummy_mean,pca,raw,1.3881045542850072,2.115611141483227,2.0664785772522087,1.3031889535170247,1.3881045542850072,2.115611141483227,-0.6094019707624581,4.840624253728912,2.725013112245685,0.1,52.0,3.0,,,
Bunyoro,2020,first_season,soya_beans,5,dummy_mean,pca,raw,0.6855186697585186,2.115611141483227,2.0664785772522087,2.6171380251865526,0.6855186697585186,2.115611141483227,-0.6094019707624581,4.840624253728912,2.725013112245685,0.1,52.0,3.0,,,
Bunyoro,2020,first_season,sweet_potatoes,5,dummy_mean,pca,raw,2.0298423975087787,2.115611141483227,2.0664785772522087,6.191142717319159,2.0298423975087787,2.115611141483227,-0.6094019707624581,4.840624253728912,2.725013112245685,0.1,52.0,3.0,,,
Bunyoro,2020,second_season,beans,5,dummy_mean,pca,raw,1.200511704804833,2.115611141483227,2.0664785772522087,0.7821426946020412,1.200511704804833,2.115611141483227,-0.6094019707624581,4.840624253728912,2.725013112245685,0.1,52.0,3.0,,,
Bunyoro,2020,second_season,groundnuts,5,dummy_mean,pca,raw,0.7713261452057008,2.115611141483227,2.0664785772522087,0.5656278431447842,0.7713261452057008,2.115611141483227,-0.6094019707624581,4.840624253728912,2.725013112245685,0.1,52.0,3.0,,,
Bunyoro,2020,second_season,irish_potatoes,5,dummy_mean,pca,raw,2.6451990178871103,2.115611141483227,2.0664785772522087,4.7812646841975734,2.6451990178871103,2.115611141483227,-0.6094019707624581,4.840624253728912,2.725013112245685,0.1,52.0,3.0,,,
Bunyoro,2020,second_season,maize,5,dummy_mean,pca,raw,3.0549264654046246,2.115611141483227,2.0664785772522087,2.4053055087174147,3.0549264654046246,2.115611141483227,-0.6094019707624581,4.840624253728912,2.725013112245685,0.1,52.0,3.0,,,
Bunyoro,2020,second_season,millet,5,dummy_mean,pca,raw,0.4212512776206598,2.115611141483227,2.0664785772522087,0.6309719027500666,0.4212512776206598,2.115611141483227,-0.6094019707624581,4.840624253728912,2.725013112245685,0.1,52.0,3.0,,,
Bunyoro,2020,second_season,rice,5,dummy_mean,pca,raw,1.6224963809696238,2.115611141483227,2.0664785772522087,1.611955233813348,1.6224963809696238,2.115611141483227,-0.6094019707624581,4.840624253728912,2.725013112245685,0.1,52.0,3.0,,,
Bunyoro,2020,second_season,sorghum,5,dummy_mean,pca,raw,0.8920114348791089,2.115611141483227,2.0664785772522087,1.3031889535170247,0.8920114348791089,2.115611141483227,-0.6094019707624581,4.840624253728912,2.725013112245685,0.1,52.0,3.0,,,
Bunyoro,2020,second_season,soya_beans,5,dummy_mean,pca,raw,0.7040260876893635,2.115611141483227,2.0664785772522087,2.6171380251865526,0.7040260876893635,2.115611141483227,-0.6094019707624581,4.840624253728912,2.725013112245685,0.1,52.0,3.0,,,
Bunyoro,2020,second_season,sweet_potatoes,5,dummy_mean,pca,raw,8.162182280896847,2.115611141483227,2.0664785772522087,6.191142717319159,8.162182280896847,2.115611141483227,-0.6094019707624581,4.840624253728912,2.725013112245685,0.1,52.0,3.0,,,
Karamoja,2020,first_season,beans,5,dummy_mean,pca,raw,0.5422885207412549,2.115611141483227,2.0664785772522087,0.7821426946020412,0.5422885207412549,2.115611141483227,-0.6094019707624581,4.840624253728912,2.725013112245685,0.1,52.0,3.0,,,
Karamoja,2020,first_season,groundnuts,5,dummy_mean,pca,raw,0.5747979489963491,2.115611141483227,2.0664785772522087,0.5656278431447842,0.5747979489963491,2.115611141483227,-0.6094019707624581,4.840624253728912,2.725013112245685,0.1,52.0,3.0,,,
Karamoja,2020,first_season,maize,5,dummy_mean,pca,raw,1.2175480596073385,2.115611141483227,2.0664785772522087,2.4053055087174147,1.2175480596073385,2.115611141483227,-0.6094019707624581,4.840624253728912,2.725013112245685,0.1,52.0,3.0,,,
Karamoja,2020,first_season,millet,5,dummy_mean,pca,raw,0.2665642826776189,2.115611141483227,2.0664785772522087,0.6309719027500666,0.2665642826776189,2.115611141483227,-0.6094019707624581,4.840624253728912,2.725013112245685,0.1,52.0,3.0,,,
Karamoja,2020,first_season,rice,5,dummy_mean,pca,raw,1.5488549025864504,2.115611141483227,2.0664785772522087,1.611955233813348,1.5488549025864504,2.115611141483227,-0.6094019707624581,4.840624253728912,2.725013112245685,0.1,52.0,3.0,,,
Karamoja,2020,first_season,simsim,5,dummy_mean,pca,raw,0.2487265028776165,2.115611141483227,2.0664785772522087,0.42646604553162476,0.2487265028776165,2.115611141483227,-0.6094019707624581,4.840624253728912,2.725013112245685,0.1,52.0,3.0,,,
Karamoja,2020,first_season,sorghum,5,dummy_mean,pca,raw,0.6347991969213849,2.115611141483227,2.0664785772522087,1.3031889535170247,0.6347991969213849,2.115611141483227,-0.6094019707624581,4.840624253728912,2.725013112245685,0.1,52.0,3.0,,,
Karamoja,2020,first_season,soya_beans,5,dummy_mean,pca,raw,0.5697981563805337,2.115611141483227,2.0664785772522087,2.6171380251865526,0.5697981563805337,2.115611141483227,-0.6094019707624581,4.840624253728912,2.725013112245685,0.1,52.0,3.0,,,
Karamoja,2020,second_season,groundnuts,5,dummy_mean,pca,raw,0.1047330767226874,2.115611141483227,2.0664785772522087,0.5656278431447842,0.1047330767226874,2.115611141483227,-0.6094019707624581,4.840624253728912,2.725013112245685,0.1,52.0,3.0,,,
Karamoja,2020,second_season,maize,5,dummy_mean,pca,raw,7.244065383360269,2.115611141483227,2.0664785772522087,2.4053055087174147,7.244065383360269,2.115611141483227,-0.6094019707624581,4.840624253728912,2.725013112245685,0.1,52.0,3.0,,,
Karamoja,2020,second_season,millet,5,dummy_mean,pca,raw,0.349296866505584,2.115611141483227,2.0664785772522087,0.6309719027500666,0.349296866505584,2.115611141483227,-0.6094019707624581,4.840624253728912,2.725013112245685,0.1,52.0,3.0,,,
Karamoja,2020,second_season,sorghum,5,dummy_mean,pca,raw,2.480616112563021,2.115611141483227,2.0664785772522087,1.3031889535170247,2.480616112563021,2.115611141483227,-0.6094019707624581,4.840624253728912,2.725013112245685,0.1,52.0,3.0,,,
Acholi,2020,first_season,beans,1,ridge,pca,raw,0.8570862730857126,0.8340680303538607,2.1075068827579884,0.7986540097128687,0.8570862730857126,0.8340680303538607,-2.199785351047112,3.8679214117548333,3.0338533814009727,0.1,56.0,3.0,,,
Acholi,2020,first_season,groundnuts,1,ridge,pca,raw,0.579730411471064,0.1769421375655038,2.1075068827579884,0.5687183500759414,0.579730411471064,0.1769421375655038,-2.856911243835469,3.2107955189664765,3.0338533814009727,0.1,56.0,3.0,,,
Acholi,2020,first_season,maize,1,ridge,pca,raw,1.6268858066002263,2.3172199976468857,2.1075068827579884,2.7363424889537766,1.6268858066002263,2.3172199976468857,-0.716633383754087,5.351073379047858,3.0338533814009727,0.1,56.0,3.0,,,
Acholi,2020,first_season,millet,1,ridge,pca,raw,0.2602112569707439,0.31251521830740087,2.1075068827579884,0.6354044224045948,0.2602112569707439,0.31251521830740087,-2.721338163093572,3.3463685997083736,3.0338533814009727,0.1,56.0,3.0,,,
Acholi,2020,first_season,rice,1,ridge,pca,raw,1.8354492390020587,1.3881305938320807,2.1075068827579884,1.7589076363956022,1.8354492390020587,1.3881305938320807,-1.645722787568892,4.421983975233053,3.0338533814009727,0.1,56.0,3.0,,,
Acholi,2020,first_season,simsim,1,ridge,pca,raw,0.2405641336366695,0.18647094452624668,2.1075068827579884,0.3999465592781099,0.2405641336366695,0.18647094452624668,-2.8473824368747263,3.220324325927219,3.0338533814009727,0.1,56.0,3.0,,,
Acholi,2020,first_season,sorghum,1,ridge,pca,raw,0.7136992535711828,0.9848773366386365,2.1075068827579884,1.3246497888304674,0.7136992535711828,0.9848773366386365,-2.048976044762336,4.01873071803961,3.0338533814009727,0.1,56.0,3.0,,,
Acholi,2020,first_season,soya_beans,1,ridge,pca,raw,1.0958248492916711,0.3168600613261029,2.1075068827579884,2.930292181557787,1.0958248492916711,0.3168600613261029,-2.7169933200748697,3.3507134427270757,3.0338533814009727,0.1,56.0,3.0,,,
Acholi,2020,first_season,sweet_potatoes,1,ridge,pca,raw,7.360751879011887,4.567946883792518,2.1075068827579884,5.983658411491209,7.360751879011887,4.567946883792518,1.5340935023915456,7.601800265193491,3.0338533814009727,0.1,56.0,3.0,,,
Acholi,2020,second_season,beans,1,ridge,pca,raw,0.8791468943891129,1.9398584510715022,2.1075068827579884,0.7986540097128687,0.8791468943891129,1.9398584510715022,-1.0939949303294705,4.973711832472475,3.0338533814009727,0.1,56.0,3.0,,,
Acholi,2020,second_season,groundnuts,1,ridge,pca,raw,0.774283389787513,1.2827325582831455,2.1075068827579884,0.5687183500759414,0.774283389787513,1.2827325582831455,-1.7511208231178272,4.316585939684118,3.0338533814009727,0.1,56.0,3.0,,,
Acholi,2020,second_season,maize,1,ridge,pca,raw,1.9919193221111424,3.423010418364527,2.1075068827579884,2.7363424889537766,1.9919193221111424,3.423010418364527,0.3891570369635544,6.4568637997655,3.0338533814009727,0.1,56.0,3.0,,,
Acholi,2020,second_season,millet,1,ridge,pca,raw,0.3783444913194841,1.4183056390250424,2.1075068827579884,0.6354044224045948,0.3783444913194841,1.4183056390250424,-1.6155477423759304,4.452159020426015,3.0338533814009727,0.1,56.0,3.0,,,
Acholi,2020,second_season,rice,1,ridge,pca,raw,0.8047415933139703,2.493921014549722,2.1075068827579884,1.7589076363956022,0.8047415933139703,2.493921014549722,-0.5399323668512506,5.527774395950695,3.0338533814009727,0.1,56.0,3.0,,,
Acholi,2020,second_season,simsim,1,ridge,pca,raw,0.3592611565204056,1.2922613652438883,2.1075068827579884,0.3999465592781099,0.3592611565204056,1.2922613652438883,-1.7415920161570844,4.326114746644861,3.0338533814009727,0.1,56.0,3.0,,,
Acholi,2020,second_season,sorghum,1,ridge,pca,raw,1.0529020128934117,2.090667757356278,2.1075068827579884,1.3246497888304674,1.0529020128934117,2.090667757356278,-0.9431856240446947,5.124521138757251,3.0338533814009727,0.1,56.0,3.0,,,
Acholi,2020,second_season,soya_beans,1,ridge,pca,raw,0.8621074636111007,1.4226504820437444,2.1075068827579884,2.930292181557787,0.8621074636111007,1.4226504820437444,-1.6112028993572283,4.456503863444717,3.0338533814009727,0.1,56.0,3.0,,,
Acholi,2020,second_season,sweet_potatoes,1,ridge,pca,raw,14.728567574673178,5.67373730451016,2.1075068827579884,5.983658411491209,14.728567574673178,5.67373730451016,2.6398839231091875,8.707590685911132,3.0338533814009727,0.1,56.0,3.0,,,
North Buganda,2020,first_season,beans,1,ridge,pca,raw,0.6433017110440628,0.8795304866648801,2.1075068827579884,0.7986540097128687,0.6433017110440628,0.8795304866648801,-2.154322894736093,3.9133838680658526,3.0338533814009727,0.1,56.0,3.0,,,
North Buganda,2020,first_season,groundnuts,1,ridge,pca,raw,0.4198664546099319,0.22240459387652334,2.1075068827579884,0.5687183500759414,0.4198664546099319,0.22240459387652334,-2.8114487875244496,3.256257975277496,3.0338533814009727,0.1,56.0,3.0,,,
North Buganda,2020,first_season,irish_potatoes,1,ridge,pca,raw,3.149663292713082,3.600865426419047,2.1075068827579884,4.440832751461744,3.149663292713082,3.600865426419047,0.5670120450180742,6.63471880782002,3.0338533814009727,0.1,56.0,3.0,,,
North Buganda,2020,first_season,maize,1,ridge,pca,raw,2.169407944352197,2.3626824539579045,2.1075068827579884,2.7363424889537766,2.169407944352197,2.3626824539579045,-0.6711709274430682,5.396535835358877,3.0338533814009727,0.1,56.0,3.0,,,
North Buganda,2020,first_season,millet,1,ridge,pca,raw,0.493228260930458,0.3579776746184202,2.1075068827579884,0.6354044224045948,0.493228260930458,0.3579776746184202,-2.6758757067825525,3.391831056019393,3.0338533814009727,0.1,56.0,3.0,,,
North Buganda,2020,first_season,rice,1,ridge,pca,raw,1.0029754145357688,1.4335930501431,2.1075068827579884,1.7589076363956022,1.0029754145357688,1.4335930501431,-1.6002603312578727,4.467446431544072,3.0338533814009727,0.1,56.0,3.0,,,
North Buganda,2020,first_season,simsim,1,ridge,pca,raw,0.1854698986731419,0.2319334008372662,2.1075068827579884,0.3999465592781099,0.1854698986731419,0.2319334008372662,-2.8019199805637065,3.265786782238239,3.0338533814009727,0.1,56.0,3.0,,,
North Buganda,2020,first_season,sorghum,1,ridge,pca,raw,0.0988630737950738,1.0303397929496558,2.1075068827579884,1.3246497888304674,0.0988630737950738,1.0303397929496558,-2.003513588451317,4.0641931743506285,3.0338533814009727,0.1,56.0,3.0,,,
North Buganda,2020,first_season,soya_beans,1,ridge,pca,raw,0.4702301599548245,0.36232251763712225,2.1075068827579884,2.930292181557787,0.4702301599548245,0.36232251763712225,-2.6715308637638504,3.396175899038095,3.0338533814009727,0.1,56.0,3.0,,,
North Buganda,2020,first_season,sweet_potatoes,1,ridge,pca,raw,2.687525566046792,4.613409340103537,2.1075068827579884,5.983658411491209,2.687525566046792,4.613409340103537,1.5795559587025645,7.64726272150451,3.0338533814009727,0.1,56.0,3.0,,,
North Buganda,2020,second_season,beans,1,ridge,pca,raw,0.9823435270848496,1.5465589814676286,2.1075068827579884,0.7986540097128687,0.9823435270848496,1.5465589814676286,-1.4872943999333441,4.580412362868602,3.0338533814009727,0.1,56.0,3.0,,,
North Buganda,2020,second_season,groundnuts,1,ridge,pca,raw,0.6052217822979895,0.8894330886792718,2.1075068827579884,0.5687183500759414,0.6052217822979895,0.8894330886792718,-2.144420292721701,3.9232864700802446,3.0338533814009727,0.1,56.0,3.0,,,
North Buganda,2020,second_season,irish_potatoes,1,ridge,pca,raw,6.482172439710905,4.267893921221796,2.1075068827579884,4.440832751461744,6.482172439710905,4.267893921221796,1.234040539820823,7.301747302622768,3.0338533814009727,0.1,56.0,3.0,,,
North Buganda,2020,second_season,maize,1,ridge,pca,raw,2.6867403311215865,3.0297109487606533,2.1075068827579884,2.7363424889537766,2.6867403311215865,3.0297109487606533,-0.004142432640319438,6.0635643301616255,3.0338533814009727,0.1,56.0,3.0,,,
North Buganda,2020,second_season,millet,1,ridge,pca,raw,0.7672214167665391,1.0250061694211685,2.1075068827579884,0.6354044224045948,0.7672214167665391,1.0250061694211685,-2.008847211979804,4.058859550822142,3.0338533814009727,0.1,56.0,3.0,,,
North Buganda,2020,second_season,rice,1,ridge,pca,raw,0.7664154644961585,2.1006215449458483,2.1075068827579884,1.7589076363956022,0.7664154644961585,2.1006215449458483,-0.9332318364551244,5.134474926346821,3.0338533814009727,0.1,56.0,3.0,,,
North Buganda,2020,second_season,simsim,1,ridge,pca,raw,1.0617776543409592,0.8989618956400146,2.1075068827579884,0.3999465592781099,1.0617776543409592,0.8989618956400146,-2.134891485760958,3.932815277040987,3.0338533814009727,0.1,56.0,3.0,,,
North Buganda,2020,second_season,sorghum,1,ridge,pca,raw,3.8791100754366425,1.6973682877524043,2.1075068827579884,1.3246497888304674,3.8791100754366425,1.6973682877524043,-1.3364850936485684,4.731221669153377,3.0338533814009727,0.1,56.0,3.0,,,
North Buganda,2020,second_season,soya_beans,1,ridge,pca,raw,0.4386972792209299,1.0293510124398706,2.1075068827579884,2.930292181557787,0.4386972792209299,1.0293510124398706,-2.004502368961102,4.063204393840843,3.0338533814009727,0.1,56.0,3.0,,,
North Buganda,2020,second_season,sweet_potatoes,1,ridge,pca,raw,6.9509363188894655,5.2804378349062855,2.1075068827579884,5.983658411491209,6.9509363188894655,5.2804378349062855,2.2465844535053128,8.314291216307257,3.0338533814009727,0.1,56.0,3.0,,,
Teso,2020,first_season,beans,1,ridge,pca,raw,0.4787820909269001,0.6605092529862389,2.1075068827579884,0.7986540097128687,0.4787820909269001,0.6605092529862389,-2.373344128414734,3.6943626343872116,3.0338533814009727,0.1,56.0,3.0,,,
Teso,2020,first_season,groundnuts,1,ridge,pca,raw,0.3687334249789069,0.0033833601978821015,2.1075068827579884,0.5687183500759414,0.3687334249789069,0.0033833601978821015,-3.0304700212030906,3.037236741598855,3.0338533814009727,0.1,56.0,3.0,,,
Teso,2020,first_season,maize,1,ridge,pca,raw,1.3718829183654722,2.1436612202792635,2.1075068827579884,2.7363424889537766,1.3718829183654722,2.1436612202792635,-0.8901921611217092,5.177514601680237,3.0338533814009727,0.1,56.0,3.0,,,
Teso,2020,first_season,millet,1,ridge,pca,raw,0.2266117956037198,0.13895644093977888,2.1075068827579884,0.6354044224045948,0.2266117956037198,0.13895644093977888,-2.894896940461194,3.1728098223407515,3.0338533814009727,0.1,56.0,3.0,,,
Teso,2020,first_season,rice,1,ridge,pca,raw,1.3123638688539283,1.214571816464459,2.1075068827579884,1.7589076363956022,1.3123638688539283,1.214571816464459,-1.8192815649365137,4.248425197865432,3.0338533814009727,0.1,56.0,3.0,,,
Teso,2020,first_season,simsim,1,ridge,pca,raw,0.3758526836726521,0.012912167158624865,2.1075068827579884,0.3999465592781099,0.3758526836726521,0.012912167158624865,-3.020941214242348,3.0467655485595975,3.0338533814009727,0.1,56.0,3.0,,,
Teso,2020,first_season,sorghum,1,ridge,pca,raw,0.6439380500075159,0.8113185592710147,2.1075068827579884,1.3246497888304674,0.6439380500075159,0.8113185592710147,-2.222534822129958,3.8451719406719875,3.0338533814009727,0.1,56.0,3.0,,,
Teso,2020,first_season,soya_beans,1,ridge,pca,raw,0.4286664418152572,0.14330128395848107,2.1075068827579884,2.930292181557787,0.4286664418152572,0.14330128395848107,-2.890552097442492,3.1771546653594536,3.0338533814009727,0.1,56.0,3.0,,,
Teso,2020,first_season,sweet_potatoes,1,ridge,pca,raw,2.3919434486183864,4.394388106424897,2.1075068827579884,5.983658411491209,2.3919434486183864,4.394388106424897,1.360534725023924,7.428241487825869,3.0338533814009727,0.1,56.0,3.0,,,
Teso,2020,second_season,beans,1,ridge,pca,raw,0.7279249098775472,1.5209433749864751,2.1075068827579884,0.7986540097128687,0.7279249098775472,1.5209433749864751,-1.5129100064144976,4.554796756387448,3.0338533814009727,0.1,56.0,3.0,,,
Teso,2020,second_season,groundnuts,1,ridge,pca,raw,0.4313168954422955,0.8638174821981184,2.1075068827579884,0.5687183500759414,0.4313168954422955,0.8638174821981184,-2.1700358992028543,3.897670863599091,3.0338533814009727,0.1,56.0,3.0,,,
Teso,2020,second_season,maize,1,ridge,pca,raw,1.540156423059482,3.0040953422795003,2.1075068827579884,2.7363424889537766,1.540156423059482,3.0040953422795003,-0.029758039121472457,6.037948723680473,3.0338533814009727,0.1,56.0,3.0,,,
Teso,2020,second_season,millet,1,ridge,pca,raw,0.3557264962514397,0.9993905629400153,2.1075068827579884,0.6354044224045948,0.3557264962514397,0.9993905629400153,-2.0344628184609572,4.033243944340988,3.0338533814009727,0.1,56.0,3.0,,,
Teso,2020,second_season,rice,1,ridge,pca,raw,1.0709719442643844,2.0750059384646953,2.1075068827579884,1.7589076363956022,1.0709719442643844,2.0750059384646953,-0.9588474429362774,5.108859319865668,3.0338533814009727,0.1,56.0,3.0,,,
Teso,2020,second_season,simsim,1,ridge,pca,raw,0.6034722059137033,0.8733462891588613,2.1075068827579884,0.3999465592781099,0.6034722059137033,0.8733462891588613,-2.1605070922421117,3.9071996705598337,3.0338533814009727,0.1,56.0,3.0,,,
Teso,2020,second_season,sorghum,1,ridge,pca,raw,1.141258363083009,1.671752681271251,2.1075068827579884,1.3246497888304674,1.141258363083009,1.671752681271251,-1.3621007001297216,4.705606062672224,3.0338533814009727,0.1,56.0,3.0,,,
Teso,2020,second_season,soya_beans,1,ridge,pca,raw,0.5653018244408415,1.0037354059587174,2.1075068827579884,2.930292181557787,0.5653018244408415,1.0037354059587174,-2.0301179754422556,4.03758878735969,3.0338533814009727,0.1,56.0,3.0,,,
Teso,2020,second_season,sweet_potatoes,1,ridge,pca,raw,4.986556877001546,5.254822228425134,2.1075068827579884,5.983658411491209,4.986556877001546,5.254822228425134,2.220968847024161,8.288675609826107,3.0338533814009727,0.1,56.0,3.0,,,
Elgon,2020,first_season,beans,2,ridge,pca,raw,0.6700120852270204,3.6987454070465393,1.954636271112969,0.800459608567741,0.6700120852270204,3.6987454070465393,0.7954630871059356,6.602027726987143,2.9032823199406037,0.1,54.0,3.0,,,
Elgon,2020,first_season,groundnuts,2,ridge,pca,raw,0.4950587775158489,2.830116204594634,1.954636271112969,0.5508650616816889,0.4950587775158489,2.830116204594634,-0.07316611534596973,5.733398524535238,2.9032823199406037,0.1,54.0,3.0,,,
Elgon,2020,first_season,irish_potatoes,2,ridge,pca,raw,4.522840340241605,4.247109643664948,1.954636271112969,4.160319420588475,4.522840340241605,4.247109643664948,1.3438273237243443,7.150391963605552,2.9032823199406037,0.1,54.0,3.0,,,
Elgon,2020,first_season,maize,2,ridge,pca,raw,2.591624259545572,4.078876696481016,1.954636271112969,2.445749569645221,2.591624259545572,4.078876696481016,1.1755943765404124,6.98215901642162,2.9032823199406037,0.1,54.0,3.0,,,
Elgon,2020,first_season,millet,2,ridge,pca,raw,0.6858292042822013,2.818276930302128,1.954636271112969,0.588523876879771,0.6858292042822013,2.818276930302128,-0.08500538963847593,5.7215592502427315,2.9032823199406037,0.1,54.0,3.0,,,
Elgon,2020,first_season,rice,2,ridge,pca,raw,2.403967673511646,3.6352884015435087,1.954636271112969,1.5849672137717488,2.403967673511646,3.6352884015435087,0.732006081602905,6.5385707214841124,2.9032823199406037,0.1,54.0,3.0,,,
Elgon,2020,first_season,simsim,2,ridge,pca,raw,1.0133465202105196,3.23400854727299,1.954636271112969,0.4194896280774281,1.0133465202105196,3.23400854727299,0.3307262273323861,6.1372908672135935,2.9032823199406037,0.1,54.0,3.0,,,
Elgon,2020,first_season,sorghum,2,ridge,pca,raw,2.370934481096649,3.1328585853262654,1.954636271112969,1.1729743338682894,2.370934481096649,3.1328585853262654,0.22957626538566167,6.036140905266869,2.9032823199406037,0.1,54.0,3.0,,,
Elgon,2020,first_season,soya_beans,2,ridge,pca,raw,0.5911363692957547,4.873703941033025,1.954636271112969,2.9108857754523334,0.5911363692957547,4.873703941033025,1.970421621092421,7.776986260973628,2.9032823199406037,0.1,54.0,3.0,,,
Elgon,2020,first_season,sweet_potatoes,2,ridge,pca,raw,3.151255842827831,6.114255555328905,1.954636271112969,5.708455116324331,3.151255842827831,6.114255555328905,3.210973235388301,9.017537875269507,2.9032823199406037,0.1,54.0,3.0,,,
Elgon,2020,second_season,beans,2,ridge,pca,raw,0.653829971282899,5.956896660530337,1.954636271112969,0.800459608567741,0.653829971282899,5.956896660530337,3.053614340589733,8.860178980470941,2.9032823199406037,0.1,54.0,3.0,,,
Elgon,2020,second_season,groundnuts,2,ridge,pca,raw,0.7530910039174339,5.088267458078431,1.954636271112969,0.5508650616816889,0.7530910039174339,5.088267458078431,2.1849851381378276,7.991549778019035,2.9032823199406037,0.1,54.0,3.0,,,
Elgon,2020,second_season,irish_potatoes,2,ridge,pca,raw,9.66384795722705,6.505260897148746,1.954636271112969,4.160319420588475,9.66384795722705,6.505260897148746,3.6019785772081425,9.408543217089349,2.9032823199406037,0.1,54.0,3.0,,,
Elgon,2020,second_season,maize,2,ridge,pca,raw,3.423349924580549,6.3370279499648134,1.954636271112969,2.445749569645221,3.423349924580549,6.3370279499648134,3.4337456300242097,9.240310269905418,2.9032823199406037,0.1,54.0,3.0,,,
Elgon,2020,second_season,rice,2,ridge,pca,raw,0.9781169963836972,5.893439655027306,1.954636271112969,1.5849672137717488,0.9781169963836972,5.893439655027306,2.9901573350867023,8.796721974967909,2.9032823199406037,0.1,54.0,3.0,,,
Elgon,2020,second_season,simsim,2,ridge,pca,raw,0.1853682631467308,5.492159800756787,1.954636271112969,0.4194896280774281,0.1853682631467308,5.492159800756787,2.5888774808161834,8.39544212069739,2.9032823199406037,0.1,54.0,3.0,,,
Elgon,2020,second_season,sorghum,2,ridge,pca,raw,3.258267391159824,5.391009838810063,1.954636271112969,1.1729743338682894,3.258267391159824,5.391009838810063,2.487727518869459,8.294292158750666,2.9032823199406037,0.1,54.0,3.0,,,
Elgon,2020,second_season,soya_beans,2,ridge,pca,raw,0.4261906725861129,7.131855194516822,1.954636271112969,2.9108857754523334,0.4261906725861129,7.131855194516822,4.228572874576218,10.035137514457425,2.9032823199406037,0.1,54.0,3.0,,,
Elgon,2020,second_season,sweet_potatoes,2,ridge,pca,raw,3.5591777349294857,8.372406808812702,1.954636271112969,5.708455116324331,3.5591777349294857,8.372406808812702,5.469124488872098,11.275689128753307,2.9032823199406037,0.1,54.0,3.0,,,
Lango,2020,first_season,beans,2,ridge,pca,raw,0.4538514483659436,1.4436561392312273,1.954636271112969,0.800459608567741,0.4538514483659436,1.4436561392312273,-1.4596261807093764,4.346938459171831,2.9032823199406037,0.1,54.0,3.0,,,
Lango,2020,first_season,groundnuts,2,ridge,pca,raw,0.3602760666772656,0.5750269367793223,1.954636271112969,0.5508650616816889,0.3602760666772656,0.5750269367793223,-2.3282553831612813,3.478309256719926,2.9032823199406037,0.1,54.0,3.0,,,
Lango,2020,first_season,maize,2,ridge,pca,raw,1.5321273000173696,1.823787428665704,1.954636271112969,2.445749569645221,1.5321273000173696,1.823787428665704,-1.0794948912748996,4.727069748606308,2.9032823199406037,0.1,54.0,3.0,,,
Lango,2020,first_season,millet,2,ridge,pca,raw,0.3245909082180683,0.5631876624868161,1.954636271112969,0.588523876879771,0.3245909082180683,0.5631876624868161,-2.3400946574537875,3.46646998242742,2.9032823199406037,0.1,54.0,3.0,,,
Lango,2020,first_season,rice,2,ridge,pca,raw,1.0257917523061892,1.3801991337281971,1.954636271112969,1.5849672137717488,1.0257917523061892,1.3801991337281971,-1.5230831862124066,4.2834814536688,2.9032823199406037,0.1,54.0,3.0,,,
Lango,2020,first_season,simsim,2,ridge,pca,raw,0.3598602384189452,0.978919279457678,1.954636271112969,0.4194896280774281,0.3598602384189452,0.978919279457678,-1.9243630404829257,3.8822015993982815,2.9032823199406037,0.1,54.0,3.0,,,
Lango,2020,first_season,sorghum,2,ridge,pca,raw,0.5398912763008505,0.8777693175109534,1.954636271112969,1.1729743338682894,0.5398912763008505,0.8777693175109534,-2.0255130024296504,3.781051637451557,2.9032823199406037,0.1,54.0,3.0,,,
Lango,2020,first_season,soya_beans,2,ridge,pca,raw,0.6956216106623382,2.6186146732177127,1.954636271112969,2.9108857754523334,0.6956216106623382,2.6186146732177127,-0.284667646722891,5.521896993158316,2.9032823199406037,0.1,54.0,3.0,,,
Lango,2020,first_season,sweet_potatoes,2,ridge,pca,raw,4.627154243214652,3.8591662875135935,1.954636271112969,5.708455116324331,4.627154243214652,3.8591662875135935,0.9558839675729898,6.762448607454197,2.9032823199406037,0.1,54.0,3.0,,,
Lango,2020,second_season,beans,2,ridge,pca,raw,0.9979898086925608,1.9840981338790282,1.954636271112969,0.800459608567741,0.9979898086925608,1.9840981338790282,-0.9191841860615755,4.887380453819632,2.9032823199406037,0.1,54.0,3.0,,,
Lango,2020,second_season,groundnuts,2,ridge,pca,raw,0.6658246650132922,1.1154689314271233,1.954636271112969,0.5508650616816889,0.6658246650132922,1.1154689314271233,-1.7878133885134804,4.018751251367727,2.9032823199406037,0.1,54.0,3.0,,,
Lango,2020,second_season,maize,2,ridge,pca,raw,2.9489717758099068,2.364229423313505,1.954636271112969,2.445749569645221,2.9489717758099068,2.364229423313505,-0.5390528966270987,5.267511743254109,2.9032823199406037,0.1,54.0,3.0,,,
Lango,2020,second_season,millet,2,ridge,pca,raw,0.359162009295794,1.1036296571346171,1.954636271112969,0.588523876879771,0.359162009295794,1.1036296571346171,-1.7996526628059866,4.006911977075221,2.9032823199406037,0.1,54.0,3.0,,,
Lango,2020,second_season,rice,2,ridge,pca,raw,1.516949718283846,1.920641128375998,1.954636271112969,1.5849672137717488,1.516949718283846,1.920641128375998,-0.9826411915646056,4.823923448316602,2.9032823199406037,0.1,54.0,3.0,,,
Lango,2020,second_season,simsim,2,ridge,pca,raw,0.4067343534390761,1.5193612741054792,1.954636271112969,0.4194896280774281,0.4067343534390761,1.5193612741054792,-1.3839210458351245,4.422643594046082,2.9032823199406037,0.1,54.0,3.0,,,
Lango,2020,second_season,sorghum,2,ridge,pca,raw,2.142946828492448,1.4182113121587545,1.954636271112969,1.1729743338682894,2.142946828492448,1.4182113121587545,-1.4850710077818492,4.321493632099358,2.9032823199406037,0.1,54.0,3.0,,,
Lango,2020,second_season,soya_beans,2,ridge,pca,raw,1.5236675808652385,3.1590566678655136,1.954636271112969,2.9108857754523334,1.5236675808652385,3.1590566678655136,0.25577434792490994,6.062338987806117,2.9032823199406037,0.1,54.0,3.0,,,
Lango,2020,second_season,sweet_potatoes,2,ridge,pca,raw,14.045356396131783,4.399608282161394,1.954636271112969,5.708455116324331,14.045356396131783,4.399608282161394,1.4963259622207907,7.302890602101998,2.9032823199406037,0.1,54.0,3.0,,,
Tooro,2020,first_season,beans,2,ridge,pca,raw,0.5714159022282193,3.044140394446326,1.954636271112969,0.800459608567741,0.5714159022282193,3.044140394446326,0.1408580745057222,5.94742271438693,2.9032823199406037,0.1,54.0,3.0,,,
Tooro,2020,first_season,groundnuts,2,ridge,pca,raw,0.4788089757102604,2.1755111919944214,1.954636271112969,0.5508650616816889,0.4788089757102604,2.1755111919944214,-0.7277711279461823,5.078793511935025,2.9032823199406037,0.1,54.0,3.0,,,
Tooro,2020,first_season,irish_potatoes,2,ridge,pca,raw,2.602443195405729,3.5925046310647355,1.954636271112969,4.160319420588475,2.602443195405729,3.5925046310647355,0.6892223111241318,6.495786951005339,2.9032823199406037,0.1,54.0,3.0,,,
Tooro,2020,first_season,maize,2,ridge,pca,raw,3.0038294115831783,3.424271683880803,1.954636271112969,2.445749569645221,3.0038294115831783,3.424271683880803,0.5209893639401995,6.327554003821406,2.9032823199406037,0.1,54.0,3.0,,,
Tooro,2020,first_season,millet,2,ridge,pca,raw,0.4632153663470989,2.1636719177019152,1.954636271112969,0.588523876879771,0.4632153663470989,2.1636719177019152,-0.7396104022386885,5.066954237642519,2.9032823199406037,0.1,54.0,3.0,,,
Tooro,2020,first_season,rice,2,ridge,pca,raw,1.3679142770311534,2.980683388943296,1.954636271112969,1.5849672137717488,1.3679142770311534,2.980683388943296,0.0774010690026925,5.8839657088839,2.9032823199406037,0.1,54.0,3.0,,,
Tooro,2020,first_season,simsim,2,ridge,pca,raw,0.2778595226860031,2.5794035346727773,1.954636271112969,0.4194896280774281,0.2778595226860031,2.5794035346727773,-0.32387878526782643,5.482685854613381,2.9032823199406037,0.1,54.0,3.0,,,
Tooro,2020,first_season,sorghum,2,ridge,pca,raw,0.5962480462055857,2.4782535727260524,1.954636271112969,1.1729743338682894,0.5962480462055857,2.4782535727260524,-0.4250287472145513,5.3815358926666566,2.9032823199406037,0.1,54.0,3.0,,,
Tooro,2020,first_season,soya_beans,2,ridge,pca,raw,0.4113045140407508,4.219098928432811,1.954636271112969,2.9108857754523334,0.4113045140407508,4.219098928432811,1.3158166084922076,7.122381248373415,2.9032823199406037,0.1,54.0,3.0,,,
Tooro,2020,first_season,sweet_potatoes,2,ridge,pca,raw,2.031705860523254,5.459650542728692,1.954636271112969,5.708455116324331,2.031705860523254,5.459650542728692,2.5563682227880884,8.362932862669297,2.9032823199406037,0.1,54.0,3.0,,,
Tooro,2020,second_season,beans,2,ridge,pca,raw,1.1835686146592244,5.131111758016448,1.954636271112969,0.800459608567741,1.1835686146592244,5.131111758016448,2.227829438075844,8.034394077957051,2.9032823199406037,0.1,54.0,3.0,,,
Tooro,2020,second_season,groundnuts,2,ridge,pca,raw,0.8188652144271537,4.262482555564542,1.954636271112969,0.5508650616816889,0.8188652144271537,4.262482555564542,1.3592002356239385,7.165764875505146,2.9032823199406037,0.1,54.0,3.0,,,
Tooro,2020,second_season,irish_potatoes,2,ridge,pca,raw,5.09052971295232,5.679475994634857,1.954636271112969,4.160319420588475,5.09052971295232,5.679475994634857,2.7761936746942535,8.582758314575461,2.9032823199406037,0.1,54.0,3.0,,,
Tooro,2020,second_season,maize,2,ridge,pca,raw,4.280134298861752,5.511243047450924,1.954636271112969,2.445749569645221,4.280134298861752,5.511243047450924,2.6079607275103207,8.414525367391528,2.9032823199406037,0.1,54.0,3.0,,,
Tooro,2020,second_season,millet,2,ridge,pca,raw,1.0445138088407484,4.250643281272037,1.954636271112969,0.588523876879771,1.0445138088407484,4.250643281272037,1.3473609613314332,7.153925601212641,2.9032823199406037,0.1,54.0,3.0,,,
Tooro,2020,second_season,rice,2,ridge,pca,raw,2.631104714179096,5.067654752513417,1.954636271112969,1.5849672137717488,2.631104714179096,5.067654752513417,2.1643724325728133,7.970937072454021,2.9032823199406037,0.1,54.0,3.0,,,
Tooro,2020,second_season,simsim,2,ridge,pca,raw,0.3096258716658019,4.666374898242898,1.954636271112969,0.4194896280774281,0.3096258716658019,4.666374898242898,1.7630925783022944,7.569657218183502,2.9032823199406037,0.1,54.0,3.0,,,
Tooro,2020,second_season,sorghum,2,ridge,pca,raw,1.958342814699392,4.565224936296174,1.954636271112969,1.1729743338682894,1.958342814699392,4.565224936296174,1.66194261635557,7.468507256236777,2.9032823199406037,0.1,54.0,3.0,,,
Tooro,2020,second_season,soya_beans,2,ridge,pca,raw,0.5816289868880459,6.306070292002934,1.954636271112969,2.9108857754523334,0.5816289868880459,6.306070292002934,3.40278797206233,9.209352611943537,2.9032823199406037,0.1,54.0,3.0,,,
Tooro,2020,second_season,sweet_potatoes,2,ridge,pca,raw,17.19569748995181,7.546621906298814,1.954636271112969,5.708455116324331,17.19569748995181,7.546621906298814,4.64333958635821,10.449904226239418,2.9032823199406037,0.1,54.0,3.0,,,
Ankole,2020,first_season,beans,3,ridge,pca,raw,0.7107039593083359,1.8598324474871386,2.0662856437501507,0.7992436624389453,0.7107039593083359,1.8598324474871386,0.019963129078329755,3.6997017658959477,1.8398693184088089,0.1,52.0,3.0,,,
Ankole,2020,first_season,groundnuts,3,ridge,pca,raw,0.4892093570559104,0.9725255071884443,2.0662856437501507,0.5683245101391033,0.4892093570559104,0.9725255071884443,-0.8673438112203645,2.812394825597253,1.8398693184088089,0.1,52.0,3.0,,,
Ankole,2020,first_season,irish_potatoes,3,ridge,pca,raw,2.6066656470507263,3.1247215502469716,2.0662856437501507,4.967854759378325,2.6066656470507263,3.1247215502469716,1.2848522318381628,4.9645908686557805,1.8398693184088089,0.1,52.0,3.0,,,
Ankole,2020,first_season,maize,3,ridge,pca,raw,2.2911775934330265,2.3475494689221295,2.0662856437501507,2.5683997769092572,2.2911775934330265,2.3475494689221295,0.5076801505133206,4.187418787330938,1.8398693184088089,0.1,52.0,3.0,,,
Ankole,2020,first_season,millet,3,ridge,pca,raw,1.2807764204080456,0.9940566980095684,2.0662856437501507,0.49735850693119044,1.2807764204080456,0.9940566980095684,-0.8458126203992404,2.8339260164183773,1.8398693184088089,0.1,52.0,3.0,,,
Ankole,2020,first_season,sorghum,3,ridge,pca,raw,0.660753068253978,1.5092608322950878,2.0662856437501507,1.4121707856008021,0.660753068253978,1.5092608322950878,-0.33060848611372107,3.3491301507038966,1.8398693184088089,0.1,52.0,3.0,,,
Ankole,2020,first_season,soya_beans,3,ridge,pca,raw,0.3377821773864262,2.7381425476892556,2.0662856437501507,2.823781736252928,0.3377821773864262,2.7381425476892556,0.8982732292804467,4.578011866098064,1.8398693184088089,0.1,52.0,3.0,,,
Ankole,2020,first_season,sweet_potatoes,3,ridge,pca,raw,4.329712242698299,4.209973960757936,2.0662856437501507,6.104335473351614,4.329712242698299,4.209973960757936,2.370104642349127,6.049843279166745,1.8398693184088089,0.1,52.0,3.0,,,
Ankole,2020,second_season,beans,3,ridge,pca,raw,1.3411688832335629,3.4691443797277213,2.0662856437501507,0.7992436624389453,1.3411688832335629,3.4691443797277213,1.6292750613189124,5.30901369813653,1.8398693184088089,0.1,52.0,3.0,,,
Ankole,2020,second_season,groundnuts,3,ridge,pca,raw,0.556144731073507,2.5818374394290267,2.0662856437501507,0.5683245101391033,0.556144731073507,2.5818374394290267,0.7419681210202178,4.4217067578378355,1.8398693184088089,0.1,52.0,3.0,,,
Ankole,2020,second_season,irish_potatoes,3,ridge,pca,raw,4.840624253728912,4.734033482487554,2.0662856437501507,4.967854759378325,4.840624253728912,4.734033482487554,2.894164164078745,6.573902800896363,1.8398693184088089,0.1,52.0,3.0,,,
Ankole,2020,second_season,maize,3,ridge,pca,raw,4.746403988018382,3.956861401162712,2.0662856437501507,2.5683997769092572,4.746403988018382,3.956861401162712,2.116992082753903,5.796730719571521,1.8398693184088089,0.1,52.0,3.0,,,
Ankole,2020,second_season,millet,3,ridge,pca,raw,0.7193080425140036,2.6033686302501513,2.0662856437501507,0.49735850693119044,0.7193080425140036,2.6033686302501513,0.7634993118413425,4.44323794865896,1.8398693184088089,0.1,52.0,3.0,,,
Ankole,2020,second_season,sorghum,3,ridge,pca,raw,1.8183667473252825,3.1185727645356702,2.0662856437501507,1.4121707856008021,1.8183667473252825,3.1185727645356702,1.2787034461268614,4.9584420829444795,1.8398693184088089,0.1,52.0,3.0,,,
Ankole,2020,second_season,sweet_potatoes,3,ridge,pca,raw,7.086512596688682,5.8192858929985185,2.0662856437501507,6.104335473351614,7.086512596688682,5.8192858929985185,3.9794165745897097,7.659155211407327,1.8398693184088089,0.1,52.0,3.0,,,
Bukedi,2020,first_season,beans,3,ridge,pca,raw,0.5175817230094646,0.9010891776982873,2.0662856437501507,0.7992436624389453,0.5175817230094646,0.9010891776982873,-0.9387801407105215,2.7409584961070963,1.8398693184088089,0.1,52.0,3.0,,,
Bukedi,2020,first_season,groundnuts,3,ridge,pca,raw,0.4770632662036267,0.013782237399593056,2.0662856437501507,0.5683245101391033,0.4770632662036267,0.013782237399593056,-1.8260870810092158,1.853651555808402,1.8398693184088089,0.1,52.0,3.0,,,
Bukedi,2020,first_season,maize,3,ridge,pca,raw,1.5470171390615697,1.388806199133278,2.0662856437501507,2.5683997769092572,1.5470171390615697,1.388806199133278,-0.4510631192755308,3.228675517542087,1.8398693184088089,0.1,52.0,3.0,,,
Bukedi,2020,first_season,millet,3,ridge,pca,raw,0.4272092427017133,0.03531342822071748,2.0662856437501507,0.49735850693119044,0.4272092427017133,0.03531342822071748,-1.8045558901880914,1.8751827466295263,1.8398693184088089,0.1,52.0,3.0,,,
Bukedi,2020,first_season,rice,3,ridge,pca,raw,1.3882164630489435,0.6419548340960309,2.0662856437501507,1.63417854787639,1.3882164630489435,0.6419548340960309,-1.1979144843127778,2.48182415250484,1.8398693184088089,0.1,52.0,3.0,,,
Bukedi,2020,first_season,simsim,3,ridge,pca,raw,0.3317125177589506,0.13769999949117073,2.0662856437501507,0.4267172973635351,0.3317125177589506,0.13769999949117073,-1.7021693189176381,1.9775693178999796,1.8398693184088089,0.1,52.0,3.0,,,
Bukedi,2020,first_season,sorghum,3,ridge,pca,raw,0.5913910230747661,0.5505175625062364,2.0662856437501507,1.4121707856008021,0.5913910230747661,0.5505175625062364,-1.2893517559025724,2.3903868809150453,1.8398693184088089,0.1,52.0,3.0,,,
Bukedi,2020,first_season,soya_beans,3,ridge,pca,raw,0.4175993889818736,1.7793992779004044,2.0662856437501507,2.823781736252928,0.4175993889818736,1.7793992779004044,-0.06047004050840443,3.6192685963092135,1.8398693184088089,0.1,52.0,3.0,,,
Bukedi,2020,first_season,sweet_potatoes,3,ridge,pca,raw,2.6225674475211567,3.251230690969085,2.0662856437501507,6.104335473351614,2.6225674475211567,3.251230690969085,1.4113613725602763,5.091100009377894,1.8398693184088089,0.1,52.0,3.0,,,
Bukedi,2020,second_season,beans,3,ridge,pca,raw,0.7056484947012807,1.5843718613634703,2.0662856437501507,0.7992436624389453,0.7056484947012807,1.5843718613634703,-0.25549745704533855,3.424241179772279,1.8398693184088089,0.1,52.0,3.0,,,
Bukedi,2020,second_season,groundnuts,3,ridge,pca,raw,0.5641103408681046,0.6970649210647759,2.0662856437501507,0.5683245101391033,0.5641103408681046,0.6970649210647759,-1.142804397344033,2.5369342394735845,1.8398693184088089,0.1,52.0,3.0,,,
Bukedi,2020,second_season,maize,3,ridge,pca,raw,2.5941966847486744,2.072088882798461,2.0662856437501507,2.5683997769092572,2.5941966847486744,2.072088882798461,0.23221956438965208,3.91195820120727,1.8398693184088089,0.1,52.0,3.0,,,
Bukedi,2020,second_season,millet,3,ridge,pca,raw,2.0388508171880413,0.7185961118859001,2.0662856437501507,0.49735850693119044,2.0388508171880413,0.7185961118859001,-1.1212732065229087,2.558465430294709,1.8398693184088089,0.1,52.0,3.0,,,
Bukedi,2020,second_season,rice,3,ridge,pca,raw,1.4277627442802343,1.3252375177612137,2.0662856437501507,1.63417854787639,1.4277627442802343,1.3252375177612137,-0.5146318006475952,3.1651068361700228,1.8398693184088089,0.1,52.0,3.0,,,
Bukedi,2020,second_season,simsim,3,ridge,pca,raw,0.3924463982333242,0.8209826831563536,2.0662856437501507,0.4267172973635351,0.3924463982333242,0.8209826831563536,-1.0188866352524553,2.6608520015651624,1.8398693184088089,0.1,52.0,3.0,,,
Bukedi,2020,second_season,sorghum,3,ridge,pca,raw,0.8805407710527358,1.2338002461714193,2.0662856437501507,1.4121707856008021,0.8805407710527358,1.2338002461714193,-0.6060690722373896,3.073669564580228,1.8398693184088089,0.1,52.0,3.0,,,
Bukedi,2020,second_season,soya_beans,3,ridge,pca,raw,0.8286553858983726,2.462681961565587,2.0662856437501507,2.823781736252928,0.8286553858983726,2.462681961565587,0.6228126431567782,4.302551279974396,1.8398693184088089,0.1,52.0,3.0,,,
Bukedi,2020,second_season,sweet_potatoes,3,ridge,pca,raw,6.335755329287477,3.9345133746342675,2.0662856437501507,6.104335473351614,6.335755329287477,3.9345133746342675,2.0946440562254587,5.774382693043076,1.8398693184088089,0.1,52.0,3.0,,,
West Nile,2020,first_season,beans,3,ridge,pca,raw,0.5251432400895707,0.9686222432595599,2.0662856437501507,0.7992436624389453,0.5251432400895707,0.9686222432595599,-0.8712470751492489,2.8084915616683688,1.8398693184088089,0.1,52.0,3.0,,,
West Nile,2020,first_season,groundnuts,3,ridge,pca,raw,0.4055485017270916,0.08131530296086553,2.0662856437501507,0.5683245101391033,0.4055485017270916,0.08131530296086553,-1.7585540154479433,1.9211846213696744,1.8398693184088089,0.1,52.0,3.0,,,
West Nile,2020,first_season,irish_potatoes,3,ridge,pca,raw,1.4211566881060225,2.233511346019393,2.0662856437501507,4.967854759378325,1.4211566881060225,2.233511346019393,0.3936420276105843,4.073380664428202,1.8398693184088089,0.1,52.0,3.0,,,
West Nile,2020,first_season,maize,3,ridge,pca,raw,1.2660956469166913,1.4563392646945508,2.0662856437501507,2.5683997769092572,1.2660956469166913,1.4563392646945508,-0.3835300537142581,3.2962085831033594,1.8398693184088089,0.1,52.0,3.0,,,
West Nile,2020,first_season,millet,3,ridge,pca,raw,0.2167646962160385,0.10284649378198973,2.0662856437501507,0.49735850693119044,0.2167646962160385,0.10284649378198973,-1.7370228246268191,1.9427158121907986,1.8398693184088089,0.1,52.0,3.0,,,
West Nile,2020,first_season,rice,3,ridge,pca,raw,1.4018188844017143,0.7094878996573035,2.0662856437501507,1.63417854787639,1.4018188844017143,0.7094878996573035,-1.1303814187515053,2.5493572180661124,1.8398693184088089,0.1,52.0,3.0,,,
West Nile,2020,first_season,simsim,3,ridge,pca,raw,0.4766810107273866,0.20523306505244343,2.0662856437501507,0.4267172973635351,0.4766810107273866,0.20523306505244343,-1.6346362533563654,2.045102383461252,1.8398693184088089,0.1,52.0,3.0,,,
West Nile,2020,first_season,sorghum,3,ridge,pca,raw,0.391054248417342,0.6180506280675091,2.0662856437501507,1.4121707856008021,0.391054248417342,0.6180506280675091,-1.2218186903412998,2.457919946476318,1.8398693184088089,0.1,52.0,3.0,,,
West Nile,2020,first_season,soya_beans,3,ridge,pca,raw,0.8717117441917551,1.8469323434616771,2.0662856437501507,2.823781736252928,0.8717117441917551,1.8469323434616771,0.007063025052868266,3.686801661870486,1.8398693184088089,0.1,52.0,3.0,,,
West Nile,2020,first_season,sweet_potatoes,3,ridge,pca,raw,5.41252141626667,3.3187637565303576,2.0662856437501507,6.104335473351614,5.41252141626667,3.3187637565303576,1.4788944381215487,5.158633074939166,1.8398693184088089,0.1,52.0,3.0,,,
West Nile,2020,second_season,beans,3,ridge,pca,raw,0.7559563988183644,2.73520009557988,2.0662856437501507,0.7992436624389453,0.7559563988183644,2.73520009557988,0.895330777171071,4.575069413988689,1.8398693184088089,0.1,52.0,3.0,,,
West Nile,2020,second_season,groundnuts,3,ridge,pca,raw,0.6957406402698985,1.847893155281186,2.0662856437501507,0.5683245101391033,0.6957406402698985,1.847893155281186,0.008023836872377066,3.687762473689995,1.8398693184088089,0.1,52.0,3.0,,,
West Nile,2020,second_season,irish_potatoes,3,ridge,pca,raw,3.3207905514628413,4.0000891983397135,2.0662856437501507,4.967854759378325,3.3207905514628413,4.0000891983397135,2.1602198799309047,5.839958516748522,1.8398693184088089,0.1,52.0,3.0,,,
West Nile,2020,second_season,maize,3,ridge,pca,raw,2.6368413584111803,3.222917117014871,2.0662856437501507,2.5683997769092572,2.6368413584111803,3.222917117014871,1.383047798606062,5.06278643542368,1.8398693184088089,0.1,52.0,3.0,,,
West Nile,2020,second_season,millet,3,ridge,pca,raw,0.6973987237560337,1.8694243461023101,2.0662856437501507,0.49735850693119044,0.6973987237560337,1.8694243461023101,0.029555027693501268,3.7092936645111187,1.8398693184088089,0.1,52.0,3.0,,,
West Nile,2020,second_season,rice,3,ridge,pca,raw,1.5518859303284125,2.4760657519776235,2.0662856437501507,1.63417854787639,1.5518859303284125,2.4760657519776235,0.6361964335688146,4.315935070386432,1.8398693184088089,0.1,52.0,3.0,,,
West Nile,2020,second_season,simsim,3,ridge,pca,raw,0.3973328781148473,1.9718109173727636,2.0662856437501507,0.4267172973635351,0.3973328781148473,1.9718109173727636,0.13194159896395474,3.8116802357815724,1.8398693184088089,0.1,52.0,3.0,,,
West Nile,2020,second_season,sorghum,3,ridge,pca,raw,1.2622030417153625,2.3846284803878293,2.0662856437501507,1.4121707856008021,1.2622030417153625,2.3846284803878293,0.5447591619790204,4.224497798796638,1.8398693184088089,0.1,52.0,3.0,,,
West Nile,2020,second_season,soya_beans,3,ridge,pca,raw,0.6049960464155939,3.6135101957819975,2.0662856437501507,2.823781736252928,0.6049960464155939,3.6135101957819975,1.7736408773731887,5.453379514190806,1.8398693184088089,0.1,52.0,3.0,,,
West Nile,2020,second_season,sweet_potatoes,3,ridge,pca,raw,10.90567139457088,5.085341608850678,2.0662856437501507,6.104335473351614,10.90567139457088,5.085341608850678,3.245472290441869,6.925210927259487,1.8398693184088089,0.1,52.0,3.0,,,
Busoga,2020,first_season,beans,4,ridge,pca,raw,0.6401206168693182,0.32027341737943593,1.8016671470305063,0.7725881369501938,0.6401206168693182,0.32027341737943593,-2.3609015802174396,3.001448414976312,2.6811749975968757,0.1,58.0,3.0,,,
Busoga,2020,first_season,groundnuts,4,ridge,pca,raw,0.3322482939632105,-0.026196615284073355,1.8016671470305063,0.5479446238104857,0.3322482939632105,-0.026196615284073355,-2.707371612880949,2.6549783823128026,2.6811749975968757,0.1,58.0,3.0,,,
Busoga,2020,first_season,maize,4,ridge,pca,raw,1.5222384603844508,2.14774419124085,1.8016671470305063,2.6412707918169636,1.5222384603844508,2.14774419124085,-0.5334308063560256,4.828919188837726,2.6811749975968757,0.1,58.0,3.0,,,
Busoga,2020,first_season,millet,4,ridge,pca,raw,0.6572884828877947,0.10229892372805277,1.8016671470305063,0.5738783706046435,0.6572884828877947,0.10229892372805277,-2.578876073868823,2.7834739213249287,2.6811749975968757,0.1,58.0,3.0,,,
Busoga,2020,first_season,rice,4,ridge,pca,raw,1.4797729580148753,0.852046176417467,1.8016671470305063,1.4257179867225263,1.4797729580148753,0.852046176417467,-1.8291288211794088,3.5332211740143427,2.6811749975968757,0.1,58.0,3.0,,,
Busoga,2020,first_season,simsim,4,ridge,pca,raw,0.3994351113633946,0.042131072105111356,1.8016671470305063,0.42925700279116347,0.3994351113633946,0.042131072105111356,-2.639043925491764,2.7233060697019873,2.6811749975968757,0.1,58.0,3.0,,,
Busoga,2020,first_season,sorghum,4,ridge,pca,raw,0.6036980012037914,0.9129330652929185,1.8016671470305063,1.3361928120558897,0.6036980012037914,0.9129330652929185,-1.7682419323039573,3.594108062889794,2.6811749975968757,0.1,58.0,3.0,,,
Busoga,2020,first_season,soya_beans,4,ridge,pca,raw,0.4333391184708587,0.1557891869973323,1.8016671470305063,0.6555232704687651,0.4333391184708587,0.1557891869973323,-2.5253858105995435,2.836964184594208,2.6811749975968757,0.1,58.0,3.0,,,
Busoga,2020,first_season,sweet_potatoes,4,ridge,pca,raw,3.4113171715767456,4.6373613745761055,1.8016671470305063,6.5300697168629425,3.4113171715767456,4.6373613745761055,1.9561863769792298,7.318536372172981,2.6811749975968757,0.1,58.0,3.0,,,
Busoga,2020,second_season,beans,4,ridge,pca,raw,0.8018694899438293,0.8117125036690983,1.8016671470305063,0.7725881369501938,0.8018694899438293,0.8117125036690983,-1.8694624939277773,3.492887501265974,2.6811749975968757,0.1,58.0,3.0,,,
Busoga,2020,second_season,groundnuts,4,ridge,pca,raw,0.4062549460293829,0.465242471005589,1.8016671470305063,0.5479446238104857,0.4062549460293829,0.465242471005589,-2.2159325265912866,3.146417468602465,2.6811749975968757,0.1,58.0,3.0,,,
Busoga,2020,second_season,maize,4,ridge,pca,raw,1.7237131684916815,2.639183277530513,1.8016671470305063,2.6412707918169636,1.7237131684916815,2.639183277530513,-0.04199172006636287,5.320358275127388,2.6811749975968757,0.1,58.0,3.0,,,
Busoga,2020,second_season,millet,4,ridge,pca,raw,0.2369138654637815,0.5937380100177151,1.8016671470305063,0.5738783706046435,0.2369138654637815,0.5937380100177151,-2.0874369875791605,3.274913007614591,2.6811749975968757,0.1,58.0,3.0,,,
Busoga,2020,second_season,rice,4,ridge,pca,raw,2.088480457936548,1.3434852627071294,1.8016671470305063,1.4257179867225263,2.088480457936548,1.3434852627071294,-1.3376897348897463,4.024660260304005,2.6811749975968757,0.1,58.0,3.0,,,
Busoga,2020,second_season,simsim,4,ridge,pca,raw,0.2995884010467337,0.5335701583947737,1.8016671470305063,0.42925700279116347,0.2995884010467337,0.5335701583947737,-2.147604839202102,3.2147451559916496,2.6811749975968757,0.1,58.0,3.0,,,
Busoga,2020,second_season,sorghum,4,ridge,pca,raw,0.6561084833674863,1.4043721515825809,1.8016671470305063,1.3361928120558897,0.6561084833674863,1.4043721515825809,-1.2768028460142948,4.085547149179456,2.6811749975968757,0.1,58.0,3.0,,,
Busoga,2020,second_season,soya_beans,4,ridge,pca,raw,0.5938545772757312,0.6472282732869947,1.8016671470305063,0.6555232704687651,0.5938545772757312,0.6472282732869947,-2.0339467243098808,3.3284032708838707,2.6811749975968757,0.1,58.0,3.0,,,
Busoga,2020,second_season,sweet_potatoes,4,ridge,pca,raw,4.046477355605773,5.128800460865769,1.8016671470305063,6.5300697168629425,4.046477355605773,5.128800460865769,2.447625463268893,7.809975458462644,2.6811749975968757,0.1,58.0,3.0,,,
Kigezi,2020,first_season,beans,4,ridge,pca,raw,0.6821726355797036,0.4722664570975452,1.8016671470305063,0.7725881369501938,0.6821726355797036,0.4722664570975452,-2.2089085404993307,3.1534414546944207,2.6811749975968757,0.1,58.0,3.0,,,
Kigezi,2020,first_season,groundnuts,4,ridge,pca,raw,0.4632654520489824,0.1257964244340359,1.8016671470305063,0.5479446238104857,0.4632654520489824,0.1257964244340359,-2.55537857316284,2.8069714220309114,2.6811749975968757,0.1,58.0,3.0,,,
Kigezi,2020,first_season,irish_potatoes,4,ridge,pca,raw,5.319403533719373,3.9934240938536973,1.8016671470305063,4.047210229393464,5.319403533719373,3.9934240938536973,1.3122490962568216,6.674599091450573,2.6811749975968757,0.1,58.0,3.0,,,
Kigezi,2020,first_season,maize,4,ridge,pca,raw,1.6788303054282812,2.2997372309589594,1.8016671470305063,2.6412707918169636,1.6788303054282812,2.2997372309589594,-0.3814377666379163,4.980912228555836,2.6811749975968757,0.1,58.0,3.0,,,
Kigezi,2020,first_season,millet,4,ridge,pca,raw,0.7582314811841495,0.254291963446162,1.8016671470305063,0.5738783706046435,0.7582314811841495,0.254291963446162,-2.4268830341507135,2.935466961043038,2.6811749975968757,0.1,58.0,3.0,,,
Kigezi,2020,first_season,rice,4,ridge,pca,raw,1.457131297713486,1.0040392161355762,1.8016671470305063,1.4257179867225263,1.457131297713486,1.0040392161355762,-1.6771357814612995,3.685214213732452,2.6811749975968757,0.1,58.0,3.0,,,
Kigezi,2020,first_season,sorghum,4,ridge,pca,raw,0.9963816683569464,1.0649261050110277,1.8016671470305063,1.3361928120558897,0.9963816683569464,1.0649261050110277,-1.616248892585848,3.7461011026079034,2.6811749975968757,0.1,58.0,3.0,,,
Kigezi,2020,first_season,soya_beans,4,ridge,pca,raw,0.5069027622936974,0.30778222671544153,1.8016671470305063,0.6555232704687651,0.5069027622936974,0.30778222671544153,-2.373392770881434,2.9889572243123173,2.6811749975968757,0.1,58.0,3.0,,,
Kigezi,2020,first_season,sweet_potatoes,4,ridge,pca,raw,3.68073317352751,4.789354414294216,1.8016671470305063,6.5300697168629425,3.68073317352751,4.789354414294216,2.1081794166973404,7.470529411891092,2.6811749975968757,0.1,58.0,3.0,,,
Kigezi,2020,second_season,beans,4,ridge,pca,raw,1.2309422257456628,1.6285446077387333,1.8016671470305063,0.7725881369501938,1.2309422257456628,1.6285446077387333,-1.0526303898581424,4.309719605335609,2.6811749975968757,0.1,58.0,3.0,,,
Kigezi,2020,second_season,groundnuts,4,ridge,pca,raw,0.7496304931127425,1.282074575075224,1.8016671470305063,0.5479446238104857,0.7496304931127425,1.282074575075224,-1.3991004225216517,3.9632495726720998,2.6811749975968757,0.1,58.0,3.0,,,
Kigezi,2020,second_season,irish_potatoes,4,ridge,pca,raw,7.829884297424306,5.149702244494884,1.8016671470305063,4.047210229393464,7.829884297424306,5.149702244494884,2.4685272468980086,7.83087724209176,2.6811749975968757,0.1,58.0,3.0,,,
Kigezi,2020,second_season,maize,4,ridge,pca,raw,4.580426866194772,3.4560153816001473,1.8016671470305063,2.6412707918169636,4.580426866194772,3.4560153816001473,0.7748403840032716,6.137190379197023,2.6811749975968757,0.1,58.0,3.0,,,
Kigezi,2020,second_season,millet,4,ridge,pca,raw,0.96011465247634,1.4105701140873501,1.8016671470305063,0.5738783706046435,0.96011465247634,1.4105701140873501,-1.2706048835095256,4.091745111684226,2.6811749975968757,0.1,58.0,3.0,,,
Kigezi,2020,second_season,rice,4,ridge,pca,raw,3.966514747112424,2.1603173667767646,1.8016671470305063,1.4257179867225263,3.966514747112424,2.1603173667767646,-0.5208576308201112,4.84149236437364,2.6811749975968757,0.1,58.0,3.0,,,
Kigezi,2020,second_season,sorghum,4,ridge,pca,raw,0.9034020239226584,2.221204255652216,1.8016671470305063,1.3361928120558897,0.9034020239226584,2.221204255652216,-0.4599707419446597,4.902379253249092,2.6811749975968757,0.1,58.0,3.0,,,
Kigezi,2020,second_season,soya_beans,4,ridge,pca,raw,44.29863915774654,1.4640603773566296,1.8016671470305063,0.6555232704687651,44.29863915774654,1.4640603773566296,-1.217114620240246,4.145235374953505,2.6811749975968757,0.1,58.0,3.0,,,
Kigezi,2020,second_season,sweet_potatoes,4,ridge,pca,raw,7.307468270304063,5.945632564935403,1.8016671470305063,6.5300697168629425,7.307468270304063,5.945632564935403,3.2644575673385274,8.626807562532278,2.6811749975968757,0.1,58.0,3.0,,,
South Buganda,2020,first_season,beans,4,ridge,pca,raw,0.6286830497610721,0.26364716110539066,1.8016671470305063,0.7725881369501938,0.6286830497610721,0.26364716110539066,-2.417527836491485,2.9448221587022663,2.6811749975968757,0.1,58.0,3.0,,,
South Buganda,2020,first_season,groundnuts,4,ridge,pca,raw,0.6198068833094821,-0.08282287155811857,1.8016671470305063,0.5479446238104857,0.6198068833094821,-0.08282287155811857,-2.7639978691549945,2.598352126038757,2.6811749975968757,0.1,58.0,3.0,,,
South Buganda,2020,first_season,irish_potatoes,4,ridge,pca,raw,3.3283582090790134,3.784804797861543,1.8016671470305063,4.047210229393464,3.3283582090790134,3.784804797861543,1.1036298002646672,6.465979795458418,2.6811749975968757,0.1,58.0,3.0,,,
South Buganda,2020,first_season,maize,4,ridge,pca,raw,1.658719821291578,2.091117934966805,1.8016671470305063,2.6412707918169636,1.658719821291578,2.091117934966805,-0.5900570626300707,4.772292932563681,2.6811749975968757,0.1,58.0,3.0,,,
South Buganda,2020,first_season,millet,4,ridge,pca,raw,0.4388892155530794,0.0456726674540075,1.8016671470305063,0.5738783706046435,0.4388892155530794,0.0456726674540075,-2.6355023301428684,2.726847665050883,2.6811749975968757,0.1,58.0,3.0,,,
South Buganda,2020,first_season,rice,4,ridge,pca,raw,2.3727137710817736,0.7954199201434218,1.8016671470305063,1.4257179867225263,2.3727137710817736,0.7954199201434218,-1.885755077453454,3.4765949177402975,2.6811749975968757,0.1,58.0,3.0,,,
South Buganda,2020,first_season,sorghum,4,ridge,pca,raw,0.5363321684614435,0.8563068090188732,1.8016671470305063,1.3361928120558897,0.5363321684614435,0.8563068090188732,-1.8248681885780025,3.537481806615749,2.6811749975968757,0.1,58.0,3.0,,,
South Buganda,2020,first_season,soya_beans,4,ridge,pca,raw,0.5931784427704433,0.09916293072328705,1.8016671470305063,0.6555232704687651,0.5931784427704433,0.09916293072328705,-2.5820120668735886,2.780337928320163,2.6811749975968757,0.1,58.0,3.0,,,
South Buganda,2020,first_season,sweet_potatoes,4,ridge,pca,raw,3.666537379696348,4.58073511830206,1.8016671470305063,6.5300697168629425,3.666537379696348,4.58073511830206,1.8995601207051847,7.261910115898936,2.6811749975968757,0.1,58.0,3.0,,,
South Buganda,2020,second_season,beans,4,ridge,pca,raw,1.1321807165247713,1.7074888173312168,1.8016671470305063,0.7725881369501938,1.1321807165247713,1.7074888173312168,-0.9736861802656589,4.388663814928092,2.6811749975968757,0.1,58.0,3.0,,,
South Buganda,2020,second_season,groundnuts,4,ridge,pca,raw,1.0649682679639256,1.3610187846677075,1.8016671470305063,0.5479446238104857,1.0649682679639256,1.3610187846677075,-1.3201562129291682,4.042193782264583,2.6811749975968757,0.1,58.0,3.0,,,
South Buganda,2020,second_season,irish_potatoes,4,ridge,pca,raw,6.759325459944138,5.22864645408737,1.8016671470305063,4.047210229393464,6.759325459944138,5.22864645408737,2.547471456490494,7.9098214516842456,2.6811749975968757,0.1,58.0,3.0,,,
South Buganda,2020,second_season,maize,4,ridge,pca,raw,2.314641460829224,3.534959591192631,1.8016671470305063,2.6412707918169636,2.314641460829224,3.534959591192631,0.8537845935957553,6.216134588789506,2.6811749975968757,0.1,58.0,3.0,,,
South Buganda,2020,second_season,millet,4,ridge,pca,raw,0.721953108076217,1.4895143236798336,1.8016671470305063,0.5738783706046435,0.721953108076217,1.4895143236798336,-1.1916606739170421,4.1706893212767095,2.6811749975968757,0.1,58.0,3.0,,,
South Buganda,2020,second_season,sorghum,4,ridge,pca,raw,3.5799019725152155,2.3001484652446993,1.8016671470305063,1.3361928120558897,3.5799019725152155,2.3001484652446993,-0.38102653235217643,4.981323462841575,2.6811749975968757,0.1,58.0,3.0,,,
South Buganda,2020,second_season,sweet_potatoes,4,ridge,pca,raw,6.065522206096139,6.024576774527887,1.8016671470305063,6.5300697168629425,6.065522206096139,6.024576774527887,3.343401776931011,8.705751772124763,2.6811749975968757,0.1,58.0,3.0,,,
Bunyoro,2020,first_season,beans,5,ridge,pca,raw,0.8260947143833511,0.7254376804380245,2.0664785772522087,0.7821426946020412,0.8260947143833511,0.7254376804380245,-2.4657774129278045,3.9166527738038535,3.191215093365829,0.1,52.0,3.0,,,
Bunyoro,2020,first_season,groundnuts,5,ridge,pca,raw,0.6650306538588546,0.05148072300476819,2.0664785772522087,0.5656278431447842,0.6650306538588546,0.05148072300476819,-3.1397343703610607,3.2426958163705972,3.191215093365829,0.1,52.0,3.0,,,
Bunyoro,2020,first_season,irish_potatoes,5,ridge,pca,raw,2.220589656235262,3.1816426263494026,2.0664785772522087,4.7812646841975734,2.220589656235262,3.1816426263494026,-0.009572467016426334,6.372857719715231,3.191215093365829,0.1,52.0,3.0,,,
Bunyoro,2020,first_season,maize,5,ridge,pca,raw,2.3426553850030096,1.645858189372651,2.0664785772522087,2.4053055087174147,2.3426553850030096,1.645858189372651,-1.545356903993178,4.83707328273848,3.191215093365829,0.1,52.0,3.0,,,
Bunyoro,2020,first_season,millet,5,ridge,pca,raw,0.2753703982834791,0.0051643691793547,2.0664785772522087,0.6309719027500666,0.2753703982834791,0.0051643691793547,-3.186050724186474,3.196379462545184,3.191215093365829,0.1,52.0,3.0,,,
Bunyoro,2020,first_season,rice,5,ridge,pca,raw,1.4308437859507233,1.1526958495575086,2.0664785772522087,1.611955233813348,1.4308437859507233,1.1526958495575086,-2.03851924380832,4.343910942923338,3.191215093365829,0.1,52.0,3.0,,,
Bunyoro,2020,first_season,simsim,5,ridge,pca,raw,0.5005342402042084,0.13276784059740854,2.0664785772522087,0.42646604553162476,0.5005342402042084,0.13276784059740854,-3.0584472527684206,3.3239829339632374,3.191215093365829,0.1,52.0,3.0,,,
Bunyoro,2020,first_season,sorghum,5,ridge,pca,raw,1.3881045542850072,0.6544223358260821,2.0664785772522087,1.3031889535170247,1.3881045542850072,0.6544223358260821,-2.5367927575397466,3.8456374291919113,3.191215093365829,0.1,52.0,3.0,,,
Bunyoro,2020,first_season,soya_beans,5,ridge,pca,raw,0.6855186697585186,2.6706223232852784,2.0664785772522087,2.6171380251865526,0.6855186697585186,2.6706223232852784,-0.5205927700805506,5.861837416651108,3.191215093365829,0.1,52.0,3.0,,,
Bunyoro,2020,first_season,sweet_potatoes,5,ridge,pca,raw,2.0298423975087787,5.907378263155639,2.0664785772522087,6.191142717319159,2.0298423975087787,5.907378263155639,2.71616316978981,9.098593356521468,3.191215093365829,0.1,52.0,3.0,,,
Bunyoro,2020,second_season,beans,5,ridge,pca,raw,1.200511704804833,1.878375542165329,2.0664785772522087,0.7821426946020412,1.200511704804833,1.878375542165329,-1.3128395512005,5.069590635531158,3.191215093365829,0.1,52.0,3.0,,,
Bunyoro,2020,second_season,groundnuts,5,ridge,pca,raw,0.7713261452057008,1.2044185847320725,2.0664785772522087,0.5656278431447842,0.7713261452057008,1.2044185847320725,-1.9867965086337565,4.3956336780979015,3.191215093365829,0.1,52.0,3.0,,,
Bunyoro,2020,second_season,irish_potatoes,5,ridge,pca,raw,2.6451990178871103,4.334580488076708,2.0664785772522087,4.7812646841975734,2.6451990178871103,4.334580488076708,1.1433653947108788,7.525795581442537,3.191215093365829,0.1,52.0,3.0,,,
Bunyoro,2020,second_season,maize,5,ridge,pca,raw,3.0549264654046246,2.7987960510999548,2.0664785772522087,2.4053055087174147,3.0549264654046246,2.7987960510999548,-0.3924190422658742,5.990011144465784,3.191215093365829,0.1,52.0,3.0,,,
Bunyoro,2020,second_season,millet,5,ridge,pca,raw,0.4212512776206598,1.158102230906659,2.0664785772522087,0.6309719027500666,0.4212512776206598,1.158102230906659,-2.03311286245917,4.349317324272488,3.191215093365829,0.1,52.0,3.0,,,
Bunyoro,2020,second_season,rice,5,ridge,pca,raw,1.6224963809696238,2.305633711284813,2.0664785772522087,1.611955233813348,1.6224963809696238,2.305633711284813,-0.8855813820810159,5.496848804650642,3.191215093365829,0.1,52.0,3.0,,,
Bunyoro,2020,second_season,sorghum,5,ridge,pca,raw,0.8920114348791089,1.8073601975533864,2.0664785772522087,1.3031889535170247,0.8920114348791089,1.8073601975533864,-1.3838548958124426,4.998575290919216,3.191215093365829,0.1,52.0,3.0,,,
Bunyoro,2020,second_season,soya_beans,5,ridge,pca,raw,0.7040260876893635,3.8235601850125827,2.0664785772522087,2.6171380251865526,0.7040260876893635,3.8235601850125827,0.6323450916467537,7.014775278378412,3.191215093365829,0.1,52.0,3.0,,,
Bunyoro,2020,second_season,sweet_potatoes,5,ridge,pca,raw,8.162182280896847,7.060316124882943,2.0664785772522087,6.191142717319159,8.162182280896847,7.060316124882943,3.8691010315171144,10.251531218248772,3.191215093365829,0.1,52.0,3.0,,,
Karamoja,2020,first_season,beans,5,ridge,pca,raw,0.5422885207412549,-0.3300658124484456,2.0664785772522087,0.7821426946020412,0.5422885207412549,-0.3300658124484456,-3.5212809058142747,2.8611492809173833,3.191215093365829,0.1,52.0,3.0,,,
Karamoja,2020,first_season,groundnuts,5,ridge,pca,raw,0.5747979489963491,-1.0040227698817021,2.0664785772522087,0.5656278431447842,0.5747979489963491,-1.0040227698817021,-4.195237863247531,2.187192323484127,3.191215093365829,0.1,52.0,3.0,,,
Karamoja,2020,first_season,maize,5,ridge,pca,raw,1.2175480596073385,0.5903546964861807,2.0664785772522087,2.4053055087174147,1.2175480596073385,0.5903546964861807,-2.600860396879648,3.7815697898520098,3.191215093365829,0.1,52.0,3.0,,,
Karamoja,2020,first_season,millet,5,ridge,pca,raw,0.2665642826776189,-1.0503391237071156,2.0664785772522087,0.6309719027500666,0.2665642826776189,-1.0503391237071156,-4.241554217072944,2.1408759696587136,3.191215093365829,0.1,52.0,3.0,,,
Karamoja,2020,first_season,rice,5,ridge,pca,raw,1.5488549025864504,0.0971923566710386,2.0664785772522087,1.611955233813348,1.5488549025864504,0.0971923566710386,-3.0940227366947903,3.2884074500368676,3.191215093365829,0.1,52.0,3.0,,,
Karamoja,2020,first_season,simsim,5,ridge,pca,raw,0.2487265028776165,-0.9227356522890615,2.0664785772522087,0.42646604553162476,0.2487265028776165,-0.9227356522890615,-4.113950745654891,2.2684794410767672,3.191215093365829,0.1,52.0,3.0,,,
Karamoja,2020,first_season,sorghum,5,ridge,pca,raw,0.6347991969213849,-0.40108115706038805,2.0664785772522087,1.3031889535170247,0.6347991969213849,-0.40108115706038805,-3.592296250426217,2.790133936305441,3.191215093365829,0.1,52.0,3.0,,,
Karamoja,2020,first_season,soya_beans,5,ridge,pca,raw,0.5697981563805337,1.6151188303988084,2.0664785772522087,2.6171380251865526,0.5697981563805337,1.6151188303988084,-1.5760962629670205,4.806333923764638,3.191215093365829,0.1,52.0,3.0,,,
Karamoja,2020,second_season,groundnuts,5,ridge,pca,raw,0.1047330767226874,1.4529313038104146,2.0664785772522087,0.5656278431447842,0.1047330767226874,1.4529313038104146,-1.7382837895554144,4.644146397176243,3.191215093365829,0.1,52.0,3.0,,,
Karamoja,2020,second_season,maize,5,ridge,pca,raw,7.244065383360269,3.0473087701782973,2.0664785772522087,2.4053055087174147,7.244065383360269,3.0473087701782973,-0.14390632318753172,6.238523863544126,3.191215093365829,0.1,52.0,3.0,,,
Karamoja,2020,second_season,millet,5,ridge,pca,raw,0.349296866505584,1.4066149499850011,2.0664785772522087,0.6309719027500666,0.349296866505584,1.4066149499850011,-1.7846001433808278,4.597830043350831,3.191215093365829,0.1,52.0,3.0,,,
Karamoja,2020,second_season,sorghum,5,ridge,pca,raw,2.480616112563021,2.0558729166317287,2.0664785772522087,1.3031889535170247,2.480616112563021,2.0558729166317287,-1.1353421767341003,5.247088009997558,3.191215093365829,0.1,52.0,3.0,,,
Acholi,2020,first_season,beans,1,dummy_mean,hybrid,raw,0.8570862730857126,1.8221508927538015,2.1075068827579884,0.7986540097128687,0.8570862730857126,1.8221508927538015,-4.185582511916704,7.829884297424306,6.007733404670505,0.1,56.0,3.0,,,
Acholi,2020,first_season,groundnuts,1,dummy_mean,hybrid,raw,0.579730411471064,1.8221508927538015,2.1075068827579884,0.5687183500759414,0.579730411471064,1.8221508927538015,-4.185582511916704,7.829884297424306,6.007733404670505,0.1,56.0,3.0,,,
Acholi,2020,first_season,maize,1,dummy_mean,hybrid,raw,1.6268858066002263,1.8221508927538015,2.1075068827579884,2.7363424889537766,1.6268858066002263,1.8221508927538015,-4.185582511916704,7.829884297424306,6.007733404670505,0.1,56.0,3.0,,,
Acholi,2020,first_season,millet,1,dummy_mean,hybrid,raw,0.2602112569707439,1.8221508927538015,2.1075068827579884,0.6354044224045948,0.2602112569707439,1.8221508927538015,-4.185582511916704,7.829884297424306,6.007733404670505,0.1,56.0,3.0,,,
Acholi,2020,first_season,rice,1,dummy_mean,hybrid,raw,1.8354492390020587,1.8221508927538015,2.1075068827579884,1.7589076363956022,1.8354492390020587,1.8221508927538015,-4.185582511916704,7.829884297424306,6.007733404670505,0.1,56.0,3.0,,,
Acholi,2020,first_season,simsim,1,dummy_mean,hybrid,raw,0.2405641336366695,1.8221508927538015,2.1075068827579884,0.3999465592781099,0.2405641336366695,1.8221508927538015,-4.185582511916704,7.829884297424306,6.007733404670505,0.1,56.0,3.0,,,
Acholi,2020,first_season,sorghum,1,dummy_mean,hybrid,raw,0.7136992535711828,1.8221508927538015,2.1075068827579884,1.3246497888304674,0.7136992535711828,1.8221508927538015,-4.185582511916704,7.829884297424306,6.007733404670505,0.1,56.0,3.0,,,
Acholi,2020,first_season,soya_beans,1,dummy_mean,hybrid,raw,1.0958248492916711,1.8221508927538015,2.1075068827579884,2.930292181557787,1.0958248492916711,1.8221508927538015,-4.185582511916704,7.829884297424306,6.007733404670505,0.1,56.0,3.0,,,
Acholi,2020,first_season,sweet_potatoes,1,dummy_mean,hybrid,raw,7.360751879011887,1.8221508927538015,2.1075068827579884,5.983658411491209,7.360751879011887,1.8221508927538015,-4.185582511916704,7.829884297424306,6.007733404670505,0.1,56.0,3.0,,,
Acholi,2020,second_season,beans,1,dummy_mean,hybrid,raw,0.8791468943891129,1.8221508927538015,2.1075068827579884,0.7986540097128687,0.8791468943891129,1.8221508927538015,-4.185582511916704,7.829884297424306,6.007733404670505,0.1,56.0,3.0,,,
Acholi,2020,second_season,groundnuts,1,dummy_mean,hybrid,raw,0.774283389787513,1.8221508927538015,2.1075068827579884,0.5687183500759414,0.774283389787513,1.8221508927538015,-4.185582511916704,7.829884297424306,6.007733404670505,0.1,56.0,3.0,,,
Acholi,2020,second_season,maize,1,dummy_mean,hybrid,raw,1.9919193221111424,1.8221508927538015,2.1075068827579884,2.7363424889537766,1.9919193221111424,1.8221508927538015,-4.185582511916704,7.829884297424306,6.007733404670505,0.1,56.0,3.0,,,
Acholi,2020,second_season,millet,1,dummy_mean,hybrid,raw,0.3783444913194841,1.8221508927538015,2.1075068827579884,0.6354044224045948,0.3783444913194841,1.8221508927538015,-4.185582511916704,7.829884297424306,6.007733404670505,0.1,56.0,3.0,,,
Acholi,2020,second_season,rice,1,dummy_mean,hybrid,raw,0.8047415933139703,1.8221508927538015,2.1075068827579884,1.7589076363956022,0.8047415933139703,1.8221508927538015,-4.185582511916704,7.829884297424306,6.007733404670505,0.1,56.0,3.0,,,
Acholi,2020,second_season,simsim,1,dummy_mean,hybrid,raw,0.3592611565204056,1.8221508927538015,2.1075068827579884,0.3999465592781099,0.3592611565204056,1.8221508927538015,-4.185582511916704,7.829884297424306,6.007733404670505,0.1,56.0,3.0,,,
Acholi,2020,second_season,sorghum,1,dummy_mean,hybrid,raw,1.0529020128934117,1.8221508927538015,2.1075068827579884,1.3246497888304674,1.0529020128934117,1.8221508927538015,-4.185582511916704,7.829884297424306,6.007733404670505,0.1,56.0,3.0,,,
Acholi,2020,second_season,soya_beans,1,dummy_mean,hybrid,raw,0.8621074636111007,1.8221508927538015,2.1075068827579884,2.930292181557787,0.8621074636111007,1.8221508927538015,-4.185582511916704,7.829884297424306,6.007733404670505,0.1,56.0,3.0,,,
Acholi,2020,second_season,sweet_potatoes,1,dummy_mean,hybrid,raw,14.728567574673178,1.8221508927538015,2.1075068827579884,5.983658411491209,14.728567574673178,1.8221508927538015,-4.185582511916704,7.829884297424306,6.007733404670505,0.1,56.0,3.0,,,
North Buganda,2020,first_season,beans,1,dummy_mean,hybrid,raw,0.6433017110440628,1.8221508927538015,2.1075068827579884,0.7986540097128687,0.6433017110440628,1.8221508927538015,-4.185582511916704,7.829884297424306,6.007733404670505,0.1,56.0,3.0,,,
North Buganda,2020,first_season,groundnuts,1,dummy_mean,hybrid,raw,0.4198664546099319,1.8221508927538015,2.1075068827579884,0.5687183500759414,0.4198664546099319,1.8221508927538015,-4.185582511916704,7.829884297424306,6.007733404670505,0.1,56.0,3.0,,,
North Buganda,2020,first_season,irish_potatoes,1,dummy_mean,hybrid,raw,3.149663292713082,1.8221508927538015,2.1075068827579884,4.440832751461744,3.149663292713082,1.8221508927538015,-4.185582511916704,7.829884297424306,6.007733404670505,0.1,56.0,3.0,,,
North Buganda,2020,first_season,maize,1,dummy_mean,hybrid,raw,2.169407944352197,1.8221508927538015,2.1075068827579884,2.7363424889537766,2.169407944352197,1.8221508927538015,-4.185582511916704,7.829884297424306,6.007733404670505,0.1,56.0,3.0,,,
North Buganda,2020,first_season,millet,1,dummy_mean,hybrid,raw,0.493228260930458,1.8221508927538015,2.1075068827579884,0.6354044224045948,0.493228260930458,1.8221508927538015,-4.185582511916704,7.829884297424306,6.007733404670505,0.1,56.0,3.0,,,
North Buganda,2020,first_season,rice,1,dummy_mean,hybrid,raw,1.0029754145357688,1.8221508927538015,2.1075068827579884,1.7589076363956022,1.0029754145357688,1.8221508927538015,-4.185582511916704,7.829884297424306,6.007733404670505,0.1,56.0,3.0,,,
North Buganda,2020,first_season,simsim,1,dummy_mean,hybrid,raw,0.1854698986731419,1.8221508927538015,2.1075068827579884,0.3999465592781099,0.1854698986731419,1.8221508927538015,-4.185582511916704,7.829884297424306,6.007733404670505,0.1,56.0,3.0,,,
North Buganda,2020,first_season,sorghum,1,dummy_mean,hybrid,raw,0.0988630737950738,1.8221508927538015,2.1075068827579884,1.3246497888304674,0.0988630737950738,1.8221508927538015,-4.185582511916704,7.829884297424306,6.007733404670505,0.1,56.0,3.0,,,
North Buganda,2020,first_season,soya_beans,1,dummy_mean,hybrid,raw,0.4702301599548245,1.8221508927538015,2.1075068827579884,2.930292181557787,0.4702301599548245,1.8221508927538015,-4.185582511916704,7.829884297424306,6.007733404670505,0.1,56.0,3.0,,,
North Buganda,2020,first_season,sweet_potatoes,1,dummy_mean,hybrid,raw,2.687525566046792,1.8221508927538015,2.1075068827579884,5.983658411491209,2.687525566046792,1.8221508927538015,-4.185582511916704,7.829884297424306,6.007733404670505,0.1,56.0,3.0,,,
North Buganda,2020,second_season,beans,1,dummy_mean,hybrid,raw,0.9823435270848496,1.8221508927538015,2.1075068827579884,0.7986540097128687,0.9823435270848496,1.8221508927538015,-4.185582511916704,7.829884297424306,6.007733404670505,0.1,56.0,3.0,,,
North Buganda,2020,second_season,groundnuts,1,dummy_mean,hybrid,raw,0.6052217822979895,1.8221508927538015,2.1075068827579884,0.5687183500759414,0.6052217822979895,1.8221508927538015,-4.185582511916704,7.829884297424306,6.007733404670505,0.1,56.0,3.0,,,
North Buganda,2020,second_season,irish_potatoes,1,dummy_mean,hybrid,raw,6.482172439710905,1.8221508927538015,2.1075068827579884,4.440832751461744,6.482172439710905,1.8221508927538015,-4.185582511916704,7.829884297424306,6.007733404670505,0.1,56.0,3.0,,,
North Buganda,2020,second_season,maize,1,dummy_mean,hybrid,raw,2.6867403311215865,1.8221508927538015,2.1075068827579884,2.7363424889537766,2.6867403311215865,1.8221508927538015,-4.185582511916704,7.829884297424306,6.007733404670505,0.1,56.0,3.0,,,
North Buganda,2020,second_season,millet,1,dummy_mean,hybrid,raw,0.7672214167665391,1.8221508927538015,2.1075068827579884,0.6354044224045948,0.7672214167665391,1.8221508927538015,-4.185582511916704,7.829884297424306,6.007733404670505,0.1,56.0,3.0,,,
North Buganda,2020,second_season,rice,1,dummy_mean,hybrid,raw,0.7664154644961585,1.8221508927538015,2.1075068827579884,1.7589076363956022,0.7664154644961585,1.8221508927538015,-4.185582511916704,7.829884297424306,6.007733404670505,0.1,56.0,3.0,,,
North Buganda,2020,second_season,simsim,1,dummy_mean,hybrid,raw,1.0617776543409592,1.8221508927538015,2.1075068827579884,0.3999465592781099,1.0617776543409592,1.8221508927538015,-4.185582511916704,7.829884297424306,6.007733404670505,0.1,56.0,3.0,,,
North Buganda,2020,second_season,sorghum,1,dummy_mean,hybrid,raw,3.8791100754366425,1.8221508927538015,2.1075068827579884,1.3246497888304674,3.8791100754366425,1.8221508927538015,-4.185582511916704,7.829884297424306,6.007733404670505,0.1,56.0,3.0,,,
North Buganda,2020,second_season,soya_beans,1,dummy_mean,hybrid,raw,0.4386972792209299,1.8221508927538015,2.1075068827579884,2.930292181557787,0.4386972792209299,1.8221508927538015,-4.185582511916704,7.829884297424306,6.007733404670505,0.1,56.0,3.0,,,
North Buganda,2020,second_season,sweet_potatoes,1,dummy_mean,hybrid,raw,6.9509363188894655,1.8221508927538015,2.1075068827579884,5.983658411491209,6.9509363188894655,1.8221508927538015,-4.185582511916704,7.829884297424306,6.007733404670505,0.1,56.0,3.0,,,
Teso,2020,first_season,beans,1,dummy_mean,hybrid,raw,0.4787820909269001,1.8221508927538015,2.1075068827579884,0.7986540097128687,0.4787820909269001,1.8221508927538015,-4.185582511916704,7.829884297424306,6.007733404670505,0.1,56.0,3.0,,,
Teso,2020,first_season,groundnuts,1,dummy_mean,hybrid,raw,0.3687334249789069,1.8221508927538015,2.1075068827579884,0.5687183500759414,0.3687334249789069,1.8221508927538015,-4.185582511916704,7.829884297424306,6.007733404670505,0.1,56.0,3.0,,,
Teso,2020,first_season,maize,1,dummy_mean,hybrid,raw,1.3718829183654722,1.8221508927538015,2.1075068827579884,2.7363424889537766,1.3718829183654722,1.8221508927538015,-4.185582511916704,7.829884297424306,6.007733404670505,0.1,56.0,3.0,,,
Teso,2020,first_season,millet,1,dummy_mean,hybrid,raw,0.2266117956037198,1.8221508927538015,2.1075068827579884,0.6354044224045948,0.2266117956037198,1.8221508927538015,-4.185582511916704,7.829884297424306,6.007733404670505,0.1,56.0,3.0,,,
Teso,2020,first_season,rice,1,dummy_mean,hybrid,raw,1.3123638688539283,1.8221508927538015,2.1075068827579884,1.7589076363956022,1.3123638688539283,1.8221508927538015,-4.185582511916704,7.829884297424306,6.007733404670505,0.1,56.0,3.0,,,
Teso,2020,first_season,simsim,1,dummy_mean,hybrid,raw,0.3758526836726521,1.8221508927538015,2.1075068827579884,0.3999465592781099,0.3758526836726521,1.8221508927538015,-4.185582511916704,7.829884297424306,6.007733404670505,0.1,56.0,3.0,,,
Teso,2020,first_season,sorghum,1,dummy_mean,hybrid,raw,0.6439380500075159,1.8221508927538015,2.1075068827579884,1.3246497888304674,0.6439380500075159,1.8221508927538015,-4.185582511916704,7.829884297424306,6.007733404670505,0.1,56.0,3.0,,,
Teso,2020,first_season,soya_beans,1,dummy_mean,hybrid,raw,0.4286664418152572,1.8221508927538015,2.1075068827579884,2.930292181557787,0.4286664418152572,1.8221508927538015,-4.185582511916704,7.829884297424306,6.007733404670505,0.1,56.0,3.0,,,
Teso,2020,first_season,sweet_potatoes,1,dummy_mean,hybrid,raw,2.3919434486183864,1.8221508927538015,2.1075068827579884,5.983658411491209,2.3919434486183864,1.8221508927538015,-4.185582511916704,7.829884297424306,6.007733404670505,0.1,56.0,3.0,,,
Teso,2020,second_season,beans,1,dummy_mean,hybrid,raw,0.7279249098775472,1.8221508927538015,2.1075068827579884,0.7986540097128687,0.7279249098775472,1.8221508927538015,-4.185582511916704,7.829884297424306,6.007733404670505,0.1,56.0,3.0,,,
Teso,2020,second_season,groundnuts,1,dummy_mean,hybrid,raw,0.4313168954422955,1.8221508927538015,2.1075068827579884,0.5687183500759414,0.4313168954422955,1.8221508927538015,-4.185582511916704,7.829884297424306,6.007733404670505,0.1,56.0,3.0,,,
Teso,2020,second_season,maize,1,dummy_mean,hybrid,raw,1.540156423059482,1.8221508927538015,2.1075068827579884,2.7363424889537766,1.540156423059482,1.8221508927538015,-4.185582511916704,7.829884297424306,6.007733404670505,0.1,56.0,3.0,,,
Teso,2020,second_season,millet,1,dummy_mean,hybrid,raw,0.3557264962514397,1.8221508927538015,2.1075068827579884,0.6354044224045948,0.3557264962514397,1.8221508927538015,-4.185582511916704,7.829884297424306,6.007733404670505,0.1,56.0,3.0,,,
Teso,2020,second_season,rice,1,dummy_mean,hybrid,raw,1.0709719442643844,1.8221508927538015,2.1075068827579884,1.7589076363956022,1.0709719442643844,1.8221508927538015,-4.185582511916704,7.829884297424306,6.007733404670505,0.1,56.0,3.0,,,
Teso,2020,second_season,simsim,1,dummy_mean,hybrid,raw,0.6034722059137033,1.8221508927538015,2.1075068827579884,0.3999465592781099,0.6034722059137033,1.8221508927538015,-4.185582511916704,7.829884297424306,6.007733404670505,0.1,56.0,3.0,,,
Teso,2020,second_season,sorghum,1,dummy_mean,hybrid,raw,1.141258363083009,1.8221508927538015,2.1075068827579884,1.3246497888304674,1.141258363083009,1.8221508927538015,-4.185582511916704,7.829884297424306,6.007733404670505,0.1,56.0,3.0,,,
Teso,2020,second_season,soya_beans,1,dummy_mean,hybrid,raw,0.5653018244408415,1.8221508927538015,2.1075068827579884,2.930292181557787,0.5653018244408415,1.8221508927538015,-4.185582511916704,7.829884297424306,6.007733404670505,0.1,56.0,3.0,,,
Teso,2020,second_season,sweet_potatoes,1,dummy_mean,hybrid,raw,4.986556877001546,1.8221508927538015,2.1075068827579884,5.983658411491209,4.986556877001546,1.8221508927538015,-4.185582511916704,7.829884297424306,6.007733404670505,0.1,56.0,3.0,,,
Elgon,2020,first_season,beans,2,dummy_mean,hybrid,raw,0.6700120852270204,2.02738375852967,1.954636271112969,0.800459608567741,0.6700120852270204,2.02738375852967,-2.2809878122281364,6.335755329287476,4.3083715707578065,0.1,54.0,3.0,,,
Elgon,2020,first_season,groundnuts,2,dummy_mean,hybrid,raw,0.4950587775158489,2.02738375852967,1.954636271112969,0.5508650616816889,0.4950587775158489,2.02738375852967,-2.2809878122281364,6.335755329287476,4.3083715707578065,0.1,54.0,3.0,,,
Elgon,2020,first_season,irish_potatoes,2,dummy_mean,hybrid,raw,4.522840340241605,2.02738375852967,1.954636271112969,4.160319420588475,4.522840340241605,2.02738375852967,-2.2809878122281364,6.335755329287476,4.3083715707578065,0.1,54.0,3.0,,,
Elgon,2020,first_season,maize,2,dummy_mean,hybrid,raw,2.591624259545572,2.02738375852967,1.954636271112969,2.445749569645221,2.591624259545572,2.02738375852967,-2.2809878122281364,6.335755329287476,4.3083715707578065,0.1,54.0,3.0,,,
Elgon,2020,first_season,millet,2,dummy_mean,hybrid,raw,0.6858292042822013,2.02738375852967,1.954636271112969,0.588523876879771,0.6858292042822013,2.02738375852967,-2.2809878122281364,6.335755329287476,4.3083715707578065,0.1,54.0,3.0,,,
Elgon,2020,first_season,rice,2,dummy_mean,hybrid,raw,2.403967673511646,2.02738375852967,1.954636271112969,1.5849672137717488,2.403967673511646,2.02738375852967,-2.2809878122281364,6.335755329287476,4.3083715707578065,0.1,54.0,3.0,,,
Elgon,2020,first_season,simsim,2,dummy_mean,hybrid,raw,1.0133465202105196,2.02738375852967,1.954636271112969,0.4194896280774281,1.0133465202105196,2.02738375852967,-2.2809878122281364,6.335755329287476,4.3083715707578065,0.1,54.0,3.0,,,
Elgon,2020,first_season,sorghum,2,dummy_mean,hybrid,raw,2.370934481096649,2.02738375852967,1.954636271112969,1.1729743338682894,2.370934481096649,2.02738375852967,-2.2809878122281364,6.335755329287476,4.3083715707578065,0.1,54.0,3.0,,,
Elgon,2020,first_season,soya_beans,2,dummy_mean,hybrid,raw,0.5911363692957547,2.02738375852967,1.954636271112969,2.9108857754523334,0.5911363692957547,2.02738375852967,-2.2809878122281364,6.335755329287476,4.3083715707578065,0.1,54.0,3.0,,,
Elgon,2020,first_season,sweet_potatoes,2,dummy_mean,hybrid,raw,3.151255842827831,2.02738375852967,1.954636271112969,5.708455116324331,3.151255842827831,2.02738375852967,-2.2809878122281364,6.335755329287476,4.3083715707578065,0.1,54.0,3.0,,,
Elgon,2020,second_season,beans,2,dummy_mean,hybrid,raw,0.653829971282899,2.02738375852967,1.954636271112969,0.800459608567741,0.653829971282899,2.02738375852967,-2.2809878122281364,6.335755329287476,4.3083715707578065,0.1,54.0,3.0,,,
Elgon,2020,second_season,groundnuts,2,dummy_mean,hybrid,raw,0.7530910039174339,2.02738375852967,1.954636271112969,0.5508650616816889,0.7530910039174339,2.02738375852967,-2.2809878122281364,6.335755329287476,4.3083715707578065,0.1,54.0,3.0,,,
Elgon,2020,second_season,irish_potatoes,2,dummy_mean,hybrid,raw,9.66384795722705,2.02738375852967,1.954636271112969,4.160319420588475,9.66384795722705,2.02738375852967,-2.2809878122281364,6.335755329287476,4.3083715707578065,0.1,54.0,3.0,,,
Elgon,2020,second_season,maize,2,dummy_mean,hybrid,raw,3.423349924580549,2.02738375852967,1.954636271112969,2.445749569645221,3.423349924580549,2.02738375852967,-2.2809878122281364,6.335755329287476,4.3083715707578065,0.1,54.0,3.0,,,
Elgon,2020,second_season,rice,2,dummy_mean,hybrid,raw,0.9781169963836972,2.02738375852967,1.954636271112969,1.5849672137717488,0.9781169963836972,2.02738375852967,-2.2809878122281364,6.335755329287476,4.3083715707578065,0.1,54.0,3.0,,,
Elgon,2020,second_season,simsim,2,dummy_mean,hybrid,raw,0.1853682631467308,2.02738375852967,1.954636271112969,0.4194896280774281,0.1853682631467308,2.02738375852967,-2.2809878122281364,6.335755329287476,4.3083715707578065,0.1,54.0,3.0,,,
Elgon,2020,second_season,sorghum,2,dummy_mean,hybrid,raw,3.258267391159824,2.02738375852967,1.954636271112969,1.1729743338682894,3.258267391159824,2.02738375852967,-2.2809878122281364,6.335755329287476,4.3083715707578065,0.1,54.0,3.0,,,
Elgon,2020,second_season,soya_beans,2,dummy_mean,hybrid,raw,0.4261906725861129,2.02738375852967,1.954636271112969,2.9108857754523334,0.4261906725861129,2.02738375852967,-2.2809878122281364,6.335755329287476,4.3083715707578065,0.1,54.0,3.0,,,
Elgon,2020,second_season,sweet_potatoes,2,dummy_mean,hybrid,raw,3.5591777349294857,2.02738375852967,1.954636271112969,5.708455116324331,3.5591777349294857,2.02738375852967,-2.2809878122281364,6.335755329287476,4.3083715707578065,0.1,54.0,3.0,,,
Lango,2020,first_season,beans,2,dummy_mean,hybrid,raw,0.4538514483659436,2.02738375852967,1.954636271112969,0.800459608567741,0.4538514483659436,2.02738375852967,-2.2809878122281364,6.335755329287476,4.3083715707578065,0.1,54.0,3.0,,,
Lango,2020,first_season,groundnuts,2,dummy_mean,hybrid,raw,0.3602760666772656,2.02738375852967,1.954636271112969,0.5508650616816889,0.3602760666772656,2.02738375852967,-2.2809878122281364,6.335755329287476,4.3083715707578065,0.1,54.0,3.0,,,
Lango,2020,first_season,maize,2,dummy_mean,hybrid,raw,1.5321273000173696,2.02738375852967,1.954636271112969,2.445749569645221,1.5321273000173696,2.02738375852967,-2.2809878122281364,6.335755329287476,4.3083715707578065,0.1,54.0,3.0,,,
Lango,2020,first_season,millet,2,dummy_mean,hybrid,raw,0.3245909082180683,2.02738375852967,1.954636271112969,0.588523876879771,0.3245909082180683,2.02738375852967,-2.2809878122281364,6.335755329287476,4.3083715707578065,0.1,54.0,3.0,,,
Lango,2020,first_season,rice,2,dummy_mean,hybrid,raw,1.0257917523061892,2.02738375852967,1.954636271112969,1.5849672137717488,1.0257917523061892,2.02738375852967,-2.2809878122281364,6.335755329287476,4.3083715707578065,0.1,54.0,3.0,,,
Lango,2020,first_season,simsim,2,dummy_mean,hybrid,raw,0.3598602384189452,2.02738375852967,1.954636271112969,0.4194896280774281,0.3598602384189452,2.02738375852967,-2.2809878122281364,6.335755329287476,4.3083715707578065,0.1,54.0,3.0,,,
Lango,2020,first_season,sorghum,2,dummy_mean,hybrid,raw,0.5398912763008505,2.02738375852967,1.954636271112969,1.1729743338682894,0.5398912763008505,2.02738375852967,-2.2809878122281364,6.335755329287476,4.3083715707578065,0.1,54.0,3.0,,,
Lango,2020,first_season,soya_beans,2,dummy_mean,hybrid,raw,0.6956216106623382,2.02738375852967,1.954636271112969,2.9108857754523334,0.6956216106623382,2.02738375852967,-2.2809878122281364,6.335755329287476,4.3083715707578065,0.1,54.0,3.0,,,
Lango,2020,first_season,sweet_potatoes,2,dummy_mean,hybrid,raw,4.627154243214652,2.02738375852967,1.954636271112969,5.708455116324331,4.627154243214652,2.02738375852967,-2.2809878122281364,6.335755329287476,4.3083715707578065,0.1,54.0,3.0,,,
Lango,2020,second_season,beans,2,dummy_mean,hybrid,raw,0.9979898086925608,2.02738375852967,1.954636271112969,0.800459608567741,0.9979898086925608,2.02738375852967,-2.2809878122281364,6.335755329287476,4.3083715707578065,0.1,54.0,3.0,,,
Lango,2020,second_season,groundnuts,2,dummy_mean,hybrid,raw,0.6658246650132922,2.02738375852967,1.954636271112969,0.5508650616816889,0.6658246650132922,2.02738375852967,-2.2809878122281364,6.335755329287476,4.3083715707578065,0.1,54.0,3.0,,,
Lango,2020,second_season,maize,2,dummy_mean,hybrid,raw,2.9489717758099068,2.02738375852967,1.954636271112969,2.445749569645221,2.9489717758099068,2.02738375852967,-2.2809878122281364,6.335755329287476,4.3083715707578065,0.1,54.0,3.0,,,
Lango,2020,second_season,millet,2,dummy_mean,hybrid,raw,0.359162009295794,2.02738375852967,1.954636271112969,0.588523876879771,0.359162009295794,2.02738375852967,-2.2809878122281364,6.335755329287476,4.3083715707578065,0.1,54.0,3.0,,,
Lango,2020,second_season,rice,2,dummy_mean,hybrid,raw,1.516949718283846,2.02738375852967,1.954636271112969,1.5849672137717488,1.516949718283846,2.02738375852967,-2.2809878122281364,6.335755329287476,4.3083715707578065,0.1,54.0,3.0,,,
Lango,2020,second_season,simsim,2,dummy_mean,hybrid,raw,0.4067343534390761,2.02738375852967,1.954636271112969,0.4194896280774281,0.4067343534390761,2.02738375852967,-2.2809878122281364,6.335755329287476,4.3083715707578065,0.1,54.0,3.0,,,
Lango,2020,second_season,sorghum,2,dummy_mean,hybrid,raw,2.142946828492448,2.02738375852967,1.954636271112969,1.1729743338682894,2.142946828492448,2.02738375852967,-2.2809878122281364,6.335755329287476,4.3083715707578065,0.1,54.0,3.0,,,
Lango,2020,second_season,soya_beans,2,dummy_mean,hybrid,raw,1.5236675808652385,2.02738375852967,1.954636271112969,2.9108857754523334,1.5236675808652385,2.02738375852967,-2.2809878122281364,6.335755329287476,4.3083715707578065,0.1,54.0,3.0,,,
Lango,2020,second_season,sweet_potatoes,2,dummy_mean,hybrid,raw,14.045356396131783,2.02738375852967,1.954636271112969,5.708455116324331,14.045356396131783,2.02738375852967,-2.2809878122281364,6.335755329287476,4.3083715707578065,0.1,54.0,3.0,,,
Tooro,2020,first_season,beans,2,dummy_mean,hybrid,raw,0.5714159022282193,2.02738375852967,1.954636271112969,0.800459608567741,0.5714159022282193,2.02738375852967,-2.2809878122281364,6.335755329287476,4.3083715707578065,0.1,54.0,3.0,,,
Tooro,2020,first_season,groundnuts,2,dummy_mean,hybrid,raw,0.4788089757102604,2.02738375852967,1.954636271112969,0.5508650616816889,0.4788089757102604,2.02738375852967,-2.2809878122281364,6.335755329287476,4.3083715707578065,0.1,54.0,3.0,,,
Tooro,2020,first_season,irish_potatoes,2,dummy_mean,hybrid,raw,2.602443195405729,2.02738375852967,1.954636271112969,4.160319420588475,2.602443195405729,2.02738375852967,-2.2809878122281364,6.335755329287476,4.3083715707578065,0.1,54.0,3.0,,,
Tooro,2020,first_season,maize,2,dummy_mean,hybrid,raw,3.0038294115831783,2.02738375852967,1.954636271112969,2.445749569645221,3.0038294115831783,2.02738375852967,-2.2809878122281364,6.335755329287476,4.3083715707578065,0.1,54.0,3.0,,,
Tooro,2020,first_season,millet,2,dummy_mean,hybrid,raw,0.4632153663470989,2.02738375852967,1.954636271112969,0.588523876879771,0.4632153663470989,2.02738375852967,-2.2809878122281364,6.335755329287476,4.3083715707578065,0.1,54.0,3.0,,,
Tooro,2020,first_season,rice,2,dummy_mean,hybrid,raw,1.3679142770311534,2.02738375852967,1.954636271112969,1.5849672137717488,1.3679142770311534,2.02738375852967,-2.2809878122281364,6.335755329287476,4.3083715707578065,0.1,54.0,3.0,,,
Tooro,2020,first_season,simsim,2,dummy_mean,hybrid,raw,0.2778595226860031,2.02738375852967,1.954636271112969,0.4194896280774281,0.2778595226860031,2.02738375852967,-2.2809878122281364,6.335755329287476,4.3083715707578065,0.1,54.0,3.0,,,
Tooro,2020,first_season,sorghum,2,dummy_mean,hybrid,raw,0.5962480462055857,2.02738375852967,1.954636271112969,1.1729743338682894,0.5962480462055857,2.02738375852967,-2.2809878122281364,6.335755329287476,4.3083715707578065,0.1,54.0,3.0,,,
Tooro,2020,first_season,soya_beans,2,dummy_mean,hybrid,raw,0.4113045140407508,2.02738375852967,1.954636271112969,2.9108857754523334,0.4113045140407508,2.02738375852967,-2.2809878122281364,6.335755329287476,4.3083715707578065,0.1,54.0,3.0,,,
Tooro,2020,first_season,sweet_potatoes,2,dummy_mean,hybrid,raw,2.031705860523254,2.02738375852967,1.954636271112969,5.708455116324331,2.031705860523254,2.02738375852967,-2.2809878122281364,6.335755329287476,4.3083715707578065,0.1,54.0,3.0,,,
Tooro,2020,second_season,beans,2,dummy_mean,hybrid,raw,1.1835686146592244,2.02738375852967,1.954636271112969,0.800459608567741,1.1835686146592244,2.02738375852967,-2.2809878122281364,6.335755329287476,4.3083715707578065,0.1,54.0,3.0,,,
Tooro,2020,second_season,groundnuts,2,dummy_mean,hybrid,raw,0.8188652144271537,2.02738375852967,1.954636271112969,0.5508650616816889,0.8188652144271537,2.02738375852967,-2.2809878122281364,6.335755329287476,4.3083715707578065,0.1,54.0,3.0,,,
Tooro,2020,second_season,irish_potatoes,2,dummy_mean,hybrid,raw,5.09052971295232,2.02738375852967,1.954636271112969,4.160319420588475,5.09052971295232,2.02738375852967,-2.2809878122281364,6.335755329287476,4.3083715707578065,0.1,54.0,3.0,,,
Tooro,2020,second_season,maize,2,dummy_mean,hybrid,raw,4.280134298861752,2.02738375852967,1.954636271112969,2.445749569645221,4.280134298861752,2.02738375852967,-2.2809878122281364,6.335755329287476,4.3083715707578065,0.1,54.0,3.0,,,
Tooro,2020,second_season,millet,2,dummy_mean,hybrid,raw,1.0445138088407484,2.02738375852967,1.954636271112969,0.588523876879771,1.0445138088407484,2.02738375852967,-2.2809878122281364,6.335755329287476,4.3083715707578065,0.1,54.0,3.0,,,
Tooro,2020,second_season,rice,2,dummy_mean,hybrid,raw,2.631104714179096,2.02738375852967,1.954636271112969,1.5849672137717488,2.631104714179096,2.02738375852967,-2.2809878122281364,6.335755329287476,4.3083715707578065,0.1,54.0,3.0,,,
Tooro,2020,second_season,simsim,2,dummy_mean,hybrid,raw,0.3096258716658019,2.02738375852967,1.954636271112969,0.4194896280774281,0.3096258716658019,2.02738375852967,-2.2809878122281364,6.335755329287476,4.3083715707578065,0.1,54.0,3.0,,,
Tooro,2020,second_season,sorghum,2,dummy_mean,hybrid,raw,1.958342814699392,2.02738375852967,1.954636271112969,1.1729743338682894,1.958342814699392,2.02738375852967,-2.2809878122281364,6.335755329287476,4.3083715707578065,0.1,54.0,3.0,,,
Tooro,2020,second_season,soya_beans,2,dummy_mean,hybrid,raw,0.5816289868880459,2.02738375852967,1.954636271112969,2.9108857754523334,0.5816289868880459,2.02738375852967,-2.2809878122281364,6.335755329287476,4.3083715707578065,0.1,54.0,3.0,,,
Tooro,2020,second_season,sweet_potatoes,2,dummy_mean,hybrid,raw,17.19569748995181,2.02738375852967,1.954636271112969,5.708455116324331,17.19569748995181,2.02738375852967,-2.2809878122281364,6.335755329287476,4.3083715707578065,0.1,54.0,3.0,,,
Ankole,2020,first_season,beans,3,dummy_mean,hybrid,raw,0.7107039593083359,2.1850749104303797,2.0662856437501507,0.7992436624389453,0.7107039593083359,2.1850749104303797,-0.25700442235389254,4.627154243214652,2.4420793327842722,0.1,52.0,3.0,,,
Ankole,2020,first_season,groundnuts,3,dummy_mean,hybrid,raw,0.4892093570559104,2.1850749104303797,2.0662856437501507,0.5683245101391033,0.4892093570559104,2.1850749104303797,-0.25700442235389254,4.627154243214652,2.4420793327842722,0.1,52.0,3.0,,,
Ankole,2020,first_season,irish_potatoes,3,dummy_mean,hybrid,raw,2.6066656470507263,2.1850749104303797,2.0662856437501507,4.967854759378325,2.6066656470507263,2.1850749104303797,-0.25700442235389254,4.627154243214652,2.4420793327842722,0.1,52.0,3.0,,,
Ankole,2020,first_season,maize,3,dummy_mean,hybrid,raw,2.2911775934330265,2.1850749104303797,2.0662856437501507,2.5683997769092572,2.2911775934330265,2.1850749104303797,-0.25700442235389254,4.627154243214652,2.4420793327842722,0.1,52.0,3.0,,,
Ankole,2020,first_season,millet,3,dummy_mean,hybrid,raw,1.2807764204080456,2.1850749104303797,2.0662856437501507,0.49735850693119044,1.2807764204080456,2.1850749104303797,-0.25700442235389254,4.627154243214652,2.4420793327842722,0.1,52.0,3.0,,,
Ankole,2020,first_season,sorghum,3,dummy_mean,hybrid,raw,0.660753068253978,2.1850749104303797,2.0662856437501507,1.4121707856008021,0.660753068253978,2.1850749104303797,-0.25700442235389254,4.627154243214652,2.4420793327842722,0.1,52.0,3.0,,,
Ankole,2020,first_season,soya_beans,3,dummy_mean,hybrid,raw,0.3377821773864262,2.1850749104303797,2.0662856437501507,2.823781736252928,0.3377821773864262,2.1850749104303797,-0.25700442235389254,4.627154243214652,2.4420793327842722,0.1,52.0,3.0,,,
Ankole,2020,first_season,sweet_potatoes,3,dummy_mean,hybrid,raw,4.329712242698299,2.1850749104303797,2.0662856437501507,6.104335473351614,4.329712242698299,2.1850749104303797,-0.25700442235389254,4.627154243214652,2.4420793327842722,0.1,52.0,3.0,,,
Ankole,2020,second_season,beans,3,dummy_mean,hybrid,raw,1.3411688832335629,2.1850749104303797,2.0662856437501507,0.7992436624389453,1.3411688832335629,2.1850749104303797,-0.25700442235389254,4.627154243214652,2.4420793327842722,0.1,52.0,3.0,,,
Ankole,2020,second_season,groundnuts,3,dummy_mean,hybrid,raw,0.556144731073507,2.1850749104303797,2.0662856437501507,0.5683245101391033,0.556144731073507,2.1850749104303797,-0.25700442235389254,4.627154243214652,2.4420793327842722,0.1,52.0,3.0,,,
Ankole,2020,second_season,irish_potatoes,3,dummy_mean,hybrid,raw,4.840624253728912,2.1850749104303797,2.0662856437501507,4.967854759378325,4.840624253728912,2.1850749104303797,-0.25700442235389254,4.627154243214652,2.4420793327842722,0.1,52.0,3.0,,,
Ankole,2020,second_season,maize,3,dummy_mean,hybrid,raw,4.746403988018382,2.1850749104303797,2.0662856437501507,2.5683997769092572,4.746403988018382,2.1850749104303797,-0.25700442235389254,4.627154243214652,2.4420793327842722,0.1,52.0,3.0,,,
Ankole,2020,second_season,millet,3,dummy_mean,hybrid,raw,0.7193080425140036,2.1850749104303797,2.0662856437501507,0.49735850693119044,0.7193080425140036,2.1850749104303797,-0.25700442235389254,4.627154243214652,2.4420793327842722,0.1,52.0,3.0,,,
Ankole,2020,second_season,sorghum,3,dummy_mean,hybrid,raw,1.8183667473252825,2.1850749104303797,2.0662856437501507,1.4121707856008021,1.8183667473252825,2.1850749104303797,-0.25700442235389254,4.627154243214652,2.4420793327842722,0.1,52.0,3.0,,,
Ankole,2020,second_season,sweet_potatoes,3,dummy_mean,hybrid,raw,7.086512596688682,2.1850749104303797,2.0662856437501507,6.104335473351614,7.086512596688682,2.1850749104303797,-0.25700442235389254,4.627154243214652,2.4420793327842722,0.1,52.0,3.0,,,
Bukedi,2020,first_season,beans,3,dummy_mean,hybrid,raw,0.5175817230094646,2.1850749104303797,2.0662856437501507,0.7992436624389453,0.5175817230094646,2.1850749104303797,-0.25700442235389254,4.627154243214652,2.4420793327842722,0.1,52.0,3.0,,,
Bukedi,2020,first_season,groundnuts,3,dummy_mean,hybrid,raw,0.4770632662036267,2.1850749104303797,2.0662856437501507,0.5683245101391033,0.4770632662036267,2.1850749104303797,-0.25700442235389254,4.627154243214652,2.4420793327842722,0.1,52.0,3.0,,,
Bukedi,2020,first_season,maize,3,dummy_mean,hybrid,raw,1.5470171390615697,2.1850749104303797,2.0662856437501507,2.5683997769092572,1.5470171390615697,2.1850749104303797,-0.25700442235389254,4.627154243214652,2.4420793327842722,0.1,52.0,3.0,,,
Bukedi,2020,first_season,millet,3,dummy_mean,hybrid,raw,0.4272092427017133,2.1850749104303797,2.0662856437501507,0.49735850693119044,0.4272092427017133,2.1850749104303797,-0.25700442235389254,4.627154243214652,2.4420793327842722,0.1,52.0,3.0,,,
Bukedi,2020,first_season,rice,3,dummy_mean,hybrid,raw,1.3882164630489435,2.1850749104303797,2.0662856437501507,1.63417854787639,1.3882164630489435,2.1850749104303797,-0.25700442235389254,4.627154243214652,2.4420793327842722,0.1,52.0,3.0,,,
Bukedi,2020,first_season,simsim,3,dummy_mean,hybrid,raw,0.3317125177589506,2.1850749104303797,2.0662856437501507,0.4267172973635351,0.3317125177589506,2.1850749104303797,-0.25700442235389254,4.627154243214652,2.4420793327842722,0.1,52.0,3.0,,,
Bukedi,2020,first_season,sorghum,3,dummy_mean,hybrid,raw,0.5913910230747661,2.1850749104303797,2.0662856437501507,1.4121707856008021,0.5913910230747661,2.1850749104303797,-0.25700442235389254,4.627154243214652,2.4420793327842722,0.1,52.0,3.0,,,
Bukedi,2020,first_season,soya_beans,3,dummy_mean,hybrid,raw,0.4175993889818736,2.1850749104303797,2.0662856437501507,2.823781736252928,0.4175993889818736,2.1850749104303797,-0.25700442235389254,4.627154243214652,2.4420793327842722,0.1,52.0,3.0,,,
Bukedi,2020,first_season,sweet_potatoes,3,dummy_mean,hybrid,raw,2.6225674475211567,2.1850749104303797,2.0662856437501507,6.104335473351614,2.6225674475211567,2.1850749104303797,-0.25700442235389254,4.627154243214652,2.4420793327842722,0.1,52.0,3.0,,,
Bukedi,2020,second_season,beans,3,dummy_mean,hybrid,raw,0.7056484947012807,2.1850749104303797,2.0662856437501507,0.7992436624389453,0.7056484947012807,2.1850749104303797,-0.25700442235389254,4.627154243214652,2.4420793327842722,0.1,52.0,3.0,,,
Bukedi,2020,second_season,groundnuts,3,dummy_mean,hybrid,raw,0.5641103408681046,2.1850749104303797,2.0662856437501507,0.5683245101391033,0.5641103408681046,2.1850749104303797,-0.25700442235389254,4.627154243214652,2.4420793327842722,0.1,52.0,3.0,,,
Bukedi,2020,second_season,maize,3,dummy_mean,hybrid,raw,2.5941966847486744,2.1850749104303797,2.0662856437501507,2.5683997769092572,2.5941966847486744,2.1850749104303797,-0.25700442235389254,4.627154243214652,2.4420793327842722,0.1,52.0,3.0,,,
Bukedi,2020,second_season,millet,3,dummy_mean,hybrid,raw,2.0388508171880413,2.1850749104303797,2.0662856437501507,0.49735850693119044,2.0388508171880413,2.1850749104303797,-0.25700442235389254,4.627154243214652,2.4420793327842722,0.1,52.0,3.0,,,
Bukedi,2020,second_season,rice,3,dummy_mean,hybrid,raw,1.4277627442802343,2.1850749104303797,2.0662856437501507,1.63417854787639,1.4277627442802343,2.1850749104303797,-0.25700442235389254,4.627154243214652,2.4420793327842722,0.1,52.0,3.0,,,
Bukedi,2020,second_season,simsim,3,dummy_mean,hybrid,raw,0.3924463982333242,2.1850749104303797,2.0662856437501507,0.4267172973635351,0.3924463982333242,2.1850749104303797,-0.25700442235389254,4.627154243214652,2.4420793327842722,0.1,52.0,3.0,,,
Bukedi,2020,second_season,sorghum,3,dummy_mean,hybrid,raw,0.8805407710527358,2.1850749104303797,2.0662856437501507,1.4121707856008021,0.8805407710527358,2.1850749104303797,-0.25700442235389254,4.627154243214652,2.4420793327842722,0.1,52.0,3.0,,,
Bukedi,2020,second_season,soya_beans,3,dummy_mean,hybrid,raw,0.8286553858983726,2.1850749104303797,2.0662856437501507,2.823781736252928,0.8286553858983726,2.1850749104303797,-0.25700442235389254,4.627154243214652,2.4420793327842722,0.1,52.0,3.0,,,
Bukedi,2020,second_season,sweet_potatoes,3,dummy_mean,hybrid,raw,6.335755329287477,2.1850749104303797,2.0662856437501507,6.104335473351614,6.335755329287477,2.1850749104303797,-0.25700442235389254,4.627154243214652,2.4420793327842722,0.1,52.0,3.0,,,
West Nile,2020,first_season,beans,3,dummy_mean,hybrid,raw,0.5251432400895707,2.1850749104303797,2.0662856437501507,0.7992436624389453,0.5251432400895707,2.1850749104303797,-0.25700442235389254,4.627154243214652,2.4420793327842722,0.1,52.0,3.0,,,
West Nile,2020,first_season,groundnuts,3,dummy_mean,hybrid,raw,0.4055485017270916,2.1850749104303797,2.0662856437501507,0.5683245101391033,0.4055485017270916,2.1850749104303797,-0.25700442235389254,4.627154243214652,2.4420793327842722,0.1,52.0,3.0,,,
West Nile,2020,first_season,irish_potatoes,3,dummy_mean,hybrid,raw,1.4211566881060225,2.1850749104303797,2.0662856437501507,4.967854759378325,1.4211566881060225,2.1850749104303797,-0.25700442235389254,4.627154243214652,2.4420793327842722,0.1,52.0,3.0,,,
West Nile,2020,first_season,maize,3,dummy_mean,hybrid,raw,1.2660956469166913,2.1850749104303797,2.0662856437501507,2.5683997769092572,1.2660956469166913,2.1850749104303797,-0.25700442235389254,4.627154243214652,2.4420793327842722,0.1,52.0,3.0,,,
West Nile,2020,first_season,millet,3,dummy_mean,hybrid,raw,0.2167646962160385,2.1850749104303797,2.0662856437501507,0.49735850693119044,0.2167646962160385,2.1850749104303797,-0.25700442235389254,4.627154243214652,2.4420793327842722,0.1,52.0,3.0,,,
West Nile,2020,first_season,rice,3,dummy_mean,hybrid,raw,1.4018188844017143,2.1850749104303797,2.0662856437501507,1.63417854787639,1.4018188844017143,2.1850749104303797,-0.25700442235389254,4.627154243214652,2.4420793327842722,0.1,52.0,3.0,,,
West Nile,2020,first_season,simsim,3,dummy_mean,hybrid,raw,0.4766810107273866,2.1850749104303797,2.0662856437501507,0.4267172973635351,0.4766810107273866,2.1850749104303797,-0.25700442235389254,4.627154243214652,2.4420793327842722,0.1,52.0,3.0,,,
West Nile,2020,first_season,sorghum,3,dummy_mean,hybrid,raw,0.391054248417342,2.1850749104303797,2.0662856437501507,1.4121707856008021,0.391054248417342,2.1850749104303797,-0.25700442235389254,4.627154243214652,2.4420793327842722,0.1,52.0,3.0,,,
West Nile,2020,first_season,soya_beans,3,dummy_mean,hybrid,raw,0.8717117441917551,2.1850749104303797,2.0662856437501507,2.823781736252928,0.8717117441917551,2.1850749104303797,-0.25700442235389254,4.627154243214652,2.4420793327842722,0.1,52.0,3.0,,,
West Nile,2020,first_season,sweet_potatoes,3,dummy_mean,hybrid,raw,5.41252141626667,2.1850749104303797,2.0662856437501507,6.104335473351614,5.41252141626667,2.1850749104303797,-0.25700442235389254,4.627154243214652,2.4420793327842722,0.1,52.0,3.0,,,
West Nile,2020,second_season,beans,3,dummy_mean,hybrid,raw,0.7559563988183644,2.1850749104303797,2.0662856437501507,0.7992436624389453,0.7559563988183644,2.1850749104303797,-0.25700442235389254,4.627154243214652,2.4420793327842722,0.1,52.0,3.0,,,
West Nile,2020,second_season,groundnuts,3,dummy_mean,hybrid,raw,0.6957406402698985,2.1850749104303797,2.0662856437501507,0.5683245101391033,0.6957406402698985,2.1850749104303797,-0.25700442235389254,4.627154243214652,2.4420793327842722,0.1,52.0,3.0,,,
West Nile,2020,second_season,irish_potatoes,3,dummy_mean,hybrid,raw,3.3207905514628413,2.1850749104303797,2.0662856437501507,4.967854759378325,3.3207905514628413,2.1850749104303797,-0.25700442235389254,4.627154243214652,2.4420793327842722,0.1,52.0,3.0,,,
West Nile,2020,second_season,maize,3,dummy_mean,hybrid,raw,2.6368413584111803,2.1850749104303797,2.0662856437501507,2.5683997769092572,2.6368413584111803,2.1850749104303797,-0.25700442235389254,4.627154243214652,2.4420793327842722,0.1,52.0,3.0,,,
West Nile,2020,second_season,millet,3,dummy_mean,hybrid,raw,0.6973987237560337,2.1850749104303797,2.0662856437501507,0.49735850693119044,0.6973987237560337,2.1850749104303797,-0.25700442235389254,4.627154243214652,2.4420793327842722,0.1,52.0,3.0,,,
West Nile,2020,second_season,rice,3,dummy_mean,hybrid,raw,1.5518859303284125,2.1850749104303797,2.0662856437501507,1.63417854787639,1.5518859303284125,2.1850749104303797,-0.25700442235389254,4.627154243214652,2.4420793327842722,0.1,52.0,3.0,,,
West Nile,2020,second_season,simsim,3,dummy_mean,hybrid,raw,0.3973328781148473,2.1850749104303797,2.0662856437501507,0.4267172973635351,0.3973328781148473,2.1850749104303797,-0.25700442235389254,4.627154243214652,2.4420793327842722,0.1,52.0,3.0,,,
West Nile,2020,second_season,sorghum,3,dummy_mean,hybrid,raw,1.2622030417153625,2.1850749104303797,2.0662856437501507,1.4121707856008021,1.2622030417153625,2.1850749104303797,-0.25700442235389254,4.627154243214652,2.4420793327842722,0.1,52.0,3.0,,,
West Nile,2020,second_season,soya_beans,3,dummy_mean,hybrid,raw,0.6049960464155939,2.1850749104303797,2.0662856437501507,2.823781736252928,0.6049960464155939,2.1850749104303797,-0.25700442235389254,4.627154243214652,2.4420793327842722,0.1,52.0,3.0,,,
West Nile,2020,second_season,sweet_potatoes,3,dummy_mean,hybrid,raw,10.90567139457088,2.1850749104303797,2.0662856437501507,6.104335473351614,10.90567139457088,2.1850749104303797,-0.25700442235389254,4.627154243214652,2.4420793327842722,0.1,52.0,3.0,,,
Busoga,2020,first_season,beans,4,dummy_mean,hybrid,raw,0.6401206168693182,1.7007977073664668,1.8016671470305063,0.7725881369501938,0.6401206168693182,1.7007977073664668,-3.9591564642789536,7.360751879011888,5.6599541716454205,0.1,58.0,3.0,,,
Busoga,2020,first_season,groundnuts,4,dummy_mean,hybrid,raw,0.3322482939632105,1.7007977073664668,1.8016671470305063,0.5479446238104857,0.3322482939632105,1.7007977073664668,-3.9591564642789536,7.360751879011888,5.6599541716454205,0.1,58.0,3.0,,,
Busoga,2020,first_season,maize,4,dummy_mean,hybrid,raw,1.5222384603844508,1.7007977073664668,1.8016671470305063,2.6412707918169636,1.5222384603844508,1.7007977073664668,-3.9591564642789536,7.360751879011888,5.6599541716454205,0.1,58.0,3.0,,,
Busoga,2020,first_season,millet,4,dummy_mean,hybrid,raw,0.6572884828877947,1.7007977073664668,1.8016671470305063,0.5738783706046435,0.6572884828877947,1.7007977073664668,-3.9591564642789536,7.360751879011888,5.6599541716454205,0.1,58.0,3.0,,,
Busoga,2020,first_season,rice,4,dummy_mean,hybrid,raw,1.4797729580148753,1.7007977073664668,1.8016671470305063,1.4257179867225263,1.4797729580148753,1.7007977073664668,-3.9591564642789536,7.360751879011888,5.6599541716454205,0.1,58.0,3.0,,,
Busoga,2020,first_season,simsim,4,dummy_mean,hybrid,raw,0.3994351113633946,1.7007977073664668,1.8016671470305063,0.42925700279116347,0.3994351113633946,1.7007977073664668,-3.9591564642789536,7.360751879011888,5.6599541716454205,0.1,58.0,3.0,,,
Busoga,2020,first_season,sorghum,4,dummy_mean,hybrid,raw,0.6036980012037914,1.7007977073664668,1.8016671470305063,1.3361928120558897,0.6036980012037914,1.7007977073664668,-3.9591564642789536,7.360751879011888,5.6599541716454205,0.1,58.0,3.0,,,
Busoga,2020,first_season,soya_beans,4,dummy_mean,hybrid,raw,0.4333391184708587,1.7007977073664668,1.8016671470305063,0.6555232704687651,0.4333391184708587,1.7007977073664668,-3.9591564642789536,7.360751879011888,5.6599541716454205,0.1,58.0,3.0,,,
Busoga,2020,first_season,sweet_potatoes,4,dummy_mean,hybrid,raw,3.4113171715767456,1.7007977073664668,1.8016671470305063,6.5300697168629425,3.4113171715767456,1.7007977073664668,-3.9591564642789536,7.360751879011888,5.6599541716454205,0.1,58.0,3.0,,,
Busoga,2020,second_season,beans,4,dummy_mean,hybrid,raw,0.8018694899438293,1.7007977073664668,1.8016671470305063,0.7725881369501938,0.8018694899438293,1.7007977073664668,-3.9591564642789536,7.360751879011888,5.6599541716454205,0.1,58.0,3.0,,,
Busoga,2020,second_season,groundnuts,4,dummy_mean,hybrid,raw,0.4062549460293829,1.7007977073664668,1.8016671470305063,0.5479446238104857,0.4062549460293829,1.7007977073664668,-3.9591564642789536,7.360751879011888,5.6599541716454205,0.1,58.0,3.0,,,
Busoga,2020,second_season,maize,4,dummy_mean,hybrid,raw,1.7237131684916815,1.7007977073664668,1.8016671470305063,2.6412707918169636,1.7237131684916815,1.7007977073664668,-3.9591564642789536,7.360751879011888,5.6599541716454205,0.1,58.0,3.0,,,
Busoga,2020,second_season,millet,4,dummy_mean,hybrid,raw,0.2369138654637815,1.7007977073664668,1.8016671470305063,0.5738783706046435,0.2369138654637815,1.7007977073664668,-3.9591564642789536,7.360751879011888,5.6599541716454205,0.1,58.0,3.0,,,
Busoga,2020,second_season,rice,4,dummy_mean,hybrid,raw,2.088480457936548,1.7007977073664668,1.8016671470305063,1.4257179867225263,2.088480457936548,1.7007977073664668,-3.9591564642789536,7.360751879011888,5.6599541716454205,0.1,58.0,3.0,,,
Busoga,2020,second_season,simsim,4,dummy_mean,hybrid,raw,0.2995884010467337,1.7007977073664668,1.8016671470305063,0.42925700279116347,0.2995884010467337,1.7007977073664668,-3.9591564642789536,7.360751879011888,5.6599541716454205,0.1,58.0,3.0,,,
Busoga,2020,second_season,sorghum,4,dummy_mean,hybrid,raw,0.6561084833674863,1.7007977073664668,1.8016671470305063,1.3361928120558897,0.6561084833674863,1.7007977073664668,-3.9591564642789536,7.360751879011888,5.6599541716454205,0.1,58.0,3.0,,,
Busoga,2020,second_season,soya_beans,4,dummy_mean,hybrid,raw,0.5938545772757312,1.7007977073664668,1.8016671470305063,0.6555232704687651,0.5938545772757312,1.7007977073664668,-3.9591564642789536,7.360751879011888,5.6599541716454205,0.1,58.0,3.0,,,
Busoga,2020,second_season,sweet_potatoes,4,dummy_mean,hybrid,raw,4.046477355605773,1.7007977073664668,1.8016671470305063,6.5300697168629425,4.046477355605773,1.7007977073664668,-3.9591564642789536,7.360751879011888,5.6599541716454205,0.1,58.0,3.0,,,
Kigezi,2020,first_season,beans,4,dummy_mean,hybrid,raw,0.6821726355797036,1.7007977073664668,1.8016671470305063,0.7725881369501938,0.6821726355797036,1.7007977073664668,-3.9591564642789536,7.360751879011888,5.6599541716454205,0.1,58.0,3.0,,,
Kigezi,2020,first_season,groundnuts,4,dummy_mean,hybrid,raw,0.4632654520489824,1.7007977073664668,1.8016671470305063,0.5479446238104857,0.4632654520489824,1.7007977073664668,-3.9591564642789536,7.360751879011888,5.6599541716454205,0.1,58.0,3.0,,,
Kigezi,2020,first_season,irish_potatoes,4,dummy_mean,hybrid,raw,5.319403533719373,1.7007977073664668,1.8016671470305063,4.047210229393464,5.319403533719373,1.7007977073664668,-3.9591564642789536,7.360751879011888,5.6599541716454205,0.1,58.0,3.0,,,
Kigezi,2020,first_season,maize,4,dummy_mean,hybrid,raw,1.6788303054282812,1.7007977073664668,1.8016671470305063,2.6412707918169636,1.6788303054282812,1.7007977073664668,-3.9591564642789536,7.360751879011888,5.6599541716454205,0.1,58.0,3.0,,,
Kigezi,2020,first_season,millet,4,dummy_mean,hybrid,raw,0.7582314811841495,1.7007977073664668,1.8016671470305063,0.5738783706046435,0.7582314811841495,1.7007977073664668,-3.9591564642789536,7.360751879011888,5.6599541716454205,0.1,58.0,3.0,,,
Kigezi,2020,first_season,rice,4,dummy_mean,hybrid,raw,1.457131297713486,1.7007977073664668,1.8016671470305063,1.4257179867225263,1.457131297713486,1.7007977073664668,-3.9591564642789536,7.360751879011888,5.6599541716454205,0.1,58.0,3.0,,,
Kigezi,2020,first_season,sorghum,4,dummy_mean,hybrid,raw,0.9963816683569464,1.7007977073664668,1.8016671470305063,1.3361928120558897,0.9963816683569464,1.7007977073664668,-3.9591564642789536,7.360751879011888,5.6599541716454205,0.1,58.0,3.0,,,
Kigezi,2020,first_season,soya_beans,4,dummy_mean,hybrid,raw,0.5069027622936974,1.7007977073664668,1.8016671470305063,0.6555232704687651,0.5069027622936974,1.7007977073664668,-3.9591564642789536,7.360751879011888,5.6599541716454205,0.1,58.0,3.0,,,
Kigezi,2020,first_season,sweet_potatoes,4,dummy_mean,hybrid,raw,3.68073317352751,1.7007977073664668,1.8016671470305063,6.5300697168629425,3.68073317352751,1.7007977073664668,-3.9591564642789536,7.360751879011888,5.6599541716454205,0.1,58.0,3.0,,,
Kigezi,2020,second_season,beans,4,dummy_mean,hybrid,raw,1.2309422257456628,1.7007977073664668,1.8016671470305063,0.7725881369501938,1.2309422257456628,1.7007977073664668,-3.9591564642789536,7.360751879011888,5.6599541716454205,0.1,58.0,3.0,,,
Kigezi,2020,second_season,groundnuts,4,dummy_mean,hybrid,raw,0.7496304931127425,1.7007977073664668,1.8016671470305063,0.5479446238104857,0.7496304931127425,1.7007977073664668,-3.9591564642789536,7.360751879011888,5.6599541716454205,0.1,58.0,3.0,,,
Kigezi,2020,second_season,irish_potatoes,4,dummy_mean,hybrid,raw,7.829884297424306,1.7007977073664668,1.8016671470305063,4.047210229393464,7.829884297424306,1.7007977073664668,-3.9591564642789536,7.360751879011888,5.6599541716454205,0.1,58.0,3.0,,,
Kigezi,2020,second_season,maize,4,dummy_mean,hybrid,raw,4.580426866194772,1.7007977073664668,1.8016671470305063,2.6412707918169636,4.580426866194772,1.7007977073664668,-3.9591564642789536,7.360751879011888,5.6599541716454205,0.1,58.0,3.0,,,
Kigezi,2020,second_season,millet,4,dummy_mean,hybrid,raw,0.96011465247634,1.7007977073664668,1.8016671470305063,0.5738783706046435,0.96011465247634,1.7007977073664668,-3.9591564642789536,7.360751879011888,5.6599541716454205,0.1,58.0,3.0,,,
Kigezi,2020,second_season,rice,4,dummy_mean,hybrid,raw,3.966514747112424,1.7007977073664668,1.8016671470305063,1.4257179867225263,3.966514747112424,1.7007977073664668,-3.9591564642789536,7.360751879011888,5.6599541716454205,0.1,58.0,3.0,,,
Kigezi,2020,second_season,sorghum,4,dummy_mean,hybrid,raw,0.9034020239226584,1.7007977073664668,1.8016671470305063,1.3361928120558897,0.9034020239226584,1.7007977073664668,-3.9591564642789536,7.360751879011888,5.6599541716454205,0.1,58.0,3.0,,,
Kigezi,2020,second_season,soya_beans,4,dummy_mean,hybrid,raw,44.29863915774654,1.7007977073664668,1.8016671470305063,0.6555232704687651,44.29863915774654,1.7007977073664668,-3.9591564642789536,7.360751879011888,5.6599541716454205,0.1,58.0,3.0,,,
Kigezi,2020,second_season,sweet_potatoes,4,dummy_mean,hybrid,raw,7.307468270304063,1.7007977073664668,1.8016671470305063,6.5300697168629425,7.307468270304063,1.7007977073664668,-3.9591564642789536,7.360751879011888,5.6599541716454205,0.1,58.0,3.0,,,
South Buganda,2020,first_season,beans,4,dummy_mean,hybrid,raw,0.6286830497610721,1.7007977073664668,1.8016671470305063,0.7725881369501938,0.6286830497610721,1.7007977073664668,-3.9591564642789536,7.360751879011888,5.6599541716454205,0.1,58.0,3.0,,,
South Buganda,2020,first_season,groundnuts,4,dummy_mean,hybrid,raw,0.6198068833094821,1.7007977073664668,1.8016671470305063,0.5479446238104857,0.6198068833094821,1.7007977073664668,-3.9591564642789536,7.360751879011888,5.6599541716454205,0.1,58.0,3.0,,,
South Buganda,2020,first_season,irish_potatoes,4,dummy_mean,hybrid,raw,3.3283582090790134,1.7007977073664668,1.8016671470305063,4.047210229393464,3.3283582090790134,1.7007977073664668,-3.9591564642789536,7.360751879011888,5.6599541716454205,0.1,58.0,3.0,,,
South Buganda,2020,first_season,maize,4,dummy_mean,hybrid,raw,1.658719821291578,1.7007977073664668,1.8016671470305063,2.6412707918169636,1.658719821291578,1.7007977073664668,-3.9591564642789536,7.360751879011888,5.6599541716454205,0.1,58.0,3.0,,,
South Buganda,2020,first_season,millet,4,dummy_mean,hybrid,raw,0.4388892155530794,1.7007977073664668,1.8016671470305063,0.5738783706046435,0.4388892155530794,1.7007977073664668,-3.9591564642789536,7.360751879011888,5.6599541716454205,0.1,58.0,3.0,,,
South Buganda,2020,first_season,rice,4,dummy_mean,hybrid,raw,2.3727137710817736,1.7007977073664668,1.8016671470305063,1.4257179867225263,2.3727137710817736,1.7007977073664668,-3.9591564642789536,7.360751879011888,5.6599541716454205,0.1,58.0,3.0,,,
South Buganda,2020,first_season,sorghum,4,dummy_mean,hybrid,raw,0.5363321684614435,1.7007977073664668,1.8016671470305063,1.3361928120558897,0.5363321684614435,1.7007977073664668,-3.9591564642789536,7.360751879011888,5.6599541716454205,0.1,58.0,3.0,,,
South Buganda,2020,first_season,soya_beans,4,dummy_mean,hybrid,raw,0.5931784427704433,1.7007977073664668,1.8016671470305063,0.6555232704687651,0.5931784427704433,1.7007977073664668,-3.9591564642789536,7.360751879011888,5.6599541716454205,0.1,58.0,3.0,,,
South Buganda,2020,first_season,sweet_potatoes,4,dummy_mean,hybrid,raw,3.666537379696348,1.7007977073664668,1.8016671470305063,6.5300697168629425,3.666537379696348,1.7007977073664668,-3.9591564642789536,7.360751879011888,5.6599541716454205,0.1,58.0,3.0,,,
South Buganda,2020,second_season,beans,4,dummy_mean,hybrid,raw,1.1321807165247713,1.7007977073664668,1.8016671470305063,0.7725881369501938,1.1321807165247713,1.7007977073664668,-3.9591564642789536,7.360751879011888,5.6599541716454205,0.1,58.0,3.0,,,
South Buganda,2020,second_season,groundnuts,4,dummy_mean,hybrid,raw,1.0649682679639256,1.7007977073664668,1.8016671470305063,0.5479446238104857,1.0649682679639256,1.7007977073664668,-3.9591564642789536,7.360751879011888,5.6599541716454205,0.1,58.0,3.0,,,
South Buganda,2020,second_season,irish_potatoes,4,dummy_mean,hybrid,raw,6.759325459944138,1.7007977073664668,1.8016671470305063,4.047210229393464,6.759325459944138,1.7007977073664668,-3.9591564642789536,7.360751879011888,5.6599541716454205,0.1,58.0,3.0,,,
South Buganda,2020,second_season,maize,4,dummy_mean,hybrid,raw,2.314641460829224,1.7007977073664668,1.8016671470305063,2.6412707918169636,2.314641460829224,1.7007977073664668,-3.9591564642789536,7.360751879011888,5.6599541716454205,0.1,58.0,3.0,,,
South Buganda,2020,second_season,millet,4,dummy_mean,hybrid,raw,0.721953108076217,1.7007977073664668,1.8016671470305063,0.5738783706046435,0.721953108076217,1.7007977073664668,-3.9591564642789536,7.360751879011888,5.6599541716454205,0.1,58.0,3.0,,,
South Buganda,2020,second_season,sorghum,4,dummy_mean,hybrid,raw,3.5799019725152155,1.7007977073664668,1.8016671470305063,1.3361928120558897,3.5799019725152155,1.7007977073664668,-3.9591564642789536,7.360751879011888,5.6599541716454205,0.1,58.0,3.0,,,
South Buganda,2020,second_season,sweet_potatoes,4,dummy_mean,hybrid,raw,6.065522206096139,1.7007977073664668,1.8016671470305063,6.5300697168629425,6.065522206096139,1.7007977073664668,-3.9591564642789536,7.360751879011888,5.6599541716454205,0.1,58.0,3.0,,,
Bunyoro,2020,first_season,beans,5,dummy_mean,hybrid,raw,0.8260947143833511,2.115611141483227,2.0664785772522087,0.7821426946020412,0.8260947143833511,2.115611141483227,-0.6094019707624581,4.840624253728912,2.725013112245685,0.1,52.0,3.0,,,
Bunyoro,2020,first_season,groundnuts,5,dummy_mean,hybrid,raw,0.6650306538588546,2.115611141483227,2.0664785772522087,0.5656278431447842,0.6650306538588546,2.115611141483227,-0.6094019707624581,4.840624253728912,2.725013112245685,0.1,52.0,3.0,,,
Bunyoro,2020,first_season,irish_potatoes,5,dummy_mean,hybrid,raw,2.220589656235262,2.115611141483227,2.0664785772522087,4.7812646841975734,2.220589656235262,2.115611141483227,-0.6094019707624581,4.840624253728912,2.725013112245685,0.1,52.0,3.0,,,
Bunyoro,2020,first_season,maize,5,dummy_mean,hybrid,raw,2.3426553850030096,2.115611141483227,2.0664785772522087,2.4053055087174147,2.3426553850030096,2.115611141483227,-0.6094019707624581,4.840624253728912,2.725013112245685,0.1,52.0,3.0,,,
Bunyoro,2020,first_season,millet,5,dummy_mean,hybrid,raw,0.2753703982834791,2.115611141483227,2.0664785772522087,0.6309719027500666,0.2753703982834791,2.115611141483227,-0.6094019707624581,4.840624253728912,2.725013112245685,0.1,52.0,3.0,,,
Bunyoro,2020,first_season,rice,5,dummy_mean,hybrid,raw,1.4308437859507233,2.115611141483227,2.0664785772522087,1.611955233813348,1.4308437859507233,2.115611141483227,-0.6094019707624581,4.840624253728912,2.725013112245685,0.1,52.0,3.0,,,
Bunyoro,2020,first_season,simsim,5,dummy_mean,hybrid,raw,0.5005342402042084,2.115611141483227,2.0664785772522087,0.42646604553162476,0.5005342402042084,2.115611141483227,-0.6094019707624581,4.840624253728912,2.725013112245685,0.1,52.0,3.0,,,
Bunyoro,2020,first_season,sorghum,5,dummy_mean,hybrid,raw,1.3881045542850072,2.115611141483227,2.0664785772522087,1.3031889535170247,1.3881045542850072,2.115611141483227,-0.6094019707624581,4.840624253728912,2.725013112245685,0.1,52.0,3.0,,,
Bunyoro,2020,first_season,soya_beans,5,dummy_mean,hybrid,raw,0.6855186697585186,2.115611141483227,2.0664785772522087,2.6171380251865526,0.6855186697585186,2.115611141483227,-0.6094019707624581,4.840624253728912,2.725013112245685,0.1,52.0,3.0,,,
Bunyoro,2020,first_season,sweet_potatoes,5,dummy_mean,hybrid,raw,2.0298423975087787,2.115611141483227,2.0664785772522087,6.191142717319159,2.0298423975087787,2.115611141483227,-0.6094019707624581,4.840624253728912,2.725013112245685,0.1,52.0,3.0,,,
Bunyoro,2020,second_season,beans,5,dummy_mean,hybrid,raw,1.200511704804833,2.115611141483227,2.0664785772522087,0.7821426946020412,1.200511704804833,2.115611141483227,-0.6094019707624581,4.840624253728912,2.725013112245685,0.1,52.0,3.0,,,
Bunyoro,2020,second_season,groundnuts,5,dummy_mean,hybrid,raw,0.7713261452057008,2.115611141483227,2.0664785772522087,0.5656278431447842,0.7713261452057008,2.115611141483227,-0.6094019707624581,4.840624253728912,2.725013112245685,0.1,52.0,3.0,,,
Bunyoro,2020,second_season,irish_potatoes,5,dummy_mean,hybrid,raw,2.6451990178871103,2.115611141483227,2.0664785772522087,4.7812646841975734,2.6451990178871103,2.115611141483227,-0.6094019707624581,4.840624253728912,2.725013112245685,0.1,52.0,3.0,,,
Bunyoro,2020,second_season,maize,5,dummy_mean,hybrid,raw,3.0549264654046246,2.115611141483227,2.0664785772522087,2.4053055087174147,3.0549264654046246,2.115611141483227,-0.6094019707624581,4.840624253728912,2.725013112245685,0.1,52.0,3.0,,,
Bunyoro,2020,second_season,millet,5,dummy_mean,hybrid,raw,0.4212512776206598,2.115611141483227,2.0664785772522087,0.6309719027500666,0.4212512776206598,2.115611141483227,-0.6094019707624581,4.840624253728912,2.725013112245685,0.1,52.0,3.0,,,
Bunyoro,2020,second_season,rice,5,dummy_mean,hybrid,raw,1.6224963809696238,2.115611141483227,2.0664785772522087,1.611955233813348,1.6224963809696238,2.115611141483227,-0.6094019707624581,4.840624253728912,2.725013112245685,0.1,52.0,3.0,,,
Bunyoro,2020,second_season,sorghum,5,dummy_mean,hybrid,raw,0.8920114348791089,2.115611141483227,2.0664785772522087,1.3031889535170247,0.8920114348791089,2.115611141483227,-0.6094019707624581,4.840624253728912,2.725013112245685,0.1,52.0,3.0,,,
Bunyoro,2020,second_season,soya_beans,5,dummy_mean,hybrid,raw,0.7040260876893635,2.115611141483227,2.0664785772522087,2.6171380251865526,0.7040260876893635,2.115611141483227,-0.6094019707624581,4.840624253728912,2.725013112245685,0.1,52.0,3.0,,,
Bunyoro,2020,second_season,sweet_potatoes,5,dummy_mean,hybrid,raw,8.162182280896847,2.115611141483227,2.0664785772522087,6.191142717319159,8.162182280896847,2.115611141483227,-0.6094019707624581,4.840624253728912,2.725013112245685,0.1,52.0,3.0,,,
Karamoja,2020,first_season,beans,5,dummy_mean,hybrid,raw,0.5422885207412549,2.115611141483227,2.0664785772522087,0.7821426946020412,0.5422885207412549,2.115611141483227,-0.6094019707624581,4.840624253728912,2.725013112245685,0.1,52.0,3.0,,,
Karamoja,2020,first_season,groundnuts,5,dummy_mean,hybrid,raw,0.5747979489963491,2.115611141483227,2.0664785772522087,0.5656278431447842,0.5747979489963491,2.115611141483227,-0.6094019707624581,4.840624253728912,2.725013112245685,0.1,52.0,3.0,,,
Karamoja,2020,first_season,maize,5,dummy_mean,hybrid,raw,1.2175480596073385,2.115611141483227,2.0664785772522087,2.4053055087174147,1.2175480596073385,2.115611141483227,-0.6094019707624581,4.840624253728912,2.725013112245685,0.1,52.0,3.0,,,
Karamoja,2020,first_season,millet,5,dummy_mean,hybrid,raw,0.2665642826776189,2.115611141483227,2.0664785772522087,0.6309719027500666,0.2665642826776189,2.115611141483227,-0.6094019707624581,4.840624253728912,2.725013112245685,0.1,52.0,3.0,,,
Karamoja,2020,first_season,rice,5,dummy_mean,hybrid,raw,1.5488549025864504,2.115611141483227,2.0664785772522087,1.611955233813348,1.5488549025864504,2.115611141483227,-0.6094019707624581,4.840624253728912,2.725013112245685,0.1,52.0,3.0,,,
Karamoja,2020,first_season,simsim,5,dummy_mean,hybrid,raw,0.2487265028776165,2.115611141483227,2.0664785772522087,0.42646604553162476,0.2487265028776165,2.115611141483227,-0.6094019707624581,4.840624253728912,2.725013112245685,0.1,52.0,3.0,,,
Karamoja,2020,first_season,sorghum,5,dummy_mean,hybrid,raw,0.6347991969213849,2.115611141483227,2.0664785772522087,1.3031889535170247,0.6347991969213849,2.115611141483227,-0.6094019707624581,4.840624253728912,2.725013112245685,0.1,52.0,3.0,,,
Karamoja,2020,first_season,soya_beans,5,dummy_mean,hybrid,raw,0.5697981563805337,2.115611141483227,2.0664785772522087,2.6171380251865526,0.5697981563805337,2.115611141483227,-0.6094019707624581,4.840624253728912,2.725013112245685,0.1,52.0,3.0,,,
Karamoja,2020,second_season,groundnuts,5,dummy_mean,hybrid,raw,0.1047330767226874,2.115611141483227,2.0664785772522087,0.5656278431447842,0.1047330767226874,2.115611141483227,-0.6094019707624581,4.840624253728912,2.725013112245685,0.1,52.0,3.0,,,
Karamoja,2020,second_season,maize,5,dummy_mean,hybrid,raw,7.244065383360269,2.115611141483227,2.0664785772522087,2.4053055087174147,7.244065383360269,2.115611141483227,-0.6094019707624581,4.840624253728912,2.725013112245685,0.1,52.0,3.0,,,
Karamoja,2020,second_season,millet,5,dummy_mean,hybrid,raw,0.349296866505584,2.115611141483227,2.0664785772522087,0.6309719027500666,0.349296866505584,2.115611141483227,-0.6094019707624581,4.840624253728912,2.725013112245685,0.1,52.0,3.0,,,
Karamoja,2020,second_season,sorghum,5,dummy_mean,hybrid,raw,2.480616112563021,2.115611141483227,2.0664785772522087,1.3031889535170247,2.480616112563021,2.115611141483227,-0.6094019707624581,4.840624253728912,2.725013112245685,0.1,52.0,3.0,,,
Acholi,2020,first_season,beans,1,ridge,hybrid,raw,0.8570862730857126,0.08084700340270434,2.1075068827579884,0.7986540097128687,0.8570862730857126,0.08084700340270434,-3.252150643264149,3.4138446500695574,3.332997646666853,0.1,56.0,3.0,,,
Acholi,2020,first_season,groundnuts,1,ridge,hybrid,raw,0.579730411471064,-0.6011546728751616,2.1075068827579884,0.5687183500759414,0.579730411471064,-0.6011546728751616,-3.9341523195420147,2.7318429737916916,3.332997646666853,0.1,56.0,3.0,,,
Acholi,2020,first_season,maize,1,ridge,hybrid,raw,1.6268858066002263,1.5391231872062194,2.1075068827579884,2.7363424889537766,1.6268858066002263,1.5391231872062194,-1.7938744594606337,4.872120833873073,3.332997646666853,0.1,56.0,3.0,,,
Acholi,2020,first_season,millet,1,ridge,hybrid,raw,0.2602112569707439,-0.4698261321463062,2.1075068827579884,0.6354044224045948,0.2602112569707439,-0.4698261321463062,-3.8028237788131594,2.863171514520547,3.332997646666853,0.1,56.0,3.0,,,
Acholi,2020,first_season,rice,1,ridge,hybrid,raw,1.8354492390020587,0.6559113629306609,2.1075068827579884,1.7589076363956022,1.8354492390020587,0.6559113629306609,-2.6770862837361924,3.988909009597514,3.332997646666853,0.1,56.0,3.0,,,
Acholi,2020,first_season,simsim,1,ridge,hybrid,raw,0.2405641336366695,-0.5601336613901364,2.1075068827579884,0.3999465592781099,0.2405641336366695,-0.5601336613901364,-3.8931313080569896,2.7728639852767167,3.332997646666853,0.1,56.0,3.0,,,
Acholi,2020,first_season,sorghum,1,ridge,hybrid,raw,0.7136992535711828,0.20678052619797072,2.1075068827579884,1.3246497888304674,0.7136992535711828,0.20678052619797072,-3.1262171204688824,3.539778172864824,3.332997646666853,0.1,56.0,3.0,,,
Acholi,2020,first_season,soya_beans,1,ridge,hybrid,raw,1.0958248492916711,-0.40521235402409594,2.1075068827579884,2.930292181557787,1.0958248492916711,-0.40521235402409594,-3.738210000690949,2.927785292642757,3.332997646666853,0.1,56.0,3.0,,,
Acholi,2020,first_season,sweet_potatoes,1,ridge,hybrid,raw,7.360751879011887,3.8183737692009916,2.1075068827579884,5.983658411491209,7.360751879011887,3.8183737692009916,0.4853761225341384,7.151371415867844,3.332997646666853,0.1,56.0,3.0,,,
Acholi,2020,second_season,beans,1,ridge,hybrid,raw,0.8791468943891129,1.960371398543935,2.1075068827579884,0.7986540097128687,0.8791468943891129,1.960371398543935,-1.3726262481229181,5.293369045210788,3.332997646666853,0.1,56.0,3.0,,,
Acholi,2020,second_season,groundnuts,1,ridge,hybrid,raw,0.774283389787513,1.278369722266069,2.1075068827579884,0.5687183500759414,0.774283389787513,1.278369722266069,-2.0546279244007843,4.611367368932922,3.332997646666853,0.1,56.0,3.0,,,
Acholi,2020,second_season,maize,1,ridge,hybrid,raw,1.9919193221111424,3.4186475823474503,2.1075068827579884,2.7363424889537766,1.9919193221111424,3.4186475823474503,0.08564993568059709,6.751645229014303,3.332997646666853,0.1,56.0,3.0,,,
Acholi,2020,second_season,millet,1,ridge,hybrid,raw,0.3783444913194841,1.4096982629949246,2.1075068827579884,0.6354044224045948,0.3783444913194841,1.4096982629949246,-1.9232993836719285,4.742695909661778,3.332997646666853,0.1,56.0,3.0,,,
Acholi,2020,second_season,rice,1,ridge,hybrid,raw,0.8047415933139703,2.5354357580718916,2.1075068827579884,1.7589076363956022,0.8047415933139703,2.5354357580718916,-0.7975618885949616,5.868433404738745,3.332997646666853,0.1,56.0,3.0,,,
Acholi,2020,second_season,simsim,1,ridge,hybrid,raw,0.3592611565204056,1.3193907337510944,2.1075068827579884,0.3999465592781099,0.3592611565204056,1.3193907337510944,-2.0136069129157588,4.652388380417948,3.332997646666853,0.1,56.0,3.0,,,
Acholi,2020,second_season,sorghum,1,ridge,hybrid,raw,1.0529020128934117,2.0863049213392015,2.1075068827579884,1.3246497888304674,1.0529020128934117,2.0863049213392015,-1.2466927253276516,5.419302568006055,3.332997646666853,0.1,56.0,3.0,,,
Acholi,2020,second_season,soya_beans,1,ridge,hybrid,raw,0.8621074636111007,1.4743120411171349,2.1075068827579884,2.930292181557787,0.8621074636111007,1.4743120411171349,-1.8586856055497183,4.807309687783988,3.332997646666853,0.1,56.0,3.0,,,
Acholi,2020,second_season,sweet_potatoes,1,ridge,hybrid,raw,14.728567574673178,5.697898164342222,2.1075068827579884,5.983658411491209,14.728567574673178,5.697898164342222,2.364900517675369,9.030895811009074,3.332997646666853,0.1,56.0,3.0,,,
North Buganda,2020,first_season,beans,1,ridge,hybrid,raw,0.6433017110440628,1.150709214060979,2.1075068827579884,0.7986540097128687,0.6433017110440628,1.150709214060979,-2.1822884326058745,4.483706860727832,3.332997646666853,0.1,56.0,3.0,,,
North Buganda,2020,first_season,groundnuts,1,ridge,hybrid,raw,0.4198664546099319,0.4687075377831129,2.1075068827579884,0.5687183500759414,0.4198664546099319,0.4687075377831129,-2.8642901088837402,3.801705184449966,3.332997646666853,0.1,56.0,3.0,,,
North Buganda,2020,first_season,irish_potatoes,1,ridge,hybrid,raw,3.149663292713082,3.8795823304185535,2.1075068827579884,4.440832751461744,3.149663292713082,3.8795823304185535,0.5465846837517003,7.212579977085406,3.332997646666853,0.1,56.0,3.0,,,
North Buganda,2020,first_season,maize,1,ridge,hybrid,raw,2.169407944352197,2.608985397864494,2.1075068827579884,2.7363424889537766,2.169407944352197,2.608985397864494,-0.7240122488023593,5.941983044531347,3.332997646666853,0.1,56.0,3.0,,,
North Buganda,2020,first_season,millet,1,ridge,hybrid,raw,0.493228260930458,0.6000360785119683,2.1075068827579884,0.6354044224045948,0.493228260930458,0.6000360785119683,-2.732961568154885,3.9330337251788214,3.332997646666853,0.1,56.0,3.0,,,
North Buganda,2020,first_season,rice,1,ridge,hybrid,raw,1.0029754145357688,1.7257735735889355,2.1075068827579884,1.7589076363956022,1.0029754145357688,1.7257735735889355,-1.6072240730779177,5.058771220255789,3.332997646666853,0.1,56.0,3.0,,,
North Buganda,2020,first_season,simsim,1,ridge,hybrid,raw,0.1854698986731419,0.5097285492681383,2.1075068827579884,0.3999465592781099,0.1854698986731419,0.5097285492681383,-2.8232690973987147,3.8427261959349917,3.332997646666853,0.1,56.0,3.0,,,
North Buganda,2020,first_season,sorghum,1,ridge,hybrid,raw,0.0988630737950738,1.2766427368562452,2.1075068827579884,1.3246497888304674,0.0988630737950738,1.2766427368562452,-2.056354909810608,4.609640383523098,3.332997646666853,0.1,56.0,3.0,,,
North Buganda,2020,first_season,soya_beans,1,ridge,hybrid,raw,0.4702301599548245,0.6646498566341786,2.1075068827579884,2.930292181557787,0.4702301599548245,0.6646498566341786,-2.6683477900326746,3.9976475033010317,3.332997646666853,0.1,56.0,3.0,,,
North Buganda,2020,first_season,sweet_potatoes,1,ridge,hybrid,raw,2.687525566046792,4.888235979859266,2.1075068827579884,5.983658411491209,2.687525566046792,4.888235979859266,1.5552383331924124,8.221233626526118,3.332997646666853,0.1,56.0,3.0,,,
North Buganda,2020,second_season,beans,1,ridge,hybrid,raw,0.9823435270848496,1.8919292282994173,2.1075068827579884,0.7986540097128687,0.9823435270848496,1.8919292282994173,-1.4410684183674358,5.22492687496627,3.332997646666853,0.1,56.0,3.0,,,
North Buganda,2020,second_season,groundnuts,1,ridge,hybrid,raw,0.6052217822979895,1.2099275520215516,2.1075068827579884,0.5687183500759414,0.6052217822979895,1.2099275520215516,-2.1230700946453016,4.542925198688405,3.332997646666853,0.1,56.0,3.0,,,
North Buganda,2020,second_season,irish_potatoes,1,ridge,hybrid,raw,6.482172439710905,4.620802344656992,2.1075068827579884,4.440832751461744,6.482172439710905,4.620802344656992,1.287804697990139,7.953799991323845,3.332997646666853,0.1,56.0,3.0,,,
North Buganda,2020,second_season,maize,1,ridge,hybrid,raw,2.6867403311215865,3.3502054121029325,2.1075068827579884,2.7363424889537766,2.6867403311215865,3.3502054121029325,0.01720776543607938,6.683203058769786,3.332997646666853,0.1,56.0,3.0,,,
North Buganda,2020,second_season,millet,1,ridge,hybrid,raw,0.7672214167665391,1.3412560927504067,2.1075068827579884,0.6354044224045948,0.7672214167665391,1.3412560927504067,-1.9917415539164465,4.67425373941726,3.332997646666853,0.1,56.0,3.0,,,
North Buganda,2020,second_season,rice,1,ridge,hybrid,raw,0.7664154644961585,2.466993587827374,2.1075068827579884,1.7589076363956022,0.7664154644961585,2.466993587827374,-0.8660040588394793,5.799991234494227,3.332997646666853,0.1,56.0,3.0,,,
North Buganda,2020,second_season,simsim,1,ridge,hybrid,raw,1.0617776543409592,1.2509485635065767,2.1075068827579884,0.3999465592781099,1.0617776543409592,1.2509485635065767,-2.0820490831602765,4.58394621017343,3.332997646666853,0.1,56.0,3.0,,,
North Buganda,2020,second_season,sorghum,1,ridge,hybrid,raw,3.8791100754366425,2.0178627510946834,2.1075068827579884,1.3246497888304674,3.8791100754366425,2.0178627510946834,-1.3151348955721698,5.3508603977615365,3.332997646666853,0.1,56.0,3.0,,,
North Buganda,2020,second_season,soya_beans,1,ridge,hybrid,raw,0.4386972792209299,1.4058698708726172,2.1075068827579884,2.930292181557787,0.4386972792209299,1.4058698708726172,-1.927127775794236,4.73886751753947,3.332997646666853,0.1,56.0,3.0,,,
North Buganda,2020,second_season,sweet_potatoes,1,ridge,hybrid,raw,6.9509363188894655,5.629455994097704,2.1075068827579884,5.983658411491209,6.9509363188894655,5.629455994097704,2.2964583474308506,8.962453640764558,3.332997646666853,0.1,56.0,3.0,,,
Teso,2020,first_season,beans,1,ridge,hybrid,raw,0.4787820909269001,-0.2653291872625667,2.1075068827579884,0.7986540097128687,0.4787820909269001,-0.2653291872625667,-3.59832683392942,3.0676684594042865,3.332997646666853,0.1,56.0,3.0,,,
Teso,2020,first_season,groundnuts,1,ridge,hybrid,raw,0.3687334249789069,-0.9473308635404329,2.1075068827579884,0.5687183500759414,0.3687334249789069,-0.9473308635404329,-4.280328510207286,2.38566678312642,3.332997646666853,0.1,56.0,3.0,,,
Teso,2020,first_season,maize,1,ridge,hybrid,raw,1.3718829183654722,1.1929469965409485,2.1075068827579884,2.7363424889537766,1.3718829183654722,1.1929469965409485,-2.1400506501259047,4.525944643207802,3.332997646666853,0.1,56.0,3.0,,,
Teso,2020,first_season,millet,1,ridge,hybrid,raw,0.2266117956037198,-0.8160023228115776,2.1075068827579884,0.6354044224045948,0.2266117956037198,-0.8160023228115776,-4.148999969478431,2.5169953238552756,3.332997646666853,0.1,56.0,3.0,,,
Teso,2020,first_season,rice,1,ridge,hybrid,raw,1.3123638688539283,0.3097351722653897,2.1075068827579884,1.7589076363956022,1.3123638688539283,0.3097351722653897,-3.0232624744014633,3.642732818932243,3.332997646666853,0.1,56.0,3.0,,,
Teso,2020,first_season,simsim,1,ridge,hybrid,raw,0.3758526836726521,-0.9063098520554074,2.1075068827579884,0.3999465592781099,0.3758526836726521,-0.9063098520554074,-4.23930749872226,2.426687794611446,3.332997646666853,0.1,56.0,3.0,,,
Teso,2020,first_season,sorghum,1,ridge,hybrid,raw,0.6439380500075159,-0.13939566446730045,2.1075068827579884,1.3246497888304674,0.6439380500075159,-0.13939566446730045,-3.4723933111341534,3.193601982199553,3.332997646666853,0.1,56.0,3.0,,,
Teso,2020,first_season,soya_beans,1,ridge,hybrid,raw,0.4286664418152572,-0.7513885446893669,2.1075068827579884,2.930292181557787,0.4286664418152572,-0.7513885446893669,-4.08438619135622,2.5816091019774863,3.332997646666853,0.1,56.0,3.0,,,
Teso,2020,first_season,sweet_potatoes,1,ridge,hybrid,raw,2.3919434486183864,3.4721975785357206,2.1075068827579884,5.983658411491209,2.3919434486183864,3.4721975785357206,0.13919993186886748,6.805195225202574,3.332997646666853,0.1,56.0,3.0,,,
Teso,2020,second_season,beans,1,ridge,hybrid,raw,0.7279249098775472,1.5316076195741948,2.1075068827579884,0.7986540097128687,0.7279249098775472,1.5316076195741948,-1.8013900270926584,4.864605266241048,3.332997646666853,0.1,56.0,3.0,,,
Teso,2020,second_season,groundnuts,1,ridge,hybrid,raw,0.4313168954422955,0.8496059432963288,2.1075068827579884,0.5687183500759414,0.4313168954422955,0.8496059432963288,-2.4833917033705246,4.182603589963182,3.332997646666853,0.1,56.0,3.0,,,
Teso,2020,second_season,maize,1,ridge,hybrid,raw,1.540156423059482,2.98988380337771,2.1075068827579884,2.7363424889537766,1.540156423059482,2.98988380337771,-0.3431138432891432,6.322881450044563,3.332997646666853,0.1,56.0,3.0,,,
Teso,2020,second_season,millet,1,ridge,hybrid,raw,0.3557264962514397,0.9809344840251842,2.1075068827579884,0.6354044224045948,0.3557264962514397,0.9809344840251842,-2.352063162641669,4.313932130692037,3.332997646666853,0.1,56.0,3.0,,,
Teso,2020,second_season,rice,1,ridge,hybrid,raw,1.0709719442643844,2.1066719791021513,2.1075068827579884,1.7589076363956022,1.0709719442643844,2.1066719791021513,-1.2263256675647018,5.439669625769005,3.332997646666853,0.1,56.0,3.0,,,
Teso,2020,second_season,simsim,1,ridge,hybrid,raw,0.6034722059137033,0.8906269547813542,2.1075068827579884,0.3999465592781099,0.6034722059137033,0.8906269547813542,-2.442370691885499,4.223624601448208,3.332997646666853,0.1,56.0,3.0,,,
Teso,2020,second_season,sorghum,1,ridge,hybrid,raw,1.141258363083009,1.6575411423694613,2.1075068827579884,1.3246497888304674,1.141258363083009,1.6575411423694613,-1.675456504297392,4.990538789036314,3.332997646666853,0.1,56.0,3.0,,,
Teso,2020,second_season,soya_beans,1,ridge,hybrid,raw,0.5653018244408415,1.0455482621473946,2.1075068827579884,2.930292181557787,0.5653018244408415,1.0455482621473946,-2.2874493845194586,4.378545908814248,3.332997646666853,0.1,56.0,3.0,,,
Teso,2020,second_season,sweet_potatoes,1,ridge,hybrid,raw,4.986556877001546,5.269134385372482,2.1075068827579884,5.983658411491209,4.986556877001546,5.269134385372482,1.9361367387056285,8.602132032039336,3.332997646666853,0.1,56.0,3.0,,,
Elgon,2020,first_season,beans,2,ridge,hybrid,raw,0.6700120852270204,3.680870603204226,1.954636271112969,0.800459608567741,0.6700120852270204,3.680870603204226,1.1455922691266553,6.2161489372817975,2.535278334077571,0.1,54.0,3.0,,,
Elgon,2020,first_season,groundnuts,2,ridge,hybrid,raw,0.4950587775158489,2.820583765534997,1.954636271112969,0.5508650616816889,0.4950587775158489,2.820583765534997,0.28530543145742593,5.355862099612567,2.535278334077571,0.1,54.0,3.0,,,
Elgon,2020,first_season,irish_potatoes,2,ridge,hybrid,raw,4.522840340241605,4.258285416453144,1.954636271112969,4.160319420588475,4.522840340241605,4.258285416453144,1.723007082375573,6.793563750530715,2.535278334077571,0.1,54.0,3.0,,,
Elgon,2020,first_season,maize,2,ridge,hybrid,raw,2.591624259545572,4.069344257421378,1.954636271112969,2.445749569645221,2.591624259545572,4.069344257421378,1.5340659233438068,6.6046225914989485,2.535278334077571,0.1,54.0,3.0,,,
Elgon,2020,first_season,millet,2,ridge,hybrid,raw,0.6858292042822013,2.80874449124249,1.954636271112969,0.588523876879771,0.6858292042822013,2.80874449124249,0.2734661571649193,5.344022825320061,2.535278334077571,0.1,54.0,3.0,,,
Elgon,2020,first_season,rice,2,ridge,hybrid,raw,2.403967673511646,3.558300190091793,1.954636271112969,1.5849672137717488,2.403967673511646,3.558300190091793,1.0230218560142221,6.093578524169364,2.535278334077571,0.1,54.0,3.0,,,
Elgon,2020,first_season,simsim,2,ridge,hybrid,raw,1.0133465202105196,3.2028446724940647,1.954636271112969,0.4194896280774281,1.0133465202105196,3.2028446724940647,0.6675663384164938,5.7381230065716355,2.535278334077571,0.1,54.0,3.0,,,
Elgon,2020,first_season,sorghum,2,ridge,hybrid,raw,2.370934481096649,3.123326146266627,1.954636271112969,1.1729743338682894,2.370934481096649,3.123326146266627,0.588047812189056,5.658604480344198,2.535278334077571,0.1,54.0,3.0,,,
Elgon,2020,first_season,soya_beans,2,ridge,hybrid,raw,0.5911363692957547,4.8361596929022,1.954636271112969,2.9108857754523334,0.5911363692957547,4.8361596929022,2.300881358824629,7.371438026979771,2.535278334077571,0.1,54.0,3.0,,,
Elgon,2020,first_season,sweet_potatoes,2,ridge,hybrid,raw,3.151255842827831,6.111992464576594,1.954636271112969,5.708455116324331,3.151255842827831,6.111992464576594,3.576714130499023,8.647270798654166,2.535278334077571,0.1,54.0,3.0,,,
Elgon,2020,second_season,beans,2,ridge,hybrid,raw,0.653829971282899,5.656701316435297,1.954636271112969,0.800459608567741,0.653829971282899,5.656701316435297,3.1214229823577258,8.191979650512867,2.535278334077571,0.1,54.0,3.0,,,
Elgon,2020,second_season,groundnuts,2,ridge,hybrid,raw,0.7530910039174339,4.796414478766067,1.954636271112969,0.5508650616816889,0.7530910039174339,4.796414478766067,2.2611361446884963,7.331692812843638,2.535278334077571,0.1,54.0,3.0,,,
Elgon,2020,second_season,irish_potatoes,2,ridge,hybrid,raw,9.66384795722705,6.234116129684214,1.954636271112969,4.160319420588475,9.66384795722705,6.234116129684214,3.698837795606643,8.769394463761785,2.535278334077571,0.1,54.0,3.0,,,
Elgon,2020,second_season,maize,2,ridge,hybrid,raw,3.423349924580549,6.0451749706524485,1.954636271112969,2.445749569645221,3.423349924580549,6.0451749706524485,3.5098966365748776,8.58045330473002,2.535278334077571,0.1,54.0,3.0,,,
Elgon,2020,second_season,rice,2,ridge,hybrid,raw,0.9781169963836972,5.534130903322863,1.954636271112969,1.5849672137717488,0.9781169963836972,5.534130903322863,2.998852569245292,8.069409237400434,2.535278334077571,0.1,54.0,3.0,,,
Elgon,2020,second_season,simsim,2,ridge,hybrid,raw,0.1853682631467308,5.178675385725135,1.954636271112969,0.4194896280774281,0.1853682631467308,5.178675385725135,2.643397051647564,7.7139537198027055,2.535278334077571,0.1,54.0,3.0,,,
Elgon,2020,second_season,sorghum,2,ridge,hybrid,raw,3.258267391159824,5.099156859497697,1.954636271112969,1.1729743338682894,3.258267391159824,5.099156859497697,2.563878525420126,7.634435193575268,2.535278334077571,0.1,54.0,3.0,,,
Elgon,2020,second_season,soya_beans,2,ridge,hybrid,raw,0.4261906725861129,6.81199040613327,1.954636271112969,2.9108857754523334,0.4261906725861129,6.81199040613327,4.276712072055699,9.34726874021084,2.535278334077571,0.1,54.0,3.0,,,
Elgon,2020,second_season,sweet_potatoes,2,ridge,hybrid,raw,3.5591777349294857,8.087823177807664,1.954636271112969,5.708455116324331,3.5591777349294857,8.087823177807664,5.552544843730093,10.623101511885235,2.535278334077571,0.1,54.0,3.0,,,
Lango,2020,first_season,beans,2,ridge,hybrid,raw,0.4538514483659436,1.7150795148758022,1.954636271112969,0.800459608567741,0.4538514483659436,1.7150795148758022,-0.8201988192017686,4.250357848953373,2.535278334077571,0.1,54.0,3.0,,,
Lango,2020,first_season,groundnuts,2,ridge,hybrid,raw,0.3602760666772656,0.8547926772065727,1.954636271112969,0.5508650616816889,0.3602760666772656,0.8547926772065727,-1.680485656870998,3.3900710112841437,2.535278334077571,0.1,54.0,3.0,,,
Lango,2020,first_season,maize,2,ridge,hybrid,raw,1.5321273000173696,2.103553169092954,1.954636271112969,2.445749569645221,1.5321273000173696,2.103553169092954,-0.43172516498461677,4.638831503170525,2.535278334077571,0.1,54.0,3.0,,,
Lango,2020,first_season,millet,2,ridge,hybrid,raw,0.3245909082180683,0.842953402914066,1.954636271112969,0.588523876879771,0.3245909082180683,0.842953402914066,-1.692324931163505,3.378231736991637,2.535278334077571,0.1,54.0,3.0,,,
Lango,2020,first_season,rice,2,ridge,hybrid,raw,1.0257917523061892,1.5925091017633686,1.954636271112969,1.5849672137717488,1.0257917523061892,1.5925091017633686,-0.9427692323142023,4.12778743584094,2.535278334077571,0.1,54.0,3.0,,,
Lango,2020,first_season,simsim,2,ridge,hybrid,raw,0.3598602384189452,1.2370535841656405,1.954636271112969,0.4194896280774281,0.3598602384189452,1.2370535841656405,-1.2982247499119304,3.7723319182432116,2.535278334077571,0.1,54.0,3.0,,,
Lango,2020,first_season,sorghum,2,ridge,hybrid,raw,0.5398912763008505,1.157535057938203,1.954636271112969,1.1729743338682894,0.5398912763008505,1.157535057938203,-1.3777432761393678,3.6928133920157737,2.535278334077571,0.1,54.0,3.0,,,
Lango,2020,first_season,soya_beans,2,ridge,hybrid,raw,0.6956216106623382,2.870368604573776,1.954636271112969,2.9108857754523334,0.6956216106623382,2.870368604573776,0.3350902704962051,5.405646938651347,2.535278334077571,0.1,54.0,3.0,,,
Lango,2020,first_season,sweet_potatoes,2,ridge,hybrid,raw,4.627154243214652,4.14620137624817,1.954636271112969,5.708455116324331,4.627154243214652,4.14620137624817,1.6109230421705991,6.681479710325741,2.535278334077571,0.1,54.0,3.0,,,
Lango,2020,second_season,beans,2,ridge,hybrid,raw,0.9979898086925608,2.0328076152170658,1.954636271112969,0.800459608567741,0.9979898086925608,2.0328076152170658,-0.5024707188605051,4.568085949294637,2.535278334077571,0.1,54.0,3.0,,,
Lango,2020,second_season,groundnuts,2,ridge,hybrid,raw,0.6658246650132922,1.1725207775478363,1.954636271112969,0.5508650616816889,0.6658246650132922,1.1725207775478363,-1.3627575565297345,3.707799111625407,2.535278334077571,0.1,54.0,3.0,,,
Lango,2020,second_season,maize,2,ridge,hybrid,raw,2.9489717758099068,2.4212812694342176,1.954636271112969,2.445749569645221,2.9489717758099068,2.4212812694342176,-0.11399706464335324,4.9565596035117885,2.535278334077571,0.1,54.0,3.0,,,
Lango,2020,second_season,millet,2,ridge,hybrid,raw,0.359162009295794,1.1606815032553297,1.954636271112969,0.588523876879771,0.359162009295794,1.1606815032553297,-1.3745968308222412,3.6959598373329006,2.535278334077571,0.1,54.0,3.0,,,
Lango,2020,second_season,rice,2,ridge,hybrid,raw,1.516949718283846,1.9102372021046323,1.954636271112969,1.5849672137717488,1.516949718283846,1.9102372021046323,-0.6250411319729385,4.445515536182203,2.535278334077571,0.1,54.0,3.0,,,
Lango,2020,second_season,simsim,2,ridge,hybrid,raw,0.4067343534390761,1.5547816845069042,1.954636271112969,0.4194896280774281,0.4067343534390761,1.5547816845069042,-0.9804966495706666,4.0900600185844755,2.535278334077571,0.1,54.0,3.0,,,
Lango,2020,second_season,sorghum,2,ridge,hybrid,raw,2.142946828492448,1.4752631582794669,1.954636271112969,1.1729743338682894,2.142946828492448,1.4752631582794669,-1.060015175798104,4.010541492357038,2.535278334077571,0.1,54.0,3.0,,,
Lango,2020,second_season,soya_beans,2,ridge,hybrid,raw,1.5236675808652385,3.188096704915039,1.954636271112969,2.9108857754523334,1.5236675808652385,3.188096704915039,0.6528183708374682,5.72337503899261,2.535278334077571,0.1,54.0,3.0,,,
Lango,2020,second_season,sweet_potatoes,2,ridge,hybrid,raw,14.045356396131783,4.463929476589433,1.954636271112969,5.708455116324331,14.045356396131783,4.463929476589433,1.9286511425118622,6.999207810667004,2.535278334077571,0.1,54.0,3.0,,,
Tooro,2020,first_season,beans,2,ridge,hybrid,raw,0.5714159022282193,2.2360092713129385,1.954636271112969,0.800459608567741,0.5714159022282193,2.2360092713129385,-0.2992690627646324,4.771287605390509,2.535278334077571,0.1,54.0,3.0,,,
Tooro,2020,first_season,groundnuts,2,ridge,hybrid,raw,0.4788089757102604,1.375722433643709,1.954636271112969,0.5508650616816889,0.4788089757102604,1.375722433643709,-1.1595559004338618,3.91100076772128,2.535278334077571,0.1,54.0,3.0,,,
Tooro,2020,first_season,irish_potatoes,2,ridge,hybrid,raw,2.602443195405729,2.813424084561856,1.954636271112969,4.160319420588475,2.602443195405729,2.813424084561856,0.27814575048428525,5.3487024186394265,2.535278334077571,0.1,54.0,3.0,,,
Tooro,2020,first_season,maize,2,ridge,hybrid,raw,3.0038294115831783,2.6244829255300908,1.954636271112969,2.445749569645221,3.0038294115831783,2.6244829255300908,0.08920459145251991,5.159761259607661,2.535278334077571,0.1,54.0,3.0,,,
Tooro,2020,first_season,millet,2,ridge,hybrid,raw,0.4632153663470989,1.3638831593512024,1.954636271112969,0.588523876879771,0.4632153663470989,1.3638831593512024,-1.1713951747263684,3.8991614934287733,2.535278334077571,0.1,54.0,3.0,,,
Tooro,2020,first_season,rice,2,ridge,hybrid,raw,1.3679142770311534,2.1134388582005053,1.954636271112969,1.5849672137717488,1.3679142770311534,2.1134388582005053,-0.4218394758770656,4.648717192278076,2.535278334077571,0.1,54.0,3.0,,,
Tooro,2020,first_season,simsim,2,ridge,hybrid,raw,0.2778595226860031,1.7579833406027772,1.954636271112969,0.4194896280774281,0.2778595226860031,1.7579833406027772,-0.7772949934747937,4.293261674680348,2.535278334077571,0.1,54.0,3.0,,,
Tooro,2020,first_season,sorghum,2,ridge,hybrid,raw,0.5962480462055857,1.6784648143753396,1.954636271112969,1.1729743338682894,0.5962480462055857,1.6784648143753396,-0.8568135197022313,4.21374314845291,2.535278334077571,0.1,54.0,3.0,,,
Tooro,2020,first_season,soya_beans,2,ridge,hybrid,raw,0.4113045140407508,3.391298361010912,1.954636271112969,2.9108857754523334,0.4113045140407508,3.391298361010912,0.8560200269333413,5.9265766950884835,2.535278334077571,0.1,54.0,3.0,,,
Tooro,2020,first_season,sweet_potatoes,2,ridge,hybrid,raw,2.031705860523254,4.667131132685306,1.954636271112969,5.708455116324331,2.031705860523254,4.667131132685306,2.131852798607735,7.202409466762877,2.535278334077571,0.1,54.0,3.0,,,
Tooro,2020,second_season,beans,2,ridge,hybrid,raw,1.1835686146592244,4.094566300948287,1.954636271112969,0.800459608567741,1.1835686146592244,4.094566300948287,1.5592879668707162,6.629844635025858,2.535278334077571,0.1,54.0,3.0,,,
Tooro,2020,second_season,groundnuts,2,ridge,hybrid,raw,0.8188652144271537,3.2342794632790577,1.954636271112969,0.5508650616816889,0.8188652144271537,3.2342794632790577,0.6990011292014868,5.7695577973566285,2.535278334077571,0.1,54.0,3.0,,,
Tooro,2020,second_season,irish_potatoes,2,ridge,hybrid,raw,5.09052971295232,4.671981114197204,1.954636271112969,4.160319420588475,5.09052971295232,4.671981114197204,2.1367027801196334,7.207259448274775,2.535278334077571,0.1,54.0,3.0,,,
Tooro,2020,second_season,maize,2,ridge,hybrid,raw,4.280134298861752,4.48303995516544,1.954636271112969,2.445749569645221,4.280134298861752,4.48303995516544,1.947761621087869,7.018318289243011,2.535278334077571,0.1,54.0,3.0,,,
Tooro,2020,second_season,millet,2,ridge,hybrid,raw,1.0445138088407484,3.2224401889865506,1.954636271112969,0.588523876879771,1.0445138088407484,3.2224401889865506,0.6871618549089797,5.7577185230641215,2.535278334077571,0.1,54.0,3.0,,,
Tooro,2020,second_season,rice,2,ridge,hybrid,raw,2.631104714179096,3.9719958878358534,1.954636271112969,1.5849672137717488,2.631104714179096,3.9719958878358534,1.4367175537582826,6.507274221913424,2.535278334077571,0.1,54.0,3.0,,,
Tooro,2020,second_season,simsim,2,ridge,hybrid,raw,0.3096258716658019,3.6165403702381256,1.954636271112969,0.4194896280774281,0.3096258716658019,3.6165403702381256,1.0812620361605547,6.151818704315696,2.535278334077571,0.1,54.0,3.0,,,
Tooro,2020,second_season,sorghum,2,ridge,hybrid,raw,1.958342814699392,3.537021844010688,1.954636271112969,1.1729743338682894,1.958342814699392,3.537021844010688,1.0017435099331173,6.072300178088259,2.535278334077571,0.1,54.0,3.0,,,
Tooro,2020,second_season,soya_beans,2,ridge,hybrid,raw,0.5816289868880459,5.24985539064626,1.954636271112969,2.9108857754523334,0.5816289868880459,5.24985539064626,2.7145770565686895,7.785133724723831,2.535278334077571,0.1,54.0,3.0,,,
Tooro,2020,second_season,sweet_potatoes,2,ridge,hybrid,raw,17.19569748995181,6.525688162320654,1.954636271112969,5.708455116324331,17.19569748995181,6.525688162320654,3.9904098282430835,9.060966496398226,2.535278334077571,0.1,54.0,3.0,,,
Ankole,2020,first_season,beans,3,ridge,hybrid,raw,0.7107039593083359,-1.308531999453633,2.0662856437501507,0.7992436624389453,0.7107039593083359,-1.308531999453633,-4.9434900373195,2.326426038412234,3.634958037865867,0.1,52.0,3.0,,,
Ankole,2020,first_season,groundnuts,3,ridge,hybrid,raw,0.4892093570559104,-2.2134545819882283,2.0662856437501507,0.5683245101391033,0.4892093570559104,-2.2134545819882283,-5.848412619854095,1.4215034558776387,3.634958037865867,0.1,52.0,3.0,,,
Ankole,2020,first_season,irish_potatoes,3,ridge,hybrid,raw,2.6066656470507263,-0.01036356328495125,2.0662856437501507,4.967854759378325,2.6066656470507263,-0.01036356328495125,-3.645321601150818,3.624594474580916,3.634958037865867,0.1,52.0,3.0,,,
Ankole,2020,first_season,maize,3,ridge,hybrid,raw,2.2911775934330265,-0.838430620254544,2.0662856437501507,2.5683997769092572,2.2911775934330265,-0.838430620254544,-4.473388658120411,2.796527417611323,3.634958037865867,0.1,52.0,3.0,,,
Ankole,2020,first_season,millet,3,ridge,hybrid,raw,1.2807764204080456,-2.204309020651713,2.0662856437501507,0.49735850693119044,1.2807764204080456,-2.204309020651713,-5.83926705851758,1.430649017214154,3.634958037865867,0.1,52.0,3.0,,,
Ankole,2020,first_season,sorghum,3,ridge,hybrid,raw,0.660753068253978,-1.6767192568815852,2.0662856437501507,1.4121707856008021,0.660753068253978,-1.6767192568815852,-5.311677294747453,1.9582387809842818,3.634958037865867,0.1,52.0,3.0,,,
Ankole,2020,first_season,soya_beans,3,ridge,hybrid,raw,0.3377821773864262,-0.44028253528961336,2.0662856437501507,2.823781736252928,0.3377821773864262,-0.44028253528961336,-4.07524057315548,3.1946755025762537,3.634958037865867,0.1,52.0,3.0,,,
Ankole,2020,first_season,sweet_potatoes,3,ridge,hybrid,raw,4.329712242698299,1.054885719630478,2.0662856437501507,6.104335473351614,4.329712242698299,1.054885719630478,-2.580072318235389,4.6898437574963445,3.634958037865867,0.1,52.0,3.0,,,
Ankole,2020,second_season,beans,3,ridge,hybrid,raw,1.3411688832335629,3.5938911990508142,2.0662856437501507,0.7992436624389453,1.3411688832335629,3.5938911990508142,-0.0410668388150528,7.228849236916681,3.634958037865867,0.1,52.0,3.0,,,
Ankole,2020,second_season,groundnuts,3,ridge,hybrid,raw,0.556144731073507,2.688968616516219,2.0662856437501507,0.5683245101391033,0.556144731073507,2.688968616516219,-0.945989421349648,6.3239266543820865,3.634958037865867,0.1,52.0,3.0,,,
Ankole,2020,second_season,irish_potatoes,3,ridge,hybrid,raw,4.840624253728912,4.892059635219496,2.0662856437501507,4.967854759378325,4.840624253728912,4.892059635219496,1.2571015973536293,8.527017673085364,3.634958037865867,0.1,52.0,3.0,,,
Ankole,2020,second_season,maize,3,ridge,hybrid,raw,4.746403988018382,4.063992578249904,2.0662856437501507,2.5683997769092572,4.746403988018382,4.063992578249904,0.42903454038403677,7.698950616115771,3.634958037865867,0.1,52.0,3.0,,,
Ankole,2020,second_season,millet,3,ridge,hybrid,raw,0.7193080425140036,2.698114177852734,2.0662856437501507,0.49735850693119044,0.7193080425140036,2.698114177852734,-0.9368438600131328,6.333072215718602,3.634958037865867,0.1,52.0,3.0,,,
Ankole,2020,second_season,sorghum,3,ridge,hybrid,raw,1.8183667473252825,3.225703941622862,2.0662856437501507,1.4121707856008021,1.8183667473252825,3.225703941622862,-0.4092540962430049,6.860661979488729,3.634958037865867,0.1,52.0,3.0,,,
Ankole,2020,second_season,sweet_potatoes,3,ridge,hybrid,raw,7.086512596688682,5.957308918134926,2.0662856437501507,6.104335473351614,7.086512596688682,5.957308918134926,2.3223508802690587,9.592266956000792,3.634958037865867,0.1,52.0,3.0,,,
Bukedi,2020,first_season,beans,3,ridge,hybrid,raw,0.5175817230094646,2.319598260471891,2.0662856437501507,0.7992436624389453,0.5175817230094646,2.319598260471891,-1.3153597773939758,5.954556298337758,3.634958037865867,0.1,52.0,3.0,,,
Bukedi,2020,first_season,groundnuts,3,ridge,hybrid,raw,0.4770632662036267,1.4146756779372955,2.0662856437501507,0.5683245101391033,0.4770632662036267,1.4146756779372955,-2.2202823599285715,5.049633715803163,3.634958037865867,0.1,52.0,3.0,,,
Bukedi,2020,first_season,maize,3,ridge,hybrid,raw,1.5470171390615697,2.7896996396709803,2.0662856437501507,2.5683997769092572,1.5470171390615697,2.7896996396709803,-0.8452583981948867,6.424657677536848,3.634958037865867,0.1,52.0,3.0,,,
Bukedi,2020,first_season,millet,3,ridge,hybrid,raw,0.4272092427017133,1.423821239273811,2.0662856437501507,0.49735850693119044,0.4272092427017133,1.423821239273811,-2.2111367985920563,5.058779277139678,3.634958037865867,0.1,52.0,3.0,,,
Bukedi,2020,first_season,rice,3,ridge,hybrid,raw,1.3882164630489435,2.0504032808315373,2.0662856437501507,1.63417854787639,1.3882164630489435,2.0504032808315373,-1.5845547570343297,5.685361318697405,3.634958037865867,0.1,52.0,3.0,,,
Bukedi,2020,first_season,simsim,3,ridge,hybrid,raw,0.3317125177589506,1.6377746036422636,2.0662856437501507,0.4267172973635351,0.3317125177589506,1.6377746036422636,-1.9971834342236034,5.272732641508131,3.634958037865867,0.1,52.0,3.0,,,
Bukedi,2020,first_season,sorghum,3,ridge,hybrid,raw,0.5913910230747661,1.9514110030439389,2.0662856437501507,1.4121707856008021,0.5913910230747661,1.9514110030439389,-1.6835470348219281,5.586369040909806,3.634958037865867,0.1,52.0,3.0,,,
Bukedi,2020,first_season,soya_beans,3,ridge,hybrid,raw,0.4175993889818736,3.187847724635911,2.0662856437501507,2.823781736252928,0.4175993889818736,3.187847724635911,-0.4471103132299561,6.822805762501778,3.634958037865867,0.1,52.0,3.0,,,
Bukedi,2020,first_season,sweet_potatoes,3,ridge,hybrid,raw,2.6225674475211567,4.683015979556002,2.0662856437501507,6.104335473351614,2.6225674475211567,4.683015979556002,1.0480579416901348,8.317974017421868,3.634958037865867,0.1,52.0,3.0,,,
Bukedi,2020,second_season,beans,3,ridge,hybrid,raw,0.7056484947012807,1.0675506506648635,2.0662856437501507,0.7992436624389453,0.7056484947012807,1.0675506506648635,-2.5674073872010035,4.702508688530731,3.634958037865867,0.1,52.0,3.0,,,
Bukedi,2020,second_season,groundnuts,3,ridge,hybrid,raw,0.5641103408681046,0.1626280681302683,2.0662856437501507,0.5683245101391033,0.5641103408681046,0.1626280681302683,-3.4723299697355987,3.7975861059961353,3.634958037865867,0.1,52.0,3.0,,,
Bukedi,2020,second_season,maize,3,ridge,hybrid,raw,2.5941966847486744,1.5376520298639527,2.0662856437501507,2.5683997769092572,2.5941966847486744,1.5376520298639527,-2.0973060080019144,5.17261006772982,3.634958037865867,0.1,52.0,3.0,,,
Bukedi,2020,second_season,millet,3,ridge,hybrid,raw,2.0388508171880413,0.17177362946678354,2.0662856437501507,0.49735850693119044,2.0388508171880413,0.17177362946678354,-3.4631844083990835,3.8067316673326506,3.634958037865867,0.1,52.0,3.0,,,
Bukedi,2020,second_season,rice,3,ridge,hybrid,raw,1.4277627442802343,0.7983556710245097,2.0662856437501507,1.63417854787639,1.4277627442802343,0.7983556710245097,-2.8366023668413574,4.433313708890377,3.634958037865867,0.1,52.0,3.0,,,
Bukedi,2020,second_season,simsim,3,ridge,hybrid,raw,0.3924463982333242,0.3857269938352361,2.0662856437501507,0.4267172973635351,0.3924463982333242,0.3857269938352361,-3.2492310440306307,4.020685031701103,3.634958037865867,0.1,52.0,3.0,,,
Bukedi,2020,second_season,sorghum,3,ridge,hybrid,raw,0.8805407710527358,0.6993633932369113,2.0662856437501507,1.4121707856008021,0.8805407710527358,0.6993633932369113,-2.9355946446289556,4.3343214311027785,3.634958037865867,0.1,52.0,3.0,,,
Bukedi,2020,second_season,soya_beans,3,ridge,hybrid,raw,0.8286553858983726,1.9358001148288833,2.0662856437501507,2.823781736252928,0.8286553858983726,1.9358001148288833,-1.6991579230369838,5.570758152694751,3.634958037865867,0.1,52.0,3.0,,,
Bukedi,2020,second_season,sweet_potatoes,3,ridge,hybrid,raw,6.335755329287477,3.4309683697489746,2.0662856437501507,6.104335473351614,6.335755329287477,3.4309683697489746,-0.20398966811689245,7.065926407614842,3.634958037865867,0.1,52.0,3.0,,,
West Nile,2020,first_season,beans,3,ridge,hybrid,raw,0.5251432400895707,0.06906610117364398,2.0662856437501507,0.7992436624389453,0.5251432400895707,0.06906610117364398,-3.565891936692223,3.704024139039511,3.634958037865867,0.1,52.0,3.0,,,
West Nile,2020,first_season,groundnuts,3,ridge,hybrid,raw,0.4055485017270916,-0.8358564813609513,2.0662856437501507,0.5683245101391033,0.4055485017270916,-0.8358564813609513,-4.470814519226819,2.7991015565049158,3.634958037865867,0.1,52.0,3.0,,,
West Nile,2020,first_season,irish_potatoes,3,ridge,hybrid,raw,1.4211566881060225,1.367234537342326,2.0662856437501507,4.967854759378325,1.4211566881060225,1.367234537342326,-2.267723500523541,5.002192575208193,3.634958037865867,0.1,52.0,3.0,,,
West Nile,2020,first_season,maize,3,ridge,hybrid,raw,1.2660956469166913,0.5391674803727333,2.0662856437501507,2.5683997769092572,1.2660956469166913,0.5391674803727333,-3.0957905574931335,4.174125518238601,3.634958037865867,0.1,52.0,3.0,,,
West Nile,2020,first_season,millet,3,ridge,hybrid,raw,0.2167646962160385,-0.826710920024436,2.0662856437501507,0.49735850693119044,0.2167646962160385,-0.826710920024436,-4.4616689578903035,2.808247117841431,3.634958037865867,0.1,52.0,3.0,,,
West Nile,2020,first_season,rice,3,ridge,hybrid,raw,1.4018188844017143,-0.2001288784667099,2.0662856437501507,1.63417854787639,1.4018188844017143,-0.2001288784667099,-3.835086916332577,3.434829159399157,3.634958037865867,0.1,52.0,3.0,,,
West Nile,2020,first_season,simsim,3,ridge,hybrid,raw,0.4766810107273866,-0.6127575556559832,2.0662856437501507,0.4267172973635351,0.4766810107273866,-0.6127575556559832,-4.24771559352185,3.022200482209884,3.634958037865867,0.1,52.0,3.0,,,
West Nile,2020,first_season,sorghum,3,ridge,hybrid,raw,0.391054248417342,-0.29912115625430813,2.0662856437501507,1.4121707856008021,0.391054248417342,-0.29912115625430813,-3.934079194120175,3.335836881611559,3.634958037865867,0.1,52.0,3.0,,,
West Nile,2020,first_season,soya_beans,3,ridge,hybrid,raw,0.8717117441917551,0.9373155653376637,2.0662856437501507,2.823781736252928,0.8717117441917551,0.9373155653376637,-2.6976424725282033,4.572273603203531,3.634958037865867,0.1,52.0,3.0,,,
West Nile,2020,first_season,sweet_potatoes,3,ridge,hybrid,raw,5.41252141626667,2.432483820257755,2.0662856437501507,6.104335473351614,5.41252141626667,2.432483820257755,-1.202474217608112,6.0674418581236225,3.634958037865867,0.1,52.0,3.0,,,
West Nile,2020,second_season,beans,3,ridge,hybrid,raw,0.7559563988183644,1.1272811023323521,2.0662856437501507,0.7992436624389453,0.7559563988183644,1.1272811023323521,-2.5076769355335147,4.762239140198219,3.634958037865867,0.1,52.0,3.0,,,
West Nile,2020,second_season,groundnuts,3,ridge,hybrid,raw,0.6957406402698985,0.22235851979775667,2.0662856437501507,0.5683245101391033,0.6957406402698985,0.22235851979775667,-3.4125995180681103,3.8573165576636237,3.634958037865867,0.1,52.0,3.0,,,
West Nile,2020,second_season,irish_potatoes,3,ridge,hybrid,raw,3.3207905514628413,2.425449538501034,2.0662856437501507,4.967854759378325,3.3207905514628413,2.425449538501034,-1.209508499364833,6.0604075763669005,3.634958037865867,0.1,52.0,3.0,,,
West Nile,2020,second_season,maize,3,ridge,hybrid,raw,2.6368413584111803,1.5973824815314415,2.0662856437501507,2.5683997769092572,2.6368413584111803,1.5973824815314415,-2.0375755563344256,5.232340519397308,3.634958037865867,0.1,52.0,3.0,,,
West Nile,2020,second_season,millet,3,ridge,hybrid,raw,0.6973987237560337,0.23150408113427212,2.0662856437501507,0.49735850693119044,0.6973987237560337,0.23150408113427212,-3.403453956731595,3.866462119000139,3.634958037865867,0.1,52.0,3.0,,,
West Nile,2020,second_season,rice,3,ridge,hybrid,raw,1.5518859303284125,0.8580861226919984,2.0662856437501507,1.63417854787639,1.5518859303284125,0.8580861226919984,-2.7768719151738686,4.493044160557865,3.634958037865867,0.1,52.0,3.0,,,
West Nile,2020,second_season,simsim,3,ridge,hybrid,raw,0.3973328781148473,0.4454574455027247,2.0662856437501507,0.4267172973635351,0.3973328781148473,0.4454574455027247,-3.1895005923631423,4.080415483368592,3.634958037865867,0.1,52.0,3.0,,,
West Nile,2020,second_season,sorghum,3,ridge,hybrid,raw,1.2622030417153625,0.7590938449043999,2.0662856437501507,1.4121707856008021,1.2622030417153625,0.7590938449043999,-2.8758641929614672,4.394051882770267,3.634958037865867,0.1,52.0,3.0,,,
West Nile,2020,second_season,soya_beans,3,ridge,hybrid,raw,0.6049960464155939,1.9955305664963718,2.0662856437501507,2.823781736252928,0.6049960464155939,1.9955305664963718,-1.6394274713694952,5.630488604362239,3.634958037865867,0.1,52.0,3.0,,,
West Nile,2020,second_season,sweet_potatoes,3,ridge,hybrid,raw,10.90567139457088,3.490698821416463,2.0662856437501507,6.104335473351614,10.90567139457088,3.490698821416463,-0.1442592164494041,7.12565685928233,3.634958037865867,0.1,52.0,3.0,,,
Busoga,2020,first_season,beans,4,ridge,hybrid,raw,0.6401206168693182,1.6094183784250524,1.8016671470305063,0.7725881369501938,0.6401206168693182,1.6094183784250524,-2.7770291121807493,5.995865869030855,4.386447490605802,0.1,58.0,3.0,,,
Busoga,2020,first_season,groundnuts,4,ridge,hybrid,raw,0.3322482939632105,0.9129574613823785,1.8016671470305063,0.5479446238104857,0.3322482939632105,0.9129574613823785,-3.473490029223423,5.29940495198818,4.386447490605802,0.1,58.0,3.0,,,
Busoga,2020,first_season,maize,4,ridge,hybrid,raw,1.5222384603844508,2.259128499268966,1.8016671470305063,2.6412707918169636,1.5222384603844508,2.259128499268966,-2.1273189913368356,6.645575989874768,4.386447490605802,0.1,58.0,3.0,,,
Busoga,2020,first_season,millet,4,ridge,hybrid,raw,0.6572884828877947,1.0139461390252644,1.8016671470305063,0.5738783706046435,0.6572884828877947,1.0139461390252644,-3.3725013515805373,5.400393629631067,4.386447490605802,0.1,58.0,3.0,,,
Busoga,2020,first_season,rice,4,ridge,hybrid,raw,1.4797729580148753,1.4871062876875647,1.8016671470305063,1.4257179867225263,1.4797729580148753,1.4871062876875647,-2.899341202918237,5.873553778293367,4.386447490605802,0.1,58.0,3.0,,,
Busoga,2020,first_season,simsim,4,ridge,hybrid,raw,0.3994351113633946,1.026674353097946,1.8016671470305063,0.42925700279116347,0.3994351113633946,1.026674353097946,-3.3597731375078554,5.413121843703748,4.386447490605802,0.1,58.0,3.0,,,
Busoga,2020,first_season,sorghum,4,ridge,hybrid,raw,0.6036980012037914,1.494495455893516,1.8016671470305063,1.3361928120558897,0.6036980012037914,1.494495455893516,-2.891952034712286,5.880942946499317,4.386447490605802,0.1,58.0,3.0,,,
Busoga,2020,first_season,soya_beans,4,ridge,hybrid,raw,0.4333391184708587,1.0613041656423157,1.8016671470305063,0.6555232704687651,0.4333391184708587,1.0613041656423157,-3.325143324963486,5.447751656248117,4.386447490605802,0.1,58.0,3.0,,,
Busoga,2020,first_season,sweet_potatoes,4,ridge,hybrid,raw,3.4113171715767456,3.6904664138361385,1.8016671470305063,6.5300697168629425,3.4113171715767456,3.6904664138361385,-0.6959810767696633,8.076913904441941,4.386447490605802,0.1,58.0,3.0,,,
Busoga,2020,second_season,beans,4,ridge,hybrid,raw,0.8018694899438293,2.60313628117909,1.8016671470305063,0.7725881369501938,0.8018694899438293,2.60313628117909,-1.7833112094267118,6.989583771784892,4.386447490605802,0.1,58.0,3.0,,,
Busoga,2020,second_season,groundnuts,4,ridge,hybrid,raw,0.4062549460293829,1.9066753641364165,1.8016671470305063,0.5479446238104857,0.4062549460293829,1.9066753641364165,-2.4797721264693853,6.293122854742219,4.386447490605802,0.1,58.0,3.0,,,
Busoga,2020,second_season,maize,4,ridge,hybrid,raw,1.7237131684916815,3.252846402023004,1.8016671470305063,2.6412707918169636,1.7237131684916815,3.252846402023004,-1.1336010885827976,7.639293892628806,4.386447490605802,0.1,58.0,3.0,,,
Busoga,2020,second_season,millet,4,ridge,hybrid,raw,0.2369138654637815,2.007664041779302,1.8016671470305063,0.5738783706046435,0.2369138654637815,2.007664041779302,-2.3787834488265,6.394111532385104,4.386447490605802,0.1,58.0,3.0,,,
Busoga,2020,second_season,rice,4,ridge,hybrid,raw,2.088480457936548,2.4808241904416026,1.8016671470305063,1.4257179867225263,2.088480457936548,2.4808241904416026,-1.9056233001641991,6.867271681047404,4.386447490605802,0.1,58.0,3.0,,,
Busoga,2020,second_season,simsim,4,ridge,hybrid,raw,0.2995884010467337,2.020392255851984,1.8016671470305063,0.42925700279116347,0.2995884010467337,2.020392255851984,-2.366055234753818,6.406839746457786,4.386447490605802,0.1,58.0,3.0,,,
Busoga,2020,second_season,sorghum,4,ridge,hybrid,raw,0.6561084833674863,2.4882133586475534,1.8016671470305063,1.3361928120558897,0.6561084833674863,2.4882133586475534,-1.8982341319582483,6.874660849253355,4.386447490605802,0.1,58.0,3.0,,,
Busoga,2020,second_season,soya_beans,4,ridge,hybrid,raw,0.5938545772757312,2.0550220683963536,1.8016671470305063,0.6555232704687651,0.5938545772757312,2.0550220683963536,-2.331425422209448,6.441469559002155,4.386447490605802,0.1,58.0,3.0,,,
Busoga,2020,second_season,sweet_potatoes,4,ridge,hybrid,raw,4.046477355605773,4.684184316590176,1.8016671470305063,6.5300697168629425,4.046477355605773,4.684184316590176,0.2977368259843747,9.070631807195978,4.386447490605802,0.1,58.0,3.0,,,
Kigezi,2020,first_season,beans,4,ridge,hybrid,raw,0.6821726355797036,0.8343880952510655,1.8016671470305063,0.7725881369501938,0.6821726355797036,0.8343880952510655,-3.5520593953547364,5.220835585856867,4.386447490605802,0.1,58.0,3.0,,,
Kigezi,2020,first_season,groundnuts,4,ridge,hybrid,raw,0.4632654520489824,0.1379271782083915,1.8016671470305063,0.5479446238104857,0.4632654520489824,0.1379271782083915,-4.24852031239741,4.524374668814193,4.386447490605802,0.1,58.0,3.0,,,
Kigezi,2020,first_season,irish_potatoes,4,ridge,hybrid,raw,5.319403533719373,2.0368769877609454,1.8016671470305063,4.047210229393464,5.319403533719373,2.0368769877609454,-2.3495705028448564,6.423324478366747,4.386447490605802,0.1,58.0,3.0,,,
Kigezi,2020,first_season,maize,4,ridge,hybrid,raw,1.6788303054282812,1.4840982160949794,1.8016671470305063,2.6412707918169636,1.6788303054282812,1.4840982160949794,-2.902349274510822,5.870545706700781,4.386447490605802,0.1,58.0,3.0,,,
Kigezi,2020,first_season,millet,4,ridge,hybrid,raw,0.7582314811841495,0.2389158558512774,1.8016671470305063,0.5738783706046435,0.7582314811841495,0.2389158558512774,-4.147531634754524,4.625363346457079,4.386447490605802,0.1,58.0,3.0,,,
Kigezi,2020,first_season,rice,4,ridge,hybrid,raw,1.457131297713486,0.7120760045135779,1.8016671470305063,1.4257179867225263,1.457131297713486,0.7120760045135779,-3.674371486092224,5.098523495119379,4.386447490605802,0.1,58.0,3.0,,,
Kigezi,2020,first_season,sorghum,4,ridge,hybrid,raw,0.9963816683569464,0.719465172719529,1.8016671470305063,1.3361928120558897,0.9963816683569464,0.719465172719529,-3.666982317886273,5.105912663325331,4.386447490605802,0.1,58.0,3.0,,,
Kigezi,2020,first_season,soya_beans,4,ridge,hybrid,raw,0.5069027622936974,0.28627388246832886,1.8016671470305063,0.6555232704687651,0.5069027622936974,0.28627388246832886,-4.100173608137473,4.672721373074131,4.386447490605802,0.1,58.0,3.0,,,
Kigezi,2020,first_season,sweet_potatoes,4,ridge,hybrid,raw,3.68073317352751,2.9154361306621515,1.8016671470305063,6.5300697168629425,3.68073317352751,2.9154361306621515,-1.4710113599436503,7.301883621267953,4.386447490605802,0.1,58.0,3.0,,,
Kigezi,2020,second_season,beans,4,ridge,hybrid,raw,1.2309422257456628,1.5316542684787886,1.8016671470305063,0.7725881369501938,1.2309422257456628,1.5316542684787886,-2.854793222127013,5.918101759084591,4.386447490605802,0.1,58.0,3.0,,,
Kigezi,2020,second_season,groundnuts,4,ridge,hybrid,raw,0.7496304931127425,0.8351933514361147,1.8016671470305063,0.5479446238104857,0.7496304931127425,0.8351933514361147,-3.551254139169687,5.221640842041916,4.386447490605802,0.1,58.0,3.0,,,
Kigezi,2020,second_season,irish_potatoes,4,ridge,hybrid,raw,7.829884297424306,2.734143160988669,1.8016671470305063,4.047210229393464,7.829884297424306,2.734143160988669,-1.6523043296171327,7.120590651594471,4.386447490605802,0.1,58.0,3.0,,,
Kigezi,2020,second_season,maize,4,ridge,hybrid,raw,4.580426866194772,2.1813643893227024,1.8016671470305063,2.6412707918169636,4.580426866194772,2.1813643893227024,-2.2050831012830994,6.567811879928504,4.386447490605802,0.1,58.0,3.0,,,
Kigezi,2020,second_season,millet,4,ridge,hybrid,raw,0.96011465247634,0.9361820290790007,1.8016671470305063,0.5738783706046435,0.96011465247634,0.9361820290790007,-3.450265461526801,5.322629519684803,4.386447490605802,0.1,58.0,3.0,,,
Kigezi,2020,second_season,rice,4,ridge,hybrid,raw,3.966514747112424,1.409342177741301,1.8016671470305063,1.4257179867225263,3.966514747112424,1.409342177741301,-2.9771053128645004,5.795789668347103,4.386447490605802,0.1,58.0,3.0,,,
Kigezi,2020,second_season,sorghum,4,ridge,hybrid,raw,0.9034020239226584,1.4167313459472521,1.8016671470305063,1.3361928120558897,0.9034020239226584,1.4167313459472521,-2.9697161446585496,5.803178836553053,4.386447490605802,0.1,58.0,3.0,,,
Kigezi,2020,second_season,soya_beans,4,ridge,hybrid,raw,44.29863915774654,0.9835400556960521,1.8016671470305063,0.6555232704687651,44.29863915774654,0.9835400556960521,-3.40290743490975,5.369987546301854,4.386447490605802,0.1,58.0,3.0,,,
Kigezi,2020,second_season,sweet_potatoes,4,ridge,hybrid,raw,7.307468270304063,3.6127023038898747,1.8016671470305063,6.5300697168629425,7.307468270304063,3.6127023038898747,-0.7737451867159271,7.999149794495676,4.386447490605802,0.1,58.0,3.0,,,
South Buganda,2020,first_season,beans,4,ridge,hybrid,raw,0.6286830497610721,0.9221614059896936,1.8016671470305063,0.7725881369501938,0.6286830497610721,0.9221614059896936,-3.4642860846161083,5.308608896595495,4.386447490605802,0.1,58.0,3.0,,,
South Buganda,2020,first_season,groundnuts,4,ridge,hybrid,raw,0.6198068833094821,0.22570048894702,1.8016671470305063,0.5479446238104857,0.6198068833094821,0.22570048894702,-4.160747001658782,4.612147979552821,4.386447490605802,0.1,58.0,3.0,,,
South Buganda,2020,first_season,irish_potatoes,4,ridge,hybrid,raw,3.3283582090790134,2.124650298499574,1.8016671470305063,4.047210229393464,3.3283582090790134,2.124650298499574,-2.261797192106228,6.511097789105376,4.386447490605802,0.1,58.0,3.0,,,
South Buganda,2020,first_season,maize,4,ridge,hybrid,raw,1.658719821291578,1.5718715268336076,1.8016671470305063,2.6412707918169636,1.658719821291578,1.5718715268336076,-2.814575963772194,5.958319017439409,4.386447490605802,0.1,58.0,3.0,,,
South Buganda,2020,first_season,millet,4,ridge,hybrid,raw,0.4388892155530794,0.3266891665899059,1.8016671470305063,0.5738783706046435,0.4388892155530794,0.3266891665899059,-4.059758324015895,4.713136657195708,4.386447490605802,0.1,58.0,3.0,,,
South Buganda,2020,first_season,rice,4,ridge,hybrid,raw,2.3727137710817736,0.7998493152522062,1.8016671470305063,1.4257179867225263,2.3727137710817736,0.7998493152522062,-3.5865981753535956,5.186296805858008,4.386447490605802,0.1,58.0,3.0,,,
South Buganda,2020,first_season,sorghum,4,ridge,hybrid,raw,0.5363321684614435,0.8072384834581573,1.8016671470305063,1.3361928120558897,0.5363321684614435,0.8072384834581573,-3.5792090071476443,5.193685974063959,4.386447490605802,0.1,58.0,3.0,,,
South Buganda,2020,first_season,soya_beans,4,ridge,hybrid,raw,0.5931784427704433,0.3740471932069571,1.8016671470305063,0.6555232704687651,0.5931784427704433,0.3740471932069571,-4.012400297398845,4.760494683812759,4.386447490605802,0.1,58.0,3.0,,,
South Buganda,2020,first_season,sweet_potatoes,4,ridge,hybrid,raw,3.666537379696348,3.00320944140078,1.8016671470305063,6.5300697168629425,3.666537379696348,3.00320944140078,-1.3832380492050218,7.389656932006582,4.386447490605802,0.1,58.0,3.0,,,
South Buganda,2020,second_season,beans,4,ridge,hybrid,raw,1.1321807165247713,1.405107350315584,1.8016671470305063,0.7725881369501938,1.1321807165247713,1.405107350315584,-2.981340140290218,5.7915548409213855,4.386447490605802,0.1,58.0,3.0,,,
South Buganda,2020,second_season,groundnuts,4,ridge,hybrid,raw,1.0649682679639256,0.70864643327291,1.8016671470305063,0.5479446238104857,1.0649682679639256,0.70864643327291,-3.677801057332892,5.095093923878712,4.386447490605802,0.1,58.0,3.0,,,
South Buganda,2020,second_season,irish_potatoes,4,ridge,hybrid,raw,6.759325459944138,2.6075962428254638,1.8016671470305063,4.047210229393464,6.759325459944138,2.6075962428254638,-1.778851247780338,6.9940437334312655,4.386447490605802,0.1,58.0,3.0,,,
South Buganda,2020,second_season,maize,4,ridge,hybrid,raw,2.314641460829224,2.054817471159498,1.8016671470305063,2.6412707918169636,2.314641460829224,2.054817471159498,-2.3316300194463038,6.4412649617653,4.386447490605802,0.1,58.0,3.0,,,
South Buganda,2020,second_season,millet,4,ridge,hybrid,raw,0.721953108076217,0.809635110915796,1.8016671470305063,0.5738783706046435,0.721953108076217,0.809635110915796,-3.576812379690006,5.1960826015215975,4.386447490605802,0.1,58.0,3.0,,,
South Buganda,2020,second_season,sorghum,4,ridge,hybrid,raw,3.5799019725152155,1.2901844277840475,1.8016671470305063,1.3361928120558897,3.5799019725152155,1.2901844277840475,-3.0962630628217545,5.676631918389849,4.386447490605802,0.1,58.0,3.0,,,
South Buganda,2020,second_season,sweet_potatoes,4,ridge,hybrid,raw,6.065522206096139,3.48615538572667,1.8016671470305063,6.5300697168629425,6.065522206096139,3.48615538572667,-0.9002921048791319,7.872602876332472,4.386447490605802,0.1,58.0,3.0,,,
Bunyoro,2020,first_season,beans,5,ridge,hybrid,raw,0.8260947143833511,1.0966043514882595,2.0664785772522087,0.7821426946020412,0.8260947143833511,1.0966043514882595,-3.821997341207229,6.015206044183747,4.918601692695488,0.1,52.0,3.0,,,
Bunyoro,2020,first_season,groundnuts,5,ridge,hybrid,raw,0.6650306538588546,0.20899224661102478,2.0664785772522087,0.5656278431447842,0.6650306538588546,0.20899224661102478,-4.709609446084464,5.127593939306513,4.918601692695488,0.1,52.0,3.0,,,
Bunyoro,2020,first_season,irish_potatoes,5,ridge,hybrid,raw,2.220589656235262,2.178290896969174,2.0664785772522087,4.7812646841975734,2.220589656235262,2.178290896969174,-2.740310795726314,7.096892589664662,4.918601692695488,0.1,52.0,3.0,,,
Bunyoro,2020,first_season,maize,5,ridge,hybrid,raw,2.3426553850030096,1.2908912416463736,2.0664785772522087,2.4053055087174147,2.3426553850030096,1.2908912416463736,-3.627710451049115,6.209492934341862,4.918601692695488,0.1,52.0,3.0,,,
Bunyoro,2020,first_season,millet,5,ridge,hybrid,raw,0.2753703982834791,0.17756329222949407,2.0664785772522087,0.6309719027500666,0.2753703982834791,0.17756329222949407,-4.741038400465994,5.096164984924982,4.918601692695488,0.1,52.0,3.0,,,
Bunyoro,2020,first_season,rice,5,ridge,hybrid,raw,1.4308437859507233,0.9400864959059683,2.0664785772522087,1.611955233813348,1.4308437859507233,0.9400864959059683,-3.97851519678952,5.858688188601457,4.918601692695488,0.1,52.0,3.0,,,
Bunyoro,2020,first_season,simsim,5,ridge,hybrid,raw,0.5005342402042084,0.412914321645353,2.0664785772522087,0.42646604553162476,0.5005342402042084,0.412914321645353,-4.5056873710501355,5.331516014340841,4.918601692695488,0.1,52.0,3.0,,,
Bunyoro,2020,first_season,sorghum,5,ridge,hybrid,raw,1.3881045542850072,0.6181311981683445,2.0664785772522087,1.3031889535170247,1.3881045542850072,0.6181311981683445,-4.3004704945271435,5.536732890863833,4.918601692695488,0.1,52.0,3.0,,,
Bunyoro,2020,first_season,soya_beans,5,ridge,hybrid,raw,0.6855186697585186,1.9520374783911478,2.0664785772522087,2.6171380251865526,0.6855186697585186,1.9520374783911478,-2.9665642143043405,6.870639171086636,4.918601692695488,0.1,52.0,3.0,,,
Bunyoro,2020,first_season,sweet_potatoes,5,ridge,hybrid,raw,2.0298423975087787,4.182637005999115,2.0664785772522087,6.191142717319159,2.0298423975087787,4.182637005999115,-0.7359646866963736,9.101238698694603,4.918601692695488,0.1,52.0,3.0,,,
Bunyoro,2020,second_season,beans,5,ridge,hybrid,raw,1.200511704804833,1.3294945847193127,2.0664785772522087,0.7821426946020412,1.200511704804833,1.3294945847193127,-3.589107107976176,6.248096277414801,4.918601692695488,0.1,52.0,3.0,,,
Bunyoro,2020,second_season,groundnuts,5,ridge,hybrid,raw,0.7713261452057008,0.4418824798420782,2.0664785772522087,0.5656278431447842,0.7713261452057008,0.4418824798420782,-4.476719212853411,5.360484172537566,4.918601692695488,0.1,52.0,3.0,,,
Bunyoro,2020,second_season,irish_potatoes,5,ridge,hybrid,raw,2.6451990178871103,2.4111811302002275,2.0664785772522087,4.7812646841975734,2.6451990178871103,2.4111811302002275,-2.507420562495261,7.329782822895716,4.918601692695488,0.1,52.0,3.0,,,
Bunyoro,2020,second_season,maize,5,ridge,hybrid,raw,3.0549264654046246,1.5237814748774268,2.0664785772522087,2.4053055087174147,3.0549264654046246,1.5237814748774268,-3.3948202178180615,6.442383167572915,4.918601692695488,0.1,52.0,3.0,,,
Bunyoro,2020,second_season,millet,5,ridge,hybrid,raw,0.4212512776206598,0.41045352546054725,2.0664785772522087,0.6309719027500666,0.4212512776206598,0.41045352546054725,-4.508148167234941,5.329055218156036,4.918601692695488,0.1,52.0,3.0,,,
Bunyoro,2020,second_season,rice,5,ridge,hybrid,raw,1.6224963809696238,1.1729767291370214,2.0664785772522087,1.611955233813348,1.6224963809696238,1.1729767291370214,-3.745624963558467,6.0915784218325095,4.918601692695488,0.1,52.0,3.0,,,
Bunyoro,2020,second_season,sorghum,5,ridge,hybrid,raw,0.8920114348791089,0.8510214313993976,2.0664785772522087,1.3031889535170247,0.8920114348791089,0.8510214313993976,-4.067580261296091,5.769623124094886,4.918601692695488,0.1,52.0,3.0,,,
Bunyoro,2020,second_season,soya_beans,5,ridge,hybrid,raw,0.7040260876893635,2.1849277116222012,2.0664785772522087,2.6171380251865526,0.7040260876893635,2.1849277116222012,-2.733673981073287,7.1035294043176895,4.918601692695488,0.1,52.0,3.0,,,
Bunyoro,2020,second_season,sweet_potatoes,5,ridge,hybrid,raw,8.162182280896847,4.415527239230168,2.0664785772522087,6.191142717319159,8.162182280896847,4.415527239230168,-0.5030744534653202,9.334128931925656,4.918601692695488,0.1,52.0,3.0,,,
Karamoja,2020,first_season,beans,5,ridge,hybrid,raw,0.5422885207412549,-0.9785165819376191,2.0664785772522087,0.7821426946020412,0.5422885207412549,-0.9785165819376191,-5.897118274633107,3.9400851107578694,4.918601692695488,0.1,52.0,3.0,,,
Karamoja,2020,first_season,groundnuts,5,ridge,hybrid,raw,0.5747979489963491,-1.8661286868148534,2.0664785772522087,0.5656278431447842,0.5747979489963491,-1.8661286868148534,-6.784730379510342,3.0524730058806346,4.918601692695488,0.1,52.0,3.0,,,
Karamoja,2020,first_season,maize,5,ridge,hybrid,raw,1.2175480596073385,-0.7842296917795053,2.0664785772522087,2.4053055087174147,1.2175480596073385,-0.7842296917795053,-5.702831384474994,4.134372000915983,4.918601692695488,0.1,52.0,3.0,,,
Karamoja,2020,first_season,millet,5,ridge,hybrid,raw,0.2665642826776189,-1.8975576411963846,2.0664785772522087,0.6309719027500666,0.2665642826776189,-1.8975576411963846,-6.816159333891873,3.0210440514991035,4.918601692695488,0.1,52.0,3.0,,,
Karamoja,2020,first_season,rice,5,ridge,hybrid,raw,1.5488549025864504,-1.13503443751991,2.0664785772522087,1.611955233813348,1.5488549025864504,-1.13503443751991,-6.0536361302153985,3.783567255175578,4.918601692695488,0.1,52.0,3.0,,,
Karamoja,2020,first_season,simsim,5,ridge,hybrid,raw,0.2487265028776165,-1.6622066117805259,2.0664785772522087,0.42646604553162476,0.2487265028776165,-1.6622066117805259,-6.580808304476014,3.256395080914962,4.918601692695488,0.1,52.0,3.0,,,
Karamoja,2020,first_season,sorghum,5,ridge,hybrid,raw,0.6347991969213849,-1.4569897352575338,2.0664785772522087,1.3031889535170247,0.6347991969213849,-1.4569897352575338,-6.375591427953022,3.4616119574379542,4.918601692695488,0.1,52.0,3.0,,,
Karamoja,2020,first_season,soya_beans,5,ridge,hybrid,raw,0.5697981563805337,-0.12308345503473062,2.0664785772522087,2.6171380251865526,0.5697981563805337,-0.12308345503473062,-5.0416851477302185,4.795518237660758,4.918601692695488,0.1,52.0,3.0,,,
Karamoja,2020,second_season,groundnuts,5,ridge,hybrid,raw,0.1047330767226874,-1.7221297502140673,2.0664785772522087,0.5656278431447842,0.1047330767226874,-1.7221297502140673,-6.640731442909556,3.1964719424814207,4.918601692695488,0.1,52.0,3.0,,,
Karamoja,2020,second_season,maize,5,ridge,hybrid,raw,7.244065383360269,-0.6402307551787192,2.0664785772522087,2.4053055087174147,7.244065383360269,-0.6402307551787192,-5.558832447874208,4.278370937516769,4.918601692695488,0.1,52.0,3.0,,,
Karamoja,2020,second_season,millet,5,ridge,hybrid,raw,0.349296866505584,-1.753558704595599,2.0664785772522087,0.6309719027500666,0.349296866505584,-1.753558704595599,-6.672160397291087,3.1650429880998896,4.918601692695488,0.1,52.0,3.0,,,
Karamoja,2020,second_season,sorghum,5,ridge,hybrid,raw,2.480616112563021,-1.3129907986567477,2.0664785772522087,1.3031889535170247,2.480616112563021,-1.3129907986567477,-6.231592491352236,3.6056108940387404,4.918601692695488,0.1,52.0,3.0,,,
Acholi,2020,first_season,beans,1,dummy_mean,raw,crop_centered,0.8570862730857126,0.8083785631118958,2.1075068827579884,0.7986540097128687,0.04870770997381679,0.0,-2.5934633893372236,4.210220515561016,3.4018419524491197,0.1,56.0,3.0,,,
Acholi,2020,first_season,groundnuts,1,dummy_mean,raw,crop_centered,0.579730411471064,0.5732198676763399,2.1075068827579884,0.5687183500759414,0.006510543794724044,0.0,-2.8286220847727797,3.9750618201254597,3.4018419524491197,0.1,56.0,3.0,,,
Acholi,2020,first_season,maize,1,dummy_mean,raw,crop_centered,1.6268858066002263,2.847265094012805,2.1075068827579884,2.7363424889537766,-1.2203792874125785,0.0,-0.5545768584363149,6.2491070464619245,3.4018419524491197,0.1,56.0,3.0,,,
Acholi,2020,first_season,millet,1,dummy_mean,raw,crop_centered,0.2602112569707439,0.6684820266233378,2.1075068827579884,0.6354044224045948,-0.4082707696525939,0.0,-2.733359925825782,4.070323979072457,3.4018419524491197,0.1,56.0,3.0,,,
Acholi,2020,first_season,rice,1,dummy_mean,raw,crop_centered,1.8354492390020587,1.7283537604145638,2.1075068827579884,1.7589076363956022,0.10709547858749491,0.0,-1.673488192034556,5.130195712863683,3.4018419524491197,0.1,56.0,3.0,,,
Acholi,2020,first_season,simsim,1,dummy_mean,raw,crop_centered,0.2405641336366695,0.3958643349193284,2.1075068827579884,0.3999465592781099,-0.15530020128265887,0.0,-3.0059776175297914,3.797706287368448,3.4018419524491197,0.1,56.0,3.0,,,
Acholi,2020,first_season,sorghum,1,dummy_mean,raw,crop_centered,0.7136992535711828,1.431651016691542,2.1075068827579884,1.3246497888304674,-0.7179517631203591,0.0,-1.9701909357575778,4.833492969140662,3.4018419524491197,0.1,56.0,3.0,,,
Acholi,2020,first_season,soya_beans,1,dummy_mean,raw,crop_centered,1.0958248492916711,0.5518471190325219,2.1075068827579884,2.930292181557787,0.5439777302591492,0.0,-2.8499948334165977,3.9536890714816417,3.4018419524491197,0.1,56.0,3.0,,,
Acholi,2020,first_season,sweet_potatoes,1,dummy_mean,raw,crop_centered,7.360751879011887,5.263875952557759,2.1075068827579884,5.983658411491209,2.0968759264541275,0.0,1.8620340001086397,8.665717905006879,3.4018419524491197,0.1,56.0,3.0,,,
Acholi,2020,second_season,beans,1,dummy_mean,raw,crop_centered,0.8791468943891129,0.8083785631118958,2.1075068827579884,0.7986540097128687,0.07076833127721704,0.0,-2.5934633893372236,4.210220515561016,3.4018419524491197,0.1,56.0,3.0,,,
Acholi,2020,second_season,groundnuts,1,dummy_mean,raw,crop_centered,0.774283389787513,0.5732198676763399,2.1075068827579884,0.5687183500759414,0.20106352211117307,0.0,-2.8286220847727797,3.9750618201254597,3.4018419524491197,0.1,56.0,3.0,,,
Acholi,2020,second_season,maize,1,dummy_mean,raw,crop_centered,1.9919193221111424,2.847265094012805,2.1075068827579884,2.7363424889537766,-0.8553457719016624,0.0,-0.5545768584363149,6.2491070464619245,3.4018419524491197,0.1,56.0,3.0,,,
Acholi,2020,second_season,millet,1,dummy_mean,raw,crop_centered,0.3783444913194841,0.6684820266233378,2.1075068827579884,0.6354044224045948,-0.29013753530385367,0.0,-2.733359925825782,4.070323979072457,3.4018419524491197,0.1,56.0,3.0,,,
Acholi,2020,second_season,rice,1,dummy_mean,raw,crop_centered,0.8047415933139703,1.7283537604145638,2.1075068827579884,1.7589076363956022,-0.9236121671005935,0.0,-1.673488192034556,5.130195712863683,3.4018419524491197,0.1,56.0,3.0,,,
Acholi,2020,second_season,simsim,1,dummy_mean,raw,crop_centered,0.3592611565204056,0.3958643349193284,2.1075068827579884,0.3999465592781099,-0.0366031783989228,0.0,-3.0059776175297914,3.797706287368448,3.4018419524491197,0.1,56.0,3.0,,,
Acholi,2020,second_season,sorghum,1,dummy_mean,raw,crop_centered,1.0529020128934117,1.431651016691542,2.1075068827579884,1.3246497888304674,-0.37874900379813026,0.0,-1.9701909357575778,4.833492969140662,3.4018419524491197,0.1,56.0,3.0,,,
Acholi,2020,second_season,soya_beans,1,dummy_mean,raw,crop_centered,0.8621074636111007,0.5518471190325219,2.1075068827579884,2.930292181557787,0.31026034457857876,0.0,-2.8499948334165977,3.9536890714816417,3.4018419524491197,0.1,56.0,3.0,,,
Acholi,2020,second_season,sweet_potatoes,1,dummy_mean,raw,crop_centered,14.728567574673178,5.263875952557759,2.1075068827579884,5.983658411491209,9.464691622115419,0.0,1.8620340001086397,8.665717905006879,3.4018419524491197,0.1,56.0,3.0,,,
North Buganda,2020,first_season,beans,1,dummy_mean,raw,crop_centered,0.6433017110440628,0.8083785631118958,2.1075068827579884,0.7986540097128687,-0.16507685206783307,0.0,-2.5934633893372236,4.210220515561016,3.4018419524491197,0.1,56.0,3.0,,,
North Buganda,2020,first_season,groundnuts,1,dummy_mean,raw,crop_centered,0.4198664546099319,0.5732198676763399,2.1075068827579884,0.5687183500759414,-0.15335341306640804,0.0,-2.8286220847727797,3.9750618201254597,3.4018419524491197,0.1,56.0,3.0,,,
North Buganda,2020,first_season,irish_potatoes,1,dummy_mean,raw,crop_centered,3.149663292713082,4.428042344975187,2.1075068827579884,4.440832751461744,-1.2783790522621046,0.0,1.026200392526067,7.829884297424306,3.4018419524491197,0.1,56.0,3.0,,,
North Buganda,2020,first_season,maize,1,dummy_mean,raw,crop_centered,2.169407944352197,2.847265094012805,2.1075068827579884,2.7363424889537766,-0.6778571496606078,0.0,-0.5545768584363149,6.2491070464619245,3.4018419524491197,0.1,56.0,3.0,,,
North Buganda,2020,first_season,millet,1,dummy_mean,raw,crop_centered,0.493228260930458,0.6684820266233378,2.1075068827579884,0.6354044224045948,-0.17525376569287976,0.0,-2.733359925825782,4.070323979072457,3.4018419524491197,0.1,56.0,3.0,,,
North Buganda,2020,first_season,rice,1,dummy_mean,raw,crop_centered,1.0029754145357688,1.7283537604145638,2.1075068827579884,1.7589076363956022,-0.725378345878795,0.0,-1.673488192034556,5.130195712863683,3.4018419524491197,0.1,56.0,3.0,,,
North Buganda,2020,first_season,simsim,1,dummy_mean,raw,crop_centered,0.1854698986731419,0.3958643349193284,2.1075068827579884,0.3999465592781099,-0.21039443624618648,0.0,-3.0059776175297914,3.797706287368448,3.4018419524491197,0.1,56.0,3.0,,,
North Buganda,2020,first_season,sorghum,1,dummy_mean,raw,crop_centered,0.0988630737950738,1.431651016691542,2.1075068827579884,1.3246497888304674,-1.3327879428964682,0.0,-1.9701909357575778,4.833492969140662,3.4018419524491197,0.1,56.0,3.0,,,
North Buganda,2020,first_season,soya_beans,1,dummy_mean,raw,crop_centered,0.4702301599548245,0.5518471190325219,2.1075068827579884,2.930292181557787,-0.08161695907769745,0.0,-2.8499948334165977,3.9536890714816417,3.4018419524491197,0.1,56.0,3.0,,,
North Buganda,2020,first_season,sweet_potatoes,1,dummy_mean,raw,crop_centered,2.687525566046792,5.263875952557759,2.1075068827579884,5.983658411491209,-2.5763503865109674,0.0,1.8620340001086397,8.665717905006879,3.4018419524491197,0.1,56.0,3.0,,,
North Buganda,2020,second_season,beans,1,dummy_mean,raw,crop_centered,0.9823435270848496,0.8083785631118958,2.1075068827579884,0.7986540097128687,0.1739649639729538,0.0,-2.5934633893372236,4.210220515561016,3.4018419524491197,0.1,56.0,3.0,,,
North Buganda,2020,second_season,groundnuts,1,dummy_mean,raw,crop_centered,0.6052217822979895,0.5732198676763399,2.1075068827579884,0.5687183500759414,0.032001914621649585,0.0,-2.8286220847727797,3.9750618201254597,3.4018419524491197,0.1,56.0,3.0,,,
North Buganda,2020,second_season,irish_potatoes,1,dummy_mean,raw,crop_centered,6.482172439710905,4.428042344975187,2.1075068827579884,4.440832751461744,2.0541300947357186,0.0,1.026200392526067,7.829884297424306,3.4018419524491197,0.1,56.0,3.0,,,
North Buganda,2020,second_season,maize,1,dummy_mean,raw,crop_centered,2.6867403311215865,2.847265094012805,2.1075068827579884,2.7363424889537766,-0.1605247628912183,0.0,-0.5545768584363149,6.2491070464619245,3.4018419524491197,0.1,56.0,3.0,,,
North Buganda,2020,second_season,millet,1,dummy_mean,raw,crop_centered,0.7672214167665391,0.6684820266233378,2.1075068827579884,0.6354044224045948,0.09873939014320132,0.0,-2.733359925825782,4.070323979072457,3.4018419524491197,0.1,56.0,3.0,,,
North Buganda,2020,second_season,rice,1,dummy_mean,raw,crop_centered,0.7664154644961585,1.7283537604145638,2.1075068827579884,1.7589076363956022,-0.9619382959184053,0.0,-1.673488192034556,5.130195712863683,3.4018419524491197,0.1,56.0,3.0,,,
North Buganda,2020,second_season,simsim,1,dummy_mean,raw,crop_centered,1.0617776543409592,0.3958643349193284,2.1075068827579884,0.3999465592781099,0.6659133194216308,0.0,-3.0059776175297914,3.797706287368448,3.4018419524491197,0.1,56.0,3.0,,,
North Buganda,2020,second_season,sorghum,1,dummy_mean,raw,crop_centered,3.8791100754366425,1.431651016691542,2.1075068827579884,1.3246497888304674,2.4474590587451006,0.0,-1.9701909357575778,4.833492969140662,3.4018419524491197,0.1,56.0,3.0,,,
North Buganda,2020,second_season,soya_beans,1,dummy_mean,raw,crop_centered,0.4386972792209299,0.5518471190325219,2.1075068827579884,2.930292181557787,-0.11314983981159205,0.0,-2.8499948334165977,3.9536890714816417,3.4018419524491197,0.1,56.0,3.0,,,
North Buganda,2020,second_season,sweet_potatoes,1,dummy_mean,raw,crop_centered,6.9509363188894655,5.263875952557759,2.1075068827579884,5.983658411491209,1.687060366331706,0.0,1.8620340001086397,8.665717905006879,3.4018419524491197,0.1,56.0,3.0,,,
Teso,2020,first_season,beans,1,dummy_mean,raw,crop_centered,0.4787820909269001,0.8083785631118958,2.1075068827579884,0.7986540097128687,-0.3295964721849957,0.0,-2.5934633893372236,4.210220515561016,3.4018419524491197,0.1,56.0,3.0,,,
Teso,2020,first_season,groundnuts,1,dummy_mean,raw,crop_centered,0.3687334249789069,0.5732198676763399,2.1075068827579884,0.5687183500759414,-0.20448644269743305,0.0,-2.8286220847727797,3.9750618201254597,3.4018419524491197,0.1,56.0,3.0,,,
Teso,2020,first_season,maize,1,dummy_mean,raw,crop_centered,1.3718829183654722,2.847265094012805,2.1075068827579884,2.7363424889537766,-1.4753821756473326,0.0,-0.5545768584363149,6.2491070464619245,3.4018419524491197,0.1,56.0,3.0,,,
Teso,2020,first_season,millet,1,dummy_mean,raw,crop_centered,0.2266117956037198,0.6684820266233378,2.1075068827579884,0.6354044224045948,-0.441870231019618,0.0,-2.733359925825782,4.070323979072457,3.4018419524491197,0.1,56.0,3.0,,,
Teso,2020,first_season,rice,1,dummy_mean,raw,crop_centered,1.3123638688539283,1.7283537604145638,2.1075068827579884,1.7589076363956022,-0.4159898915606355,0.0,-1.673488192034556,5.130195712863683,3.4018419524491197,0.1,56.0,3.0,,,
Teso,2020,first_season,simsim,1,dummy_mean,raw,crop_centered,0.3758526836726521,0.3958643349193284,2.1075068827579884,0.3999465592781099,-0.020011651246676254,0.0,-3.0059776175297914,3.797706287368448,3.4018419524491197,0.1,56.0,3.0,,,
Teso,2020,first_season,sorghum,1,dummy_mean,raw,crop_centered,0.6439380500075159,1.431651016691542,2.1075068827579884,1.3246497888304674,-0.787712966684026,0.0,-1.9701909357575778,4.833492969140662,3.4018419524491197,0.1,56.0,3.0,,,
Teso,2020,first_season,soya_beans,1,dummy_mean,raw,crop_centered,0.4286664418152572,0.5518471190325219,2.1075068827579884,2.930292181557787,-0.12318067721726472,0.0,-2.8499948334165977,3.9536890714816417,3.4018419524491197,0.1,56.0,3.0,,,
Teso,2020,first_season,sweet_potatoes,1,dummy_mean,raw,crop_centered,2.3919434486183864,5.263875952557759,2.1075068827579884,5.983658411491209,-2.871932503939373,0.0,1.8620340001086397,8.665717905006879,3.4018419524491197,0.1,56.0,3.0,,,
Teso,2020,second_season,beans,1,dummy_mean,raw,crop_centered,0.7279249098775472,0.8083785631118958,2.1075068827579884,0.7986540097128687,-0.08045365323434861,0.0,-2.5934633893372236,4.210220515561016,3.4018419524491197,0.1,56.0,3.0,,,
Teso,2020,second_season,groundnuts,1,dummy_mean,raw,crop_centered,0.4313168954422955,0.5732198676763399,2.1075068827579884,0.5687183500759414,-0.1419029722340444,0.0,-2.8286220847727797,3.9750618201254597,3.4018419524491197,0.1,56.0,3.0,,,
Teso,2020,second_season,maize,1,dummy_mean,raw,crop_centered,1.540156423059482,2.847265094012805,2.1075068827579884,2.7363424889537766,-1.3071086709533228,0.0,-0.5545768584363149,6.2491070464619245,3.4018419524491197,0.1,56.0,3.0,,,
Teso,2020,second_season,millet,1,dummy_mean,raw,crop_centered,0.3557264962514397,0.6684820266233378,2.1075068827579884,0.6354044224045948,-0.31275553037189807,0.0,-2.733359925825782,4.070323979072457,3.4018419524491197,0.1,56.0,3.0,,,
Teso,2020,second_season,rice,1,dummy_mean,raw,crop_centered,1.0709719442643844,1.7283537604145638,2.1075068827579884,1.7589076363956022,-0.6573818161501794,0.0,-1.673488192034556,5.130195712863683,3.4018419524491197,0.1,56.0,3.0,,,
Teso,2020,second_season,simsim,1,dummy_mean,raw,crop_centered,0.6034722059137033,0.3958643349193284,2.1075068827579884,0.3999465592781099,0.20760787099437494,0.0,-3.0059776175297914,3.797706287368448,3.4018419524491197,0.1,56.0,3.0,,,
Teso,2020,second_season,sorghum,1,dummy_mean,raw,crop_centered,1.141258363083009,1.431651016691542,2.1075068827579884,1.3246497888304674,-0.29039265360853284,0.0,-1.9701909357575778,4.833492969140662,3.4018419524491197,0.1,56.0,3.0,,,
Teso,2020,second_season,soya_beans,1,dummy_mean,raw,crop_centered,0.5653018244408415,0.5518471190325219,2.1075068827579884,2.930292181557787,0.013454705408319612,0.0,-2.8499948334165977,3.9536890714816417,3.4018419524491197,0.1,56.0,3.0,,,
Teso,2020,second_season,sweet_potatoes,1,dummy_mean,raw,crop_centered,4.986556877001546,5.263875952557759,2.1075068827579884,5.983658411491209,-0.27731907555621316,0.0,1.8620340001086397,8.665717905006879,3.4018419524491197,0.1,56.0,3.0,,,
Elgon,2020,first_season,beans,2,dummy_mean,raw,crop_centered,0.6700120852270204,0.8133275038531373,1.954636271112969,0.800459608567741,-0.14331541862611696,0.0,-2.502151579552211,4.128806587258485,3.3154790834053482,0.1,54.0,3.0,,,
Elgon,2020,first_season,groundnuts,2,dummy_mean,raw,crop_centered,0.4950587775158489,0.5229996476090061,1.954636271112969,0.5508650616816889,-0.027940870093157155,0.0,-2.7924794357963423,3.838478731014354,3.3154790834053482,0.1,54.0,3.0,,,
Elgon,2020,first_season,irish_potatoes,2,dummy_mean,raw,crop_centered,4.522840340241605,3.7755392057018193,1.954636271112969,4.160319420588475,0.7473011345397857,0.0,0.4600601222964711,7.091018289107168,3.3154790834053482,0.1,54.0,3.0,,,
Elgon,2020,first_season,maize,2,dummy_mean,raw,crop_centered,2.591624259545572,2.552235446924377,1.954636271112969,2.445749569645221,0.03938881262119498,0.0,-0.7632436364809712,5.867714530329725,3.3154790834053482,0.1,54.0,3.0,,,
Elgon,2020,first_season,millet,2,dummy_mean,raw,crop_centered,0.6858292042822013,0.5037608268836823,1.954636271112969,0.588523876879771,0.182068377398519,0.0,-2.811718256521666,3.8192399102890304,3.3154790834053482,0.1,54.0,3.0,,,
Elgon,2020,first_season,rice,2,dummy_mean,raw,crop_centered,2.403967673511646,1.6593327684960462,1.954636271112969,1.5849672137717488,0.7446349050156,0.0,-1.656146314909302,4.974811851901395,3.3154790834053482,0.1,54.0,3.0,,,
Elgon,2020,first_season,simsim,2,dummy_mean,raw,crop_centered,1.0133465202105196,0.3901448324077617,1.954636271112969,0.4194896280774281,0.6232016878027579,-5.551115123125783e-17,-2.9253342509975866,3.70562391581311,3.3154790834053482,0.1,54.0,3.0,,,
Elgon,2020,first_season,sorghum,2,dummy_mean,raw,crop_centered,2.370934481096649,1.0149560162979054,1.954636271112969,1.1729743338682894,1.3559784647987434,0.0,-2.300523067107443,4.330435099703253,3.3154790834053482,0.1,54.0,3.0,,,
Elgon,2020,first_season,soya_beans,2,dummy_mean,raw,crop_centered,0.5911363692957547,3.754176362626278,1.954636271112969,2.9108857754523334,-3.163039993330523,0.0,0.4386972792209298,7.069655446031627,3.3154790834053482,0.1,54.0,3.0,,,
Elgon,2020,first_season,sweet_potatoes,2,dummy_mean,raw,crop_centered,3.151255842827831,6.131447005639232,1.954636271112969,5.708455116324331,-2.980191162811401,0.0,2.8159679222338836,9.446926089044581,3.3154790834053482,0.1,54.0,3.0,,,
Elgon,2020,second_season,beans,2,dummy_mean,raw,crop_centered,0.653829971282899,0.8133275038531373,1.954636271112969,0.800459608567741,-0.15949753257023835,0.0,-2.502151579552211,4.128806587258485,3.3154790834053482,0.1,54.0,3.0,,,
Elgon,2020,second_season,groundnuts,2,dummy_mean,raw,crop_centered,0.7530910039174339,0.5229996476090061,1.954636271112969,0.5508650616816889,0.2300913563084278,0.0,-2.7924794357963423,3.838478731014354,3.3154790834053482,0.1,54.0,3.0,,,
Elgon,2020,second_season,irish_potatoes,2,dummy_mean,raw,crop_centered,9.66384795722705,3.7755392057018193,1.954636271112969,4.160319420588475,5.888308751525231,0.0,0.4600601222964711,7.091018289107168,3.3154790834053482,0.1,54.0,3.0,,,
Elgon,2020,second_season,maize,2,dummy_mean,raw,crop_centered,3.423349924580549,2.552235446924377,1.954636271112969,2.445749569645221,0.8711144776561719,0.0,-0.7632436364809712,5.867714530329725,3.3154790834053482,0.1,54.0,3.0,,,
Elgon,2020,second_season,rice,2,dummy_mean,raw,crop_centered,0.9781169963836972,1.6593327684960462,1.954636271112969,1.5849672137717488,-0.681215772112349,0.0,-1.656146314909302,4.974811851901395,3.3154790834053482,0.1,54.0,3.0,,,
Elgon,2020,second_season,simsim,2,dummy_mean,raw,crop_centered,0.1853682631467308,0.3901448324077617,1.954636271112969,0.4194896280774281,-0.20477656926103097,-5.551115123125783e-17,-2.9253342509975866,3.70562391581311,3.3154790834053482,0.1,54.0,3.0,,,
Elgon,2020,second_season,sorghum,2,dummy_mean,raw,crop_centered,3.258267391159824,1.0149560162979054,1.954636271112969,1.1729743338682894,2.2433113748619187,0.0,-2.300523067107443,4.330435099703253,3.3154790834053482,0.1,54.0,3.0,,,
Elgon,2020,second_season,soya_beans,2,dummy_mean,raw,crop_centered,0.4261906725861129,3.754176362626278,1.954636271112969,2.9108857754523334,-3.3279856900401654,0.0,0.4386972792209298,7.069655446031627,3.3154790834053482,0.1,54.0,3.0,,,
Elgon,2020,second_season,sweet_potatoes,2,dummy_mean,raw,crop_centered,3.5591777349294857,6.131447005639232,1.954636271112969,5.708455116324331,-2.572269270709746,0.0,2.8159679222338836,9.446926089044581,3.3154790834053482,0.1,54.0,3.0,,,
Lango,2020,first_season,beans,2,dummy_mean,raw,crop_centered,0.4538514483659436,0.8133275038531373,1.954636271112969,0.800459608567741,-0.35947605548719375,0.0,-2.502151579552211,4.128806587258485,3.3154790834053482,0.1,54.0,3.0,,,
Lango,2020,first_season,groundnuts,2,dummy_mean,raw,crop_centered,0.3602760666772656,0.5229996476090061,1.954636271112969,0.5508650616816889,-0.1627235809317405,0.0,-2.7924794357963423,3.838478731014354,3.3154790834053482,0.1,54.0,3.0,,,
Lango,2020,first_season,maize,2,dummy_mean,raw,crop_centered,1.5321273000173696,2.552235446924377,1.954636271112969,2.445749569645221,-1.0201081469070075,0.0,-0.7632436364809712,5.867714530329725,3.3154790834053482,0.1,54.0,3.0,,,
Lango,2020,first_season,millet,2,dummy_mean,raw,crop_centered,0.3245909082180683,0.5037608268836823,1.954636271112969,0.588523876879771,-0.179169918665614,0.0,-2.811718256521666,3.8192399102890304,3.3154790834053482,0.1,54.0,3.0,,,
Lango,2020,first_season,rice,2,dummy_mean,raw,crop_centered,1.0257917523061892,1.6593327684960462,1.954636271112969,1.5849672137717488,-0.6335410161898569,0.0,-1.656146314909302,4.974811851901395,3.3154790834053482,0.1,54.0,3.0,,,
Lango,2020,first_season,simsim,2,dummy_mean,raw,crop_centered,0.3598602384189452,0.3901448324077617,1.954636271112969,0.4194896280774281,-0.030284593988816555,-5.551115123125783e-17,-2.9253342509975866,3.70562391581311,3.3154790834053482,0.1,54.0,3.0,,,
Lango,2020,first_season,sorghum,2,dummy_mean,raw,crop_centered,0.5398912763008505,1.0149560162979054,1.954636271112969,1.1729743338682894,-0.4750647399970549,0.0,-2.300523067107443,4.330435099703253,3.3154790834053482,0.1,54.0,3.0,,,
Lango,2020,first_season,soya_beans,2,dummy_mean,raw,crop_centered,0.6956216106623382,3.754176362626278,1.954636271112969,2.9108857754523334,-3.05855475196394,0.0,0.4386972792209298,7.069655446031627,3.3154790834053482,0.1,54.0,3.0,,,
Lango,2020,first_season,sweet_potatoes,2,dummy_mean,raw,crop_centered,4.627154243214652,6.131447005639232,1.954636271112969,5.708455116324331,-1.5042927624245799,0.0,2.8159679222338836,9.446926089044581,3.3154790834053482,0.1,54.0,3.0,,,
Lango,2020,second_season,beans,2,dummy_mean,raw,crop_centered,0.9979898086925608,0.8133275038531373,1.954636271112969,0.800459608567741,0.18466230483942347,0.0,-2.502151579552211,4.128806587258485,3.3154790834053482,0.1,54.0,3.0,,,
Lango,2020,second_season,groundnuts,2,dummy_mean,raw,crop_centered,0.6658246650132922,0.5229996476090061,1.954636271112969,0.5508650616816889,0.1428250174042861,0.0,-2.7924794357963423,3.838478731014354,3.3154790834053482,0.1,54.0,3.0,,,
Lango,2020,second_season,maize,2,dummy_mean,raw,crop_centered,2.9489717758099068,2.552235446924377,1.954636271112969,2.445749569645221,0.3967363288855297,0.0,-0.7632436364809712,5.867714530329725,3.3154790834053482,0.1,54.0,3.0,,,
Lango,2020,second_season,millet,2,dummy_mean,raw,crop_centered,0.359162009295794,0.5037608268836823,1.954636271112969,0.588523876879771,-0.14459881758788828,0.0,-2.811718256521666,3.8192399102890304,3.3154790834053482,0.1,54.0,3.0,,,
Lango,2020,second_season,rice,2,dummy_mean,raw,crop_centered,1.516949718283846,1.6593327684960462,1.954636271112969,1.5849672137717488,-0.1423830502122001,0.0,-1.656146314909302,4.974811851901395,3.3154790834053482,0.1,54.0,3.0,,,
Lango,2020,second_season,simsim,2,dummy_mean,raw,crop_centered,0.4067343534390761,0.3901448324077617,1.954636271112969,0.4194896280774281,0.016589521031314336,-5.551115123125783e-17,-2.9253342509975866,3.70562391581311,3.3154790834053482,0.1,54.0,3.0,,,
Lango,2020,second_season,sorghum,2,dummy_mean,raw,crop_centered,2.142946828492448,1.0149560162979054,1.954636271112969,1.1729743338682894,1.1279908121945428,0.0,-2.300523067107443,4.330435099703253,3.3154790834053482,0.1,54.0,3.0,,,
Lango,2020,second_season,soya_beans,2,dummy_mean,raw,crop_centered,1.5236675808652385,3.754176362626278,1.954636271112969,2.9108857754523334,-2.2305087817610394,0.0,0.4386972792209298,7.069655446031627,3.3154790834053482,0.1,54.0,3.0,,,
Lango,2020,second_season,sweet_potatoes,2,dummy_mean,raw,crop_centered,14.045356396131783,6.131447005639232,1.954636271112969,5.708455116324331,7.9139093904925515,0.0,2.8159679222338836,9.446926089044581,3.3154790834053482,0.1,54.0,3.0,,,
Tooro,2020,first_season,beans,2,dummy_mean,raw,crop_centered,0.5714159022282193,0.8133275038531373,1.954636271112969,0.800459608567741,-0.2419116016249181,0.0,-2.502151579552211,4.128806587258485,3.3154790834053482,0.1,54.0,3.0,,,
Tooro,2020,first_season,groundnuts,2,dummy_mean,raw,crop_centered,0.4788089757102604,0.5229996476090061,1.954636271112969,0.5508650616816889,-0.044190671898745704,0.0,-2.7924794357963423,3.838478731014354,3.3154790834053482,0.1,54.0,3.0,,,
Tooro,2020,first_season,irish_potatoes,2,dummy_mean,raw,crop_centered,2.602443195405729,3.7755392057018193,1.954636271112969,4.160319420588475,-1.1730960102960903,0.0,0.4600601222964711,7.091018289107168,3.3154790834053482,0.1,54.0,3.0,,,
Tooro,2020,first_season,maize,2,dummy_mean,raw,crop_centered,3.0038294115831783,2.552235446924377,1.954636271112969,2.445749569645221,0.4515939646588012,0.0,-0.7632436364809712,5.867714530329725,3.3154790834053482,0.1,54.0,3.0,,,
Tooro,2020,first_season,millet,2,dummy_mean,raw,crop_centered,0.4632153663470989,0.5037608268836823,1.954636271112969,0.588523876879771,-0.040545460536583366,0.0,-2.811718256521666,3.8192399102890304,3.3154790834053482,0.1,54.0,3.0,,,
Tooro,2020,first_season,rice,2,dummy_mean,raw,crop_centered,1.3679142770311534,1.6593327684960462,1.954636271112969,1.5849672137717488,-0.29141849146489274,0.0,-1.656146314909302,4.974811851901395,3.3154790834053482,0.1,54.0,3.0,,,
Tooro,2020,first_season,simsim,2,dummy_mean,raw,crop_centered,0.2778595226860031,0.3901448324077617,1.954636271112969,0.4194896280774281,-0.11228530972175865,-5.551115123125783e-17,-2.9253342509975866,3.70562391581311,3.3154790834053482,0.1,54.0,3.0,,,
Tooro,2020,first_season,sorghum,2,dummy_mean,raw,crop_centered,0.5962480462055857,1.0149560162979054,1.954636271112969,1.1729743338682894,-0.41870797009231975,0.0,-2.300523067107443,4.330435099703253,3.3154790834053482,0.1,54.0,3.0,,,
Tooro,2020,first_season,soya_beans,2,dummy_mean,raw,crop_centered,0.4113045140407508,3.754176362626278,1.954636271112969,2.9108857754523334,-3.3428718485855273,0.0,0.4386972792209298,7.069655446031627,3.3154790834053482,0.1,54.0,3.0,,,
Tooro,2020,first_season,sweet_potatoes,2,dummy_mean,raw,crop_centered,2.031705860523254,6.131447005639232,1.954636271112969,5.708455116324331,-4.099741145115978,0.0,2.8159679222338836,9.446926089044581,3.3154790834053482,0.1,54.0,3.0,,,
Tooro,2020,second_season,beans,2,dummy_mean,raw,crop_centered,1.1835686146592244,0.8133275038531373,1.954636271112969,0.800459608567741,0.370241110806087,0.0,-2.502151579552211,4.128806587258485,3.3154790834053482,0.1,54.0,3.0,,,
Tooro,2020,second_season,groundnuts,2,dummy_mean,raw,crop_centered,0.8188652144271537,0.5229996476090061,1.954636271112969,0.5508650616816889,0.2958655668181476,0.0,-2.7924794357963423,3.838478731014354,3.3154790834053482,0.1,54.0,3.0,,,
Tooro,2020,second_season,irish_potatoes,2,dummy_mean,raw,crop_centered,5.09052971295232,3.7755392057018193,1.954636271112969,4.160319420588475,1.314990507250501,0.0,0.4600601222964711,7.091018289107168,3.3154790834053482,0.1,54.0,3.0,,,
Tooro,2020,second_season,maize,2,dummy_mean,raw,crop_centered,4.280134298861752,2.552235446924377,1.954636271112969,2.445749569645221,1.7278988519373746,0.0,-0.7632436364809712,5.867714530329725,3.3154790834053482,0.1,54.0,3.0,,,
Tooro,2020,second_season,millet,2,dummy_mean,raw,crop_centered,1.0445138088407484,0.5037608268836823,1.954636271112969,0.588523876879771,0.5407529819570661,0.0,-2.811718256521666,3.8192399102890304,3.3154790834053482,0.1,54.0,3.0,,,
Tooro,2020,second_season,rice,2,dummy_mean,raw,crop_centered,2.631104714179096,1.6593327684960462,1.954636271112969,1.5849672137717488,0.9717719456830498,0.0,-1.656146314909302,4.974811851901395,3.3154790834053482,0.1,54.0,3.0,,,
Tooro,2020,second_season,simsim,2,dummy_mean,raw,crop_centered,0.3096258716658019,0.3901448324077617,1.954636271112969,0.4194896280774281,-0.08051896074195986,-5.551115123125783e-17,-2.9253342509975866,3.70562391581311,3.3154790834053482,0.1,54.0,3.0,,,
Tooro,2020,second_season,sorghum,2,dummy_mean,raw,crop_centered,1.958342814699392,1.0149560162979054,1.954636271112969,1.1729743338682894,0.9433867984014865,0.0,-2.300523067107443,4.330435099703253,3.3154790834053482,0.1,54.0,3.0,,,
Tooro,2020,second_season,soya_beans,2,dummy_mean,raw,crop_centered,0.5816289868880459,3.754176362626278,1.954636271112969,2.9108857754523334,-3.1725473757382323,0.0,0.4386972792209298,7.069655446031627,3.3154790834053482,0.1,54.0,3.0,,,
Tooro,2020,second_season,sweet_potatoes,2,dummy_mean,raw,crop_centered,17.19569748995181,6.131447005639232,1.954636271112969,5.708455116324331,11.06425048431258,0.0,2.8159679222338836,9.446926089044581,3.3154790834053482,0.1,54.0,3.0,,,
Ankole,2020,first_season,beans,3,dummy_mean,raw,crop_centered,0.7107039593083359,0.808628118737357,2.0662856437501507,0.7992436624389453,-0.09792415942902111,0.0,-2.106582196987842,3.723838434462556,2.915210315725199,0.1,52.0,3.0,,,
Ankole,2020,first_season,groundnuts,3,dummy_mean,raw,crop_centered,0.4892093570559104,0.5658600062564821,2.0662856437501507,0.5683245101391033,-0.07665064920057174,0.0,-2.3493503094687167,3.481070321981681,2.915210315725199,0.1,52.0,3.0,,,
Ankole,2020,first_season,irish_potatoes,3,dummy_mean,raw,crop_centered,2.6066656470507263,4.952657344351674,2.0662856437501507,4.967854759378325,-2.3459916973009474,0.0,2.0374470286264748,7.867867660076873,2.915210315725199,0.1,52.0,3.0,,,
Ankole,2020,first_season,maize,3,dummy_mean,raw,crop_centered,2.2911775934330265,2.800273944073716,2.0662856437501507,2.5683997769092572,-0.5090963506406894,0.0,-0.11493637165148307,5.715484259798915,2.915210315725199,0.1,52.0,3.0,,,
Ankole,2020,first_season,millet,3,dummy_mean,raw,crop_centered,1.2807764204080456,0.5137154037373509,2.0662856437501507,0.49735850693119044,0.7670610166706947,0.0,-2.401494911987848,3.42892571946255,2.915210315725199,0.1,52.0,3.0,,,
Ankole,2020,first_season,sorghum,3,dummy_mean,raw,crop_centered,0.660753068253978,1.4380549095547759,2.0662856437501507,1.4121707856008021,-0.7773018413007979,0.0,-1.477155406170423,4.353265225279975,2.915210315725199,0.1,52.0,3.0,,,
Ankole,2020,first_season,soya_beans,3,dummy_mean,raw,crop_centered,0.3377821773864262,3.50906489300093,2.0662856437501507,2.823781736252928,-3.171282715614504,0.0,0.5938545772757311,6.4242752087261294,2.915210315725199,0.1,52.0,3.0,,,
Ankole,2020,first_season,sweet_potatoes,3,dummy_mean,raw,crop_centered,4.329712242698299,6.1588817653364885,2.0662856437501507,6.104335473351614,-1.8291695226381899,0.0,3.2436714496112895,9.074092081061687,2.915210315725199,0.1,52.0,3.0,,,
Ankole,2020,second_season,beans,3,dummy_mean,raw,crop_centered,1.3411688832335629,0.808628118737357,2.0662856437501507,0.7992436624389453,0.5325407644962059,0.0,-2.106582196987842,3.723838434462556,2.915210315725199,0.1,52.0,3.0,,,
Ankole,2020,second_season,groundnuts,3,dummy_mean,raw,crop_centered,0.556144731073507,0.5658600062564821,2.0662856437501507,0.5683245101391033,-0.009715275182975103,0.0,-2.3493503094687167,3.481070321981681,2.915210315725199,0.1,52.0,3.0,,,
Ankole,2020,second_season,irish_potatoes,3,dummy_mean,raw,crop_centered,4.840624253728912,4.952657344351674,2.0662856437501507,4.967854759378325,-0.11203309062276201,0.0,2.0374470286264748,7.867867660076873,2.915210315725199,0.1,52.0,3.0,,,
Ankole,2020,second_season,maize,3,dummy_mean,raw,crop_centered,4.746403988018382,2.800273944073716,2.0662856437501507,2.5683997769092572,1.9461300439446658,0.0,-0.11493637165148307,5.715484259798915,2.915210315725199,0.1,52.0,3.0,,,
Ankole,2020,second_season,millet,3,dummy_mean,raw,crop_centered,0.7193080425140036,0.5137154037373509,2.0662856437501507,0.49735850693119044,0.20559263877665268,0.0,-2.401494911987848,3.42892571946255,2.915210315725199,0.1,52.0,3.0,,,
Ankole,2020,second_season,sorghum,3,dummy_mean,raw,crop_centered,1.8183667473252825,1.4380549095547759,2.0662856437501507,1.4121707856008021,0.3803118377705066,0.0,-1.477155406170423,4.353265225279975,2.915210315725199,0.1,52.0,3.0,,,
Ankole,2020,second_season,sweet_potatoes,3,dummy_mean,raw,crop_centered,7.086512596688682,6.1588817653364885,2.0662856437501507,6.104335473351614,0.9276308313521939,0.0,3.2436714496112895,9.074092081061687,2.915210315725199,0.1,52.0,3.0,,,
Bukedi,2020,first_season,beans,3,dummy_mean,raw,crop_centered,0.5175817230094646,0.808628118737357,2.0662856437501507,0.7992436624389453,-0.29104639572789237,0.0,-2.106582196987842,3.723838434462556,2.915210315725199,0.1,52.0,3.0,,,
Bukedi,2020,first_season,groundnuts,3,dummy_mean,raw,crop_centered,0.4770632662036267,0.5658600062564821,2.0662856437501507,0.5683245101391033,-0.08879674005285543,0.0,-2.3493503094687167,3.481070321981681,2.915210315725199,0.1,52.0,3.0,,,
Bukedi,2020,first_season,maize,3,dummy_mean,raw,crop_centered,1.5470171390615697,2.800273944073716,2.0662856437501507,2.5683997769092572,-1.2532568050121462,0.0,-0.11493637165148307,5.715484259798915,2.915210315725199,0.1,52.0,3.0,,,
Bukedi,2020,first_season,millet,3,dummy_mean,raw,crop_centered,0.4272092427017133,0.5137154037373509,2.0662856437501507,0.49735850693119044,-0.08650616103563763,0.0,-2.401494911987848,3.42892571946255,2.915210315725199,0.1,52.0,3.0,,,
Bukedi,2020,first_season,rice,3,dummy_mean,raw,crop_centered,1.3882164630489435,1.6133241533269713,2.0662856437501507,1.63417854787639,-0.2251076902780278,0.0,-1.3018861623982276,4.52853446905217,2.915210315725199,0.1,52.0,3.0,,,
Bukedi,2020,first_season,simsim,3,dummy_mean,raw,crop_centered,0.3317125177589506,0.44682155446236765,2.0662856437501507,0.4267172973635351,-0.1151090367034171,-5.551115123125783e-17,-2.4683887612628315,3.3620318701875664,2.915210315725199,0.1,52.0,3.0,,,
Bukedi,2020,first_season,sorghum,3,dummy_mean,raw,crop_centered,0.5913910230747661,1.4380549095547759,2.0662856437501507,1.4121707856008021,-0.8466638864800098,0.0,-1.477155406170423,4.353265225279975,2.915210315725199,0.1,52.0,3.0,,,
Bukedi,2020,first_season,soya_beans,3,dummy_mean,raw,crop_centered,0.4175993889818736,3.50906489300093,2.0662856437501507,2.823781736252928,-3.0914655040190566,0.0,0.5938545772757311,6.4242752087261294,2.915210315725199,0.1,52.0,3.0,,,
Bukedi,2020,first_season,sweet_potatoes,3,dummy_mean,raw,crop_centered,2.6225674475211567,6.1588817653364885,2.0662856437501507,6.104335473351614,-3.536314317815332,0.0,3.2436714496112895,9.074092081061687,2.915210315725199,0.1,52.0,3.0,,,
Bukedi,2020,second_season,beans,3,dummy_mean,raw,crop_centered,0.7056484947012807,0.808628118737357,2.0662856437501507,0.7992436624389453,-0.1029796240360763,0.0,-2.106582196987842,3.723838434462556,2.915210315725199,0.1,52.0,3.0,,,
Bukedi,2020,second_season,groundnuts,3,dummy_mean,raw,crop_centered,0.5641103408681046,0.5658600062564821,2.0662856437501507,0.5683245101391033,-0.0017496653883775082,0.0,-2.3493503094687167,3.481070321981681,2.915210315725199,0.1,52.0,3.0,,,
Bukedi,2020,second_season,maize,3,dummy_mean,raw,crop_centered,2.5941966847486744,2.800273944073716,2.0662856437501507,2.5683997769092572,-0.2060772593250415,0.0,-0.11493637165148307,5.715484259798915,2.915210315725199,0.1,52.0,3.0,,,
Bukedi,2020,second_season,millet,3,dummy_mean,raw,crop_centered,2.0388508171880413,0.5137154037373509,2.0662856437501507,0.49735850693119044,1.5251354134506903,0.0,-2.401494911987848,3.42892571946255,2.915210315725199,0.1,52.0,3.0,,,
Bukedi,2020,second_season,rice,3,dummy_mean,raw,crop_centered,1.4277627442802343,1.6133241533269713,2.0662856437501507,1.63417854787639,-0.185561409046737,0.0,-1.3018861623982276,4.52853446905217,2.915210315725199,0.1,52.0,3.0,,,
Bukedi,2020,second_season,simsim,3,dummy_mean,raw,crop_centered,0.3924463982333242,0.44682155446236765,2.0662856437501507,0.4267172973635351,-0.054375156229043486,-5.551115123125783e-17,-2.4683887612628315,3.3620318701875664,2.915210315725199,0.1,52.0,3.0,,,
Bukedi,2020,second_season,sorghum,3,dummy_mean,raw,crop_centered,0.8805407710527358,1.4380549095547759,2.0662856437501507,1.4121707856008021,-0.5575141385020401,0.0,-1.477155406170423,4.353265225279975,2.915210315725199,0.1,52.0,3.0,,,
Bukedi,2020,second_season,soya_beans,3,dummy_mean,raw,crop_centered,0.8286553858983726,3.50906489300093,2.0662856437501507,2.823781736252928,-2.6804095071025573,0.0,0.5938545772757311,6.4242752087261294,2.915210315725199,0.1,52.0,3.0,,,
Bukedi,2020,second_season,sweet_potatoes,3,dummy_mean,raw,crop_centered,6.335755329287477,6.1588817653364885,2.0662856437501507,6.104335473351614,0.17687356395098863,0.0,3.2436714496112895,9.074092081061687,2.915210315725199,0.1,52.0,3.0,,,
West Nile,2020,first_season,beans,3,dummy_mean,raw,crop_centered,0.5251432400895707,0.808628118737357,2.0662856437501507,0.7992436624389453,-0.28348487864778626,0.0,-2.106582196987842,3.723838434462556,2.915210315725199,0.1,52.0,3.0,,,
West Nile,2020,first_season,groundnuts,3,dummy_mean,raw,crop_centered,0.4055485017270916,0.5658600062564821,2.0662856437501507,0.5683245101391033,-0.16031150452939052,0.0,-2.3493503094687167,3.481070321981681,2.915210315725199,0.1,52.0,3.0,,,
West Nile,2020,first_season,irish_potatoes,3,dummy_mean,raw,crop_centered,1.4211566881060225,4.952657344351674,2.0662856437501507,4.967854759378325,-3.531500656245651,0.0,2.0374470286264748,7.867867660076873,2.915210315725199,0.1,52.0,3.0,,,
West Nile,2020,first_season,maize,3,dummy_mean,raw,crop_centered,1.2660956469166913,2.800273944073716,2.0662856437501507,2.5683997769092572,-1.5341782971570246,0.0,-0.11493637165148307,5.715484259798915,2.915210315725199,0.1,52.0,3.0,,,
West Nile,2020,first_season,millet,3,dummy_mean,raw,crop_centered,0.2167646962160385,0.5137154037373509,2.0662856437501507,0.49735850693119044,-0.2969507075213124,0.0,-2.401494911987848,3.42892571946255,2.915210315725199,0.1,52.0,3.0,,,
West Nile,2020,first_season,rice,3,dummy_mean,raw,crop_centered,1.4018188844017143,1.6133241533269713,2.0662856437501507,1.63417854787639,-0.211505268925257,0.0,-1.3018861623982276,4.52853446905217,2.915210315725199,0.1,52.0,3.0,,,
West Nile,2020,first_season,simsim,3,dummy_mean,raw,crop_centered,0.4766810107273866,0.44682155446236765,2.0662856437501507,0.4267172973635351,0.029859456265018902,-5.551115123125783e-17,-2.4683887612628315,3.3620318701875664,2.915210315725199,0.1,52.0,3.0,,,
West Nile,2020,first_season,sorghum,3,dummy_mean,raw,crop_centered,0.391054248417342,1.4380549095547759,2.0662856437501507,1.4121707856008021,-1.0470006611374338,0.0,-1.477155406170423,4.353265225279975,2.915210315725199,0.1,52.0,3.0,,,
West Nile,2020,first_season,soya_beans,3,dummy_mean,raw,crop_centered,0.8717117441917551,3.50906489300093,2.0662856437501507,2.823781736252928,-2.637353148809175,0.0,0.5938545772757311,6.4242752087261294,2.915210315725199,0.1,52.0,3.0,,,
West Nile,2020,first_season,sweet_potatoes,3,dummy_mean,raw,crop_centered,5.41252141626667,6.1588817653364885,2.0662856437501507,6.104335473351614,-0.7463603490698185,0.0,3.2436714496112895,9.074092081061687,2.915210315725199,0.1,52.0,3.0,,,
West Nile,2020,second_season,beans,3,dummy_mean,raw,crop_centered,0.7559563988183644,0.808628118737357,2.0662856437501507,0.7992436624389453,-0.052671719918992554,0.0,-2.106582196987842,3.723838434462556,2.915210315725199,0.1,52.0,3.0,,,
West Nile,2020,second_season,groundnuts,3,dummy_mean,raw,crop_centered,0.6957406402698985,0.5658600062564821,2.0662856437501507,0.5683245101391033,0.12988063401341632,0.0,-2.3493503094687167,3.481070321981681,2.915210315725199,0.1,52.0,3.0,,,
West Nile,2020,second_season,irish_potatoes,3,dummy_mean,raw,crop_centered,3.3207905514628413,4.952657344351674,2.0662856437501507,4.967854759378325,-1.6318667928888324,0.0,2.0374470286264748,7.867867660076873,2.915210315725199,0.1,52.0,3.0,,,
West Nile,2020,second_season,maize,3,dummy_mean,raw,crop_centered,2.6368413584111803,2.800273944073716,2.0662856437501507,2.5683997769092572,-0.1634325856625356,0.0,-0.11493637165148307,5.715484259798915,2.915210315725199,0.1,52.0,3.0,,,
West Nile,2020,second_season,millet,3,dummy_mean,raw,crop_centered,0.6973987237560337,0.5137154037373509,2.0662856437501507,0.49735850693119044,0.18368332001868282,0.0,-2.401494911987848,3.42892571946255,2.915210315725199,0.1,52.0,3.0,,,
West Nile,2020,second_season,rice,3,dummy_mean,raw,crop_centered,1.5518859303284125,1.6133241533269713,2.0662856437501507,1.63417854787639,-0.061438222998558834,0.0,-1.3018861623982276,4.52853446905217,2.915210315725199,0.1,52.0,3.0,,,
West Nile,2020,second_season,simsim,3,dummy_mean,raw,crop_centered,0.3973328781148473,0.44682155446236765,2.0662856437501507,0.4267172973635351,-0.04948867634752041,-5.551115123125783e-17,-2.4683887612628315,3.3620318701875664,2.915210315725199,0.1,52.0,3.0,,,
West Nile,2020,second_season,sorghum,3,dummy_mean,raw,crop_centered,1.2622030417153625,1.4380549095547759,2.0662856437501507,1.4121707856008021,-0.17585186783941342,0.0,-1.477155406170423,4.353265225279975,2.915210315725199,0.1,52.0,3.0,,,
West Nile,2020,second_season,soya_beans,3,dummy_mean,raw,crop_centered,0.6049960464155939,3.50906489300093,2.0662856437501507,2.823781736252928,-2.904068846585336,0.0,0.5938545772757311,6.4242752087261294,2.915210315725199,0.1,52.0,3.0,,,
West Nile,2020,second_season,sweet_potatoes,3,dummy_mean,raw,crop_centered,10.90567139457088,6.1588817653364885,2.0662856437501507,6.104335473351614,4.746789629234392,0.0,3.2436714496112895,9.074092081061687,2.915210315725199,0.1,52.0,3.0,,,
Busoga,2020,first_season,beans,4,dummy_mean,raw,crop_centered,0.6401206168693182,0.7634689035122577,1.8016671470305063,0.7725881369501938,-0.12334828664293962,-1.1102230246251565e-16,-2.416716573268859,3.943654380293374,3.1801854767811166,0.1,58.0,3.0,,,
Busoga,2020,first_season,groundnuts,4,dummy_mean,raw,crop_centered,0.3322482939632105,0.5188627869023564,1.8016671470305063,0.5479446238104857,-0.18661449293914606,-1.1102230246251565e-16,-2.66132268987876,3.699048263683473,3.1801854767811166,0.1,58.0,3.0,,,
Busoga,2020,first_season,maize,4,dummy_mean,raw,crop_centered,1.5222384603844508,2.7063907234680644,1.8016671470305063,2.6412707918169636,-1.1841522630836137,0.0,-0.4737947533130522,5.886576200249181,3.1801854767811166,0.1,58.0,3.0,,,
Busoga,2020,first_season,millet,4,dummy_mean,raw,crop_centered,0.6572884828877947,0.5993998292831576,1.8016671470305063,0.5738783706046435,0.05788865360463702,-1.1102230246251565e-16,-2.580785647497959,3.7795853060642743,3.1801854767811166,0.1,58.0,3.0,,,
Busoga,2020,first_season,rice,4,dummy_mean,raw,crop_centered,1.4797729580148753,1.3458251622670458,1.8016671470305063,1.4257179867225263,0.13394779574782945,0.0,-1.8343603145140708,4.526010639048162,3.1801854767811166,0.1,58.0,3.0,,,
Busoga,2020,first_season,simsim,4,dummy_mean,raw,crop_centered,0.3994351113633946,0.4721084564074856,1.8016671470305063,0.42925700279116347,-0.07267334504409112,-1.1102230246251565e-16,-2.708077020373631,3.652293933188602,3.1801854767811166,0.1,58.0,3.0,,,
Busoga,2020,first_season,sorghum,4,dummy_mean,raw,crop_centered,0.6036980012037914,1.4638620279829562,1.8016671470305063,1.3361928120558897,-0.8601640267791648,0.0,-1.7163234487981605,4.644047504764073,3.1801854767811166,0.1,58.0,3.0,,,
Busoga,2020,first_season,soya_beans,4,dummy_mean,raw,crop_centered,0.4333391184708587,0.6202065574954561,1.8016671470305063,0.6555232704687651,-0.18686743902459746,-1.1102230246251565e-16,-2.5599789192856606,3.8003920342765727,3.1801854767811166,0.1,58.0,3.0,,,
Busoga,2020,first_season,sweet_potatoes,4,dummy_mean,raw,crop_centered,3.4113171715767456,5.211891337304371,1.8016671470305063,6.5300697168629425,-1.800574165727625,0.0,2.031705860523254,8.392076814085488,3.1801854767811166,0.1,58.0,3.0,,,
Busoga,2020,second_season,beans,4,dummy_mean,raw,crop_centered,0.8018694899438293,0.7634689035122577,1.8016671470305063,0.7725881369501938,0.038400586431571515,-1.1102230246251565e-16,-2.416716573268859,3.943654380293374,3.1801854767811166,0.1,58.0,3.0,,,
Busoga,2020,second_season,groundnuts,4,dummy_mean,raw,crop_centered,0.4062549460293829,0.5188627869023564,1.8016671470305063,0.5479446238104857,-0.11260784087297365,-1.1102230246251565e-16,-2.66132268987876,3.699048263683473,3.1801854767811166,0.1,58.0,3.0,,,
Busoga,2020,second_season,maize,4,dummy_mean,raw,crop_centered,1.7237131684916815,2.7063907234680644,1.8016671470305063,2.6412707918169636,-0.9826775549763829,0.0,-0.4737947533130522,5.886576200249181,3.1801854767811166,0.1,58.0,3.0,,,
Busoga,2020,second_season,millet,4,dummy_mean,raw,crop_centered,0.2369138654637815,0.5993998292831576,1.8016671470305063,0.5738783706046435,-0.36248596381937626,-1.1102230246251565e-16,-2.580785647497959,3.7795853060642743,3.1801854767811166,0.1,58.0,3.0,,,
Busoga,2020,second_season,rice,4,dummy_mean,raw,crop_centered,2.088480457936548,1.3458251622670458,1.8016671470305063,1.4257179867225263,0.7426552956695021,0.0,-1.8343603145140708,4.526010639048162,3.1801854767811166,0.1,58.0,3.0,,,
Busoga,2020,second_season,simsim,4,dummy_mean,raw,crop_centered,0.2995884010467337,0.4721084564074856,1.8016671470305063,0.42925700279116347,-0.17252005536075204,-1.1102230246251565e-16,-2.708077020373631,3.652293933188602,3.1801854767811166,0.1,58.0,3.0,,,
Busoga,2020,second_season,sorghum,4,dummy_mean,raw,crop_centered,0.6561084833674863,1.4638620279829562,1.8016671470305063,1.3361928120558897,-0.8077535446154699,0.0,-1.7163234487981605,4.644047504764073,3.1801854767811166,0.1,58.0,3.0,,,
Busoga,2020,second_season,soya_beans,4,dummy_mean,raw,crop_centered,0.5938545772757312,0.6202065574954561,1.8016671470305063,0.6555232704687651,-0.026351980219724958,-1.1102230246251565e-16,-2.5599789192856606,3.8003920342765727,3.1801854767811166,0.1,58.0,3.0,,,
Busoga,2020,second_season,sweet_potatoes,4,dummy_mean,raw,crop_centered,4.046477355605773,5.211891337304371,1.8016671470305063,6.5300697168629425,-1.165413981698598,0.0,2.031705860523254,8.392076814085488,3.1801854767811166,0.1,58.0,3.0,,,
Kigezi,2020,first_season,beans,4,dummy_mean,raw,crop_centered,0.6821726355797036,0.7634689035122577,1.8016671470305063,0.7725881369501938,-0.08129626793255418,-1.1102230246251565e-16,-2.416716573268859,3.943654380293374,3.1801854767811166,0.1,58.0,3.0,,,
Kigezi,2020,first_season,groundnuts,4,dummy_mean,raw,crop_centered,0.4632654520489824,0.5188627869023564,1.8016671470305063,0.5479446238104857,-0.05559733485337415,-1.1102230246251565e-16,-2.66132268987876,3.699048263683473,3.1801854767811166,0.1,58.0,3.0,,,
Kigezi,2020,first_season,irish_potatoes,4,dummy_mean,raw,crop_centered,5.319403533719373,4.516450325599331,1.8016671470305063,4.047210229393464,0.8029532081200417,0.0,1.3362648488182147,7.696635802380448,3.1801854767811166,0.1,58.0,3.0,,,
Kigezi,2020,first_season,maize,4,dummy_mean,raw,crop_centered,1.6788303054282812,2.7063907234680644,1.8016671470305063,2.6412707918169636,-1.0275604180397833,0.0,-0.4737947533130522,5.886576200249181,3.1801854767811166,0.1,58.0,3.0,,,
Kigezi,2020,first_season,millet,4,dummy_mean,raw,crop_centered,0.7582314811841495,0.5993998292831576,1.8016671470305063,0.5738783706046435,0.1588316519009918,-1.1102230246251565e-16,-2.580785647497959,3.7795853060642743,3.1801854767811166,0.1,58.0,3.0,,,
Kigezi,2020,first_season,rice,4,dummy_mean,raw,crop_centered,1.457131297713486,1.3458251622670458,1.8016671470305063,1.4257179867225263,0.11130613544644019,0.0,-1.8343603145140708,4.526010639048162,3.1801854767811166,0.1,58.0,3.0,,,
Kigezi,2020,first_season,sorghum,4,dummy_mean,raw,crop_centered,0.9963816683569464,1.4638620279829562,1.8016671470305063,1.3361928120558897,-0.46748035962600976,0.0,-1.7163234487981605,4.644047504764073,3.1801854767811166,0.1,58.0,3.0,,,
Kigezi,2020,first_season,soya_beans,4,dummy_mean,raw,crop_centered,0.5069027622936974,0.6202065574954561,1.8016671470305063,0.6555232704687651,-0.11330379520175882,-1.1102230246251565e-16,-2.5599789192856606,3.8003920342765727,3.1801854767811166,0.1,58.0,3.0,,,
Kigezi,2020,first_season,sweet_potatoes,4,dummy_mean,raw,crop_centered,3.68073317352751,5.211891337304371,1.8016671470305063,6.5300697168629425,-1.5311581637768605,0.0,2.031705860523254,8.392076814085488,3.1801854767811166,0.1,58.0,3.0,,,
Kigezi,2020,second_season,beans,4,dummy_mean,raw,crop_centered,1.2309422257456628,0.7634689035122577,1.8016671470305063,0.7725881369501938,0.467473322233405,-1.1102230246251565e-16,-2.416716573268859,3.943654380293374,3.1801854767811166,0.1,58.0,3.0,,,
Kigezi,2020,second_season,groundnuts,4,dummy_mean,raw,crop_centered,0.7496304931127425,0.5188627869023564,1.8016671470305063,0.5479446238104857,0.230767706210386,-1.1102230246251565e-16,-2.66132268987876,3.699048263683473,3.1801854767811166,0.1,58.0,3.0,,,
Kigezi,2020,second_season,irish_potatoes,4,dummy_mean,raw,crop_centered,7.829884297424306,4.516450325599331,1.8016671470305063,4.047210229393464,3.313433971824975,0.0,1.3362648488182147,7.696635802380448,3.1801854767811166,0.1,58.0,3.0,,,
Kigezi,2020,second_season,maize,4,dummy_mean,raw,crop_centered,4.580426866194772,2.7063907234680644,1.8016671470305063,2.6412707918169636,1.8740361427267076,0.0,-0.4737947533130522,5.886576200249181,3.1801854767811166,0.1,58.0,3.0,,,
Kigezi,2020,second_season,millet,4,dummy_mean,raw,crop_centered,0.96011465247634,0.5993998292831576,1.8016671470305063,0.5738783706046435,0.36071482319318227,-1.1102230246251565e-16,-2.580785647497959,3.7795853060642743,3.1801854767811166,0.1,58.0,3.0,,,
Kigezi,2020,second_season,rice,4,dummy_mean,raw,crop_centered,3.966514747112424,1.3458251622670458,1.8016671470305063,1.4257179867225263,2.620689584845378,0.0,-1.8343603145140708,4.526010639048162,3.1801854767811166,0.1,58.0,3.0,,,
Kigezi,2020,second_season,sorghum,4,dummy_mean,raw,crop_centered,0.9034020239226584,1.4638620279829562,1.8016671470305063,1.3361928120558897,-0.5604600040602977,0.0,-1.7163234487981605,4.644047504764073,3.1801854767811166,0.1,58.0,3.0,,,
Kigezi,2020,second_season,soya_beans,4,dummy_mean,raw,crop_centered,44.29863915774654,0.6202065574954561,1.8016671470305063,0.6555232704687651,43.678432600251085,-1.1102230246251565e-16,-2.5599789192856606,3.8003920342765727,3.1801854767811166,0.1,58.0,3.0,,,
Kigezi,2020,second_season,sweet_potatoes,4,dummy_mean,raw,crop_centered,7.307468270304063,5.211891337304371,1.8016671470305063,6.5300697168629425,2.095576932999692,0.0,2.031705860523254,8.392076814085488,3.1801854767811166,0.1,58.0,3.0,,,
South Buganda,2020,first_season,beans,4,dummy_mean,raw,crop_centered,0.6286830497610721,0.7634689035122577,1.8016671470305063,0.7725881369501938,-0.13478585375118568,-1.1102230246251565e-16,-2.416716573268859,3.943654380293374,3.1801854767811166,0.1,58.0,3.0,,,
South Buganda,2020,first_season,groundnuts,4,dummy_mean,raw,crop_centered,0.6198068833094821,0.5188627869023564,1.8016671470305063,0.5479446238104857,0.10094409640712554,-1.1102230246251565e-16,-2.66132268987876,3.699048263683473,3.1801854767811166,0.1,58.0,3.0,,,
South Buganda,2020,first_season,irish_potatoes,4,dummy_mean,raw,crop_centered,3.3283582090790134,4.516450325599331,1.8016671470305063,4.047210229393464,-1.188092116520318,0.0,1.3362648488182147,7.696635802380448,3.1801854767811166,0.1,58.0,3.0,,,
South Buganda,2020,first_season,maize,4,dummy_mean,raw,crop_centered,1.658719821291578,2.7063907234680644,1.8016671470305063,2.6412707918169636,-1.0476709021764865,0.0,-0.4737947533130522,5.886576200249181,3.1801854767811166,0.1,58.0,3.0,,,
South Buganda,2020,first_season,millet,4,dummy_mean,raw,crop_centered,0.4388892155530794,0.5993998292831576,1.8016671470305063,0.5738783706046435,-0.1605106137300783,-1.1102230246251565e-16,-2.580785647497959,3.7795853060642743,3.1801854767811166,0.1,58.0,3.0,,,
South Buganda,2020,first_season,rice,4,dummy_mean,raw,crop_centered,2.3727137710817736,1.3458251622670458,1.8016671470305063,1.4257179867225263,1.0268886088147278,0.0,-1.8343603145140708,4.526010639048162,3.1801854767811166,0.1,58.0,3.0,,,
South Buganda,2020,first_season,sorghum,4,dummy_mean,raw,crop_centered,0.5363321684614435,1.4638620279829562,1.8016671470305063,1.3361928120558897,-0.9275298595215127,0.0,-1.7163234487981605,4.644047504764073,3.1801854767811166,0.1,58.0,3.0,,,
South Buganda,2020,first_season,soya_beans,4,dummy_mean,raw,crop_centered,0.5931784427704433,0.6202065574954561,1.8016671470305063,0.6555232704687651,-0.027028114725012875,-1.1102230246251565e-16,-2.5599789192856606,3.8003920342765727,3.1801854767811166,0.1,58.0,3.0,,,
South Buganda,2020,first_season,sweet_potatoes,4,dummy_mean,raw,crop_centered,3.666537379696348,5.211891337304371,1.8016671470305063,6.5300697168629425,-1.5453539576080226,0.0,2.031705860523254,8.392076814085488,3.1801854767811166,0.1,58.0,3.0,,,
South Buganda,2020,second_season,beans,4,dummy_mean,raw,crop_centered,1.1321807165247713,0.7634689035122577,1.8016671470305063,0.7725881369501938,0.36871181301251343,-1.1102230246251565e-16,-2.416716573268859,3.943654380293374,3.1801854767811166,0.1,58.0,3.0,,,
South Buganda,2020,second_season,groundnuts,4,dummy_mean,raw,crop_centered,1.0649682679639256,0.5188627869023564,1.8016671470305063,0.5479446238104857,0.5461054810615691,-1.1102230246251565e-16,-2.66132268987876,3.699048263683473,3.1801854767811166,0.1,58.0,3.0,,,
South Buganda,2020,second_season,irish_potatoes,4,dummy_mean,raw,crop_centered,6.759325459944138,4.516450325599331,1.8016671470305063,4.047210229393464,2.242875134344807,0.0,1.3362648488182147,7.696635802380448,3.1801854767811166,0.1,58.0,3.0,,,
South Buganda,2020,second_season,maize,4,dummy_mean,raw,crop_centered,2.314641460829224,2.7063907234680644,1.8016671470305063,2.6412707918169636,-0.39174926263884036,0.0,-0.4737947533130522,5.886576200249181,3.1801854767811166,0.1,58.0,3.0,,,
South Buganda,2020,second_season,millet,4,dummy_mean,raw,crop_centered,0.721953108076217,0.5993998292831576,1.8016671470305063,0.5738783706046435,0.12255327879305933,-1.1102230246251565e-16,-2.580785647497959,3.7795853060642743,3.1801854767811166,0.1,58.0,3.0,,,
South Buganda,2020,second_season,sorghum,4,dummy_mean,raw,crop_centered,3.5799019725152155,1.4638620279829562,1.8016671470305063,1.3361928120558897,2.1160399445322593,0.0,-1.7163234487981605,4.644047504764073,3.1801854767811166,0.1,58.0,3.0,,,
South Buganda,2020,second_season,sweet_potatoes,4,dummy_mean,raw,crop_centered,6.065522206096139,5.211891337304371,1.8016671470305063,6.5300697168629425,0.8536308687917682,0.0,2.031705860523254,8.392076814085488,3.1801854767811166,0.1,58.0,3.0,,,
Bunyoro,2020,first_season,beans,5,dummy_mean,raw,crop_centered,0.8260947143833511,0.7873599752048016,2.0664785772522087,0.7821426946020412,0.03873473917854975,2.220446049250313e-16,-2.4035980688494276,3.978318019259031,3.1909580440542293,0.1,52.0,3.0,,,
Bunyoro,2020,first_season,groundnuts,5,dummy_mean,raw,crop_centered,0.6650306538588546,0.5689105977133552,2.0664785772522087,0.5656278431447842,0.09612005614549968,2.220446049250313e-16,-2.6220474463408743,3.7598686417675844,3.1909580440542293,0.1,52.0,3.0,,,
Bunyoro,2020,first_season,irish_potatoes,5,dummy_mean,raw,crop_centered,2.220589656235262,4.530372738051772,2.0664785772522087,4.7812646841975734,-2.3097830818165104,0.0,1.339414693997543,7.721330782106001,3.1909580440542293,0.1,52.0,3.0,,,
Bunyoro,2020,first_season,maize,5,dummy_mean,raw,crop_centered,2.3426553850030096,2.251864589990565,2.0664785772522087,2.4053055087174147,0.09079079501244447,0.0,-0.9390934540636642,5.442822634044795,3.1909580440542293,0.1,52.0,3.0,,,
Bunyoro,2020,first_season,millet,5,dummy_mean,raw,crop_centered,0.2753703982834791,0.520021113119863,2.0664785772522087,0.6309719027500666,-0.24465071483638368,2.220446049250313e-16,-2.6709369309343662,3.7109791571740924,3.1909580440542293,0.1,52.0,3.0,,,
Bunyoro,2020,first_season,rice,5,dummy_mean,raw,crop_centered,1.4308437859507233,1.6266468254621052,2.0664785772522087,1.611955233813348,-0.19580303951138167,2.220446049250313e-16,-1.5643112185921242,4.817604869516335,3.1909580440542293,0.1,52.0,3.0,,,
Bunyoro,2020,first_season,simsim,5,dummy_mean,raw,crop_centered,0.5005342402042084,0.4109653657299802,2.0664785772522087,0.42646604553162476,0.0895688744742284,1.6653345369377348e-16,-2.7799926783242492,3.6019234097842094,3.1909580440542293,0.1,52.0,3.0,,,
Bunyoro,2020,first_season,sorghum,5,dummy_mean,raw,crop_centered,1.3881045542850072,1.2053489668025201,2.0664785772522087,1.3031889535170247,0.18275558748248732,2.220446049250313e-16,-1.9856090772517092,4.3963070108567495,3.1909580440542293,0.1,52.0,3.0,,,
Bunyoro,2020,first_season,soya_beans,5,dummy_mean,raw,crop_centered,0.6855186697585186,3.233863091762095,2.0664785772522087,2.6171380251865526,-2.5483444220035767,0.0,0.04290504770786585,6.424821135816325,3.1909580440542293,0.1,52.0,3.0,,,
Bunyoro,2020,first_season,sweet_potatoes,5,dummy_mean,raw,crop_centered,2.0298423975087787,6.750135778983715,2.0664785772522087,6.191142717319159,-4.720293381474937,0.0,3.5591777349294857,9.941093823037944,3.1909580440542293,0.1,52.0,3.0,,,
Bunyoro,2020,second_season,beans,5,dummy_mean,raw,crop_centered,1.200511704804833,0.7873599752048016,2.0664785772522087,0.7821426946020412,0.41315172960003166,2.220446049250313e-16,-2.4035980688494276,3.978318019259031,3.1909580440542293,0.1,52.0,3.0,,,
Bunyoro,2020,second_season,groundnuts,5,dummy_mean,raw,crop_centered,0.7713261452057008,0.5689105977133552,2.0664785772522087,0.5656278431447842,0.2024155474923458,2.220446049250313e-16,-2.6220474463408743,3.7598686417675844,3.1909580440542293,0.1,52.0,3.0,,,
Bunyoro,2020,second_season,irish_potatoes,5,dummy_mean,raw,crop_centered,2.6451990178871103,4.530372738051772,2.0664785772522087,4.7812646841975734,-1.8851737201646621,0.0,1.339414693997543,7.721330782106001,3.1909580440542293,0.1,52.0,3.0,,,
Bunyoro,2020,second_season,maize,5,dummy_mean,raw,crop_centered,3.0549264654046246,2.251864589990565,2.0664785772522087,2.4053055087174147,0.8030618754140595,0.0,-0.9390934540636642,5.442822634044795,3.1909580440542293,0.1,52.0,3.0,,,
Bunyoro,2020,second_season,millet,5,dummy_mean,raw,crop_centered,0.4212512776206598,0.520021113119863,2.0664785772522087,0.6309719027500666,-0.09876983549920298,2.220446049250313e-16,-2.6709369309343662,3.7109791571740924,3.1909580440542293,0.1,52.0,3.0,,,
Bunyoro,2020,second_season,rice,5,dummy_mean,raw,crop_centered,1.6224963809696238,1.6266468254621052,2.0664785772522087,1.611955233813348,-0.004150444492481142,2.220446049250313e-16,-1.5643112185921242,4.817604869516335,3.1909580440542293,0.1,52.0,3.0,,,
Bunyoro,2020,second_season,sorghum,5,dummy_mean,raw,crop_centered,0.8920114348791089,1.2053489668025201,2.0664785772522087,1.3031889535170247,-0.31333753192341096,2.220446049250313e-16,-1.9856090772517092,4.3963070108567495,3.1909580440542293,0.1,52.0,3.0,,,
Bunyoro,2020,second_season,soya_beans,5,dummy_mean,raw,crop_centered,0.7040260876893635,3.233863091762095,2.0664785772522087,2.6171380251865526,-2.5298370040727316,0.0,0.04290504770786585,6.424821135816325,3.1909580440542293,0.1,52.0,3.0,,,
Bunyoro,2020,second_season,sweet_potatoes,5,dummy_mean,raw,crop_centered,8.162182280896847,6.750135778983715,2.0664785772522087,6.191142717319159,1.4120465019131316,0.0,3.5591777349294857,9.941093823037944,3.1909580440542293,0.1,52.0,3.0,,,
Karamoja,2020,first_season,beans,5,dummy_mean,raw,crop_centered,0.5422885207412549,0.7873599752048016,2.0664785772522087,0.7821426946020412,-0.2450714544635465,2.220446049250313e-16,-2.4035980688494276,3.978318019259031,3.1909580440542293,0.1,52.0,3.0,,,
Karamoja,2020,first_season,groundnuts,5,dummy_mean,raw,crop_centered,0.5747979489963491,0.5689105977133552,2.0664785772522087,0.5656278431447842,0.005887351282994113,2.220446049250313e-16,-2.6220474463408743,3.7598686417675844,3.1909580440542293,0.1,52.0,3.0,,,
Karamoja,2020,first_season,maize,5,dummy_mean,raw,crop_centered,1.2175480596073385,2.251864589990565,2.0664785772522087,2.4053055087174147,-1.0343165303832267,0.0,-0.9390934540636642,5.442822634044795,3.1909580440542293,0.1,52.0,3.0,,,
Karamoja,2020,first_season,millet,5,dummy_mean,raw,crop_centered,0.2665642826776189,0.520021113119863,2.0664785772522087,0.6309719027500666,-0.2534568304422439,2.220446049250313e-16,-2.6709369309343662,3.7109791571740924,3.1909580440542293,0.1,52.0,3.0,,,
Karamoja,2020,first_season,rice,5,dummy_mean,raw,crop_centered,1.5488549025864504,1.6266468254621052,2.0664785772522087,1.611955233813348,-0.0777919228756545,2.220446049250313e-16,-1.5643112185921242,4.817604869516335,3.1909580440542293,0.1,52.0,3.0,,,
Karamoja,2020,first_season,simsim,5,dummy_mean,raw,crop_centered,0.2487265028776165,0.4109653657299802,2.0664785772522087,0.42646604553162476,-0.16223886285236355,1.6653345369377348e-16,-2.7799926783242492,3.6019234097842094,3.1909580440542293,0.1,52.0,3.0,,,
Karamoja,2020,first_season,sorghum,5,dummy_mean,raw,crop_centered,0.6347991969213849,1.2053489668025201,2.0664785772522087,1.3031889535170247,-0.570549769881135,2.220446049250313e-16,-1.9856090772517092,4.3963070108567495,3.1909580440542293,0.1,52.0,3.0,,,
Karamoja,2020,first_season,soya_beans,5,dummy_mean,raw,crop_centered,0.5697981563805337,3.233863091762095,2.0664785772522087,2.6171380251865526,-2.6640649353815613,0.0,0.04290504770786585,6.424821135816325,3.1909580440542293,0.1,52.0,3.0,,,
Karamoja,2020,second_season,groundnuts,5,dummy_mean,raw,crop_centered,0.1047330767226874,0.5689105977133552,2.0664785772522087,0.5656278431447842,-0.46417752099066756,2.220446049250313e-16,-2.6220474463408743,3.7598686417675844,3.1909580440542293,0.1,52.0,3.0,,,
Karamoja,2020,second_season,maize,5,dummy_mean,raw,crop_centered,7.244065383360269,2.251864589990565,2.0664785772522087,2.4053055087174147,4.992200793369704,0.0,-0.9390934540636642,5.442822634044795,3.1909580440542293,0.1,52.0,3.0,,,
Karamoja,2020,second_season,millet,5,dummy_mean,raw,crop_centered,0.349296866505584,0.520021113119863,2.0664785772522087,0.6309719027500666,-0.17072424661427876,2.220446049250313e-16,-2.6709369309343662,3.7109791571740924,3.1909580440542293,0.1,52.0,3.0,,,
Karamoja,2020,second_season,sorghum,5,dummy_mean,raw,crop_centered,2.480616112563021,1.2053489668025201,2.0664785772522087,1.3031889535170247,1.2752671457605012,2.220446049250313e-16,-1.9856090772517092,4.3963070108567495,3.1909580440542293,0.1,52.0,3.0,,,
Acholi,2020,first_season,beans,1,ridge,raw,crop_centered,0.8570862730857126,-0.07376229999819384,2.1075068827579884,0.7986540097128687,0.04870770997381679,-0.8821408631100897,-2.91718698993595,2.7696623899395627,2.8434246899377564,0.1,56.0,3.0,,,
Acholi,2020,first_season,groundnuts,1,ridge,raw,crop_centered,0.579730411471064,-0.3122755828946372,2.1075068827579884,0.5687183500759414,0.006510543794724044,-0.8854954505709771,-3.1557002728323935,2.5311491070431194,2.8434246899377564,0.1,56.0,3.0,,,
Acholi,2020,first_season,maize,1,ridge,raw,crop_centered,1.6268858066002263,1.9617696434418277,2.1075068827579884,2.7363424889537766,-1.2203792874125785,-0.8854954505709771,-0.8816550464959287,4.805194333379584,2.8434246899377564,0.1,56.0,3.0,,,
Acholi,2020,first_season,millet,1,ridge,raw,crop_centered,0.2602112569707439,-0.21257861084206742,2.1075068827579884,0.6354044224045948,-0.4082707696525939,-0.8810606374654052,-3.0560033007798237,2.630846079095689,2.8434246899377564,0.1,56.0,3.0,,,
Acholi,2020,first_season,rice,1,ridge,raw,crop_centered,1.8354492390020587,0.852880533090004,2.1075068827579884,1.7589076363956022,0.10709547858749491,-0.8754732273245598,-1.9905441568477524,3.6963052230277604,2.8434246899377564,0.1,56.0,3.0,,,
Acholi,2020,first_season,simsim,1,ridge,raw,crop_centered,0.2405641336366695,-0.48103835378941784,2.1075068827579884,0.3999465592781099,-0.15530020128265887,-0.8769026887087462,-3.3244630437271745,2.3623863361483384,2.8434246899377564,0.1,56.0,3.0,,,
Acholi,2020,first_season,sorghum,1,ridge,raw,crop_centered,0.7136992535711828,0.5461555661205648,2.1075068827579884,1.3246497888304674,-0.7179517631203591,-0.8854954505709771,-2.2972691238171916,3.3895802560583213,2.8434246899377564,0.1,56.0,3.0,,,
Acholi,2020,first_season,soya_beans,1,ridge,raw,crop_centered,1.0958248492916711,-0.3212058666678408,2.1075068827579884,2.930292181557787,0.5439777302591492,-0.8730529857003627,-3.164630556605597,2.522218823269916,2.8434246899377564,0.1,56.0,3.0,,,
Acholi,2020,first_season,sweet_potatoes,1,ridge,raw,crop_centered,7.360751879011887,4.380167001591965,2.1075068827579884,5.983658411491209,2.0968759264541275,-0.8837089509657945,1.5367423116542085,7.223591691529721,2.8434246899377564,0.1,56.0,3.0,,,
Acholi,2020,second_season,beans,1,ridge,raw,crop_centered,0.8791468943891129,0.8477336209050924,2.1075068827579884,0.7986540097128687,0.07076833127721704,0.03935505779319659,-1.995691069032664,3.691158310842849,2.8434246899377564,0.1,56.0,3.0,,,
Acholi,2020,second_season,groundnuts,1,ridge,raw,crop_centered,0.774283389787513,0.609220338008649,2.1075068827579884,0.5687183500759414,0.20106352211117307,0.03600047033230913,-2.2342043519291073,3.4526450279464056,2.8434246899377564,0.1,56.0,3.0,,,
Acholi,2020,second_season,maize,1,ridge,raw,crop_centered,1.9919193221111424,2.883265564345114,2.1075068827579884,2.7363424889537766,-0.8553457719016624,0.03600047033230913,0.03984087440735751,5.72669025428287,2.8434246899377564,0.1,56.0,3.0,,,
Acholi,2020,second_season,millet,1,ridge,raw,crop_centered,0.3783444913194841,0.7089173100612188,2.1075068827579884,0.6354044224045948,-0.29013753530385367,0.04043528343788105,-2.1345073798765375,3.5523419999989754,2.8434246899377564,0.1,56.0,3.0,,,
Acholi,2020,second_season,rice,1,ridge,raw,crop_centered,0.8047415933139703,1.7743764539932902,2.1075068827579884,1.7589076363956022,-0.9236121671005935,0.04602269357872646,-1.0690482359444662,4.617801143931047,2.8434246899377564,0.1,56.0,3.0,,,
Acholi,2020,second_season,simsim,1,ridge,raw,crop_centered,0.3592611565204056,0.4404575671138684,2.1075068827579884,0.3999465592781099,-0.0366031783989228,0.04459323219454003,-2.4029671228238882,3.2838822570516246,2.8434246899377564,0.1,56.0,3.0,,,
Acholi,2020,second_season,sorghum,1,ridge,raw,crop_centered,1.0529020128934117,1.467651487023851,2.1075068827579884,1.3246497888304674,-0.37874900379813026,0.03600047033230913,-1.3757732029139054,4.311076176961608,2.8434246899377564,0.1,56.0,3.0,,,
Acholi,2020,second_season,soya_beans,1,ridge,raw,crop_centered,0.8621074636111007,0.6002900542354455,2.1075068827579884,2.930292181557787,0.31026034457857876,0.04844293520292353,-2.2431346357023108,3.443714744173202,2.8434246899377564,0.1,56.0,3.0,,,
Acholi,2020,second_season,sweet_potatoes,1,ridge,raw,crop_centered,14.728567574673178,5.301662922495251,2.1075068827579884,5.983658411491209,9.464691622115419,0.037786969937491754,2.4582382325574947,8.145087612433008,2.8434246899377564,0.1,56.0,3.0,,,
North Buganda,2020,first_season,beans,1,ridge,raw,crop_centered,0.6433017110440628,0.8692845803367,2.1075068827579884,0.7986540097128687,-0.16507685206783307,0.060906017224804154,-1.9741401096010565,3.7127092702744564,2.8434246899377564,0.1,56.0,3.0,,,
North Buganda,2020,first_season,groundnuts,1,ridge,raw,crop_centered,0.4198664546099319,0.6307712974402567,2.1075068827579884,0.5687183500759414,-0.15335341306640804,0.057551429763916806,-2.2126533924975,3.474195987378013,2.8434246899377564,0.1,56.0,3.0,,,
North Buganda,2020,first_season,irish_potatoes,1,ridge,raw,crop_centered,3.149663292713082,4.476949643678969,2.1075068827579884,4.440832751461744,-1.2783790522621046,0.04890729870378241,1.6335249537412126,7.3203743336167255,2.8434246899377564,0.1,56.0,3.0,,,
North Buganda,2020,first_season,maize,1,ridge,raw,crop_centered,2.169407944352197,2.904816523776722,2.1075068827579884,2.7363424889537766,-0.6778571496606078,0.05755142976391703,0.061391833838965404,5.748241213714478,2.8434246899377564,0.1,56.0,3.0,,,
North Buganda,2020,first_season,millet,1,ridge,raw,crop_centered,0.493228260930458,0.7304682694928264,2.1075068827579884,0.6354044224045948,-0.17525376569287976,0.06198624286948862,-2.11295642044493,3.573892959430583,2.8434246899377564,0.1,56.0,3.0,,,
North Buganda,2020,first_season,rice,1,ridge,raw,crop_centered,1.0029754145357688,1.795927413424898,2.1075068827579884,1.7589076363956022,-0.725378345878795,0.06757365301033413,-1.0474972765128585,4.639352103362654,2.8434246899377564,0.1,56.0,3.0,,,
North Buganda,2020,first_season,simsim,1,ridge,raw,crop_centered,0.1854698986731419,0.462008526545476,2.1075068827579884,0.3999465592781099,-0.21039443624618648,0.0661441916261476,-2.3814161633922803,3.3054332164832325,2.8434246899377564,0.1,56.0,3.0,,,
North Buganda,2020,first_season,sorghum,1,ridge,raw,crop_centered,0.0988630737950738,1.4892024464554587,2.1075068827579884,1.3246497888304674,-1.3327879428964682,0.057551429763916806,-1.3542222434822977,4.332627136393215,2.8434246899377564,0.1,56.0,3.0,,,
North Buganda,2020,first_season,soya_beans,1,ridge,raw,crop_centered,0.4702301599548245,0.6218410136670531,2.1075068827579884,2.930292181557787,-0.08161695907769745,0.0699938946345312,-2.2215836762707033,3.4652657036048096,2.8434246899377564,0.1,56.0,3.0,,,
North Buganda,2020,first_season,sweet_potatoes,1,ridge,raw,crop_centered,2.687525566046792,5.323213881926859,2.1075068827579884,5.983658411491209,-2.5763503865109674,0.05933792936909921,2.479789191989102,8.166638571864615,2.8434246899377564,0.1,56.0,3.0,,,
North Buganda,2020,second_season,beans,1,ridge,raw,crop_centered,0.9823435270848496,1.0251055052850406,2.1075068827579884,0.7986540097128687,0.1739649639729538,0.2167269421731448,-1.8183191846527158,3.868530195222797,2.8434246899377564,0.1,56.0,3.0,,,
North Buganda,2020,second_season,groundnuts,1,ridge,raw,crop_centered,0.6052217822979895,0.7865922223885973,2.1075068827579884,0.5687183500759414,0.032001914621649585,0.21337235471225735,-2.0568324675491594,3.6300169123263535,2.8434246899377564,0.1,56.0,3.0,,,
North Buganda,2020,second_season,irish_potatoes,1,ridge,raw,crop_centered,6.482172439710905,4.6327705686273095,2.1075068827579884,4.440832751461744,2.0541300947357186,0.20472822365212284,1.789345878689553,7.476195258565066,2.8434246899377564,0.1,56.0,3.0,,,
North Buganda,2020,second_season,maize,1,ridge,raw,crop_centered,2.6867403311215865,3.0606374487250623,2.1075068827579884,2.7363424889537766,-0.1605247628912183,0.21337235471225746,0.21721275878730584,5.904062138662819,2.8434246899377564,0.1,56.0,3.0,,,
North Buganda,2020,second_season,millet,1,ridge,raw,crop_centered,0.7672214167665391,0.886289194441167,2.1075068827579884,0.6354044224045948,0.09873939014320132,0.21780716781782927,-1.9571354954965894,3.7297138843789233,2.8434246899377564,0.1,56.0,3.0,,,
North Buganda,2020,second_season,rice,1,ridge,raw,crop_centered,0.7664154644961585,1.9517483383732386,2.1075068827579884,1.7589076363956022,-0.9619382959184053,0.2233945779586748,-0.8916763515645179,4.795173028310995,2.8434246899377564,0.1,56.0,3.0,,,
North Buganda,2020,second_season,simsim,1,ridge,raw,crop_centered,1.0617776543409592,0.6178294514938165,2.1075068827579884,0.3999465592781099,0.6659133194216308,0.22196511657448814,-2.22559523844394,3.461254141431573,2.8434246899377564,0.1,56.0,3.0,,,
North Buganda,2020,second_season,sorghum,1,ridge,raw,crop_centered,3.8791100754366425,1.6450233714037994,2.1075068827579884,1.3246497888304674,2.4474590587451006,0.21337235471225746,-1.198401318533957,4.488448061341556,2.8434246899377564,0.1,56.0,3.0,,,
North Buganda,2020,second_season,soya_beans,1,ridge,raw,crop_centered,0.4386972792209299,0.7776619386153936,2.1075068827579884,2.930292181557787,-0.11314983981159205,0.22581481958287164,-2.065762751322363,3.62108662855315,2.8434246899377564,0.1,56.0,3.0,,,
North Buganda,2020,second_season,sweet_potatoes,1,ridge,raw,crop_centered,6.9509363188894655,5.479034806875199,2.1075068827579884,5.983658411491209,1.687060366331706,0.21515885431743964,2.6356101169374426,8.322459496812955,2.8434246899377564,0.1,56.0,3.0,,,
Teso,2020,first_season,beans,1,ridge,raw,crop_centered,0.4787820909269001,-0.15345592794421314,2.1075068827579884,0.7986540097128687,-0.3295964721849957,-0.961834491056109,-2.9968806178819696,2.6899687619935433,2.8434246899377564,0.1,56.0,3.0,,,
Teso,2020,first_season,groundnuts,1,ridge,raw,crop_centered,0.3687334249789069,-0.3919692108406564,2.1075068827579884,0.5687183500759414,-0.20448644269743305,-0.9651890785169963,-3.235393900778413,2.4514554790971,2.8434246899377564,0.1,56.0,3.0,,,
Teso,2020,first_season,maize,1,ridge,raw,crop_centered,1.3718829183654722,1.8820760154958085,2.1075068827579884,2.7363424889537766,-1.4753821756473326,-0.9651890785169963,-0.9613486744419479,4.725500705433565,2.8434246899377564,0.1,56.0,3.0,,,
Teso,2020,first_season,millet,1,ridge,raw,crop_centered,0.2266117956037198,-0.2922722387880867,2.1075068827579884,0.6354044224045948,-0.441870231019618,-0.9607542654114245,-3.135696928725843,2.5511524511496697,2.8434246899377564,0.1,56.0,3.0,,,
Teso,2020,first_season,rice,1,ridge,raw,crop_centered,1.3123638688539283,0.7731869051439848,2.1075068827579884,1.7589076363956022,-0.4159898915606355,-0.955166855270579,-2.070237784793772,3.616611595081741,2.8434246899377564,0.1,56.0,3.0,,,
Teso,2020,first_season,simsim,1,ridge,raw,crop_centered,0.3758526836726521,-0.5607319817354371,2.1075068827579884,0.3999465592781099,-0.020011651246676254,-0.9565963166547655,-3.4041566716731935,2.2826927082023194,2.8434246899377564,0.1,56.0,3.0,,,
Teso,2020,first_season,sorghum,1,ridge,raw,crop_centered,0.6439380500075159,0.4664619381745456,2.1075068827579884,1.3246497888304674,-0.787712966684026,-0.9651890785169963,-2.3769627517632106,3.3098866281123023,2.8434246899377564,0.1,56.0,3.0,,,
Teso,2020,first_season,soya_beans,1,ridge,raw,crop_centered,0.4286664418152572,-0.4008994946138601,2.1075068827579884,2.930292181557787,-0.12318067721726472,-0.952746613646382,-3.2443241845516164,2.4425251953238964,2.8434246899377564,0.1,56.0,3.0,,,
Teso,2020,first_season,sweet_potatoes,1,ridge,raw,crop_centered,2.3919434486183864,4.3004733736459455,2.1075068827579884,5.983658411491209,-2.871932503939373,-0.9634025789118139,1.457048683708189,7.143898063583702,2.8434246899377564,0.1,56.0,3.0,,,
Teso,2020,second_season,beans,1,ridge,raw,crop_centered,0.7279249098775472,0.5999063436882257,2.1075068827579884,0.7986540097128687,-0.08045365323434861,-0.2084722194236701,-2.2435183462495307,3.443331033625982,2.8434246899377564,0.1,56.0,3.0,,,
Teso,2020,second_season,groundnuts,1,ridge,raw,crop_centered,0.4313168954422955,0.36139306079178246,2.1075068827579884,0.5687183500759414,-0.1419029722340444,-0.21182680688455746,-2.482031629145974,3.204817750729539,2.8434246899377564,0.1,56.0,3.0,,,
Teso,2020,second_season,maize,1,ridge,raw,crop_centered,1.540156423059482,2.635438287128247,2.1075068827579884,2.7363424889537766,-1.3071086709533228,-0.21182680688455768,-0.2079864028095093,5.478862977066004,2.8434246899377564,0.1,56.0,3.0,,,
Teso,2020,second_season,millet,1,ridge,raw,crop_centered,0.3557264962514397,0.4610900328443522,2.1075068827579884,0.6354044224045948,-0.31275553037189807,-0.2073919937789856,-2.3823346570934043,3.3045147227821086,2.8434246899377564,0.1,56.0,3.0,,,
Teso,2020,second_season,rice,1,ridge,raw,crop_centered,1.0709719442643844,1.5265491767764237,2.1075068827579884,1.7589076363956022,-0.6573818161501794,-0.20180458363814013,-1.3168755131613328,4.36997386671418,2.8434246899377564,0.1,56.0,3.0,,,
Teso,2020,second_season,simsim,1,ridge,raw,crop_centered,0.6034722059137033,0.19263028989700176,2.1075068827579884,0.3999465592781099,0.20760787099437494,-0.20323404502232661,-2.6507944000407546,3.0360549798347582,2.8434246899377564,0.1,56.0,3.0,,,
Teso,2020,second_season,sorghum,1,ridge,raw,crop_centered,1.141258363083009,1.2198242098069845,2.1075068827579884,1.3246497888304674,-0.29039265360853284,-0.21182680688455746,-1.623600480130772,4.063248899744741,2.8434246899377564,0.1,56.0,3.0,,,
Teso,2020,second_season,soya_beans,1,ridge,raw,crop_centered,0.5653018244408415,0.3524627770185788,2.1075068827579884,2.930292181557787,0.013454705408319612,-0.19938434201394312,-2.4909619129191776,3.1958874669563353,2.8434246899377564,0.1,56.0,3.0,,,
Teso,2020,second_season,sweet_potatoes,1,ridge,raw,crop_centered,4.986556877001546,5.053835645278384,2.1075068827579884,5.983658411491209,-0.27731907555621316,-0.2100403072793755,2.2104109553406275,7.89726033521614,2.8434246899377564,0.1,56.0,3.0,,,
Elgon,2020,first_season,beans,2,ridge,raw,crop_centered,0.6700120852270204,2.1581632207078263,1.954636271112969,0.800459608567741,-0.14331541862611696,1.344835716854689,-1.136999589819692,5.453326031235345,3.2951628105275184,0.1,54.0,3.0,,,
Elgon,2020,first_season,groundnuts,2,ridge,raw,crop_centered,0.4950587775158489,1.864228614934691,1.954636271112969,0.5508650616816889,-0.027940870093157155,1.341228967325685,-1.4309341955928274,5.159391425462209,3.2951628105275184,0.1,54.0,3.0,,,
Elgon,2020,first_season,irish_potatoes,2,ridge,raw,crop_centered,4.522840340241605,5.0865478588671404,1.954636271112969,4.160319420588475,0.7473011345397857,1.3110086531653211,1.791385048339622,8.381710669394659,3.2951628105275184,0.1,54.0,3.0,,,
Elgon,2020,first_season,maize,2,ridge,raw,crop_centered,2.591624259545572,3.8934644142500616,1.954636271112969,2.445749569645221,0.03938881262119498,1.3412289673256845,0.5983016037225433,7.18862722477758,3.2951628105275184,0.1,54.0,3.0,,,
Elgon,2020,first_season,millet,2,ridge,raw,crop_centered,0.6858292042822013,1.8449897942093667,1.954636271112969,0.588523876879771,0.182068377398519,1.3412289673256845,-1.4501730163181517,5.140152604736885,3.2951628105275184,0.1,54.0,3.0,,,
Elgon,2020,first_season,rice,2,ridge,raw,crop_centered,2.403967673511646,3.0082791389289096,1.954636271112969,1.5849672137717488,0.7446349050156,1.3489463704328635,-0.2868836715986087,6.3034419494564276,3.2951628105275184,0.1,54.0,3.0,,,
Elgon,2020,first_season,simsim,2,ridge,raw,crop_centered,1.0133465202105196,1.7774191253118463,1.954636271112969,0.4194896280774281,0.6232016878027579,1.3872742929040847,-1.517743685215672,5.072581935839365,3.2951628105275184,0.1,54.0,3.0,,,
Elgon,2020,first_season,sorghum,2,ridge,raw,crop_centered,2.370934481096649,2.3561849836235904,1.954636271112969,1.1729743338682894,1.3559784647987434,1.341228967325685,-0.938977826903928,5.651347794151109,3.2951628105275184,0.1,54.0,3.0,,,
Elgon,2020,first_season,soya_beans,2,ridge,raw,crop_centered,0.5911363692957547,5.109046261784622,1.954636271112969,2.9108857754523334,-3.163039993330523,1.3548698991583437,1.8138834512571034,8.40420907231214,3.2951628105275184,0.1,54.0,3.0,,,
Elgon,2020,first_season,sweet_potatoes,2,ridge,raw,crop_centered,3.151255842827831,7.4696763221329165,1.954636271112969,5.708455116324331,-2.980191162811401,1.3382293164936847,4.174513511605398,10.764839132660434,3.2951628105275184,0.1,54.0,3.0,,,
Elgon,2020,second_season,beans,2,ridge,raw,crop_centered,0.653829971282899,3.5625422353649974,1.954636271112969,0.800459608567741,-0.15949753257023835,2.7492147315118602,0.267379424837479,6.857705045892516,3.2951628105275184,0.1,54.0,3.0,,,
Elgon,2020,second_season,groundnuts,2,ridge,raw,crop_centered,0.7530910039174339,3.268607629591862,1.954636271112969,0.5508650616816889,0.2300913563084278,2.745607981982856,-0.026555180935656342,6.563770440119381,3.2951628105275184,0.1,54.0,3.0,,,
Elgon,2020,second_season,irish_potatoes,2,ridge,raw,crop_centered,9.66384795722705,6.490926873524312,1.954636271112969,4.160319420588475,5.888308751525231,2.715387667822493,3.195764062996794,9.78608968405183,3.2951628105275184,0.1,54.0,3.0,,,
Elgon,2020,second_season,maize,2,ridge,raw,crop_centered,3.423349924580549,5.297843428907234,1.954636271112969,2.445749569645221,0.8711144776561719,2.7456079819828565,2.0026806183797152,8.593006239434752,3.2951628105275184,0.1,54.0,3.0,,,
Elgon,2020,second_season,rice,2,ridge,raw,crop_centered,0.9781169963836972,4.412658153586081,1.954636271112969,1.5849672137717488,-0.681215772112349,2.7533253850900348,1.1174953430585628,7.7078209641135995,3.2951628105275184,0.1,54.0,3.0,,,
Elgon,2020,second_season,simsim,2,ridge,raw,crop_centered,0.1853682631467308,3.1817981399690174,1.954636271112969,0.4194896280774281,-0.20477656926103097,2.7916533075612557,-0.11336467055850097,6.476960950496536,3.2951628105275184,0.1,54.0,3.0,,,
Elgon,2020,second_season,sorghum,2,ridge,raw,crop_centered,3.258267391159824,3.7605639982807615,1.954636271112969,1.1729743338682894,2.2433113748619187,2.745607981982856,0.46540118775324313,7.05572680880828,3.2951628105275184,0.1,54.0,3.0,,,
Elgon,2020,second_season,soya_beans,2,ridge,raw,crop_centered,0.4261906725861129,6.513425276441794,1.954636271112969,2.9108857754523334,-3.3279856900401654,2.7592489138155156,3.2182624659142753,9.808588086969312,3.2951628105275184,0.1,54.0,3.0,,,
Elgon,2020,second_season,sweet_potatoes,2,ridge,raw,crop_centered,3.5591777349294857,8.874055336790088,1.954636271112969,5.708455116324331,-2.572269270709746,2.742608331150856,5.578892526262569,12.169218147317606,3.2951628105275184,0.1,54.0,3.0,,,
Lango,2020,first_season,beans,2,ridge,raw,crop_centered,0.4538514483659436,0.5448760300259154,1.954636271112969,0.800459608567741,-0.35947605548719375,-0.2684514738272219,-2.750286780501603,3.840038840553434,3.2951628105275184,0.1,54.0,3.0,,,
Lango,2020,first_season,groundnuts,2,ridge,raw,crop_centered,0.3602760666772656,0.2509414242527799,1.954636271112969,0.5508650616816889,-0.1627235809317405,-0.2720582233562262,-3.0442213862747387,3.546104234780298,3.2951628105275184,0.1,54.0,3.0,,,
Lango,2020,first_season,maize,2,ridge,raw,crop_centered,1.5321273000173696,2.280177223568151,1.954636271112969,2.445749569645221,-1.0201081469070075,-0.2720582233562263,-1.0149855869593676,5.575340034095669,3.2951628105275184,0.1,54.0,3.0,,,
Lango,2020,first_season,millet,2,ridge,raw,crop_centered,0.3245909082180683,0.23170260352745609,1.954636271112969,0.588523876879771,-0.179169918665614,-0.2720582233562262,-3.0634602070000625,3.5268654140549742,3.2951628105275184,0.1,54.0,3.0,,,
Lango,2020,first_season,rice,2,ridge,raw,crop_centered,1.0257917523061892,1.3949919482469988,1.954636271112969,1.5849672137717488,-0.6335410161898569,-0.26434082024904737,-1.9001708622805196,4.690154758774517,3.2951628105275184,0.1,54.0,3.0,,,
Lango,2020,first_season,simsim,2,ridge,raw,crop_centered,0.3598602384189452,0.16413193462993558,1.954636271112969,0.4194896280774281,-0.030284593988816555,-0.22601289777782618,-3.131030875897583,3.459294745157454,3.2951628105275184,0.1,54.0,3.0,,,
Lango,2020,first_season,sorghum,2,ridge,raw,crop_centered,0.5398912763008505,0.7428977929416792,1.954636271112969,1.1729743338682894,-0.4750647399970549,-0.2720582233562262,-2.5522650175858392,4.038060603469198,3.2951628105275184,0.1,54.0,3.0,,,
Lango,2020,first_season,soya_beans,2,ridge,raw,crop_centered,0.6956216106623382,3.495759071102711,1.954636271112969,2.9108857754523334,-3.05855475196394,-0.2584172915235672,0.20059626057519253,6.790921881630229,3.2951628105275184,0.1,54.0,3.0,,,
Lango,2020,first_season,sweet_potatoes,2,ridge,raw,crop_centered,4.627154243214652,5.856389131451006,1.954636271112969,5.708455116324331,-1.5042927624245799,-0.27505787418822614,2.5612263209234873,9.151551941978525,3.2951628105275184,0.1,54.0,3.0,,,
Lango,2020,second_season,beans,2,ridge,raw,crop_centered,0.9979898086925608,0.94196256335714,1.954636271112969,0.800459608567741,0.18466230483942347,0.12863505950400267,-2.3532002471703786,4.237125373884658,3.2951628105275184,0.1,54.0,3.0,,,
Lango,2020,second_season,groundnuts,2,ridge,raw,crop_centered,0.6658246650132922,0.6480279575840043,1.954636271112969,0.5508650616816889,0.1428250174042861,0.12502830997499825,-2.647134852943514,3.943190768111523,3.2951628105275184,0.1,54.0,3.0,,,
Lango,2020,second_season,maize,2,ridge,raw,crop_centered,2.9489717758099068,2.677263756899375,1.954636271112969,2.445749569645221,0.3967363288855297,0.12502830997499803,-0.6178990536281432,5.9724265674268935,3.2951628105275184,0.1,54.0,3.0,,,
Lango,2020,second_season,millet,2,ridge,raw,crop_centered,0.359162009295794,0.6287891368586807,1.954636271112969,0.588523876879771,-0.14459881758788828,0.12502830997499836,-2.6663736736688377,3.923951947386199,3.2951628105275184,0.1,54.0,3.0,,,
Lango,2020,second_season,rice,2,ridge,raw,crop_centered,1.516949718283846,1.7920784815782231,1.954636271112969,1.5849672137717488,-0.1423830502122001,0.13274571308217697,-1.5030843289492952,5.087241292105741,3.2951628105275184,0.1,54.0,3.0,,,
Lango,2020,second_season,simsim,2,ridge,raw,crop_centered,0.4067343534390761,0.56121846796116,1.954636271112969,0.4194896280774281,0.016589521031314336,0.17107363555339827,-2.7339443425663585,3.856381278488678,3.2951628105275184,0.1,54.0,3.0,,,
Lango,2020,second_season,sorghum,2,ridge,raw,crop_centered,2.142946828492448,1.1399843262729037,1.954636271112969,1.1729743338682894,1.1279908121945428,0.12502830997499825,-2.1551784842546144,4.435147136800422,3.2951628105275184,0.1,54.0,3.0,,,
Lango,2020,second_season,soya_beans,2,ridge,raw,crop_centered,1.5236675808652385,3.8928456044339352,1.954636271112969,2.9108857754523334,-2.2305087817610394,0.13866924180765716,0.5976827939064169,7.188008414961454,3.2951628105275184,0.1,54.0,3.0,,,
Lango,2020,second_season,sweet_potatoes,2,ridge,raw,crop_centered,14.045356396131783,6.25347566478223,1.954636271112969,5.708455116324331,7.9139093904925515,0.12202865914299821,2.9583128542547117,9.548638475309748,3.2951628105275184,0.1,54.0,3.0,,,
Tooro,2020,first_season,beans,2,ridge,raw,crop_centered,0.5714159022282193,0.8494311880834531,1.954636271112969,0.800459608567741,-0.2419116016249181,0.036103684230315736,-2.4457316224440655,4.144593998610971,3.2951628105275184,0.1,54.0,3.0,,,
Tooro,2020,first_season,groundnuts,2,ridge,raw,crop_centered,0.4788089757102604,0.5554965823103175,1.954636271112969,0.5508650616816889,-0.044190671898745704,0.03249693470131143,-2.739666228217201,3.850659392837836,3.2951628105275184,0.1,54.0,3.0,,,
Tooro,2020,first_season,irish_potatoes,2,ridge,raw,crop_centered,2.602443195405729,3.7778158262427675,1.954636271112969,4.160319420588475,-1.1730960102960903,0.0022766205409481266,0.4826530157152491,7.072978636770285,3.2951628105275184,0.1,54.0,3.0,,,
Tooro,2020,first_season,maize,2,ridge,raw,crop_centered,3.0038294115831783,2.5847323816256886,1.954636271112969,2.445749569645221,0.4515939646588012,0.03249693470131154,-0.7104304289018297,5.8798951921532066,3.2951628105275184,0.1,54.0,3.0,,,
Tooro,2020,first_season,millet,2,ridge,raw,crop_centered,0.4632153663470989,0.5362577615849937,1.954636271112969,0.588523876879771,-0.040545460536583366,0.03249693470131143,-2.7589050489425246,3.831420572112512,3.2951628105275184,0.1,54.0,3.0,,,
Tooro,2020,first_season,rice,2,ridge,raw,crop_centered,1.3679142770311534,1.6995471063045364,1.954636271112969,1.5849672137717488,-0.29141849146489274,0.040214337808490264,-1.595615704222982,4.994709916832055,3.2951628105275184,0.1,54.0,3.0,,,
Tooro,2020,first_season,simsim,2,ridge,raw,crop_centered,0.2778595226860031,0.4686870926874732,1.954636271112969,0.4194896280774281,-0.11228530972175865,0.07854226027971145,-2.826475717840045,3.7638499032149917,3.2951628105275184,0.1,54.0,3.0,,,
Tooro,2020,first_season,sorghum,2,ridge,raw,crop_centered,0.5962480462055857,1.047452950999217,1.954636271112969,1.1729743338682894,-0.41870797009231975,0.03249693470131154,-2.2477098595283014,4.342615761526735,3.2951628105275184,0.1,54.0,3.0,,,
Tooro,2020,first_season,soya_beans,2,ridge,raw,crop_centered,0.4113045140407508,3.8003142291602487,1.954636271112969,2.9108857754523334,-3.3428718485855273,0.04613786653397067,0.5051514186327304,7.095477039687767,3.2951628105275184,0.1,54.0,3.0,,,
Tooro,2020,first_season,sweet_potatoes,2,ridge,raw,crop_centered,2.031705860523254,6.160944289508543,1.954636271112969,5.708455116324331,-4.099741145115978,0.029497283869311275,2.8657814789810248,9.45610710003606,3.2951628105275184,0.1,54.0,3.0,,,
Tooro,2020,second_season,beans,2,ridge,raw,crop_centered,1.1835686146592244,1.7351852442015254,1.954636271112969,0.800459608567741,0.370241110806087,0.9218577403483881,-1.559977566325993,5.030348054729044,3.2951628105275184,0.1,54.0,3.0,,,
Tooro,2020,second_season,groundnuts,2,ridge,raw,crop_centered,0.8188652144271537,1.4412506384283899,1.954636271112969,0.5508650616816889,0.2958655668181476,0.9182509908193838,-1.8539121720991285,4.736413448955908,3.2951628105275184,0.1,54.0,3.0,,,
Tooro,2020,second_season,irish_potatoes,2,ridge,raw,crop_centered,5.09052971295232,4.66356988236084,1.954636271112969,4.160319420588475,1.314990507250501,0.8880306766590209,1.3684070718333219,7.958732692888359,3.2951628105275184,0.1,54.0,3.0,,,
Tooro,2020,second_season,maize,2,ridge,raw,crop_centered,4.280134298861752,3.4704864377437605,1.954636271112969,2.445749569645221,1.7278988519373746,0.9182509908193834,0.17532362721624217,6.765649248271279,3.2951628105275184,0.1,54.0,3.0,,,
Tooro,2020,second_season,millet,2,ridge,raw,crop_centered,1.0445138088407484,1.422011817703066,1.954636271112969,0.588523876879771,0.5407529819570661,0.9182509908193838,-1.8731509928244523,4.717174628230584,3.2951628105275184,0.1,54.0,3.0,,,
Tooro,2020,second_season,rice,2,ridge,raw,crop_centered,2.631104714179096,2.585301162422609,1.954636271112969,1.5849672137717488,0.9717719456830498,0.9259683939265628,-0.7098616481049094,5.880463972950127,3.2951628105275184,0.1,54.0,3.0,,,
Tooro,2020,second_season,simsim,2,ridge,raw,crop_centered,0.3096258716658019,1.3544411488055457,1.954636271112969,0.4194896280774281,-0.08051896074195986,0.9642963163977839,-1.9407216617219727,4.649603959333064,3.2951628105275184,0.1,54.0,3.0,,,
Tooro,2020,second_season,sorghum,2,ridge,raw,crop_centered,1.958342814699392,1.9332070071172893,1.954636271112969,1.1729743338682894,0.9433867984014865,0.9182509908193839,-1.361955803410229,5.228369817644808,3.2951628105275184,0.1,54.0,3.0,,,
Tooro,2020,second_season,soya_beans,2,ridge,raw,crop_centered,0.5816289868880459,4.686068285278321,1.954636271112969,2.9108857754523334,-3.1725473757382323,0.9318919226520426,1.3909054747508023,7.981231095805839,3.2951628105275184,0.1,54.0,3.0,,,
Tooro,2020,second_season,sweet_potatoes,2,ridge,raw,crop_centered,17.19569748995181,7.046698345626616,1.954636271112969,5.708455116324331,11.06425048431258,0.9152513399873845,3.751535535099098,10.341861156154135,3.2951628105275184,0.1,54.0,3.0,,,
Ankole,2020,first_season,beans,3,ridge,raw,crop_centered,0.7107039593083359,-0.3638495152184402,2.0662856437501507,0.7992436624389453,-0.09792415942902111,-1.1724776339557972,-2.7662607968195445,2.0385617663826636,2.402411281601104,0.1,52.0,3.0,,,
Ankole,2020,first_season,groundnuts,3,ridge,raw,crop_centered,0.4892093570559104,-0.6078525533734876,2.0662856437501507,0.5683245101391033,-0.07665064920057174,-1.1737125596299698,-3.010263834974592,1.7945587282276163,2.402411281601104,0.1,52.0,3.0,,,
Ankole,2020,first_season,irish_potatoes,3,ridge,raw,crop_centered,2.6066656470507263,3.757500733636774,2.0662856437501507,4.967854759378325,-2.3459916973009474,-1.1951566107148999,1.3550894520356698,6.159912015237878,2.402411281601104,0.1,52.0,3.0,,,
Ankole,2020,first_season,maize,3,ridge,raw,crop_centered,2.2911775934330265,1.626561384443746,2.0662856437501507,2.5683997769092572,-0.5090963506406894,-1.1737125596299698,-0.775849897157358,4.02897266604485,2.402411281601104,0.1,52.0,3.0,,,
Ankole,2020,first_season,millet,3,ridge,raw,crop_centered,1.2807764204080456,-0.6558896024337236,2.0662856437501507,0.49735850693119044,0.7670610166706947,-1.1696050061710745,-3.0583008840348276,1.7465216791673805,2.402411281601104,0.1,52.0,3.0,,,
Ankole,2020,first_season,sorghum,3,ridge,raw,crop_centered,0.660753068253978,0.2643423499248061,2.0662856437501507,1.4121707856008021,-0.7773018413007979,-1.1737125596299698,-2.138068931676298,2.66675363152591,2.402411281601104,0.1,52.0,3.0,,,
Ankole,2020,first_season,soya_beans,3,ridge,raw,crop_centered,0.3377821773864262,2.336502200747575,2.0662856437501507,2.823781736252928,-3.171282715614504,-1.1725626922533552,-0.0659090808535292,4.7389134823486785,2.402411281601104,0.1,52.0,3.0,,,
Ankole,2020,first_season,sweet_potatoes,3,ridge,raw,crop_centered,4.329712242698299,4.979794906203393,2.0662856437501507,6.104335473351614,-1.8291695226381899,-1.1790868591330952,2.577383624602289,7.382206187804497,2.402411281601104,0.1,52.0,3.0,,,
Ankole,2020,second_season,beans,3,ridge,raw,crop_centered,1.3411688832335629,1.9377324439465544,2.0662856437501507,0.7992436624389453,0.5325407644962059,1.1291043252091975,-0.46467883765454965,4.340143725547659,2.402411281601104,0.1,52.0,3.0,,,
Ankole,2020,second_season,groundnuts,3,ridge,raw,crop_centered,0.556144731073507,1.6937294057915069,2.0662856437501507,0.5683245101391033,-0.009715275182975103,1.1278693995350246,-0.7086818758095972,4.0961406873926105,2.402411281601104,0.1,52.0,3.0,,,
Ankole,2020,second_season,irish_potatoes,3,ridge,raw,crop_centered,4.840624253728912,6.059082692801768,2.0662856437501507,4.967854759378325,-0.11203309062276201,1.1064253484500943,3.656671411200664,8.461493974402872,2.402411281601104,0.1,52.0,3.0,,,
Ankole,2020,second_season,maize,3,ridge,raw,crop_centered,4.746403988018382,3.928143343608741,2.0662856437501507,2.5683997769092572,1.9461300439446658,1.127869399535025,1.525732062007637,6.330554625209845,2.402411281601104,0.1,52.0,3.0,,,
Ankole,2020,second_season,millet,3,ridge,raw,crop_centered,0.7193080425140036,1.6456923567312711,2.0662856437501507,0.49735850693119044,0.20559263877665268,1.13197695299392,-0.7567189248698329,4.048103638332375,2.402411281601104,0.1,52.0,3.0,,,
Ankole,2020,second_season,sorghum,3,ridge,raw,crop_centered,1.8183667473252825,2.5659243090898007,2.0662856437501507,1.4121707856008021,0.3803118377705066,1.1278693995350249,0.16351302748869667,4.968335590690905,2.402411281601104,0.1,52.0,3.0,,,
Ankole,2020,second_season,sweet_potatoes,3,ridge,raw,crop_centered,7.086512596688682,7.2813768653683875,2.0662856437501507,6.104335473351614,0.9276308313521939,1.122495100031899,4.878965583767283,9.68378814696949,2.402411281601104,0.1,52.0,3.0,,,
Bukedi,2020,first_season,beans,3,ridge,raw,crop_centered,0.5175817230094646,0.5307156888070574,2.0662856437501507,0.7992436624389453,-0.29104639572789237,-0.2779124299302995,-1.8716955927940466,2.9331269704081615,2.402411281601104,0.1,52.0,3.0,,,
Bukedi,2020,first_season,groundnuts,3,ridge,raw,crop_centered,0.4770632662036267,0.28671265065201,2.0662856437501507,0.5683245101391033,-0.08879674005285543,-0.2791473556044721,-2.115698630949094,2.689123932253114,2.402411281601104,0.1,52.0,3.0,,,
Bukedi,2020,first_season,maize,3,ridge,raw,crop_centered,1.5470171390615697,2.5211265884692438,2.0662856437501507,2.5683997769092572,-1.2532568050121462,-0.2791473556044721,0.11871530686813969,4.923537870070348,2.402411281601104,0.1,52.0,3.0,,,
Bukedi,2020,first_season,millet,3,ridge,raw,crop_centered,0.4272092427017133,0.23867560159177414,2.0662856437501507,0.49735850693119044,-0.08650616103563763,-0.2750398021455768,-2.1637356800093297,2.6410868831928784,2.402411281601104,0.1,52.0,3.0,,,
Bukedi,2020,first_season,rice,3,ridge,raw,crop_centered,1.3882164630489435,1.3353266650991138,2.0662856437501507,1.63417854787639,-0.2251076902780278,-0.2779974882278575,-1.0670846165019903,3.737737946700218,2.402411281601104,0.1,52.0,3.0,,,
Bukedi,2020,first_season,simsim,3,ridge,raw,crop_centered,0.3317125177589506,0.19929740934357207,2.0662856437501507,0.4267172973635351,-0.1151090367034171,-0.24752414511879564,-2.203113872257532,2.601708690944676,2.402411281601104,0.1,52.0,3.0,,,
Bukedi,2020,first_season,sorghum,3,ridge,raw,crop_centered,0.5913910230747661,1.1589075539503038,2.0662856437501507,1.4121707856008021,-0.8466638864800098,-0.2791473556044721,-1.2435037276508003,3.5613188355514076,2.402411281601104,0.1,52.0,3.0,,,
Bukedi,2020,first_season,soya_beans,3,ridge,raw,crop_centered,0.4175993889818736,3.2310674047730727,2.0662856437501507,2.823781736252928,-3.0914655040190566,-0.2779974882278573,0.8286561231719687,5.633478686374177,2.402411281601104,0.1,52.0,3.0,,,
Bukedi,2020,first_season,sweet_potatoes,3,ridge,raw,crop_centered,2.6225674475211567,5.87436011022889,2.0662856437501507,6.104335473351614,-3.536314317815332,-0.2845216551075982,3.471948828627786,8.276771391829994,2.402411281601104,0.1,52.0,3.0,,,
Bukedi,2020,second_season,beans,3,ridge,raw,crop_centered,0.7056484947012807,-0.09560123810974264,2.0662856437501507,0.7992436624389453,-0.1029796240360763,-0.9042293568470996,-2.498012519710847,2.306810043491361,2.402411281601104,0.1,52.0,3.0,,,
Bukedi,2020,second_season,groundnuts,3,ridge,raw,crop_centered,0.5641103408681046,-0.33960427626479006,2.0662856437501507,0.5683245101391033,-0.0017496653883775082,-0.9054642825212722,-2.7420155578658942,2.062807005336314,2.402411281601104,0.1,52.0,3.0,,,
Bukedi,2020,second_season,maize,3,ridge,raw,crop_centered,2.5941966847486744,1.8948096615524437,2.0662856437501507,2.5683997769092572,-0.2060772593250415,-0.9054642825212722,-0.5076016200486604,4.2972209431535475,2.402411281601104,0.1,52.0,3.0,,,
Bukedi,2020,second_season,millet,3,ridge,raw,crop_centered,2.0388508171880413,-0.38764132532502593,2.0662856437501507,0.49735850693119044,1.5251354134506903,-0.9013567290623768,-2.79005260692613,2.014769956276078,2.402411281601104,0.1,52.0,3.0,,,
Bukedi,2020,second_season,rice,3,ridge,raw,crop_centered,1.4277627442802343,0.7090097381823139,2.0662856437501507,1.63417854787639,-0.185561409046737,-0.9043144151446574,-1.6934015434187901,3.111421019783418,2.402411281601104,0.1,52.0,3.0,,,
Bukedi,2020,second_season,simsim,3,ridge,raw,crop_centered,0.3924463982333242,-0.427019517573228,2.0662856437501507,0.4267172973635351,-0.054375156229043486,-0.8738410720355957,-2.829430799174332,1.9753917640278762,2.402411281601104,0.1,52.0,3.0,,,
Bukedi,2020,second_season,sorghum,3,ridge,raw,crop_centered,0.8805407710527358,0.5325906270335037,2.0662856437501507,1.4121707856008021,-0.5575141385020401,-0.9054642825212722,-1.8698206545676004,2.9350019086346077,2.402411281601104,0.1,52.0,3.0,,,
Bukedi,2020,second_season,soya_beans,3,ridge,raw,crop_centered,0.8286553858983726,2.6047504778562725,2.0662856437501507,2.823781736252928,-2.6804095071025573,-0.9043144151446576,0.20233919625516839,5.007161759457377,2.402411281601104,0.1,52.0,3.0,,,
Bukedi,2020,second_season,sweet_potatoes,3,ridge,raw,crop_centered,6.335755329287477,5.248043183312091,2.0662856437501507,6.104335473351614,0.17687356395098863,-0.9108385820243976,2.845631901710987,7.650454464913195,2.402411281601104,0.1,52.0,3.0,,,
West Nile,2020,first_season,beans,3,ridge,raw,crop_centered,0.5251432400895707,0.06054186471911793,2.0662856437501507,0.7992436624389453,-0.28348487864778626,-0.748086254018239,-2.3418694168819862,2.462953146320222,2.402411281601104,0.1,52.0,3.0,,,
West Nile,2020,first_season,groundnuts,3,ridge,raw,crop_centered,0.4055485017270916,-0.1834611734359295,2.0662856437501507,0.5683245101391033,-0.16031150452939052,-0.7493211796924116,-2.5858724550370336,2.2189501081651746,2.402411281601104,0.1,52.0,3.0,,,
West Nile,2020,first_season,irish_potatoes,3,ridge,raw,crop_centered,1.4211566881060225,4.181892113574332,2.0662856437501507,4.967854759378325,-3.531500656245651,-0.770765230777342,1.7794808319732276,6.584303395175436,2.402411281601104,0.1,52.0,3.0,,,
West Nile,2020,first_season,maize,3,ridge,raw,crop_centered,1.2660956469166913,2.050952764381304,2.0662856437501507,2.5683997769092572,-1.5341782971570246,-0.7493211796924117,-0.3514585172197999,4.453364045982408,2.402411281601104,0.1,52.0,3.0,,,
West Nile,2020,first_season,millet,3,ridge,raw,crop_centered,0.2167646962160385,-0.23149822249616536,2.0662856437501507,0.49735850693119044,-0.2969507075213124,-0.7452136262335163,-2.6339095040972693,2.170913059104939,2.402411281601104,0.1,52.0,3.0,,,
West Nile,2020,first_season,rice,3,ridge,raw,crop_centered,1.4018188844017143,0.8651528410111744,2.0662856437501507,1.63417854787639,-0.211505268925257,-0.7481713123157969,-1.5372584405899297,3.2675641226122787,2.402411281601104,0.1,52.0,3.0,,,
West Nile,2020,first_season,simsim,3,ridge,raw,crop_centered,0.4766810107273866,-0.2708764147443674,2.0662856437501507,0.4267172973635351,0.029859456265018902,-0.7176979692067351,-2.6732876963454713,2.131534866856737,2.402411281601104,0.1,52.0,3.0,,,
West Nile,2020,first_season,sorghum,3,ridge,raw,crop_centered,0.391054248417342,0.6887337298623643,2.0662856437501507,1.4121707856008021,-1.0470006611374338,-0.7493211796924116,-1.7136775517387397,3.0911450114634684,2.402411281601104,0.1,52.0,3.0,,,
West Nile,2020,first_season,soya_beans,3,ridge,raw,crop_centered,0.8717117441917551,2.760893580685133,2.0662856437501507,2.823781736252928,-2.637353148809175,-0.7481713123157969,0.35848229908402907,5.163304862286237,2.402411281601104,0.1,52.0,3.0,,,
West Nile,2020,first_season,sweet_potatoes,3,ridge,raw,crop_centered,5.41252141626667,5.404186286140951,2.0662856437501507,6.104335473351614,-0.7463603490698185,-0.7546954791955374,3.001775004539847,7.806597567742055,2.402411281601104,0.1,52.0,3.0,,,
West Nile,2020,second_season,beans,3,ridge,raw,crop_centered,0.7559563988183644,0.40702799260403555,2.0662856437501507,0.7992436624389453,-0.052671719918992554,-0.4016001261333214,-1.9953832889970684,2.8094392742051397,2.402411281601104,0.1,52.0,3.0,,,
West Nile,2020,second_season,groundnuts,3,ridge,raw,crop_centered,0.6957406402698985,0.163024954448988,2.0662856437501507,0.5683245101391033,0.12988063401341632,-0.4028350518074941,-2.239386327152116,2.565436236050092,2.402411281601104,0.1,52.0,3.0,,,
West Nile,2020,second_season,irish_potatoes,3,ridge,raw,crop_centered,3.3207905514628413,4.528378241459249,2.0662856437501507,4.967854759378325,-1.6318667928888324,-0.42427910289242465,2.125966959858145,6.930789523060353,2.402411281601104,0.1,52.0,3.0,,,
West Nile,2020,second_season,maize,3,ridge,raw,crop_centered,2.6368413584111803,2.397438892266222,2.0662856437501507,2.5683997769092572,-0.1634325856625356,-0.4028350518074939,-0.004972389334882088,4.799850173867326,2.402411281601104,0.1,52.0,3.0,,,
West Nile,2020,second_season,millet,3,ridge,raw,crop_centered,0.6973987237560337,0.11498790538875214,2.0662856437501507,0.49735850693119044,0.18368332001868282,-0.3987274983485988,-2.287423376212352,2.517399186989856,2.402411281601104,0.1,52.0,3.0,,,
West Nile,2020,second_season,rice,3,ridge,raw,crop_centered,1.5518859303284125,1.211638968896092,2.0662856437501507,1.63417854787639,-0.061438222998558834,-0.4016851844308793,-1.190772312705012,3.614050250497196,2.402411281601104,0.1,52.0,3.0,,,
West Nile,2020,second_season,simsim,3,ridge,raw,crop_centered,0.3973328781148473,0.0756097131405501,2.0662856437501507,0.4267172973635351,-0.04948867634752041,-0.3712118413218176,-2.326801568460554,2.4780209947416543,2.402411281601104,0.1,52.0,3.0,,,
West Nile,2020,second_season,sorghum,3,ridge,raw,crop_centered,1.2622030417153625,1.0352198577472818,2.0662856437501507,1.4121707856008021,-0.17585186783941342,-0.4028350518074941,-1.3671914238538223,3.437631139348386,2.402411281601104,0.1,52.0,3.0,,,
West Nile,2020,second_season,soya_beans,3,ridge,raw,crop_centered,0.6049960464155939,3.1073797085700505,2.0662856437501507,2.823781736252928,-2.904068846585336,-0.4016851844308795,0.7049684269689465,5.509790990171155,2.402411281601104,0.1,52.0,3.0,,,
West Nile,2020,second_season,sweet_potatoes,3,ridge,raw,crop_centered,10.90567139457088,5.7506724140258685,2.0662856437501507,6.104335473351614,4.746789629234392,-0.40820935131062,3.3482611324247644,8.153083695626972,2.402411281601104,0.1,52.0,3.0,,,
Busoga,2020,first_season,beans,4,ridge,raw,crop_centered,0.6401206168693182,0.7973164632115785,1.8016671470305063,0.7725881369501938,-0.12334828664293962,0.03384755969932063,-2.445067435428131,4.039700361851288,3.2423838986397095,0.1,58.0,3.0,,,
Busoga,2020,first_season,groundnuts,4,ridge,raw,crop_centered,0.3322482939632105,0.549149374485812,1.8016671470305063,0.5479446238104857,-0.18661449293914606,0.030286587583455482,-2.6932345241538975,3.7915332731255216,3.2423838986397095,0.1,58.0,3.0,,,
Busoga,2020,first_season,maize,4,ridge,raw,crop_centered,1.5222384603844508,2.73667731105152,1.8016671470305063,2.6412707918169636,-1.1841522630836137,0.030286587583455482,-0.5057065875881896,5.9790612096912295,3.2423838986397095,0.1,58.0,3.0,,,
Busoga,2020,first_season,millet,4,ridge,raw,crop_centered,0.6572884828877947,0.6355337896147374,1.8016671470305063,0.5738783706046435,0.05788865360463702,0.03613396033157967,-2.6068501090249723,3.877917688254447,3.2423838986397095,0.1,58.0,3.0,,,
Busoga,2020,first_season,rice,4,ridge,raw,crop_centered,1.4797729580148753,1.3831873256834093,1.8016671470305063,1.4257179867225263,0.13394779574782945,0.03736216341636345,-1.8591965729563003,4.625571224323119,3.2423838986397095,0.1,58.0,3.0,,,
Busoga,2020,first_season,simsim,4,ridge,raw,crop_centered,0.3994351113633946,0.509497235237009,1.8016671470305063,0.42925700279116347,-0.07267334504409112,0.03738877882952324,-2.7328866634027005,3.7518811338767186,3.2423838986397095,0.1,58.0,3.0,,,
Busoga,2020,first_season,sorghum,4,ridge,raw,crop_centered,0.6036980012037914,1.4941486155664117,1.8016671470305063,1.3361928120558897,-0.8601640267791648,0.030286587583455482,-1.748235283073298,4.736532514206122,3.2423838986397095,0.1,58.0,3.0,,,
Busoga,2020,first_season,soya_beans,4,ridge,raw,crop_centered,0.4333391184708587,0.6587647564785942,1.8016671470305063,0.6555232704687651,-0.18686743902459746,0.03855819898313806,-2.5836191421611154,3.9011486551183037,3.2423838986397095,0.1,58.0,3.0,,,
Busoga,2020,first_season,sweet_potatoes,4,ridge,raw,crop_centered,3.4113171715767456,5.245556441298866,1.8016671470305063,6.5300697168629425,-1.800574165727625,0.03366510399449485,2.003172542659156,8.487940339938575,3.2423838986397095,0.1,58.0,3.0,,,
Busoga,2020,second_season,beans,4,ridge,raw,crop_centered,0.8018694899438293,1.3221991997834066,1.8016671470305063,0.7725881369501938,0.038400586431571515,0.5587302962711488,-1.920184698856303,4.564583098423116,3.2423838986397095,0.1,58.0,3.0,,,
Busoga,2020,second_season,groundnuts,4,ridge,raw,crop_centered,0.4062549460293829,1.0740321110576403,1.8016671470305063,0.5479446238104857,-0.11260784087297365,0.5551693241552837,-2.1683517875820693,4.31641600969735,3.2423838986397095,0.1,58.0,3.0,,,
Busoga,2020,second_season,maize,4,ridge,raw,crop_centered,1.7237131684916815,3.261560047623348,1.8016671470305063,2.6412707918169636,-0.9826775549763829,0.5551693241552837,0.01917614898363862,6.503943946263058,3.2423838986397095,0.1,58.0,3.0,,,
Busoga,2020,second_season,millet,4,ridge,raw,crop_centered,0.2369138654637815,1.1604165261865655,1.8016671470305063,0.5738783706046435,-0.36248596381937626,0.5610166969034078,-2.081967372453144,4.402800424826275,3.2423838986397095,0.1,58.0,3.0,,,
Busoga,2020,second_season,rice,4,ridge,raw,crop_centered,2.088480457936548,1.9080700622552376,1.8016671470305063,1.4257179867225263,0.7426552956695021,0.5622448999881917,-1.334313836384472,5.150453960894947,3.2423838986397095,0.1,58.0,3.0,,,
Busoga,2020,second_season,simsim,4,ridge,raw,crop_centered,0.2995884010467337,1.0343799718088371,1.8016671470305063,0.42925700279116347,-0.17252005536075204,0.5622715154013513,-2.208003926830872,4.276763870448547,3.2423838986397095,0.1,58.0,3.0,,,
Busoga,2020,second_season,sorghum,4,ridge,raw,crop_centered,0.6561084833674863,2.01903135213824,1.8016671470305063,1.3361928120558897,-0.8077535446154699,0.5551693241552837,-1.2233525465014696,5.261415250777949,3.2423838986397095,0.1,58.0,3.0,,,
Busoga,2020,second_season,soya_beans,4,ridge,raw,crop_centered,0.5938545772757312,1.1836474930504224,1.8016671470305063,0.6555232704687651,-0.026351980219724958,0.5634409355549662,-2.058736405589287,4.426031391690132,3.2423838986397095,0.1,58.0,3.0,,,
Busoga,2020,second_season,sweet_potatoes,4,ridge,raw,crop_centered,4.046477355605773,5.770439177870694,1.8016671470305063,6.5300697168629425,-1.165413981698598,0.5585478405663231,2.5280552792309843,9.012823076510404,3.2423838986397095,0.1,58.0,3.0,,,
Kigezi,2020,first_season,beans,4,ridge,raw,crop_centered,0.6821726355797036,0.25030086758492887,1.8016671470305063,0.7725881369501938,-0.08129626793255418,-0.513168035927329,-2.9920830310547806,3.4926847662246385,3.2423838986397095,0.1,58.0,3.0,,,
Kigezi,2020,first_season,groundnuts,4,ridge,raw,crop_centered,0.4632654520489824,0.0021337788591624385,1.8016671470305063,0.5479446238104857,-0.05559733485337415,-0.5167290080431941,-3.240250119780547,3.244517677498872,3.2423838986397095,0.1,58.0,3.0,,,
Kigezi,2020,first_season,irish_potatoes,4,ridge,raw,crop_centered,5.319403533719373,3.9978369938587925,1.8016671470305063,4.047210229393464,0.8029532081200417,-0.5186133317405388,0.755453095219083,7.2402208924985025,3.2423838986397095,0.1,58.0,3.0,,,
Kigezi,2020,first_season,maize,4,ridge,raw,crop_centered,1.6788303054282812,2.1896617154248705,1.8016671470305063,2.6412707918169636,-1.0275604180397833,-0.5167290080431939,-1.052722183214839,5.43204561406458,3.2423838986397095,0.1,58.0,3.0,,,
Kigezi,2020,first_season,millet,4,ridge,raw,crop_centered,0.7582314811841495,0.0885181939880878,1.8016671470305063,0.5738783706046435,0.1588316519009918,-0.5108816352950699,-3.1538657046516216,3.3309020926277975,3.2423838986397095,0.1,58.0,3.0,,,
Kigezi,2020,first_season,rice,4,ridge,raw,crop_centered,1.457131297713486,0.8361717300567597,1.8016671470305063,1.4257179867225263,0.11130613544644019,-0.5096534322102861,-2.40621216858295,4.078555628696469,3.2423838986397095,0.1,58.0,3.0,,,
Kigezi,2020,first_season,sorghum,4,ridge,raw,crop_centered,0.9963816683569464,0.9471330199397621,1.8016671470305063,1.3361928120558897,-0.46748035962600976,-0.5167290080431941,-2.2952508786999477,4.189516918579471,3.2423838986397095,0.1,58.0,3.0,,,
Kigezi,2020,first_season,soya_beans,4,ridge,raw,crop_centered,0.5069027622936974,0.11174916085194464,1.8016671470305063,0.6555232704687651,-0.11330379520175882,-0.5084573966435115,-3.130634737787765,3.3541330594916543,3.2423838986397095,0.1,58.0,3.0,,,
Kigezi,2020,first_season,sweet_potatoes,4,ridge,raw,crop_centered,3.68073317352751,4.698540845672216,1.8016671470305063,6.5300697168629425,-1.5311581637768605,-0.5133504916321545,1.4561569470325066,7.940924744311926,3.2423838986397095,0.1,58.0,3.0,,,
Kigezi,2020,second_season,beans,4,ridge,raw,crop_centered,1.2309422257456628,0.7419871162436582,1.8016671470305063,0.7725881369501938,0.467473322233405,-0.021481787268599617,-2.5003967823960513,3.9843710148833678,3.2423838986397095,0.1,58.0,3.0,,,
Kigezi,2020,second_season,groundnuts,4,ridge,raw,crop_centered,0.7496304931127425,0.49382002751789184,1.8016671470305063,0.5479446238104857,0.230767706210386,-0.025042759384464708,-2.7485638711218177,3.7362039261576014,3.2423838986397095,0.1,58.0,3.0,,,
Kigezi,2020,second_season,irish_potatoes,4,ridge,raw,crop_centered,7.829884297424306,4.489523242517522,1.8016671470305063,4.047210229393464,3.313433971824975,-0.026927083081809577,1.2471393438778122,7.731907141157231,3.2423838986397095,0.1,58.0,3.0,,,
Kigezi,2020,second_season,maize,4,ridge,raw,crop_centered,4.580426866194772,2.6813479640835998,1.8016671470305063,2.6412707918169636,1.8740361427267076,-0.025042759384464652,-0.5610359345561098,5.92373186272331,3.2423838986397095,0.1,58.0,3.0,,,
Kigezi,2020,second_season,millet,4,ridge,raw,crop_centered,0.96011465247634,0.5802044426468173,1.8016671470305063,0.5738783706046435,0.36071482319318227,-0.01919538663634046,-2.6621794559928924,3.8225883412865267,3.2423838986397095,0.1,58.0,3.0,,,
Kigezi,2020,second_season,rice,4,ridge,raw,crop_centered,3.966514747112424,1.3278579787154892,1.8016671470305063,1.4257179867225263,2.620689584845378,-0.017967183551556687,-1.9145259199242204,4.5702418773551985,3.2423838986397095,0.1,58.0,3.0,,,
Kigezi,2020,second_season,sorghum,4,ridge,raw,crop_centered,0.9034020239226584,1.4388192685984915,1.8016671470305063,1.3361928120558897,-0.5604600040602977,-0.025042759384464652,-1.803564630041218,4.681203167238201,3.2423838986397095,0.1,58.0,3.0,,,
Kigezi,2020,second_season,soya_beans,4,ridge,raw,crop_centered,44.29863915774654,0.603435409510674,1.8016671470305063,0.6555232704687651,43.678432600251085,-0.016771147984782186,-2.6389484891290356,3.8458193081503835,3.2423838986397095,0.1,58.0,3.0,,,
Kigezi,2020,second_season,sweet_potatoes,4,ridge,raw,crop_centered,7.307468270304063,5.190227094330946,1.8016671470305063,6.5300697168629425,2.095576932999692,-0.02166424297342484,1.9478431956912363,8.432610992970655,3.2423838986397095,0.1,58.0,3.0,,,
South Buganda,2020,first_season,beans,4,ridge,raw,crop_centered,0.6286830497610721,0.6128609053999996,1.8016671470305063,0.7725881369501938,-0.13478585375118568,-0.15060799811225822,-2.6295229932397097,3.8552448040397094,3.2423838986397095,0.1,58.0,3.0,,,
South Buganda,2020,first_season,groundnuts,4,ridge,raw,crop_centered,0.6198068833094821,0.3646938166742332,1.8016671470305063,0.5479446238104857,0.10094409640712554,-0.15416897022812337,-2.8776900819654765,3.6070777153139426,3.2423838986397095,0.1,58.0,3.0,,,
South Buganda,2020,first_season,irish_potatoes,4,ridge,raw,crop_centered,3.3283582090790134,4.360397031673863,1.8016671470305063,4.047210229393464,-1.188092116520318,-0.15605329392546796,1.1180131330341538,7.602780930313573,3.2423838986397095,0.1,58.0,3.0,,,
South Buganda,2020,first_season,maize,4,ridge,raw,crop_centered,1.658719821291578,2.552221753239941,1.8016671470305063,2.6412707918169636,-1.0476709021764865,-0.15416897022812348,-0.6901621453997686,5.7946056518796505,3.2423838986397095,0.1,58.0,3.0,,,
South Buganda,2020,first_season,millet,4,ridge,raw,crop_centered,0.4388892155530794,0.4510782318031585,1.8016671470305063,0.5738783706046435,-0.1605106137300783,-0.14832159747999923,-2.7913056668365512,3.693462130442868,3.2423838986397095,0.1,58.0,3.0,,,
South Buganda,2020,first_season,rice,4,ridge,raw,crop_centered,2.3727137710817736,1.1987317678718303,1.8016671470305063,1.4257179867225263,1.0268886088147278,-0.14709339439521552,-2.043652130767879,4.44111566651154,3.2423838986397095,0.1,58.0,3.0,,,
South Buganda,2020,first_season,sorghum,4,ridge,raw,crop_centered,0.5363321684614435,1.3096930577548327,1.8016671470305063,1.3361928120558897,-0.9275298595215127,-0.15416897022812348,-1.9326908408848769,4.552076956394542,3.2423838986397095,0.1,58.0,3.0,,,
South Buganda,2020,first_season,soya_beans,4,ridge,raw,crop_centered,0.5931784427704433,0.47430919866701526,1.8016671470305063,0.6555232704687651,-0.027028114725012875,-0.1458973588284409,-2.7680746999726944,3.7166930973067247,3.2423838986397095,0.1,58.0,3.0,,,
South Buganda,2020,first_season,sweet_potatoes,4,ridge,raw,crop_centered,3.666537379696348,5.061100883487287,1.8016671470305063,6.5300697168629425,-1.5453539576080226,-0.1507904538170841,1.818716984847577,8.303484782126997,3.2423838986397095,0.1,58.0,3.0,,,
South Buganda,2020,second_season,beans,4,ridge,raw,crop_centered,1.1321807165247713,0.724199262403058,1.8016671470305063,0.7725881369501938,0.36871181301251343,-0.03926964110919984,-2.5181846362366516,3.9665831610427675,3.2423838986397095,0.1,58.0,3.0,,,
South Buganda,2020,second_season,groundnuts,4,ridge,raw,crop_centered,1.0649682679639256,0.4760321736772916,1.8016671470305063,0.5479446238104857,0.5461054810615691,-0.04283061322506493,-2.766351724962418,3.718416072317001,3.2423838986397095,0.1,58.0,3.0,,,
South Buganda,2020,second_season,irish_potatoes,4,ridge,raw,crop_centered,6.759325459944138,4.4717353886769216,1.8016671470305063,4.047210229393464,2.242875134344807,-0.0447149369224098,1.229351490037212,7.714119287316631,3.2423838986397095,0.1,58.0,3.0,,,
South Buganda,2020,second_season,maize,4,ridge,raw,crop_centered,2.314641460829224,2.6635601102429995,1.8016671470305063,2.6412707918169636,-0.39174926263884036,-0.04283061322506487,-0.57882378839671,5.9059440088827095,3.2423838986397095,0.1,58.0,3.0,,,
South Buganda,2020,second_season,millet,4,ridge,raw,crop_centered,0.721953108076217,0.5624165888062169,1.8016671470305063,0.5738783706046435,0.12255327879305933,-0.03698324047694079,-2.6799673098334926,3.8048004874459265,3.2423838986397095,0.1,58.0,3.0,,,
South Buganda,2020,second_season,sorghum,4,ridge,raw,crop_centered,3.5799019725152155,1.4210314147578913,1.8016671470305063,1.3361928120558897,2.1160399445322593,-0.04283061322506487,-1.8213524838818183,4.663415313397601,3.2423838986397095,0.1,58.0,3.0,,,
South Buganda,2020,second_season,sweet_potatoes,4,ridge,raw,crop_centered,6.065522206096139,5.172439240490346,1.8016671470305063,6.5300697168629425,0.8536308687917682,-0.03945209681402506,1.930055341850636,8.414823139130055,3.2423838986397095,0.1,58.0,3.0,,,
Bunyoro,2020,first_season,beans,5,ridge,raw,crop_centered,0.8260947143833511,-0.16157241699726255,2.0664785772522087,0.7821426946020412,0.03873473917854975,-0.9489323922020639,-4.35348656359467,4.030341729600144,4.191914146597407,0.1,52.0,3.0,,,
Bunyoro,2020,first_season,groundnuts,5,ridge,raw,crop_centered,0.6650306538588546,-0.3813609050606639,2.0664785772522087,0.5656278431447842,0.09612005614549968,-0.9502715027740188,-4.5732750516580705,3.810553241536743,4.191914146597407,0.1,52.0,3.0,,,
Bunyoro,2020,first_season,irish_potatoes,5,ridge,raw,crop_centered,2.220589656235262,3.5492858061567465,2.0664785772522087,4.7812646841975734,-2.3097830818165104,-0.9810869318950259,-0.6426283404406603,7.741199952754153,4.191914146597407,0.1,52.0,3.0,,,
Bunyoro,2020,first_season,maize,5,ridge,raw,crop_centered,2.3426553850030096,1.3015930872165464,2.0664785772522087,2.4053055087174147,0.09079079501244447,-0.9502715027740187,-2.8903210593808604,5.493507233813953,4.191914146597407,0.1,52.0,3.0,,,
Bunyoro,2020,first_season,millet,5,ridge,raw,crop_centered,0.2753703982834791,-0.4302503896541561,2.0664785772522087,0.6309719027500666,-0.24465071483638368,-0.9502715027740188,-4.622164536251563,3.7616637569432507,4.191914146597407,0.1,52.0,3.0,,,
Bunyoro,2020,first_season,rice,5,ridge,raw,crop_centered,1.4308437859507233,0.6809244535694731,2.0664785772522087,1.611955233813348,-0.19580303951138167,-0.9457223718926319,-3.5109896930279336,4.8728386001668795,4.191914146597407,0.1,52.0,3.0,,,
Bunyoro,2020,first_season,simsim,5,ridge,raw,crop_centered,0.5005342402042084,-0.503956824063305,2.0664785772522087,0.42646604553162476,0.0895688744742284,-0.9149221897932851,-4.695870970660712,3.6879573225341016,4.191914146597407,0.1,52.0,3.0,,,
Bunyoro,2020,first_season,sorghum,5,ridge,raw,crop_centered,1.3881045542850072,0.25507746402850107,2.0664785772522087,1.3031889535170247,0.18275558748248732,-0.9502715027740188,-3.936836682568906,4.446991610625908,4.191914146597407,0.1,52.0,3.0,,,
Bunyoro,2020,first_season,soya_beans,5,ridge,raw,crop_centered,0.6855186697585186,2.2881407198694634,2.0664785772522087,2.6171380251865526,-2.5483444220035767,-0.9457223718926318,-1.9037734267279434,6.480054866466871,4.191914146597407,0.1,52.0,3.0,,,
Bunyoro,2020,first_season,sweet_potatoes,5,ridge,raw,crop_centered,2.0298423975087787,5.799864276209696,2.0664785772522087,6.191142717319159,-4.720293381474937,-0.9502715027740187,1.6079501296122896,9.991778422807103,4.191914146597407,0.1,52.0,3.0,,,
Bunyoro,2020,second_season,beans,5,ridge,raw,crop_centered,1.200511704804833,0.23347251855183548,2.0664785772522087,0.7821426946020412,0.41315172960003166,-0.5538874566529659,-3.958441628045571,4.425386665149242,4.191914146597407,0.1,52.0,3.0,,,
Bunyoro,2020,second_season,groundnuts,5,ridge,raw,crop_centered,0.7713261452057008,0.01368403048843414,2.0664785772522087,0.5656278431447842,0.2024155474923458,-0.5552265672249208,-4.178230116108972,4.205598177085841,4.191914146597407,0.1,52.0,3.0,,,
Bunyoro,2020,second_season,irish_potatoes,5,ridge,raw,crop_centered,2.6451990178871103,3.944330741705844,2.0664785772522087,4.7812646841975734,-1.8851737201646621,-0.5860419963459282,-0.2475834048915626,8.136244888303251,4.191914146597407,0.1,52.0,3.0,,,
Bunyoro,2020,second_season,maize,5,ridge,raw,crop_centered,3.0549264654046246,1.6966380227656443,2.0664785772522087,2.4053055087174147,0.8030618754140595,-0.5552265672249208,-2.4952761238317622,5.888552169363051,4.191914146597407,0.1,52.0,3.0,,,
Bunyoro,2020,second_season,millet,5,ridge,raw,crop_centered,0.4212512776206598,-0.03520545410505804,2.0664785772522087,0.6309719027500666,-0.09876983549920298,-0.5552265672249208,-4.227119600702465,4.156708692492349,4.191914146597407,0.1,52.0,3.0,,,
Bunyoro,2020,second_season,rice,5,ridge,raw,crop_centered,1.6224963809696238,1.075969389118571,2.0664785772522087,1.611955233813348,-0.004150444492481142,-0.5506774363435338,-3.115944757478836,5.267883535715978,4.191914146597407,0.1,52.0,3.0,,,
Bunyoro,2020,second_season,sorghum,5,ridge,raw,crop_centered,0.8920114348791089,0.6501223995775991,2.0664785772522087,1.3031889535170247,-0.31333753192341096,-0.5552265672249208,-3.5417917470198077,4.842036546175006,4.191914146597407,0.1,52.0,3.0,,,
Bunyoro,2020,second_season,soya_beans,5,ridge,raw,crop_centered,0.7040260876893635,2.683185655418561,2.0664785772522087,2.6171380251865526,-2.5298370040727316,-0.550677436343534,-1.5087284911788457,6.875099802015968,4.191914146597407,0.1,52.0,3.0,,,
Bunyoro,2020,second_season,sweet_potatoes,5,ridge,raw,crop_centered,8.162182280896847,6.1949092117587945,2.0664785772522087,6.191142717319159,1.4120465019131316,-0.5552265672249206,2.0029950651613877,10.386823358356201,4.191914146597407,0.1,52.0,3.0,,,
Karamoja,2020,first_season,beans,5,ridge,raw,crop_centered,0.5422885207412549,-0.564655654759547,2.0664785772522087,0.7821426946020412,-0.2450714544635465,-1.3520156299643484,-4.756569801356954,3.6272584918378596,4.191914146597407,0.1,52.0,3.0,,,
Karamoja,2020,first_season,groundnuts,5,ridge,raw,crop_centered,0.5747979489963491,-0.7844441428229484,2.0664785772522087,0.5656278431447842,0.005887351282994113,-1.3533547405363033,-4.9763582894203555,3.4074700037744585,4.191914146597407,0.1,52.0,3.0,,,
Karamoja,2020,first_season,maize,5,ridge,raw,crop_centered,1.2175480596073385,0.8985098494542618,2.0664785772522087,2.4053055087174147,-1.0343165303832267,-1.3533547405363033,-3.293404297143145,5.090423996051669,4.191914146597407,0.1,52.0,3.0,,,
Karamoja,2020,first_season,millet,5,ridge,raw,crop_centered,0.2665642826776189,-0.8333336274164406,2.0664785772522087,0.6309719027500666,-0.2534568304422439,-1.3533547405363033,-5.025247774013847,3.358580519180966,4.191914146597407,0.1,52.0,3.0,,,
Karamoja,2020,first_season,rice,5,ridge,raw,crop_centered,1.5488549025864504,0.27784121580718857,2.0664785772522087,1.611955233813348,-0.0777919228756545,-1.3488056096549164,-3.9140729307902182,4.469755362404595,4.191914146597407,0.1,52.0,3.0,,,
Karamoja,2020,first_season,simsim,5,ridge,raw,crop_centered,0.2487265028776165,-0.9070400618255894,2.0664785772522087,0.42646604553162476,-0.16223886285236355,-1.3180054275555695,-5.098954208422996,3.2848740847718174,4.191914146597407,0.1,52.0,3.0,,,
Karamoja,2020,first_season,sorghum,5,ridge,raw,crop_centered,0.6347991969213849,-0.14800577373378343,2.0664785772522087,1.3031889535170247,-0.570549769881135,-1.3533547405363033,-4.33991992033119,4.043908372863624,4.191914146597407,0.1,52.0,3.0,,,
Karamoja,2020,first_season,soya_beans,5,ridge,raw,crop_centered,0.5697981563805337,1.8850574821071788,2.0664785772522087,2.6171380251865526,-2.6640649353815613,-1.3488056096549164,-2.306856664490228,6.076971628704586,4.191914146597407,0.1,52.0,3.0,,,
Karamoja,2020,second_season,groundnuts,5,ridge,raw,crop_centered,0.1047330767226874,-0.03472933482916396,2.0664785772522087,0.5656278431447842,-0.46417752099066756,-0.6036399325425189,-4.226643481426571,4.157184811768243,4.191914146597407,0.1,52.0,3.0,,,
Karamoja,2020,second_season,maize,5,ridge,raw,crop_centered,7.244065383360269,1.6482246574480466,2.0664785772522087,2.4053055087174147,4.992200793369704,-0.6036399325425186,-2.54368948914936,5.840138804045454,4.191914146597407,0.1,52.0,3.0,,,
Karamoja,2020,second_season,millet,5,ridge,raw,crop_centered,0.349296866505584,-0.08361881942265592,2.0664785772522087,0.6309719027500666,-0.17072424661427876,-0.6036399325425187,-4.275532966020062,4.108295327174751,4.191914146597407,0.1,52.0,3.0,,,
Karamoja,2020,second_season,sorghum,5,ridge,raw,crop_centered,2.480616112563021,0.6017090342600011,2.0664785772522087,1.3031889535170247,1.2752671457605012,-0.6036399325425188,-3.5902051123374057,4.7936231808574075,4.191914146597407,0.1,52.0,3.0,,,
Acholi,2020,first_season,beans,1,dummy_mean,pca,crop_centered,0.8570862730857126,0.8083785631118958,2.1075068827579884,0.7986540097128687,0.04870770997381679,0.0,-2.5934633893372236,4.210220515561016,3.4018419524491197,0.1,56.0,3.0,,,
Acholi,2020,first_season,groundnuts,1,dummy_mean,pca,crop_centered,0.579730411471064,0.5732198676763399,2.1075068827579884,0.5687183500759414,0.006510543794724044,0.0,-2.8286220847727797,3.9750618201254597,3.4018419524491197,0.1,56.0,3.0,,,
Acholi,2020,first_season,maize,1,dummy_mean,pca,crop_centered,1.6268858066002263,2.847265094012805,2.1075068827579884,2.7363424889537766,-1.2203792874125785,0.0,-0.5545768584363149,6.2491070464619245,3.4018419524491197,0.1,56.0,3.0,,,
Acholi,2020,first_season,millet,1,dummy_mean,pca,crop_centered,0.2602112569707439,0.6684820266233378,2.1075068827579884,0.6354044224045948,-0.4082707696525939,0.0,-2.733359925825782,4.070323979072457,3.4018419524491197,0.1,56.0,3.0,,,
Acholi,2020,first_season,rice,1,dummy_mean,pca,crop_centered,1.8354492390020587,1.7283537604145638,2.1075068827579884,1.7589076363956022,0.10709547858749491,0.0,-1.673488192034556,5.130195712863683,3.4018419524491197,0.1,56.0,3.0,,,
Acholi,2020,first_season,simsim,1,dummy_mean,pca,crop_centered,0.2405641336366695,0.3958643349193284,2.1075068827579884,0.3999465592781099,-0.15530020128265887,0.0,-3.0059776175297914,3.797706287368448,3.4018419524491197,0.1,56.0,3.0,,,
Acholi,2020,first_season,sorghum,1,dummy_mean,pca,crop_centered,0.7136992535711828,1.431651016691542,2.1075068827579884,1.3246497888304674,-0.7179517631203591,0.0,-1.9701909357575778,4.833492969140662,3.4018419524491197,0.1,56.0,3.0,,,
Acholi,2020,first_season,soya_beans,1,dummy_mean,pca,crop_centered,1.0958248492916711,0.5518471190325219,2.1075068827579884,2.930292181557787,0.5439777302591492,0.0,-2.8499948334165977,3.9536890714816417,3.4018419524491197,0.1,56.0,3.0,,,
Acholi,2020,first_season,sweet_potatoes,1,dummy_mean,pca,crop_centered,7.360751879011887,5.263875952557759,2.1075068827579884,5.983658411491209,2.0968759264541275,0.0,1.8620340001086397,8.665717905006879,3.4018419524491197,0.1,56.0,3.0,,,
Acholi,2020,second_season,beans,1,dummy_mean,pca,crop_centered,0.8791468943891129,0.8083785631118958,2.1075068827579884,0.7986540097128687,0.07076833127721704,0.0,-2.5934633893372236,4.210220515561016,3.4018419524491197,0.1,56.0,3.0,,,
Acholi,2020,second_season,groundnuts,1,dummy_mean,pca,crop_centered,0.774283389787513,0.5732198676763399,2.1075068827579884,0.5687183500759414,0.20106352211117307,0.0,-2.8286220847727797,3.9750618201254597,3.4018419524491197,0.1,56.0,3.0,,,
Acholi,2020,second_season,maize,1,dummy_mean,pca,crop_centered,1.9919193221111424,2.847265094012805,2.1075068827579884,2.7363424889537766,-0.8553457719016624,0.0,-0.5545768584363149,6.2491070464619245,3.4018419524491197,0.1,56.0,3.0,,,
Acholi,2020,second_season,millet,1,dummy_mean,pca,crop_centered,0.3783444913194841,0.6684820266233378,2.1075068827579884,0.6354044224045948,-0.29013753530385367,0.0,-2.733359925825782,4.070323979072457,3.4018419524491197,0.1,56.0,3.0,,,
Acholi,2020,second_season,rice,1,dummy_mean,pca,crop_centered,0.8047415933139703,1.7283537604145638,2.1075068827579884,1.7589076363956022,-0.9236121671005935,0.0,-1.673488192034556,5.130195712863683,3.4018419524491197,0.1,56.0,3.0,,,
Acholi,2020,second_season,simsim,1,dummy_mean,pca,crop_centered,0.3592611565204056,0.3958643349193284,2.1075068827579884,0.3999465592781099,-0.0366031783989228,0.0,-3.0059776175297914,3.797706287368448,3.4018419524491197,0.1,56.0,3.0,,,
Acholi,2020,second_season,sorghum,1,dummy_mean,pca,crop_centered,1.0529020128934117,1.431651016691542,2.1075068827579884,1.3246497888304674,-0.37874900379813026,0.0,-1.9701909357575778,4.833492969140662,3.4018419524491197,0.1,56.0,3.0,,,
Acholi,2020,second_season,soya_beans,1,dummy_mean,pca,crop_centered,0.8621074636111007,0.5518471190325219,2.1075068827579884,2.930292181557787,0.31026034457857876,0.0,-2.8499948334165977,3.9536890714816417,3.4018419524491197,0.1,56.0,3.0,,,
Acholi,2020,second_season,sweet_potatoes,1,dummy_mean,pca,crop_centered,14.728567574673178,5.263875952557759,2.1075068827579884,5.983658411491209,9.464691622115419,0.0,1.8620340001086397,8.665717905006879,3.4018419524491197,0.1,56.0,3.0,,,
North Buganda,2020,first_season,beans,1,dummy_mean,pca,crop_centered,0.6433017110440628,0.8083785631118958,2.1075068827579884,0.7986540097128687,-0.16507685206783307,0.0,-2.5934633893372236,4.210220515561016,3.4018419524491197,0.1,56.0,3.0,,,
North Buganda,2020,first_season,groundnuts,1,dummy_mean,pca,crop_centered,0.4198664546099319,0.5732198676763399,2.1075068827579884,0.5687183500759414,-0.15335341306640804,0.0,-2.8286220847727797,3.9750618201254597,3.4018419524491197,0.1,56.0,3.0,,,
North Buganda,2020,first_season,irish_potatoes,1,dummy_mean,pca,crop_centered,3.149663292713082,4.428042344975187,2.1075068827579884,4.440832751461744,-1.2783790522621046,0.0,1.026200392526067,7.829884297424306,3.4018419524491197,0.1,56.0,3.0,,,
North Buganda,2020,first_season,maize,1,dummy_mean,pca,crop_centered,2.169407944352197,2.847265094012805,2.1075068827579884,2.7363424889537766,-0.6778571496606078,0.0,-0.5545768584363149,6.2491070464619245,3.4018419524491197,0.1,56.0,3.0,,,
North Buganda,2020,first_season,millet,1,dummy_mean,pca,crop_centered,0.493228260930458,0.6684820266233378,2.1075068827579884,0.6354044224045948,-0.17525376569287976,0.0,-2.733359925825782,4.070323979072457,3.4018419524491197,0.1,56.0,3.0,,,
North Buganda,2020,first_season,rice,1,dummy_mean,pca,crop_centered,1.0029754145357688,1.7283537604145638,2.1075068827579884,1.7589076363956022,-0.725378345878795,0.0,-1.673488192034556,5.130195712863683,3.4018419524491197,0.1,56.0,3.0,,,
North Buganda,2020,first_season,simsim,1,dummy_mean,pca,crop_centered,0.1854698986731419,0.3958643349193284,2.1075068827579884,0.3999465592781099,-0.21039443624618648,0.0,-3.0059776175297914,3.797706287368448,3.4018419524491197,0.1,56.0,3.0,,,
North Buganda,2020,first_season,sorghum,1,dummy_mean,pca,crop_centered,0.0988630737950738,1.431651016691542,2.1075068827579884,1.3246497888304674,-1.3327879428964682,0.0,-1.9701909357575778,4.833492969140662,3.4018419524491197,0.1,56.0,3.0,,,
North Buganda,2020,first_season,soya_beans,1,dummy_mean,pca,crop_centered,0.4702301599548245,0.5518471190325219,2.1075068827579884,2.930292181557787,-0.08161695907769745,0.0,-2.8499948334165977,3.9536890714816417,3.4018419524491197,0.1,56.0,3.0,,,
North Buganda,2020,first_season,sweet_potatoes,1,dummy_mean,pca,crop_centered,2.687525566046792,5.263875952557759,2.1075068827579884,5.983658411491209,-2.5763503865109674,0.0,1.8620340001086397,8.665717905006879,3.4018419524491197,0.1,56.0,3.0,,,
North Buganda,2020,second_season,beans,1,dummy_mean,pca,crop_centered,0.9823435270848496,0.8083785631118958,2.1075068827579884,0.7986540097128687,0.1739649639729538,0.0,-2.5934633893372236,4.210220515561016,3.4018419524491197,0.1,56.0,3.0,,,
North Buganda,2020,second_season,groundnuts,1,dummy_mean,pca,crop_centered,0.6052217822979895,0.5732198676763399,2.1075068827579884,0.5687183500759414,0.032001914621649585,0.0,-2.8286220847727797,3.9750618201254597,3.4018419524491197,0.1,56.0,3.0,,,
North Buganda,2020,second_season,irish_potatoes,1,dummy_mean,pca,crop_centered,6.482172439710905,4.428042344975187,2.1075068827579884,4.440832751461744,2.0541300947357186,0.0,1.026200392526067,7.829884297424306,3.4018419524491197,0.1,56.0,3.0,,,
North Buganda,2020,second_season,maize,1,dummy_mean,pca,crop_centered,2.6867403311215865,2.847265094012805,2.1075068827579884,2.7363424889537766,-0.1605247628912183,0.0,-0.5545768584363149,6.2491070464619245,3.4018419524491197,0.1,56.0,3.0,,,
North Buganda,2020,second_season,millet,1,dummy_mean,pca,crop_centered,0.7672214167665391,0.6684820266233378,2.1075068827579884,0.6354044224045948,0.09873939014320132,0.0,-2.733359925825782,4.070323979072457,3.4018419524491197,0.1,56.0,3.0,,,
North Buganda,2020,second_season,rice,1,dummy_mean,pca,crop_centered,0.7664154644961585,1.7283537604145638,2.1075068827579884,1.7589076363956022,-0.9619382959184053,0.0,-1.673488192034556,5.130195712863683,3.4018419524491197,0.1,56.0,3.0,,,
North Buganda,2020,second_season,simsim,1,dummy_mean,pca,crop_centered,1.0617776543409592,0.3958643349193284,2.1075068827579884,0.3999465592781099,0.6659133194216308,0.0,-3.0059776175297914,3.797706287368448,3.4018419524491197,0.1,56.0,3.0,,,
North Buganda,2020,second_season,sorghum,1,dummy_mean,pca,crop_centered,3.8791100754366425,1.431651016691542,2.1075068827579884,1.3246497888304674,2.4474590587451006,0.0,-1.9701909357575778,4.833492969140662,3.4018419524491197,0.1,56.0,3.0,,,
North Buganda,2020,second_season,soya_beans,1,dummy_mean,pca,crop_centered,0.4386972792209299,0.5518471190325219,2.1075068827579884,2.930292181557787,-0.11314983981159205,0.0,-2.8499948334165977,3.9536890714816417,3.4018419524491197,0.1,56.0,3.0,,,
North Buganda,2020,second_season,sweet_potatoes,1,dummy_mean,pca,crop_centered,6.9509363188894655,5.263875952557759,2.1075068827579884,5.983658411491209,1.687060366331706,0.0,1.8620340001086397,8.665717905006879,3.4018419524491197,0.1,56.0,3.0,,,
Teso,2020,first_season,beans,1,dummy_mean,pca,crop_centered,0.4787820909269001,0.8083785631118958,2.1075068827579884,0.7986540097128687,-0.3295964721849957,0.0,-2.5934633893372236,4.210220515561016,3.4018419524491197,0.1,56.0,3.0,,,
Teso,2020,first_season,groundnuts,1,dummy_mean,pca,crop_centered,0.3687334249789069,0.5732198676763399,2.1075068827579884,0.5687183500759414,-0.20448644269743305,0.0,-2.8286220847727797,3.9750618201254597,3.4018419524491197,0.1,56.0,3.0,,,
Teso,2020,first_season,maize,1,dummy_mean,pca,crop_centered,1.3718829183654722,2.847265094012805,2.1075068827579884,2.7363424889537766,-1.4753821756473326,0.0,-0.5545768584363149,6.2491070464619245,3.4018419524491197,0.1,56.0,3.0,,,
Teso,2020,first_season,millet,1,dummy_mean,pca,crop_centered,0.2266117956037198,0.6684820266233378,2.1075068827579884,0.6354044224045948,-0.441870231019618,0.0,-2.733359925825782,4.070323979072457,3.4018419524491197,0.1,56.0,3.0,,,
Teso,2020,first_season,rice,1,dummy_mean,pca,crop_centered,1.3123638688539283,1.7283537604145638,2.1075068827579884,1.7589076363956022,-0.4159898915606355,0.0,-1.673488192034556,5.130195712863683,3.4018419524491197,0.1,56.0,3.0,,,
Teso,2020,first_season,simsim,1,dummy_mean,pca,crop_centered,0.3758526836726521,0.3958643349193284,2.1075068827579884,0.3999465592781099,-0.020011651246676254,0.0,-3.0059776175297914,3.797706287368448,3.4018419524491197,0.1,56.0,3.0,,,
Teso,2020,first_season,sorghum,1,dummy_mean,pca,crop_centered,0.6439380500075159,1.431651016691542,2.1075068827579884,1.3246497888304674,-0.787712966684026,0.0,-1.9701909357575778,4.833492969140662,3.4018419524491197,0.1,56.0,3.0,,,
Teso,2020,first_season,soya_beans,1,dummy_mean,pca,crop_centered,0.4286664418152572,0.5518471190325219,2.1075068827579884,2.930292181557787,-0.12318067721726472,0.0,-2.8499948334165977,3.9536890714816417,3.4018419524491197,0.1,56.0,3.0,,,
Teso,2020,first_season,sweet_potatoes,1,dummy_mean,pca,crop_centered,2.3919434486183864,5.263875952557759,2.1075068827579884,5.983658411491209,-2.871932503939373,0.0,1.8620340001086397,8.665717905006879,3.4018419524491197,0.1,56.0,3.0,,,
Teso,2020,second_season,beans,1,dummy_mean,pca,crop_centered,0.7279249098775472,0.8083785631118958,2.1075068827579884,0.7986540097128687,-0.08045365323434861,0.0,-2.5934633893372236,4.210220515561016,3.4018419524491197,0.1,56.0,3.0,,,
Teso,2020,second_season,groundnuts,1,dummy_mean,pca,crop_centered,0.4313168954422955,0.5732198676763399,2.1075068827579884,0.5687183500759414,-0.1419029722340444,0.0,-2.8286220847727797,3.9750618201254597,3.4018419524491197,0.1,56.0,3.0,,,
Teso,2020,second_season,maize,1,dummy_mean,pca,crop_centered,1.540156423059482,2.847265094012805,2.1075068827579884,2.7363424889537766,-1.3071086709533228,0.0,-0.5545768584363149,6.2491070464619245,3.4018419524491197,0.1,56.0,3.0,,,
Teso,2020,second_season,millet,1,dummy_mean,pca,crop_centered,0.3557264962514397,0.6684820266233378,2.1075068827579884,0.6354044224045948,-0.31275553037189807,0.0,-2.733359925825782,4.070323979072457,3.4018419524491197,0.1,56.0,3.0,,,
Teso,2020,second_season,rice,1,dummy_mean,pca,crop_centered,1.0709719442643844,1.7283537604145638,2.1075068827579884,1.7589076363956022,-0.6573818161501794,0.0,-1.673488192034556,5.130195712863683,3.4018419524491197,0.1,56.0,3.0,,,
Teso,2020,second_season,simsim,1,dummy_mean,pca,crop_centered,0.6034722059137033,0.3958643349193284,2.1075068827579884,0.3999465592781099,0.20760787099437494,0.0,-3.0059776175297914,3.797706287368448,3.4018419524491197,0.1,56.0,3.0,,,
Teso,2020,second_season,sorghum,1,dummy_mean,pca,crop_centered,1.141258363083009,1.431651016691542,2.1075068827579884,1.3246497888304674,-0.29039265360853284,0.0,-1.9701909357575778,4.833492969140662,3.4018419524491197,0.1,56.0,3.0,,,
Teso,2020,second_season,soya_beans,1,dummy_mean,pca,crop_centered,0.5653018244408415,0.5518471190325219,2.1075068827579884,2.930292181557787,0.013454705408319612,0.0,-2.8499948334165977,3.9536890714816417,3.4018419524491197,0.1,56.0,3.0,,,
Teso,2020,second_season,sweet_potatoes,1,dummy_mean,pca,crop_centered,4.986556877001546,5.263875952557759,2.1075068827579884,5.983658411491209,-0.27731907555621316,0.0,1.8620340001086397,8.665717905006879,3.4018419524491197,0.1,56.0,3.0,,,
Elgon,2020,first_season,beans,2,dummy_mean,pca,crop_centered,0.6700120852270204,0.8133275038531373,1.954636271112969,0.800459608567741,-0.14331541862611696,0.0,-2.502151579552211,4.128806587258485,3.3154790834053482,0.1,54.0,3.0,,,
Elgon,2020,first_season,groundnuts,2,dummy_mean,pca,crop_centered,0.4950587775158489,0.5229996476090061,1.954636271112969,0.5508650616816889,-0.027940870093157155,0.0,-2.7924794357963423,3.838478731014354,3.3154790834053482,0.1,54.0,3.0,,,
Elgon,2020,first_season,irish_potatoes,2,dummy_mean,pca,crop_centered,4.522840340241605,3.7755392057018193,1.954636271112969,4.160319420588475,0.7473011345397857,0.0,0.4600601222964711,7.091018289107168,3.3154790834053482,0.1,54.0,3.0,,,
Elgon,2020,first_season,maize,2,dummy_mean,pca,crop_centered,2.591624259545572,2.552235446924377,1.954636271112969,2.445749569645221,0.03938881262119498,0.0,-0.7632436364809712,5.867714530329725,3.3154790834053482,0.1,54.0,3.0,,,
Elgon,2020,first_season,millet,2,dummy_mean,pca,crop_centered,0.6858292042822013,0.5037608268836823,1.954636271112969,0.588523876879771,0.182068377398519,0.0,-2.811718256521666,3.8192399102890304,3.3154790834053482,0.1,54.0,3.0,,,
Elgon,2020,first_season,rice,2,dummy_mean,pca,crop_centered,2.403967673511646,1.6593327684960462,1.954636271112969,1.5849672137717488,0.7446349050156,0.0,-1.656146314909302,4.974811851901395,3.3154790834053482,0.1,54.0,3.0,,,
Elgon,2020,first_season,simsim,2,dummy_mean,pca,crop_centered,1.0133465202105196,0.3901448324077617,1.954636271112969,0.4194896280774281,0.6232016878027579,-5.551115123125783e-17,-2.9253342509975866,3.70562391581311,3.3154790834053482,0.1,54.0,3.0,,,
Elgon,2020,first_season,sorghum,2,dummy_mean,pca,crop_centered,2.370934481096649,1.0149560162979054,1.954636271112969,1.1729743338682894,1.3559784647987434,0.0,-2.300523067107443,4.330435099703253,3.3154790834053482,0.1,54.0,3.0,,,
Elgon,2020,first_season,soya_beans,2,dummy_mean,pca,crop_centered,0.5911363692957547,3.754176362626278,1.954636271112969,2.9108857754523334,-3.163039993330523,0.0,0.4386972792209298,7.069655446031627,3.3154790834053482,0.1,54.0,3.0,,,
Elgon,2020,first_season,sweet_potatoes,2,dummy_mean,pca,crop_centered,3.151255842827831,6.131447005639232,1.954636271112969,5.708455116324331,-2.980191162811401,0.0,2.8159679222338836,9.446926089044581,3.3154790834053482,0.1,54.0,3.0,,,
Elgon,2020,second_season,beans,2,dummy_mean,pca,crop_centered,0.653829971282899,0.8133275038531373,1.954636271112969,0.800459608567741,-0.15949753257023835,0.0,-2.502151579552211,4.128806587258485,3.3154790834053482,0.1,54.0,3.0,,,
Elgon,2020,second_season,groundnuts,2,dummy_mean,pca,crop_centered,0.7530910039174339,0.5229996476090061,1.954636271112969,0.5508650616816889,0.2300913563084278,0.0,-2.7924794357963423,3.838478731014354,3.3154790834053482,0.1,54.0,3.0,,,
Elgon,2020,second_season,irish_potatoes,2,dummy_mean,pca,crop_centered,9.66384795722705,3.7755392057018193,1.954636271112969,4.160319420588475,5.888308751525231,0.0,0.4600601222964711,7.091018289107168,3.3154790834053482,0.1,54.0,3.0,,,
Elgon,2020,second_season,maize,2,dummy_mean,pca,crop_centered,3.423349924580549,2.552235446924377,1.954636271112969,2.445749569645221,0.8711144776561719,0.0,-0.7632436364809712,5.867714530329725,3.3154790834053482,0.1,54.0,3.0,,,
Elgon,2020,second_season,rice,2,dummy_mean,pca,crop_centered,0.9781169963836972,1.6593327684960462,1.954636271112969,1.5849672137717488,-0.681215772112349,0.0,-1.656146314909302,4.974811851901395,3.3154790834053482,0.1,54.0,3.0,,,
Elgon,2020,second_season,simsim,2,dummy_mean,pca,crop_centered,0.1853682631467308,0.3901448324077617,1.954636271112969,0.4194896280774281,-0.20477656926103097,-5.551115123125783e-17,-2.9253342509975866,3.70562391581311,3.3154790834053482,0.1,54.0,3.0,,,
Elgon,2020,second_season,sorghum,2,dummy_mean,pca,crop_centered,3.258267391159824,1.0149560162979054,1.954636271112969,1.1729743338682894,2.2433113748619187,0.0,-2.300523067107443,4.330435099703253,3.3154790834053482,0.1,54.0,3.0,,,
Elgon,2020,second_season,soya_beans,2,dummy_mean,pca,crop_centered,0.4261906725861129,3.754176362626278,1.954636271112969,2.9108857754523334,-3.3279856900401654,0.0,0.4386972792209298,7.069655446031627,3.3154790834053482,0.1,54.0,3.0,,,
Elgon,2020,second_season,sweet_potatoes,2,dummy_mean,pca,crop_centered,3.5591777349294857,6.131447005639232,1.954636271112969,5.708455116324331,-2.572269270709746,0.0,2.8159679222338836,9.446926089044581,3.3154790834053482,0.1,54.0,3.0,,,
Lango,2020,first_season,beans,2,dummy_mean,pca,crop_centered,0.4538514483659436,0.8133275038531373,1.954636271112969,0.800459608567741,-0.35947605548719375,0.0,-2.502151579552211,4.128806587258485,3.3154790834053482,0.1,54.0,3.0,,,
Lango,2020,first_season,groundnuts,2,dummy_mean,pca,crop_centered,0.3602760666772656,0.5229996476090061,1.954636271112969,0.5508650616816889,-0.1627235809317405,0.0,-2.7924794357963423,3.838478731014354,3.3154790834053482,0.1,54.0,3.0,,,
Lango,2020,first_season,maize,2,dummy_mean,pca,crop_centered,1.5321273000173696,2.552235446924377,1.954636271112969,2.445749569645221,-1.0201081469070075,0.0,-0.7632436364809712,5.867714530329725,3.3154790834053482,0.1,54.0,3.0,,,
Lango,2020,first_season,millet,2,dummy_mean,pca,crop_centered,0.3245909082180683,0.5037608268836823,1.954636271112969,0.588523876879771,-0.179169918665614,0.0,-2.811718256521666,3.8192399102890304,3.3154790834053482,0.1,54.0,3.0,,,
Lango,2020,first_season,rice,2,dummy_mean,pca,crop_centered,1.0257917523061892,1.6593327684960462,1.954636271112969,1.5849672137717488,-0.6335410161898569,0.0,-1.656146314909302,4.974811851901395,3.3154790834053482,0.1,54.0,3.0,,,
Lango,2020,first_season,simsim,2,dummy_mean,pca,crop_centered,0.3598602384189452,0.3901448324077617,1.954636271112969,0.4194896280774281,-0.030284593988816555,-5.551115123125783e-17,-2.9253342509975866,3.70562391581311,3.3154790834053482,0.1,54.0,3.0,,,
Lango,2020,first_season,sorghum,2,dummy_mean,pca,crop_centered,0.5398912763008505,1.0149560162979054,1.954636271112969,1.1729743338682894,-0.4750647399970549,0.0,-2.300523067107443,4.330435099703253,3.3154790834053482,0.1,54.0,3.0,,,
Lango,2020,first_season,soya_beans,2,dummy_mean,pca,crop_centered,0.6956216106623382,3.754176362626278,1.954636271112969,2.9108857754523334,-3.05855475196394,0.0,0.4386972792209298,7.069655446031627,3.3154790834053482,0.1,54.0,3.0,,,
Lango,2020,first_season,sweet_potatoes,2,dummy_mean,pca,crop_centered,4.627154243214652,6.131447005639232,1.954636271112969,5.708455116324331,-1.5042927624245799,0.0,2.8159679222338836,9.446926089044581,3.3154790834053482,0.1,54.0,3.0,,,
Lango,2020,second_season,beans,2,dummy_mean,pca,crop_centered,0.9979898086925608,0.8133275038531373,1.954636271112969,0.800459608567741,0.18466230483942347,0.0,-2.502151579552211,4.128806587258485,3.3154790834053482,0.1,54.0,3.0,,,
Lango,2020,second_season,groundnuts,2,dummy_mean,pca,crop_centered,0.6658246650132922,0.5229996476090061,1.954636271112969,0.5508650616816889,0.1428250174042861,0.0,-2.7924794357963423,3.838478731014354,3.3154790834053482,0.1,54.0,3.0,,,
Lango,2020,second_season,maize,2,dummy_mean,pca,crop_centered,2.9489717758099068,2.552235446924377,1.954636271112969,2.445749569645221,0.3967363288855297,0.0,-0.7632436364809712,5.867714530329725,3.3154790834053482,0.1,54.0,3.0,,,
Lango,2020,second_season,millet,2,dummy_mean,pca,crop_centered,0.359162009295794,0.5037608268836823,1.954636271112969,0.588523876879771,-0.14459881758788828,0.0,-2.811718256521666,3.8192399102890304,3.3154790834053482,0.1,54.0,3.0,,,
Lango,2020,second_season,rice,2,dummy_mean,pca,crop_centered,1.516949718283846,1.6593327684960462,1.954636271112969,1.5849672137717488,-0.1423830502122001,0.0,-1.656146314909302,4.974811851901395,3.3154790834053482,0.1,54.0,3.0,,,
Lango,2020,second_season,simsim,2,dummy_mean,pca,crop_centered,0.4067343534390761,0.3901448324077617,1.954636271112969,0.4194896280774281,0.016589521031314336,-5.551115123125783e-17,-2.9253342509975866,3.70562391581311,3.3154790834053482,0.1,54.0,3.0,,,
Lango,2020,second_season,sorghum,2,dummy_mean,pca,crop_centered,2.142946828492448,1.0149560162979054,1.954636271112969,1.1729743338682894,1.1279908121945428,0.0,-2.300523067107443,4.330435099703253,3.3154790834053482,0.1,54.0,3.0,,,
Lango,2020,second_season,soya_beans,2,dummy_mean,pca,crop_centered,1.5236675808652385,3.754176362626278,1.954636271112969,2.9108857754523334,-2.2305087817610394,0.0,0.4386972792209298,7.069655446031627,3.3154790834053482,0.1,54.0,3.0,,,
Lango,2020,second_season,sweet_potatoes,2,dummy_mean,pca,crop_centered,14.045356396131783,6.131447005639232,1.954636271112969,5.708455116324331,7.9139093904925515,0.0,2.8159679222338836,9.446926089044581,3.3154790834053482,0.1,54.0,3.0,,,
Tooro,2020,first_season,beans,2,dummy_mean,pca,crop_centered,0.5714159022282193,0.8133275038531373,1.954636271112969,0.800459608567741,-0.2419116016249181,0.0,-2.502151579552211,4.128806587258485,3.3154790834053482,0.1,54.0,3.0,,,
Tooro,2020,first_season,groundnuts,2,dummy_mean,pca,crop_centered,0.4788089757102604,0.5229996476090061,1.954636271112969,0.5508650616816889,-0.044190671898745704,0.0,-2.7924794357963423,3.838478731014354,3.3154790834053482,0.1,54.0,3.0,,,
Tooro,2020,first_season,irish_potatoes,2,dummy_mean,pca,crop_centered,2.602443195405729,3.7755392057018193,1.954636271112969,4.160319420588475,-1.1730960102960903,0.0,0.4600601222964711,7.091018289107168,3.3154790834053482,0.1,54.0,3.0,,,
Tooro,2020,first_season,maize,2,dummy_mean,pca,crop_centered,3.0038294115831783,2.552235446924377,1.954636271112969,2.445749569645221,0.4515939646588012,0.0,-0.7632436364809712,5.867714530329725,3.3154790834053482,0.1,54.0,3.0,,,
Tooro,2020,first_season,millet,2,dummy_mean,pca,crop_centered,0.4632153663470989,0.5037608268836823,1.954636271112969,0.588523876879771,-0.040545460536583366,0.0,-2.811718256521666,3.8192399102890304,3.3154790834053482,0.1,54.0,3.0,,,
Tooro,2020,first_season,rice,2,dummy_mean,pca,crop_centered,1.3679142770311534,1.6593327684960462,1.954636271112969,1.5849672137717488,-0.29141849146489274,0.0,-1.656146314909302,4.974811851901395,3.3154790834053482,0.1,54.0,3.0,,,
Tooro,2020,first_season,simsim,2,dummy_mean,pca,crop_centered,0.2778595226860031,0.3901448324077617,1.954636271112969,0.4194896280774281,-0.11228530972175865,-5.551115123125783e-17,-2.9253342509975866,3.70562391581311,3.3154790834053482,0.1,54.0,3.0,,,
Tooro,2020,first_season,sorghum,2,dummy_mean,pca,crop_centered,0.5962480462055857,1.0149560162979054,1.954636271112969,1.1729743338682894,-0.41870797009231975,0.0,-2.300523067107443,4.330435099703253,3.3154790834053482,0.1,54.0,3.0,,,
Tooro,2020,first_season,soya_beans,2,dummy_mean,pca,crop_centered,0.4113045140407508,3.754176362626278,1.954636271112969,2.9108857754523334,-3.3428718485855273,0.0,0.4386972792209298,7.069655446031627,3.3154790834053482,0.1,54.0,3.0,,,
Tooro,2020,first_season,sweet_potatoes,2,dummy_mean,pca,crop_centered,2.031705860523254,6.131447005639232,1.954636271112969,5.708455116324331,-4.099741145115978,0.0,2.8159679222338836,9.446926089044581,3.3154790834053482,0.1,54.0,3.0,,,
Tooro,2020,second_season,beans,2,dummy_mean,pca,crop_centered,1.1835686146592244,0.8133275038531373,1.954636271112969,0.800459608567741,0.370241110806087,0.0,-2.502151579552211,4.128806587258485,3.3154790834053482,0.1,54.0,3.0,,,
Tooro,2020,second_season,groundnuts,2,dummy_mean,pca,crop_centered,0.8188652144271537,0.5229996476090061,1.954636271112969,0.5508650616816889,0.2958655668181476,0.0,-2.7924794357963423,3.838478731014354,3.3154790834053482,0.1,54.0,3.0,,,
Tooro,2020,second_season,irish_potatoes,2,dummy_mean,pca,crop_centered,5.09052971295232,3.7755392057018193,1.954636271112969,4.160319420588475,1.314990507250501,0.0,0.4600601222964711,7.091018289107168,3.3154790834053482,0.1,54.0,3.0,,,
Tooro,2020,second_season,maize,2,dummy_mean,pca,crop_centered,4.280134298861752,2.552235446924377,1.954636271112969,2.445749569645221,1.7278988519373746,0.0,-0.7632436364809712,5.867714530329725,3.3154790834053482,0.1,54.0,3.0,,,
Tooro,2020,second_season,millet,2,dummy_mean,pca,crop_centered,1.0445138088407484,0.5037608268836823,1.954636271112969,0.588523876879771,0.5407529819570661,0.0,-2.811718256521666,3.8192399102890304,3.3154790834053482,0.1,54.0,3.0,,,
Tooro,2020,second_season,rice,2,dummy_mean,pca,crop_centered,2.631104714179096,1.6593327684960462,1.954636271112969,1.5849672137717488,0.9717719456830498,0.0,-1.656146314909302,4.974811851901395,3.3154790834053482,0.1,54.0,3.0,,,
Tooro,2020,second_season,simsim,2,dummy_mean,pca,crop_centered,0.3096258716658019,0.3901448324077617,1.954636271112969,0.4194896280774281,-0.08051896074195986,-5.551115123125783e-17,-2.9253342509975866,3.70562391581311,3.3154790834053482,0.1,54.0,3.0,,,
Tooro,2020,second_season,sorghum,2,dummy_mean,pca,crop_centered,1.958342814699392,1.0149560162979054,1.954636271112969,1.1729743338682894,0.9433867984014865,0.0,-2.300523067107443,4.330435099703253,3.3154790834053482,0.1,54.0,3.0,,,
Tooro,2020,second_season,soya_beans,2,dummy_mean,pca,crop_centered,0.5816289868880459,3.754176362626278,1.954636271112969,2.9108857754523334,-3.1725473757382323,0.0,0.4386972792209298,7.069655446031627,3.3154790834053482,0.1,54.0,3.0,,,
Tooro,2020,second_season,sweet_potatoes,2,dummy_mean,pca,crop_centered,17.19569748995181,6.131447005639232,1.954636271112969,5.708455116324331,11.06425048431258,0.0,2.8159679222338836,9.446926089044581,3.3154790834053482,0.1,54.0,3.0,,,
Ankole,2020,first_season,beans,3,dummy_mean,pca,crop_centered,0.7107039593083359,0.808628118737357,2.0662856437501507,0.7992436624389453,-0.09792415942902111,0.0,-2.106582196987842,3.723838434462556,2.915210315725199,0.1,52.0,3.0,,,
Ankole,2020,first_season,groundnuts,3,dummy_mean,pca,crop_centered,0.4892093570559104,0.5658600062564821,2.0662856437501507,0.5683245101391033,-0.07665064920057174,0.0,-2.3493503094687167,3.481070321981681,2.915210315725199,0.1,52.0,3.0,,,
Ankole,2020,first_season,irish_potatoes,3,dummy_mean,pca,crop_centered,2.6066656470507263,4.952657344351674,2.0662856437501507,4.967854759378325,-2.3459916973009474,0.0,2.0374470286264748,7.867867660076873,2.915210315725199,0.1,52.0,3.0,,,
Ankole,2020,first_season,maize,3,dummy_mean,pca,crop_centered,2.2911775934330265,2.800273944073716,2.0662856437501507,2.5683997769092572,-0.5090963506406894,0.0,-0.11493637165148307,5.715484259798915,2.915210315725199,0.1,52.0,3.0,,,
Ankole,2020,first_season,millet,3,dummy_mean,pca,crop_centered,1.2807764204080456,0.5137154037373509,2.0662856437501507,0.49735850693119044,0.7670610166706947,0.0,-2.401494911987848,3.42892571946255,2.915210315725199,0.1,52.0,3.0,,,
Ankole,2020,first_season,sorghum,3,dummy_mean,pca,crop_centered,0.660753068253978,1.4380549095547759,2.0662856437501507,1.4121707856008021,-0.7773018413007979,0.0,-1.477155406170423,4.353265225279975,2.915210315725199,0.1,52.0,3.0,,,
Ankole,2020,first_season,soya_beans,3,dummy_mean,pca,crop_centered,0.3377821773864262,3.50906489300093,2.0662856437501507,2.823781736252928,-3.171282715614504,0.0,0.5938545772757311,6.4242752087261294,2.915210315725199,0.1,52.0,3.0,,,
Ankole,2020,first_season,sweet_potatoes,3,dummy_mean,pca,crop_centered,4.329712242698299,6.1588817653364885,2.0662856437501507,6.104335473351614,-1.8291695226381899,0.0,3.2436714496112895,9.074092081061687,2.915210315725199,0.1,52.0,3.0,,,
Ankole,2020,second_season,beans,3,dummy_mean,pca,crop_centered,1.3411688832335629,0.808628118737357,2.0662856437501507,0.7992436624389453,0.5325407644962059,0.0,-2.106582196987842,3.723838434462556,2.915210315725199,0.1,52.0,3.0,,,
Ankole,2020,second_season,groundnuts,3,dummy_mean,pca,crop_centered,0.556144731073507,0.5658600062564821,2.0662856437501507,0.5683245101391033,-0.009715275182975103,0.0,-2.3493503094687167,3.481070321981681,2.915210315725199,0.1,52.0,3.0,,,
Ankole,2020,second_season,irish_potatoes,3,dummy_mean,pca,crop_centered,4.840624253728912,4.952657344351674,2.0662856437501507,4.967854759378325,-0.11203309062276201,0.0,2.0374470286264748,7.867867660076873,2.915210315725199,0.1,52.0,3.0,,,
Ankole,2020,second_season,maize,3,dummy_mean,pca,crop_centered,4.746403988018382,2.800273944073716,2.0662856437501507,2.5683997769092572,1.9461300439446658,0.0,-0.11493637165148307,5.715484259798915,2.915210315725199,0.1,52.0,3.0,,,
Ankole,2020,second_season,millet,3,dummy_mean,pca,crop_centered,0.7193080425140036,0.5137154037373509,2.0662856437501507,0.49735850693119044,0.20559263877665268,0.0,-2.401494911987848,3.42892571946255,2.915210315725199,0.1,52.0,3.0,,,
Ankole,2020,second_season,sorghum,3,dummy_mean,pca,crop_centered,1.8183667473252825,1.4380549095547759,2.0662856437501507,1.4121707856008021,0.3803118377705066,0.0,-1.477155406170423,4.353265225279975,2.915210315725199,0.1,52.0,3.0,,,
Ankole,2020,second_season,sweet_potatoes,3,dummy_mean,pca,crop_centered,7.086512596688682,6.1588817653364885,2.0662856437501507,6.104335473351614,0.9276308313521939,0.0,3.2436714496112895,9.074092081061687,2.915210315725199,0.1,52.0,3.0,,,
Bukedi,2020,first_season,beans,3,dummy_mean,pca,crop_centered,0.5175817230094646,0.808628118737357,2.0662856437501507,0.7992436624389453,-0.29104639572789237,0.0,-2.106582196987842,3.723838434462556,2.915210315725199,0.1,52.0,3.0,,,
Bukedi,2020,first_season,groundnuts,3,dummy_mean,pca,crop_centered,0.4770632662036267,0.5658600062564821,2.0662856437501507,0.5683245101391033,-0.08879674005285543,0.0,-2.3493503094687167,3.481070321981681,2.915210315725199,0.1,52.0,3.0,,,
Bukedi,2020,first_season,maize,3,dummy_mean,pca,crop_centered,1.5470171390615697,2.800273944073716,2.0662856437501507,2.5683997769092572,-1.2532568050121462,0.0,-0.11493637165148307,5.715484259798915,2.915210315725199,0.1,52.0,3.0,,,
Bukedi,2020,first_season,millet,3,dummy_mean,pca,crop_centered,0.4272092427017133,0.5137154037373509,2.0662856437501507,0.49735850693119044,-0.08650616103563763,0.0,-2.401494911987848,3.42892571946255,2.915210315725199,0.1,52.0,3.0,,,
Bukedi,2020,first_season,rice,3,dummy_mean,pca,crop_centered,1.3882164630489435,1.6133241533269713,2.0662856437501507,1.63417854787639,-0.2251076902780278,0.0,-1.3018861623982276,4.52853446905217,2.915210315725199,0.1,52.0,3.0,,,
Bukedi,2020,first_season,simsim,3,dummy_mean,pca,crop_centered,0.3317125177589506,0.44682155446236765,2.0662856437501507,0.4267172973635351,-0.1151090367034171,-5.551115123125783e-17,-2.4683887612628315,3.3620318701875664,2.915210315725199,0.1,52.0,3.0,,,
Bukedi,2020,first_season,sorghum,3,dummy_mean,pca,crop_centered,0.5913910230747661,1.4380549095547759,2.0662856437501507,1.4121707856008021,-0.8466638864800098,0.0,-1.477155406170423,4.353265225279975,2.915210315725199,0.1,52.0,3.0,,,
Bukedi,2020,first_season,soya_beans,3,dummy_mean,pca,crop_centered,0.4175993889818736,3.50906489300093,2.0662856437501507,2.823781736252928,-3.0914655040190566,0.0,0.5938545772757311,6.4242752087261294,2.915210315725199,0.1,52.0,3.0,,,
Bukedi,2020,first_season,sweet_potatoes,3,dummy_mean,pca,crop_centered,2.6225674475211567,6.1588817653364885,2.0662856437501507,6.104335473351614,-3.536314317815332,0.0,3.2436714496112895,9.074092081061687,2.915210315725199,0.1,52.0,3.0,,,
Bukedi,2020,second_season,beans,3,dummy_mean,pca,crop_centered,0.7056484947012807,0.808628118737357,2.0662856437501507,0.7992436624389453,-0.1029796240360763,0.0,-2.106582196987842,3.723838434462556,2.915210315725199,0.1,52.0,3.0,,,
Bukedi,2020,second_season,groundnuts,3,dummy_mean,pca,crop_centered,0.5641103408681046,0.5658600062564821,2.0662856437501507,0.5683245101391033,-0.0017496653883775082,0.0,-2.3493503094687167,3.481070321981681,2.915210315725199,0.1,52.0,3.0,,,
Bukedi,2020,second_season,maize,3,dummy_mean,pca,crop_centered,2.5941966847486744,2.800273944073716,2.0662856437501507,2.5683997769092572,-0.2060772593250415,0.0,-0.11493637165148307,5.715484259798915,2.915210315725199,0.1,52.0,3.0,,,
Bukedi,2020,second_season,millet,3,dummy_mean,pca,crop_centered,2.0388508171880413,0.5137154037373509,2.0662856437501507,0.49735850693119044,1.5251354134506903,0.0,-2.401494911987848,3.42892571946255,2.915210315725199,0.1,52.0,3.0,,,
Bukedi,2020,second_season,rice,3,dummy_mean,pca,crop_centered,1.4277627442802343,1.6133241533269713,2.0662856437501507,1.63417854787639,-0.185561409046737,0.0,-1.3018861623982276,4.52853446905217,2.915210315725199,0.1,52.0,3.0,,,
Bukedi,2020,second_season,simsim,3,dummy_mean,pca,crop_centered,0.3924463982333242,0.44682155446236765,2.0662856437501507,0.4267172973635351,-0.054375156229043486,-5.551115123125783e-17,-2.4683887612628315,3.3620318701875664,2.915210315725199,0.1,52.0,3.0,,,
Bukedi,2020,second_season,sorghum,3,dummy_mean,pca,crop_centered,0.8805407710527358,1.4380549095547759,2.0662856437501507,1.4121707856008021,-0.5575141385020401,0.0,-1.477155406170423,4.353265225279975,2.915210315725199,0.1,52.0,3.0,,,
Bukedi,2020,second_season,soya_beans,3,dummy_mean,pca,crop_centered,0.8286553858983726,3.50906489300093,2.0662856437501507,2.823781736252928,-2.6804095071025573,0.0,0.5938545772757311,6.4242752087261294,2.915210315725199,0.1,52.0,3.0,,,
Bukedi,2020,second_season,sweet_potatoes,3,dummy_mean,pca,crop_centered,6.335755329287477,6.1588817653364885,2.0662856437501507,6.104335473351614,0.17687356395098863,0.0,3.2436714496112895,9.074092081061687,2.915210315725199,0.1,52.0,3.0,,,
West Nile,2020,first_season,beans,3,dummy_mean,pca,crop_centered,0.5251432400895707,0.808628118737357,2.0662856437501507,0.7992436624389453,-0.28348487864778626,0.0,-2.106582196987842,3.723838434462556,2.915210315725199,0.1,52.0,3.0,,,
West Nile,2020,first_season,groundnuts,3,dummy_mean,pca,crop_centered,0.4055485017270916,0.5658600062564821,2.0662856437501507,0.5683245101391033,-0.16031150452939052,0.0,-2.3493503094687167,3.481070321981681,2.915210315725199,0.1,52.0,3.0,,,
West Nile,2020,first_season,irish_potatoes,3,dummy_mean,pca,crop_centered,1.4211566881060225,4.952657344351674,2.0662856437501507,4.967854759378325,-3.531500656245651,0.0,2.0374470286264748,7.867867660076873,2.915210315725199,0.1,52.0,3.0,,,
West Nile,2020,first_season,maize,3,dummy_mean,pca,crop_centered,1.2660956469166913,2.800273944073716,2.0662856437501507,2.5683997769092572,-1.5341782971570246,0.0,-0.11493637165148307,5.715484259798915,2.915210315725199,0.1,52.0,3.0,,,
West Nile,2020,first_season,millet,3,dummy_mean,pca,crop_centered,0.2167646962160385,0.5137154037373509,2.0662856437501507,0.49735850693119044,-0.2969507075213124,0.0,-2.401494911987848,3.42892571946255,2.915210315725199,0.1,52.0,3.0,,,
West Nile,2020,first_season,rice,3,dummy_mean,pca,crop_centered,1.4018188844017143,1.6133241533269713,2.0662856437501507,1.63417854787639,-0.211505268925257,0.0,-1.3018861623982276,4.52853446905217,2.915210315725199,0.1,52.0,3.0,,,
West Nile,2020,first_season,simsim,3,dummy_mean,pca,crop_centered,0.4766810107273866,0.44682155446236765,2.0662856437501507,0.4267172973635351,0.029859456265018902,-5.551115123125783e-17,-2.4683887612628315,3.3620318701875664,2.915210315725199,0.1,52.0,3.0,,,
West Nile,2020,first_season,sorghum,3,dummy_mean,pca,crop_centered,0.391054248417342,1.4380549095547759,2.0662856437501507,1.4121707856008021,-1.0470006611374338,0.0,-1.477155406170423,4.353265225279975,2.915210315725199,0.1,52.0,3.0,,,
West Nile,2020,first_season,soya_beans,3,dummy_mean,pca,crop_centered,0.8717117441917551,3.50906489300093,2.0662856437501507,2.823781736252928,-2.637353148809175,0.0,0.5938545772757311,6.4242752087261294,2.915210315725199,0.1,52.0,3.0,,,
West Nile,2020,first_season,sweet_potatoes,3,dummy_mean,pca,crop_centered,5.41252141626667,6.1588817653364885,2.0662856437501507,6.104335473351614,-0.7463603490698185,0.0,3.2436714496112895,9.074092081061687,2.915210315725199,0.1,52.0,3.0,,,
West Nile,2020,second_season,beans,3,dummy_mean,pca,crop_centered,0.7559563988183644,0.808628118737357,2.0662856437501507,0.7992436624389453,-0.052671719918992554,0.0,-2.106582196987842,3.723838434462556,2.915210315725199,0.1,52.0,3.0,,,
West Nile,2020,second_season,groundnuts,3,dummy_mean,pca,crop_centered,0.6957406402698985,0.5658600062564821,2.0662856437501507,0.5683245101391033,0.12988063401341632,0.0,-2.3493503094687167,3.481070321981681,2.915210315725199,0.1,52.0,3.0,,,
West Nile,2020,second_season,irish_potatoes,3,dummy_mean,pca,crop_centered,3.3207905514628413,4.952657344351674,2.0662856437501507,4.967854759378325,-1.6318667928888324,0.0,2.0374470286264748,7.867867660076873,2.915210315725199,0.1,52.0,3.0,,,
West Nile,2020,second_season,maize,3,dummy_mean,pca,crop_centered,2.6368413584111803,2.800273944073716,2.0662856437501507,2.5683997769092572,-0.1634325856625356,0.0,-0.11493637165148307,5.715484259798915,2.915210315725199,0.1,52.0,3.0,,,
West Nile,2020,second_season,millet,3,dummy_mean,pca,crop_centered,0.6973987237560337,0.5137154037373509,2.0662856437501507,0.49735850693119044,0.18368332001868282,0.0,-2.401494911987848,3.42892571946255,2.915210315725199,0.1,52.0,3.0,,,
West Nile,2020,second_season,rice,3,dummy_mean,pca,crop_centered,1.5518859303284125,1.6133241533269713,2.0662856437501507,1.63417854787639,-0.061438222998558834,0.0,-1.3018861623982276,4.52853446905217,2.915210315725199,0.1,52.0,3.0,,,
West Nile,2020,second_season,simsim,3,dummy_mean,pca,crop_centered,0.3973328781148473,0.44682155446236765,2.0662856437501507,0.4267172973635351,-0.04948867634752041,-5.551115123125783e-17,-2.4683887612628315,3.3620318701875664,2.915210315725199,0.1,52.0,3.0,,,
West Nile,2020,second_season,sorghum,3,dummy_mean,pca,crop_centered,1.2622030417153625,1.4380549095547759,2.0662856437501507,1.4121707856008021,-0.17585186783941342,0.0,-1.477155406170423,4.353265225279975,2.915210315725199,0.1,52.0,3.0,,,
West Nile,2020,second_season,soya_beans,3,dummy_mean,pca,crop_centered,0.6049960464155939,3.50906489300093,2.0662856437501507,2.823781736252928,-2.904068846585336,0.0,0.5938545772757311,6.4242752087261294,2.915210315725199,0.1,52.0,3.0,,,
West Nile,2020,second_season,sweet_potatoes,3,dummy_mean,pca,crop_centered,10.90567139457088,6.1588817653364885,2.0662856437501507,6.104335473351614,4.746789629234392,0.0,3.2436714496112895,9.074092081061687,2.915210315725199,0.1,52.0,3.0,,,
Busoga,2020,first_season,beans,4,dummy_mean,pca,crop_centered,0.6401206168693182,0.7634689035122577,1.8016671470305063,0.7725881369501938,-0.12334828664293962,-1.1102230246251565e-16,-2.416716573268859,3.943654380293374,3.1801854767811166,0.1,58.0,3.0,,,
Busoga,2020,first_season,groundnuts,4,dummy_mean,pca,crop_centered,0.3322482939632105,0.5188627869023564,1.8016671470305063,0.5479446238104857,-0.18661449293914606,-1.1102230246251565e-16,-2.66132268987876,3.699048263683473,3.1801854767811166,0.1,58.0,3.0,,,
Busoga,2020,first_season,maize,4,dummy_mean,pca,crop_centered,1.5222384603844508,2.7063907234680644,1.8016671470305063,2.6412707918169636,-1.1841522630836137,0.0,-0.4737947533130522,5.886576200249181,3.1801854767811166,0.1,58.0,3.0,,,
Busoga,2020,first_season,millet,4,dummy_mean,pca,crop_centered,0.6572884828877947,0.5993998292831576,1.8016671470305063,0.5738783706046435,0.05788865360463702,-1.1102230246251565e-16,-2.580785647497959,3.7795853060642743,3.1801854767811166,0.1,58.0,3.0,,,
Busoga,2020,first_season,rice,4,dummy_mean,pca,crop_centered,1.4797729580148753,1.3458251622670458,1.8016671470305063,1.4257179867225263,0.13394779574782945,0.0,-1.8343603145140708,4.526010639048162,3.1801854767811166,0.1,58.0,3.0,,,
Busoga,2020,first_season,simsim,4,dummy_mean,pca,crop_centered,0.3994351113633946,0.4721084564074856,1.8016671470305063,0.42925700279116347,-0.07267334504409112,-1.1102230246251565e-16,-2.708077020373631,3.652293933188602,3.1801854767811166,0.1,58.0,3.0,,,
Busoga,2020,first_season,sorghum,4,dummy_mean,pca,crop_centered,0.6036980012037914,1.4638620279829562,1.8016671470305063,1.3361928120558897,-0.8601640267791648,0.0,-1.7163234487981605,4.644047504764073,3.1801854767811166,0.1,58.0,3.0,,,
Busoga,2020,first_season,soya_beans,4,dummy_mean,pca,crop_centered,0.4333391184708587,0.6202065574954561,1.8016671470305063,0.6555232704687651,-0.18686743902459746,-1.1102230246251565e-16,-2.5599789192856606,3.8003920342765727,3.1801854767811166,0.1,58.0,3.0,,,
Busoga,2020,first_season,sweet_potatoes,4,dummy_mean,pca,crop_centered,3.4113171715767456,5.211891337304371,1.8016671470305063,6.5300697168629425,-1.800574165727625,0.0,2.031705860523254,8.392076814085488,3.1801854767811166,0.1,58.0,3.0,,,
Busoga,2020,second_season,beans,4,dummy_mean,pca,crop_centered,0.8018694899438293,0.7634689035122577,1.8016671470305063,0.7725881369501938,0.038400586431571515,-1.1102230246251565e-16,-2.416716573268859,3.943654380293374,3.1801854767811166,0.1,58.0,3.0,,,
Busoga,2020,second_season,groundnuts,4,dummy_mean,pca,crop_centered,0.4062549460293829,0.5188627869023564,1.8016671470305063,0.5479446238104857,-0.11260784087297365,-1.1102230246251565e-16,-2.66132268987876,3.699048263683473,3.1801854767811166,0.1,58.0,3.0,,,
Busoga,2020,second_season,maize,4,dummy_mean,pca,crop_centered,1.7237131684916815,2.7063907234680644,1.8016671470305063,2.6412707918169636,-0.9826775549763829,0.0,-0.4737947533130522,5.886576200249181,3.1801854767811166,0.1,58.0,3.0,,,
Busoga,2020,second_season,millet,4,dummy_mean,pca,crop_centered,0.2369138654637815,0.5993998292831576,1.8016671470305063,0.5738783706046435,-0.36248596381937626,-1.1102230246251565e-16,-2.580785647497959,3.7795853060642743,3.1801854767811166,0.1,58.0,3.0,,,
Busoga,2020,second_season,rice,4,dummy_mean,pca,crop_centered,2.088480457936548,1.3458251622670458,1.8016671470305063,1.4257179867225263,0.7426552956695021,0.0,-1.8343603145140708,4.526010639048162,3.1801854767811166,0.1,58.0,3.0,,,
Busoga,2020,second_season,simsim,4,dummy_mean,pca,crop_centered,0.2995884010467337,0.4721084564074856,1.8016671470305063,0.42925700279116347,-0.17252005536075204,-1.1102230246251565e-16,-2.708077020373631,3.652293933188602,3.1801854767811166,0.1,58.0,3.0,,,
Busoga,2020,second_season,sorghum,4,dummy_mean,pca,crop_centered,0.6561084833674863,1.4638620279829562,1.8016671470305063,1.3361928120558897,-0.8077535446154699,0.0,-1.7163234487981605,4.644047504764073,3.1801854767811166,0.1,58.0,3.0,,,
Busoga,2020,second_season,soya_beans,4,dummy_mean,pca,crop_centered,0.5938545772757312,0.6202065574954561,1.8016671470305063,0.6555232704687651,-0.026351980219724958,-1.1102230246251565e-16,-2.5599789192856606,3.8003920342765727,3.1801854767811166,0.1,58.0,3.0,,,
Busoga,2020,second_season,sweet_potatoes,4,dummy_mean,pca,crop_centered,4.046477355605773,5.211891337304371,1.8016671470305063,6.5300697168629425,-1.165413981698598,0.0,2.031705860523254,8.392076814085488,3.1801854767811166,0.1,58.0,3.0,,,
Kigezi,2020,first_season,beans,4,dummy_mean,pca,crop_centered,0.6821726355797036,0.7634689035122577,1.8016671470305063,0.7725881369501938,-0.08129626793255418,-1.1102230246251565e-16,-2.416716573268859,3.943654380293374,3.1801854767811166,0.1,58.0,3.0,,,
Kigezi,2020,first_season,groundnuts,4,dummy_mean,pca,crop_centered,0.4632654520489824,0.5188627869023564,1.8016671470305063,0.5479446238104857,-0.05559733485337415,-1.1102230246251565e-16,-2.66132268987876,3.699048263683473,3.1801854767811166,0.1,58.0,3.0,,,
Kigezi,2020,first_season,irish_potatoes,4,dummy_mean,pca,crop_centered,5.319403533719373,4.516450325599331,1.8016671470305063,4.047210229393464,0.8029532081200417,0.0,1.3362648488182147,7.696635802380448,3.1801854767811166,0.1,58.0,3.0,,,
Kigezi,2020,first_season,maize,4,dummy_mean,pca,crop_centered,1.6788303054282812,2.7063907234680644,1.8016671470305063,2.6412707918169636,-1.0275604180397833,0.0,-0.4737947533130522,5.886576200249181,3.1801854767811166,0.1,58.0,3.0,,,
Kigezi,2020,first_season,millet,4,dummy_mean,pca,crop_centered,0.7582314811841495,0.5993998292831576,1.8016671470305063,0.5738783706046435,0.1588316519009918,-1.1102230246251565e-16,-2.580785647497959,3.7795853060642743,3.1801854767811166,0.1,58.0,3.0,,,
Kigezi,2020,first_season,rice,4,dummy_mean,pca,crop_centered,1.457131297713486,1.3458251622670458,1.8016671470305063,1.4257179867225263,0.11130613544644019,0.0,-1.8343603145140708,4.526010639048162,3.1801854767811166,0.1,58.0,3.0,,,
Kigezi,2020,first_season,sorghum,4,dummy_mean,pca,crop_centered,0.9963816683569464,1.4638620279829562,1.8016671470305063,1.3361928120558897,-0.46748035962600976,0.0,-1.7163234487981605,4.644047504764073,3.1801854767811166,0.1,58.0,3.0,,,
Kigezi,2020,first_season,soya_beans,4,dummy_mean,pca,crop_centered,0.5069027622936974,0.6202065574954561,1.8016671470305063,0.6555232704687651,-0.11330379520175882,-1.1102230246251565e-16,-2.5599789192856606,3.8003920342765727,3.1801854767811166,0.1,58.0,3.0,,,
Kigezi,2020,first_season,sweet_potatoes,4,dummy_mean,pca,crop_centered,3.68073317352751,5.211891337304371,1.8016671470305063,6.5300697168629425,-1.5311581637768605,0.0,2.031705860523254,8.392076814085488,3.1801854767811166,0.1,58.0,3.0,,,
Kigezi,2020,second_season,beans,4,dummy_mean,pca,crop_centered,1.2309422257456628,0.7634689035122577,1.8016671470305063,0.7725881369501938,0.467473322233405,-1.1102230246251565e-16,-2.416716573268859,3.943654380293374,3.1801854767811166,0.1,58.0,3.0,,,
Kigezi,2020,second_season,groundnuts,4,dummy_mean,pca,crop_centered,0.7496304931127425,0.5188627869023564,1.8016671470305063,0.5479446238104857,0.230767706210386,-1.1102230246251565e-16,-2.66132268987876,3.699048263683473,3.1801854767811166,0.1,58.0,3.0,,,
Kigezi,2020,second_season,irish_potatoes,4,dummy_mean,pca,crop_centered,7.829884297424306,4.516450325599331,1.8016671470305063,4.047210229393464,3.313433971824975,0.0,1.3362648488182147,7.696635802380448,3.1801854767811166,0.1,58.0,3.0,,,
Kigezi,2020,second_season,maize,4,dummy_mean,pca,crop_centered,4.580426866194772,2.7063907234680644,1.8016671470305063,2.6412707918169636,1.8740361427267076,0.0,-0.4737947533130522,5.886576200249181,3.1801854767811166,0.1,58.0,3.0,,,
Kigezi,2020,second_season,millet,4,dummy_mean,pca,crop_centered,0.96011465247634,0.5993998292831576,1.8016671470305063,0.5738783706046435,0.36071482319318227,-1.1102230246251565e-16,-2.580785647497959,3.7795853060642743,3.1801854767811166,0.1,58.0,3.0,,,
Kigezi,2020,second_season,rice,4,dummy_mean,pca,crop_centered,3.966514747112424,1.3458251622670458,1.8016671470305063,1.4257179867225263,2.620689584845378,0.0,-1.8343603145140708,4.526010639048162,3.1801854767811166,0.1,58.0,3.0,,,
Kigezi,2020,second_season,sorghum,4,dummy_mean,pca,crop_centered,0.9034020239226584,1.4638620279829562,1.8016671470305063,1.3361928120558897,-0.5604600040602977,0.0,-1.7163234487981605,4.644047504764073,3.1801854767811166,0.1,58.0,3.0,,,
Kigezi,2020,second_season,soya_beans,4,dummy_mean,pca,crop_centered,44.29863915774654,0.6202065574954561,1.8016671470305063,0.6555232704687651,43.678432600251085,-1.1102230246251565e-16,-2.5599789192856606,3.8003920342765727,3.1801854767811166,0.1,58.0,3.0,,,
Kigezi,2020,second_season,sweet_potatoes,4,dummy_mean,pca,crop_centered,7.307468270304063,5.211891337304371,1.8016671470305063,6.5300697168629425,2.095576932999692,0.0,2.031705860523254,8.392076814085488,3.1801854767811166,0.1,58.0,3.0,,,
South Buganda,2020,first_season,beans,4,dummy_mean,pca,crop_centered,0.6286830497610721,0.7634689035122577,1.8016671470305063,0.7725881369501938,-0.13478585375118568,-1.1102230246251565e-16,-2.416716573268859,3.943654380293374,3.1801854767811166,0.1,58.0,3.0,,,
South Buganda,2020,first_season,groundnuts,4,dummy_mean,pca,crop_centered,0.6198068833094821,0.5188627869023564,1.8016671470305063,0.5479446238104857,0.10094409640712554,-1.1102230246251565e-16,-2.66132268987876,3.699048263683473,3.1801854767811166,0.1,58.0,3.0,,,
South Buganda,2020,first_season,irish_potatoes,4,dummy_mean,pca,crop_centered,3.3283582090790134,4.516450325599331,1.8016671470305063,4.047210229393464,-1.188092116520318,0.0,1.3362648488182147,7.696635802380448,3.1801854767811166,0.1,58.0,3.0,,,
South Buganda,2020,first_season,maize,4,dummy_mean,pca,crop_centered,1.658719821291578,2.7063907234680644,1.8016671470305063,2.6412707918169636,-1.0476709021764865,0.0,-0.4737947533130522,5.886576200249181,3.1801854767811166,0.1,58.0,3.0,,,
South Buganda,2020,first_season,millet,4,dummy_mean,pca,crop_centered,0.4388892155530794,0.5993998292831576,1.8016671470305063,0.5738783706046435,-0.1605106137300783,-1.1102230246251565e-16,-2.580785647497959,3.7795853060642743,3.1801854767811166,0.1,58.0,3.0,,,
South Buganda,2020,first_season,rice,4,dummy_mean,pca,crop_centered,2.3727137710817736,1.3458251622670458,1.8016671470305063,1.4257179867225263,1.0268886088147278,0.0,-1.8343603145140708,4.526010639048162,3.1801854767811166,0.1,58.0,3.0,,,
South Buganda,2020,first_season,sorghum,4,dummy_mean,pca,crop_centered,0.5363321684614435,1.4638620279829562,1.8016671470305063,1.3361928120558897,-0.9275298595215127,0.0,-1.7163234487981605,4.644047504764073,3.1801854767811166,0.1,58.0,3.0,,,
South Buganda,2020,first_season,soya_beans,4,dummy_mean,pca,crop_centered,0.5931784427704433,0.6202065574954561,1.8016671470305063,0.6555232704687651,-0.027028114725012875,-1.1102230246251565e-16,-2.5599789192856606,3.8003920342765727,3.1801854767811166,0.1,58.0,3.0,,,
South Buganda,2020,first_season,sweet_potatoes,4,dummy_mean,pca,crop_centered,3.666537379696348,5.211891337304371,1.8016671470305063,6.5300697168629425,-1.5453539576080226,0.0,2.031705860523254,8.392076814085488,3.1801854767811166,0.1,58.0,3.0,,,
South Buganda,2020,second_season,beans,4,dummy_mean,pca,crop_centered,1.1321807165247713,0.7634689035122577,1.8016671470305063,0.7725881369501938,0.36871181301251343,-1.1102230246251565e-16,-2.416716573268859,3.943654380293374,3.1801854767811166,0.1,58.0,3.0,,,
South Buganda,2020,second_season,groundnuts,4,dummy_mean,pca,crop_centered,1.0649682679639256,0.5188627869023564,1.8016671470305063,0.5479446238104857,0.5461054810615691,-1.1102230246251565e-16,-2.66132268987876,3.699048263683473,3.1801854767811166,0.1,58.0,3.0,,,
South Buganda,2020,second_season,irish_potatoes,4,dummy_mean,pca,crop_centered,6.759325459944138,4.516450325599331,1.8016671470305063,4.047210229393464,2.242875134344807,0.0,1.3362648488182147,7.696635802380448,3.1801854767811166,0.1,58.0,3.0,,,
South Buganda,2020,second_season,maize,4,dummy_mean,pca,crop_centered,2.314641460829224,2.7063907234680644,1.8016671470305063,2.6412707918169636,-0.39174926263884036,0.0,-0.4737947533130522,5.886576200249181,3.1801854767811166,0.1,58.0,3.0,,,
South Buganda,2020,second_season,millet,4,dummy_mean,pca,crop_centered,0.721953108076217,0.5993998292831576,1.8016671470305063,0.5738783706046435,0.12255327879305933,-1.1102230246251565e-16,-2.580785647497959,3.7795853060642743,3.1801854767811166,0.1,58.0,3.0,,,
South Buganda,2020,second_season,sorghum,4,dummy_mean,pca,crop_centered,3.5799019725152155,1.4638620279829562,1.8016671470305063,1.3361928120558897,2.1160399445322593,0.0,-1.7163234487981605,4.644047504764073,3.1801854767811166,0.1,58.0,3.0,,,
South Buganda,2020,second_season,sweet_potatoes,4,dummy_mean,pca,crop_centered,6.065522206096139,5.211891337304371,1.8016671470305063,6.5300697168629425,0.8536308687917682,0.0,2.031705860523254,8.392076814085488,3.1801854767811166,0.1,58.0,3.0,,,
Bunyoro,2020,first_season,beans,5,dummy_mean,pca,crop_centered,0.8260947143833511,0.7873599752048016,2.0664785772522087,0.7821426946020412,0.03873473917854975,2.220446049250313e-16,-2.4035980688494276,3.978318019259031,3.1909580440542293,0.1,52.0,3.0,,,
Bunyoro,2020,first_season,groundnuts,5,dummy_mean,pca,crop_centered,0.6650306538588546,0.5689105977133552,2.0664785772522087,0.5656278431447842,0.09612005614549968,2.220446049250313e-16,-2.6220474463408743,3.7598686417675844,3.1909580440542293,0.1,52.0,3.0,,,
Bunyoro,2020,first_season,irish_potatoes,5,dummy_mean,pca,crop_centered,2.220589656235262,4.530372738051772,2.0664785772522087,4.7812646841975734,-2.3097830818165104,0.0,1.339414693997543,7.721330782106001,3.1909580440542293,0.1,52.0,3.0,,,
Bunyoro,2020,first_season,maize,5,dummy_mean,pca,crop_centered,2.3426553850030096,2.251864589990565,2.0664785772522087,2.4053055087174147,0.09079079501244447,0.0,-0.9390934540636642,5.442822634044795,3.1909580440542293,0.1,52.0,3.0,,,
Bunyoro,2020,first_season,millet,5,dummy_mean,pca,crop_centered,0.2753703982834791,0.520021113119863,2.0664785772522087,0.6309719027500666,-0.24465071483638368,2.220446049250313e-16,-2.6709369309343662,3.7109791571740924,3.1909580440542293,0.1,52.0,3.0,,,
Bunyoro,2020,first_season,rice,5,dummy_mean,pca,crop_centered,1.4308437859507233,1.6266468254621052,2.0664785772522087,1.611955233813348,-0.19580303951138167,2.220446049250313e-16,-1.5643112185921242,4.817604869516335,3.1909580440542293,0.1,52.0,3.0,,,
Bunyoro,2020,first_season,simsim,5,dummy_mean,pca,crop_centered,0.5005342402042084,0.4109653657299802,2.0664785772522087,0.42646604553162476,0.0895688744742284,1.6653345369377348e-16,-2.7799926783242492,3.6019234097842094,3.1909580440542293,0.1,52.0,3.0,,,
Bunyoro,2020,first_season,sorghum,5,dummy_mean,pca,crop_centered,1.3881045542850072,1.2053489668025201,2.0664785772522087,1.3031889535170247,0.18275558748248732,2.220446049250313e-16,-1.9856090772517092,4.3963070108567495,3.1909580440542293,0.1,52.0,3.0,,,
Bunyoro,2020,first_season,soya_beans,5,dummy_mean,pca,crop_centered,0.6855186697585186,3.233863091762095,2.0664785772522087,2.6171380251865526,-2.5483444220035767,0.0,0.04290504770786585,6.424821135816325,3.1909580440542293,0.1,52.0,3.0,,,
Bunyoro,2020,first_season,sweet_potatoes,5,dummy_mean,pca,crop_centered,2.0298423975087787,6.750135778983715,2.0664785772522087,6.191142717319159,-4.720293381474937,0.0,3.5591777349294857,9.941093823037944,3.1909580440542293,0.1,52.0,3.0,,,
Bunyoro,2020,second_season,beans,5,dummy_mean,pca,crop_centered,1.200511704804833,0.7873599752048016,2.0664785772522087,0.7821426946020412,0.41315172960003166,2.220446049250313e-16,-2.4035980688494276,3.978318019259031,3.1909580440542293,0.1,52.0,3.0,,,
Bunyoro,2020,second_season,groundnuts,5,dummy_mean,pca,crop_centered,0.7713261452057008,0.5689105977133552,2.0664785772522087,0.5656278431447842,0.2024155474923458,2.220446049250313e-16,-2.6220474463408743,3.7598686417675844,3.1909580440542293,0.1,52.0,3.0,,,
Bunyoro,2020,second_season,irish_potatoes,5,dummy_mean,pca,crop_centered,2.6451990178871103,4.530372738051772,2.0664785772522087,4.7812646841975734,-1.8851737201646621,0.0,1.339414693997543,7.721330782106001,3.1909580440542293,0.1,52.0,3.0,,,
Bunyoro,2020,second_season,maize,5,dummy_mean,pca,crop_centered,3.0549264654046246,2.251864589990565,2.0664785772522087,2.4053055087174147,0.8030618754140595,0.0,-0.9390934540636642,5.442822634044795,3.1909580440542293,0.1,52.0,3.0,,,
Bunyoro,2020,second_season,millet,5,dummy_mean,pca,crop_centered,0.4212512776206598,0.520021113119863,2.0664785772522087,0.6309719027500666,-0.09876983549920298,2.220446049250313e-16,-2.6709369309343662,3.7109791571740924,3.1909580440542293,0.1,52.0,3.0,,,
Bunyoro,2020,second_season,rice,5,dummy_mean,pca,crop_centered,1.6224963809696238,1.6266468254621052,2.0664785772522087,1.611955233813348,-0.004150444492481142,2.220446049250313e-16,-1.5643112185921242,4.817604869516335,3.1909580440542293,0.1,52.0,3.0,,,
Bunyoro,2020,second_season,sorghum,5,dummy_mean,pca,crop_centered,0.8920114348791089,1.2053489668025201,2.0664785772522087,1.3031889535170247,-0.31333753192341096,2.220446049250313e-16,-1.9856090772517092,4.3963070108567495,3.1909580440542293,0.1,52.0,3.0,,,
Bunyoro,2020,second_season,soya_beans,5,dummy_mean,pca,crop_centered,0.7040260876893635,3.233863091762095,2.0664785772522087,2.6171380251865526,-2.5298370040727316,0.0,0.04290504770786585,6.424821135816325,3.1909580440542293,0.1,52.0,3.0,,,
Bunyoro,2020,second_season,sweet_potatoes,5,dummy_mean,pca,crop_centered,8.162182280896847,6.750135778983715,2.0664785772522087,6.191142717319159,1.4120465019131316,0.0,3.5591777349294857,9.941093823037944,3.1909580440542293,0.1,52.0,3.0,,,
Karamoja,2020,first_season,beans,5,dummy_mean,pca,crop_centered,0.5422885207412549,0.7873599752048016,2.0664785772522087,0.7821426946020412,-0.2450714544635465,2.220446049250313e-16,-2.4035980688494276,3.978318019259031,3.1909580440542293,0.1,52.0,3.0,,,
Karamoja,2020,first_season,groundnuts,5,dummy_mean,pca,crop_centered,0.5747979489963491,0.5689105977133552,2.0664785772522087,0.5656278431447842,0.005887351282994113,2.220446049250313e-16,-2.6220474463408743,3.7598686417675844,3.1909580440542293,0.1,52.0,3.0,,,
Karamoja,2020,first_season,maize,5,dummy_mean,pca,crop_centered,1.2175480596073385,2.251864589990565,2.0664785772522087,2.4053055087174147,-1.0343165303832267,0.0,-0.9390934540636642,5.442822634044795,3.1909580440542293,0.1,52.0,3.0,,,
Karamoja,2020,first_season,millet,5,dummy_mean,pca,crop_centered,0.2665642826776189,0.520021113119863,2.0664785772522087,0.6309719027500666,-0.2534568304422439,2.220446049250313e-16,-2.6709369309343662,3.7109791571740924,3.1909580440542293,0.1,52.0,3.0,,,
Karamoja,2020,first_season,rice,5,dummy_mean,pca,crop_centered,1.5488549025864504,1.6266468254621052,2.0664785772522087,1.611955233813348,-0.0777919228756545,2.220446049250313e-16,-1.5643112185921242,4.817604869516335,3.1909580440542293,0.1,52.0,3.0,,,
Karamoja,2020,first_season,simsim,5,dummy_mean,pca,crop_centered,0.2487265028776165,0.4109653657299802,2.0664785772522087,0.42646604553162476,-0.16223886285236355,1.6653345369377348e-16,-2.7799926783242492,3.6019234097842094,3.1909580440542293,0.1,52.0,3.0,,,
Karamoja,2020,first_season,sorghum,5,dummy_mean,pca,crop_centered,0.6347991969213849,1.2053489668025201,2.0664785772522087,1.3031889535170247,-0.570549769881135,2.220446049250313e-16,-1.9856090772517092,4.3963070108567495,3.1909580440542293,0.1,52.0,3.0,,,
Karamoja,2020,first_season,soya_beans,5,dummy_mean,pca,crop_centered,0.5697981563805337,3.233863091762095,2.0664785772522087,2.6171380251865526,-2.6640649353815613,0.0,0.04290504770786585,6.424821135816325,3.1909580440542293,0.1,52.0,3.0,,,
Karamoja,2020,second_season,groundnuts,5,dummy_mean,pca,crop_centered,0.1047330767226874,0.5689105977133552,2.0664785772522087,0.5656278431447842,-0.46417752099066756,2.220446049250313e-16,-2.6220474463408743,3.7598686417675844,3.1909580440542293,0.1,52.0,3.0,,,
Karamoja,2020,second_season,maize,5,dummy_mean,pca,crop_centered,7.244065383360269,2.251864589990565,2.0664785772522087,2.4053055087174147,4.992200793369704,0.0,-0.9390934540636642,5.442822634044795,3.1909580440542293,0.1,52.0,3.0,,,
Karamoja,2020,second_season,millet,5,dummy_mean,pca,crop_centered,0.349296866505584,0.520021113119863,2.0664785772522087,0.6309719027500666,-0.17072424661427876,2.220446049250313e-16,-2.6709369309343662,3.7109791571740924,3.1909580440542293,0.1,52.0,3.0,,,
Karamoja,2020,second_season,sorghum,5,dummy_mean,pca,crop_centered,2.480616112563021,1.2053489668025201,2.0664785772522087,1.3031889535170247,1.2752671457605012,2.220446049250313e-16,-1.9856090772517092,4.3963070108567495,3.1909580440542293,0.1,52.0,3.0,,,
Acholi,2020,first_season,beans,1,ridge,pca,crop_centered,0.8570862730857126,0.44096785702234786,2.1075068827579884,0.7986540097128687,0.04870770997381679,-0.36741070608954796,-2.3113057713427425,3.1932414853874382,2.7522736283650904,0.1,56.0,3.0,,,
Acholi,2020,first_season,groundnuts,1,ridge,pca,crop_centered,0.579730411471064,0.18932672636333026,2.1075068827579884,0.5687183500759414,0.006510543794724044,-0.38389314131300967,-2.56294690200176,2.9416003547284206,2.7522736283650904,0.1,56.0,3.0,,,
Acholi,2020,first_season,maize,1,ridge,pca,crop_centered,1.6268858066002263,2.463371952699795,2.1075068827579884,2.7363424889537766,-1.2203792874125785,-0.3838931413130098,-0.28890167566529534,5.215645581064885,2.7522736283650904,0.1,56.0,3.0,,,
Acholi,2020,first_season,millet,1,ridge,pca,crop_centered,0.2602112569707439,0.31120648712047255,2.1075068827579884,0.6354044224045948,-0.4082707696525939,-0.3572755395028652,-2.4410671412446177,3.063480115485563,2.7522736283650904,0.1,56.0,3.0,,,
Acholi,2020,first_season,rice,1,ridge,pca,crop_centered,1.8354492390020587,1.4060244879001667,2.1075068827579884,1.7589076363956022,0.10709547858749491,-0.32232927251439714,-1.3462491404649237,4.158298116265257,2.7522736283650904,0.1,56.0,3.0,,,
Acholi,2020,first_season,simsim,1,ridge,pca,crop_centered,0.2405641336366695,0.07311826230451146,2.1075068827579884,0.3999465592781099,-0.15530020128265887,-0.3227460726148169,-2.679155366060579,2.825391890669602,2.7522736283650904,0.1,56.0,3.0,,,
Acholi,2020,first_season,sorghum,1,ridge,pca,crop_centered,0.7136992535711828,1.0477578753785322,2.1075068827579884,1.3246497888304674,-0.7179517631203591,-0.3838931413130098,-1.7045157529865582,3.8000315037436225,2.7522736283650904,0.1,56.0,3.0,,,
Acholi,2020,first_season,soya_beans,1,ridge,pca,crop_centered,1.0958248492916711,0.2436248050700286,2.1075068827579884,2.930292181557787,0.5439777302591492,-0.30822231396249333,-2.508648823295062,2.995898433435119,2.7522736283650904,0.1,56.0,3.0,,,
Acholi,2020,first_season,sweet_potatoes,1,ridge,pca,crop_centered,7.360751879011887,4.877579129391087,2.1075068827579884,5.983658411491209,2.0968759264541275,-0.38629682316667235,2.1253055010259967,7.629852757756177,2.7522736283650904,0.1,56.0,3.0,,,
Acholi,2020,second_season,beans,1,ridge,pca,crop_centered,0.8791468943891129,1.298884039390871,2.1075068827579884,0.7986540097128687,0.07076833127721704,0.4905054762789751,-1.4533895889742194,4.0511576677559615,2.7522736283650904,0.1,56.0,3.0,,,
Acholi,2020,second_season,groundnuts,1,ridge,pca,crop_centered,0.774283389787513,1.0472429087318533,2.1075068827579884,0.5687183500759414,0.20106352211117307,0.4740230410555134,-1.705030719633237,3.7995165370969435,2.7522736283650904,0.1,56.0,3.0,,,
Acholi,2020,second_season,maize,1,ridge,pca,crop_centered,1.9919193221111424,3.3212881350683183,2.1075068827579884,2.7363424889537766,-0.8553457719016624,0.4740230410555135,0.569014506703228,6.073561763433409,2.7522736283650904,0.1,56.0,3.0,,,
Acholi,2020,second_season,millet,1,ridge,pca,crop_centered,0.3783444913194841,1.1691226694889956,2.1075068827579884,0.6354044224045948,-0.29013753530385367,0.5006406428656578,-1.5831509588760948,3.921396297854086,2.7522736283650904,0.1,56.0,3.0,,,
Acholi,2020,second_season,rice,1,ridge,pca,crop_centered,0.8047415933139703,2.2639406702686893,2.1075068827579884,1.7589076363956022,-0.9236121671005935,0.5355869098541255,-0.4883329580964011,5.01621429863378,2.7522736283650904,0.1,56.0,3.0,,,
Acholi,2020,second_season,simsim,1,ridge,pca,crop_centered,0.3592611565204056,0.9310344446730344,2.1075068827579884,0.3999465592781099,-0.0366031783989228,0.535170109753706,-1.821239183692056,3.6833080730381247,2.7522736283650904,0.1,56.0,3.0,,,
Acholi,2020,second_season,sorghum,1,ridge,pca,crop_centered,1.0529020128934117,1.9056740577470552,2.1075068827579884,1.3246497888304674,-0.37874900379813026,0.4740230410555133,-0.8465995706180351,4.657947686112146,2.7522736283650904,0.1,56.0,3.0,,,
Acholi,2020,second_season,soya_beans,1,ridge,pca,crop_centered,0.8621074636111007,1.1015409874385518,2.1075068827579884,2.930292181557787,0.31026034457857876,0.5496938684060299,-1.6507326409265386,3.853814615803642,2.7522736283650904,0.1,56.0,3.0,,,
Acholi,2020,second_season,sweet_potatoes,1,ridge,pca,crop_centered,14.728567574673178,5.73549531175961,2.1075068827579884,5.983658411491209,9.464691622115419,0.47161935920185094,2.98322168339452,8.4877689401247,2.7522736283650904,0.1,56.0,3.0,,,
North Buganda,2020,first_season,beans,1,ridge,pca,crop_centered,0.6433017110440628,0.5758983917838332,2.1075068827579884,0.7986540097128687,-0.16507685206783307,-0.23248017132806265,-2.176375236581257,3.3281720201489238,2.7522736283650904,0.1,56.0,3.0,,,
North Buganda,2020,first_season,groundnuts,1,ridge,pca,crop_centered,0.4198664546099319,0.3242572611248155,2.1075068827579884,0.5687183500759414,-0.15335341306640804,-0.2489626065515244,-2.428016367240275,3.0765308894899057,2.7522736283650904,0.1,56.0,3.0,,,
North Buganda,2020,first_season,irish_potatoes,1,ridge,pca,crop_centered,3.149663292713082,4.104142728852603,2.1075068827579884,4.440832751461744,-1.2783790522621046,-0.323899616122584,1.3518691004875123,6.856416357217693,2.7522736283650904,0.1,56.0,3.0,,,
North Buganda,2020,first_season,maize,1,ridge,pca,crop_centered,2.169407944352197,2.5983024874612806,2.1075068827579884,2.7363424889537766,-0.6778571496606078,-0.24896260655152425,-0.1539711409038098,5.350576115826371,2.7522736283650904,0.1,56.0,3.0,,,
North Buganda,2020,first_season,millet,1,ridge,pca,crop_centered,0.493228260930458,0.4461370218819578,2.1075068827579884,0.6354044224045948,-0.17525376569287976,-0.22234500474137997,-2.3061366064831326,3.198410650247048,2.7522736283650904,0.1,56.0,3.0,,,
North Buganda,2020,first_season,rice,1,ridge,pca,crop_centered,1.0029754145357688,1.540955022661652,2.1075068827579884,1.7589076363956022,-0.725378345878795,-0.18739873775291183,-1.2113186057034384,4.293228651026743,2.7522736283650904,0.1,56.0,3.0,,,
North Buganda,2020,first_season,simsim,1,ridge,pca,crop_centered,0.1854698986731419,0.20804879706599672,2.1075068827579884,0.3999465592781099,-0.21039443624618648,-0.18781553785333166,-2.544224831299094,2.960322425431087,2.7522736283650904,0.1,56.0,3.0,,,
North Buganda,2020,first_season,sorghum,1,ridge,pca,crop_centered,0.0988630737950738,1.1826884101400175,2.1075068827579884,1.3246497888304674,-1.3327879428964682,-0.24896260655152447,-1.569585218225073,3.934962038505108,2.7522736283650904,0.1,56.0,3.0,,,
North Buganda,2020,first_season,soya_beans,1,ridge,pca,crop_centered,0.4702301599548245,0.37855533983151385,2.1075068827579884,2.930292181557787,-0.08161695907769745,-0.17329177920100808,-2.3737182885335764,3.1308289681966044,2.7522736283650904,0.1,56.0,3.0,,,
North Buganda,2020,first_season,sweet_potatoes,1,ridge,pca,crop_centered,2.687525566046792,5.012509664152573,2.1075068827579884,5.983658411491209,-2.5763503865109674,-0.2513662884051868,2.2602360357874822,7.764783292517663,2.7522736283650904,0.1,56.0,3.0,,,
North Buganda,2020,second_season,beans,1,ridge,pca,crop_centered,0.9823435270848496,1.0687452812988258,2.1075068827579884,0.7986540097128687,0.1739649639729538,0.26036671818693,-1.6835283470662645,3.821018909663916,2.7522736283650904,0.1,56.0,3.0,,,
North Buganda,2020,second_season,groundnuts,1,ridge,pca,crop_centered,0.6052217822979895,0.8171041506398082,2.1075068827579884,0.5687183500759414,0.032001914621649585,0.2438842829634683,-1.9351694777252821,3.5693777790048986,2.7522736283650904,0.1,56.0,3.0,,,
North Buganda,2020,second_season,irish_potatoes,1,ridge,pca,crop_centered,6.482172439710905,4.596989618367596,2.1075068827579884,4.440832751461744,2.0541300947357186,0.16894727339240934,1.8447159900025056,7.349263246732686,2.7522736283650904,0.1,56.0,3.0,,,
North Buganda,2020,second_season,maize,1,ridge,pca,crop_centered,2.6867403311215865,3.091149376976273,2.1075068827579884,2.7363424889537766,-0.1605247628912183,0.2438842829634682,0.33887574861118264,5.843423005341363,2.7522736283650904,0.1,56.0,3.0,,,
North Buganda,2020,second_season,millet,1,ridge,pca,crop_centered,0.7672214167665391,0.9389839113969507,2.1075068827579884,0.6354044224045948,0.09873939014320132,0.2705018847736129,-1.8132897169681397,3.691257539762041,2.7522736283650904,0.1,56.0,3.0,,,
North Buganda,2020,second_season,rice,1,ridge,pca,crop_centered,0.7664154644961585,2.0338019121766444,2.1075068827579884,1.7589076363956022,-0.9619382959184053,0.3054481517620806,-0.718471716188446,4.786075540541734,2.7522736283650904,0.1,56.0,3.0,,,
North Buganda,2020,second_season,simsim,1,ridge,pca,crop_centered,1.0617776543409592,0.7008956865809894,2.1075068827579884,0.3999465592781099,0.6659133194216308,0.30503135166166107,-2.051377941784101,3.45316931494608,2.7522736283650904,0.1,56.0,3.0,,,
North Buganda,2020,second_season,sorghum,1,ridge,pca,crop_centered,3.8791100754366425,1.6755352996550104,2.1075068827579884,1.3246497888304674,2.4474590587451006,0.24388428296346842,-1.07673832871008,4.4278089280201005,2.7522736283650904,0.1,56.0,3.0,,,
North Buganda,2020,second_season,soya_beans,1,ridge,pca,crop_centered,0.4386972792209299,0.8714022293465067,2.1075068827579884,2.930292181557787,-0.11314983981159205,0.31955511031398476,-1.8808713990185837,3.6236758577115973,2.7522736283650904,0.1,56.0,3.0,,,
North Buganda,2020,second_season,sweet_potatoes,1,ridge,pca,crop_centered,6.9509363188894655,5.505356553667565,2.1075068827579884,5.983658411491209,1.687060366331706,0.24148060110980563,2.7530829253024747,8.257630182032656,2.7522736283650904,0.1,56.0,3.0,,,
Teso,2020,first_season,beans,1,ridge,pca,crop_centered,0.4787820909269001,0.26909969199661066,2.1075068827579884,0.7986540097128687,-0.3295964721849957,-0.5392788711152852,-2.4831739363684795,3.0213733203617013,2.7522736283650904,0.1,56.0,3.0,,,
Teso,2020,first_season,groundnuts,1,ridge,pca,crop_centered,0.3687334249789069,0.017458561337593048,2.1075068827579884,0.5687183500759414,-0.20448644269743305,-0.5557613063387469,-2.7348150670274975,2.769732189702683,2.7522736283650904,0.1,56.0,3.0,,,
Teso,2020,first_season,maize,1,ridge,pca,crop_centered,1.3718829183654722,2.291503787674058,2.1075068827579884,2.7363424889537766,-1.4753821756473326,-0.5557613063387468,-0.46076984069103233,5.043777416039148,2.7522736283650904,0.1,56.0,3.0,,,
Teso,2020,first_season,millet,1,ridge,pca,crop_centered,0.2266117956037198,0.1393383220947353,2.1075068827579884,0.6354044224045948,-0.441870231019618,-0.5291437045286025,-2.612935306270355,2.8916119504598257,2.7522736283650904,0.1,56.0,3.0,,,
Teso,2020,first_season,rice,1,ridge,pca,crop_centered,1.3123638688539283,1.2341563228744294,2.1075068827579884,1.7589076363956022,-0.4159898915606355,-0.49419743754013434,-1.518117305490661,3.98642995123952,2.7522736283650904,0.1,56.0,3.0,,,
Teso,2020,first_season,simsim,1,ridge,pca,crop_centered,0.3758526836726521,-0.09874990272122575,2.1075068827579884,0.3999465592781099,-0.020011651246676254,-0.4946142376405541,-2.851023531086316,2.653523725643865,2.7522736283650904,0.1,56.0,3.0,,,
Teso,2020,first_season,sorghum,1,ridge,pca,crop_centered,0.6439380500075159,0.8758897103527951,2.1075068827579884,1.3246497888304674,-0.787712966684026,-0.5557613063387469,-1.8763839180122952,3.6281633387178855,2.7522736283650904,0.1,56.0,3.0,,,
Teso,2020,first_season,soya_beans,1,ridge,pca,crop_centered,0.4286664418152572,0.07175664004429139,2.1075068827579884,2.930292181557787,-0.12318067721726472,-0.48009047898823054,-2.680516988320799,2.824030268409382,2.7522736283650904,0.1,56.0,3.0,,,
Teso,2020,first_season,sweet_potatoes,1,ridge,pca,crop_centered,2.3919434486183864,4.70571096436535,2.1075068827579884,5.983658411491209,-2.871932503939373,-0.5581649881924093,1.9534373360002597,7.4579845927304405,2.7522736283650904,0.1,56.0,3.0,,,
Teso,2020,second_season,beans,1,ridge,pca,crop_centered,0.7279249098775472,0.911894573941405,2.1075068827579884,0.7986540097128687,-0.08045365323434861,0.10351601082950923,-1.8403790544236853,3.664168202306495,2.7522736283650904,0.1,56.0,3.0,,,
Teso,2020,second_season,groundnuts,1,ridge,pca,crop_centered,0.4313168954422955,0.6602534432823874,2.1075068827579884,0.5687183500759414,-0.1419029722340444,0.08703357560604752,-2.0920201850827027,3.412527071647478,2.7522736283650904,0.1,56.0,3.0,,,
Teso,2020,second_season,maize,1,ridge,pca,crop_centered,1.540156423059482,2.9342986696188524,2.1075068827579884,2.7363424889537766,-1.3071086709533228,0.08703357560604763,0.18202504125376207,5.686572297983943,2.7522736283650904,0.1,56.0,3.0,,,
Teso,2020,second_season,millet,1,ridge,pca,crop_centered,0.3557264962514397,0.7821332040395297,2.1075068827579884,0.6354044224045948,-0.31275553037189807,0.1136511774161919,-1.9701404243255607,3.53440683240462,2.7522736283650904,0.1,56.0,3.0,,,
Teso,2020,second_season,rice,1,ridge,pca,crop_centered,1.0709719442643844,1.8769512048192238,2.1075068827579884,1.7589076363956022,-0.6573818161501794,0.14859744440466005,-0.8753224235458665,4.629224833184314,2.7522736283650904,0.1,56.0,3.0,,,
Teso,2020,second_season,simsim,1,ridge,pca,crop_centered,0.6034722059137033,0.5440449792235686,2.1075068827579884,0.3999465592781099,0.20760787099437494,0.14818064430424027,-2.208228649141522,3.296318607588659,2.7522736283650904,0.1,56.0,3.0,,,
Teso,2020,second_season,sorghum,1,ridge,pca,crop_centered,1.141258363083009,1.5186845922975896,2.1075068827579884,1.3246497888304674,-0.29039265360853284,0.08703357560604763,-1.2335890360675008,4.2709582206626795,2.7522736283650904,0.1,56.0,3.0,,,
Teso,2020,second_season,soya_beans,1,ridge,pca,crop_centered,0.5653018244408415,0.7145515219890859,2.1075068827579884,2.930292181557787,0.013454705408319612,0.16270440295656396,-2.0377221063760045,3.4668251503541763,2.7522736283650904,0.1,56.0,3.0,,,
Teso,2020,second_season,sweet_potatoes,1,ridge,pca,crop_centered,4.986556877001546,5.348505846310145,2.1075068827579884,5.983658411491209,-0.27731907555621316,0.0846298937523855,2.5962322179450545,8.100779474675235,2.7522736283650904,0.1,56.0,3.0,,,
Elgon,2020,first_season,beans,2,ridge,pca,crop_centered,0.6700120852270204,1.7117525187399982,1.954636271112969,0.800459608567741,-0.14331541862611696,0.8984250148868609,-1.9011130718867033,5.3246181093667,3.6128655906267015,0.1,54.0,3.0,,,
Elgon,2020,first_season,groundnuts,2,ridge,pca,crop_centered,0.4950587775158489,1.4175751550665419,1.954636271112969,0.5508650616816889,-0.027940870093157155,0.8945755074575358,-2.1952904355601595,5.030440745693244,3.6128655906267015,0.1,54.0,3.0,,,
Elgon,2020,first_season,irish_potatoes,2,ridge,pca,crop_centered,4.522840340241605,4.643120875959087,1.954636271112969,4.160319420588475,0.7473011345397857,0.8675816702572678,1.0302552853323856,8.255986466585789,3.6128655906267015,0.1,54.0,3.0,,,
Elgon,2020,first_season,maize,2,ridge,pca,crop_centered,2.591624259545572,3.4468109543819128,1.954636271112969,2.445749569645221,0.03938881262119498,0.8945755074575357,-0.16605463624478878,7.059676545008614,3.6128655906267015,0.1,54.0,3.0,,,
Elgon,2020,first_season,millet,2,ridge,pca,crop_centered,0.6858292042822013,1.398336334341218,1.954636271112969,0.588523876879771,0.182068377398519,0.8945755074575358,-2.2145292562854832,5.01120192496792,3.6128655906267015,0.1,54.0,3.0,,,
Elgon,2020,first_season,rice,2,ridge,pca,crop_centered,2.403967673511646,2.5690276364207394,1.954636271112969,1.5849672137717488,0.7446349050156,0.9096948679246932,-1.0438379542059621,6.181893227047441,3.6128655906267015,0.1,54.0,3.0,,,
Elgon,2020,first_season,simsim,2,ridge,pca,crop_centered,1.0133465202105196,1.323464947540796,1.954636271112969,0.4194896280774281,0.6232016878027579,0.9333201151330343,-2.2894006430859055,4.936330538167498,3.6128655906267015,0.1,54.0,3.0,,,
Elgon,2020,first_season,sorghum,2,ridge,pca,crop_centered,2.370934481096649,1.909531523755441,1.954636271112969,1.1729743338682894,1.3559784647987434,0.8945755074575357,-1.7033340668712604,5.522397114382143,3.6128655906267015,0.1,54.0,3.0,,,
Elgon,2020,first_season,soya_beans,2,ridge,pca,crop_centered,0.5911363692957547,4.663791620977988,1.954636271112969,2.9108857754523334,-3.163039993330523,0.9096152583517099,1.0509260303512864,8.27665721160469,3.6128655906267015,0.1,54.0,3.0,,,
Elgon,2020,first_season,sweet_potatoes,2,ridge,pca,crop_centered,3.151255842827831,7.0214552402669215,1.954636271112969,5.708455116324331,-2.980191162811401,0.8900082346276896,3.40858964964022,10.634320830893623,3.6128655906267015,0.1,54.0,3.0,,,
Elgon,2020,second_season,beans,2,ridge,pca,crop_centered,0.653829971282899,2.8793450970833128,1.954636271112969,0.800459608567741,-0.15949753257023835,2.0660175932301756,-0.7335204935433888,6.492210687710014,3.6128655906267015,0.1,54.0,3.0,,,
Elgon,2020,second_season,groundnuts,2,ridge,pca,crop_centered,0.7530910039174339,2.585167733409856,1.954636271112969,0.5508650616816889,0.2300913563084278,2.06216808580085,-1.0276978572168454,6.198033324036558,3.6128655906267015,0.1,54.0,3.0,,,
Elgon,2020,second_season,irish_potatoes,2,ridge,pca,crop_centered,9.66384795722705,5.810713454302402,1.954636271112969,4.160319420588475,5.888308751525231,2.0351742486005824,2.1978478636757,9.423579044929102,3.6128655906267015,0.1,54.0,3.0,,,
Elgon,2020,second_season,maize,2,ridge,pca,crop_centered,3.423349924580549,4.614403532725227,1.954636271112969,2.445749569645221,0.8711144776561719,2.0621680858008498,1.0015379420985253,8.227269123351928,3.6128655906267015,0.1,54.0,3.0,,,
Elgon,2020,second_season,rice,2,ridge,pca,crop_centered,0.9781169963836972,3.736620214764054,1.954636271112969,1.5849672137717488,-0.681215772112349,2.0772874462680075,0.12375462413735239,7.3494858053907555,3.6128655906267015,0.1,54.0,3.0,,,
Elgon,2020,second_season,simsim,2,ridge,pca,crop_centered,0.1853682631467308,2.49105752588411,1.954636271112969,0.4194896280774281,-0.20477656926103097,2.1009126934763485,-1.1218080647425914,6.103923116510812,3.6128655906267015,0.1,54.0,3.0,,,
Elgon,2020,second_season,sorghum,2,ridge,pca,crop_centered,3.258267391159824,3.0771241020987556,1.954636271112969,1.1729743338682894,2.2433113748619187,2.06216808580085,-0.5357414885279459,6.689989692725457,3.6128655906267015,0.1,54.0,3.0,,,
Elgon,2020,second_season,soya_beans,2,ridge,pca,crop_centered,0.4261906725861129,5.8313841993213025,1.954636271112969,2.9108857754523334,-3.3279856900401654,2.0772078366950244,2.218518608694601,9.444249789948003,3.6128655906267015,0.1,54.0,3.0,,,
Elgon,2020,second_season,sweet_potatoes,2,ridge,pca,crop_centered,3.5591777349294857,8.189047818610234,1.954636271112969,5.708455116324331,-2.572269270709746,2.0576008129710024,4.576182227983533,11.801913409236935,3.6128655906267015,0.1,54.0,3.0,,,
Lango,2020,first_season,beans,2,ridge,pca,crop_centered,0.4538514483659436,0.4566742528493147,1.954636271112969,0.800459608567741,-0.35947605548719375,-0.35665325100382267,-3.1561913377773867,4.069539843476016,3.6128655906267015,0.1,54.0,3.0,,,
Lango,2020,first_season,groundnuts,2,ridge,pca,crop_centered,0.3602760666772656,0.16249688917585825,1.954636271112969,0.5508650616816889,-0.1627235809317405,-0.36050275843314783,-3.4503687014508433,3.77536247980256,3.6128655906267015,0.1,54.0,3.0,,,
Lango,2020,first_season,maize,2,ridge,pca,crop_centered,1.5321273000173696,2.1917326884912294,1.954636271112969,2.445749569645221,-1.0201081469070075,-0.3605027584331477,-1.4211329021354722,5.804598279117931,3.6128655906267015,0.1,54.0,3.0,,,
Lango,2020,first_season,millet,2,ridge,pca,crop_centered,0.3245909082180683,0.14325806845053451,1.954636271112969,0.588523876879771,-0.179169918665614,-0.3605027584331478,-3.469607522176167,3.756123659077236,3.6128655906267015,0.1,54.0,3.0,,,
Lango,2020,first_season,rice,2,ridge,pca,crop_centered,1.0257917523061892,1.3139493705300556,1.954636271112969,1.5849672137717488,-0.6335410161898569,-0.3453833979659906,-2.298916220096646,4.926814961156757,3.6128655906267015,0.1,54.0,3.0,,,
Lango,2020,first_season,simsim,2,ridge,pca,crop_centered,0.3598602384189452,0.06838668165011225,1.954636271112969,0.4194896280774281,-0.030284593988816555,-0.3217581507576495,-3.5444789089765893,3.6812522722768137,3.6128655906267015,0.1,54.0,3.0,,,
Lango,2020,first_season,sorghum,2,ridge,pca,crop_centered,0.5398912763008505,0.6544532578647577,1.954636271112969,1.1729743338682894,-0.4750647399970549,-0.3605027584331477,-2.958412332761944,4.26731884849146,3.6128655906267015,0.1,54.0,3.0,,,
Lango,2020,first_season,soya_beans,2,ridge,pca,crop_centered,0.6956216106623382,3.408713355087304,1.954636271112969,2.9108857754523334,-3.05855475196394,-0.34546300753897397,-0.20415223553939743,7.021578945714006,3.6128655906267015,0.1,54.0,3.0,,,
Lango,2020,first_season,sweet_potatoes,2,ridge,pca,crop_centered,4.627154243214652,5.766376974376238,1.954636271112969,5.708455116324331,-1.5042927624245799,-0.3650700312629942,2.153511383749536,9.37924256500294,3.6128655906267015,0.1,54.0,3.0,,,
Lango,2020,second_season,beans,2,ridge,pca,crop_centered,0.9979898086925608,0.8471314271200324,1.954636271112969,0.800459608567741,0.18466230483942347,0.033803923266895075,-2.7657341635066692,4.459997017746734,3.6128655906267015,0.1,54.0,3.0,,,
Lango,2020,second_season,groundnuts,2,ridge,pca,crop_centered,0.6658246650132922,0.552954063446576,1.954636271112969,0.5508650616816889,0.1428250174042861,0.02995441583756997,-3.0599115271801254,4.165819654073277,3.6128655906267015,0.1,54.0,3.0,,,
Lango,2020,second_season,maize,2,ridge,pca,crop_centered,2.9489717758099068,2.582189862761947,1.954636271112969,2.445749569645221,0.3967363288855297,0.029954415837569748,-1.0306757278647547,6.195055453388648,3.6128655906267015,0.1,54.0,3.0,,,
Lango,2020,second_season,millet,2,ridge,pca,crop_centered,0.359162009295794,0.5337152427212523,1.954636271112969,0.588523876879771,-0.14459881758788828,0.02995441583756997,-3.079150347905449,4.1465808333479535,3.6128655906267015,0.1,54.0,3.0,,,
Lango,2020,second_season,rice,2,ridge,pca,crop_centered,1.516949718283846,1.7044065448007735,1.954636271112969,1.5849672137717488,-0.1423830502122001,0.04507377630472731,-1.908459045825928,5.317272135427475,3.6128655906267015,0.1,54.0,3.0,,,
Lango,2020,second_season,simsim,2,ridge,pca,crop_centered,0.4067343534390761,0.45884385592083,1.954636271112969,0.4194896280774281,0.016589521031314336,0.06869902351306822,-3.1540217347058714,4.071709446547532,3.6128655906267015,0.1,54.0,3.0,,,
Lango,2020,second_season,sorghum,2,ridge,pca,crop_centered,2.142946828492448,1.0449104321354754,1.954636271112969,1.1729743338682894,1.1279908121945428,0.02995441583756997,-2.567955158491226,4.657776022762177,3.6128655906267015,0.1,54.0,3.0,,,
Lango,2020,second_season,soya_beans,2,ridge,pca,crop_centered,1.5236675808652385,3.799170529358022,1.954636271112969,2.9108857754523334,-2.2305087817610394,0.044994166731743945,0.18630493873132048,7.412036119984723,3.6128655906267015,0.1,54.0,3.0,,,
Lango,2020,second_season,sweet_potatoes,2,ridge,pca,crop_centered,14.045356396131783,6.156834148646955,1.954636271112969,5.708455116324331,7.9139093904925515,0.025387143007723267,2.5439685580202536,9.769699739273657,3.6128655906267015,0.1,54.0,3.0,,,
Tooro,2020,first_season,beans,2,ridge,pca,crop_centered,0.5714159022282193,1.7317488777897942,1.954636271112969,0.800459608567741,-0.2419116016249181,0.9184213739366569,-1.8811167128369073,5.344614468416496,3.6128655906267015,0.1,54.0,3.0,,,
Tooro,2020,first_season,groundnuts,2,ridge,pca,crop_centered,0.4788089757102604,1.4375715141163377,1.954636271112969,0.5508650616816889,-0.044190671898745704,0.9145718665073316,-2.175294076510364,5.05043710474304,3.6128655906267015,0.1,54.0,3.0,,,
Tooro,2020,first_season,irish_potatoes,2,ridge,pca,crop_centered,2.602443195405729,4.663117235008883,1.954636271112969,4.160319420588475,-1.1730960102960903,0.8875780293070639,1.0502516443821817,8.275982825635584,3.6128655906267015,0.1,54.0,3.0,,,
Tooro,2020,first_season,maize,2,ridge,pca,crop_centered,3.0038294115831783,3.466807313431709,1.954636271112969,2.445749569645221,0.4515939646588012,0.9145718665073317,-0.14605827719499276,7.079672904058411,3.6128655906267015,0.1,54.0,3.0,,,
Tooro,2020,first_season,millet,2,ridge,pca,crop_centered,0.4632153663470989,1.4183326933910139,1.954636271112969,0.588523876879771,-0.040545460536583366,0.9145718665073316,-2.1945328972356877,5.031198284017716,3.6128655906267015,0.1,54.0,3.0,,,
Tooro,2020,first_season,rice,2,ridge,pca,crop_centered,1.3679142770311534,2.589023995470535,1.954636271112969,1.5849672137717488,-0.29141849146489274,0.9296912269744888,-1.0238415951561666,6.201889586097236,3.6128655906267015,0.1,54.0,3.0,,,
Tooro,2020,first_season,simsim,2,ridge,pca,crop_centered,0.2778595226860031,1.3434613065905916,1.954636271112969,0.4194896280774281,-0.11228530972175865,0.9533164741828298,-2.26940428403611,4.956326897217293,3.6128655906267015,0.1,54.0,3.0,,,
Tooro,2020,first_season,sorghum,2,ridge,pca,crop_centered,0.5962480462055857,1.9295278828052371,1.954636271112969,1.1729743338682894,-0.41870797009231975,0.9145718665073317,-1.6833377078214644,5.542393473431939,3.6128655906267015,0.1,54.0,3.0,,,
Tooro,2020,first_season,soya_beans,2,ridge,pca,crop_centered,0.4113045140407508,4.683787980027784,1.954636271112969,2.9108857754523334,-3.3428718485855273,0.9296116174015059,1.0709223894010824,8.296653570654485,3.6128655906267015,0.1,54.0,3.0,,,
Tooro,2020,first_season,sweet_potatoes,2,ridge,pca,crop_centered,2.031705860523254,7.041451599316717,1.954636271112969,5.708455116324331,-4.099741145115978,0.9100045936774848,3.428586008690015,10.654317189943418,3.6128655906267015,0.1,54.0,3.0,,,
Tooro,2020,second_season,beans,2,ridge,pca,crop_centered,1.1835686146592244,2.4203952369522956,1.954636271112969,0.800459608567741,0.370241110806087,1.6070677330991583,-1.192470353674406,6.033260827578998,3.6128655906267015,0.1,54.0,3.0,,,
Tooro,2020,second_season,groundnuts,2,ridge,pca,crop_centered,0.8188652144271537,2.1262178732788395,1.954636271112969,0.5508650616816889,0.2958655668181476,1.6032182256698335,-1.486647717347862,5.739083463905541,3.6128655906267015,0.1,54.0,3.0,,,
Tooro,2020,second_season,irish_potatoes,2,ridge,pca,crop_centered,5.09052971295232,5.351763594171385,1.954636271112969,4.160319420588475,1.314990507250501,1.5762243884695657,1.7388980035446835,8.964629184798087,3.6128655906267015,0.1,54.0,3.0,,,
Tooro,2020,second_season,maize,2,ridge,pca,crop_centered,4.280134298861752,4.15545367259421,1.954636271112969,2.445749569645221,1.7278988519373746,1.603218225669833,0.5425880819675086,7.768319263220912,3.6128655906267015,0.1,54.0,3.0,,,
Tooro,2020,second_season,millet,2,ridge,pca,crop_centered,1.0445138088407484,2.1069790525535157,1.954636271112969,0.588523876879771,0.5407529819570661,1.6032182256698335,-1.5058865380731858,5.719844643180217,3.6128655906267015,0.1,54.0,3.0,,,
Tooro,2020,second_season,rice,2,ridge,pca,crop_centered,2.631104714179096,3.2776703546330364,1.954636271112969,1.5849672137717488,0.9717719456830498,1.6183375861369902,-0.3351952359936652,6.890535945259738,3.6128655906267015,0.1,54.0,3.0,,,
Tooro,2020,second_season,simsim,2,ridge,pca,crop_centered,0.3096258716658019,2.0321076657530934,1.954636271112969,0.4194896280774281,-0.08051896074195986,1.6419628333453318,-1.5807579248736081,5.644973256379795,3.6128655906267015,0.1,54.0,3.0,,,
Tooro,2020,second_season,sorghum,2,ridge,pca,crop_centered,1.958342814699392,2.6181742419677385,1.954636271112969,1.1729743338682894,0.9433867984014865,1.603218225669833,-0.994691348658963,6.2310398325944405,3.6128655906267015,0.1,54.0,3.0,,,
Tooro,2020,second_season,soya_beans,2,ridge,pca,crop_centered,0.5816289868880459,5.372434339190285,1.954636271112969,2.9108857754523334,-3.1725473757382323,1.6182579765640068,1.7595687485635834,8.985299929816986,3.6128655906267015,0.1,54.0,3.0,,,
Tooro,2020,second_season,sweet_potatoes,2,ridge,pca,crop_centered,17.19569748995181,7.730097958479218,1.954636271112969,5.708455116324331,11.06425048431258,1.5986509528399866,4.117232367852517,11.34296354910592,3.6128655906267015,0.1,54.0,3.0,,,
Ankole,2020,first_season,beans,3,ridge,pca,crop_centered,0.7107039593083359,0.8276498426165347,2.0662856437501507,0.7992436624389453,-0.09792415942902111,0.019021723879177777,-2.0638619697720584,3.719161655005128,2.8915118123885932,0.1,52.0,3.0,,,
Ankole,2020,first_season,groundnuts,3,ridge,pca,crop_centered,0.4892093570559104,0.5854746879237905,2.0662856437501507,0.5683245101391033,-0.07665064920057174,0.019614681667308398,-2.306037124464803,3.4769865003123837,2.8915118123885932,0.1,52.0,3.0,,,
Ankole,2020,first_season,irish_potatoes,3,ridge,pca,crop_centered,2.6066656470507263,4.947043554856124,2.0662856437501507,4.967854759378325,-2.3459916973009474,-0.005613789495550137,2.0555317424675303,7.838555367244717,2.8915118123885932,0.1,52.0,3.0,,,
Ankole,2020,first_season,maize,3,ridge,pca,crop_centered,2.2911775934330265,2.819888625741024,2.0662856437501507,2.5683997769092572,-0.5090963506406894,0.019614681667308176,-0.07162318664756917,5.711400438129617,2.8915118123885932,0.1,52.0,3.0,,,
Ankole,2020,first_season,millet,3,ridge,pca,crop_centered,1.2807764204080456,0.5383723410088946,2.0662856437501507,0.49735850693119044,0.7670610166706947,0.024656937271543722,-2.3531394713796985,3.429884153397488,2.8915118123885932,0.1,52.0,3.0,,,
Ankole,2020,first_season,sorghum,3,ridge,pca,crop_centered,0.660753068253978,1.4576695912220843,2.0662856437501507,1.4121707856008021,-0.7773018413007979,0.019614681667308398,-1.433842221166509,4.349181403610677,2.8915118123885932,0.1,52.0,3.0,,,
Ankole,2020,first_season,soya_beans,3,ridge,pca,crop_centered,0.3377821773864262,3.5309461766444317,2.0662856437501507,2.823781736252928,-3.171282715614504,0.021881283643501614,0.6394343642558384,6.422457989033025,2.8915118123885932,0.1,52.0,3.0,,,
Ankole,2020,first_season,sweet_potatoes,3,ridge,pca,crop_centered,4.329712242698299,6.172731883973625,2.0662856437501507,6.104335473351614,-1.8291695226381899,0.013850118637136255,3.2812200715850315,9.064243696362219,2.8915118123885932,0.1,52.0,3.0,,,
Ankole,2020,second_season,beans,3,ridge,pca,crop_centered,1.3411688832335629,1.5317183422098144,2.0662856437501507,0.7992436624389453,0.5325407644962059,0.7230902234724574,-1.3597934701787788,4.423230154598407,2.8915118123885932,0.1,52.0,3.0,,,
Ankole,2020,second_season,groundnuts,3,ridge,pca,crop_centered,0.556144731073507,1.28954318751707,2.0662856437501507,0.5683245101391033,-0.009715275182975103,0.7236831812605878,-1.6019686248715233,4.181054999905664,2.8915118123885932,0.1,52.0,3.0,,,
Ankole,2020,second_season,irish_potatoes,3,ridge,pca,crop_centered,4.840624253728912,5.651112054449404,2.0662856437501507,4.967854759378325,-0.11203309062276201,0.6984547100977299,2.7596002420608103,8.542623866837996,2.8915118123885932,0.1,52.0,3.0,,,
Ankole,2020,second_season,maize,3,ridge,pca,crop_centered,4.746403988018382,3.523957125334304,2.0662856437501507,2.5683997769092572,1.9461300439446658,0.7236831812605882,0.6324453129457108,6.415468937722897,2.8915118123885932,0.1,52.0,3.0,,,
Ankole,2020,second_season,millet,3,ridge,pca,crop_centered,0.7193080425140036,1.242440840602174,2.0662856437501507,0.49735850693119044,0.20559263877665268,0.7287254368648232,-1.6490709717864191,4.133952652990767,2.8915118123885932,0.1,52.0,3.0,,,
Ankole,2020,second_season,sorghum,3,ridge,pca,crop_centered,1.8183667473252825,2.161738090815364,2.0662856437501507,1.4121707856008021,0.3803118377705066,0.723683181260588,-0.7297737215732294,5.053249903203957,2.8915118123885932,0.1,52.0,3.0,,,
Ankole,2020,second_season,sweet_potatoes,3,ridge,pca,crop_centered,7.086512596688682,6.876800383566904,2.0662856437501507,6.104335473351614,0.9276308313521939,0.7179186182304154,3.9852885711783106,9.768312195955497,2.8915118123885932,0.1,52.0,3.0,,,
Bukedi,2020,first_season,beans,3,ridge,pca,crop_centered,0.5175817230094646,0.6123194465153263,2.0662856437501507,0.7992436624389453,-0.29104639572789237,-0.19630867222203063,-2.279192365873267,3.5038312589039196,2.8915118123885932,0.1,52.0,3.0,,,
Bukedi,2020,first_season,groundnuts,3,ridge,pca,crop_centered,0.4770632662036267,0.37014429182258207,2.0662856437501507,0.5683245101391033,-0.08879674005285543,-0.19571571443390007,-2.5213675205660113,3.261656104211175,2.8915118123885932,0.1,52.0,3.0,,,
Bukedi,2020,first_season,maize,3,ridge,pca,crop_centered,1.5470171390615697,2.604558229639816,2.0662856437501507,2.5683997769092572,-1.2532568050121462,-0.1957157144338999,-0.28695358274877725,5.496070042028409,2.8915118123885932,0.1,52.0,3.0,,,
Bukedi,2020,first_season,millet,3,ridge,pca,crop_centered,0.4272092427017133,0.3230419449076862,2.0662856437501507,0.49735850693119044,-0.08650616103563763,-0.19067345882966474,-2.568469867480907,3.2145537572962795,2.8915118123885932,0.1,52.0,3.0,,,
Bukedi,2020,first_season,rice,3,ridge,pca,crop_centered,1.3882164630489435,1.4198750408692644,2.0662856437501507,1.63417854787639,-0.2251076902780278,-0.1934491124577069,-1.4716367715193288,4.311386853257858,2.8915118123885932,0.1,52.0,3.0,,,
Bukedi,2020,first_season,simsim,3,ridge,pca,crop_centered,0.3317125177589506,0.2638983008427296,2.0662856437501507,0.4267172973635351,-0.1151090367034171,-0.18292325361963813,-2.6276135115458636,3.155410113231323,2.8915118123885932,0.1,52.0,3.0,,,
Bukedi,2020,first_season,sorghum,3,ridge,pca,crop_centered,0.5913910230747661,1.2423391951208758,2.0662856437501507,1.4121707856008021,-0.8466638864800098,-0.19571571443390012,-1.6491726172677175,4.1338510075094685,2.8915118123885932,0.1,52.0,3.0,,,
Bukedi,2020,first_season,soya_beans,3,ridge,pca,crop_centered,0.4175993889818736,3.315615780543223,2.0662856437501507,2.823781736252928,-3.0914655040190566,-0.1934491124577069,0.4241039681546299,6.207127592931816,2.8915118123885932,0.1,52.0,3.0,,,
Bukedi,2020,first_season,sweet_potatoes,3,ridge,pca,crop_centered,2.6225674475211567,5.957401487872416,2.0662856437501507,6.104335473351614,-3.536314317815332,-0.20148027746407227,3.065889675483823,8.84891330026101,2.8915118123885932,0.1,52.0,3.0,,,
Bukedi,2020,second_season,beans,3,ridge,pca,crop_centered,0.7056484947012807,1.006339037608434,2.0662856437501507,0.7992436624389453,-0.1029796240360763,0.19771091887107706,-1.8851727747801592,3.8978508499970275,2.8915118123885932,0.1,52.0,3.0,,,
Bukedi,2020,second_season,groundnuts,3,ridge,pca,crop_centered,0.5641103408681046,0.7641638829156897,2.0662856437501507,0.5683245101391033,-0.0017496653883775082,0.19830387665920757,-2.1273479294729034,3.655675695304283,2.8915118123885932,0.1,52.0,3.0,,,
Bukedi,2020,second_season,maize,3,ridge,pca,crop_centered,2.5941966847486744,2.9985778207329234,2.0662856437501507,2.5683997769092572,-0.2060772593250415,0.19830387665920757,0.10706600834433022,5.890089633121517,2.8915118123885932,0.1,52.0,3.0,,,
Bukedi,2020,second_season,millet,3,ridge,pca,crop_centered,2.0388508171880413,0.7170615360007938,2.0662856437501507,0.49735850693119044,1.5251354134506903,0.2033461322634429,-2.1744502763877995,3.608573348389387,2.8915118123885932,0.1,52.0,3.0,,,
Bukedi,2020,second_season,rice,3,ridge,pca,crop_centered,1.4277627442802343,1.813894631962372,2.0662856437501507,1.63417854787639,-0.185561409046737,0.20057047863540078,-1.0776171804262211,4.705406444350965,2.8915118123885932,0.1,52.0,3.0,,,
Bukedi,2020,second_season,simsim,3,ridge,pca,crop_centered,0.3924463982333242,0.6579178919358373,2.0662856437501507,0.4267172973635351,-0.054375156229043486,0.21109633747346956,-2.2335939204527557,3.5494297043244307,2.8915118123885932,0.1,52.0,3.0,,,
Bukedi,2020,second_season,sorghum,3,ridge,pca,crop_centered,0.8805407710527358,1.6363587862139835,2.0662856437501507,1.4121707856008021,-0.5575141385020401,0.19830387665920757,-1.2551530261746098,4.5278705986025765,2.8915118123885932,0.1,52.0,3.0,,,
Bukedi,2020,second_season,soya_beans,3,ridge,pca,crop_centered,0.8286553858983726,3.7096353716363306,2.0662856437501507,2.823781736252928,-2.6804095071025573,0.20057047863540056,0.8181235592477374,6.601147184024924,2.8915118123885932,0.1,52.0,3.0,,,
Bukedi,2020,second_season,sweet_potatoes,3,ridge,pca,crop_centered,6.335755329287477,6.351421078965523,2.0662856437501507,6.104335473351614,0.17687356395098863,0.19253931362903476,3.45990926657693,9.242932891354116,2.8915118123885932,0.1,52.0,3.0,,,
West Nile,2020,first_season,beans,3,ridge,pca,crop_centered,0.5251432400895707,-0.29053627770457857,2.0662856437501507,0.7992436624389453,-0.28348487864778626,-1.0991643964419355,-3.182048090093172,2.6009755346840144,2.8915118123885932,0.1,52.0,3.0,,,
West Nile,2020,first_season,groundnuts,3,ridge,pca,crop_centered,0.4055485017270916,-0.5327114323973229,2.0662856437501507,0.5683245101391033,-0.16031150452939052,-1.098571438653805,-3.424223244785916,2.3588003799912705,2.8915118123885932,0.1,52.0,3.0,,,
West Nile,2020,first_season,irish_potatoes,3,ridge,pca,crop_centered,1.4211566881060225,3.828857434535011,2.0662856437501507,4.967854759378325,-3.531500656245651,-1.123799909816663,0.9373456221464176,6.720369246923604,2.8915118123885932,0.1,52.0,3.0,,,
West Nile,2020,first_season,maize,3,ridge,pca,crop_centered,1.2660956469166913,1.7017025054199109,2.0662856437501507,2.5683997769092572,-1.5341782971570246,-1.098571438653805,-1.1898093069686824,4.5932143178085045,2.8915118123885932,0.1,52.0,3.0,,,
West Nile,2020,first_season,millet,3,ridge,pca,crop_centered,0.2167646962160385,-0.5798137793122188,2.0662856437501507,0.49735850693119044,-0.2969507075213124,-1.0935291830495697,-3.471325591700812,2.3116980330763743,2.8915118123885932,0.1,52.0,3.0,,,
West Nile,2020,first_season,rice,3,ridge,pca,crop_centered,1.4018188844017143,0.5170193166493593,2.0662856437501507,1.63417854787639,-0.211505268925257,-1.096304836677612,-2.3744924957392337,3.4085311290379527,2.8915118123885932,0.1,52.0,3.0,,,
West Nile,2020,first_season,simsim,3,ridge,pca,crop_centered,0.4766810107273866,-0.6389574233771753,2.0662856437501507,0.4267172973635351,0.029859456265018902,-1.085778977839543,-3.5304692357657688,2.2525543890114177,2.8915118123885932,0.1,52.0,3.0,,,
West Nile,2020,first_season,sorghum,3,ridge,pca,crop_centered,0.391054248417342,0.33948347090097086,2.0662856437501507,1.4121707856008021,-1.0470006611374338,-1.098571438653805,-2.552028341487622,3.2309952832895643,2.8915118123885932,0.1,52.0,3.0,,,
West Nile,2020,first_season,soya_beans,3,ridge,pca,crop_centered,0.8717117441917551,2.412760056323318,2.0662856437501507,2.823781736252928,-2.637353148809175,-1.096304836677612,-0.4787517560652752,5.304271868711911,2.8915118123885932,0.1,52.0,3.0,,,
West Nile,2020,first_season,sweet_potatoes,3,ridge,pca,crop_centered,5.41252141626667,5.054545763652511,2.0662856437501507,6.104335473351614,-0.7463603490698185,-1.1043360016839774,2.163033951263918,7.946057576041104,2.8915118123885932,0.1,52.0,3.0,,,
West Nile,2020,second_season,beans,3,ridge,pca,crop_centered,0.7559563988183644,1.132721366235158,2.0662856437501507,0.7992436624389453,-0.052671719918992554,0.3240932474978011,-1.7587904461534352,4.024233178623751,2.8915118123885932,0.1,52.0,3.0,,,
West Nile,2020,second_season,groundnuts,3,ridge,pca,crop_centered,0.6957406402698985,0.8905462115424139,2.0662856437501507,0.5683245101391033,0.12988063401341632,0.32468620528593173,-2.0009656008461794,3.782058023931007,2.8915118123885932,0.1,52.0,3.0,,,
West Nile,2020,second_season,irish_potatoes,3,ridge,pca,crop_centered,3.3207905514628413,5.2521150784747475,2.0662856437501507,4.967854759378325,-1.6318667928888324,0.29945773412307375,2.3606032660861542,8.143626890863342,2.8915118123885932,0.1,52.0,3.0,,,
West Nile,2020,second_season,maize,3,ridge,pca,crop_centered,2.6368413584111803,3.1249601493596475,2.0662856437501507,2.5683997769092572,-0.1634325856625356,0.3246862052859316,0.23344833697105427,6.016471961748241,2.8915118123885932,0.1,52.0,3.0,,,
West Nile,2020,second_season,millet,3,ridge,pca,crop_centered,0.6973987237560337,0.8434438646275179,2.0662856437501507,0.49735850693119044,0.18368332001868282,0.32972846089016694,-2.0480679477610755,3.734955677016111,2.8915118123885932,0.1,52.0,3.0,,,
West Nile,2020,second_season,rice,3,ridge,pca,crop_centered,1.5518859303284125,1.9402769605890962,2.0662856437501507,1.63417854787639,-0.061438222998558834,0.32695280726212483,-0.9512348517994971,4.831788772977689,2.8915118123885932,0.1,52.0,3.0,,,
West Nile,2020,second_season,simsim,3,ridge,pca,crop_centered,0.3973328781148473,0.7843002205625613,2.0662856437501507,0.4267172973635351,-0.04948867634752041,0.3374786661001936,-2.107211591826032,3.6758120329511543,2.8915118123885932,0.1,52.0,3.0,,,
West Nile,2020,second_season,sorghum,3,ridge,pca,crop_centered,1.2622030417153625,1.7627411148407077,2.0662856437501507,1.4121707856008021,-0.17585186783941342,0.32468620528593184,-1.1287706975478855,4.654252927229301,2.8915118123885932,0.1,52.0,3.0,,,
West Nile,2020,second_season,soya_beans,3,ridge,pca,crop_centered,0.6049960464155939,3.8360177002630547,2.0662856437501507,2.823781736252928,-2.904068846585336,0.3269528072621246,0.9445058878744614,6.727529512651648,2.8915118123885932,0.1,52.0,3.0,,,
West Nile,2020,second_season,sweet_potatoes,3,ridge,pca,crop_centered,10.90567139457088,6.477803407592248,2.0662856437501507,6.104335473351614,4.746789629234392,0.31892164225575925,3.5862915952036545,9.369315219980841,2.8915118123885932,0.1,52.0,3.0,,,
Busoga,2020,first_season,beans,4,ridge,pca,crop_centered,0.6401206168693182,0.6420138218790085,1.8016671470305063,0.7725881369501938,-0.12334828664293962,-0.12145508163324936,-2.6503665303019264,3.934394174059943,3.2923803521809347,0.1,58.0,3.0,,,
Busoga,2020,first_season,groundnuts,4,ridge,pca,crop_centered,0.3322482939632105,0.39632686671486783,1.8016671470305063,0.5479446238104857,-0.18661449293914606,-0.12253592018748871,-2.8960534854660667,3.6887072188958028,3.2923803521809347,0.1,58.0,3.0,,,
Busoga,2020,first_season,maize,4,ridge,pca,crop_centered,1.5222384603844508,2.5838548032805755,1.8016671470305063,2.6412707918169636,-1.1841522630836137,-0.12253592018748893,-0.7085255489003592,5.87623515546151,3.2923803521809347,0.1,58.0,3.0,,,
Busoga,2020,first_season,millet,4,ridge,pca,crop_centered,0.6572884828877947,0.48127566233652275,1.8016671470305063,0.5738783706046435,0.05788865360463702,-0.11812416694663497,-2.811104689844412,3.7736560145174574,3.2923803521809347,0.1,58.0,3.0,,,
Busoga,2020,first_season,rice,4,ridge,pca,crop_centered,1.4797729580148753,1.2285519486842587,1.8016671470305063,1.4257179867225263,0.13394779574782945,-0.1172732135827872,-2.063828403496676,4.520932300865193,3.2923803521809347,0.1,58.0,3.0,,,
Busoga,2020,first_season,simsim,4,ridge,pca,crop_centered,0.3994351113633946,0.3551035747483181,1.8016671470305063,0.42925700279116347,-0.07267334504409112,-0.11700488165916761,-2.9372767774326167,3.6474839269292527,3.2923803521809347,0.1,58.0,3.0,,,
Busoga,2020,first_season,sorghum,4,ridge,pca,crop_centered,0.6036980012037914,1.3413261077954675,1.8016671470305063,1.3361928120558897,-0.8601640267791648,-0.12253592018748871,-1.9510542443854673,4.633706459976402,3.2923803521809347,0.1,58.0,3.0,,,
Busoga,2020,first_season,soya_beans,4,ridge,pca,crop_centered,0.4333391184708587,0.5019655840183901,1.8016671470305063,0.6555232704687651,-0.18686743902459746,-0.11824097347706608,-2.7904147681625444,3.794345936199325,3.2923803521809347,0.1,58.0,3.0,,,
Busoga,2020,first_season,sweet_potatoes,4,ridge,pca,crop_centered,3.4113171715767456,5.087228606827526,1.8016671470305063,6.5300697168629425,-1.800574165727625,-0.12466273047684506,1.794848254646591,8.379608959008461,3.2923803521809347,0.1,58.0,3.0,,,
Busoga,2020,second_season,beans,4,ridge,pca,crop_centered,0.8018694899438293,1.1141454124273347,1.8016671470305063,0.7725881369501938,0.038400586431571515,0.35067650891507685,-2.1782349397536,4.406525764608269,3.2923803521809347,0.1,58.0,3.0,,,
Busoga,2020,second_season,groundnuts,4,ridge,pca,crop_centered,0.4062549460293829,0.8684584572631942,1.8016671470305063,0.5479446238104857,-0.11260784087297365,0.3495956703608376,-2.423921894917741,4.160838809444129,3.2923803521809347,0.1,58.0,3.0,,,
Busoga,2020,second_season,maize,4,ridge,pca,crop_centered,1.7237131684916815,3.0559863938289022,1.8016671470305063,2.6412707918169636,-0.9826775549763829,0.34959567036083783,-0.23639395835203247,6.348366746009837,3.2923803521809347,0.1,58.0,3.0,,,
Busoga,2020,second_season,millet,4,ridge,pca,crop_centered,0.2369138654637815,0.9534072528848492,1.8016671470305063,0.5738783706046435,-0.36248596381937626,0.35400742360169146,-2.3389730992960853,4.245787605065784,3.2923803521809347,0.1,58.0,3.0,,,
Busoga,2020,second_season,rice,4,ridge,pca,crop_centered,2.088480457936548,1.700683539232585,1.8016671470305063,1.4257179867225263,0.7426552956695021,0.3548583769655391,-1.5916968129483497,4.99306389141352,3.2923803521809347,0.1,58.0,3.0,,,
Busoga,2020,second_season,simsim,4,ridge,pca,crop_centered,0.2995884010467337,0.8272351652966445,1.8016671470305063,0.42925700279116347,-0.17252005536075204,0.3551267088891588,-2.46514518688429,4.1196155174775795,3.2923803521809347,0.1,58.0,3.0,,,
Busoga,2020,second_season,sorghum,4,ridge,pca,crop_centered,0.6561084833674863,1.8134576983437938,1.8016671470305063,1.3361928120558897,-0.8077535446154699,0.3495956703608376,-1.478922653837141,5.105838050524729,3.2923803521809347,0.1,58.0,3.0,,,
Busoga,2020,second_season,soya_beans,4,ridge,pca,crop_centered,0.5938545772757312,0.9740971745667164,1.8016671470305063,0.6555232704687651,-0.026351980219724958,0.35389061707126024,-2.3182831776142185,4.266477526747651,3.2923803521809347,0.1,58.0,3.0,,,
Busoga,2020,second_season,sweet_potatoes,4,ridge,pca,crop_centered,4.046477355605773,5.5593601973758515,1.8016671470305063,6.5300697168629425,-1.165413981698598,0.3474688600714808,2.266979845194917,8.851740549556787,3.2923803521809347,0.1,58.0,3.0,,,
Kigezi,2020,first_season,beans,4,ridge,pca,crop_centered,0.6821726355797036,0.9798503677031076,1.8016671470305063,0.7725881369501938,-0.08129626793255418,0.2163814641908498,-2.312529984477827,4.272230719884043,3.2923803521809347,0.1,58.0,3.0,,,
Kigezi,2020,first_season,groundnuts,4,ridge,pca,crop_centered,0.4632654520489824,0.7341634125389671,1.8016671470305063,0.5479446238104857,-0.05559733485337415,0.21530062563661057,-2.5582169396419676,4.026543764719902,3.2923803521809347,0.1,58.0,3.0,,,
Kigezi,2020,first_season,irish_potatoes,4,ridge,pca,crop_centered,5.319403533719373,4.723850979118916,1.8016671470305063,4.047210229393464,0.8029532081200417,0.20740065351958492,1.4314706269379815,8.016231331299851,3.2923803521809347,0.1,58.0,3.0,,,
Kigezi,2020,first_season,maize,4,ridge,pca,crop_centered,1.6788303054282812,2.921691349104675,1.8016671470305063,2.6412707918169636,-1.0275604180397833,0.21530062563661057,-0.37068900307625974,6.21407170128561,3.2923803521809347,0.1,58.0,3.0,,,
Kigezi,2020,first_season,millet,4,ridge,pca,crop_centered,0.7582314811841495,0.8191122081606219,1.8016671470305063,0.5738783706046435,0.1588316519009918,0.2197123788774642,-2.473268144020313,4.111492560341556,3.2923803521809347,0.1,58.0,3.0,,,
Kigezi,2020,first_season,rice,4,ridge,pca,crop_centered,1.457131297713486,1.566388494508358,1.8016671470305063,1.4257179867225263,0.11130613544644019,0.22056333224131208,-1.7259918576725768,4.858768846689292,3.2923803521809347,0.1,58.0,3.0,,,
Kigezi,2020,first_season,sorghum,4,ridge,pca,crop_centered,0.9963816683569464,1.6791626536195667,1.8016671470305063,1.3361928120558897,-0.46748035962600976,0.21530062563661057,-1.613217698561368,4.971543005800502,3.2923803521809347,0.1,58.0,3.0,,,
Kigezi,2020,first_season,soya_beans,4,ridge,pca,crop_centered,0.5069027622936974,0.8398021298424893,1.8016671470305063,0.6555232704687651,-0.11330379520175882,0.21959557234703309,-2.4525782223384454,4.132182482023424,3.2923803521809347,0.1,58.0,3.0,,,
Kigezi,2020,first_season,sweet_potatoes,4,ridge,pca,crop_centered,3.68073317352751,5.425065152651625,1.8016671470305063,6.5300697168629425,-1.5311581637768605,0.213173815347254,2.13268480047069,8.71744550483256,3.2923803521809347,0.1,58.0,3.0,,,
Kigezi,2020,second_season,beans,4,ridge,pca,crop_centered,1.2309422257456628,1.167042640993592,1.8016671470305063,0.7725881369501938,0.467473322233405,0.40357373748133407,-2.125337711187343,4.459422993174527,3.2923803521809347,0.1,58.0,3.0,,,
Kigezi,2020,second_season,groundnuts,4,ridge,pca,crop_centered,0.7496304931127425,0.9213556858294512,1.8016671470305063,0.5479446238104857,0.230767706210386,0.4024928989270946,-2.3710246663514836,4.213736038010386,3.2923803521809347,0.1,58.0,3.0,,,
Kigezi,2020,second_season,irish_potatoes,4,ridge,pca,crop_centered,7.829884297424306,4.911043252409401,1.8016671470305063,4.047210229393464,3.313433971824975,0.39459292681006986,1.6186629002284665,8.203423604590336,3.2923803521809347,0.1,58.0,3.0,,,
Kigezi,2020,second_season,maize,4,ridge,pca,crop_centered,4.580426866194772,3.108883622395159,1.8016671470305063,2.6412707918169636,1.8740361427267076,0.4024928989270946,-0.1834967297857757,6.401263974576094,3.2923803521809347,0.1,58.0,3.0,,,
Kigezi,2020,second_season,millet,4,ridge,pca,crop_centered,0.96011465247634,1.0063044814511062,1.8016671470305063,0.5738783706046435,0.36071482319318227,0.40690465216794847,-2.2860758707298285,4.298684833632041,3.2923803521809347,0.1,58.0,3.0,,,
Kigezi,2020,second_season,rice,4,ridge,pca,crop_centered,3.966514747112424,1.753580767798842,1.8016671470305063,1.4257179867225263,2.620689584845378,0.40775560553179613,-1.5387995843820927,5.0459611199797765,3.2923803521809347,0.1,58.0,3.0,,,
Kigezi,2020,second_season,sorghum,4,ridge,pca,crop_centered,0.9034020239226584,1.8663549269100508,1.8016671470305063,1.3361928120558897,-0.5604600040602977,0.4024928989270946,-1.426025425270884,5.158735279090985,3.2923803521809347,0.1,58.0,3.0,,,
Kigezi,2020,second_season,soya_beans,4,ridge,pca,crop_centered,44.29863915774654,1.0269944031329734,1.8016671470305063,0.6555232704687651,43.678432600251085,0.40678784563751724,-2.2653859490479613,4.319374755313908,3.2923803521809347,0.1,58.0,3.0,,,
Kigezi,2020,second_season,sweet_potatoes,4,ridge,pca,crop_centered,7.307468270304063,5.612257425942109,1.8016671470305063,6.5300697168629425,2.095576932999692,0.40036608863773804,2.319877073761174,8.904637778123043,3.2923803521809347,0.1,58.0,3.0,,,
South Buganda,2020,first_season,beans,4,ridge,pca,crop_centered,0.6286830497610721,0.8663118828622989,1.8016671470305063,0.7725881369501938,-0.13478585375118568,0.10284297935004105,-2.426068469318636,4.158692235043233,3.2923803521809347,0.1,58.0,3.0,,,
South Buganda,2020,first_season,groundnuts,4,ridge,pca,crop_centered,0.6198068833094821,0.6206249276981582,1.8016671470305063,0.5479446238104857,0.10094409640712554,0.1017621407958017,-2.6717554244827766,3.913005279879093,3.2923803521809347,0.1,58.0,3.0,,,
South Buganda,2020,first_season,irish_potatoes,4,ridge,pca,crop_centered,3.3283582090790134,4.610312494278108,1.8016671470305063,4.047210229393464,-1.188092116520318,0.09386216867877639,1.317932142097173,7.9026928464590425,3.2923803521809347,0.1,58.0,3.0,,,
South Buganda,2020,first_season,maize,4,ridge,pca,crop_centered,1.658719821291578,2.808152864263866,1.8016671470305063,2.6412707918169636,-1.0476709021764865,0.10176214079580159,-0.4842274879170687,6.1005332164448,3.2923803521809347,0.1,58.0,3.0,,,
South Buganda,2020,first_season,millet,4,ridge,pca,crop_centered,0.4388892155530794,0.7055737233198132,1.8016671470305063,0.5738783706046435,-0.1605106137300783,0.10617389403665545,-2.5868066288611216,3.997954075500748,3.2923803521809347,0.1,58.0,3.0,,,
South Buganda,2020,first_season,rice,4,ridge,pca,crop_centered,2.3727137710817736,1.4528500096675492,1.8016671470305063,1.4257179867225263,1.0268886088147278,0.10702484740050333,-1.8395303425133855,4.745230361848484,3.2923803521809347,0.1,58.0,3.0,,,
South Buganda,2020,first_season,sorghum,4,ridge,pca,crop_centered,0.5363321684614435,1.5656241687787578,1.8016671470305063,1.3361928120558897,-0.9275298595215127,0.10176214079580159,-1.726756183402177,4.8580045209596925,3.2923803521809347,0.1,58.0,3.0,,,
South Buganda,2020,first_season,soya_beans,4,ridge,pca,crop_centered,0.5931784427704433,0.7262636450016805,1.8016671470305063,0.6555232704687651,-0.027028114725012875,0.10605708750622433,-2.5661167071792543,4.018643997182616,3.2923803521809347,0.1,58.0,3.0,,,
South Buganda,2020,first_season,sweet_potatoes,4,ridge,pca,crop_centered,3.666537379696348,5.311526667810816,1.8016671470305063,6.5300697168629425,-1.5453539576080226,0.09963533050644546,2.0191463156298814,8.603907019991752,3.2923803521809347,0.1,58.0,3.0,,,
South Buganda,2020,second_season,beans,4,ridge,pca,crop_centered,1.1321807165247713,0.9895149183717544,1.8016671470305063,0.7725881369501938,0.36871181301251343,0.2260460148594966,-2.3028654338091803,4.281895270552689,3.2923803521809347,0.1,58.0,3.0,,,
South Buganda,2020,second_season,groundnuts,4,ridge,pca,crop_centered,1.0649682679639256,0.7438279632076139,1.8016671470305063,0.5479446238104857,0.5461054810615691,0.22496517630525736,-2.548552388973321,4.036208315388548,3.2923803521809347,0.1,58.0,3.0,,,
South Buganda,2020,second_season,irish_potatoes,4,ridge,pca,crop_centered,6.759325459944138,4.733515529787564,1.8016671470305063,4.047210229393464,2.242875134344807,0.21706520418823239,1.441135177606629,8.025895881968498,3.2923803521809347,0.1,58.0,3.0,,,
South Buganda,2020,second_season,maize,4,ridge,pca,crop_centered,2.314641460829224,2.9313558997733216,1.8016671470305063,2.6412707918169636,-0.39174926263884036,0.22496517630525714,-0.36102445240761316,6.223736251954256,3.2923803521809347,0.1,58.0,3.0,,,
South Buganda,2020,second_season,millet,4,ridge,pca,crop_centered,0.721953108076217,0.8287767588292687,1.8016671470305063,0.5738783706046435,0.12255327879305933,0.229376929546111,-2.463603593351666,4.121157111010204,3.2923803521809347,0.1,58.0,3.0,,,
South Buganda,2020,second_season,sorghum,4,ridge,pca,crop_centered,3.5799019725152155,1.6888272042882135,1.8016671470305063,1.3361928120558897,2.1160399445322593,0.22496517630525736,-1.6035531478927212,4.9812075564691485,3.2923803521809347,0.1,58.0,3.0,,,
South Buganda,2020,second_season,sweet_potatoes,4,ridge,pca,crop_centered,6.065522206096139,5.434729703320271,1.8016671470305063,6.5300697168629425,0.8536308687917682,0.22283836601590057,2.1423493511393366,8.727110055501207,3.2923803521809347,0.1,58.0,3.0,,,
Bunyoro,2020,first_season,beans,5,ridge,pca,crop_centered,0.8260947143833511,0.3052547898382854,2.0664785772522087,0.7821426946020412,0.03873473917854975,-0.482105185366516,-3.369669420050442,3.980178999727013,3.6749242098887276,0.1,52.0,3.0,,,
Bunyoro,2020,first_season,groundnuts,5,ridge,pca,crop_centered,0.6650306538588546,0.08638283994300228,2.0664785772522087,0.5656278431447842,0.09612005614549968,-0.48252775777035267,-3.5885413699457254,3.76130704983173,3.6749242098887276,0.1,52.0,3.0,,,
Bunyoro,2020,first_season,irish_potatoes,5,ridge,pca,crop_centered,2.220589656235262,4.0100634593697295,2.0664785772522087,4.7812646841975734,-2.3097830818165104,-0.5203092786820429,0.33513924948100193,7.684987669258457,3.6749242098887276,0.1,52.0,3.0,,,
Bunyoro,2020,first_season,maize,5,ridge,pca,crop_centered,2.3426553850030096,1.7693368322202125,2.0664785772522087,2.4053055087174147,0.09079079501244447,-0.4825277577703526,-1.905587377668515,5.44426104210894,3.6749242098887276,0.1,52.0,3.0,,,
Bunyoro,2020,first_season,millet,5,ridge,pca,crop_centered,0.2753703982834791,0.037493355349510094,2.0664785772522087,0.6309719027500666,-0.24465071483638368,-0.48252775777035267,-3.6374308545392173,3.712417565238238,3.6749242098887276,0.1,52.0,3.0,,,
Bunyoro,2020,first_season,rice,5,ridge,pca,crop_centered,1.4308437859507233,1.153610109449128,2.0664785772522087,1.611955233813348,-0.19580303951138167,-0.4730367160129769,-2.5213141004395996,4.828534319337855,3.6749242098887276,0.1,52.0,3.0,,,
Bunyoro,2020,first_season,simsim,5,ridge,pca,crop_centered,0.5005342402042084,-0.04846116757237684,2.0664785772522087,0.42646604553162476,0.0895688744742284,-0.4594265333023569,-3.7233853774611045,3.6264630423163506,3.6749242098887276,0.1,52.0,3.0,,,
Bunyoro,2020,first_season,sorghum,5,ridge,pca,crop_centered,1.3881045542850072,0.7228212090321673,2.0664785772522087,1.3031889535170247,0.18275558748248732,-0.4825277577703526,-2.9521030008565603,4.397745418920895,3.6749242098887276,0.1,52.0,3.0,,,
Bunyoro,2020,first_season,soya_beans,5,ridge,pca,crop_centered,0.6855186697585186,2.7608263757491183,2.0664785772522087,2.6171380251865526,-2.5483444220035767,-0.4730367160129769,-0.9140978341396093,6.435750585637846,3.6749242098887276,0.1,52.0,3.0,,,
Bunyoro,2020,first_season,sweet_potatoes,5,ridge,pca,crop_centered,2.0298423975087787,6.267608021213363,2.0664785772522087,6.191142717319159,-4.720293381474937,-0.4825277577703524,2.592683811324635,9.94253223110209,3.6749242098887276,0.1,52.0,3.0,,,
Bunyoro,2020,second_season,beans,5,ridge,pca,crop_centered,1.200511704804833,0.6897028808468711,2.0664785772522087,0.7821426946020412,0.41315172960003166,-0.09765709435793024,-2.9852213290418566,4.364627090735599,3.6749242098887276,0.1,52.0,3.0,,,
Bunyoro,2020,second_season,groundnuts,5,ridge,pca,crop_centered,0.7713261452057008,0.470830930951588,2.0664785772522087,0.5656278431447842,0.2024155474923458,-0.09807966676176694,-3.2040932789371395,4.145755140840316,3.6749242098887276,0.1,52.0,3.0,,,
Bunyoro,2020,second_season,irish_potatoes,5,ridge,pca,crop_centered,2.6451990178871103,4.394511550378315,2.0664785772522087,4.7812646841975734,-1.8851737201646621,-0.13586118767345745,0.7195873404895874,8.069435760267043,3.6749242098887276,0.1,52.0,3.0,,,
Bunyoro,2020,second_season,maize,5,ridge,pca,crop_centered,3.0549264654046246,2.153784923228798,2.0664785772522087,2.4053055087174147,0.8030618754140595,-0.09807966676176694,-1.5211392866599294,5.828709133117526,3.6749242098887276,0.1,52.0,3.0,,,
Bunyoro,2020,second_season,millet,5,ridge,pca,crop_centered,0.4212512776206598,0.42194144635809583,2.0664785772522087,0.6309719027500666,-0.09876983549920298,-0.09807966676176694,-3.252982763530632,4.096865656246823,3.6749242098887276,0.1,52.0,3.0,,,
Bunyoro,2020,second_season,rice,5,ridge,pca,crop_centered,1.6224963809696238,1.5380582004577137,2.0664785772522087,1.611955233813348,-0.004150444492481142,-0.08858862500439124,-2.1368660094310137,5.2129824103464415,3.6749242098887276,0.1,52.0,3.0,,,
Bunyoro,2020,second_season,sorghum,5,ridge,pca,crop_centered,0.8920114348791089,1.107269300040753,2.0664785772522087,1.3031889535170247,-0.31333753192341096,-0.09807966676176694,-2.567654909847975,4.78219350992948,3.6749242098887276,0.1,52.0,3.0,,,
Bunyoro,2020,second_season,soya_beans,5,ridge,pca,crop_centered,0.7040260876893635,3.1452744667577037,2.0664785772522087,2.6171380251865526,-2.5298370040727316,-0.08858862500439146,-0.5296497431310239,6.820198676646431,3.6749242098887276,0.1,52.0,3.0,,,
Bunyoro,2020,second_season,sweet_potatoes,5,ridge,pca,crop_centered,8.162182280896847,6.652056112221948,2.0664785772522087,6.191142717319159,1.4120465019131316,-0.09807966676176694,2.9771319023332206,10.326980322110675,3.6749242098887276,0.1,52.0,3.0,,,
Karamoja,2020,first_season,beans,5,ridge,pca,crop_centered,0.5422885207412549,-0.10348536411962306,2.0664785772522087,0.7821426946020412,-0.2450714544635465,-0.8908453393244244,-3.7784095740083505,3.5714388457691046,3.6749242098887276,0.1,52.0,3.0,,,
Karamoja,2020,first_season,groundnuts,5,ridge,pca,crop_centered,0.5747979489963491,-0.3223573140149062,2.0664785772522087,0.5656278431447842,0.005887351282994113,-0.8912679117282611,-3.997281523903634,3.3525668958738213,3.6749242098887276,0.1,52.0,3.0,,,
Karamoja,2020,first_season,maize,5,ridge,pca,crop_centered,1.2175480596073385,1.360596678262304,2.0664785772522087,2.4053055087174147,-1.0343165303832267,-0.8912679117282611,-2.3143275316264234,5.035520888151032,3.6749242098887276,0.1,52.0,3.0,,,
Karamoja,2020,first_season,millet,5,ridge,pca,crop_centered,0.2665642826776189,-0.37124679860839815,2.0664785772522087,0.6309719027500666,-0.2534568304422439,-0.8912679117282609,-4.046171008497126,3.3036774112803293,3.6749242098887276,0.1,52.0,3.0,,,
Karamoja,2020,first_season,rice,5,ridge,pca,crop_centered,1.5488549025864504,0.7448699554912195,2.0664785772522087,1.611955233813348,-0.0777919228756545,-0.8817768699708854,-2.930054254397508,4.4197941653799475,3.6749242098887276,0.1,52.0,3.0,,,
Karamoja,2020,first_season,simsim,5,ridge,pca,crop_centered,0.2487265028776165,-0.4572013215302853,2.0664785772522087,0.42646604553162476,-0.16223886285236355,-0.8681666872602654,-4.132125531419013,3.217722888358442,3.6749242098887276,0.1,52.0,3.0,,,
Karamoja,2020,first_season,sorghum,5,ridge,pca,crop_centered,0.6347991969213849,0.314081055074259,2.0664785772522087,1.3031889535170247,-0.570549769881135,-0.8912679117282609,-3.360843154814469,3.9890052649629864,3.6749242098887276,0.1,52.0,3.0,,,
Karamoja,2020,first_season,soya_beans,5,ridge,pca,crop_centered,0.5697981563805337,2.3520862217912097,2.0664785772522087,2.6171380251865526,-2.6640649353815613,-0.8817768699708854,-1.3228379880975178,6.027010431679937,3.6749242098887276,0.1,52.0,3.0,,,
Karamoja,2020,second_season,groundnuts,5,ridge,pca,crop_centered,0.1047330767226874,0.5310802251681541,2.0664785772522087,0.5656278431447842,-0.46417752099066756,-0.03783037254520083,-3.1438439847205735,4.206004435056881,3.6749242098887276,0.1,52.0,3.0,,,
Karamoja,2020,second_season,maize,5,ridge,pca,crop_centered,7.244065383360269,2.214034217445364,2.0664785772522087,2.4053055087174147,4.992200793369704,-0.03783037254520094,-1.4608899924433634,5.888958427334092,3.6749242098887276,0.1,52.0,3.0,,,
Karamoja,2020,second_season,millet,5,ridge,pca,crop_centered,0.349296866505584,0.48219074057466194,2.0664785772522087,0.6309719027500666,-0.17072424661427876,-0.03783037254520083,-3.1927334693140654,4.15711495046339,3.6749242098887276,0.1,52.0,3.0,,,
Karamoja,2020,second_season,sorghum,5,ridge,pca,crop_centered,2.480616112563021,1.1675185942573192,2.0664785772522087,1.3031889535170247,1.2752671457605012,-0.03783037254520072,-2.5074056156314084,4.842442804146047,3.6749242098887276,0.1,52.0,3.0,,,
Acholi,2020,first_season,beans,1,dummy_mean,hybrid,crop_centered,0.8570862730857126,0.8083785631118958,2.1075068827579884,0.7986540097128687,0.04870770997381679,0.0,-2.5934633893372236,4.210220515561016,3.4018419524491197,0.1,56.0,3.0,,,
Acholi,2020,first_season,groundnuts,1,dummy_mean,hybrid,crop_centered,0.579730411471064,0.5732198676763399,2.1075068827579884,0.5687183500759414,0.006510543794724044,0.0,-2.8286220847727797,3.9750618201254597,3.4018419524491197,0.1,56.0,3.0,,,
Acholi,2020,first_season,maize,1,dummy_mean,hybrid,crop_centered,1.6268858066002263,2.847265094012805,2.1075068827579884,2.7363424889537766,-1.2203792874125785,0.0,-0.5545768584363149,6.2491070464619245,3.4018419524491197,0.1,56.0,3.0,,,
Acholi,2020,first_season,millet,1,dummy_mean,hybrid,crop_centered,0.2602112569707439,0.6684820266233378,2.1075068827579884,0.6354044224045948,-0.4082707696525939,0.0,-2.733359925825782,4.070323979072457,3.4018419524491197,0.1,56.0,3.0,,,
Acholi,2020,first_season,rice,1,dummy_mean,hybrid,crop_centered,1.8354492390020587,1.7283537604145638,2.1075068827579884,1.7589076363956022,0.10709547858749491,0.0,-1.673488192034556,5.130195712863683,3.4018419524491197,0.1,56.0,3.0,,,
Acholi,2020,first_season,simsim,1,dummy_mean,hybrid,crop_centered,0.2405641336366695,0.3958643349193284,2.1075068827579884,0.3999465592781099,-0.15530020128265887,0.0,-3.0059776175297914,3.797706287368448,3.4018419524491197,0.1,56.0,3.0,,,
Acholi,2020,first_season,sorghum,1,dummy_mean,hybrid,crop_centered,0.7136992535711828,1.431651016691542,2.1075068827579884,1.3246497888304674,-0.7179517631203591,0.0,-1.9701909357575778,4.833492969140662,3.4018419524491197,0.1,56.0,3.0,,,
Acholi,2020,first_season,soya_beans,1,dummy_mean,hybrid,crop_centered,1.0958248492916711,0.5518471190325219,2.1075068827579884,2.930292181557787,0.5439777302591492,0.0,-2.8499948334165977,3.9536890714816417,3.4018419524491197,0.1,56.0,3.0,,,
Acholi,2020,first_season,sweet_potatoes,1,dummy_mean,hybrid,crop_centered,7.360751879011887,5.263875952557759,2.1075068827579884,5.983658411491209,2.0968759264541275,0.0,1.8620340001086397,8.665717905006879,3.4018419524491197,0.1,56.0,3.0,,,
Acholi,2020,second_season,beans,1,dummy_mean,hybrid,crop_centered,0.8791468943891129,0.8083785631118958,2.1075068827579884,0.7986540097128687,0.07076833127721704,0.0,-2.5934633893372236,4.210220515561016,3.4018419524491197,0.1,56.0,3.0,,,
Acholi,2020,second_season,groundnuts,1,dummy_mean,hybrid,crop_centered,0.774283389787513,0.5732198676763399,2.1075068827579884,0.5687183500759414,0.20106352211117307,0.0,-2.8286220847727797,3.9750618201254597,3.4018419524491197,0.1,56.0,3.0,,,
Acholi,2020,second_season,maize,1,dummy_mean,hybrid,crop_centered,1.9919193221111424,2.847265094012805,2.1075068827579884,2.7363424889537766,-0.8553457719016624,0.0,-0.5545768584363149,6.2491070464619245,3.4018419524491197,0.1,56.0,3.0,,,
Acholi,2020,second_season,millet,1,dummy_mean,hybrid,crop_centered,0.3783444913194841,0.6684820266233378,2.1075068827579884,0.6354044224045948,-0.29013753530385367,0.0,-2.733359925825782,4.070323979072457,3.4018419524491197,0.1,56.0,3.0,,,
Acholi,2020,second_season,rice,1,dummy_mean,hybrid,crop_centered,0.8047415933139703,1.7283537604145638,2.1075068827579884,1.7589076363956022,-0.9236121671005935,0.0,-1.673488192034556,5.130195712863683,3.4018419524491197,0.1,56.0,3.0,,,
Acholi,2020,second_season,simsim,1,dummy_mean,hybrid,crop_centered,0.3592611565204056,0.3958643349193284,2.1075068827579884,0.3999465592781099,-0.0366031783989228,0.0,-3.0059776175297914,3.797706287368448,3.4018419524491197,0.1,56.0,3.0,,,
Acholi,2020,second_season,sorghum,1,dummy_mean,hybrid,crop_centered,1.0529020128934117,1.431651016691542,2.1075068827579884,1.3246497888304674,-0.37874900379813026,0.0,-1.9701909357575778,4.833492969140662,3.4018419524491197,0.1,56.0,3.0,,,
Acholi,2020,second_season,soya_beans,1,dummy_mean,hybrid,crop_centered,0.8621074636111007,0.5518471190325219,2.1075068827579884,2.930292181557787,0.31026034457857876,0.0,-2.8499948334165977,3.9536890714816417,3.4018419524491197,0.1,56.0,3.0,,,
Acholi,2020,second_season,sweet_potatoes,1,dummy_mean,hybrid,crop_centered,14.728567574673178,5.263875952557759,2.1075068827579884,5.983658411491209,9.464691622115419,0.0,1.8620340001086397,8.665717905006879,3.4018419524491197,0.1,56.0,3.0,,,
North Buganda,2020,first_season,beans,1,dummy_mean,hybrid,crop_centered,0.6433017110440628,0.8083785631118958,2.1075068827579884,0.7986540097128687,-0.16507685206783307,0.0,-2.5934633893372236,4.210220515561016,3.4018419524491197,0.1,56.0,3.0,,,
North Buganda,2020,first_season,groundnuts,1,dummy_mean,hybrid,crop_centered,0.4198664546099319,0.5732198676763399,2.1075068827579884,0.5687183500759414,-0.15335341306640804,0.0,-2.8286220847727797,3.9750618201254597,3.4018419524491197,0.1,56.0,3.0,,,
North Buganda,2020,first_season,irish_potatoes,1,dummy_mean,hybrid,crop_centered,3.149663292713082,4.428042344975187,2.1075068827579884,4.440832751461744,-1.2783790522621046,0.0,1.026200392526067,7.829884297424306,3.4018419524491197,0.1,56.0,3.0,,,
North Buganda,2020,first_season,maize,1,dummy_mean,hybrid,crop_centered,2.169407944352197,2.847265094012805,2.1075068827579884,2.7363424889537766,-0.6778571496606078,0.0,-0.5545768584363149,6.2491070464619245,3.4018419524491197,0.1,56.0,3.0,,,
North Buganda,2020,first_season,millet,1,dummy_mean,hybrid,crop_centered,0.493228260930458,0.6684820266233378,2.1075068827579884,0.6354044224045948,-0.17525376569287976,0.0,-2.733359925825782,4.070323979072457,3.4018419524491197,0.1,56.0,3.0,,,
North Buganda,2020,first_season,rice,1,dummy_mean,hybrid,crop_centered,1.0029754145357688,1.7283537604145638,2.1075068827579884,1.7589076363956022,-0.725378345878795,0.0,-1.673488192034556,5.130195712863683,3.4018419524491197,0.1,56.0,3.0,,,
North Buganda,2020,first_season,simsim,1,dummy_mean,hybrid,crop_centered,0.1854698986731419,0.3958643349193284,2.1075068827579884,0.3999465592781099,-0.21039443624618648,0.0,-3.0059776175297914,3.797706287368448,3.4018419524491197,0.1,56.0,3.0,,,
North Buganda,2020,first_season,sorghum,1,dummy_mean,hybrid,crop_centered,0.0988630737950738,1.431651016691542,2.1075068827579884,1.3246497888304674,-1.3327879428964682,0.0,-1.9701909357575778,4.833492969140662,3.4018419524491197,0.1,56.0,3.0,,,
North Buganda,2020,first_season,soya_beans,1,dummy_mean,hybrid,crop_centered,0.4702301599548245,0.5518471190325219,2.1075068827579884,2.930292181557787,-0.08161695907769745,0.0,-2.8499948334165977,3.9536890714816417,3.4018419524491197,0.1,56.0,3.0,,,
North Buganda,2020,first_season,sweet_potatoes,1,dummy_mean,hybrid,crop_centered,2.687525566046792,5.263875952557759,2.1075068827579884,5.983658411491209,-2.5763503865109674,0.0,1.8620340001086397,8.665717905006879,3.4018419524491197,0.1,56.0,3.0,,,
North Buganda,2020,second_season,beans,1,dummy_mean,hybrid,crop_centered,0.9823435270848496,0.8083785631118958,2.1075068827579884,0.7986540097128687,0.1739649639729538,0.0,-2.5934633893372236,4.210220515561016,3.4018419524491197,0.1,56.0,3.0,,,
North Buganda,2020,second_season,groundnuts,1,dummy_mean,hybrid,crop_centered,0.6052217822979895,0.5732198676763399,2.1075068827579884,0.5687183500759414,0.032001914621649585,0.0,-2.8286220847727797,3.9750618201254597,3.4018419524491197,0.1,56.0,3.0,,,
North Buganda,2020,second_season,irish_potatoes,1,dummy_mean,hybrid,crop_centered,6.482172439710905,4.428042344975187,2.1075068827579884,4.440832751461744,2.0541300947357186,0.0,1.026200392526067,7.829884297424306,3.4018419524491197,0.1,56.0,3.0,,,
North Buganda,2020,second_season,maize,1,dummy_mean,hybrid,crop_centered,2.6867403311215865,2.847265094012805,2.1075068827579884,2.7363424889537766,-0.1605247628912183,0.0,-0.5545768584363149,6.2491070464619245,3.4018419524491197,0.1,56.0,3.0,,,
North Buganda,2020,second_season,millet,1,dummy_mean,hybrid,crop_centered,0.7672214167665391,0.6684820266233378,2.1075068827579884,0.6354044224045948,0.09873939014320132,0.0,-2.733359925825782,4.070323979072457,3.4018419524491197,0.1,56.0,3.0,,,
North Buganda,2020,second_season,rice,1,dummy_mean,hybrid,crop_centered,0.7664154644961585,1.7283537604145638,2.1075068827579884,1.7589076363956022,-0.9619382959184053,0.0,-1.673488192034556,5.130195712863683,3.4018419524491197,0.1,56.0,3.0,,,
North Buganda,2020,second_season,simsim,1,dummy_mean,hybrid,crop_centered,1.0617776543409592,0.3958643349193284,2.1075068827579884,0.3999465592781099,0.6659133194216308,0.0,-3.0059776175297914,3.797706287368448,3.4018419524491197,0.1,56.0,3.0,,,
North Buganda,2020,second_season,sorghum,1,dummy_mean,hybrid,crop_centered,3.8791100754366425,1.431651016691542,2.1075068827579884,1.3246497888304674,2.4474590587451006,0.0,-1.9701909357575778,4.833492969140662,3.4018419524491197,0.1,56.0,3.0,,,
North Buganda,2020,second_season,soya_beans,1,dummy_mean,hybrid,crop_centered,0.4386972792209299,0.5518471190325219,2.1075068827579884,2.930292181557787,-0.11314983981159205,0.0,-2.8499948334165977,3.9536890714816417,3.4018419524491197,0.1,56.0,3.0,,,
North Buganda,2020,second_season,sweet_potatoes,1,dummy_mean,hybrid,crop_centered,6.9509363188894655,5.263875952557759,2.1075068827579884,5.983658411491209,1.687060366331706,0.0,1.8620340001086397,8.665717905006879,3.4018419524491197,0.1,56.0,3.0,,,
Teso,2020,first_season,beans,1,dummy_mean,hybrid,crop_centered,0.4787820909269001,0.8083785631118958,2.1075068827579884,0.7986540097128687,-0.3295964721849957,0.0,-2.5934633893372236,4.210220515561016,3.4018419524491197,0.1,56.0,3.0,,,
Teso,2020,first_season,groundnuts,1,dummy_mean,hybrid,crop_centered,0.3687334249789069,0.5732198676763399,2.1075068827579884,0.5687183500759414,-0.20448644269743305,0.0,-2.8286220847727797,3.9750618201254597,3.4018419524491197,0.1,56.0,3.0,,,
Teso,2020,first_season,maize,1,dummy_mean,hybrid,crop_centered,1.3718829183654722,2.847265094012805,2.1075068827579884,2.7363424889537766,-1.4753821756473326,0.0,-0.5545768584363149,6.2491070464619245,3.4018419524491197,0.1,56.0,3.0,,,
Teso,2020,first_season,millet,1,dummy_mean,hybrid,crop_centered,0.2266117956037198,0.6684820266233378,2.1075068827579884,0.6354044224045948,-0.441870231019618,0.0,-2.733359925825782,4.070323979072457,3.4018419524491197,0.1,56.0,3.0,,,
Teso,2020,first_season,rice,1,dummy_mean,hybrid,crop_centered,1.3123638688539283,1.7283537604145638,2.1075068827579884,1.7589076363956022,-0.4159898915606355,0.0,-1.673488192034556,5.130195712863683,3.4018419524491197,0.1,56.0,3.0,,,
Teso,2020,first_season,simsim,1,dummy_mean,hybrid,crop_centered,0.3758526836726521,0.3958643349193284,2.1075068827579884,0.3999465592781099,-0.020011651246676254,0.0,-3.0059776175297914,3.797706287368448,3.4018419524491197,0.1,56.0,3.0,,,
Teso,2020,first_season,sorghum,1,dummy_mean,hybrid,crop_centered,0.6439380500075159,1.431651016691542,2.1075068827579884,1.3246497888304674,-0.787712966684026,0.0,-1.9701909357575778,4.833492969140662,3.4018419524491197,0.1,56.0,3.0,,,
Teso,2020,first_season,soya_beans,1,dummy_mean,hybrid,crop_centered,0.4286664418152572,0.5518471190325219,2.1075068827579884,2.930292181557787,-0.12318067721726472,0.0,-2.8499948334165977,3.9536890714816417,3.4018419524491197,0.1,56.0,3.0,,,
Teso,2020,first_season,sweet_potatoes,1,dummy_mean,hybrid,crop_centered,2.3919434486183864,5.263875952557759,2.1075068827579884,5.983658411491209,-2.871932503939373,0.0,1.8620340001086397,8.665717905006879,3.4018419524491197,0.1,56.0,3.0,,,
Teso,2020,second_season,beans,1,dummy_mean,hybrid,crop_centered,0.7279249098775472,0.8083785631118958,2.1075068827579884,0.7986540097128687,-0.08045365323434861,0.0,-2.5934633893372236,4.210220515561016,3.4018419524491197,0.1,56.0,3.0,,,
Teso,2020,second_season,groundnuts,1,dummy_mean,hybrid,crop_centered,0.4313168954422955,0.5732198676763399,2.1075068827579884,0.5687183500759414,-0.1419029722340444,0.0,-2.8286220847727797,3.9750618201254597,3.4018419524491197,0.1,56.0,3.0,,,
Teso,2020,second_season,maize,1,dummy_mean,hybrid,crop_centered,1.540156423059482,2.847265094012805,2.1075068827579884,2.7363424889537766,-1.3071086709533228,0.0,-0.5545768584363149,6.2491070464619245,3.4018419524491197,0.1,56.0,3.0,,,
Teso,2020,second_season,millet,1,dummy_mean,hybrid,crop_centered,0.3557264962514397,0.6684820266233378,2.1075068827579884,0.6354044224045948,-0.31275553037189807,0.0,-2.733359925825782,4.070323979072457,3.4018419524491197,0.1,56.0,3.0,,,
Teso,2020,second_season,rice,1,dummy_mean,hybrid,crop_centered,1.0709719442643844,1.7283537604145638,2.1075068827579884,1.7589076363956022,-0.6573818161501794,0.0,-1.673488192034556,5.130195712863683,3.4018419524491197,0.1,56.0,3.0,,,
Teso,2020,second_season,simsim,1,dummy_mean,hybrid,crop_centered,0.6034722059137033,0.3958643349193284,2.1075068827579884,0.3999465592781099,0.20760787099437494,0.0,-3.0059776175297914,3.797706287368448,3.4018419524491197,0.1,56.0,3.0,,,
Teso,2020,second_season,sorghum,1,dummy_mean,hybrid,crop_centered,1.141258363083009,1.431651016691542,2.1075068827579884,1.3246497888304674,-0.29039265360853284,0.0,-1.9701909357575778,4.833492969140662,3.4018419524491197,0.1,56.0,3.0,,,
Teso,2020,second_season,soya_beans,1,dummy_mean,hybrid,crop_centered,0.5653018244408415,0.5518471190325219,2.1075068827579884,2.930292181557787,0.013454705408319612,0.0,-2.8499948334165977,3.9536890714816417,3.4018419524491197,0.1,56.0,3.0,,,
Teso,2020,second_season,sweet_potatoes,1,dummy_mean,hybrid,crop_centered,4.986556877001546,5.263875952557759,2.1075068827579884,5.983658411491209,-0.27731907555621316,0.0,1.8620340001086397,8.665717905006879,3.4018419524491197,0.1,56.0,3.0,,,
Elgon,2020,first_season,beans,2,dummy_mean,hybrid,crop_centered,0.6700120852270204,0.8133275038531373,1.954636271112969,0.800459608567741,-0.14331541862611696,0.0,-2.502151579552211,4.128806587258485,3.3154790834053482,0.1,54.0,3.0,,,
Elgon,2020,first_season,groundnuts,2,dummy_mean,hybrid,crop_centered,0.4950587775158489,0.5229996476090061,1.954636271112969,0.5508650616816889,-0.027940870093157155,0.0,-2.7924794357963423,3.838478731014354,3.3154790834053482,0.1,54.0,3.0,,,
Elgon,2020,first_season,irish_potatoes,2,dummy_mean,hybrid,crop_centered,4.522840340241605,3.7755392057018193,1.954636271112969,4.160319420588475,0.7473011345397857,0.0,0.4600601222964711,7.091018289107168,3.3154790834053482,0.1,54.0,3.0,,,
Elgon,2020,first_season,maize,2,dummy_mean,hybrid,crop_centered,2.591624259545572,2.552235446924377,1.954636271112969,2.445749569645221,0.03938881262119498,0.0,-0.7632436364809712,5.867714530329725,3.3154790834053482,0.1,54.0,3.0,,,
Elgon,2020,first_season,millet,2,dummy_mean,hybrid,crop_centered,0.6858292042822013,0.5037608268836823,1.954636271112969,0.588523876879771,0.182068377398519,0.0,-2.811718256521666,3.8192399102890304,3.3154790834053482,0.1,54.0,3.0,,,
Elgon,2020,first_season,rice,2,dummy_mean,hybrid,crop_centered,2.403967673511646,1.6593327684960462,1.954636271112969,1.5849672137717488,0.7446349050156,0.0,-1.656146314909302,4.974811851901395,3.3154790834053482,0.1,54.0,3.0,,,
Elgon,2020,first_season,simsim,2,dummy_mean,hybrid,crop_centered,1.0133465202105196,0.3901448324077617,1.954636271112969,0.4194896280774281,0.6232016878027579,-5.551115123125783e-17,-2.9253342509975866,3.70562391581311,3.3154790834053482,0.1,54.0,3.0,,,
Elgon,2020,first_season,sorghum,2,dummy_mean,hybrid,crop_centered,2.370934481096649,1.0149560162979054,1.954636271112969,1.1729743338682894,1.3559784647987434,0.0,-2.300523067107443,4.330435099703253,3.3154790834053482,0.1,54.0,3.0,,,
Elgon,2020,first_season,soya_beans,2,dummy_mean,hybrid,crop_centered,0.5911363692957547,3.754176362626278,1.954636271112969,2.9108857754523334,-3.163039993330523,0.0,0.4386972792209298,7.069655446031627,3.3154790834053482,0.1,54.0,3.0,,,
Elgon,2020,first_season,sweet_potatoes,2,dummy_mean,hybrid,crop_centered,3.151255842827831,6.131447005639232,1.954636271112969,5.708455116324331,-2.980191162811401,0.0,2.8159679222338836,9.446926089044581,3.3154790834053482,0.1,54.0,3.0,,,
Elgon,2020,second_season,beans,2,dummy_mean,hybrid,crop_centered,0.653829971282899,0.8133275038531373,1.954636271112969,0.800459608567741,-0.15949753257023835,0.0,-2.502151579552211,4.128806587258485,3.3154790834053482,0.1,54.0,3.0,,,
Elgon,2020,second_season,groundnuts,2,dummy_mean,hybrid,crop_centered,0.7530910039174339,0.5229996476090061,1.954636271112969,0.5508650616816889,0.2300913563084278,0.0,-2.7924794357963423,3.838478731014354,3.3154790834053482,0.1,54.0,3.0,,,
Elgon,2020,second_season,irish_potatoes,2,dummy_mean,hybrid,crop_centered,9.66384795722705,3.7755392057018193,1.954636271112969,4.160319420588475,5.888308751525231,0.0,0.4600601222964711,7.091018289107168,3.3154790834053482,0.1,54.0,3.0,,,
Elgon,2020,second_season,maize,2,dummy_mean,hybrid,crop_centered,3.423349924580549,2.552235446924377,1.954636271112969,2.445749569645221,0.8711144776561719,0.0,-0.7632436364809712,5.867714530329725,3.3154790834053482,0.1,54.0,3.0,,,
Elgon,2020,second_season,rice,2,dummy_mean,hybrid,crop_centered,0.9781169963836972,1.6593327684960462,1.954636271112969,1.5849672137717488,-0.681215772112349,0.0,-1.656146314909302,4.974811851901395,3.3154790834053482,0.1,54.0,3.0,,,
Elgon,2020,second_season,simsim,2,dummy_mean,hybrid,crop_centered,0.1853682631467308,0.3901448324077617,1.954636271112969,0.4194896280774281,-0.20477656926103097,-5.551115123125783e-17,-2.9253342509975866,3.70562391581311,3.3154790834053482,0.1,54.0,3.0,,,
Elgon,2020,second_season,sorghum,2,dummy_mean,hybrid,crop_centered,3.258267391159824,1.0149560162979054,1.954636271112969,1.1729743338682894,2.2433113748619187,0.0,-2.300523067107443,4.330435099703253,3.3154790834053482,0.1,54.0,3.0,,,
Elgon,2020,second_season,soya_beans,2,dummy_mean,hybrid,crop_centered,0.4261906725861129,3.754176362626278,1.954636271112969,2.9108857754523334,-3.3279856900401654,0.0,0.4386972792209298,7.069655446031627,3.3154790834053482,0.1,54.0,3.0,,,
Elgon,2020,second_season,sweet_potatoes,2,dummy_mean,hybrid,crop_centered,3.5591777349294857,6.131447005639232,1.954636271112969,5.708455116324331,-2.572269270709746,0.0,2.8159679222338836,9.446926089044581,3.3154790834053482,0.1,54.0,3.0,,,
Lango,2020,first_season,beans,2,dummy_mean,hybrid,crop_centered,0.4538514483659436,0.8133275038531373,1.954636271112969,0.800459608567741,-0.35947605548719375,0.0,-2.502151579552211,4.128806587258485,3.3154790834053482,0.1,54.0,3.0,,,
Lango,2020,first_season,groundnuts,2,dummy_mean,hybrid,crop_centered,0.3602760666772656,0.5229996476090061,1.954636271112969,0.5508650616816889,-0.1627235809317405,0.0,-2.7924794357963423,3.838478731014354,3.3154790834053482,0.1,54.0,3.0,,,
Lango,2020,first_season,maize,2,dummy_mean,hybrid,crop_centered,1.5321273000173696,2.552235446924377,1.954636271112969,2.445749569645221,-1.0201081469070075,0.0,-0.7632436364809712,5.867714530329725,3.3154790834053482,0.1,54.0,3.0,,,
Lango,2020,first_season,millet,2,dummy_mean,hybrid,crop_centered,0.3245909082180683,0.5037608268836823,1.954636271112969,0.588523876879771,-0.179169918665614,0.0,-2.811718256521666,3.8192399102890304,3.3154790834053482,0.1,54.0,3.0,,,
Lango,2020,first_season,rice,2,dummy_mean,hybrid,crop_centered,1.0257917523061892,1.6593327684960462,1.954636271112969,1.5849672137717488,-0.6335410161898569,0.0,-1.656146314909302,4.974811851901395,3.3154790834053482,0.1,54.0,3.0,,,
Lango,2020,first_season,simsim,2,dummy_mean,hybrid,crop_centered,0.3598602384189452,0.3901448324077617,1.954636271112969,0.4194896280774281,-0.030284593988816555,-5.551115123125783e-17,-2.9253342509975866,3.70562391581311,3.3154790834053482,0.1,54.0,3.0,,,
Lango,2020,first_season,sorghum,2,dummy_mean,hybrid,crop_centered,0.5398912763008505,1.0149560162979054,1.954636271112969,1.1729743338682894,-0.4750647399970549,0.0,-2.300523067107443,4.330435099703253,3.3154790834053482,0.1,54.0,3.0,,,
Lango,2020,first_season,soya_beans,2,dummy_mean,hybrid,crop_centered,0.6956216106623382,3.754176362626278,1.954636271112969,2.9108857754523334,-3.05855475196394,0.0,0.4386972792209298,7.069655446031627,3.3154790834053482,0.1,54.0,3.0,,,
Lango,2020,first_season,sweet_potatoes,2,dummy_mean,hybrid,crop_centered,4.627154243214652,6.131447005639232,1.954636271112969,5.708455116324331,-1.5042927624245799,0.0,2.8159679222338836,9.446926089044581,3.3154790834053482,0.1,54.0,3.0,,,
Lango,2020,second_season,beans,2,dummy_mean,hybrid,crop_centered,0.9979898086925608,0.8133275038531373,1.954636271112969,0.800459608567741,0.18466230483942347,0.0,-2.502151579552211,4.128806587258485,3.3154790834053482,0.1,54.0,3.0,,,
Lango,2020,second_season,groundnuts,2,dummy_mean,hybrid,crop_centered,0.6658246650132922,0.5229996476090061,1.954636271112969,0.5508650616816889,0.1428250174042861,0.0,-2.7924794357963423,3.838478731014354,3.3154790834053482,0.1,54.0,3.0,,,
Lango,2020,second_season,maize,2,dummy_mean,hybrid,crop_centered,2.9489717758099068,2.552235446924377,1.954636271112969,2.445749569645221,0.3967363288855297,0.0,-0.7632436364809712,5.867714530329725,3.3154790834053482,0.1,54.0,3.0,,,
Lango,2020,second_season,millet,2,dummy_mean,hybrid,crop_centered,0.359162009295794,0.5037608268836823,1.954636271112969,0.588523876879771,-0.14459881758788828,0.0,-2.811718256521666,3.8192399102890304,3.3154790834053482,0.1,54.0,3.0,,,
Lango,2020,second_season,rice,2,dummy_mean,hybrid,crop_centered,1.516949718283846,1.6593327684960462,1.954636271112969,1.5849672137717488,-0.1423830502122001,0.0,-1.656146314909302,4.974811851901395,3.3154790834053482,0.1,54.0,3.0,,,
Lango,2020,second_season,simsim,2,dummy_mean,hybrid,crop_centered,0.4067343534390761,0.3901448324077617,1.954636271112969,0.4194896280774281,0.016589521031314336,-5.551115123125783e-17,-2.9253342509975866,3.70562391581311,3.3154790834053482,0.1,54.0,3.0,,,
Lango,2020,second_season,sorghum,2,dummy_mean,hybrid,crop_centered,2.142946828492448,1.0149560162979054,1.954636271112969,1.1729743338682894,1.1279908121945428,0.0,-2.300523067107443,4.330435099703253,3.3154790834053482,0.1,54.0,3.0,,,
Lango,2020,second_season,soya_beans,2,dummy_mean,hybrid,crop_centered,1.5236675808652385,3.754176362626278,1.954636271112969,2.9108857754523334,-2.2305087817610394,0.0,0.4386972792209298,7.069655446031627,3.3154790834053482,0.1,54.0,3.0,,,
Lango,2020,second_season,sweet_potatoes,2,dummy_mean,hybrid,crop_centered,14.045356396131783,6.131447005639232,1.954636271112969,5.708455116324331,7.9139093904925515,0.0,2.8159679222338836,9.446926089044581,3.3154790834053482,0.1,54.0,3.0,,,
Tooro,2020,first_season,beans,2,dummy_mean,hybrid,crop_centered,0.5714159022282193,0.8133275038531373,1.954636271112969,0.800459608567741,-0.2419116016249181,0.0,-2.502151579552211,4.128806587258485,3.3154790834053482,0.1,54.0,3.0,,,
Tooro,2020,first_season,groundnuts,2,dummy_mean,hybrid,crop_centered,0.4788089757102604,0.5229996476090061,1.954636271112969,0.5508650616816889,-0.044190671898745704,0.0,-2.7924794357963423,3.838478731014354,3.3154790834053482,0.1,54.0,3.0,,,
Tooro,2020,first_season,irish_potatoes,2,dummy_mean,hybrid,crop_centered,2.602443195405729,3.7755392057018193,1.954636271112969,4.160319420588475,-1.1730960102960903,0.0,0.4600601222964711,7.091018289107168,3.3154790834053482,0.1,54.0,3.0,,,
Tooro,2020,first_season,maize,2,dummy_mean,hybrid,crop_centered,3.0038294115831783,2.552235446924377,1.954636271112969,2.445749569645221,0.4515939646588012,0.0,-0.7632436364809712,5.867714530329725,3.3154790834053482,0.1,54.0,3.0,,,
Tooro,2020,first_season,millet,2,dummy_mean,hybrid,crop_centered,0.4632153663470989,0.5037608268836823,1.954636271112969,0.588523876879771,-0.040545460536583366,0.0,-2.811718256521666,3.8192399102890304,3.3154790834053482,0.1,54.0,3.0,,,
Tooro,2020,first_season,rice,2,dummy_mean,hybrid,crop_centered,1.3679142770311534,1.6593327684960462,1.954636271112969,1.5849672137717488,-0.29141849146489274,0.0,-1.656146314909302,4.974811851901395,3.3154790834053482,0.1,54.0,3.0,,,
Tooro,2020,first_season,simsim,2,dummy_mean,hybrid,crop_centered,0.2778595226860031,0.3901448324077617,1.954636271112969,0.4194896280774281,-0.11228530972175865,-5.551115123125783e-17,-2.9253342509975866,3.70562391581311,3.3154790834053482,0.1,54.0,3.0,,,
Tooro,2020,first_season,sorghum,2,dummy_mean,hybrid,crop_centered,0.5962480462055857,1.0149560162979054,1.954636271112969,1.1729743338682894,-0.41870797009231975,0.0,-2.300523067107443,4.330435099703253,3.3154790834053482,0.1,54.0,3.0,,,
Tooro,2020,first_season,soya_beans,2,dummy_mean,hybrid,crop_centered,0.4113045140407508,3.754176362626278,1.954636271112969,2.9108857754523334,-3.3428718485855273,0.0,0.4386972792209298,7.069655446031627,3.3154790834053482,0.1,54.0,3.0,,,
Tooro,2020,first_season,sweet_potatoes,2,dummy_mean,hybrid,crop_centered,2.031705860523254,6.131447005639232,1.954636271112969,5.708455116324331,-4.099741145115978,0.0,2.8159679222338836,9.446926089044581,3.3154790834053482,0.1,54.0,3.0,,,
Tooro,2020,second_season,beans,2,dummy_mean,hybrid,crop_centered,1.1835686146592244,0.8133275038531373,1.954636271112969,0.800459608567741,0.370241110806087,0.0,-2.502151579552211,4.128806587258485,3.3154790834053482,0.1,54.0,3.0,,,
Tooro,2020,second_season,groundnuts,2,dummy_mean,hybrid,crop_centered,0.8188652144271537,0.5229996476090061,1.954636271112969,0.5508650616816889,0.2958655668181476,0.0,-2.7924794357963423,3.838478731014354,3.3154790834053482,0.1,54.0,3.0,,,
Tooro,2020,second_season,irish_potatoes,2,dummy_mean,hybrid,crop_centered,5.09052971295232,3.7755392057018193,1.954636271112969,4.160319420588475,1.314990507250501,0.0,0.4600601222964711,7.091018289107168,3.3154790834053482,0.1,54.0,3.0,,,
Tooro,2020,second_season,maize,2,dummy_mean,hybrid,crop_centered,4.280134298861752,2.552235446924377,1.954636271112969,2.445749569645221,1.7278988519373746,0.0,-0.7632436364809712,5.867714530329725,3.3154790834053482,0.1,54.0,3.0,,,
Tooro,2020,second_season,millet,2,dummy_mean,hybrid,crop_centered,1.0445138088407484,0.5037608268836823,1.954636271112969,0.588523876879771,0.5407529819570661,0.0,-2.811718256521666,3.8192399102890304,3.3154790834053482,0.1,54.0,3.0,,,
Tooro,2020,second_season,rice,2,dummy_mean,hybrid,crop_centered,2.631104714179096,1.6593327684960462,1.954636271112969,1.5849672137717488,0.9717719456830498,0.0,-1.656146314909302,4.974811851901395,3.3154790834053482,0.1,54.0,3.0,,,
Tooro,2020,second_season,simsim,2,dummy_mean,hybrid,crop_centered,0.3096258716658019,0.3901448324077617,1.954636271112969,0.4194896280774281,-0.08051896074195986,-5.551115123125783e-17,-2.9253342509975866,3.70562391581311,3.3154790834053482,0.1,54.0,3.0,,,
Tooro,2020,second_season,sorghum,2,dummy_mean,hybrid,crop_centered,1.958342814699392,1.0149560162979054,1.954636271112969,1.1729743338682894,0.9433867984014865,0.0,-2.300523067107443,4.330435099703253,3.3154790834053482,0.1,54.0,3.0,,,
Tooro,2020,second_season,soya_beans,2,dummy_mean,hybrid,crop_centered,0.5816289868880459,3.754176362626278,1.954636271112969,2.9108857754523334,-3.1725473757382323,0.0,0.4386972792209298,7.069655446031627,3.3154790834053482,0.1,54.0,3.0,,,
Tooro,2020,second_season,sweet_potatoes,2,dummy_mean,hybrid,crop_centered,17.19569748995181,6.131447005639232,1.954636271112969,5.708455116324331,11.06425048431258,0.0,2.8159679222338836,9.446926089044581,3.3154790834053482,0.1,54.0,3.0,,,
Ankole,2020,first_season,beans,3,dummy_mean,hybrid,crop_centered,0.7107039593083359,0.808628118737357,2.0662856437501507,0.7992436624389453,-0.09792415942902111,0.0,-2.106582196987842,3.723838434462556,2.915210315725199,0.1,52.0,3.0,,,
Ankole,2020,first_season,groundnuts,3,dummy_mean,hybrid,crop_centered,0.4892093570559104,0.5658600062564821,2.0662856437501507,0.5683245101391033,-0.07665064920057174,0.0,-2.3493503094687167,3.481070321981681,2.915210315725199,0.1,52.0,3.0,,,
Ankole,2020,first_season,irish_potatoes,3,dummy_mean,hybrid,crop_centered,2.6066656470507263,4.952657344351674,2.0662856437501507,4.967854759378325,-2.3459916973009474,0.0,2.0374470286264748,7.867867660076873,2.915210315725199,0.1,52.0,3.0,,,
Ankole,2020,first_season,maize,3,dummy_mean,hybrid,crop_centered,2.2911775934330265,2.800273944073716,2.0662856437501507,2.5683997769092572,-0.5090963506406894,0.0,-0.11493637165148307,5.715484259798915,2.915210315725199,0.1,52.0,3.0,,,
Ankole,2020,first_season,millet,3,dummy_mean,hybrid,crop_centered,1.2807764204080456,0.5137154037373509,2.0662856437501507,0.49735850693119044,0.7670610166706947,0.0,-2.401494911987848,3.42892571946255,2.915210315725199,0.1,52.0,3.0,,,
Ankole,2020,first_season,sorghum,3,dummy_mean,hybrid,crop_centered,0.660753068253978,1.4380549095547759,2.0662856437501507,1.4121707856008021,-0.7773018413007979,0.0,-1.477155406170423,4.353265225279975,2.915210315725199,0.1,52.0,3.0,,,
Ankole,2020,first_season,soya_beans,3,dummy_mean,hybrid,crop_centered,0.3377821773864262,3.50906489300093,2.0662856437501507,2.823781736252928,-3.171282715614504,0.0,0.5938545772757311,6.4242752087261294,2.915210315725199,0.1,52.0,3.0,,,
Ankole,2020,first_season,sweet_potatoes,3,dummy_mean,hybrid,crop_centered,4.329712242698299,6.1588817653364885,2.0662856437501507,6.104335473351614,-1.8291695226381899,0.0,3.2436714496112895,9.074092081061687,2.915210315725199,0.1,52.0,3.0,,,
Ankole,2020,second_season,beans,3,dummy_mean,hybrid,crop_centered,1.3411688832335629,0.808628118737357,2.0662856437501507,0.7992436624389453,0.5325407644962059,0.0,-2.106582196987842,3.723838434462556,2.915210315725199,0.1,52.0,3.0,,,
Ankole,2020,second_season,groundnuts,3,dummy_mean,hybrid,crop_centered,0.556144731073507,0.5658600062564821,2.0662856437501507,0.5683245101391033,-0.009715275182975103,0.0,-2.3493503094687167,3.481070321981681,2.915210315725199,0.1,52.0,3.0,,,
Ankole,2020,second_season,irish_potatoes,3,dummy_mean,hybrid,crop_centered,4.840624253728912,4.952657344351674,2.0662856437501507,4.967854759378325,-0.11203309062276201,0.0,2.0374470286264748,7.867867660076873,2.915210315725199,0.1,52.0,3.0,,,
Ankole,2020,second_season,maize,3,dummy_mean,hybrid,crop_centered,4.746403988018382,2.800273944073716,2.0662856437501507,2.5683997769092572,1.9461300439446658,0.0,-0.11493637165148307,5.715484259798915,2.915210315725199,0.1,52.0,3.0,,,
Ankole,2020,second_season,millet,3,dummy_mean,hybrid,crop_centered,0.7193080425140036,0.5137154037373509,2.0662856437501507,0.49735850693119044,0.20559263877665268,0.0,-2.401494911987848,3.42892571946255,2.915210315725199,0.1,52.0,3.0,,,
Ankole,2020,second_season,sorghum,3,dummy_mean,hybrid,crop_centered,1.8183667473252825,1.4380549095547759,2.0662856437501507,1.4121707856008021,0.3803118377705066,0.0,-1.477155406170423,4.353265225279975,2.915210315725199,0.1,52.0,3.0,,,
Ankole,2020,second_season,sweet_potatoes,3,dummy_mean,hybrid,crop_centered,7.086512596688682,6.1588817653364885,2.0662856437501507,6.104335473351614,0.9276308313521939,0.0,3.2436714496112895,9.074092081061687,2.915210315725199,0.1,52.0,3.0,,,
Bukedi,2020,first_season,beans,3,dummy_mean,hybrid,crop_centered,0.5175817230094646,0.808628118737357,2.0662856437501507,0.7992436624389453,-0.29104639572789237,0.0,-2.106582196987842,3.723838434462556,2.915210315725199,0.1,52.0,3.0,,,
Bukedi,2020,first_season,groundnuts,3,dummy_mean,hybrid,crop_centered,0.4770632662036267,0.5658600062564821,2.0662856437501507,0.5683245101391033,-0.08879674005285543,0.0,-2.3493503094687167,3.481070321981681,2.915210315725199,0.1,52.0,3.0,,,
Bukedi,2020,first_season,maize,3,dummy_mean,hybrid,crop_centered,1.5470171390615697,2.800273944073716,2.0662856437501507,2.5683997769092572,-1.2532568050121462,0.0,-0.11493637165148307,5.715484259798915,2.915210315725199,0.1,52.0,3.0,,,
Bukedi,2020,first_season,millet,3,dummy_mean,hybrid,crop_centered,0.4272092427017133,0.5137154037373509,2.0662856437501507,0.49735850693119044,-0.08650616103563763,0.0,-2.401494911987848,3.42892571946255,2.915210315725199,0.1,52.0,3.0,,,
Bukedi,2020,first_season,rice,3,dummy_mean,hybrid,crop_centered,1.3882164630489435,1.6133241533269713,2.0662856437501507,1.63417854787639,-0.2251076902780278,0.0,-1.3018861623982276,4.52853446905217,2.915210315725199,0.1,52.0,3.0,,,
Bukedi,2020,first_season,simsim,3,dummy_mean,hybrid,crop_centered,0.3317125177589506,0.44682155446236765,2.0662856437501507,0.4267172973635351,-0.1151090367034171,-5.551115123125783e-17,-2.4683887612628315,3.3620318701875664,2.915210315725199,0.1,52.0,3.0,,,
Bukedi,2020,first_season,sorghum,3,dummy_mean,hybrid,crop_centered,0.5913910230747661,1.4380549095547759,2.0662856437501507,1.4121707856008021,-0.8466638864800098,0.0,-1.477155406170423,4.353265225279975,2.915210315725199,0.1,52.0,3.0,,,
Bukedi,2020,first_season,soya_beans,3,dummy_mean,hybrid,crop_centered,0.4175993889818736,3.50906489300093,2.0662856437501507,2.823781736252928,-3.0914655040190566,0.0,0.5938545772757311,6.4242752087261294,2.915210315725199,0.1,52.0,3.0,,,
Bukedi,2020,first_season,sweet_potatoes,3,dummy_mean,hybrid,crop_centered,2.6225674475211567,6.1588817653364885,2.0662856437501507,6.104335473351614,-3.536314317815332,0.0,3.2436714496112895,9.074092081061687,2.915210315725199,0.1,52.0,3.0,,,
Bukedi,2020,second_season,beans,3,dummy_mean,hybrid,crop_centered,0.7056484947012807,0.808628118737357,2.0662856437501507,0.7992436624389453,-0.1029796240360763,0.0,-2.106582196987842,3.723838434462556,2.915210315725199,0.1,52.0,3.0,,,
Bukedi,2020,second_season,groundnuts,3,dummy_mean,hybrid,crop_centered,0.5641103408681046,0.5658600062564821,2.0662856437501507,0.5683245101391033,-0.0017496653883775082,0.0,-2.3493503094687167,3.481070321981681,2.915210315725199,0.1,52.0,3.0,,,
Bukedi,2020,second_season,maize,3,dummy_mean,hybrid,crop_centered,2.5941966847486744,2.800273944073716,2.0662856437501507,2.5683997769092572,-0.2060772593250415,0.0,-0.11493637165148307,5.715484259798915,2.915210315725199,0.1,52.0,3.0,,,
Bukedi,2020,second_season,millet,3,dummy_mean,hybrid,crop_centered,2.0388508171880413,0.5137154037373509,2.0662856437501507,0.49735850693119044,1.5251354134506903,0.0,-2.401494911987848,3.42892571946255,2.915210315725199,0.1,52.0,3.0,,,
Bukedi,2020,second_season,rice,3,dummy_mean,hybrid,crop_centered,1.4277627442802343,1.6133241533269713,2.0662856437501507,1.63417854787639,-0.185561409046737,0.0,-1.3018861623982276,4.52853446905217,2.915210315725199,0.1,52.0,3.0,,,
Bukedi,2020,second_season,simsim,3,dummy_mean,hybrid,crop_centered,0.3924463982333242,0.44682155446236765,2.0662856437501507,0.4267172973635351,-0.054375156229043486,-5.551115123125783e-17,-2.4683887612628315,3.3620318701875664,2.915210315725199,0.1,52.0,3.0,,,
Bukedi,2020,second_season,sorghum,3,dummy_mean,hybrid,crop_centered,0.8805407710527358,1.4380549095547759,2.0662856437501507,1.4121707856008021,-0.5575141385020401,0.0,-1.477155406170423,4.353265225279975,2.915210315725199,0.1,52.0,3.0,,,
Bukedi,2020,second_season,soya_beans,3,dummy_mean,hybrid,crop_centered,0.8286553858983726,3.50906489300093,2.0662856437501507,2.823781736252928,-2.6804095071025573,0.0,0.5938545772757311,6.4242752087261294,2.915210315725199,0.1,52.0,3.0,,,
Bukedi,2020,second_season,sweet_potatoes,3,dummy_mean,hybrid,crop_centered,6.335755329287477,6.1588817653364885,2.0662856437501507,6.104335473351614,0.17687356395098863,0.0,3.2436714496112895,9.074092081061687,2.915210315725199,0.1,52.0,3.0,,,
West Nile,2020,first_season,beans,3,dummy_mean,hybrid,crop_centered,0.5251432400895707,0.808628118737357,2.0662856437501507,0.7992436624389453,-0.28348487864778626,0.0,-2.106582196987842,3.723838434462556,2.915210315725199,0.1,52.0,3.0,,,
West Nile,2020,first_season,groundnuts,3,dummy_mean,hybrid,crop_centered,0.4055485017270916,0.5658600062564821,2.0662856437501507,0.5683245101391033,-0.16031150452939052,0.0,-2.3493503094687167,3.481070321981681,2.915210315725199,0.1,52.0,3.0,,,
West Nile,2020,first_season,irish_potatoes,3,dummy_mean,hybrid,crop_centered,1.4211566881060225,4.952657344351674,2.0662856437501507,4.967854759378325,-3.531500656245651,0.0,2.0374470286264748,7.867867660076873,2.915210315725199,0.1,52.0,3.0,,,
West Nile,2020,first_season,maize,3,dummy_mean,hybrid,crop_centered,1.2660956469166913,2.800273944073716,2.0662856437501507,2.5683997769092572,-1.5341782971570246,0.0,-0.11493637165148307,5.715484259798915,2.915210315725199,0.1,52.0,3.0,,,
West Nile,2020,first_season,millet,3,dummy_mean,hybrid,crop_centered,0.2167646962160385,0.5137154037373509,2.0662856437501507,0.49735850693119044,-0.2969507075213124,0.0,-2.401494911987848,3.42892571946255,2.915210315725199,0.1,52.0,3.0,,,
West Nile,2020,first_season,rice,3,dummy_mean,hybrid,crop_centered,1.4018188844017143,1.6133241533269713,2.0662856437501507,1.63417854787639,-0.211505268925257,0.0,-1.3018861623982276,4.52853446905217,2.915210315725199,0.1,52.0,3.0,,,
West Nile,2020,first_season,simsim,3,dummy_mean,hybrid,crop_centered,0.4766810107273866,0.44682155446236765,2.0662856437501507,0.4267172973635351,0.029859456265018902,-5.551115123125783e-17,-2.4683887612628315,3.3620318701875664,2.915210315725199,0.1,52.0,3.0,,,
West Nile,2020,first_season,sorghum,3,dummy_mean,hybrid,crop_centered,0.391054248417342,1.4380549095547759,2.0662856437501507,1.4121707856008021,-1.0470006611374338,0.0,-1.477155406170423,4.353265225279975,2.915210315725199,0.1,52.0,3.0,,,
West Nile,2020,first_season,soya_beans,3,dummy_mean,hybrid,crop_centered,0.8717117441917551,3.50906489300093,2.0662856437501507,2.823781736252928,-2.637353148809175,0.0,0.5938545772757311,6.4242752087261294,2.915210315725199,0.1,52.0,3.0,,,
West Nile,2020,first_season,sweet_potatoes,3,dummy_mean,hybrid,crop_centered,5.41252141626667,6.1588817653364885,2.0662856437501507,6.104335473351614,-0.7463603490698185,0.0,3.2436714496112895,9.074092081061687,2.915210315725199,0.1,52.0,3.0,,,
West Nile,2020,second_season,beans,3,dummy_mean,hybrid,crop_centered,0.7559563988183644,0.808628118737357,2.0662856437501507,0.7992436624389453,-0.052671719918992554,0.0,-2.106582196987842,3.723838434462556,2.915210315725199,0.1,52.0,3.0,,,
West Nile,2020,second_season,groundnuts,3,dummy_mean,hybrid,crop_centered,0.6957406402698985,0.5658600062564821,2.0662856437501507,0.5683245101391033,0.12988063401341632,0.0,-2.3493503094687167,3.481070321981681,2.915210315725199,0.1,52.0,3.0,,,
West Nile,2020,second_season,irish_potatoes,3,dummy_mean,hybrid,crop_centered,3.3207905514628413,4.952657344351674,2.0662856437501507,4.967854759378325,-1.6318667928888324,0.0,2.0374470286264748,7.867867660076873,2.915210315725199,0.1,52.0,3.0,,,
West Nile,2020,second_season,maize,3,dummy_mean,hybrid,crop_centered,2.6368413584111803,2.800273944073716,2.0662856437501507,2.5683997769092572,-0.1634325856625356,0.0,-0.11493637165148307,5.715484259798915,2.915210315725199,0.1,52.0,3.0,,,
West Nile,2020,second_season,millet,3,dummy_mean,hybrid,crop_centered,0.6973987237560337,0.5137154037373509,2.0662856437501507,0.49735850693119044,0.18368332001868282,0.0,-2.401494911987848,3.42892571946255,2.915210315725199,0.1,52.0,3.0,,,
West Nile,2020,second_season,rice,3,dummy_mean,hybrid,crop_centered,1.5518859303284125,1.6133241533269713,2.0662856437501507,1.63417854787639,-0.061438222998558834,0.0,-1.3018861623982276,4.52853446905217,2.915210315725199,0.1,52.0,3.0,,,
West Nile,2020,second_season,simsim,3,dummy_mean,hybrid,crop_centered,0.3973328781148473,0.44682155446236765,2.0662856437501507,0.4267172973635351,-0.04948867634752041,-5.551115123125783e-17,-2.4683887612628315,3.3620318701875664,2.915210315725199,0.1,52.0,3.0,,,
West Nile,2020,second_season,sorghum,3,dummy_mean,hybrid,crop_centered,1.2622030417153625,1.4380549095547759,2.0662856437501507,1.4121707856008021,-0.17585186783941342,0.0,-1.477155406170423,4.353265225279975,2.915210315725199,0.1,52.0,3.0,,,
West Nile,2020,second_season,soya_beans,3,dummy_mean,hybrid,crop_centered,0.6049960464155939,3.50906489300093,2.0662856437501507,2.823781736252928,-2.904068846585336,0.0,0.5938545772757311,6.4242752087261294,2.915210315725199,0.1,52.0,3.0,,,
West Nile,2020,second_season,sweet_potatoes,3,dummy_mean,hybrid,crop_centered,10.90567139457088,6.1588817653364885,2.0662856437501507,6.104335473351614,4.746789629234392,0.0,3.2436714496112895,9.074092081061687,2.915210315725199,0.1,52.0,3.0,,,
Busoga,2020,first_season,beans,4,dummy_mean,hybrid,crop_centered,0.6401206168693182,0.7634689035122577,1.8016671470305063,0.7725881369501938,-0.12334828664293962,-1.1102230246251565e-16,-2.416716573268859,3.943654380293374,3.1801854767811166,0.1,58.0,3.0,,,
Busoga,2020,first_season,groundnuts,4,dummy_mean,hybrid,crop_centered,0.3322482939632105,0.5188627869023564,1.8016671470305063,0.5479446238104857,-0.18661449293914606,-1.1102230246251565e-16,-2.66132268987876,3.699048263683473,3.1801854767811166,0.1,58.0,3.0,,,
Busoga,2020,first_season,maize,4,dummy_mean,hybrid,crop_centered,1.5222384603844508,2.7063907234680644,1.8016671470305063,2.6412707918169636,-1.1841522630836137,0.0,-0.4737947533130522,5.886576200249181,3.1801854767811166,0.1,58.0,3.0,,,
Busoga,2020,first_season,millet,4,dummy_mean,hybrid,crop_centered,0.6572884828877947,0.5993998292831576,1.8016671470305063,0.5738783706046435,0.05788865360463702,-1.1102230246251565e-16,-2.580785647497959,3.7795853060642743,3.1801854767811166,0.1,58.0,3.0,,,
Busoga,2020,first_season,rice,4,dummy_mean,hybrid,crop_centered,1.4797729580148753,1.3458251622670458,1.8016671470305063,1.4257179867225263,0.13394779574782945,0.0,-1.8343603145140708,4.526010639048162,3.1801854767811166,0.1,58.0,3.0,,,
Busoga,2020,first_season,simsim,4,dummy_mean,hybrid,crop_centered,0.3994351113633946,0.4721084564074856,1.8016671470305063,0.42925700279116347,-0.07267334504409112,-1.1102230246251565e-16,-2.708077020373631,3.652293933188602,3.1801854767811166,0.1,58.0,3.0,,,
Busoga,2020,first_season,sorghum,4,dummy_mean,hybrid,crop_centered,0.6036980012037914,1.4638620279829562,1.8016671470305063,1.3361928120558897,-0.8601640267791648,0.0,-1.7163234487981605,4.644047504764073,3.1801854767811166,0.1,58.0,3.0,,,
Busoga,2020,first_season,soya_beans,4,dummy_mean,hybrid,crop_centered,0.4333391184708587,0.6202065574954561,1.8016671470305063,0.6555232704687651,-0.18686743902459746,-1.1102230246251565e-16,-2.5599789192856606,3.8003920342765727,3.1801854767811166,0.1,58.0,3.0,,,
Busoga,2020,first_season,sweet_potatoes,4,dummy_mean,hybrid,crop_centered,3.4113171715767456,5.211891337304371,1.8016671470305063,6.5300697168629425,-1.800574165727625,0.0,2.031705860523254,8.392076814085488,3.1801854767811166,0.1,58.0,3.0,,,
Busoga,2020,second_season,beans,4,dummy_mean,hybrid,crop_centered,0.8018694899438293,0.7634689035122577,1.8016671470305063,0.7725881369501938,0.038400586431571515,-1.1102230246251565e-16,-2.416716573268859,3.943654380293374,3.1801854767811166,0.1,58.0,3.0,,,
Busoga,2020,second_season,groundnuts,4,dummy_mean,hybrid,crop_centered,0.4062549460293829,0.5188627869023564,1.8016671470305063,0.5479446238104857,-0.11260784087297365,-1.1102230246251565e-16,-2.66132268987876,3.699048263683473,3.1801854767811166,0.1,58.0,3.0,,,
Busoga,2020,second_season,maize,4,dummy_mean,hybrid,crop_centered,1.7237131684916815,2.7063907234680644,1.8016671470305063,2.6412707918169636,-0.9826775549763829,0.0,-0.4737947533130522,5.886576200249181,3.1801854767811166,0.1,58.0,3.0,,,
Busoga,2020,second_season,millet,4,dummy_mean,hybrid,crop_centered,0.2369138654637815,0.5993998292831576,1.8016671470305063,0.5738783706046435,-0.36248596381937626,-1.1102230246251565e-16,-2.580785647497959,3.7795853060642743,3.1801854767811166,0.1,58.0,3.0,,,
Busoga,2020,second_season,rice,4,dummy_mean,hybrid,crop_centered,2.088480457936548,1.3458251622670458,1.8016671470305063,1.4257179867225263,0.7426552956695021,0.0,-1.8343603145140708,4.526010639048162,3.1801854767811166,0.1,58.0,3.0,,,
Busoga,2020,second_season,simsim,4,dummy_mean,hybrid,crop_centered,0.2995884010467337,0.4721084564074856,1.8016671470305063,0.42925700279116347,-0.17252005536075204,-1.1102230246251565e-16,-2.708077020373631,3.652293933188602,3.1801854767811166,0.1,58.0,3.0,,,
Busoga,2020,second_season,sorghum,4,dummy_mean,hybrid,crop_centered,0.6561084833674863,1.4638620279829562,1.8016671470305063,1.3361928120558897,-0.8077535446154699,0.0,-1.7163234487981605,4.644047504764073,3.1801854767811166,0.1,58.0,3.0,,,
Busoga,2020,second_season,soya_beans,4,dummy_mean,hybrid,crop_centered,0.5938545772757312,0.6202065574954561,1.8016671470305063,0.6555232704687651,-0.026351980219724958,-1.1102230246251565e-16,-2.5599789192856606,3.8003920342765727,3.1801854767811166,0.1,58.0,3.0,,,
Busoga,2020,second_season,sweet_potatoes,4,dummy_mean,hybrid,crop_centered,4.046477355605773,5.211891337304371,1.8016671470305063,6.5300697168629425,-1.165413981698598,0.0,2.031705860523254,8.392076814085488,3.1801854767811166,0.1,58.0,3.0,,,
Kigezi,2020,first_season,beans,4,dummy_mean,hybrid,crop_centered,0.6821726355797036,0.7634689035122577,1.8016671470305063,0.7725881369501938,-0.08129626793255418,-1.1102230246251565e-16,-2.416716573268859,3.943654380293374,3.1801854767811166,0.1,58.0,3.0,,,
Kigezi,2020,first_season,groundnuts,4,dummy_mean,hybrid,crop_centered,0.4632654520489824,0.5188627869023564,1.8016671470305063,0.5479446238104857,-0.05559733485337415,-1.1102230246251565e-16,-2.66132268987876,3.699048263683473,3.1801854767811166,0.1,58.0,3.0,,,
Kigezi,2020,first_season,irish_potatoes,4,dummy_mean,hybrid,crop_centered,5.319403533719373,4.516450325599331,1.8016671470305063,4.047210229393464,0.8029532081200417,0.0,1.3362648488182147,7.696635802380448,3.1801854767811166,0.1,58.0,3.0,,,
Kigezi,2020,first_season,maize,4,dummy_mean,hybrid,crop_centered,1.6788303054282812,2.7063907234680644,1.8016671470305063,2.6412707918169636,-1.0275604180397833,0.0,-0.4737947533130522,5.886576200249181,3.1801854767811166,0.1,58.0,3.0,,,
Kigezi,2020,first_season,millet,4,dummy_mean,hybrid,crop_centered,0.7582314811841495,0.5993998292831576,1.8016671470305063,0.5738783706046435,0.1588316519009918,-1.1102230246251565e-16,-2.580785647497959,3.7795853060642743,3.1801854767811166,0.1,58.0,3.0,,,
Kigezi,2020,first_season,rice,4,dummy_mean,hybrid,crop_centered,1.457131297713486,1.3458251622670458,1.8016671470305063,1.4257179867225263,0.11130613544644019,0.0,-1.8343603145140708,4.526010639048162,3.1801854767811166,0.1,58.0,3.0,,,
Kigezi,2020,first_season,sorghum,4,dummy_mean,hybrid,crop_centered,0.9963816683569464,1.4638620279829562,1.8016671470305063,1.3361928120558897,-0.46748035962600976,0.0,-1.7163234487981605,4.644047504764073,3.1801854767811166,0.1,58.0,3.0,,,
Kigezi,2020,first_season,soya_beans,4,dummy_mean,hybrid,crop_centered,0.5069027622936974,0.6202065574954561,1.8016671470305063,0.6555232704687651,-0.11330379520175882,-1.1102230246251565e-16,-2.5599789192856606,3.8003920342765727,3.1801854767811166,0.1,58.0,3.0,,,
Kigezi,2020,first_season,sweet_potatoes,4,dummy_mean,hybrid,crop_centered,3.68073317352751,5.211891337304371,1.8016671470305063,6.5300697168629425,-1.5311581637768605,0.0,2.031705860523254,8.392076814085488,3.1801854767811166,0.1,58.0,3.0,,,
Kigezi,2020,second_season,beans,4,dummy_mean,hybrid,crop_centered,1.2309422257456628,0.7634689035122577,1.8016671470305063,0.7725881369501938,0.467473322233405,-1.1102230246251565e-16,-2.416716573268859,3.943654380293374,3.1801854767811166,0.1,58.0,3.0,,,
Kigezi,2020,second_season,groundnuts,4,dummy_mean,hybrid,crop_centered,0.7496304931127425,0.5188627869023564,1.8016671470305063,0.5479446238104857,0.230767706210386,-1.1102230246251565e-16,-2.66132268987876,3.699048263683473,3.1801854767811166,0.1,58.0,3.0,,,
Kigezi,2020,second_season,irish_potatoes,4,dummy_mean,hybrid,crop_centered,7.829884297424306,4.516450325599331,1.8016671470305063,4.047210229393464,3.313433971824975,0.0,1.3362648488182147,7.696635802380448,3.1801854767811166,0.1,58.0,3.0,,,
Kigezi,2020,second_season,maize,4,dummy_mean,hybrid,crop_centered,4.580426866194772,2.7063907234680644,1.8016671470305063,2.6412707918169636,1.8740361427267076,0.0,-0.4737947533130522,5.886576200249181,3.1801854767811166,0.1,58.0,3.0,,,
Kigezi,2020,second_season,millet,4,dummy_mean,hybrid,crop_centered,0.96011465247634,0.5993998292831576,1.8016671470305063,0.5738783706046435,0.36071482319318227,-1.1102230246251565e-16,-2.580785647497959,3.7795853060642743,3.1801854767811166,0.1,58.0,3.0,,,
Kigezi,2020,second_season,rice,4,dummy_mean,hybrid,crop_centered,3.966514747112424,1.3458251622670458,1.8016671470305063,1.4257179867225263,2.620689584845378,0.0,-1.8343603145140708,4.526010639048162,3.1801854767811166,0.1,58.0,3.0,,,
Kigezi,2020,second_season,sorghum,4,dummy_mean,hybrid,crop_centered,0.9034020239226584,1.4638620279829562,1.8016671470305063,1.3361928120558897,-0.5604600040602977,0.0,-1.7163234487981605,4.644047504764073,3.1801854767811166,0.1,58.0,3.0,,,
Kigezi,2020,second_season,soya_beans,4,dummy_mean,hybrid,crop_centered,44.29863915774654,0.6202065574954561,1.8016671470305063,0.6555232704687651,43.678432600251085,-1.1102230246251565e-16,-2.5599789192856606,3.8003920342765727,3.1801854767811166,0.1,58.0,3.0,,,
Kigezi,2020,second_season,sweet_potatoes,4,dummy_mean,hybrid,crop_centered,7.307468270304063,5.211891337304371,1.8016671470305063,6.5300697168629425,2.095576932999692,0.0,2.031705860523254,8.392076814085488,3.1801854767811166,0.1,58.0,3.0,,,
South Buganda,2020,first_season,beans,4,dummy_mean,hybrid,crop_centered,0.6286830497610721,0.7634689035122577,1.8016671470305063,0.7725881369501938,-0.13478585375118568,-1.1102230246251565e-16,-2.416716573268859,3.943654380293374,3.1801854767811166,0.1,58.0,3.0,,,
South Buganda,2020,first_season,groundnuts,4,dummy_mean,hybrid,crop_centered,0.6198068833094821,0.5188627869023564,1.8016671470305063,0.5479446238104857,0.10094409640712554,-1.1102230246251565e-16,-2.66132268987876,3.699048263683473,3.1801854767811166,0.1,58.0,3.0,,,
South Buganda,2020,first_season,irish_potatoes,4,dummy_mean,hybrid,crop_centered,3.3283582090790134,4.516450325599331,1.8016671470305063,4.047210229393464,-1.188092116520318,0.0,1.3362648488182147,7.696635802380448,3.1801854767811166,0.1,58.0,3.0,,,
South Buganda,2020,first_season,maize,4,dummy_mean,hybrid,crop_centered,1.658719821291578,2.7063907234680644,1.8016671470305063,2.6412707918169636,-1.0476709021764865,0.0,-0.4737947533130522,5.886576200249181,3.1801854767811166,0.1,58.0,3.0,,,
South Buganda,2020,first_season,millet,4,dummy_mean,hybrid,crop_centered,0.4388892155530794,0.5993998292831576,1.8016671470305063,0.5738783706046435,-0.1605106137300783,-1.1102230246251565e-16,-2.580785647497959,3.7795853060642743,3.1801854767811166,0.1,58.0,3.0,,,
South Buganda,2020,first_season,rice,4,dummy_mean,hybrid,crop_centered,2.3727137710817736,1.3458251622670458,1.8016671470305063,1.4257179867225263,1.0268886088147278,0.0,-1.8343603145140708,4.526010639048162,3.1801854767811166,0.1,58.0,3.0,,,
South Buganda,2020,first_season,sorghum,4,dummy_mean,hybrid,crop_centered,0.5363321684614435,1.4638620279829562,1.8016671470305063,1.3361928120558897,-0.9275298595215127,0.0,-1.7163234487981605,4.644047504764073,3.1801854767811166,0.1,58.0,3.0,,,
South Buganda,2020,first_season,soya_beans,4,dummy_mean,hybrid,crop_centered,0.5931784427704433,0.6202065574954561,1.8016671470305063,0.6555232704687651,-0.027028114725012875,-1.1102230246251565e-16,-2.5599789192856606,3.8003920342765727,3.1801854767811166,0.1,58.0,3.0,,,
South Buganda,2020,first_season,sweet_potatoes,4,dummy_mean,hybrid,crop_centered,3.666537379696348,5.211891337304371,1.8016671470305063,6.5300697168629425,-1.5453539576080226,0.0,2.031705860523254,8.392076814085488,3.1801854767811166,0.1,58.0,3.0,,,
South Buganda,2020,second_season,beans,4,dummy_mean,hybrid,crop_centered,1.1321807165247713,0.7634689035122577,1.8016671470305063,0.7725881369501938,0.36871181301251343,-1.1102230246251565e-16,-2.416716573268859,3.943654380293374,3.1801854767811166,0.1,58.0,3.0,,,
South Buganda,2020,second_season,groundnuts,4,dummy_mean,hybrid,crop_centered,1.0649682679639256,0.5188627869023564,1.8016671470305063,0.5479446238104857,0.5461054810615691,-1.1102230246251565e-16,-2.66132268987876,3.699048263683473,3.1801854767811166,0.1,58.0,3.0,,,
South Buganda,2020,second_season,irish_potatoes,4,dummy_mean,hybrid,crop_centered,6.759325459944138,4.516450325599331,1.8016671470305063,4.047210229393464,2.242875134344807,0.0,1.3362648488182147,7.696635802380448,3.1801854767811166,0.1,58.0,3.0,,,
South Buganda,2020,second_season,maize,4,dummy_mean,hybrid,crop_centered,2.314641460829224,2.7063907234680644,1.8016671470305063,2.6412707918169636,-0.39174926263884036,0.0,-0.4737947533130522,5.886576200249181,3.1801854767811166,0.1,58.0,3.0,,,
South Buganda,2020,second_season,millet,4,dummy_mean,hybrid,crop_centered,0.721953108076217,0.5993998292831576,1.8016671470305063,0.5738783706046435,0.12255327879305933,-1.1102230246251565e-16,-2.580785647497959,3.7795853060642743,3.1801854767811166,0.1,58.0,3.0,,,
South Buganda,2020,second_season,sorghum,4,dummy_mean,hybrid,crop_centered,3.5799019725152155,1.4638620279829562,1.8016671470305063,1.3361928120558897,2.1160399445322593,0.0,-1.7163234487981605,4.644047504764073,3.1801854767811166,0.1,58.0,3.0,,,
South Buganda,2020,second_season,sweet_potatoes,4,dummy_mean,hybrid,crop_centered,6.065522206096139,5.211891337304371,1.8016671470305063,6.5300697168629425,0.8536308687917682,0.0,2.031705860523254,8.392076814085488,3.1801854767811166,0.1,58.0,3.0,,,
Bunyoro,2020,first_season,beans,5,dummy_mean,hybrid,crop_centered,0.8260947143833511,0.7873599752048016,2.0664785772522087,0.7821426946020412,0.03873473917854975,2.220446049250313e-16,-2.4035980688494276,3.978318019259031,3.1909580440542293,0.1,52.0,3.0,,,
Bunyoro,2020,first_season,groundnuts,5,dummy_mean,hybrid,crop_centered,0.6650306538588546,0.5689105977133552,2.0664785772522087,0.5656278431447842,0.09612005614549968,2.220446049250313e-16,-2.6220474463408743,3.7598686417675844,3.1909580440542293,0.1,52.0,3.0,,,
Bunyoro,2020,first_season,irish_potatoes,5,dummy_mean,hybrid,crop_centered,2.220589656235262,4.530372738051772,2.0664785772522087,4.7812646841975734,-2.3097830818165104,0.0,1.339414693997543,7.721330782106001,3.1909580440542293,0.1,52.0,3.0,,,
Bunyoro,2020,first_season,maize,5,dummy_mean,hybrid,crop_centered,2.3426553850030096,2.251864589990565,2.0664785772522087,2.4053055087174147,0.09079079501244447,0.0,-0.9390934540636642,5.442822634044795,3.1909580440542293,0.1,52.0,3.0,,,
Bunyoro,2020,first_season,millet,5,dummy_mean,hybrid,crop_centered,0.2753703982834791,0.520021113119863,2.0664785772522087,0.6309719027500666,-0.24465071483638368,2.220446049250313e-16,-2.6709369309343662,3.7109791571740924,3.1909580440542293,0.1,52.0,3.0,,,
Bunyoro,2020,first_season,rice,5,dummy_mean,hybrid,crop_centered,1.4308437859507233,1.6266468254621052,2.0664785772522087,1.611955233813348,-0.19580303951138167,2.220446049250313e-16,-1.5643112185921242,4.817604869516335,3.1909580440542293,0.1,52.0,3.0,,,
Bunyoro,2020,first_season,simsim,5,dummy_mean,hybrid,crop_centered,0.5005342402042084,0.4109653657299802,2.0664785772522087,0.42646604553162476,0.0895688744742284,1.6653345369377348e-16,-2.7799926783242492,3.6019234097842094,3.1909580440542293,0.1,52.0,3.0,,,
Bunyoro,2020,first_season,sorghum,5,dummy_mean,hybrid,crop_centered,1.3881045542850072,1.2053489668025201,2.0664785772522087,1.3031889535170247,0.18275558748248732,2.220446049250313e-16,-1.9856090772517092,4.3963070108567495,3.1909580440542293,0.1,52.0,3.0,,,
Bunyoro,2020,first_season,soya_beans,5,dummy_mean,hybrid,crop_centered,0.6855186697585186,3.233863091762095,2.0664785772522087,2.6171380251865526,-2.5483444220035767,0.0,0.04290504770786585,6.424821135816325,3.1909580440542293,0.1,52.0,3.0,,,
Bunyoro,2020,first_season,sweet_potatoes,5,dummy_mean,hybrid,crop_centered,2.0298423975087787,6.750135778983715,2.0664785772522087,6.191142717319159,-4.720293381474937,0.0,3.5591777349294857,9.941093823037944,3.1909580440542293,0.1,52.0,3.0,,,
Bunyoro,2020,second_season,beans,5,dummy_mean,hybrid,crop_centered,1.200511704804833,0.7873599752048016,2.0664785772522087,0.7821426946020412,0.41315172960003166,2.220446049250313e-16,-2.4035980688494276,3.978318019259031,3.1909580440542293,0.1,52.0,3.0,,,
Bunyoro,2020,second_season,groundnuts,5,dummy_mean,hybrid,crop_centered,0.7713261452057008,0.5689105977133552,2.0664785772522087,0.5656278431447842,0.2024155474923458,2.220446049250313e-16,-2.6220474463408743,3.7598686417675844,3.1909580440542293,0.1,52.0,3.0,,,
Bunyoro,2020,second_season,irish_potatoes,5,dummy_mean,hybrid,crop_centered,2.6451990178871103,4.530372738051772,2.0664785772522087,4.7812646841975734,-1.8851737201646621,0.0,1.339414693997543,7.721330782106001,3.1909580440542293,0.1,52.0,3.0,,,
Bunyoro,2020,second_season,maize,5,dummy_mean,hybrid,crop_centered,3.0549264654046246,2.251864589990565,2.0664785772522087,2.4053055087174147,0.8030618754140595,0.0,-0.9390934540636642,5.442822634044795,3.1909580440542293,0.1,52.0,3.0,,,
Bunyoro,2020,second_season,millet,5,dummy_mean,hybrid,crop_centered,0.4212512776206598,0.520021113119863,2.0664785772522087,0.6309719027500666,-0.09876983549920298,2.220446049250313e-16,-2.6709369309343662,3.7109791571740924,3.1909580440542293,0.1,52.0,3.0,,,
Bunyoro,2020,second_season,rice,5,dummy_mean,hybrid,crop_centered,1.6224963809696238,1.6266468254621052,2.0664785772522087,1.611955233813348,-0.004150444492481142,2.220446049250313e-16,-1.5643112185921242,4.817604869516335,3.1909580440542293,0.1,52.0,3.0,,,
Bunyoro,2020,second_season,sorghum,5,dummy_mean,hybrid,crop_centered,0.8920114348791089,1.2053489668025201,2.0664785772522087,1.3031889535170247,-0.31333753192341096,2.220446049250313e-16,-1.9856090772517092,4.3963070108567495,3.1909580440542293,0.1,52.0,3.0,,,
Bunyoro,2020,second_season,soya_beans,5,dummy_mean,hybrid,crop_centered,0.7040260876893635,3.233863091762095,2.0664785772522087,2.6171380251865526,-2.5298370040727316,0.0,0.04290504770786585,6.424821135816325,3.1909580440542293,0.1,52.0,3.0,,,
Bunyoro,2020,second_season,sweet_potatoes,5,dummy_mean,hybrid,crop_centered,8.162182280896847,6.750135778983715,2.0664785772522087,6.191142717319159,1.4120465019131316,0.0,3.5591777349294857,9.941093823037944,3.1909580440542293,0.1,52.0,3.0,,,
Karamoja,2020,first_season,beans,5,dummy_mean,hybrid,crop_centered,0.5422885207412549,0.7873599752048016,2.0664785772522087,0.7821426946020412,-0.2450714544635465,2.220446049250313e-16,-2.4035980688494276,3.978318019259031,3.1909580440542293,0.1,52.0,3.0,,,
Karamoja,2020,first_season,groundnuts,5,dummy_mean,hybrid,crop_centered,0.5747979489963491,0.5689105977133552,2.0664785772522087,0.5656278431447842,0.005887351282994113,2.220446049250313e-16,-2.6220474463408743,3.7598686417675844,3.1909580440542293,0.1,52.0,3.0,,,
Karamoja,2020,first_season,maize,5,dummy_mean,hybrid,crop_centered,1.2175480596073385,2.251864589990565,2.0664785772522087,2.4053055087174147,-1.0343165303832267,0.0,-0.9390934540636642,5.442822634044795,3.1909580440542293,0.1,52.0,3.0,,,
Karamoja,2020,first_season,millet,5,dummy_mean,hybrid,crop_centered,0.2665642826776189,0.520021113119863,2.0664785772522087,0.6309719027500666,-0.2534568304422439,2.220446049250313e-16,-2.6709369309343662,3.7109791571740924,3.1909580440542293,0.1,52.0,3.0,,,
Karamoja,2020,first_season,rice,5,dummy_mean,hybrid,crop_centered,1.5488549025864504,1.6266468254621052,2.0664785772522087,1.611955233813348,-0.0777919228756545,2.220446049250313e-16,-1.5643112185921242,4.817604869516335,3.1909580440542293,0.1,52.0,3.0,,,
Karamoja,2020,first_season,simsim,5,dummy_mean,hybrid,crop_centered,0.2487265028776165,0.4109653657299802,2.0664785772522087,0.42646604553162476,-0.16223886285236355,1.6653345369377348e-16,-2.7799926783242492,3.6019234097842094,3.1909580440542293,0.1,52.0,3.0,,,
Karamoja,2020,first_season,sorghum,5,dummy_mean,hybrid,crop_centered,0.6347991969213849,1.2053489668025201,2.0664785772522087,1.3031889535170247,-0.570549769881135,2.220446049250313e-16,-1.9856090772517092,4.3963070108567495,3.1909580440542293,0.1,52.0,3.0,,,
Karamoja,2020,first_season,soya_beans,5,dummy_mean,hybrid,crop_centered,0.5697981563805337,3.233863091762095,2.0664785772522087,2.6171380251865526,-2.6640649353815613,0.0,0.04290504770786585,6.424821135816325,3.1909580440542293,0.1,52.0,3.0,,,
Karamoja,2020,second_season,groundnuts,5,dummy_mean,hybrid,crop_centered,0.1047330767226874,0.5689105977133552,2.0664785772522087,0.5656278431447842,-0.46417752099066756,2.220446049250313e-16,-2.6220474463408743,3.7598686417675844,3.1909580440542293,0.1,52.0,3.0,,,
Karamoja,2020,second_season,maize,5,dummy_mean,hybrid,crop_centered,7.244065383360269,2.251864589990565,2.0664785772522087,2.4053055087174147,4.992200793369704,0.0,-0.9390934540636642,5.442822634044795,3.1909580440542293,0.1,52.0,3.0,,,
Karamoja,2020,second_season,millet,5,dummy_mean,hybrid,crop_centered,0.349296866505584,0.520021113119863,2.0664785772522087,0.6309719027500666,-0.17072424661427876,2.220446049250313e-16,-2.6709369309343662,3.7109791571740924,3.1909580440542293,0.1,52.0,3.0,,,
Karamoja,2020,second_season,sorghum,5,dummy_mean,hybrid,crop_centered,2.480616112563021,1.2053489668025201,2.0664785772522087,1.3031889535170247,1.2752671457605012,2.220446049250313e-16,-1.9856090772517092,4.3963070108567495,3.1909580440542293,0.1,52.0,3.0,,,
Acholi,2020,first_season,beans,1,ridge,hybrid,crop_centered,0.8570862730857126,-0.4299100910111304,2.1075068827579884,0.7986540097128687,0.04870770997381679,-1.2382886541230262,-3.3257450225282916,2.4659248405060303,2.895834931517161,0.1,56.0,3.0,,,
Acholi,2020,first_season,groundnuts,1,ridge,hybrid,crop_centered,0.579730411471064,-0.6678989727729768,2.1075068827579884,0.5687183500759414,0.006510543794724044,-1.2411188404493168,-3.563733904290138,2.227935958744184,2.895834931517161,0.1,56.0,3.0,,,
Acholi,2020,first_season,maize,1,ridge,hybrid,crop_centered,1.6268858066002263,1.606146253563488,2.1075068827579884,2.7363424889537766,-1.2203792874125785,-1.2411188404493168,-1.289688677953673,4.501981185080649,2.895834931517161,0.1,56.0,3.0,,,
Acholi,2020,first_season,millet,1,ridge,hybrid,crop_centered,0.2602112569707439,-0.5685764653899921,2.1075068827579884,0.6354044224045948,-0.4082707696525939,-1.2370584920133298,-3.464411396907153,2.327258466127169,2.895834931517161,0.1,56.0,3.0,,,
Acholi,2020,first_season,rice,1,ridge,hybrid,crop_centered,1.8354492390020587,0.496617328229928,2.1075068827579884,1.7589076363956022,0.10709547858749491,-1.2317364321846358,-2.3992176032872328,3.392452259747089,2.895834931517161,0.1,56.0,3.0,,,
Acholi,2020,first_season,simsim,1,ridge,hybrid,crop_centered,0.2405641336366695,-0.8373947587493608,2.1075068827579884,0.3999465592781099,-0.15530020128265887,-1.2332590936686891,-3.733229690266522,2.0584401727678,2.895834931517161,0.1,56.0,3.0,,,
Acholi,2020,first_season,sorghum,1,ridge,hybrid,crop_centered,0.7136992535711828,0.19053217624222518,2.1075068827579884,1.3246497888304674,-0.7179517631203591,-1.2411188404493168,-2.7053027552749356,3.0863671077593864,2.895834931517161,0.1,56.0,3.0,,,
Acholi,2020,first_season,soya_beans,1,ridge,hybrid,crop_centered,1.0958248492916711,-0.6776191153929808,2.1075068827579884,2.930292181557787,0.5439777302591492,-1.2294662344255027,-3.573454046910142,2.21821581612418,2.895834931517161,0.1,56.0,3.0,,,
Acholi,2020,first_season,sweet_potatoes,1,ridge,hybrid,crop_centered,7.360751879011887,4.023206206972456,2.1075068827579884,5.983658411491209,2.0968759264541275,-1.2406697455853033,1.1273712754552951,6.919041138489617,2.895834931517161,0.1,56.0,3.0,,,
Acholi,2020,second_season,beans,1,ridge,hybrid,crop_centered,0.8791468943891129,0.828522110540205,2.1075068827579884,0.7986540097128687,0.07076833127721704,0.02014354742830915,-2.067312820976956,3.724357042057366,2.895834931517161,0.1,56.0,3.0,,,
Acholi,2020,second_season,groundnuts,1,ridge,hybrid,crop_centered,0.774283389787513,0.5905332287783586,2.1075068827579884,0.5687183500759414,0.20106352211117307,0.017313361102018643,-2.3053017027388023,3.4863681602955197,2.895834931517161,0.1,56.0,3.0,,,
Acholi,2020,second_season,maize,1,ridge,hybrid,crop_centered,1.9919193221111424,2.8645784551148235,2.1075068827579884,2.7363424889537766,-0.8553457719016624,0.017313361102018643,-0.03125647640233753,5.760413386631985,2.895834931517161,0.1,56.0,3.0,,,
Acholi,2020,second_season,millet,1,ridge,hybrid,crop_centered,0.3783444913194841,0.6898557361613433,2.1075068827579884,0.6354044224045948,-0.29013753530385367,0.021373709538005548,-2.205979195355818,3.585690667678504,2.895834931517161,0.1,56.0,3.0,,,
Acholi,2020,second_season,rice,1,ridge,hybrid,crop_centered,0.8047415933139703,1.7550495297812634,2.1075068827579884,1.7589076363956022,-0.9236121671005935,0.026695769366699595,-1.1407854017358976,4.650884461298425,2.895834931517161,0.1,56.0,3.0,,,
Acholi,2020,second_season,simsim,1,ridge,hybrid,crop_centered,0.3592611565204056,0.42103744280197475,2.1075068827579884,0.3999465592781099,-0.0366031783989228,0.025173107882646373,-2.4747974887151862,3.3168723743191357,2.895834931517161,0.1,56.0,3.0,,,
Acholi,2020,second_season,sorghum,1,ridge,hybrid,crop_centered,1.0529020128934117,1.4489643777935606,2.1075068827579884,1.3246497888304674,-0.37874900379813026,0.017313361102018643,-1.4468705537236004,4.344799309310721,2.895834931517161,0.1,56.0,3.0,,,
Acholi,2020,second_season,soya_beans,1,ridge,hybrid,crop_centered,0.8621074636111007,0.5808130861583546,2.1075068827579884,2.930292181557787,0.31026034457857876,0.02896596712583266,-2.3150218453588063,3.4766480176755157,2.895834931517161,0.1,56.0,3.0,,,
Acholi,2020,second_season,sweet_potatoes,1,ridge,hybrid,crop_centered,14.728567574673178,5.281638408523792,2.1075068827579884,5.983658411491209,9.464691622115419,0.01776245596603232,2.3858034770066308,8.177473340040953,2.895834931517161,0.1,56.0,3.0,,,
North Buganda,2020,first_season,beans,1,ridge,hybrid,crop_centered,0.6433017110440628,0.9192341229999833,2.1075068827579884,0.7986540097128687,-0.16507685206783307,0.11085555988808748,-1.9766008085171776,3.8150690545171444,2.895834931517161,0.1,56.0,3.0,,,
North Buganda,2020,first_season,groundnuts,1,ridge,hybrid,crop_centered,0.4198664546099319,0.6812452412381369,2.1075068827579884,0.5687183500759414,-0.15335341306640804,0.10802537356179698,-2.2145896902790243,3.5770801727552977,2.895834931517161,0.1,56.0,3.0,,,
North Buganda,2020,first_season,irish_potatoes,1,ridge,hybrid,crop_centered,3.149663292713082,4.5266348358768616,2.1075068827579884,4.440832751461744,-1.2783790522621046,0.09859249090167488,1.6307999043597006,7.4224697673940225,2.895834931517161,0.1,56.0,3.0,,,
North Buganda,2020,first_season,maize,1,ridge,hybrid,crop_centered,2.169407944352197,2.955290467574602,2.1075068827579884,2.7363424889537766,-0.6778571496606078,0.10802537356179709,0.059455536057440916,5.851125399091763,2.895834931517161,0.1,56.0,3.0,,,
North Buganda,2020,first_season,millet,1,ridge,hybrid,crop_centered,0.493228260930458,0.7805677486211217,2.1075068827579884,0.6354044224045948,-0.17525376569287976,0.11208572199778388,-2.1152671828960394,3.6764026801382825,2.895834931517161,0.1,56.0,3.0,,,
North Buganda,2020,first_season,rice,1,ridge,hybrid,crop_centered,1.0029754145357688,1.8457615422410416,2.1075068827579884,1.7589076363956022,-0.725378345878795,0.11740778182647782,-1.0500733892761194,4.741596473758203,2.895834931517161,0.1,56.0,3.0,,,
North Buganda,2020,first_season,simsim,1,ridge,hybrid,crop_centered,0.1854698986731419,0.5117494552617531,2.1075068827579884,0.3999465592781099,-0.21039443624618648,0.11588512034242471,-2.384085476255408,3.407584386778914,2.895834931517161,0.1,56.0,3.0,,,
North Buganda,2020,first_season,sorghum,1,ridge,hybrid,crop_centered,0.0988630737950738,1.5396763902533388,2.1075068827579884,1.3246497888304674,-1.3327879428964682,0.10802537356179687,-1.3561585412638222,4.4355113217705,2.895834931517161,0.1,56.0,3.0,,,
North Buganda,2020,first_season,soya_beans,1,ridge,hybrid,crop_centered,0.4702301599548245,0.6715250986181329,2.1075068827579884,2.930292181557787,-0.08161695907769745,0.119677979585611,-2.224309832899028,3.567360030135294,2.895834931517161,0.1,56.0,3.0,,,
North Buganda,2020,first_season,sweet_potatoes,1,ridge,hybrid,crop_centered,2.687525566046792,5.37235042098357,2.1075068827579884,5.983658411491209,-2.5763503865109674,0.10847446842581032,2.4765154894664088,8.26818535250073,2.895834931517161,0.1,56.0,3.0,,,
North Buganda,2020,second_season,beans,1,ridge,hybrid,crop_centered,0.9823435270848496,1.128067695948951,2.1075068827579884,0.7986540097128687,0.1739649639729538,0.31968913283705525,-1.76776723556821,4.0239026274661125,2.895834931517161,0.1,56.0,3.0,,,
North Buganda,2020,second_season,groundnuts,1,ridge,hybrid,crop_centered,0.6052217822979895,0.8900788141871047,2.1075068827579884,0.5687183500759414,0.032001914621649585,0.31685894651076474,-2.005756117330056,3.7859137457042658,2.895834931517161,0.1,56.0,3.0,,,
North Buganda,2020,second_season,irish_potatoes,1,ridge,hybrid,crop_centered,6.482172439710905,4.735468408825829,2.1075068827579884,4.440832751461744,2.0541300947357186,0.30742606385064253,1.8396334773086682,7.63130334034299,2.895834931517161,0.1,56.0,3.0,,,
North Buganda,2020,second_season,maize,1,ridge,hybrid,crop_centered,2.6867403311215865,3.1641240405235695,2.1075068827579884,2.7363424889537766,-0.1605247628912183,0.31685894651076474,0.26828910900640857,6.0599589720407305,2.895834931517161,0.1,56.0,3.0,,,
North Buganda,2020,second_season,millet,1,ridge,hybrid,crop_centered,0.7672214167665391,0.9894013215700894,2.1075068827579884,0.6354044224045948,0.09873939014320132,0.32091929494675164,-1.9064336099470716,3.8852362530872506,2.895834931517161,0.1,56.0,3.0,,,
North Buganda,2020,second_season,rice,1,ridge,hybrid,crop_centered,0.7664154644961585,2.0545951151900095,2.1075068827579884,1.7589076363956022,-0.9619382959184053,0.3262413547754457,-0.8412398163271515,4.9504300467071705,2.895834931517161,0.1,56.0,3.0,,,
North Buganda,2020,second_season,simsim,1,ridge,hybrid,crop_centered,1.0617776543409592,0.7205830282107208,2.1075068827579884,0.3999465592781099,0.6659133194216308,0.32471869329139247,-2.17525190330644,3.616417959727882,2.895834931517161,0.1,56.0,3.0,,,
North Buganda,2020,second_season,sorghum,1,ridge,hybrid,crop_centered,3.8791100754366425,1.7485099632023067,2.1075068827579884,1.3246497888304674,2.4474590587451006,0.31685894651076474,-1.1473249683148543,4.644344894719468,2.895834931517161,0.1,56.0,3.0,,,
North Buganda,2020,second_season,soya_beans,1,ridge,hybrid,crop_centered,0.4386972792209299,0.8803586715671007,2.1075068827579884,2.930292181557787,-0.11314983981159205,0.32851155253457875,-2.01547625995006,3.7761936030842618,2.895834931517161,0.1,56.0,3.0,,,
North Buganda,2020,second_season,sweet_potatoes,1,ridge,hybrid,crop_centered,6.9509363188894655,5.581183993932537,2.1075068827579884,5.983658411491209,1.687060366331706,0.31730804137477797,2.6853490624153764,8.477018925449698,2.895834931517161,0.1,56.0,3.0,,,
Teso,2020,first_season,beans,1,ridge,hybrid,crop_centered,0.4787820909269001,-0.500051028638564,2.1075068827579884,0.7986540097128687,-0.3295964721849957,-1.3084295917504598,-3.395885960155725,2.395783902878597,2.895834931517161,0.1,56.0,3.0,,,
Teso,2020,first_season,groundnuts,1,ridge,hybrid,crop_centered,0.3687334249789069,-0.7380399104004104,2.1075068827579884,0.5687183500759414,-0.20448644269743305,-1.3112597780767503,-3.6338748419175713,2.1577950211167507,2.895834931517161,0.1,56.0,3.0,,,
Teso,2020,first_season,maize,1,ridge,hybrid,crop_centered,1.3718829183654722,1.5360053159360545,2.1075068827579884,2.7363424889537766,-1.4753821756473326,-1.3112597780767503,-1.3598296155811065,4.4318402474532155,2.895834931517161,0.1,56.0,3.0,,,
Teso,2020,first_season,millet,1,ridge,hybrid,crop_centered,0.2266117956037198,-0.6387174030174256,2.1075068827579884,0.6354044224045948,-0.441870231019618,-1.3071994296407634,-3.5345523345345864,2.2571175284997356,2.895834931517161,0.1,56.0,3.0,,,
Teso,2020,first_season,rice,1,ridge,hybrid,crop_centered,1.3123638688539283,0.4264763906024944,2.1075068827579884,1.7589076363956022,-0.4159898915606355,-1.3018773698120694,-2.4693585409146666,3.3223113221196554,2.895834931517161,0.1,56.0,3.0,,,
Teso,2020,first_season,simsim,1,ridge,hybrid,crop_centered,0.3758526836726521,-0.9075356963767941,2.1075068827579884,0.3999465592781099,-0.020011651246676254,-1.3034000312961225,-3.803370627893955,1.9882992351403668,2.895834931517161,0.1,56.0,3.0,,,
Teso,2020,first_season,sorghum,1,ridge,hybrid,crop_centered,0.6439380500075159,0.12039123861479162,2.1075068827579884,1.3246497888304674,-0.787712966684026,-1.3112597780767503,-2.7754436929023694,3.0162261701319526,2.895834931517161,0.1,56.0,3.0,,,
Teso,2020,first_season,soya_beans,1,ridge,hybrid,crop_centered,0.4286664418152572,-0.7477600530204144,2.1075068827579884,2.930292181557787,-0.12318067721726472,-1.2996071720529363,-3.6435949845375752,2.1480748784967467,2.895834931517161,0.1,56.0,3.0,,,
Teso,2020,first_season,sweet_potatoes,1,ridge,hybrid,crop_centered,2.3919434486183864,3.9530652693450223,2.1075068827579884,5.983658411491209,-2.871932503939373,-1.310810683212737,1.0572303378278614,6.848900200862183,2.895834931517161,0.1,56.0,3.0,,,
Teso,2020,second_season,beans,1,ridge,hybrid,crop_centered,0.7279249098775472,0.5745363199439679,2.1075068827579884,0.7986540097128687,-0.08045365323434861,-0.2338422431679279,-2.321298611573193,3.470371251461129,2.895834931517161,0.1,56.0,3.0,,,
Teso,2020,second_season,groundnuts,1,ridge,hybrid,crop_centered,0.4313168954422955,0.33654743818212157,2.1075068827579884,0.5687183500759414,-0.1419029722340444,-0.23667242949421835,-2.5592874933350394,3.2323823696992826,2.895834931517161,0.1,56.0,3.0,,,
Teso,2020,second_season,maize,1,ridge,hybrid,crop_centered,1.540156423059482,2.6105926645185864,2.1075068827579884,2.7363424889537766,-1.3071086709533228,-0.2366724294942184,-0.2852422669985746,5.506427596035747,2.895834931517161,0.1,56.0,3.0,,,
Teso,2020,second_season,millet,1,ridge,hybrid,crop_centered,0.3557264962514397,0.4358699455651064,2.1075068827579884,0.6354044224045948,-0.31275553037189807,-0.2326120810582314,-2.4599649859520545,3.3317048770822675,2.895834931517161,0.1,56.0,3.0,,,
Teso,2020,second_season,rice,1,ridge,hybrid,crop_centered,1.0709719442643844,1.5010637391850263,2.1075068827579884,1.7589076363956022,-0.6573818161501794,-0.22729002122953745,-1.3947711923321346,4.396898670702187,2.895834931517161,0.1,56.0,3.0,,,
Teso,2020,second_season,simsim,1,ridge,hybrid,crop_centered,0.6034722059137033,0.16705165220573776,2.1075068827579884,0.3999465592781099,0.20760787099437494,-0.22881268271359062,-2.7287832793114233,3.0628865837228987,2.895834931517161,0.1,56.0,3.0,,,
Teso,2020,second_season,sorghum,1,ridge,hybrid,crop_centered,1.141258363083009,1.1949785871973235,2.1075068827579884,1.3246497888304674,-0.29039265360853284,-0.2366724294942184,-1.7008563443198375,4.0908135187144845,2.895834931517161,0.1,56.0,3.0,,,
Teso,2020,second_season,soya_beans,1,ridge,hybrid,crop_centered,0.5653018244408415,0.3268272955621176,2.1075068827579884,2.930292181557787,0.013454705408319612,-0.22501982347040433,-2.5690076359550433,3.2226622270792786,2.895834931517161,0.1,56.0,3.0,,,
Teso,2020,second_season,sweet_potatoes,1,ridge,hybrid,crop_centered,4.986556877001546,5.027652617927554,2.1075068827579884,5.983658411491209,-0.27731907555621316,-0.23622333463020517,2.1318176864103933,7.923487549444715,2.895834931517161,0.1,56.0,3.0,,,
Elgon,2020,first_season,beans,2,ridge,hybrid,crop_centered,0.6700120852270204,2.1491041027860875,1.954636271112969,0.800459608567741,-0.14331541862611696,1.3357765989329502,-1.3447982826570581,5.643006488229233,3.4939023854431457,0.1,54.0,3.0,,,
Elgon,2020,first_season,groundnuts,2,ridge,hybrid,crop_centered,0.4950587775158489,1.856701392644203,1.954636271112969,0.5508650616816889,-0.027940870093157155,1.3337017450351971,-1.6372009927989426,5.350603778087349,3.4939023854431457,0.1,54.0,3.0,,,
Elgon,2020,first_season,irish_potatoes,2,ridge,hybrid,crop_centered,4.522840340241605,5.077032034787709,1.954636271112969,4.160319420588475,0.7473011345397857,1.3014928290858894,1.583129649344563,8.570934420230854,3.4939023854431457,0.1,54.0,3.0,,,
Elgon,2020,first_season,maize,2,ridge,hybrid,crop_centered,2.591624259545572,3.885937191959574,1.954636271112969,2.445749569645221,0.03938881262119498,1.3337017450351971,0.3920348065164285,7.37983957740272,3.4939023854431457,0.1,54.0,3.0,,,
Elgon,2020,first_season,millet,2,ridge,hybrid,crop_centered,0.6858292042822013,1.8374625719188793,1.954636271112969,0.588523876879771,0.182068377398519,1.3337017450351971,-1.6564398135242664,5.331364957362025,3.4939023854431457,0.1,54.0,3.0,,,
Elgon,2020,first_season,rice,2,ridge,hybrid,crop_centered,2.403967673511646,2.9979455209046737,1.954636271112969,1.5849672137717488,0.7446349050156,1.3386127524086275,-0.495956864538472,6.49184790634782,3.4939023854431457,0.1,54.0,3.0,,,
Elgon,2020,first_season,simsim,2,ridge,hybrid,crop_centered,1.0133465202105196,1.7668880031210596,1.954636271112969,0.4194896280774281,0.6232016878027579,1.376743170713298,-1.727014382322086,5.260790388564205,3.4939023854431457,0.1,54.0,3.0,,,
Elgon,2020,first_season,sorghum,2,ridge,hybrid,crop_centered,2.370934481096649,2.3486577613331026,1.954636271112969,1.1729743338682894,1.3559784647987434,1.3337017450351971,-1.1452446241100431,5.842560146776249,3.4939023854431457,0.1,54.0,3.0,,,
Elgon,2020,first_season,soya_beans,2,ridge,hybrid,crop_centered,0.5911363692957547,5.0992584115930235,1.954636271112969,2.9108857754523334,-3.163039993330523,1.3450820489667454,1.6053560261498778,8.59316079703617,3.4939023854431457,0.1,54.0,3.0,,,
Elgon,2020,first_season,sweet_potatoes,2,ridge,hybrid,crop_centered,3.151255842827831,7.459981028281055,1.954636271112969,5.708455116324331,-2.980191162811401,1.328534022641823,3.966078642837909,10.953883413724201,3.4939023854431457,0.1,54.0,3.0,,,
Elgon,2020,second_season,beans,2,ridge,hybrid,crop_centered,0.653829971282899,3.262051563152058,1.954636271112969,0.800459608567741,-0.15949753257023835,2.448724059298921,-0.23185082229108778,6.755953948595204,3.4939023854431457,0.1,54.0,3.0,,,
Elgon,2020,second_season,groundnuts,2,ridge,hybrid,crop_centered,0.7530910039174339,2.969648853010173,1.954636271112969,0.5508650616816889,0.2300913563084278,2.446649205401167,-0.5242535324329727,6.463551238453318,3.4939023854431457,0.1,54.0,3.0,,,
Elgon,2020,second_season,irish_potatoes,2,ridge,hybrid,crop_centered,9.66384795722705,6.189979495153679,1.954636271112969,4.160319420588475,5.888308751525231,2.4144402894518597,2.6960771097105334,9.683881880596825,3.4939023854431457,0.1,54.0,3.0,,,
Elgon,2020,second_season,maize,2,ridge,hybrid,crop_centered,3.423349924580549,4.998884652325544,1.954636271112969,2.445749569645221,0.8711144776561719,2.446649205401167,1.5049822668823984,8.49278703776869,3.4939023854431457,0.1,54.0,3.0,,,
Elgon,2020,second_season,rice,2,ridge,hybrid,crop_centered,0.9781169963836972,4.110892981270644,1.954636271112969,1.5849672137717488,-0.681215772112349,2.4515602127745977,0.6169905958274984,7.604795366713789,3.4939023854431457,0.1,54.0,3.0,,,
Elgon,2020,second_season,simsim,2,ridge,hybrid,crop_centered,0.1853682631467308,2.8798354634870296,1.954636271112969,0.4194896280774281,-0.20477656926103097,2.489690631079268,-0.6140669219561161,6.373737848930175,3.4939023854431457,0.1,54.0,3.0,,,
Elgon,2020,second_season,sorghum,2,ridge,hybrid,crop_centered,3.258267391159824,3.4616052216990725,1.954636271112969,1.1729743338682894,2.2433113748619187,2.446649205401167,-0.03229716374407321,6.955507607142218,3.4939023854431457,0.1,54.0,3.0,,,
Elgon,2020,second_season,soya_beans,2,ridge,hybrid,crop_centered,0.4261906725861129,6.212205871958993,1.954636271112969,2.9108857754523334,-3.3279856900401654,2.458029509332715,2.7183034865158473,9.70610825740214,3.4939023854431457,0.1,54.0,3.0,,,
Elgon,2020,second_season,sweet_potatoes,2,ridge,hybrid,crop_centered,3.5591777349294857,8.572928488647024,1.954636271112969,5.708455116324331,-2.572269270709746,2.4414814830077924,5.079026103203878,12.06683087409017,3.4939023854431457,0.1,54.0,3.0,,,
Lango,2020,first_season,beans,2,ridge,hybrid,crop_centered,0.4538514483659436,0.6355090903226529,1.954636271112969,0.800459608567741,-0.35947605548719375,-0.17781841353048444,-2.858393295120493,4.1294114757657985,3.4939023854431457,0.1,54.0,3.0,,,
Lango,2020,first_season,groundnuts,2,ridge,hybrid,crop_centered,0.3602760666772656,0.34310638018076844,1.954636271112969,0.5508650616816889,-0.1627235809317405,-0.17989326742823764,-3.1507960052623774,3.837008765623914,3.4939023854431457,0.1,54.0,3.0,,,
Lango,2020,first_season,maize,2,ridge,hybrid,crop_centered,1.5321273000173696,2.3723421794961395,1.954636271112969,2.445749569645221,-1.0201081469070075,-0.17989326742823764,-1.1215602059470062,5.866244564939285,3.4939023854431457,0.1,54.0,3.0,,,
Lango,2020,first_season,millet,2,ridge,hybrid,crop_centered,0.3245909082180683,0.32386755945544465,1.954636271112969,0.588523876879771,-0.179169918665614,-0.17989326742823764,-3.170034825987701,3.8177699448985902,3.4939023854431457,0.1,54.0,3.0,,,
Lango,2020,first_season,rice,2,ridge,hybrid,crop_centered,1.0257917523061892,1.4843505084412392,1.954636271112969,1.5849672137717488,-0.6335410161898569,-0.174982260054807,-2.0095518770019067,4.978252893884385,3.4939023854431457,0.1,54.0,3.0,,,
Lango,2020,first_season,simsim,2,ridge,hybrid,crop_centered,0.3598602384189452,0.2532929906576251,1.954636271112969,0.4194896280774281,-0.030284593988816555,-0.13685184175013665,-3.240609394785521,3.7471953761007706,3.4939023854431457,0.1,54.0,3.0,,,
Lango,2020,first_season,sorghum,2,ridge,hybrid,crop_centered,0.5398912763008505,0.8350627488696678,1.954636271112969,1.1729743338682894,-0.4750647399970549,-0.17989326742823764,-2.658839636573478,4.3289651343128135,3.4939023854431457,0.1,54.0,3.0,,,
Lango,2020,first_season,soya_beans,2,ridge,hybrid,crop_centered,0.6956216106623382,3.5856633991295888,1.954636271112969,2.9108857754523334,-3.05855475196394,-0.16851296349668932,0.09176101368644307,7.079565784572734,3.4939023854431457,0.1,54.0,3.0,,,
Lango,2020,first_season,sweet_potatoes,2,ridge,hybrid,crop_centered,4.627154243214652,5.94638601581762,1.954636271112969,5.708455116324331,-1.5042927624245799,-0.18506098982161223,2.452483630374474,9.440288401260766,3.4939023854431457,0.1,54.0,3.0,,,
Lango,2020,second_season,beans,2,ridge,hybrid,crop_centered,0.9979898086925608,0.8152089806720945,1.954636271112969,0.800459608567741,0.18466230483942347,0.0018814768189571174,-2.6786934047710513,4.30911136611524,3.4939023854431457,0.1,54.0,3.0,,,
Lango,2020,second_season,groundnuts,2,ridge,hybrid,crop_centered,0.6658246650132922,0.52280627053021,1.954636271112969,0.5508650616816889,0.1428250174042861,-0.00019337707879607535,-2.971096114912936,4.016708655973356,3.4939023854431457,0.1,54.0,3.0,,,
Lango,2020,second_season,maize,2,ridge,hybrid,crop_centered,2.9489717758099068,2.552042069845581,1.954636271112969,2.445749569645221,0.3967363288855297,-0.00019337707879607535,-0.9418603155975647,6.045944455288726,3.4939023854431457,0.1,54.0,3.0,,,
Lango,2020,second_season,millet,2,ridge,hybrid,crop_centered,0.359162009295794,0.5035674498048862,1.954636271112969,0.588523876879771,-0.14459881758788828,-0.00019337707879607535,-2.9903349356382596,3.997469835248032,3.4939023854431457,0.1,54.0,3.0,,,
Lango,2020,second_season,rice,2,ridge,hybrid,crop_centered,1.516949718283846,1.6640503987906805,1.954636271112969,1.5849672137717488,-0.1423830502122001,0.004717630294634345,-1.8298519866524652,5.157952784233826,3.4939023854431457,0.1,54.0,3.0,,,
Lango,2020,second_season,simsim,2,ridge,hybrid,crop_centered,0.4067343534390761,0.43299288100706657,1.954636271112969,0.4194896280774281,0.016589521031314336,0.0428480485993048,-3.0609095044360792,3.926895266450212,3.4939023854431457,0.1,54.0,3.0,,,
Lango,2020,second_season,sorghum,2,ridge,hybrid,crop_centered,2.142946828492448,1.0147626392191094,1.954636271112969,1.1729743338682894,1.1279908121945428,-0.00019337707879607535,-2.4791397462240363,4.508665024662255,3.4939023854431457,0.1,54.0,3.0,,,
Lango,2020,second_season,soya_beans,2,ridge,hybrid,crop_centered,1.5236675808652385,3.7653632894790303,1.954636271112969,2.9108857754523334,-2.2305087817610394,0.011186926852752244,0.27146090403588463,7.259265674922176,3.4939023854431457,0.1,54.0,3.0,,,
Lango,2020,second_season,sweet_potatoes,2,ridge,hybrid,crop_centered,14.045356396131783,6.126085906167061,1.954636271112969,5.708455116324331,7.9139093904925515,-0.005361099472170672,2.6321835207239155,9.619988291610207,3.4939023854431457,0.1,54.0,3.0,,,
Tooro,2020,first_season,beans,2,ridge,hybrid,crop_centered,0.5714159022282193,0.9582601819999702,1.954636271112969,0.800459608567741,-0.2419116016249181,0.14493267814683286,-2.5356422034431754,4.452162567443116,3.4939023854431457,0.1,54.0,3.0,,,
Tooro,2020,first_season,groundnuts,2,ridge,hybrid,crop_centered,0.4788089757102604,0.6658574718580857,1.954636271112969,0.5508650616816889,-0.044190671898745704,0.14285782424907967,-2.82804491358506,4.159759857301231,3.4939023854431457,0.1,54.0,3.0,,,
Tooro,2020,first_season,irish_potatoes,2,ridge,hybrid,crop_centered,2.602443195405729,3.886188114001591,1.954636271112969,4.160319420588475,-1.1730960102960903,0.1106489082997717,0.39228572855844535,7.380090499444737,3.4939023854431457,0.1,54.0,3.0,,,
Tooro,2020,first_season,maize,2,ridge,hybrid,crop_centered,3.0038294115831783,2.695093271173457,1.954636271112969,2.445749569645221,0.4515939646588012,0.1428578242490799,-0.7988091142696887,6.188995656616603,3.4939023854431457,0.1,54.0,3.0,,,
Tooro,2020,first_season,millet,2,ridge,hybrid,crop_centered,0.4632153663470989,0.646618651132762,1.954636271112969,0.588523876879771,-0.040545460536583366,0.14285782424907967,-2.8472837343103836,4.140521036575907,3.4939023854431457,0.1,54.0,3.0,,,
Tooro,2020,first_season,rice,2,ridge,hybrid,crop_centered,1.3679142770311534,1.8071016001185565,1.954636271112969,1.5849672137717488,-0.29141849146489274,0.1477688316225103,-1.6868007853245892,5.301003985561702,3.4939023854431457,0.1,54.0,3.0,,,
Tooro,2020,first_season,simsim,2,ridge,hybrid,crop_centered,0.2778595226860031,0.5760440823349424,1.954636271112969,0.4194896280774281,-0.11228530972175865,0.18589924992718065,-2.9178583031082033,4.069946467778088,3.4939023854431457,0.1,54.0,3.0,,,
Tooro,2020,first_season,sorghum,2,ridge,hybrid,crop_centered,0.5962480462055857,1.157813840546985,1.954636271112969,1.1729743338682894,-0.41870797009231975,0.14285782424907967,-2.3360885448961604,4.651716225990131,3.4939023854431457,0.1,54.0,3.0,,,
Tooro,2020,first_season,soya_beans,2,ridge,hybrid,crop_centered,0.4113045140407508,3.908414490806906,1.954636271112969,2.9108857754523334,-3.3428718485855273,0.15423812818062776,0.41451210536376015,7.402316876250051,3.4939023854431457,0.1,54.0,3.0,,,
Tooro,2020,first_season,sweet_potatoes,2,ridge,hybrid,crop_centered,2.031705860523254,6.269137107494937,1.954636271112969,5.708455116324331,-4.099741145115978,0.1376901018557053,2.7752347220517914,9.763039492938082,3.4939023854431457,0.1,54.0,3.0,,,
Tooro,2020,second_season,beans,2,ridge,hybrid,crop_centered,1.1835686146592244,1.8672717195669344,1.954636271112969,0.800459608567741,0.370241110806087,1.053944215713797,-1.6266306658762113,5.36117410501008,3.4939023854431457,0.1,54.0,3.0,,,
Tooro,2020,second_season,groundnuts,2,ridge,hybrid,crop_centered,0.8188652144271537,1.5748690094250497,1.954636271112969,0.5508650616816889,0.2958655668181476,1.0518693618160437,-1.919033376018096,5.068771394868195,3.4939023854431457,0.1,54.0,3.0,,,
Tooro,2020,second_season,irish_potatoes,2,ridge,hybrid,crop_centered,5.09052971295232,4.795199651568556,1.954636271112969,4.160319420588475,1.314990507250501,1.0196604458667364,1.30129726612541,8.289102037011702,3.4939023854431457,0.1,54.0,3.0,,,
Tooro,2020,second_season,maize,2,ridge,hybrid,crop_centered,4.280134298861752,3.604104808740421,1.954636271112969,2.445749569645221,1.7278988519373746,1.0518693618160437,0.11020242329727514,7.098007194183566,3.4939023854431457,0.1,54.0,3.0,,,
Tooro,2020,second_season,millet,2,ridge,hybrid,crop_centered,1.0445138088407484,1.555630188699726,1.954636271112969,0.588523876879771,0.5407529819570661,1.0518693618160437,-1.9382721967434198,5.049532574142871,3.4939023854431457,0.1,54.0,3.0,,,
Tooro,2020,second_season,rice,2,ridge,hybrid,crop_centered,2.631104714179096,2.7161131376855208,1.954636271112969,1.5849672137717488,0.9717719456830498,1.0567803691894746,-0.7777892477576249,6.210015523128666,3.4939023854431457,0.1,54.0,3.0,,,
Tooro,2020,second_season,simsim,2,ridge,hybrid,crop_centered,0.3096258716658019,1.4850556199019063,1.954636271112969,0.4194896280774281,-0.08051896074195986,1.0949107874941446,-2.0088467655412394,4.978958005345052,3.4939023854431457,0.1,54.0,3.0,,,
Tooro,2020,second_season,sorghum,2,ridge,hybrid,crop_centered,1.958342814699392,2.0668253781139496,1.954636271112969,1.1729743338682894,0.9433867984014865,1.0518693618160442,-1.427077007329196,5.560727763557095,3.4939023854431457,0.1,54.0,3.0,,,
Tooro,2020,second_season,soya_beans,2,ridge,hybrid,crop_centered,0.5816289868880459,4.81742602837387,1.954636271112969,2.9108857754523334,-3.1725473757382323,1.0632496657475916,1.323523642930724,8.311328413817016,3.4939023854431457,0.1,54.0,3.0,,,
Tooro,2020,second_season,sweet_potatoes,2,ridge,hybrid,crop_centered,17.19569748995181,7.178148645061901,1.954636271112969,5.708455116324331,11.06425048431258,1.0467016394226691,3.6842462596187553,10.672051030505047,3.4939023854431457,0.1,54.0,3.0,,,
Ankole,2020,first_season,beans,3,ridge,hybrid,crop_centered,0.7107039593083359,-0.4022506071447496,2.0662856437501507,0.7992436624389453,-0.09792415942902111,-1.2108787258821065,-2.54571847813037,1.7412172638408707,2.1434678709856203,0.1,52.0,3.0,,,
Ankole,2020,first_season,groundnuts,3,ridge,hybrid,crop_centered,0.4892093570559104,-0.6439464367119184,2.0662856437501507,0.5683245101391033,-0.07665064920057174,-1.2098064429684006,-2.7874143076975386,1.499521434273702,2.1434678709856203,0.1,52.0,3.0,,,
Ankole,2020,first_season,irish_potatoes,3,ridge,hybrid,crop_centered,2.6066656470507263,3.7186962203445146,2.0662856437501507,4.967854759378325,-2.3459916973009474,-1.233961124007159,1.5752283493588943,5.8621640913301345,2.1434678709856203,0.1,52.0,3.0,,,
Ankole,2020,first_season,maize,3,ridge,hybrid,crop_centered,2.2911775934330265,1.590467501105315,2.0662856437501507,2.5683997769092572,-0.5090963506406894,-1.2098064429684008,-0.5530003698803052,3.7339353720909356,2.1434678709856203,0.1,52.0,3.0,,,
Ankole,2020,first_season,millet,3,ridge,hybrid,crop_centered,1.2807764204080456,-0.6930376989633434,2.0662856437501507,0.49735850693119044,0.7670610166706947,-1.2067531027006944,-2.836505569948964,1.4504301720222768,2.1434678709856203,0.1,52.0,3.0,,,
Ankole,2020,first_season,sorghum,3,ridge,hybrid,crop_centered,0.660753068253978,0.22824846658637532,2.0662856437501507,1.4121707856008021,-0.7773018413007979,-1.2098064429684006,-1.915219404399245,2.3717163375719954,2.1434678709856203,0.1,52.0,3.0,,,
Ankole,2020,first_season,soya_beans,3,ridge,hybrid,crop_centered,0.3377821773864262,2.296727458266732,2.0662856437501507,2.823781736252928,-3.171282715614504,-1.2123374347341982,0.15325958728111155,4.440195329252353,2.1434678709856203,0.1,52.0,3.0,,,
Ankole,2020,first_season,sweet_potatoes,3,ridge,hybrid,crop_centered,4.329712242698299,4.940709096145879,2.0662856437501507,6.104335473351614,-1.8291695226381899,-1.2181726691906096,2.7972412251602585,7.0841769671315,2.1434678709856203,0.1,52.0,3.0,,,
Ankole,2020,second_season,beans,3,ridge,hybrid,crop_centered,1.3411688832335629,1.8445971674984682,2.0662856437501507,0.7992436624389453,0.5325407644962059,1.0359690487611113,-0.29887070348715206,3.9880650384840886,2.1434678709856203,0.1,52.0,3.0,,,
Ankole,2020,second_season,groundnuts,3,ridge,hybrid,crop_centered,0.556144731073507,1.6029013379312995,2.0662856437501507,0.5683245101391033,-0.009715275182975103,1.0370413316748173,-0.5405665330543208,3.74636920891692,2.1434678709856203,0.1,52.0,3.0,,,
Ankole,2020,second_season,irish_potatoes,3,ridge,hybrid,crop_centered,4.840624253728912,5.965543994987733,2.0662856437501507,4.967854759378325,-0.11203309062276201,1.0128866506360596,3.822076124002113,8.109011865973354,2.1434678709856203,0.1,52.0,3.0,,,
Ankole,2020,second_season,maize,3,ridge,hybrid,crop_centered,4.746403988018382,3.837315275748533,2.0662856437501507,2.5683997769092572,1.9461300439446658,1.0370413316748173,1.6938474047629128,5.9807831467341535,2.1434678709856203,0.1,52.0,3.0,,,
Ankole,2020,second_season,millet,3,ridge,hybrid,crop_centered,0.7193080425140036,1.5538100756798743,2.0662856437501507,0.49735850693119044,0.20559263877665268,1.0400946719425233,-0.589657795305746,3.6972779466654946,2.1434678709856203,0.1,52.0,3.0,,,
Ankole,2020,second_season,sorghum,3,ridge,hybrid,crop_centered,1.8183667473252825,2.4750962412295934,2.0662856437501507,1.4121707856008021,0.3803118377705066,1.0370413316748175,0.33162837024397307,4.618564112215214,2.1434678709856203,0.1,52.0,3.0,,,
Ankole,2020,second_season,sweet_potatoes,3,ridge,hybrid,crop_centered,7.086512596688682,7.187556870789097,2.0662856437501507,6.104335473351614,0.9276308313521939,1.0286751054526082,5.044088999803476,9.331024741774717,2.1434678709856203,0.1,52.0,3.0,,,
Bukedi,2020,first_season,beans,3,ridge,hybrid,crop_centered,0.5175817230094646,0.946551546579899,2.0662856437501507,0.7992436624389453,-0.29104639572789237,0.13792342784254208,-1.1969163244057213,3.0900194175655193,2.1434678709856203,0.1,52.0,3.0,,,
Bukedi,2020,first_season,groundnuts,3,ridge,hybrid,crop_centered,0.4770632662036267,0.7048557170127302,2.0662856437501507,0.5683245101391033,-0.08879674005285543,0.13899571075624806,-1.43861215397289,2.8483235879983506,2.1434678709856203,0.1,52.0,3.0,,,
Bukedi,2020,first_season,maize,3,ridge,hybrid,crop_centered,1.5470171390615697,2.939269654829964,2.0662856437501507,2.5683997769092572,-1.2532568050121462,0.13899571075624806,0.7958017838443436,5.082737525815585,2.1434678709856203,0.1,52.0,3.0,,,
Bukedi,2020,first_season,millet,3,ridge,hybrid,crop_centered,0.4272092427017133,0.6557644547613052,2.0662856437501507,0.49735850693119044,-0.08650616103563763,0.14204905102395426,-1.4877034162243152,2.7992323257469254,2.1434678709856203,0.1,52.0,3.0,,,
Bukedi,2020,first_season,rice,3,ridge,hybrid,crop_centered,1.3882164630489435,1.749788872317422,2.0662856437501507,1.63417854787639,-0.2251076902780278,0.13646471899045065,-0.39367899866819833,3.8932567433030423,2.1434678709856203,0.1,52.0,3.0,,,
Bukedi,2020,first_season,simsim,3,ridge,hybrid,crop_centered,0.3317125177589506,0.6123737847000235,2.0662856437501507,0.4267172973635351,-0.1151090367034171,0.16555223023765575,-1.5310940862855968,2.7558416556856438,2.1434678709856203,0.1,52.0,3.0,,,
Bukedi,2020,first_season,sorghum,3,ridge,hybrid,crop_centered,0.5913910230747661,1.577050620311024,2.0662856437501507,1.4121707856008021,-0.8466638864800098,0.13899571075624806,-0.5664172506745964,3.7205184912966445,2.1434678709856203,0.1,52.0,3.0,,,
Bukedi,2020,first_season,soya_beans,3,ridge,hybrid,crop_centered,0.4175993889818736,3.6455296119913805,2.0662856437501507,2.823781736252928,-3.0914655040190566,0.13646471899045043,1.5020617410057602,5.788997482977001,2.1434678709856203,0.1,52.0,3.0,,,
Bukedi,2020,first_season,sweet_potatoes,3,ridge,hybrid,crop_centered,2.6225674475211567,6.289511249870527,2.0662856437501507,6.104335473351614,-3.536314317815332,0.13062948453403855,4.146043378884906,8.432979120856148,2.1434678709856203,0.1,52.0,3.0,,,
Bukedi,2020,second_season,beans,3,ridge,hybrid,crop_centered,0.7056484947012807,0.5476687376727096,2.0662856437501507,0.7992436624389453,-0.1029796240360763,-0.26095938106464733,-1.5957991333129107,2.69113660865833,2.1434678709856203,0.1,52.0,3.0,,,
Bukedi,2020,second_season,groundnuts,3,ridge,hybrid,crop_centered,0.5641103408681046,0.3059729081055408,2.0662856437501507,0.5683245101391033,-0.0017496653883775082,-0.25988709815094135,-1.8374949628800796,2.449440779091161,2.1434678709856203,0.1,52.0,3.0,,,
Bukedi,2020,second_season,maize,3,ridge,hybrid,crop_centered,2.5941966847486744,2.5403868459227743,2.0662856437501507,2.5683997769092572,-0.2060772593250415,-0.2598870981509416,0.396918974937154,4.683854716908394,2.1434678709856203,0.1,52.0,3.0,,,
Bukedi,2020,second_season,millet,3,ridge,hybrid,crop_centered,2.0388508171880413,0.25688164585411577,2.0662856437501507,0.49735850693119044,1.5251354134506903,-0.25683375788323515,-1.8865862251315044,2.400349516839736,2.1434678709856203,0.1,52.0,3.0,,,
Bukedi,2020,second_season,rice,3,ridge,hybrid,crop_centered,1.4277627442802343,1.3509060634102328,2.0662856437501507,1.63417854787639,-0.185561409046737,-0.26241808991673854,-0.7925618075753875,3.494373934395853,2.1434678709856203,0.1,52.0,3.0,,,
Bukedi,2020,second_season,simsim,3,ridge,hybrid,crop_centered,0.3924463982333242,0.21349097579283408,2.0662856437501507,0.4267172973635351,-0.054375156229043486,-0.23333057866953363,-1.9299768951927863,2.3569588467784546,2.1434678709856203,0.1,52.0,3.0,,,
Bukedi,2020,second_season,sorghum,3,ridge,hybrid,crop_centered,0.8805407710527358,1.1781678114038345,2.0662856437501507,1.4121707856008021,-0.5575141385020401,-0.25988709815094135,-0.9653000595817858,3.321635682389455,2.1434678709856203,0.1,52.0,3.0,,,
Bukedi,2020,second_season,soya_beans,3,ridge,hybrid,crop_centered,0.8286553858983726,3.2466468030841913,2.0662856437501507,2.823781736252928,-2.6804095071025573,-0.26241808991673876,1.103178932098571,5.390114674069812,2.1434678709856203,0.1,52.0,3.0,,,
Bukedi,2020,second_season,sweet_potatoes,3,ridge,hybrid,crop_centered,6.335755329287477,5.890628440963337,2.0662856437501507,6.104335473351614,0.17687356395098863,-0.2682533243731511,3.747160569977717,8.034096311948957,2.1434678709856203,0.1,52.0,3.0,,,
West Nile,2020,first_season,beans,3,ridge,hybrid,crop_centered,0.5251432400895707,-0.41797494122065326,2.0662856437501507,0.7992436624389453,-0.28348487864778626,-1.2266030599580102,-2.5614428122062733,1.725492929764967,2.1434678709856203,0.1,52.0,3.0,,,
West Nile,2020,first_season,groundnuts,3,ridge,hybrid,crop_centered,0.4055485017270916,-0.6596707707878221,2.0662856437501507,0.5683245101391033,-0.16031150452939052,-1.2255307770443042,-2.8031386417734425,1.483797100197798,2.1434678709856203,0.1,52.0,3.0,,,
West Nile,2020,first_season,irish_potatoes,3,ridge,hybrid,crop_centered,1.4211566881060225,3.702971886268611,2.0662856437501507,4.967854759378325,-3.531500656245651,-1.2496854580830625,1.5595040152829909,5.846439757254231,2.1434678709856203,0.1,52.0,3.0,,,
West Nile,2020,first_season,maize,3,ridge,hybrid,crop_centered,1.2660956469166913,1.5747431670294116,2.0662856437501507,2.5683997769092572,-1.5341782971570246,-1.2255307770443042,-0.5687247039562087,3.718211038015032,2.1434678709856203,0.1,52.0,3.0,,,
West Nile,2020,first_season,millet,3,ridge,hybrid,crop_centered,0.2167646962160385,-0.7087620330392471,2.0662856437501507,0.49735850693119044,-0.2969507075213124,-1.222477436776598,-2.8522299040248673,1.4347058379463733,2.1434678709856203,0.1,52.0,3.0,,,
West Nile,2020,first_season,rice,3,ridge,hybrid,crop_centered,1.4018188844017143,0.38526238451686967,2.0662856437501507,1.63417854787639,-0.211505268925257,-1.2280617688101017,-1.7582054864687506,2.5287302555024898,2.1434678709856203,0.1,52.0,3.0,,,
West Nile,2020,first_season,simsim,3,ridge,hybrid,crop_centered,0.4766810107273866,-0.7521527031005288,2.0662856437501507,0.4267172973635351,0.029859456265018902,-1.1989742575628966,-2.8956205740861494,1.3913151678850915,2.1434678709856203,0.1,52.0,3.0,,,
West Nile,2020,first_season,sorghum,3,ridge,hybrid,crop_centered,0.391054248417342,0.21252413251047164,2.0662856437501507,1.4121707856008021,-1.0470006611374338,-1.2255307770443042,-1.9309437384751487,2.355992003496092,2.1434678709856203,0.1,52.0,3.0,,,
West Nile,2020,first_season,soya_beans,3,ridge,hybrid,crop_centered,0.8717117441917551,2.2810031241908284,2.0662856437501507,2.823781736252928,-2.637353148809175,-1.2280617688101017,0.1375352532052081,4.424470995176449,2.1434678709856203,0.1,52.0,3.0,,,
West Nile,2020,first_season,sweet_potatoes,3,ridge,hybrid,crop_centered,5.41252141626667,4.9249847620699745,2.0662856437501507,6.104335473351614,-0.7463603490698185,-1.233897003266514,2.781516891084354,7.068452633055594,2.1434678709856203,0.1,52.0,3.0,,,
West Nile,2020,second_season,beans,3,ridge,hybrid,crop_centered,0.7559563988183644,0.44600444326294875,2.0662856437501507,0.7992436624389453,-0.052671719918992554,-0.3626236754744082,-1.6974634277226714,2.589472314248569,2.1434678709856203,0.1,52.0,3.0,,,
West Nile,2020,second_season,groundnuts,3,ridge,hybrid,crop_centered,0.6957406402698985,0.2043086136957798,2.0662856437501507,0.5683245101391033,0.12988063401341632,-0.36155139256070234,-1.9391592572898406,2.3477764846814,2.1434678709856203,0.1,52.0,3.0,,,
West Nile,2020,second_season,irish_potatoes,3,ridge,hybrid,crop_centered,3.3207905514628413,4.566951270752213,2.0662856437501507,4.967854759378325,-1.6318667928888324,-0.38570607359946063,2.4234833997665928,6.710419141737834,2.1434678709856203,0.1,52.0,3.0,,,
West Nile,2020,second_season,maize,3,ridge,hybrid,crop_centered,2.6368413584111803,2.4387225515130133,2.0662856437501507,2.5683997769092572,-0.1634325856625356,-0.36155139256070257,0.295254680527393,4.582190422498634,2.1434678709856203,0.1,52.0,3.0,,,
West Nile,2020,second_season,millet,3,ridge,hybrid,crop_centered,0.6973987237560337,0.1552173514443549,2.0662856437501507,0.49735850693119044,0.18368332001868282,-0.35849805229299603,-1.9882505195412654,2.298685222429975,2.1434678709856203,0.1,52.0,3.0,,,
West Nile,2020,second_season,rice,3,ridge,hybrid,crop_centered,1.5518859303284125,1.2492417690004718,2.0662856437501507,1.63417854787639,-0.061438222998558834,-0.36408238432649953,-0.8942261019851485,3.392709639986092,2.1434678709856203,0.1,52.0,3.0,,,
West Nile,2020,second_season,simsim,3,ridge,hybrid,crop_centered,0.3973328781148473,0.11182668138307317,2.0662856437501507,0.4267172973635351,-0.04948867634752041,-0.33499487307929454,-2.031641189602547,2.2552945523686936,2.1434678709856203,0.1,52.0,3.0,,,
West Nile,2020,second_season,sorghum,3,ridge,hybrid,crop_centered,1.2622030417153625,1.0765035169940735,2.0662856437501507,1.4121707856008021,-0.17585186783941342,-0.36155139256070234,-1.0669643539915468,3.219971387979694,2.1434678709856203,0.1,52.0,3.0,,,
West Nile,2020,second_season,soya_beans,3,ridge,hybrid,crop_centered,0.6049960464155939,3.1449825086744303,2.0662856437501507,2.823781736252928,-2.904068846585336,-0.36408238432649975,1.00151463768881,5.28845037966005,2.1434678709856203,0.1,52.0,3.0,,,
West Nile,2020,second_season,sweet_potatoes,3,ridge,hybrid,crop_centered,10.90567139457088,5.788964146553576,2.0662856437501507,6.104335473351614,4.746789629234392,-0.36991761878291207,3.645496275567956,7.932432017539197,2.1434678709856203,0.1,52.0,3.0,,,
Busoga,2020,first_season,beans,4,ridge,hybrid,crop_centered,0.6401206168693182,0.8726669892448893,1.8016671470305063,0.7725881369501938,-0.12334828664293962,0.10919808573263146,-2.442775766246701,4.1881097447364795,3.31544275549159,0.1,58.0,3.0,,,
Busoga,2020,first_season,groundnuts,4,ridge,hybrid,crop_centered,0.3322482939632105,0.6252694666597022,1.8016671470305063,0.5479446238104857,-0.18661449293914606,0.10640667975734563,-2.690173288831888,3.9407122221512925,3.31544275549159,0.1,58.0,3.0,,,
Busoga,2020,first_season,maize,4,ridge,hybrid,crop_centered,1.5222384603844508,2.81279740322541,1.8016671470305063,2.6412707918169636,-1.1841522630836137,0.10640667975734575,-0.50264535226618,6.128240158717,3.31544275549159,0.1,58.0,3.0,,,
Busoga,2020,first_season,millet,4,ridge,hybrid,crop_centered,0.6572884828877947,0.7111649481140943,1.8016671470305063,0.5738783706046435,0.05788865360463702,0.11176511883093654,-2.604277807377496,4.026607703605684,3.31544275549159,0.1,58.0,3.0,,,
Busoga,2020,first_season,rice,4,ridge,hybrid,crop_centered,1.4797729580148753,1.4581921498832833,1.8016671470305063,1.4257179867225263,0.13394779574782945,0.11236698761623742,-1.857250605608307,4.773634905374873,3.31544275549159,0.1,58.0,3.0,,,
Busoga,2020,first_season,simsim,4,ridge,hybrid,crop_centered,0.3994351113633946,0.5840440956759603,1.8016671470305063,0.42925700279116347,-0.07267334504409112,0.11193563926847455,-2.73139865981563,3.8994868511675502,3.31544275549159,0.1,58.0,3.0,,,
Busoga,2020,first_season,sorghum,4,ridge,hybrid,crop_centered,0.6036980012037914,1.570268707740302,1.8016671470305063,1.3361928120558897,-0.8601640267791648,0.10640667975734575,-1.7451740477512883,4.8857114632318925,3.31544275549159,0.1,58.0,3.0,,,
Busoga,2020,first_season,soya_beans,4,ridge,hybrid,crop_centered,0.4333391184708587,0.7331938531227092,1.8016671470305063,0.6555232704687651,-0.18686743902459746,0.11298729562725307,-2.582248902368881,4.0486366086142995,3.31544275549159,0.1,58.0,3.0,,,
Busoga,2020,first_season,sweet_potatoes,4,ridge,hybrid,crop_centered,3.4113171715767456,5.320950533920717,1.8016671470305063,6.5300697168629425,-1.800574165727625,0.10905919661634655,2.005507778429127,8.636393289412307,3.31544275549159,0.1,58.0,3.0,,,
Busoga,2020,second_season,beans,4,ridge,hybrid,crop_centered,0.8018694899438293,1.4534786785263991,1.8016671470305063,0.7725881369501938,0.038400586431571515,0.6900097750141413,-1.861964076965191,4.768921434017989,3.31544275549159,0.1,58.0,3.0,,,
Busoga,2020,second_season,groundnuts,4,ridge,hybrid,crop_centered,0.4062549460293829,1.2060811559412121,1.8016671470305063,0.5479446238104857,-0.11260784087297365,0.6872183690388556,-2.109361599550378,4.521523911432802,3.31544275549159,0.1,58.0,3.0,,,
Busoga,2020,second_season,maize,4,ridge,hybrid,crop_centered,1.7237131684916815,3.39360909250692,1.8016671470305063,2.6412707918169636,-0.9826775549763829,0.6872183690388556,0.07816633701532982,6.70905184799851,3.31544275549159,0.1,58.0,3.0,,,
Busoga,2020,second_season,millet,4,ridge,hybrid,crop_centered,0.2369138654637815,1.291976637395604,1.8016671470305063,0.5738783706046435,-0.36248596381937626,0.6925768081124464,-2.0234661180959863,4.607419392887194,3.31544275549159,0.1,58.0,3.0,,,
Busoga,2020,second_season,rice,4,ridge,hybrid,crop_centered,2.088480457936548,2.039003839164793,1.8016671470305063,1.4257179867225263,0.7426552956695021,0.693178676897747,-1.2764389163267973,5.354446594656383,3.31544275549159,0.1,58.0,3.0,,,
Busoga,2020,second_season,simsim,4,ridge,hybrid,crop_centered,0.2995884010467337,1.16485578495747,1.8016671470305063,0.42925700279116347,-0.17252005536075204,0.6927473285499843,-2.1505869705341203,4.48029854044906,3.31544275549159,0.1,58.0,3.0,,,
Busoga,2020,second_season,sorghum,4,ridge,hybrid,crop_centered,0.6561084833674863,2.1510803970218118,1.8016671470305063,1.3361928120558897,-0.8077535446154699,0.6872183690388556,-1.1643623584697784,5.4665231525134015,3.31544275549159,0.1,58.0,3.0,,,
Busoga,2020,second_season,soya_beans,4,ridge,hybrid,crop_centered,0.5938545772757312,1.3140055424042192,1.8016671470305063,0.6555232704687651,-0.026351980219724958,0.693798984908763,-2.001437213087371,4.629448297895809,3.31544275549159,0.1,58.0,3.0,,,
Busoga,2020,second_season,sweet_potatoes,4,ridge,hybrid,crop_centered,4.046477355605773,5.901762223202227,1.8016671470305063,6.5300697168629425,-1.165413981698598,0.6898708858978564,2.586319467710637,9.217204978693818,3.31544275549159,0.1,58.0,3.0,,,
Kigezi,2020,first_season,beans,4,ridge,hybrid,crop_centered,0.6821726355797036,0.3159590586241458,1.8016671470305063,0.7725881369501938,-0.08129626793255418,-0.447509844888112,-2.9994836968674443,3.631401814115736,3.31544275549159,0.1,58.0,3.0,,,
Kigezi,2020,first_season,groundnuts,4,ridge,hybrid,crop_centered,0.4632654520489824,0.0685615360389587,1.8016671470305063,0.5479446238104857,-0.05559733485337415,-0.45030125086339784,-3.2468812194526313,3.384004291530549,3.31544275549159,0.1,58.0,3.0,,,
Kigezi,2020,first_season,irish_potatoes,4,ridge,hybrid,crop_centered,5.319403533719373,4.063438310835112,1.8016671470305063,4.047210229393464,0.8029532081200417,-0.4530120147642194,0.7479955553435218,7.378881066326702,3.31544275549159,0.1,58.0,3.0,,,
Kigezi,2020,first_season,maize,4,ridge,hybrid,crop_centered,1.6788303054282812,2.2560894726046667,1.8016671470305063,2.6412707918169636,-1.0275604180397833,-0.4503012508633977,-1.0593532828869234,5.571532228096257,3.31544275549159,0.1,58.0,3.0,,,
Kigezi,2020,first_season,millet,4,ridge,hybrid,crop_centered,0.7582314811841495,0.15445701749335083,1.8016671470305063,0.5738783706046435,0.1588316519009918,-0.4449428117898069,-3.1609857379982396,3.469899772984941,3.31544275549159,0.1,58.0,3.0,,,
Kigezi,2020,first_season,rice,4,ridge,hybrid,crop_centered,1.457131297713486,0.9014842192625399,1.8016671470305063,1.4257179867225263,0.11130613544644019,-0.444340943004506,-2.4139585362290505,4.21692697475413,3.31544275549159,0.1,58.0,3.0,,,
Kigezi,2020,first_season,sorghum,4,ridge,hybrid,crop_centered,0.9963816683569464,1.0135607771195583,1.8016671470305063,1.3361928120558897,-0.46748035962600976,-0.4503012508633979,-2.301881978372032,4.329003532611148,3.31544275549159,0.1,58.0,3.0,,,
Kigezi,2020,first_season,soya_beans,4,ridge,hybrid,crop_centered,0.5069027622936974,0.1764859225019657,1.8016671470305063,0.6555232704687651,-0.11330379520175882,-0.44372063499349046,-3.1389568329896242,3.491928677993556,3.31544275549159,0.1,58.0,3.0,,,
Kigezi,2020,first_season,sweet_potatoes,4,ridge,hybrid,crop_centered,3.68073317352751,4.764242603299974,1.8016671470305063,6.5300697168629425,-1.5311581637768605,-0.44764873400439686,1.4487998478083837,8.079685358791565,3.31544275549159,0.1,58.0,3.0,,,
Kigezi,2020,second_season,beans,4,ridge,hybrid,crop_centered,1.2309422257456628,0.5544875263099565,1.8016671470305063,0.7725881369501938,0.467473322233405,-0.20898137720230137,-2.7609552291816337,3.8699302818015466,3.31544275549159,0.1,58.0,3.0,,,
Kigezi,2020,second_season,groundnuts,4,ridge,hybrid,crop_centered,0.7496304931127425,0.3070900037247693,1.8016671470305063,0.5479446238104857,0.230767706210386,-0.21177278317758724,-3.0083527517668207,3.6225327592163596,3.31544275549159,0.1,58.0,3.0,,,
Kigezi,2020,second_season,irish_potatoes,4,ridge,hybrid,crop_centered,7.829884297424306,4.301966778520923,1.8016671470305063,4.047210229393464,3.313433971824975,-0.21448354707840878,0.9865240230293324,7.617409534012513,3.31544275549159,0.1,58.0,3.0,,,
Kigezi,2020,second_season,maize,4,ridge,hybrid,crop_centered,4.580426866194772,2.4946179402904773,1.8016671470305063,2.6412707918169636,1.8740361427267076,-0.21177278317758708,-0.8208248152011128,5.8100606957820675,3.31544275549159,0.1,58.0,3.0,,,
Kigezi,2020,second_season,millet,4,ridge,hybrid,crop_centered,0.96011465247634,0.3929854851791614,1.8016671470305063,0.5738783706046435,0.36071482319318227,-0.20641434410399634,-2.922457270312429,3.7084282406707514,3.31544275549159,0.1,58.0,3.0,,,
Kigezi,2020,second_season,rice,4,ridge,hybrid,crop_centered,3.966514747112424,1.1400126869483505,1.8016671470305063,1.4257179867225263,2.620689584845378,-0.2058124753186954,-2.17543006854324,4.45545544243994,3.31544275549159,0.1,58.0,3.0,,,
Kigezi,2020,second_season,sorghum,4,ridge,hybrid,crop_centered,0.9034020239226584,1.2520892448053689,1.8016671470305063,1.3361928120558897,-0.5604600040602977,-0.2117727831775873,-2.0633535106862215,4.567532000296959,3.31544275549159,0.1,58.0,3.0,,,
Kigezi,2020,second_season,soya_beans,4,ridge,hybrid,crop_centered,44.29863915774654,0.4150143901877763,1.8016671470305063,0.6555232704687651,43.678432600251085,-0.20519216730767986,-2.9004283653038136,3.7304571456793667,3.31544275549159,0.1,58.0,3.0,,,
Kigezi,2020,second_season,sweet_potatoes,4,ridge,hybrid,crop_centered,7.307468270304063,5.002771070985784,1.8016671470305063,6.5300697168629425,2.095576932999692,-0.20912026631858627,1.6873283154941943,8.318213826477376,3.31544275549159,0.1,58.0,3.0,,,
South Buganda,2020,first_season,beans,4,ridge,hybrid,crop_centered,0.6286830497610721,0.5579011169186813,1.8016671470305063,0.7725881369501938,-0.13478585375118568,-0.20556778659357655,-2.757541638572909,3.8733438724102713,3.31544275549159,0.1,58.0,3.0,,,
South Buganda,2020,first_season,groundnuts,4,ridge,hybrid,crop_centered,0.6198068833094821,0.31050359433349417,1.8016671470305063,0.5479446238104857,0.10094409640712554,-0.20835919256886237,-3.004939161158096,3.6259463498250843,3.31544275549159,0.1,58.0,3.0,,,
South Buganda,2020,first_season,irish_potatoes,4,ridge,hybrid,crop_centered,3.3283582090790134,4.305380369129647,1.8016671470305063,4.047210229393464,-1.188092116520318,-0.21106995646968407,0.9899376136380571,7.6208231246212375,3.31544275549159,0.1,58.0,3.0,,,
South Buganda,2020,first_season,maize,4,ridge,hybrid,crop_centered,1.658719821291578,2.498031530899202,1.8016671470305063,2.6412707918169636,-1.0476709021764865,-0.20835919256886237,-0.8174112245923881,5.813474286390792,3.31544275549159,0.1,58.0,3.0,,,
South Buganda,2020,first_season,millet,4,ridge,hybrid,crop_centered,0.4388892155530794,0.3963990757878863,1.8016671470305063,0.5738783706046435,-0.1605106137300783,-0.2030007534952714,-2.919043679703704,3.7118418312794765,3.31544275549159,0.1,58.0,3.0,,,
South Buganda,2020,first_season,rice,4,ridge,hybrid,crop_centered,2.3727137710817736,1.1434262775570754,1.8016671470305063,1.4257179867225263,1.0268886088147278,-0.20239888470997047,-2.172016477934515,4.458869033048666,3.31544275549159,0.1,58.0,3.0,,,
South Buganda,2020,first_season,sorghum,4,ridge,hybrid,crop_centered,0.5363321684614435,1.2555028354140938,1.8016671470305063,1.3361928120558897,-0.9275298595215127,-0.20835919256886237,-2.0599399200774964,4.5709455909056835,3.31544275549159,0.1,58.0,3.0,,,
South Buganda,2020,first_season,soya_beans,4,ridge,hybrid,crop_centered,0.5931784427704433,0.41842798079650123,1.8016671470305063,0.6555232704687651,-0.027028114725012875,-0.20177857669895494,-2.897014774695089,3.7338707362880914,3.31544275549159,0.1,58.0,3.0,,,
South Buganda,2020,first_season,sweet_potatoes,4,ridge,hybrid,crop_centered,3.666537379696348,5.006184661594509,1.8016671470305063,6.5300697168629425,-1.5453539576080226,-0.20570667570986156,1.690741906102919,8.321627417086098,3.31544275549159,0.1,58.0,3.0,,,
South Buganda,2020,second_season,beans,4,ridge,hybrid,crop_centered,1.1321807165247713,0.6625488912615654,1.8016671470305063,0.7725881369501938,0.36871181301251343,-0.10092001225069247,-2.652893864230025,3.9779916467531553,3.31544275549159,0.1,58.0,3.0,,,
South Buganda,2020,second_season,groundnuts,4,ridge,hybrid,crop_centered,1.0649682679639256,0.4151513686763782,1.8016671470305063,0.5479446238104857,0.5461054810615691,-0.10371141822597835,-2.900291386815212,3.7305941241679683,3.31544275549159,0.1,58.0,3.0,,,
South Buganda,2020,second_season,irish_potatoes,4,ridge,hybrid,crop_centered,6.759325459944138,4.410028143472531,1.8016671470305063,4.047210229393464,2.242875134344807,-0.1064221821268001,1.094585387980941,7.725470898964121,3.31544275549159,0.1,58.0,3.0,,,
South Buganda,2020,second_season,maize,4,ridge,hybrid,crop_centered,2.314641460829224,2.602679305242086,1.8016671470305063,2.6412707918169636,-0.39174926263884036,-0.1037114182259784,-0.7127634502495042,5.918122060733676,3.31544275549159,0.1,58.0,3.0,,,
South Buganda,2020,second_season,millet,4,ridge,hybrid,crop_centered,0.721953108076217,0.5010468501307703,1.8016671470305063,0.5738783706046435,0.12255327879305933,-0.09835297915238739,-2.81439590536082,3.8164896056223605,3.31544275549159,0.1,58.0,3.0,,,
South Buganda,2020,second_season,sorghum,4,ridge,hybrid,crop_centered,3.5799019725152155,1.3601506097569778,1.8016671470305063,1.3361928120558897,2.1160399445322593,-0.1037114182259784,-1.9552921457346124,4.675593365248568,3.31544275549159,0.1,58.0,3.0,,,
South Buganda,2020,second_season,sweet_potatoes,4,ridge,hybrid,crop_centered,6.065522206096139,5.110832435937393,1.8016671470305063,6.5300697168629425,0.8536308687917682,-0.1010589013669776,1.795389680445803,8.426275191428983,3.31544275549159,0.1,58.0,3.0,,,
Bunyoro,2020,first_season,beans,5,ridge,hybrid,crop_centered,0.8260947143833511,-0.024442995338215923,2.0664785772522087,0.7821426946020412,0.03873473917854975,-0.8118029705430173,-4.632550810789601,4.583664820113169,4.608107815451385,0.1,52.0,3.0,,,
Bunyoro,2020,first_season,groundnuts,5,ridge,hybrid,crop_centered,0.6650306538588546,-0.24421168762623813,2.0664785772522087,0.5656278431447842,0.09612005614549968,-0.8131222853395931,-4.852319503077624,4.3638961278251465,4.608107815451385,0.1,52.0,3.0,,,
Bunyoro,2020,first_season,irish_potatoes,5,ridge,hybrid,crop_centered,2.220589656235262,3.687351998268669,2.0664785772522087,4.7812646841975734,-2.3097830818165104,-0.8430207397831033,-0.9207558171827159,8.295459813720054,4.608107815451385,0.1,52.0,3.0,,,
Bunyoro,2020,first_season,maize,5,ridge,hybrid,crop_centered,2.3426553850030096,1.438742304650972,2.0664785772522087,2.4053055087174147,0.09079079501244447,-0.8131222853395932,-3.169365510800413,6.0468501201023575,4.608107815451385,0.1,52.0,3.0,,,
Bunyoro,2020,first_season,millet,5,ridge,hybrid,crop_centered,0.2753703982834791,-0.2931011722197303,2.0664785772522087,0.6309719027500666,-0.24465071483638368,-0.8131222853395931,-4.901208987671115,4.315006643231655,4.608107815451385,0.1,52.0,3.0,,,
Bunyoro,2020,first_season,rice,5,ridge,hybrid,crop_centered,1.4308437859507233,0.8184085200185504,2.0664785772522087,1.611955233813348,-0.19580303951138167,-0.8082383054435546,-3.789699295432835,5.426516335469936,4.608107815451385,0.1,52.0,3.0,,,
Bunyoro,2020,first_season,simsim,5,ridge,hybrid,crop_centered,0.5005342402042084,-0.3685958003290392,2.0664785772522087,0.42646604553162476,0.0895688744742284,-0.7795611660590193,-4.9767036157804245,4.2395120151223455,4.608107815451385,0.1,52.0,3.0,,,
Bunyoro,2020,first_season,sorghum,5,ridge,hybrid,crop_centered,1.3881045542850072,0.39222668146292683,2.0664785772522087,1.3031889535170247,0.18275558748248732,-0.8131222853395931,-4.215881133988458,5.000334496914312,4.608107815451385,0.1,52.0,3.0,,,
Bunyoro,2020,first_season,soya_beans,5,ridge,hybrid,crop_centered,0.6855186697585186,2.4256247863185405,2.0664785772522087,2.6171380251865526,-2.5483444220035767,-0.8082383054435547,-2.1824830291328445,7.033732601769925,4.608107815451385,0.1,52.0,3.0,,,
Bunyoro,2020,first_season,sweet_potatoes,5,ridge,hybrid,crop_centered,2.0298423975087787,5.937013493644122,2.0664785772522087,6.191142717319159,-4.720293381474937,-0.8131222853395927,1.3289056781927373,10.545121309095506,4.608107815451385,0.1,52.0,3.0,,,
Bunyoro,2020,second_season,beans,5,ridge,hybrid,crop_centered,1.200511704804833,0.2392003568005826,2.0664785772522087,0.7821426946020412,0.41315172960003166,-0.5481596184042188,-4.368907458650803,4.847308172251967,4.608107815451385,0.1,52.0,3.0,,,
Bunyoro,2020,second_season,groundnuts,5,ridge,hybrid,crop_centered,0.7713261452057008,0.01943166451256051,2.0664785772522087,0.5656278431447842,0.2024155474923458,-0.5494789332007944,-4.5886761509388245,4.6275394799639455,4.608107815451385,0.1,52.0,3.0,,,
Bunyoro,2020,second_season,irish_potatoes,5,ridge,hybrid,crop_centered,2.6451990178871103,3.9509953504074677,2.0664785772522087,4.7812646841975734,-1.8851737201646621,-0.5793773876443047,-0.6571124650439173,8.559103165858852,4.608107815451385,0.1,52.0,3.0,,,
Bunyoro,2020,second_season,maize,5,ridge,hybrid,crop_centered,3.0549264654046246,1.7023856567897706,2.0664785772522087,2.4053055087174147,0.8030618754140595,-0.5494789332007946,-2.9057221586616144,6.310493472241156,4.608107815451385,0.1,52.0,3.0,,,
Bunyoro,2020,second_season,millet,5,ridge,hybrid,crop_centered,0.4212512776206598,-0.029457820080931785,2.0664785772522087,0.6309719027500666,-0.09876983549920298,-0.5494789332007946,-4.637565635532317,4.578649995370453,4.608107815451385,0.1,52.0,3.0,,,
Bunyoro,2020,second_season,rice,5,ridge,hybrid,crop_centered,1.6224963809696238,1.0820518721573489,2.0664785772522087,1.611955233813348,-0.004150444492481142,-0.544594953304756,-3.526055943294036,5.690159687608734,4.608107815451385,0.1,52.0,3.0,,,
Bunyoro,2020,second_season,sorghum,5,ridge,hybrid,crop_centered,0.8920114348791089,0.6558700336017255,2.0664785772522087,1.3031889535170247,-0.31333753192341096,-0.5494789332007944,-3.9522377818496595,5.26397784905311,4.608107815451385,0.1,52.0,3.0,,,
Bunyoro,2020,second_season,soya_beans,5,ridge,hybrid,crop_centered,0.7040260876893635,2.689268138457339,2.0664785772522087,2.6171380251865526,-2.5298370040727316,-0.544594953304756,-1.918839676994046,7.297375953908724,4.608107815451385,0.1,52.0,3.0,,,
Bunyoro,2020,second_season,sweet_potatoes,5,ridge,hybrid,crop_centered,8.162182280896847,6.2006568457829205,2.0664785772522087,6.191142717319159,1.4120465019131316,-0.5494789332007946,1.5925490303315355,10.808764661234306,4.608107815451385,0.1,52.0,3.0,,,
Karamoja,2020,first_season,beans,5,ridge,hybrid,crop_centered,0.5422885207412549,-0.7171416509704728,2.0664785772522087,0.7821426946020412,-0.2450714544635465,-1.5045016261752742,-5.325249466421858,3.890966164480912,4.608107815451385,0.1,52.0,3.0,,,
Karamoja,2020,first_season,groundnuts,5,ridge,hybrid,crop_centered,0.5747979489963491,-0.936910343258495,2.0664785772522087,0.5656278431447842,0.005887351282994113,-1.50582094097185,-5.54501815870988,3.67119747219289,4.608107815451385,0.1,52.0,3.0,,,
Karamoja,2020,first_season,maize,5,ridge,hybrid,crop_centered,1.2175480596073385,0.7460436490187152,2.0664785772522087,2.4053055087174147,-1.0343165303832267,-1.50582094097185,-3.8620641664326696,5.3541514644701005,4.608107815451385,0.1,52.0,3.0,,,
Karamoja,2020,first_season,millet,5,ridge,hybrid,crop_centered,0.2665642826776189,-0.9857998278519872,2.0664785772522087,0.6309719027500666,-0.2534568304422439,-1.50582094097185,-5.593907643303372,3.622307987599398,4.608107815451385,0.1,52.0,3.0,,,
Karamoja,2020,first_season,rice,5,ridge,hybrid,crop_centered,1.5488549025864504,0.1257098643862935,2.0664785772522087,1.611955233813348,-0.0777919228756545,-1.5009369610758114,-4.482397951065091,4.733817679837679,4.608107815451385,0.1,52.0,3.0,,,
Karamoja,2020,first_season,simsim,5,ridge,hybrid,crop_centered,0.2487265028776165,-1.061294455961296,2.0664785772522087,0.42646604553162476,-0.16223886285236355,-1.4722598216912761,-5.669402271412681,3.546813359490089,4.608107815451385,0.1,52.0,3.0,,,
Karamoja,2020,first_season,sorghum,5,ridge,hybrid,crop_centered,0.6347991969213849,-0.30047197416933,2.0664785772522087,1.3031889535170247,-0.570549769881135,-1.50582094097185,-4.908579789620715,4.307635841282055,4.608107815451385,0.1,52.0,3.0,,,
Karamoja,2020,first_season,soya_beans,5,ridge,hybrid,crop_centered,0.5697981563805337,1.7329261306862838,2.0664785772522087,2.6171380251865526,-2.6640649353815613,-1.5009369610758114,-2.875181684765101,6.341033946137669,4.608107815451385,0.1,52.0,3.0,,,
Karamoja,2020,second_season,groundnuts,5,ridge,hybrid,crop_centered,0.1047330767226874,-0.6397124169299454,2.0664785772522087,0.5656278431447842,-0.46417752099066756,-1.2086230146433004,-5.24782023238133,3.9683953985214395,4.608107815451385,0.1,52.0,3.0,,,
Karamoja,2020,second_season,maize,5,ridge,hybrid,crop_centered,7.244065383360269,1.0432415753472648,2.0664785772522087,2.4053055087174147,4.992200793369704,-1.2086230146433004,-3.56486624010412,5.65134939079865,4.608107815451385,0.1,52.0,3.0,,,
Karamoja,2020,second_season,millet,5,ridge,hybrid,crop_centered,0.349296866505584,-0.6886019015234376,2.0664785772522087,0.6309719027500666,-0.17072424661427876,-1.2086230146433004,-5.2967097169748225,3.9195059139279476,4.608107815451385,0.1,52.0,3.0,,,
Karamoja,2020,second_season,sorghum,5,ridge,hybrid,crop_centered,2.480616112563021,-0.0032740478407804474,2.0664785772522087,1.3031889535170247,1.2752671457605012,-1.2086230146433004,-4.6113818632921655,4.604833767610605,4.608107815451385,0.1,52.0,3.0,,,
Acholi,2020,first_season,beans,1,training_global_mean,baseline,raw,0.8570862730857126,2.1075068827579884,2.1075068827579884,0.7986540097128687,0.8570862730857126,2.1075068827579884,,,,,,,True,False,none
Acholi,2020,first_season,groundnuts,1,training_global_mean,baseline,raw,0.579730411471064,2.1075068827579884,2.1075068827579884,0.5687183500759414,0.579730411471064,2.1075068827579884,,,,,,,True,False,none
Acholi,2020,first_season,maize,1,training_global_mean,baseline,raw,1.6268858066002263,2.1075068827579884,2.1075068827579884,2.7363424889537766,1.6268858066002263,2.1075068827579884,,,,,,,True,False,none
Acholi,2020,first_season,millet,1,training_global_mean,baseline,raw,0.2602112569707439,2.1075068827579884,2.1075068827579884,0.6354044224045948,0.2602112569707439,2.1075068827579884,,,,,,,True,False,none
Acholi,2020,first_season,rice,1,training_global_mean,baseline,raw,1.8354492390020587,2.1075068827579884,2.1075068827579884,1.7589076363956022,1.8354492390020587,2.1075068827579884,,,,,,,True,False,none
Acholi,2020,first_season,simsim,1,training_global_mean,baseline,raw,0.2405641336366695,2.1075068827579884,2.1075068827579884,0.3999465592781099,0.2405641336366695,2.1075068827579884,,,,,,,True,False,none
Acholi,2020,first_season,sorghum,1,training_global_mean,baseline,raw,0.7136992535711828,2.1075068827579884,2.1075068827579884,1.3246497888304674,0.7136992535711828,2.1075068827579884,,,,,,,True,False,none
Acholi,2020,first_season,soya_beans,1,training_global_mean,baseline,raw,1.0958248492916711,2.1075068827579884,2.1075068827579884,2.930292181557787,1.0958248492916711,2.1075068827579884,,,,,,,True,False,none
Acholi,2020,first_season,sweet_potatoes,1,training_global_mean,baseline,raw,7.360751879011887,2.1075068827579884,2.1075068827579884,5.983658411491209,7.360751879011887,2.1075068827579884,,,,,,,True,False,none
Acholi,2020,second_season,beans,1,training_global_mean,baseline,raw,0.8791468943891129,2.1075068827579884,2.1075068827579884,0.7986540097128687,0.8791468943891129,2.1075068827579884,,,,,,,True,False,none
Acholi,2020,second_season,groundnuts,1,training_global_mean,baseline,raw,0.774283389787513,2.1075068827579884,2.1075068827579884,0.5687183500759414,0.774283389787513,2.1075068827579884,,,,,,,True,False,none
Acholi,2020,second_season,maize,1,training_global_mean,baseline,raw,1.9919193221111424,2.1075068827579884,2.1075068827579884,2.7363424889537766,1.9919193221111424,2.1075068827579884,,,,,,,True,False,none
Acholi,2020,second_season,millet,1,training_global_mean,baseline,raw,0.3783444913194841,2.1075068827579884,2.1075068827579884,0.6354044224045948,0.3783444913194841,2.1075068827579884,,,,,,,True,False,none
Acholi,2020,second_season,rice,1,training_global_mean,baseline,raw,0.8047415933139703,2.1075068827579884,2.1075068827579884,1.7589076363956022,0.8047415933139703,2.1075068827579884,,,,,,,True,False,none
Acholi,2020,second_season,simsim,1,training_global_mean,baseline,raw,0.3592611565204056,2.1075068827579884,2.1075068827579884,0.3999465592781099,0.3592611565204056,2.1075068827579884,,,,,,,True,False,none
Acholi,2020,second_season,sorghum,1,training_global_mean,baseline,raw,1.0529020128934117,2.1075068827579884,2.1075068827579884,1.3246497888304674,1.0529020128934117,2.1075068827579884,,,,,,,True,False,none
Acholi,2020,second_season,soya_beans,1,training_global_mean,baseline,raw,0.8621074636111007,2.1075068827579884,2.1075068827579884,2.930292181557787,0.8621074636111007,2.1075068827579884,,,,,,,True,False,none
Acholi,2020,second_season,sweet_potatoes,1,training_global_mean,baseline,raw,14.728567574673178,2.1075068827579884,2.1075068827579884,5.983658411491209,14.728567574673178,2.1075068827579884,,,,,,,True,False,none
North Buganda,2020,first_season,beans,1,training_global_mean,baseline,raw,0.6433017110440628,2.1075068827579884,2.1075068827579884,0.7986540097128687,0.6433017110440628,2.1075068827579884,,,,,,,True,False,none
North Buganda,2020,first_season,groundnuts,1,training_global_mean,baseline,raw,0.4198664546099319,2.1075068827579884,2.1075068827579884,0.5687183500759414,0.4198664546099319,2.1075068827579884,,,,,,,True,False,none
North Buganda,2020,first_season,irish_potatoes,1,training_global_mean,baseline,raw,3.149663292713082,2.1075068827579884,2.1075068827579884,4.440832751461744,3.149663292713082,2.1075068827579884,,,,,,,True,False,none
North Buganda,2020,first_season,maize,1,training_global_mean,baseline,raw,2.169407944352197,2.1075068827579884,2.1075068827579884,2.7363424889537766,2.169407944352197,2.1075068827579884,,,,,,,True,False,none
North Buganda,2020,first_season,millet,1,training_global_mean,baseline,raw,0.493228260930458,2.1075068827579884,2.1075068827579884,0.6354044224045948,0.493228260930458,2.1075068827579884,,,,,,,True,False,none
North Buganda,2020,first_season,rice,1,training_global_mean,baseline,raw,1.0029754145357688,2.1075068827579884,2.1075068827579884,1.7589076363956022,1.0029754145357688,2.1075068827579884,,,,,,,True,False,none
North Buganda,2020,first_season,simsim,1,training_global_mean,baseline,raw,0.1854698986731419,2.1075068827579884,2.1075068827579884,0.3999465592781099,0.1854698986731419,2.1075068827579884,,,,,,,True,False,none
North Buganda,2020,first_season,sorghum,1,training_global_mean,baseline,raw,0.0988630737950738,2.1075068827579884,2.1075068827579884,1.3246497888304674,0.0988630737950738,2.1075068827579884,,,,,,,True,False,none
North Buganda,2020,first_season,soya_beans,1,training_global_mean,baseline,raw,0.4702301599548245,2.1075068827579884,2.1075068827579884,2.930292181557787,0.4702301599548245,2.1075068827579884,,,,,,,True,False,none
North Buganda,2020,first_season,sweet_potatoes,1,training_global_mean,baseline,raw,2.687525566046792,2.1075068827579884,2.1075068827579884,5.983658411491209,2.687525566046792,2.1075068827579884,,,,,,,True,False,none
North Buganda,2020,second_season,beans,1,training_global_mean,baseline,raw,0.9823435270848496,2.1075068827579884,2.1075068827579884,0.7986540097128687,0.9823435270848496,2.1075068827579884,,,,,,,True,False,none
North Buganda,2020,second_season,groundnuts,1,training_global_mean,baseline,raw,0.6052217822979895,2.1075068827579884,2.1075068827579884,0.5687183500759414,0.6052217822979895,2.1075068827579884,,,,,,,True,False,none
North Buganda,2020,second_season,irish_potatoes,1,training_global_mean,baseline,raw,6.482172439710905,2.1075068827579884,2.1075068827579884,4.440832751461744,6.482172439710905,2.1075068827579884,,,,,,,True,False,none
North Buganda,2020,second_season,maize,1,training_global_mean,baseline,raw,2.6867403311215865,2.1075068827579884,2.1075068827579884,2.7363424889537766,2.6867403311215865,2.1075068827579884,,,,,,,True,False,none
North Buganda,2020,second_season,millet,1,training_global_mean,baseline,raw,0.7672214167665391,2.1075068827579884,2.1075068827579884,0.6354044224045948,0.7672214167665391,2.1075068827579884,,,,,,,True,False,none
North Buganda,2020,second_season,rice,1,training_global_mean,baseline,raw,0.7664154644961585,2.1075068827579884,2.1075068827579884,1.7589076363956022,0.7664154644961585,2.1075068827579884,,,,,,,True,False,none
North Buganda,2020,second_season,simsim,1,training_global_mean,baseline,raw,1.0617776543409592,2.1075068827579884,2.1075068827579884,0.3999465592781099,1.0617776543409592,2.1075068827579884,,,,,,,True,False,none
North Buganda,2020,second_season,sorghum,1,training_global_mean,baseline,raw,3.8791100754366425,2.1075068827579884,2.1075068827579884,1.3246497888304674,3.8791100754366425,2.1075068827579884,,,,,,,True,False,none
North Buganda,2020,second_season,soya_beans,1,training_global_mean,baseline,raw,0.4386972792209299,2.1075068827579884,2.1075068827579884,2.930292181557787,0.4386972792209299,2.1075068827579884,,,,,,,True,False,none
North Buganda,2020,second_season,sweet_potatoes,1,training_global_mean,baseline,raw,6.9509363188894655,2.1075068827579884,2.1075068827579884,5.983658411491209,6.9509363188894655,2.1075068827579884,,,,,,,True,False,none
Teso,2020,first_season,beans,1,training_global_mean,baseline,raw,0.4787820909269001,2.1075068827579884,2.1075068827579884,0.7986540097128687,0.4787820909269001,2.1075068827579884,,,,,,,True,False,none
Teso,2020,first_season,groundnuts,1,training_global_mean,baseline,raw,0.3687334249789069,2.1075068827579884,2.1075068827579884,0.5687183500759414,0.3687334249789069,2.1075068827579884,,,,,,,True,False,none
Teso,2020,first_season,maize,1,training_global_mean,baseline,raw,1.3718829183654722,2.1075068827579884,2.1075068827579884,2.7363424889537766,1.3718829183654722,2.1075068827579884,,,,,,,True,False,none
Teso,2020,first_season,millet,1,training_global_mean,baseline,raw,0.2266117956037198,2.1075068827579884,2.1075068827579884,0.6354044224045948,0.2266117956037198,2.1075068827579884,,,,,,,True,False,none
Teso,2020,first_season,rice,1,training_global_mean,baseline,raw,1.3123638688539283,2.1075068827579884,2.1075068827579884,1.7589076363956022,1.3123638688539283,2.1075068827579884,,,,,,,True,False,none
Teso,2020,first_season,simsim,1,training_global_mean,baseline,raw,0.3758526836726521,2.1075068827579884,2.1075068827579884,0.3999465592781099,0.3758526836726521,2.1075068827579884,,,,,,,True,False,none
Teso,2020,first_season,sorghum,1,training_global_mean,baseline,raw,0.6439380500075159,2.1075068827579884,2.1075068827579884,1.3246497888304674,0.6439380500075159,2.1075068827579884,,,,,,,True,False,none
Teso,2020,first_season,soya_beans,1,training_global_mean,baseline,raw,0.4286664418152572,2.1075068827579884,2.1075068827579884,2.930292181557787,0.4286664418152572,2.1075068827579884,,,,,,,True,False,none
Teso,2020,first_season,sweet_potatoes,1,training_global_mean,baseline,raw,2.3919434486183864,2.1075068827579884,2.1075068827579884,5.983658411491209,2.3919434486183864,2.1075068827579884,,,,,,,True,False,none
Teso,2020,second_season,beans,1,training_global_mean,baseline,raw,0.7279249098775472,2.1075068827579884,2.1075068827579884,0.7986540097128687,0.7279249098775472,2.1075068827579884,,,,,,,True,False,none
Teso,2020,second_season,groundnuts,1,training_global_mean,baseline,raw,0.4313168954422955,2.1075068827579884,2.1075068827579884,0.5687183500759414,0.4313168954422955,2.1075068827579884,,,,,,,True,False,none
Teso,2020,second_season,maize,1,training_global_mean,baseline,raw,1.540156423059482,2.1075068827579884,2.1075068827579884,2.7363424889537766,1.540156423059482,2.1075068827579884,,,,,,,True,False,none
Teso,2020,second_season,millet,1,training_global_mean,baseline,raw,0.3557264962514397,2.1075068827579884,2.1075068827579884,0.6354044224045948,0.3557264962514397,2.1075068827579884,,,,,,,True,False,none
Teso,2020,second_season,rice,1,training_global_mean,baseline,raw,1.0709719442643844,2.1075068827579884,2.1075068827579884,1.7589076363956022,1.0709719442643844,2.1075068827579884,,,,,,,True,False,none
Teso,2020,second_season,simsim,1,training_global_mean,baseline,raw,0.6034722059137033,2.1075068827579884,2.1075068827579884,0.3999465592781099,0.6034722059137033,2.1075068827579884,,,,,,,True,False,none
Teso,2020,second_season,sorghum,1,training_global_mean,baseline,raw,1.141258363083009,2.1075068827579884,2.1075068827579884,1.3246497888304674,1.141258363083009,2.1075068827579884,,,,,,,True,False,none
Teso,2020,second_season,soya_beans,1,training_global_mean,baseline,raw,0.5653018244408415,2.1075068827579884,2.1075068827579884,2.930292181557787,0.5653018244408415,2.1075068827579884,,,,,,,True,False,none
Teso,2020,second_season,sweet_potatoes,1,training_global_mean,baseline,raw,4.986556877001546,2.1075068827579884,2.1075068827579884,5.983658411491209,4.986556877001546,2.1075068827579884,,,,,,,True,False,none
Acholi,2020,first_season,beans,1,training_crop_mean,baseline,raw,0.8570862730857126,0.7986540097128687,2.1075068827579884,0.7986540097128687,0.8570862730857126,0.7986540097128687,,,,,,,True,False,none
Acholi,2020,first_season,groundnuts,1,training_crop_mean,baseline,raw,0.579730411471064,0.5687183500759414,2.1075068827579884,0.5687183500759414,0.579730411471064,0.5687183500759414,,,,,,,True,False,none
Acholi,2020,first_season,maize,1,training_crop_mean,baseline,raw,1.6268858066002263,2.7363424889537766,2.1075068827579884,2.7363424889537766,1.6268858066002263,2.7363424889537766,,,,,,,True,False,none
Acholi,2020,first_season,millet,1,training_crop_mean,baseline,raw,0.2602112569707439,0.6354044224045948,2.1075068827579884,0.6354044224045948,0.2602112569707439,0.6354044224045948,,,,,,,True,False,none
Acholi,2020,first_season,rice,1,training_crop_mean,baseline,raw,1.8354492390020587,1.7589076363956022,2.1075068827579884,1.7589076363956022,1.8354492390020587,1.7589076363956022,,,,,,,True,False,none
Acholi,2020,first_season,simsim,1,training_crop_mean,baseline,raw,0.2405641336366695,0.3999465592781099,2.1075068827579884,0.3999465592781099,0.2405641336366695,0.3999465592781099,,,,,,,True,False,none
Acholi,2020,first_season,sorghum,1,training_crop_mean,baseline,raw,0.7136992535711828,1.3246497888304674,2.1075068827579884,1.3246497888304674,0.7136992535711828,1.3246497888304674,,,,,,,True,False,none
Acholi,2020,first_season,soya_beans,1,training_crop_mean,baseline,raw,1.0958248492916711,2.930292181557787,2.1075068827579884,2.930292181557787,1.0958248492916711,2.930292181557787,,,,,,,True,False,none
Acholi,2020,first_season,sweet_potatoes,1,training_crop_mean,baseline,raw,7.360751879011887,5.983658411491209,2.1075068827579884,5.983658411491209,7.360751879011887,5.983658411491209,,,,,,,True,False,none
Acholi,2020,second_season,beans,1,training_crop_mean,baseline,raw,0.8791468943891129,0.7986540097128687,2.1075068827579884,0.7986540097128687,0.8791468943891129,0.7986540097128687,,,,,,,True,False,none
Acholi,2020,second_season,groundnuts,1,training_crop_mean,baseline,raw,0.774283389787513,0.5687183500759414,2.1075068827579884,0.5687183500759414,0.774283389787513,0.5687183500759414,,,,,,,True,False,none
Acholi,2020,second_season,maize,1,training_crop_mean,baseline,raw,1.9919193221111424,2.7363424889537766,2.1075068827579884,2.7363424889537766,1.9919193221111424,2.7363424889537766,,,,,,,True,False,none
Acholi,2020,second_season,millet,1,training_crop_mean,baseline,raw,0.3783444913194841,0.6354044224045948,2.1075068827579884,0.6354044224045948,0.3783444913194841,0.6354044224045948,,,,,,,True,False,none
Acholi,2020,second_season,rice,1,training_crop_mean,baseline,raw,0.8047415933139703,1.7589076363956022,2.1075068827579884,1.7589076363956022,0.8047415933139703,1.7589076363956022,,,,,,,True,False,none
Acholi,2020,second_season,simsim,1,training_crop_mean,baseline,raw,0.3592611565204056,0.3999465592781099,2.1075068827579884,0.3999465592781099,0.3592611565204056,0.3999465592781099,,,,,,,True,False,none
Acholi,2020,second_season,sorghum,1,training_crop_mean,baseline,raw,1.0529020128934117,1.3246497888304674,2.1075068827579884,1.3246497888304674,1.0529020128934117,1.3246497888304674,,,,,,,True,False,none
Acholi,2020,second_season,soya_beans,1,training_crop_mean,baseline,raw,0.8621074636111007,2.930292181557787,2.1075068827579884,2.930292181557787,0.8621074636111007,2.930292181557787,,,,,,,True,False,none
Acholi,2020,second_season,sweet_potatoes,1,training_crop_mean,baseline,raw,14.728567574673178,5.983658411491209,2.1075068827579884,5.983658411491209,14.728567574673178,5.983658411491209,,,,,,,True,False,none
North Buganda,2020,first_season,beans,1,training_crop_mean,baseline,raw,0.6433017110440628,0.7986540097128687,2.1075068827579884,0.7986540097128687,0.6433017110440628,0.7986540097128687,,,,,,,True,False,none
North Buganda,2020,first_season,groundnuts,1,training_crop_mean,baseline,raw,0.4198664546099319,0.5687183500759414,2.1075068827579884,0.5687183500759414,0.4198664546099319,0.5687183500759414,,,,,,,True,False,none
North Buganda,2020,first_season,irish_potatoes,1,training_crop_mean,baseline,raw,3.149663292713082,4.440832751461744,2.1075068827579884,4.440832751461744,3.149663292713082,4.440832751461744,,,,,,,True,False,none
North Buganda,2020,first_season,maize,1,training_crop_mean,baseline,raw,2.169407944352197,2.7363424889537766,2.1075068827579884,2.7363424889537766,2.169407944352197,2.7363424889537766,,,,,,,True,False,none
North Buganda,2020,first_season,millet,1,training_crop_mean,baseline,raw,0.493228260930458,0.6354044224045948,2.1075068827579884,0.6354044224045948,0.493228260930458,0.6354044224045948,,,,,,,True,False,none
North Buganda,2020,first_season,rice,1,training_crop_mean,baseline,raw,1.0029754145357688,1.7589076363956022,2.1075068827579884,1.7589076363956022,1.0029754145357688,1.7589076363956022,,,,,,,True,False,none
North Buganda,2020,first_season,simsim,1,training_crop_mean,baseline,raw,0.1854698986731419,0.3999465592781099,2.1075068827579884,0.3999465592781099,0.1854698986731419,0.3999465592781099,,,,,,,True,False,none
North Buganda,2020,first_season,sorghum,1,training_crop_mean,baseline,raw,0.0988630737950738,1.3246497888304674,2.1075068827579884,1.3246497888304674,0.0988630737950738,1.3246497888304674,,,,,,,True,False,none
North Buganda,2020,first_season,soya_beans,1,training_crop_mean,baseline,raw,0.4702301599548245,2.930292181557787,2.1075068827579884,2.930292181557787,0.4702301599548245,2.930292181557787,,,,,,,True,False,none
North Buganda,2020,first_season,sweet_potatoes,1,training_crop_mean,baseline,raw,2.687525566046792,5.983658411491209,2.1075068827579884,5.983658411491209,2.687525566046792,5.983658411491209,,,,,,,True,False,none
North Buganda,2020,second_season,beans,1,training_crop_mean,baseline,raw,0.9823435270848496,0.7986540097128687,2.1075068827579884,0.7986540097128687,0.9823435270848496,0.7986540097128687,,,,,,,True,False,none
North Buganda,2020,second_season,groundnuts,1,training_crop_mean,baseline,raw,0.6052217822979895,0.5687183500759414,2.1075068827579884,0.5687183500759414,0.6052217822979895,0.5687183500759414,,,,,,,True,False,none
North Buganda,2020,second_season,irish_potatoes,1,training_crop_mean,baseline,raw,6.482172439710905,4.440832751461744,2.1075068827579884,4.440832751461744,6.482172439710905,4.440832751461744,,,,,,,True,False,none
North Buganda,2020,second_season,maize,1,training_crop_mean,baseline,raw,2.6867403311215865,2.7363424889537766,2.1075068827579884,2.7363424889537766,2.6867403311215865,2.7363424889537766,,,,,,,True,False,none
North Buganda,2020,second_season,millet,1,training_crop_mean,baseline,raw,0.7672214167665391,0.6354044224045948,2.1075068827579884,0.6354044224045948,0.7672214167665391,0.6354044224045948,,,,,,,True,False,none
North Buganda,2020,second_season,rice,1,training_crop_mean,baseline,raw,0.7664154644961585,1.7589076363956022,2.1075068827579884,1.7589076363956022,0.7664154644961585,1.7589076363956022,,,,,,,True,False,none
North Buganda,2020,second_season,simsim,1,training_crop_mean,baseline,raw,1.0617776543409592,0.3999465592781099,2.1075068827579884,0.3999465592781099,1.0617776543409592,0.3999465592781099,,,,,,,True,False,none
North Buganda,2020,second_season,sorghum,1,training_crop_mean,baseline,raw,3.8791100754366425,1.3246497888304674,2.1075068827579884,1.3246497888304674,3.8791100754366425,1.3246497888304674,,,,,,,True,False,none
North Buganda,2020,second_season,soya_beans,1,training_crop_mean,baseline,raw,0.4386972792209299,2.930292181557787,2.1075068827579884,2.930292181557787,0.4386972792209299,2.930292181557787,,,,,,,True,False,none
North Buganda,2020,second_season,sweet_potatoes,1,training_crop_mean,baseline,raw,6.9509363188894655,5.983658411491209,2.1075068827579884,5.983658411491209,6.9509363188894655,5.983658411491209,,,,,,,True,False,none
Teso,2020,first_season,beans,1,training_crop_mean,baseline,raw,0.4787820909269001,0.7986540097128687,2.1075068827579884,0.7986540097128687,0.4787820909269001,0.7986540097128687,,,,,,,True,False,none
Teso,2020,first_season,groundnuts,1,training_crop_mean,baseline,raw,0.3687334249789069,0.5687183500759414,2.1075068827579884,0.5687183500759414,0.3687334249789069,0.5687183500759414,,,,,,,True,False,none
Teso,2020,first_season,maize,1,training_crop_mean,baseline,raw,1.3718829183654722,2.7363424889537766,2.1075068827579884,2.7363424889537766,1.3718829183654722,2.7363424889537766,,,,,,,True,False,none
Teso,2020,first_season,millet,1,training_crop_mean,baseline,raw,0.2266117956037198,0.6354044224045948,2.1075068827579884,0.6354044224045948,0.2266117956037198,0.6354044224045948,,,,,,,True,False,none
Teso,2020,first_season,rice,1,training_crop_mean,baseline,raw,1.3123638688539283,1.7589076363956022,2.1075068827579884,1.7589076363956022,1.3123638688539283,1.7589076363956022,,,,,,,True,False,none
Teso,2020,first_season,simsim,1,training_crop_mean,baseline,raw,0.3758526836726521,0.3999465592781099,2.1075068827579884,0.3999465592781099,0.3758526836726521,0.3999465592781099,,,,,,,True,False,none
Teso,2020,first_season,sorghum,1,training_crop_mean,baseline,raw,0.6439380500075159,1.3246497888304674,2.1075068827579884,1.3246497888304674,0.6439380500075159,1.3246497888304674,,,,,,,True,False,none
Teso,2020,first_season,soya_beans,1,training_crop_mean,baseline,raw,0.4286664418152572,2.930292181557787,2.1075068827579884,2.930292181557787,0.4286664418152572,2.930292181557787,,,,,,,True,False,none
Teso,2020,first_season,sweet_potatoes,1,training_crop_mean,baseline,raw,2.3919434486183864,5.983658411491209,2.1075068827579884,5.983658411491209,2.3919434486183864,5.983658411491209,,,,,,,True,False,none
Teso,2020,second_season,beans,1,training_crop_mean,baseline,raw,0.7279249098775472,0.7986540097128687,2.1075068827579884,0.7986540097128687,0.7279249098775472,0.7986540097128687,,,,,,,True,False,none
Teso,2020,second_season,groundnuts,1,training_crop_mean,baseline,raw,0.4313168954422955,0.5687183500759414,2.1075068827579884,0.5687183500759414,0.4313168954422955,0.5687183500759414,,,,,,,True,False,none
Teso,2020,second_season,maize,1,training_crop_mean,baseline,raw,1.540156423059482,2.7363424889537766,2.1075068827579884,2.7363424889537766,1.540156423059482,2.7363424889537766,,,,,,,True,False,none
Teso,2020,second_season,millet,1,training_crop_mean,baseline,raw,0.3557264962514397,0.6354044224045948,2.1075068827579884,0.6354044224045948,0.3557264962514397,0.6354044224045948,,,,,,,True,False,none
Teso,2020,second_season,rice,1,training_crop_mean,baseline,raw,1.0709719442643844,1.7589076363956022,2.1075068827579884,1.7589076363956022,1.0709719442643844,1.7589076363956022,,,,,,,True,False,none
Teso,2020,second_season,simsim,1,training_crop_mean,baseline,raw,0.6034722059137033,0.3999465592781099,2.1075068827579884,0.3999465592781099,0.6034722059137033,0.3999465592781099,,,,,,,True,False,none
Teso,2020,second_season,sorghum,1,training_crop_mean,baseline,raw,1.141258363083009,1.3246497888304674,2.1075068827579884,1.3246497888304674,1.141258363083009,1.3246497888304674,,,,,,,True,False,none
Teso,2020,second_season,soya_beans,1,training_crop_mean,baseline,raw,0.5653018244408415,2.930292181557787,2.1075068827579884,2.930292181557787,0.5653018244408415,2.930292181557787,,,,,,,True,False,none
Teso,2020,second_season,sweet_potatoes,1,training_crop_mean,baseline,raw,4.986556877001546,5.983658411491209,2.1075068827579884,5.983658411491209,4.986556877001546,5.983658411491209,,,,,,,True,False,none
Acholi,2020,first_season,beans,1,training_crop_season_mean,baseline,raw,0.8570862730857126,0.6152788995966595,2.1075068827579884,0.7986540097128687,0.8570862730857126,0.6152788995966595,,,,,,,True,False,none
Acholi,2020,first_season,groundnuts,1,training_crop_season_mean,baseline,raw,0.579730411471064,0.4873740160969893,2.1075068827579884,0.5687183500759414,0.579730411471064,0.4873740160969893,,,,,,,True,False,none
Acholi,2020,first_season,maize,1,training_crop_season_mean,baseline,raw,1.6268858066002263,1.877442125661097,2.1075068827579884,2.7363424889537766,1.6268858066002263,1.877442125661097,,,,,,,True,False,none
Acholi,2020,first_season,millet,1,training_crop_season_mean,baseline,raw,0.2602112569707439,0.526793608978117,2.1075068827579884,0.6354044224045948,0.2602112569707439,0.526793608978117,,,,,,,True,False,none
Acholi,2020,first_season,rice,1,training_crop_season_mean,baseline,raw,1.8354492390020587,1.5877025765646955,2.1075068827579884,1.7589076363956022,1.8354492390020587,1.5877025765646955,,,,,,,True,False,none
Acholi,2020,first_season,simsim,1,training_crop_season_mean,baseline,raw,0.2405641336366695,0.45101945803087806,2.1075068827579884,0.3999465592781099,0.2405641336366695,0.45101945803087806,,,,,,,True,False,none
Acholi,2020,first_season,sorghum,1,training_crop_season_mean,baseline,raw,0.7136992535711828,0.8463261575070677,2.1075068827579884,1.3246497888304674,0.7136992535711828,0.8463261575070677,,,,,,,True,False,none
Acholi,2020,first_season,soya_beans,1,training_crop_season_mean,baseline,raw,1.0958248492916711,0.5558084503848136,2.1075068827579884,2.930292181557787,1.0958248492916711,0.5558084503848136,,,,,,,True,False,none
Acholi,2020,first_season,sweet_potatoes,1,training_crop_season_mean,baseline,raw,7.360751879011887,3.4963347175361243,2.1075068827579884,5.983658411491209,7.360751879011887,3.4963347175361243,,,,,,,True,False,none
Acholi,2020,second_season,beans,1,training_crop_season_mean,baseline,raw,0.8791468943891129,1.0003666308406989,2.1075068827579884,0.7986540097128687,0.8791468943891129,1.0003666308406989,,,,,,,True,False,none
Acholi,2020,second_season,groundnuts,1,training_crop_season_mean,baseline,raw,0.774283389787513,0.6500626840548935,2.1075068827579884,0.5687183500759414,0.774283389787513,0.6500626840548935,,,,,,,True,False,none
Acholi,2020,second_season,maize,1,training_crop_season_mean,baseline,raw,1.9919193221111424,3.595242852246456,2.1075068827579884,2.7363424889537766,1.9919193221111424,3.595242852246456,,,,,,,True,False,none
Acholi,2020,second_season,millet,1,training_crop_season_mean,baseline,raw,0.3783444913194841,0.7548763171737203,2.1075068827579884,0.6354044224045948,0.3783444913194841,0.7548763171737203,,,,,,,True,False,none
Acholi,2020,second_season,rice,1,training_crop_season_mean,baseline,raw,0.8047415933139703,1.9729139611842352,2.1075068827579884,1.7589076363956022,0.8047415933139703,1.9729139611842352,,,,,,,True,False,none
Acholi,2020,second_season,simsim,1,training_crop_season_mean,baseline,raw,0.3592611565204056,0.3318493609410857,2.1075068827579884,0.3999465592781099,0.3592611565204056,0.3318493609410857,,,,,,,True,False,none
Acholi,2020,second_season,sorghum,1,training_crop_season_mean,baseline,raw,1.0529020128934117,1.8029734201538667,2.1075068827579884,1.3246497888304674,1.0529020128934117,1.8029734201538667,,,,,,,True,False,none
Acholi,2020,second_season,soya_beans,1,training_crop_season_mean,baseline,raw,0.8621074636111007,6.195207311920625,2.1075068827579884,2.930292181557787,0.8621074636111007,6.195207311920625,,,,,,,True,False,none
Acholi,2020,second_season,sweet_potatoes,1,training_crop_season_mean,baseline,raw,14.728567574673178,8.470982105446293,2.1075068827579884,5.983658411491209,14.728567574673178,8.470982105446293,,,,,,,True,False,none
North Buganda,2020,first_season,beans,1,training_crop_season_mean,baseline,raw,0.6433017110440628,0.6152788995966595,2.1075068827579884,0.7986540097128687,0.6433017110440628,0.6152788995966595,,,,,,,True,False,none
North Buganda,2020,first_season,groundnuts,1,training_crop_season_mean,baseline,raw,0.4198664546099319,0.4873740160969893,2.1075068827579884,0.5687183500759414,0.4198664546099319,0.4873740160969893,,,,,,,True,False,none
North Buganda,2020,first_season,irish_potatoes,1,training_crop_season_mean,baseline,raw,3.149663292713082,3.145922467119676,2.1075068827579884,4.440832751461744,3.149663292713082,3.145922467119676,,,,,,,True,False,none
North Buganda,2020,first_season,maize,1,training_crop_season_mean,baseline,raw,2.169407944352197,1.877442125661097,2.1075068827579884,2.7363424889537766,2.169407944352197,1.877442125661097,,,,,,,True,False,none
North Buganda,2020,first_season,millet,1,training_crop_season_mean,baseline,raw,0.493228260930458,0.526793608978117,2.1075068827579884,0.6354044224045948,0.493228260930458,0.526793608978117,,,,,,,True,False,none
North Buganda,2020,first_season,rice,1,training_crop_season_mean,baseline,raw,1.0029754145357688,1.5877025765646955,2.1075068827579884,1.7589076363956022,1.0029754145357688,1.5877025765646955,,,,,,,True,False,none
North Buganda,2020,first_season,simsim,1,training_crop_season_mean,baseline,raw,0.1854698986731419,0.45101945803087806,2.1075068827579884,0.3999465592781099,0.1854698986731419,0.45101945803087806,,,,,,,True,False,none
North Buganda,2020,first_season,sorghum,1,training_crop_season_mean,baseline,raw,0.0988630737950738,0.8463261575070677,2.1075068827579884,1.3246497888304674,0.0988630737950738,0.8463261575070677,,,,,,,True,False,none
North Buganda,2020,first_season,soya_beans,1,training_crop_season_mean,baseline,raw,0.4702301599548245,0.5558084503848136,2.1075068827579884,2.930292181557787,0.4702301599548245,0.5558084503848136,,,,,,,True,False,none
North Buganda,2020,first_season,sweet_potatoes,1,training_crop_season_mean,baseline,raw,2.687525566046792,3.4963347175361243,2.1075068827579884,5.983658411491209,2.687525566046792,3.4963347175361243,,,,,,,True,False,none
North Buganda,2020,second_season,beans,1,training_crop_season_mean,baseline,raw,0.9823435270848496,1.0003666308406989,2.1075068827579884,0.7986540097128687,0.9823435270848496,1.0003666308406989,,,,,,,True,False,none
North Buganda,2020,second_season,groundnuts,1,training_crop_season_mean,baseline,raw,0.6052217822979895,0.6500626840548935,2.1075068827579884,0.5687183500759414,0.6052217822979895,0.6500626840548935,,,,,,,True,False,none
North Buganda,2020,second_season,irish_potatoes,1,training_crop_season_mean,baseline,raw,6.482172439710905,5.735743035803812,2.1075068827579884,4.440832751461744,6.482172439710905,5.735743035803812,,,,,,,True,False,none
North Buganda,2020,second_season,maize,1,training_crop_season_mean,baseline,raw,2.6867403311215865,3.595242852246456,2.1075068827579884,2.7363424889537766,2.6867403311215865,3.595242852246456,,,,,,,True,False,none
North Buganda,2020,second_season,millet,1,training_crop_season_mean,baseline,raw,0.7672214167665391,0.7548763171737203,2.1075068827579884,0.6354044224045948,0.7672214167665391,0.7548763171737203,,,,,,,True,False,none
North Buganda,2020,second_season,rice,1,training_crop_season_mean,baseline,raw,0.7664154644961585,1.9729139611842352,2.1075068827579884,1.7589076363956022,0.7664154644961585,1.9729139611842352,,,,,,,True,False,none
North Buganda,2020,second_season,simsim,1,training_crop_season_mean,baseline,raw,1.0617776543409592,0.3318493609410857,2.1075068827579884,0.3999465592781099,1.0617776543409592,0.3318493609410857,,,,,,,True,False,none
North Buganda,2020,second_season,sorghum,1,training_crop_season_mean,baseline,raw,3.8791100754366425,1.8029734201538667,2.1075068827579884,1.3246497888304674,3.8791100754366425,1.8029734201538667,,,,,,,True,False,none
North Buganda,2020,second_season,soya_beans,1,training_crop_season_mean,baseline,raw,0.4386972792209299,6.195207311920625,2.1075068827579884,2.930292181557787,0.4386972792209299,6.195207311920625,,,,,,,True,False,none
North Buganda,2020,second_season,sweet_potatoes,1,training_crop_season_mean,baseline,raw,6.9509363188894655,8.470982105446293,2.1075068827579884,5.983658411491209,6.9509363188894655,8.470982105446293,,,,,,,True,False,none
Teso,2020,first_season,beans,1,training_crop_season_mean,baseline,raw,0.4787820909269001,0.6152788995966595,2.1075068827579884,0.7986540097128687,0.4787820909269001,0.6152788995966595,,,,,,,True,False,none
Teso,2020,first_season,groundnuts,1,training_crop_season_mean,baseline,raw,0.3687334249789069,0.4873740160969893,2.1075068827579884,0.5687183500759414,0.3687334249789069,0.4873740160969893,,,,,,,True,False,none
Teso,2020,first_season,maize,1,training_crop_season_mean,baseline,raw,1.3718829183654722,1.877442125661097,2.1075068827579884,2.7363424889537766,1.3718829183654722,1.877442125661097,,,,,,,True,False,none
Teso,2020,first_season,millet,1,training_crop_season_mean,baseline,raw,0.2266117956037198,0.526793608978117,2.1075068827579884,0.6354044224045948,0.2266117956037198,0.526793608978117,,,,,,,True,False,none
Teso,2020,first_season,rice,1,training_crop_season_mean,baseline,raw,1.3123638688539283,1.5877025765646955,2.1075068827579884,1.7589076363956022,1.3123638688539283,1.5877025765646955,,,,,,,True,False,none
Teso,2020,first_season,simsim,1,training_crop_season_mean,baseline,raw,0.3758526836726521,0.45101945803087806,2.1075068827579884,0.3999465592781099,0.3758526836726521,0.45101945803087806,,,,,,,True,False,none
Teso,2020,first_season,sorghum,1,training_crop_season_mean,baseline,raw,0.6439380500075159,0.8463261575070677,2.1075068827579884,1.3246497888304674,0.6439380500075159,0.8463261575070677,,,,,,,True,False,none
Teso,2020,first_season,soya_beans,1,training_crop_season_mean,baseline,raw,0.4286664418152572,0.5558084503848136,2.1075068827579884,2.930292181557787,0.4286664418152572,0.5558084503848136,,,,,,,True,False,none
Teso,2020,first_season,sweet_potatoes,1,training_crop_season_mean,baseline,raw,2.3919434486183864,3.4963347175361243,2.1075068827579884,5.983658411491209,2.3919434486183864,3.4963347175361243,,,,,,,True,False,none
Teso,2020,second_season,beans,1,training_crop_season_mean,baseline,raw,0.7279249098775472,1.0003666308406989,2.1075068827579884,0.7986540097128687,0.7279249098775472,1.0003666308406989,,,,,,,True,False,none
Teso,2020,second_season,groundnuts,1,training_crop_season_mean,baseline,raw,0.4313168954422955,0.6500626840548935,2.1075068827579884,0.5687183500759414,0.4313168954422955,0.6500626840548935,,,,,,,True,False,none
Teso,2020,second_season,maize,1,training_crop_season_mean,baseline,raw,1.540156423059482,3.595242852246456,2.1075068827579884,2.7363424889537766,1.540156423059482,3.595242852246456,,,,,,,True,False,none
Teso,2020,second_season,millet,1,training_crop_season_mean,baseline,raw,0.3557264962514397,0.7548763171737203,2.1075068827579884,0.6354044224045948,0.3557264962514397,0.7548763171737203,,,,,,,True,False,none
Teso,2020,second_season,rice,1,training_crop_season_mean,baseline,raw,1.0709719442643844,1.9729139611842352,2.1075068827579884,1.7589076363956022,1.0709719442643844,1.9729139611842352,,,,,,,True,False,none
Teso,2020,second_season,simsim,1,training_crop_season_mean,baseline,raw,0.6034722059137033,0.3318493609410857,2.1075068827579884,0.3999465592781099,0.6034722059137033,0.3318493609410857,,,,,,,True,False,none
Teso,2020,second_season,sorghum,1,training_crop_season_mean,baseline,raw,1.141258363083009,1.8029734201538667,2.1075068827579884,1.3246497888304674,1.141258363083009,1.8029734201538667,,,,,,,True,False,none
Teso,2020,second_season,soya_beans,1,training_crop_season_mean,baseline,raw,0.5653018244408415,6.195207311920625,2.1075068827579884,2.930292181557787,0.5653018244408415,6.195207311920625,,,,,,,True,False,none
Teso,2020,second_season,sweet_potatoes,1,training_crop_season_mean,baseline,raw,4.986556877001546,8.470982105446293,2.1075068827579884,5.983658411491209,4.986556877001546,8.470982105446293,,,,,,,True,False,none
Elgon,2020,first_season,beans,2,training_global_mean,baseline,raw,0.6700120852270204,1.954636271112969,1.954636271112969,0.800459608567741,0.6700120852270204,1.954636271112969,,,,,,,True,False,none
Elgon,2020,first_season,groundnuts,2,training_global_mean,baseline,raw,0.4950587775158489,1.954636271112969,1.954636271112969,0.5508650616816889,0.4950587775158489,1.954636271112969,,,,,,,True,False,none
Elgon,2020,first_season,irish_potatoes,2,training_global_mean,baseline,raw,4.522840340241605,1.954636271112969,1.954636271112969,4.160319420588475,4.522840340241605,1.954636271112969,,,,,,,True,False,none
Elgon,2020,first_season,maize,2,training_global_mean,baseline,raw,2.591624259545572,1.954636271112969,1.954636271112969,2.445749569645221,2.591624259545572,1.954636271112969,,,,,,,True,False,none
Elgon,2020,first_season,millet,2,training_global_mean,baseline,raw,0.6858292042822013,1.954636271112969,1.954636271112969,0.588523876879771,0.6858292042822013,1.954636271112969,,,,,,,True,False,none
Elgon,2020,first_season,rice,2,training_global_mean,baseline,raw,2.403967673511646,1.954636271112969,1.954636271112969,1.5849672137717488,2.403967673511646,1.954636271112969,,,,,,,True,False,none
Elgon,2020,first_season,simsim,2,training_global_mean,baseline,raw,1.0133465202105196,1.954636271112969,1.954636271112969,0.4194896280774281,1.0133465202105196,1.954636271112969,,,,,,,True,False,none
Elgon,2020,first_season,sorghum,2,training_global_mean,baseline,raw,2.370934481096649,1.954636271112969,1.954636271112969,1.1729743338682894,2.370934481096649,1.954636271112969,,,,,,,True,False,none
Elgon,2020,first_season,soya_beans,2,training_global_mean,baseline,raw,0.5911363692957547,1.954636271112969,1.954636271112969,2.9108857754523334,0.5911363692957547,1.954636271112969,,,,,,,True,False,none
Elgon,2020,first_season,sweet_potatoes,2,training_global_mean,baseline,raw,3.151255842827831,1.954636271112969,1.954636271112969,5.708455116324331,3.151255842827831,1.954636271112969,,,,,,,True,False,none
Elgon,2020,second_season,beans,2,training_global_mean,baseline,raw,0.653829971282899,1.954636271112969,1.954636271112969,0.800459608567741,0.653829971282899,1.954636271112969,,,,,,,True,False,none
Elgon,2020,second_season,groundnuts,2,training_global_mean,baseline,raw,0.7530910039174339,1.954636271112969,1.954636271112969,0.5508650616816889,0.7530910039174339,1.954636271112969,,,,,,,True,False,none
Elgon,2020,second_season,irish_potatoes,2,training_global_mean,baseline,raw,9.66384795722705,1.954636271112969,1.954636271112969,4.160319420588475,9.66384795722705,1.954636271112969,,,,,,,True,False,none
Elgon,2020,second_season,maize,2,training_global_mean,baseline,raw,3.423349924580549,1.954636271112969,1.954636271112969,2.445749569645221,3.423349924580549,1.954636271112969,,,,,,,True,False,none
Elgon,2020,second_season,rice,2,training_global_mean,baseline,raw,0.9781169963836972,1.954636271112969,1.954636271112969,1.5849672137717488,0.9781169963836972,1.954636271112969,,,,,,,True,False,none
Elgon,2020,second_season,simsim,2,training_global_mean,baseline,raw,0.1853682631467308,1.954636271112969,1.954636271112969,0.4194896280774281,0.1853682631467308,1.954636271112969,,,,,,,True,False,none
Elgon,2020,second_season,sorghum,2,training_global_mean,baseline,raw,3.258267391159824,1.954636271112969,1.954636271112969,1.1729743338682894,3.258267391159824,1.954636271112969,,,,,,,True,False,none
Elgon,2020,second_season,soya_beans,2,training_global_mean,baseline,raw,0.4261906725861129,1.954636271112969,1.954636271112969,2.9108857754523334,0.4261906725861129,1.954636271112969,,,,,,,True,False,none
Elgon,2020,second_season,sweet_potatoes,2,training_global_mean,baseline,raw,3.5591777349294857,1.954636271112969,1.954636271112969,5.708455116324331,3.5591777349294857,1.954636271112969,,,,,,,True,False,none
Lango,2020,first_season,beans,2,training_global_mean,baseline,raw,0.4538514483659436,1.954636271112969,1.954636271112969,0.800459608567741,0.4538514483659436,1.954636271112969,,,,,,,True,False,none
Lango,2020,first_season,groundnuts,2,training_global_mean,baseline,raw,0.3602760666772656,1.954636271112969,1.954636271112969,0.5508650616816889,0.3602760666772656,1.954636271112969,,,,,,,True,False,none
Lango,2020,first_season,maize,2,training_global_mean,baseline,raw,1.5321273000173696,1.954636271112969,1.954636271112969,2.445749569645221,1.5321273000173696,1.954636271112969,,,,,,,True,False,none
Lango,2020,first_season,millet,2,training_global_mean,baseline,raw,0.3245909082180683,1.954636271112969,1.954636271112969,0.588523876879771,0.3245909082180683,1.954636271112969,,,,,,,True,False,none
Lango,2020,first_season,rice,2,training_global_mean,baseline,raw,1.0257917523061892,1.954636271112969,1.954636271112969,1.5849672137717488,1.0257917523061892,1.954636271112969,,,,,,,True,False,none
Lango,2020,first_season,simsim,2,training_global_mean,baseline,raw,0.3598602384189452,1.954636271112969,1.954636271112969,0.4194896280774281,0.3598602384189452,1.954636271112969,,,,,,,True,False,none
Lango,2020,first_season,sorghum,2,training_global_mean,baseline,raw,0.5398912763008505,1.954636271112969,1.954636271112969,1.1729743338682894,0.5398912763008505,1.954636271112969,,,,,,,True,False,none
Lango,2020,first_season,soya_beans,2,training_global_mean,baseline,raw,0.6956216106623382,1.954636271112969,1.954636271112969,2.9108857754523334,0.6956216106623382,1.954636271112969,,,,,,,True,False,none
Lango,2020,first_season,sweet_potatoes,2,training_global_mean,baseline,raw,4.627154243214652,1.954636271112969,1.954636271112969,5.708455116324331,4.627154243214652,1.954636271112969,,,,,,,True,False,none
Lango,2020,second_season,beans,2,training_global_mean,baseline,raw,0.9979898086925608,1.954636271112969,1.954636271112969,0.800459608567741,0.9979898086925608,1.954636271112969,,,,,,,True,False,none
Lango,2020,second_season,groundnuts,2,training_global_mean,baseline,raw,0.6658246650132922,1.954636271112969,1.954636271112969,0.5508650616816889,0.6658246650132922,1.954636271112969,,,,,,,True,False,none
Lango,2020,second_season,maize,2,training_global_mean,baseline,raw,2.9489717758099068,1.954636271112969,1.954636271112969,2.445749569645221,2.9489717758099068,1.954636271112969,,,,,,,True,False,none
Lango,2020,second_season,millet,2,training_global_mean,baseline,raw,0.359162009295794,1.954636271112969,1.954636271112969,0.588523876879771,0.359162009295794,1.954636271112969,,,,,,,True,False,none
Lango,2020,second_season,rice,2,training_global_mean,baseline,raw,1.516949718283846,1.954636271112969,1.954636271112969,1.5849672137717488,1.516949718283846,1.954636271112969,,,,,,,True,False,none
Lango,2020,second_season,simsim,2,training_global_mean,baseline,raw,0.4067343534390761,1.954636271112969,1.954636271112969,0.4194896280774281,0.4067343534390761,1.954636271112969,,,,,,,True,False,none
Lango,2020,second_season,sorghum,2,training_global_mean,baseline,raw,2.142946828492448,1.954636271112969,1.954636271112969,1.1729743338682894,2.142946828492448,1.954636271112969,,,,,,,True,False,none
Lango,2020,second_season,soya_beans,2,training_global_mean,baseline,raw,1.5236675808652385,1.954636271112969,1.954636271112969,2.9108857754523334,1.5236675808652385,1.954636271112969,,,,,,,True,False,none
Lango,2020,second_season,sweet_potatoes,2,training_global_mean,baseline,raw,14.045356396131783,1.954636271112969,1.954636271112969,5.708455116324331,14.045356396131783,1.954636271112969,,,,,,,True,False,none
Tooro,2020,first_season,beans,2,training_global_mean,baseline,raw,0.5714159022282193,1.954636271112969,1.954636271112969,0.800459608567741,0.5714159022282193,1.954636271112969,,,,,,,True,False,none
Tooro,2020,first_season,groundnuts,2,training_global_mean,baseline,raw,0.4788089757102604,1.954636271112969,1.954636271112969,0.5508650616816889,0.4788089757102604,1.954636271112969,,,,,,,True,False,none
Tooro,2020,first_season,irish_potatoes,2,training_global_mean,baseline,raw,2.602443195405729,1.954636271112969,1.954636271112969,4.160319420588475,2.602443195405729,1.954636271112969,,,,,,,True,False,none
Tooro,2020,first_season,maize,2,training_global_mean,baseline,raw,3.0038294115831783,1.954636271112969,1.954636271112969,2.445749569645221,3.0038294115831783,1.954636271112969,,,,,,,True,False,none
Tooro,2020,first_season,millet,2,training_global_mean,baseline,raw,0.4632153663470989,1.954636271112969,1.954636271112969,0.588523876879771,0.4632153663470989,1.954636271112969,,,,,,,True,False,none
Tooro,2020,first_season,rice,2,training_global_mean,baseline,raw,1.3679142770311534,1.954636271112969,1.954636271112969,1.5849672137717488,1.3679142770311534,1.954636271112969,,,,,,,True,False,none
Tooro,2020,first_season,simsim,2,training_global_mean,baseline,raw,0.2778595226860031,1.954636271112969,1.954636271112969,0.4194896280774281,0.2778595226860031,1.954636271112969,,,,,,,True,False,none
Tooro,2020,first_season,sorghum,2,training_global_mean,baseline,raw,0.5962480462055857,1.954636271112969,1.954636271112969,1.1729743338682894,0.5962480462055857,1.954636271112969,,,,,,,True,False,none
Tooro,2020,first_season,soya_beans,2,training_global_mean,baseline,raw,0.4113045140407508,1.954636271112969,1.954636271112969,2.9108857754523334,0.4113045140407508,1.954636271112969,,,,,,,True,False,none
Tooro,2020,first_season,sweet_potatoes,2,training_global_mean,baseline,raw,2.031705860523254,1.954636271112969,1.954636271112969,5.708455116324331,2.031705860523254,1.954636271112969,,,,,,,True,False,none
Tooro,2020,second_season,beans,2,training_global_mean,baseline,raw,1.1835686146592244,1.954636271112969,1.954636271112969,0.800459608567741,1.1835686146592244,1.954636271112969,,,,,,,True,False,none
Tooro,2020,second_season,groundnuts,2,training_global_mean,baseline,raw,0.8188652144271537,1.954636271112969,1.954636271112969,0.5508650616816889,0.8188652144271537,1.954636271112969,,,,,,,True,False,none
Tooro,2020,second_season,irish_potatoes,2,training_global_mean,baseline,raw,5.09052971295232,1.954636271112969,1.954636271112969,4.160319420588475,5.09052971295232,1.954636271112969,,,,,,,True,False,none
Tooro,2020,second_season,maize,2,training_global_mean,baseline,raw,4.280134298861752,1.954636271112969,1.954636271112969,2.445749569645221,4.280134298861752,1.954636271112969,,,,,,,True,False,none
Tooro,2020,second_season,millet,2,training_global_mean,baseline,raw,1.0445138088407484,1.954636271112969,1.954636271112969,0.588523876879771,1.0445138088407484,1.954636271112969,,,,,,,True,False,none
Tooro,2020,second_season,rice,2,training_global_mean,baseline,raw,2.631104714179096,1.954636271112969,1.954636271112969,1.5849672137717488,2.631104714179096,1.954636271112969,,,,,,,True,False,none
Tooro,2020,second_season,simsim,2,training_global_mean,baseline,raw,0.3096258716658019,1.954636271112969,1.954636271112969,0.4194896280774281,0.3096258716658019,1.954636271112969,,,,,,,True,False,none
Tooro,2020,second_season,sorghum,2,training_global_mean,baseline,raw,1.958342814699392,1.954636271112969,1.954636271112969,1.1729743338682894,1.958342814699392,1.954636271112969,,,,,,,True,False,none
Tooro,2020,second_season,soya_beans,2,training_global_mean,baseline,raw,0.5816289868880459,1.954636271112969,1.954636271112969,2.9108857754523334,0.5816289868880459,1.954636271112969,,,,,,,True,False,none
Tooro,2020,second_season,sweet_potatoes,2,training_global_mean,baseline,raw,17.19569748995181,1.954636271112969,1.954636271112969,5.708455116324331,17.19569748995181,1.954636271112969,,,,,,,True,False,none
Elgon,2020,first_season,beans,2,training_crop_mean,baseline,raw,0.6700120852270204,0.800459608567741,1.954636271112969,0.800459608567741,0.6700120852270204,0.800459608567741,,,,,,,True,False,none
Elgon,2020,first_season,groundnuts,2,training_crop_mean,baseline,raw,0.4950587775158489,0.5508650616816889,1.954636271112969,0.5508650616816889,0.4950587775158489,0.5508650616816889,,,,,,,True,False,none
Elgon,2020,first_season,irish_potatoes,2,training_crop_mean,baseline,raw,4.522840340241605,4.160319420588475,1.954636271112969,4.160319420588475,4.522840340241605,4.160319420588475,,,,,,,True,False,none
Elgon,2020,first_season,maize,2,training_crop_mean,baseline,raw,2.591624259545572,2.445749569645221,1.954636271112969,2.445749569645221,2.591624259545572,2.445749569645221,,,,,,,True,False,none
Elgon,2020,first_season,millet,2,training_crop_mean,baseline,raw,0.6858292042822013,0.588523876879771,1.954636271112969,0.588523876879771,0.6858292042822013,0.588523876879771,,,,,,,True,False,none
Elgon,2020,first_season,rice,2,training_crop_mean,baseline,raw,2.403967673511646,1.5849672137717488,1.954636271112969,1.5849672137717488,2.403967673511646,1.5849672137717488,,,,,,,True,False,none
Elgon,2020,first_season,simsim,2,training_crop_mean,baseline,raw,1.0133465202105196,0.4194896280774281,1.954636271112969,0.4194896280774281,1.0133465202105196,0.4194896280774281,,,,,,,True,False,none
Elgon,2020,first_season,sorghum,2,training_crop_mean,baseline,raw,2.370934481096649,1.1729743338682894,1.954636271112969,1.1729743338682894,2.370934481096649,1.1729743338682894,,,,,,,True,False,none
Elgon,2020,first_season,soya_beans,2,training_crop_mean,baseline,raw,0.5911363692957547,2.9108857754523334,1.954636271112969,2.9108857754523334,0.5911363692957547,2.9108857754523334,,,,,,,True,False,none
Elgon,2020,first_season,sweet_potatoes,2,training_crop_mean,baseline,raw,3.151255842827831,5.708455116324331,1.954636271112969,5.708455116324331,3.151255842827831,5.708455116324331,,,,,,,True,False,none
Elgon,2020,second_season,beans,2,training_crop_mean,baseline,raw,0.653829971282899,0.800459608567741,1.954636271112969,0.800459608567741,0.653829971282899,0.800459608567741,,,,,,,True,False,none
Elgon,2020,second_season,groundnuts,2,training_crop_mean,baseline,raw,0.7530910039174339,0.5508650616816889,1.954636271112969,0.5508650616816889,0.7530910039174339,0.5508650616816889,,,,,,,True,False,none
Elgon,2020,second_season,irish_potatoes,2,training_crop_mean,baseline,raw,9.66384795722705,4.160319420588475,1.954636271112969,4.160319420588475,9.66384795722705,4.160319420588475,,,,,,,True,False,none
Elgon,2020,second_season,maize,2,training_crop_mean,baseline,raw,3.423349924580549,2.445749569645221,1.954636271112969,2.445749569645221,3.423349924580549,2.445749569645221,,,,,,,True,False,none
Elgon,2020,second_season,rice,2,training_crop_mean,baseline,raw,0.9781169963836972,1.5849672137717488,1.954636271112969,1.5849672137717488,0.9781169963836972,1.5849672137717488,,,,,,,True,False,none
Elgon,2020,second_season,simsim,2,training_crop_mean,baseline,raw,0.1853682631467308,0.4194896280774281,1.954636271112969,0.4194896280774281,0.1853682631467308,0.4194896280774281,,,,,,,True,False,none
Elgon,2020,second_season,sorghum,2,training_crop_mean,baseline,raw,3.258267391159824,1.1729743338682894,1.954636271112969,1.1729743338682894,3.258267391159824,1.1729743338682894,,,,,,,True,False,none
Elgon,2020,second_season,soya_beans,2,training_crop_mean,baseline,raw,0.4261906725861129,2.9108857754523334,1.954636271112969,2.9108857754523334,0.4261906725861129,2.9108857754523334,,,,,,,True,False,none
Elgon,2020,second_season,sweet_potatoes,2,training_crop_mean,baseline,raw,3.5591777349294857,5.708455116324331,1.954636271112969,5.708455116324331,3.5591777349294857,5.708455116324331,,,,,,,True,False,none
Lango,2020,first_season,beans,2,training_crop_mean,baseline,raw,0.4538514483659436,0.800459608567741,1.954636271112969,0.800459608567741,0.4538514483659436,0.800459608567741,,,,,,,True,False,none
Lango,2020,first_season,groundnuts,2,training_crop_mean,baseline,raw,0.3602760666772656,0.5508650616816889,1.954636271112969,0.5508650616816889,0.3602760666772656,0.5508650616816889,,,,,,,True,False,none
Lango,2020,first_season,maize,2,training_crop_mean,baseline,raw,1.5321273000173696,2.445749569645221,1.954636271112969,2.445749569645221,1.5321273000173696,2.445749569645221,,,,,,,True,False,none
Lango,2020,first_season,millet,2,training_crop_mean,baseline,raw,0.3245909082180683,0.588523876879771,1.954636271112969,0.588523876879771,0.3245909082180683,0.588523876879771,,,,,,,True,False,none
Lango,2020,first_season,rice,2,training_crop_mean,baseline,raw,1.0257917523061892,1.5849672137717488,1.954636271112969,1.5849672137717488,1.0257917523061892,1.5849672137717488,,,,,,,True,False,none
Lango,2020,first_season,simsim,2,training_crop_mean,baseline,raw,0.3598602384189452,0.4194896280774281,1.954636271112969,0.4194896280774281,0.3598602384189452,0.4194896280774281,,,,,,,True,False,none
Lango,2020,first_season,sorghum,2,training_crop_mean,baseline,raw,0.5398912763008505,1.1729743338682894,1.954636271112969,1.1729743338682894,0.5398912763008505,1.1729743338682894,,,,,,,True,False,none
Lango,2020,first_season,soya_beans,2,training_crop_mean,baseline,raw,0.6956216106623382,2.9108857754523334,1.954636271112969,2.9108857754523334,0.6956216106623382,2.9108857754523334,,,,,,,True,False,none
Lango,2020,first_season,sweet_potatoes,2,training_crop_mean,baseline,raw,4.627154243214652,5.708455116324331,1.954636271112969,5.708455116324331,4.627154243214652,5.708455116324331,,,,,,,True,False,none
Lango,2020,second_season,beans,2,training_crop_mean,baseline,raw,0.9979898086925608,0.800459608567741,1.954636271112969,0.800459608567741,0.9979898086925608,0.800459608567741,,,,,,,True,False,none
Lango,2020,second_season,groundnuts,2,training_crop_mean,baseline,raw,0.6658246650132922,0.5508650616816889,1.954636271112969,0.5508650616816889,0.6658246650132922,0.5508650616816889,,,,,,,True,False,none
Lango,2020,second_season,maize,2,training_crop_mean,baseline,raw,2.9489717758099068,2.445749569645221,1.954636271112969,2.445749569645221,2.9489717758099068,2.445749569645221,,,,,,,True,False,none
Lango,2020,second_season,millet,2,training_crop_mean,baseline,raw,0.359162009295794,0.588523876879771,1.954636271112969,0.588523876879771,0.359162009295794,0.588523876879771,,,,,,,True,False,none
Lango,2020,second_season,rice,2,training_crop_mean,baseline,raw,1.516949718283846,1.5849672137717488,1.954636271112969,1.5849672137717488,1.516949718283846,1.5849672137717488,,,,,,,True,False,none
Lango,2020,second_season,simsim,2,training_crop_mean,baseline,raw,0.4067343534390761,0.4194896280774281,1.954636271112969,0.4194896280774281,0.4067343534390761,0.4194896280774281,,,,,,,True,False,none
Lango,2020,second_season,sorghum,2,training_crop_mean,baseline,raw,2.142946828492448,1.1729743338682894,1.954636271112969,1.1729743338682894,2.142946828492448,1.1729743338682894,,,,,,,True,False,none
Lango,2020,second_season,soya_beans,2,training_crop_mean,baseline,raw,1.5236675808652385,2.9108857754523334,1.954636271112969,2.9108857754523334,1.5236675808652385,2.9108857754523334,,,,,,,True,False,none
Lango,2020,second_season,sweet_potatoes,2,training_crop_mean,baseline,raw,14.045356396131783,5.708455116324331,1.954636271112969,5.708455116324331,14.045356396131783,5.708455116324331,,,,,,,True,False,none
Tooro,2020,first_season,beans,2,training_crop_mean,baseline,raw,0.5714159022282193,0.800459608567741,1.954636271112969,0.800459608567741,0.5714159022282193,0.800459608567741,,,,,,,True,False,none
Tooro,2020,first_season,groundnuts,2,training_crop_mean,baseline,raw,0.4788089757102604,0.5508650616816889,1.954636271112969,0.5508650616816889,0.4788089757102604,0.5508650616816889,,,,,,,True,False,none
Tooro,2020,first_season,irish_potatoes,2,training_crop_mean,baseline,raw,2.602443195405729,4.160319420588475,1.954636271112969,4.160319420588475,2.602443195405729,4.160319420588475,,,,,,,True,False,none
Tooro,2020,first_season,maize,2,training_crop_mean,baseline,raw,3.0038294115831783,2.445749569645221,1.954636271112969,2.445749569645221,3.0038294115831783,2.445749569645221,,,,,,,True,False,none
Tooro,2020,first_season,millet,2,training_crop_mean,baseline,raw,0.4632153663470989,0.588523876879771,1.954636271112969,0.588523876879771,0.4632153663470989,0.588523876879771,,,,,,,True,False,none
Tooro,2020,first_season,rice,2,training_crop_mean,baseline,raw,1.3679142770311534,1.5849672137717488,1.954636271112969,1.5849672137717488,1.3679142770311534,1.5849672137717488,,,,,,,True,False,none
Tooro,2020,first_season,simsim,2,training_crop_mean,baseline,raw,0.2778595226860031,0.4194896280774281,1.954636271112969,0.4194896280774281,0.2778595226860031,0.4194896280774281,,,,,,,True,False,none
Tooro,2020,first_season,sorghum,2,training_crop_mean,baseline,raw,0.5962480462055857,1.1729743338682894,1.954636271112969,1.1729743338682894,0.5962480462055857,1.1729743338682894,,,,,,,True,False,none
Tooro,2020,first_season,soya_beans,2,training_crop_mean,baseline,raw,0.4113045140407508,2.9108857754523334,1.954636271112969,2.9108857754523334,0.4113045140407508,2.9108857754523334,,,,,,,True,False,none
Tooro,2020,first_season,sweet_potatoes,2,training_crop_mean,baseline,raw,2.031705860523254,5.708455116324331,1.954636271112969,5.708455116324331,2.031705860523254,5.708455116324331,,,,,,,True,False,none
Tooro,2020,second_season,beans,2,training_crop_mean,baseline,raw,1.1835686146592244,0.800459608567741,1.954636271112969,0.800459608567741,1.1835686146592244,0.800459608567741,,,,,,,True,False,none
Tooro,2020,second_season,groundnuts,2,training_crop_mean,baseline,raw,0.8188652144271537,0.5508650616816889,1.954636271112969,0.5508650616816889,0.8188652144271537,0.5508650616816889,,,,,,,True,False,none
Tooro,2020,second_season,irish_potatoes,2,training_crop_mean,baseline,raw,5.09052971295232,4.160319420588475,1.954636271112969,4.160319420588475,5.09052971295232,4.160319420588475,,,,,,,True,False,none
Tooro,2020,second_season,maize,2,training_crop_mean,baseline,raw,4.280134298861752,2.445749569645221,1.954636271112969,2.445749569645221,4.280134298861752,2.445749569645221,,,,,,,True,False,none
Tooro,2020,second_season,millet,2,training_crop_mean,baseline,raw,1.0445138088407484,0.588523876879771,1.954636271112969,0.588523876879771,1.0445138088407484,0.588523876879771,,,,,,,True,False,none
Tooro,2020,second_season,rice,2,training_crop_mean,baseline,raw,2.631104714179096,1.5849672137717488,1.954636271112969,1.5849672137717488,2.631104714179096,1.5849672137717488,,,,,,,True,False,none
Tooro,2020,second_season,simsim,2,training_crop_mean,baseline,raw,0.3096258716658019,0.4194896280774281,1.954636271112969,0.4194896280774281,0.3096258716658019,0.4194896280774281,,,,,,,True,False,none
Tooro,2020,second_season,sorghum,2,training_crop_mean,baseline,raw,1.958342814699392,1.1729743338682894,1.954636271112969,1.1729743338682894,1.958342814699392,1.1729743338682894,,,,,,,True,False,none
Tooro,2020,second_season,soya_beans,2,training_crop_mean,baseline,raw,0.5816289868880459,2.9108857754523334,1.954636271112969,2.9108857754523334,0.5816289868880459,2.9108857754523334,,,,,,,True,False,none
Tooro,2020,second_season,sweet_potatoes,2,training_crop_mean,baseline,raw,17.19569748995181,5.708455116324331,1.954636271112969,5.708455116324331,17.19569748995181,5.708455116324331,,,,,,,True,False,none
Elgon,2020,first_season,beans,2,training_crop_season_mean,baseline,raw,0.6700120852270204,0.6410871395271588,1.954636271112969,0.800459608567741,0.6700120852270204,0.6410871395271588,,,,,,,True,False,none
Elgon,2020,first_season,groundnuts,2,training_crop_season_mean,baseline,raw,0.4950587775158489,0.4904818771112191,1.954636271112969,0.5508650616816889,0.4950587775158489,0.4904818771112191,,,,,,,True,False,none
Elgon,2020,first_season,irish_potatoes,2,training_crop_season_mean,baseline,raw,4.522840340241605,3.0076395044839135,1.954636271112969,4.160319420588475,4.522840340241605,3.0076395044839135,,,,,,,True,False,none
Elgon,2020,first_season,maize,2,training_crop_season_mean,baseline,raw,2.591624259545572,1.699314461858531,1.954636271112969,2.445749569645221,2.591624259545572,1.699314461858531,,,,,,,True,False,none
Elgon,2020,first_season,millet,2,training_crop_season_mean,baseline,raw,0.6858292042822013,0.4819223212197128,1.954636271112969,0.588523876879771,0.6858292042822013,0.4819223212197128,,,,,,,True,False,none
Elgon,2020,first_season,rice,2,training_crop_season_mean,baseline,raw,2.403967673511646,1.5230140585189722,1.954636271112969,1.5849672137717488,2.403967673511646,1.5230140585189722,,,,,,,True,False,none
Elgon,2020,first_season,simsim,2,training_crop_season_mean,baseline,raw,1.0133465202105196,0.3448720123642525,1.954636271112969,0.4194896280774281,1.0133465202105196,0.3448720123642525,,,,,,,True,False,none
Elgon,2020,first_season,sorghum,2,training_crop_season_mean,baseline,raw,2.370934481096649,0.6599103914862211,1.954636271112969,1.1729743338682894,2.370934481096649,0.6599103914862211,,,,,,,True,False,none
Elgon,2020,first_season,soya_beans,2,training_crop_season_mean,baseline,raw,0.5911363692957547,0.5827774464814417,1.954636271112969,2.9108857754523334,0.5911363692957547,0.5827774464814417,,,,,,,True,False,none
Elgon,2020,first_season,sweet_potatoes,2,training_crop_season_mean,baseline,raw,3.151255842827831,3.759345212247257,1.954636271112969,5.708455116324331,3.151255842827831,3.759345212247257,,,,,,,True,False,none
Elgon,2020,second_season,beans,2,training_crop_season_mean,baseline,raw,0.653829971282899,0.9757693245123814,1.954636271112969,0.800459608567741,0.653829971282899,0.9757693245123814,,,,,,,True,False,none
Elgon,2020,second_season,groundnuts,2,training_crop_season_mean,baseline,raw,0.7530910039174339,0.6112482462521588,1.954636271112969,0.5508650616816889,0.7530910039174339,0.6112482462521588,,,,,,,True,False,none
Elgon,2020,second_season,irish_potatoes,2,training_crop_season_mean,baseline,raw,9.66384795722705,5.312999336693036,1.954636271112969,4.160319420588475,9.66384795722705,5.312999336693036,,,,,,,True,False,none
Elgon,2020,second_season,maize,2,training_crop_season_mean,baseline,raw,3.423349924580549,3.1921846774319107,1.954636271112969,2.445749569645221,3.423349924580549,3.1921846774319107,,,,,,,True,False,none
Elgon,2020,second_season,rice,2,training_crop_season_mean,baseline,raw,0.9781169963836972,1.6624086578377195,1.954636271112969,1.5849672137717488,0.9781169963836972,1.6624086578377195,,,,,,,True,False,none
Elgon,2020,second_season,simsim,2,training_crop_season_mean,baseline,raw,0.1853682631467308,0.5189797823616622,1.954636271112969,0.4194896280774281,0.1853682631467308,0.5189797823616622,,,,,,,True,False,none
Elgon,2020,second_season,sorghum,2,training_crop_season_mean,baseline,raw,3.258267391159824,1.6860382762503576,1.954636271112969,1.1729743338682894,3.258267391159824,1.6860382762503576,,,,,,,True,False,none
Elgon,2020,second_season,soya_beans,2,training_crop_season_mean,baseline,raw,0.4261906725861129,6.112034727787309,1.954636271112969,2.9108857754523334,0.4261906725861129,6.112034727787309,,,,,,,True,False,none
Elgon,2020,second_season,sweet_potatoes,2,training_crop_season_mean,baseline,raw,3.5591777349294857,7.657565020401405,1.954636271112969,5.708455116324331,3.5591777349294857,7.657565020401405,,,,,,,True,False,none
Lango,2020,first_season,beans,2,training_crop_season_mean,baseline,raw,0.4538514483659436,0.6410871395271588,1.954636271112969,0.800459608567741,0.4538514483659436,0.6410871395271588,,,,,,,True,False,none
Lango,2020,first_season,groundnuts,2,training_crop_season_mean,baseline,raw,0.3602760666772656,0.4904818771112191,1.954636271112969,0.5508650616816889,0.3602760666772656,0.4904818771112191,,,,,,,True,False,none
Lango,2020,first_season,maize,2,training_crop_season_mean,baseline,raw,1.5321273000173696,1.699314461858531,1.954636271112969,2.445749569645221,1.5321273000173696,1.699314461858531,,,,,,,True,False,none
Lango,2020,first_season,millet,2,training_crop_season_mean,baseline,raw,0.3245909082180683,0.4819223212197128,1.954636271112969,0.588523876879771,0.3245909082180683,0.4819223212197128,,,,,,,True,False,none
Lango,2020,first_season,rice,2,training_crop_season_mean,baseline,raw,1.0257917523061892,1.5230140585189722,1.954636271112969,1.5849672137717488,1.0257917523061892,1.5230140585189722,,,,,,,True,False,none
Lango,2020,first_season,simsim,2,training_crop_season_mean,baseline,raw,0.3598602384189452,0.3448720123642525,1.954636271112969,0.4194896280774281,0.3598602384189452,0.3448720123642525,,,,,,,True,False,none
Lango,2020,first_season,sorghum,2,training_crop_season_mean,baseline,raw,0.5398912763008505,0.6599103914862211,1.954636271112969,1.1729743338682894,0.5398912763008505,0.6599103914862211,,,,,,,True,False,none
Lango,2020,first_season,soya_beans,2,training_crop_season_mean,baseline,raw,0.6956216106623382,0.5827774464814417,1.954636271112969,2.9108857754523334,0.6956216106623382,0.5827774464814417,,,,,,,True,False,none
Lango,2020,first_season,sweet_potatoes,2,training_crop_season_mean,baseline,raw,4.627154243214652,3.759345212247257,1.954636271112969,5.708455116324331,4.627154243214652,3.759345212247257,,,,,,,True,False,none
Lango,2020,second_season,beans,2,training_crop_season_mean,baseline,raw,0.9979898086925608,0.9757693245123814,1.954636271112969,0.800459608567741,0.9979898086925608,0.9757693245123814,,,,,,,True,False,none
Lango,2020,second_season,groundnuts,2,training_crop_season_mean,baseline,raw,0.6658246650132922,0.6112482462521588,1.954636271112969,0.5508650616816889,0.6658246650132922,0.6112482462521588,,,,,,,True,False,none
Lango,2020,second_season,maize,2,training_crop_season_mean,baseline,raw,2.9489717758099068,3.1921846774319107,1.954636271112969,2.445749569645221,2.9489717758099068,3.1921846774319107,,,,,,,True,False,none
Lango,2020,second_season,millet,2,training_crop_season_mean,baseline,raw,0.359162009295794,0.6951254325398295,1.954636271112969,0.588523876879771,0.359162009295794,0.6951254325398295,,,,,,,True,False,none
Lango,2020,second_season,rice,2,training_crop_season_mean,baseline,raw,1.516949718283846,1.6624086578377195,1.954636271112969,1.5849672137717488,1.516949718283846,1.6624086578377195,,,,,,,True,False,none
Lango,2020,second_season,simsim,2,training_crop_season_mean,baseline,raw,0.4067343534390761,0.5189797823616622,1.954636271112969,0.4194896280774281,0.4067343534390761,0.5189797823616622,,,,,,,True,False,none
Lango,2020,second_season,sorghum,2,training_crop_season_mean,baseline,raw,2.142946828492448,1.6860382762503576,1.954636271112969,1.1729743338682894,2.142946828492448,1.6860382762503576,,,,,,,True,False,none
Lango,2020,second_season,soya_beans,2,training_crop_season_mean,baseline,raw,1.5236675808652385,6.112034727787309,1.954636271112969,2.9108857754523334,1.5236675808652385,6.112034727787309,,,,,,,True,False,none
Lango,2020,second_season,sweet_potatoes,2,training_crop_season_mean,baseline,raw,14.045356396131783,7.657565020401405,1.954636271112969,5.708455116324331,14.045356396131783,7.657565020401405,,,,,,,True,False,none
Tooro,2020,first_season,beans,2,training_crop_season_mean,baseline,raw,0.5714159022282193,0.6410871395271588,1.954636271112969,0.800459608567741,0.5714159022282193,0.6410871395271588,,,,,,,True,False,none
Tooro,2020,first_season,groundnuts,2,training_crop_season_mean,baseline,raw,0.4788089757102604,0.4904818771112191,1.954636271112969,0.5508650616816889,0.4788089757102604,0.4904818771112191,,,,,,,True,False,none
Tooro,2020,first_season,irish_potatoes,2,training_crop_season_mean,baseline,raw,2.602443195405729,3.0076395044839135,1.954636271112969,4.160319420588475,2.602443195405729,3.0076395044839135,,,,,,,True,False,none
Tooro,2020,first_season,maize,2,training_crop_season_mean,baseline,raw,3.0038294115831783,1.699314461858531,1.954636271112969,2.445749569645221,3.0038294115831783,1.699314461858531,,,,,,,True,False,none
Tooro,2020,first_season,millet,2,training_crop_season_mean,baseline,raw,0.4632153663470989,0.4819223212197128,1.954636271112969,0.588523876879771,0.4632153663470989,0.4819223212197128,,,,,,,True,False,none
Tooro,2020,first_season,rice,2,training_crop_season_mean,baseline,raw,1.3679142770311534,1.5230140585189722,1.954636271112969,1.5849672137717488,1.3679142770311534,1.5230140585189722,,,,,,,True,False,none
Tooro,2020,first_season,simsim,2,training_crop_season_mean,baseline,raw,0.2778595226860031,0.3448720123642525,1.954636271112969,0.4194896280774281,0.2778595226860031,0.3448720123642525,,,,,,,True,False,none
Tooro,2020,first_season,sorghum,2,training_crop_season_mean,baseline,raw,0.5962480462055857,0.6599103914862211,1.954636271112969,1.1729743338682894,0.5962480462055857,0.6599103914862211,,,,,,,True,False,none
Tooro,2020,first_season,soya_beans,2,training_crop_season_mean,baseline,raw,0.4113045140407508,0.5827774464814417,1.954636271112969,2.9108857754523334,0.4113045140407508,0.5827774464814417,,,,,,,True,False,none
Tooro,2020,first_season,sweet_potatoes,2,training_crop_season_mean,baseline,raw,2.031705860523254,3.759345212247257,1.954636271112969,5.708455116324331,2.031705860523254,3.759345212247257,,,,,,,True,False,none
Tooro,2020,second_season,beans,2,training_crop_season_mean,baseline,raw,1.1835686146592244,0.9757693245123814,1.954636271112969,0.800459608567741,1.1835686146592244,0.9757693245123814,,,,,,,True,False,none
Tooro,2020,second_season,groundnuts,2,training_crop_season_mean,baseline,raw,0.8188652144271537,0.6112482462521588,1.954636271112969,0.5508650616816889,0.8188652144271537,0.6112482462521588,,,,,,,True,False,none
Tooro,2020,second_season,irish_potatoes,2,training_crop_season_mean,baseline,raw,5.09052971295232,5.312999336693036,1.954636271112969,4.160319420588475,5.09052971295232,5.312999336693036,,,,,,,True,False,none
Tooro,2020,second_season,maize,2,training_crop_season_mean,baseline,raw,4.280134298861752,3.1921846774319107,1.954636271112969,2.445749569645221,4.280134298861752,3.1921846774319107,,,,,,,True,False,none
Tooro,2020,second_season,millet,2,training_crop_season_mean,baseline,raw,1.0445138088407484,0.6951254325398295,1.954636271112969,0.588523876879771,1.0445138088407484,0.6951254325398295,,,,,,,True,False,none
Tooro,2020,second_season,rice,2,training_crop_season_mean,baseline,raw,2.631104714179096,1.6624086578377195,1.954636271112969,1.5849672137717488,2.631104714179096,1.6624086578377195,,,,,,,True,False,none
Tooro,2020,second_season,simsim,2,training_crop_season_mean,baseline,raw,0.3096258716658019,0.5189797823616622,1.954636271112969,0.4194896280774281,0.3096258716658019,0.5189797823616622,,,,,,,True,False,none
Tooro,2020,second_season,sorghum,2,training_crop_season_mean,baseline,raw,1.958342814699392,1.6860382762503576,1.954636271112969,1.1729743338682894,1.958342814699392,1.6860382762503576,,,,,,,True,False,none
Tooro,2020,second_season,soya_beans,2,training_crop_season_mean,baseline,raw,0.5816289868880459,6.112034727787309,1.954636271112969,2.9108857754523334,0.5816289868880459,6.112034727787309,,,,,,,True,False,none
Tooro,2020,second_season,sweet_potatoes,2,training_crop_season_mean,baseline,raw,17.19569748995181,7.657565020401405,1.954636271112969,5.708455116324331,17.19569748995181,7.657565020401405,,,,,,,True,False,none
Ankole,2020,first_season,beans,3,training_global_mean,baseline,raw,0.7107039593083359,2.0662856437501507,2.0662856437501507,0.7992436624389453,0.7107039593083359,2.0662856437501507,,,,,,,True,False,none
Ankole,2020,first_season,groundnuts,3,training_global_mean,baseline,raw,0.4892093570559104,2.0662856437501507,2.0662856437501507,0.5683245101391033,0.4892093570559104,2.0662856437501507,,,,,,,True,False,none
Ankole,2020,first_season,irish_potatoes,3,training_global_mean,baseline,raw,2.6066656470507263,2.0662856437501507,2.0662856437501507,4.967854759378325,2.6066656470507263,2.0662856437501507,,,,,,,True,False,none
Ankole,2020,first_season,maize,3,training_global_mean,baseline,raw,2.2911775934330265,2.0662856437501507,2.0662856437501507,2.5683997769092572,2.2911775934330265,2.0662856437501507,,,,,,,True,False,none
Ankole,2020,first_season,millet,3,training_global_mean,baseline,raw,1.2807764204080456,2.0662856437501507,2.0662856437501507,0.49735850693119044,1.2807764204080456,2.0662856437501507,,,,,,,True,False,none
Ankole,2020,first_season,sorghum,3,training_global_mean,baseline,raw,0.660753068253978,2.0662856437501507,2.0662856437501507,1.4121707856008021,0.660753068253978,2.0662856437501507,,,,,,,True,False,none
Ankole,2020,first_season,soya_beans,3,training_global_mean,baseline,raw,0.3377821773864262,2.0662856437501507,2.0662856437501507,2.823781736252928,0.3377821773864262,2.0662856437501507,,,,,,,True,False,none
Ankole,2020,first_season,sweet_potatoes,3,training_global_mean,baseline,raw,4.329712242698299,2.0662856437501507,2.0662856437501507,6.104335473351614,4.329712242698299,2.0662856437501507,,,,,,,True,False,none
Ankole,2020,second_season,beans,3,training_global_mean,baseline,raw,1.3411688832335629,2.0662856437501507,2.0662856437501507,0.7992436624389453,1.3411688832335629,2.0662856437501507,,,,,,,True,False,none
Ankole,2020,second_season,groundnuts,3,training_global_mean,baseline,raw,0.556144731073507,2.0662856437501507,2.0662856437501507,0.5683245101391033,0.556144731073507,2.0662856437501507,,,,,,,True,False,none
Ankole,2020,second_season,irish_potatoes,3,training_global_mean,baseline,raw,4.840624253728912,2.0662856437501507,2.0662856437501507,4.967854759378325,4.840624253728912,2.0662856437501507,,,,,,,True,False,none
Ankole,2020,second_season,maize,3,training_global_mean,baseline,raw,4.746403988018382,2.0662856437501507,2.0662856437501507,2.5683997769092572,4.746403988018382,2.0662856437501507,,,,,,,True,False,none
Ankole,2020,second_season,millet,3,training_global_mean,baseline,raw,0.7193080425140036,2.0662856437501507,2.0662856437501507,0.49735850693119044,0.7193080425140036,2.0662856437501507,,,,,,,True,False,none
Ankole,2020,second_season,sorghum,3,training_global_mean,baseline,raw,1.8183667473252825,2.0662856437501507,2.0662856437501507,1.4121707856008021,1.8183667473252825,2.0662856437501507,,,,,,,True,False,none
Ankole,2020,second_season,sweet_potatoes,3,training_global_mean,baseline,raw,7.086512596688682,2.0662856437501507,2.0662856437501507,6.104335473351614,7.086512596688682,2.0662856437501507,,,,,,,True,False,none
Bukedi,2020,first_season,beans,3,training_global_mean,baseline,raw,0.5175817230094646,2.0662856437501507,2.0662856437501507,0.7992436624389453,0.5175817230094646,2.0662856437501507,,,,,,,True,False,none
Bukedi,2020,first_season,groundnuts,3,training_global_mean,baseline,raw,0.4770632662036267,2.0662856437501507,2.0662856437501507,0.5683245101391033,0.4770632662036267,2.0662856437501507,,,,,,,True,False,none
Bukedi,2020,first_season,maize,3,training_global_mean,baseline,raw,1.5470171390615697,2.0662856437501507,2.0662856437501507,2.5683997769092572,1.5470171390615697,2.0662856437501507,,,,,,,True,False,none
Bukedi,2020,first_season,millet,3,training_global_mean,baseline,raw,0.4272092427017133,2.0662856437501507,2.0662856437501507,0.49735850693119044,0.4272092427017133,2.0662856437501507,,,,,,,True,False,none
Bukedi,2020,first_season,rice,3,training_global_mean,baseline,raw,1.3882164630489435,2.0662856437501507,2.0662856437501507,1.63417854787639,1.3882164630489435,2.0662856437501507,,,,,,,True,False,none
Bukedi,2020,first_season,simsim,3,training_global_mean,baseline,raw,0.3317125177589506,2.0662856437501507,2.0662856437501507,0.4267172973635351,0.3317125177589506,2.0662856437501507,,,,,,,True,False,none
Bukedi,2020,first_season,sorghum,3,training_global_mean,baseline,raw,0.5913910230747661,2.0662856437501507,2.0662856437501507,1.4121707856008021,0.5913910230747661,2.0662856437501507,,,,,,,True,False,none
Bukedi,2020,first_season,soya_beans,3,training_global_mean,baseline,raw,0.4175993889818736,2.0662856437501507,2.0662856437501507,2.823781736252928,0.4175993889818736,2.0662856437501507,,,,,,,True,False,none
Bukedi,2020,first_season,sweet_potatoes,3,training_global_mean,baseline,raw,2.6225674475211567,2.0662856437501507,2.0662856437501507,6.104335473351614,2.6225674475211567,2.0662856437501507,,,,,,,True,False,none
Bukedi,2020,second_season,beans,3,training_global_mean,baseline,raw,0.7056484947012807,2.0662856437501507,2.0662856437501507,0.7992436624389453,0.7056484947012807,2.0662856437501507,,,,,,,True,False,none
Bukedi,2020,second_season,groundnuts,3,training_global_mean,baseline,raw,0.5641103408681046,2.0662856437501507,2.0662856437501507,0.5683245101391033,0.5641103408681046,2.0662856437501507,,,,,,,True,False,none
Bukedi,2020,second_season,maize,3,training_global_mean,baseline,raw,2.5941966847486744,2.0662856437501507,2.0662856437501507,2.5683997769092572,2.5941966847486744,2.0662856437501507,,,,,,,True,False,none
Bukedi,2020,second_season,millet,3,training_global_mean,baseline,raw,2.0388508171880413,2.0662856437501507,2.0662856437501507,0.49735850693119044,2.0388508171880413,2.0662856437501507,,,,,,,True,False,none
Bukedi,2020,second_season,rice,3,training_global_mean,baseline,raw,1.4277627442802343,2.0662856437501507,2.0662856437501507,1.63417854787639,1.4277627442802343,2.0662856437501507,,,,,,,True,False,none
Bukedi,2020,second_season,simsim,3,training_global_mean,baseline,raw,0.3924463982333242,2.0662856437501507,2.0662856437501507,0.4267172973635351,0.3924463982333242,2.0662856437501507,,,,,,,True,False,none
Bukedi,2020,second_season,sorghum,3,training_global_mean,baseline,raw,0.8805407710527358,2.0662856437501507,2.0662856437501507,1.4121707856008021,0.8805407710527358,2.0662856437501507,,,,,,,True,False,none
Bukedi,2020,second_season,soya_beans,3,training_global_mean,baseline,raw,0.8286553858983726,2.0662856437501507,2.0662856437501507,2.823781736252928,0.8286553858983726,2.0662856437501507,,,,,,,True,False,none
Bukedi,2020,second_season,sweet_potatoes,3,training_global_mean,baseline,raw,6.335755329287477,2.0662856437501507,2.0662856437501507,6.104335473351614,6.335755329287477,2.0662856437501507,,,,,,,True,False,none
West Nile,2020,first_season,beans,3,training_global_mean,baseline,raw,0.5251432400895707,2.0662856437501507,2.0662856437501507,0.7992436624389453,0.5251432400895707,2.0662856437501507,,,,,,,True,False,none
West Nile,2020,first_season,groundnuts,3,training_global_mean,baseline,raw,0.4055485017270916,2.0662856437501507,2.0662856437501507,0.5683245101391033,0.4055485017270916,2.0662856437501507,,,,,,,True,False,none
West Nile,2020,first_season,irish_potatoes,3,training_global_mean,baseline,raw,1.4211566881060225,2.0662856437501507,2.0662856437501507,4.967854759378325,1.4211566881060225,2.0662856437501507,,,,,,,True,False,none
West Nile,2020,first_season,maize,3,training_global_mean,baseline,raw,1.2660956469166913,2.0662856437501507,2.0662856437501507,2.5683997769092572,1.2660956469166913,2.0662856437501507,,,,,,,True,False,none
West Nile,2020,first_season,millet,3,training_global_mean,baseline,raw,0.2167646962160385,2.0662856437501507,2.0662856437501507,0.49735850693119044,0.2167646962160385,2.0662856437501507,,,,,,,True,False,none
West Nile,2020,first_season,rice,3,training_global_mean,baseline,raw,1.4018188844017143,2.0662856437501507,2.0662856437501507,1.63417854787639,1.4018188844017143,2.0662856437501507,,,,,,,True,False,none
West Nile,2020,first_season,simsim,3,training_global_mean,baseline,raw,0.4766810107273866,2.0662856437501507,2.0662856437501507,0.4267172973635351,0.4766810107273866,2.0662856437501507,,,,,,,True,False,none
West Nile,2020,first_season,sorghum,3,training_global_mean,baseline,raw,0.391054248417342,2.0662856437501507,2.0662856437501507,1.4121707856008021,0.391054248417342,2.0662856437501507,,,,,,,True,False,none
West Nile,2020,first_season,soya_beans,3,training_global_mean,baseline,raw,0.8717117441917551,2.0662856437501507,2.0662856437501507,2.823781736252928,0.8717117441917551,2.0662856437501507,,,,,,,True,False,none
West Nile,2020,first_season,sweet_potatoes,3,training_global_mean,baseline,raw,5.41252141626667,2.0662856437501507,2.0662856437501507,6.104335473351614,5.41252141626667,2.0662856437501507,,,,,,,True,False,none
West Nile,2020,second_season,beans,3,training_global_mean,baseline,raw,0.7559563988183644,2.0662856437501507,2.0662856437501507,0.7992436624389453,0.7559563988183644,2.0662856437501507,,,,,,,True,False,none
West Nile,2020,second_season,groundnuts,3,training_global_mean,baseline,raw,0.6957406402698985,2.0662856437501507,2.0662856437501507,0.5683245101391033,0.6957406402698985,2.0662856437501507,,,,,,,True,False,none
West Nile,2020,second_season,irish_potatoes,3,training_global_mean,baseline,raw,3.3207905514628413,2.0662856437501507,2.0662856437501507,4.967854759378325,3.3207905514628413,2.0662856437501507,,,,,,,True,False,none
West Nile,2020,second_season,maize,3,training_global_mean,baseline,raw,2.6368413584111803,2.0662856437501507,2.0662856437501507,2.5683997769092572,2.6368413584111803,2.0662856437501507,,,,,,,True,False,none
West Nile,2020,second_season,millet,3,training_global_mean,baseline,raw,0.6973987237560337,2.0662856437501507,2.0662856437501507,0.49735850693119044,0.6973987237560337,2.0662856437501507,,,,,,,True,False,none
West Nile,2020,second_season,rice,3,training_global_mean,baseline,raw,1.5518859303284125,2.0662856437501507,2.0662856437501507,1.63417854787639,1.5518859303284125,2.0662856437501507,,,,,,,True,False,none
West Nile,2020,second_season,simsim,3,training_global_mean,baseline,raw,0.3973328781148473,2.0662856437501507,2.0662856437501507,0.4267172973635351,0.3973328781148473,2.0662856437501507,,,,,,,True,False,none
West Nile,2020,second_season,sorghum,3,training_global_mean,baseline,raw,1.2622030417153625,2.0662856437501507,2.0662856437501507,1.4121707856008021,1.2622030417153625,2.0662856437501507,,,,,,,True,False,none
West Nile,2020,second_season,soya_beans,3,training_global_mean,baseline,raw,0.6049960464155939,2.0662856437501507,2.0662856437501507,2.823781736252928,0.6049960464155939,2.0662856437501507,,,,,,,True,False,none
West Nile,2020,second_season,sweet_potatoes,3,training_global_mean,baseline,raw,10.90567139457088,2.0662856437501507,2.0662856437501507,6.104335473351614,10.90567139457088,2.0662856437501507,,,,,,,True,False,none
Ankole,2020,first_season,beans,3,training_crop_mean,baseline,raw,0.7107039593083359,0.7992436624389453,2.0662856437501507,0.7992436624389453,0.7107039593083359,0.7992436624389453,,,,,,,True,False,none
Ankole,2020,first_season,groundnuts,3,training_crop_mean,baseline,raw,0.4892093570559104,0.5683245101391033,2.0662856437501507,0.5683245101391033,0.4892093570559104,0.5683245101391033,,,,,,,True,False,none
Ankole,2020,first_season,irish_potatoes,3,training_crop_mean,baseline,raw,2.6066656470507263,4.967854759378325,2.0662856437501507,4.967854759378325,2.6066656470507263,4.967854759378325,,,,,,,True,False,none
Ankole,2020,first_season,maize,3,training_crop_mean,baseline,raw,2.2911775934330265,2.5683997769092572,2.0662856437501507,2.5683997769092572,2.2911775934330265,2.5683997769092572,,,,,,,True,False,none
Ankole,2020,first_season,millet,3,training_crop_mean,baseline,raw,1.2807764204080456,0.49735850693119044,2.0662856437501507,0.49735850693119044,1.2807764204080456,0.49735850693119044,,,,,,,True,False,none
Ankole,2020,first_season,sorghum,3,training_crop_mean,baseline,raw,0.660753068253978,1.4121707856008021,2.0662856437501507,1.4121707856008021,0.660753068253978,1.4121707856008021,,,,,,,True,False,none
Ankole,2020,first_season,soya_beans,3,training_crop_mean,baseline,raw,0.3377821773864262,2.823781736252928,2.0662856437501507,2.823781736252928,0.3377821773864262,2.823781736252928,,,,,,,True,False,none
Ankole,2020,first_season,sweet_potatoes,3,training_crop_mean,baseline,raw,4.329712242698299,6.104335473351614,2.0662856437501507,6.104335473351614,4.329712242698299,6.104335473351614,,,,,,,True,False,none
Ankole,2020,second_season,beans,3,training_crop_mean,baseline,raw,1.3411688832335629,0.7992436624389453,2.0662856437501507,0.7992436624389453,1.3411688832335629,0.7992436624389453,,,,,,,True,False,none
Ankole,2020,second_season,groundnuts,3,training_crop_mean,baseline,raw,0.556144731073507,0.5683245101391033,2.0662856437501507,0.5683245101391033,0.556144731073507,0.5683245101391033,,,,,,,True,False,none
Ankole,2020,second_season,irish_potatoes,3,training_crop_mean,baseline,raw,4.840624253728912,4.967854759378325,2.0662856437501507,4.967854759378325,4.840624253728912,4.967854759378325,,,,,,,True,False,none
Ankole,2020,second_season,maize,3,training_crop_mean,baseline,raw,4.746403988018382,2.5683997769092572,2.0662856437501507,2.5683997769092572,4.746403988018382,2.5683997769092572,,,,,,,True,False,none
Ankole,2020,second_season,millet,3,training_crop_mean,baseline,raw,0.7193080425140036,0.49735850693119044,2.0662856437501507,0.49735850693119044,0.7193080425140036,0.49735850693119044,,,,,,,True,False,none
Ankole,2020,second_season,sorghum,3,training_crop_mean,baseline,raw,1.8183667473252825,1.4121707856008021,2.0662856437501507,1.4121707856008021,1.8183667473252825,1.4121707856008021,,,,,,,True,False,none
Ankole,2020,second_season,sweet_potatoes,3,training_crop_mean,baseline,raw,7.086512596688682,6.104335473351614,2.0662856437501507,6.104335473351614,7.086512596688682,6.104335473351614,,,,,,,True,False,none
Bukedi,2020,first_season,beans,3,training_crop_mean,baseline,raw,0.5175817230094646,0.7992436624389453,2.0662856437501507,0.7992436624389453,0.5175817230094646,0.7992436624389453,,,,,,,True,False,none
Bukedi,2020,first_season,groundnuts,3,training_crop_mean,baseline,raw,0.4770632662036267,0.5683245101391033,2.0662856437501507,0.5683245101391033,0.4770632662036267,0.5683245101391033,,,,,,,True,False,none
Bukedi,2020,first_season,maize,3,training_crop_mean,baseline,raw,1.5470171390615697,2.5683997769092572,2.0662856437501507,2.5683997769092572,1.5470171390615697,2.5683997769092572,,,,,,,True,False,none
Bukedi,2020,first_season,millet,3,training_crop_mean,baseline,raw,0.4272092427017133,0.49735850693119044,2.0662856437501507,0.49735850693119044,0.4272092427017133,0.49735850693119044,,,,,,,True,False,none
Bukedi,2020,first_season,rice,3,training_crop_mean,baseline,raw,1.3882164630489435,1.63417854787639,2.0662856437501507,1.63417854787639,1.3882164630489435,1.63417854787639,,,,,,,True,False,none
Bukedi,2020,first_season,simsim,3,training_crop_mean,baseline,raw,0.3317125177589506,0.4267172973635351,2.0662856437501507,0.4267172973635351,0.3317125177589506,0.4267172973635351,,,,,,,True,False,none
Bukedi,2020,first_season,sorghum,3,training_crop_mean,baseline,raw,0.5913910230747661,1.4121707856008021,2.0662856437501507,1.4121707856008021,0.5913910230747661,1.4121707856008021,,,,,,,True,False,none
Bukedi,2020,first_season,soya_beans,3,training_crop_mean,baseline,raw,0.4175993889818736,2.823781736252928,2.0662856437501507,2.823781736252928,0.4175993889818736,2.823781736252928,,,,,,,True,False,none
Bukedi,2020,first_season,sweet_potatoes,3,training_crop_mean,baseline,raw,2.6225674475211567,6.104335473351614,2.0662856437501507,6.104335473351614,2.6225674475211567,6.104335473351614,,,,,,,True,False,none
Bukedi,2020,second_season,beans,3,training_crop_mean,baseline,raw,0.7056484947012807,0.7992436624389453,2.0662856437501507,0.7992436624389453,0.7056484947012807,0.7992436624389453,,,,,,,True,False,none
Bukedi,2020,second_season,groundnuts,3,training_crop_mean,baseline,raw,0.5641103408681046,0.5683245101391033,2.0662856437501507,0.5683245101391033,0.5641103408681046,0.5683245101391033,,,,,,,True,False,none
Bukedi,2020,second_season,maize,3,training_crop_mean,baseline,raw,2.5941966847486744,2.5683997769092572,2.0662856437501507,2.5683997769092572,2.5941966847486744,2.5683997769092572,,,,,,,True,False,none
Bukedi,2020,second_season,millet,3,training_crop_mean,baseline,raw,2.0388508171880413,0.49735850693119044,2.0662856437501507,0.49735850693119044,2.0388508171880413,0.49735850693119044,,,,,,,True,False,none
Bukedi,2020,second_season,rice,3,training_crop_mean,baseline,raw,1.4277627442802343,1.63417854787639,2.0662856437501507,1.63417854787639,1.4277627442802343,1.63417854787639,,,,,,,True,False,none
Bukedi,2020,second_season,simsim,3,training_crop_mean,baseline,raw,0.3924463982333242,0.4267172973635351,2.0662856437501507,0.4267172973635351,0.3924463982333242,0.4267172973635351,,,,,,,True,False,none
Bukedi,2020,second_season,sorghum,3,training_crop_mean,baseline,raw,0.8805407710527358,1.4121707856008021,2.0662856437501507,1.4121707856008021,0.8805407710527358,1.4121707856008021,,,,,,,True,False,none
Bukedi,2020,second_season,soya_beans,3,training_crop_mean,baseline,raw,0.8286553858983726,2.823781736252928,2.0662856437501507,2.823781736252928,0.8286553858983726,2.823781736252928,,,,,,,True,False,none
Bukedi,2020,second_season,sweet_potatoes,3,training_crop_mean,baseline,raw,6.335755329287477,6.104335473351614,2.0662856437501507,6.104335473351614,6.335755329287477,6.104335473351614,,,,,,,True,False,none
West Nile,2020,first_season,beans,3,training_crop_mean,baseline,raw,0.5251432400895707,0.7992436624389453,2.0662856437501507,0.7992436624389453,0.5251432400895707,0.7992436624389453,,,,,,,True,False,none
West Nile,2020,first_season,groundnuts,3,training_crop_mean,baseline,raw,0.4055485017270916,0.5683245101391033,2.0662856437501507,0.5683245101391033,0.4055485017270916,0.5683245101391033,,,,,,,True,False,none
West Nile,2020,first_season,irish_potatoes,3,training_crop_mean,baseline,raw,1.4211566881060225,4.967854759378325,2.0662856437501507,4.967854759378325,1.4211566881060225,4.967854759378325,,,,,,,True,False,none
West Nile,2020,first_season,maize,3,training_crop_mean,baseline,raw,1.2660956469166913,2.5683997769092572,2.0662856437501507,2.5683997769092572,1.2660956469166913,2.5683997769092572,,,,,,,True,False,none
West Nile,2020,first_season,millet,3,training_crop_mean,baseline,raw,0.2167646962160385,0.49735850693119044,2.0662856437501507,0.49735850693119044,0.2167646962160385,0.49735850693119044,,,,,,,True,False,none
West Nile,2020,first_season,rice,3,training_crop_mean,baseline,raw,1.4018188844017143,1.63417854787639,2.0662856437501507,1.63417854787639,1.4018188844017143,1.63417854787639,,,,,,,True,False,none
West Nile,2020,first_season,simsim,3,training_crop_mean,baseline,raw,0.4766810107273866,0.4267172973635351,2.0662856437501507,0.4267172973635351,0.4766810107273866,0.4267172973635351,,,,,,,True,False,none
West Nile,2020,first_season,sorghum,3,training_crop_mean,baseline,raw,0.391054248417342,1.4121707856008021,2.0662856437501507,1.4121707856008021,0.391054248417342,1.4121707856008021,,,,,,,True,False,none
West Nile,2020,first_season,soya_beans,3,training_crop_mean,baseline,raw,0.8717117441917551,2.823781736252928,2.0662856437501507,2.823781736252928,0.8717117441917551,2.823781736252928,,,,,,,True,False,none
West Nile,2020,first_season,sweet_potatoes,3,training_crop_mean,baseline,raw,5.41252141626667,6.104335473351614,2.0662856437501507,6.104335473351614,5.41252141626667,6.104335473351614,,,,,,,True,False,none
West Nile,2020,second_season,beans,3,training_crop_mean,baseline,raw,0.7559563988183644,0.7992436624389453,2.0662856437501507,0.7992436624389453,0.7559563988183644,0.7992436624389453,,,,,,,True,False,none
West Nile,2020,second_season,groundnuts,3,training_crop_mean,baseline,raw,0.6957406402698985,0.5683245101391033,2.0662856437501507,0.5683245101391033,0.6957406402698985,0.5683245101391033,,,,,,,True,False,none
West Nile,2020,second_season,irish_potatoes,3,training_crop_mean,baseline,raw,3.3207905514628413,4.967854759378325,2.0662856437501507,4.967854759378325,3.3207905514628413,4.967854759378325,,,,,,,True,False,none
West Nile,2020,second_season,maize,3,training_crop_mean,baseline,raw,2.6368413584111803,2.5683997769092572,2.0662856437501507,2.5683997769092572,2.6368413584111803,2.5683997769092572,,,,,,,True,False,none
West Nile,2020,second_season,millet,3,training_crop_mean,baseline,raw,0.6973987237560337,0.49735850693119044,2.0662856437501507,0.49735850693119044,0.6973987237560337,0.49735850693119044,,,,,,,True,False,none
West Nile,2020,second_season,rice,3,training_crop_mean,baseline,raw,1.5518859303284125,1.63417854787639,2.0662856437501507,1.63417854787639,1.5518859303284125,1.63417854787639,,,,,,,True,False,none
West Nile,2020,second_season,simsim,3,training_crop_mean,baseline,raw,0.3973328781148473,0.4267172973635351,2.0662856437501507,0.4267172973635351,0.3973328781148473,0.4267172973635351,,,,,,,True,False,none
West Nile,2020,second_season,sorghum,3,training_crop_mean,baseline,raw,1.2622030417153625,1.4121707856008021,2.0662856437501507,1.4121707856008021,1.2622030417153625,1.4121707856008021,,,,,,,True,False,none
West Nile,2020,second_season,soya_beans,3,training_crop_mean,baseline,raw,0.6049960464155939,2.823781736252928,2.0662856437501507,2.823781736252928,0.6049960464155939,2.823781736252928,,,,,,,True,False,none
West Nile,2020,second_season,sweet_potatoes,3,training_crop_mean,baseline,raw,10.90567139457088,6.104335473351614,2.0662856437501507,6.104335473351614,10.90567139457088,6.104335473351614,,,,,,,True,False,none
Ankole,2020,first_season,beans,3,training_crop_season_mean,baseline,raw,0.7107039593083359,0.6358008225647781,2.0662856437501507,0.7992436624389453,0.7107039593083359,0.6358008225647781,,,,,,,True,False,none
Ankole,2020,first_season,groundnuts,3,training_crop_season_mean,baseline,raw,0.4892093570559104,0.48705666755819604,2.0662856437501507,0.5683245101391033,0.4892093570559104,0.48705666755819604,,,,,,,True,False,none
Ankole,2020,first_season,irish_potatoes,3,training_crop_season_mean,baseline,raw,2.6066656470507263,3.523883037899011,2.0662856437501507,4.967854759378325,2.6066656470507263,3.523883037899011,,,,,,,True,False,none
Ankole,2020,first_season,maize,3,training_crop_season_mean,baseline,raw,2.2911775934330265,1.8832499701980614,2.0662856437501507,2.5683997769092572,2.2911775934330265,1.8832499701980614,,,,,,,True,False,none
Ankole,2020,first_season,millet,3,training_crop_season_mean,baseline,raw,1.2807764204080456,0.44091187753985567,2.0662856437501507,0.49735850693119044,1.2807764204080456,0.44091187753985567,,,,,,,True,False,none
Ankole,2020,first_season,sorghum,3,training_crop_season_mean,baseline,raw,0.660753068253978,0.829353615473221,2.0662856437501507,1.4121707856008021,0.660753068253978,0.829353615473221,,,,,,,True,False,none
Ankole,2020,first_season,soya_beans,3,training_crop_season_mean,baseline,raw,0.3377821773864262,0.5892291904304225,2.0662856437501507,2.823781736252928,0.3377821773864262,0.5892291904304225,,,,,,,True,False,none
Ankole,2020,first_season,sweet_potatoes,3,training_crop_season_mean,baseline,raw,4.329712242698299,3.503876696255219,2.0662856437501507,6.104335473351614,4.329712242698299,3.503876696255219,,,,,,,True,False,none
Ankole,2020,second_season,beans,3,training_crop_season_mean,baseline,raw,1.3411688832335629,0.9790307863005291,2.0662856437501507,0.7992436624389453,1.3411688832335629,0.9790307863005291,,,,,,,True,False,none
Ankole,2020,second_season,groundnuts,3,training_crop_season_mean,baseline,raw,0.556144731073507,0.6495923527200106,2.0662856437501507,0.5683245101391033,0.556144731073507,0.6495923527200106,,,,,,,True,False,none
Ankole,2020,second_season,irish_potatoes,3,training_crop_season_mean,baseline,raw,4.840624253728912,6.411826480857639,2.0662856437501507,4.967854759378325,4.840624253728912,6.411826480857639,,,,,,,True,False,none
Ankole,2020,second_season,maize,3,training_crop_season_mean,baseline,raw,4.746403988018382,3.2535495836204533,2.0662856437501507,2.5683997769092572,4.746403988018382,3.2535495836204533,,,,,,,True,False,none
Ankole,2020,second_season,millet,3,training_crop_season_mean,baseline,raw,0.7193080425140036,0.5594497992616587,2.0662856437501507,0.49735850693119044,0.7193080425140036,0.5594497992616587,,,,,,,True,False,none
Ankole,2020,second_season,sorghum,3,training_crop_season_mean,baseline,raw,1.8183667473252825,1.9949879557283834,2.0662856437501507,1.4121707856008021,1.8183667473252825,1.9949879557283834,,,,,,,True,False,none
Ankole,2020,second_season,sweet_potatoes,3,training_crop_season_mean,baseline,raw,7.086512596688682,8.704794250448009,2.0662856437501507,6.104335473351614,7.086512596688682,8.704794250448009,,,,,,,True,False,none
Bukedi,2020,first_season,beans,3,training_crop_season_mean,baseline,raw,0.5175817230094646,0.6358008225647781,2.0662856437501507,0.7992436624389453,0.5175817230094646,0.6358008225647781,,,,,,,True,False,none
Bukedi,2020,first_season,groundnuts,3,training_crop_season_mean,baseline,raw,0.4770632662036267,0.48705666755819604,2.0662856437501507,0.5683245101391033,0.4770632662036267,0.48705666755819604,,,,,,,True,False,none
Bukedi,2020,first_season,maize,3,training_crop_season_mean,baseline,raw,1.5470171390615697,1.8832499701980614,2.0662856437501507,2.5683997769092572,1.5470171390615697,1.8832499701980614,,,,,,,True,False,none
Bukedi,2020,first_season,millet,3,training_crop_season_mean,baseline,raw,0.4272092427017133,0.44091187753985567,2.0662856437501507,0.49735850693119044,0.4272092427017133,0.44091187753985567,,,,,,,True,False,none
Bukedi,2020,first_season,rice,3,training_crop_season_mean,baseline,raw,1.3882164630489435,1.5670708127807322,2.0662856437501507,1.63417854787639,1.3882164630489435,1.5670708127807322,,,,,,,True,False,none
Bukedi,2020,first_season,simsim,3,training_crop_season_mean,baseline,raw,0.3317125177589506,0.400183205749239,2.0662856437501507,0.4267172973635351,0.3317125177589506,0.400183205749239,,,,,,,True,False,none
Bukedi,2020,first_season,sorghum,3,training_crop_season_mean,baseline,raw,0.5913910230747661,0.829353615473221,2.0662856437501507,1.4121707856008021,0.5913910230747661,0.829353615473221,,,,,,,True,False,none
Bukedi,2020,first_season,soya_beans,3,training_crop_season_mean,baseline,raw,0.4175993889818736,0.5892291904304225,2.0662856437501507,2.823781736252928,0.4175993889818736,0.5892291904304225,,,,,,,True,False,none
Bukedi,2020,first_season,sweet_potatoes,3,training_crop_season_mean,baseline,raw,2.6225674475211567,3.503876696255219,2.0662856437501507,6.104335473351614,2.6225674475211567,3.503876696255219,,,,,,,True,False,none
Bukedi,2020,second_season,beans,3,training_crop_season_mean,baseline,raw,0.7056484947012807,0.9790307863005291,2.0662856437501507,0.7992436624389453,0.7056484947012807,0.9790307863005291,,,,,,,True,False,none
Bukedi,2020,second_season,groundnuts,3,training_crop_season_mean,baseline,raw,0.5641103408681046,0.6495923527200106,2.0662856437501507,0.5683245101391033,0.5641103408681046,0.6495923527200106,,,,,,,True,False,none
Bukedi,2020,second_season,maize,3,training_crop_season_mean,baseline,raw,2.5941966847486744,3.2535495836204533,2.0662856437501507,2.5683997769092572,2.5941966847486744,3.2535495836204533,,,,,,,True,False,none
Bukedi,2020,second_season,millet,3,training_crop_season_mean,baseline,raw,2.0388508171880413,0.5594497992616587,2.0662856437501507,0.49735850693119044,2.0388508171880413,0.5594497992616587,,,,,,,True,False,none
Bukedi,2020,second_season,rice,3,training_crop_season_mean,baseline,raw,1.4277627442802343,1.7161991129933054,2.0662856437501507,1.63417854787639,1.4277627442802343,1.7161991129933054,,,,,,,True,False,none
Bukedi,2020,second_season,simsim,3,training_crop_season_mean,baseline,raw,0.3924463982333242,0.4608325580104872,2.0662856437501507,0.4267172973635351,0.3924463982333242,0.4608325580104872,,,,,,,True,False,none
Bukedi,2020,second_season,sorghum,3,training_crop_season_mean,baseline,raw,0.8805407710527358,1.9949879557283834,2.0662856437501507,1.4121707856008021,0.8805407710527358,1.9949879557283834,,,,,,,True,False,none
Bukedi,2020,second_season,soya_beans,3,training_crop_season_mean,baseline,raw,0.8286553858983726,5.5549015144804335,2.0662856437501507,2.823781736252928,0.8286553858983726,5.5549015144804335,,,,,,,True,False,none
Bukedi,2020,second_season,sweet_potatoes,3,training_crop_season_mean,baseline,raw,6.335755329287477,8.704794250448009,2.0662856437501507,6.104335473351614,6.335755329287477,8.704794250448009,,,,,,,True,False,none
West Nile,2020,first_season,beans,3,training_crop_season_mean,baseline,raw,0.5251432400895707,0.6358008225647781,2.0662856437501507,0.7992436624389453,0.5251432400895707,0.6358008225647781,,,,,,,True,False,none
West Nile,2020,first_season,groundnuts,3,training_crop_season_mean,baseline,raw,0.4055485017270916,0.48705666755819604,2.0662856437501507,0.5683245101391033,0.4055485017270916,0.48705666755819604,,,,,,,True,False,none
West Nile,2020,first_season,irish_potatoes,3,training_crop_season_mean,baseline,raw,1.4211566881060225,3.523883037899011,2.0662856437501507,4.967854759378325,1.4211566881060225,3.523883037899011,,,,,,,True,False,none
West Nile,2020,first_season,maize,3,training_crop_season_mean,baseline,raw,1.2660956469166913,1.8832499701980614,2.0662856437501507,2.5683997769092572,1.2660956469166913,1.8832499701980614,,,,,,,True,False,none
West Nile,2020,first_season,millet,3,training_crop_season_mean,baseline,raw,0.2167646962160385,0.44091187753985567,2.0662856437501507,0.49735850693119044,0.2167646962160385,0.44091187753985567,,,,,,,True,False,none
West Nile,2020,first_season,rice,3,training_crop_season_mean,baseline,raw,1.4018188844017143,1.5670708127807322,2.0662856437501507,1.63417854787639,1.4018188844017143,1.5670708127807322,,,,,,,True,False,none
West Nile,2020,first_season,simsim,3,training_crop_season_mean,baseline,raw,0.4766810107273866,0.400183205749239,2.0662856437501507,0.4267172973635351,0.4766810107273866,0.400183205749239,,,,,,,True,False,none
West Nile,2020,first_season,sorghum,3,training_crop_season_mean,baseline,raw,0.391054248417342,0.829353615473221,2.0662856437501507,1.4121707856008021,0.391054248417342,0.829353615473221,,,,,,,True,False,none
West Nile,2020,first_season,soya_beans,3,training_crop_season_mean,baseline,raw,0.8717117441917551,0.5892291904304225,2.0662856437501507,2.823781736252928,0.8717117441917551,0.5892291904304225,,,,,,,True,False,none
West Nile,2020,first_season,sweet_potatoes,3,training_crop_season_mean,baseline,raw,5.41252141626667,3.503876696255219,2.0662856437501507,6.104335473351614,5.41252141626667,3.503876696255219,,,,,,,True,False,none
West Nile,2020,second_season,beans,3,training_crop_season_mean,baseline,raw,0.7559563988183644,0.9790307863005291,2.0662856437501507,0.7992436624389453,0.7559563988183644,0.9790307863005291,,,,,,,True,False,none
West Nile,2020,second_season,groundnuts,3,training_crop_season_mean,baseline,raw,0.6957406402698985,0.6495923527200106,2.0662856437501507,0.5683245101391033,0.6957406402698985,0.6495923527200106,,,,,,,True,False,none
West Nile,2020,second_season,irish_potatoes,3,training_crop_season_mean,baseline,raw,3.3207905514628413,6.411826480857639,2.0662856437501507,4.967854759378325,3.3207905514628413,6.411826480857639,,,,,,,True,False,none
West Nile,2020,second_season,maize,3,training_crop_season_mean,baseline,raw,2.6368413584111803,3.2535495836204533,2.0662856437501507,2.5683997769092572,2.6368413584111803,3.2535495836204533,,,,,,,True,False,none
West Nile,2020,second_season,millet,3,training_crop_season_mean,baseline,raw,0.6973987237560337,0.5594497992616587,2.0662856437501507,0.49735850693119044,0.6973987237560337,0.5594497992616587,,,,,,,True,False,none
West Nile,2020,second_season,rice,3,training_crop_season_mean,baseline,raw,1.5518859303284125,1.7161991129933054,2.0662856437501507,1.63417854787639,1.5518859303284125,1.7161991129933054,,,,,,,True,False,none
West Nile,2020,second_season,simsim,3,training_crop_season_mean,baseline,raw,0.3973328781148473,0.4608325580104872,2.0662856437501507,0.4267172973635351,0.3973328781148473,0.4608325580104872,,,,,,,True,False,none
West Nile,2020,second_season,sorghum,3,training_crop_season_mean,baseline,raw,1.2622030417153625,1.9949879557283834,2.0662856437501507,1.4121707856008021,1.2622030417153625,1.9949879557283834,,,,,,,True,False,none
West Nile,2020,second_season,soya_beans,3,training_crop_season_mean,baseline,raw,0.6049960464155939,5.5549015144804335,2.0662856437501507,2.823781736252928,0.6049960464155939,5.5549015144804335,,,,,,,True,False,none
West Nile,2020,second_season,sweet_potatoes,3,training_crop_season_mean,baseline,raw,10.90567139457088,8.704794250448009,2.0662856437501507,6.104335473351614,10.90567139457088,8.704794250448009,,,,,,,True,False,none
Busoga,2020,first_season,beans,4,training_global_mean,baseline,raw,0.6401206168693182,1.8016671470305063,1.8016671470305063,0.7725881369501938,0.6401206168693182,1.8016671470305063,,,,,,,True,False,none
Busoga,2020,first_season,groundnuts,4,training_global_mean,baseline,raw,0.3322482939632105,1.8016671470305063,1.8016671470305063,0.5479446238104857,0.3322482939632105,1.8016671470305063,,,,,,,True,False,none
Busoga,2020,first_season,maize,4,training_global_mean,baseline,raw,1.5222384603844508,1.8016671470305063,1.8016671470305063,2.6412707918169636,1.5222384603844508,1.8016671470305063,,,,,,,True,False,none
Busoga,2020,first_season,millet,4,training_global_mean,baseline,raw,0.6572884828877947,1.8016671470305063,1.8016671470305063,0.5738783706046435,0.6572884828877947,1.8016671470305063,,,,,,,True,False,none
Busoga,2020,first_season,rice,4,training_global_mean,baseline,raw,1.4797729580148753,1.8016671470305063,1.8016671470305063,1.4257179867225263,1.4797729580148753,1.8016671470305063,,,,,,,True,False,none
Busoga,2020,first_season,simsim,4,training_global_mean,baseline,raw,0.3994351113633946,1.8016671470305063,1.8016671470305063,0.42925700279116347,0.3994351113633946,1.8016671470305063,,,,,,,True,False,none
Busoga,2020,first_season,sorghum,4,training_global_mean,baseline,raw,0.6036980012037914,1.8016671470305063,1.8016671470305063,1.3361928120558897,0.6036980012037914,1.8016671470305063,,,,,,,True,False,none
Busoga,2020,first_season,soya_beans,4,training_global_mean,baseline,raw,0.4333391184708587,1.8016671470305063,1.8016671470305063,0.6555232704687651,0.4333391184708587,1.8016671470305063,,,,,,,True,False,none
Busoga,2020,first_season,sweet_potatoes,4,training_global_mean,baseline,raw,3.4113171715767456,1.8016671470305063,1.8016671470305063,6.5300697168629425,3.4113171715767456,1.8016671470305063,,,,,,,True,False,none
Busoga,2020,second_season,beans,4,training_global_mean,baseline,raw,0.8018694899438293,1.8016671470305063,1.8016671470305063,0.7725881369501938,0.8018694899438293,1.8016671470305063,,,,,,,True,False,none
Busoga,2020,second_season,groundnuts,4,training_global_mean,baseline,raw,0.4062549460293829,1.8016671470305063,1.8016671470305063,0.5479446238104857,0.4062549460293829,1.8016671470305063,,,,,,,True,False,none
Busoga,2020,second_season,maize,4,training_global_mean,baseline,raw,1.7237131684916815,1.8016671470305063,1.8016671470305063,2.6412707918169636,1.7237131684916815,1.8016671470305063,,,,,,,True,False,none
Busoga,2020,second_season,millet,4,training_global_mean,baseline,raw,0.2369138654637815,1.8016671470305063,1.8016671470305063,0.5738783706046435,0.2369138654637815,1.8016671470305063,,,,,,,True,False,none
Busoga,2020,second_season,rice,4,training_global_mean,baseline,raw,2.088480457936548,1.8016671470305063,1.8016671470305063,1.4257179867225263,2.088480457936548,1.8016671470305063,,,,,,,True,False,none
Busoga,2020,second_season,simsim,4,training_global_mean,baseline,raw,0.2995884010467337,1.8016671470305063,1.8016671470305063,0.42925700279116347,0.2995884010467337,1.8016671470305063,,,,,,,True,False,none
Busoga,2020,second_season,sorghum,4,training_global_mean,baseline,raw,0.6561084833674863,1.8016671470305063,1.8016671470305063,1.3361928120558897,0.6561084833674863,1.8016671470305063,,,,,,,True,False,none
Busoga,2020,second_season,soya_beans,4,training_global_mean,baseline,raw,0.5938545772757312,1.8016671470305063,1.8016671470305063,0.6555232704687651,0.5938545772757312,1.8016671470305063,,,,,,,True,False,none
Busoga,2020,second_season,sweet_potatoes,4,training_global_mean,baseline,raw,4.046477355605773,1.8016671470305063,1.8016671470305063,6.5300697168629425,4.046477355605773,1.8016671470305063,,,,,,,True,False,none
Kigezi,2020,first_season,beans,4,training_global_mean,baseline,raw,0.6821726355797036,1.8016671470305063,1.8016671470305063,0.7725881369501938,0.6821726355797036,1.8016671470305063,,,,,,,True,False,none
Kigezi,2020,first_season,groundnuts,4,training_global_mean,baseline,raw,0.4632654520489824,1.8016671470305063,1.8016671470305063,0.5479446238104857,0.4632654520489824,1.8016671470305063,,,,,,,True,False,none
Kigezi,2020,first_season,irish_potatoes,4,training_global_mean,baseline,raw,5.319403533719373,1.8016671470305063,1.8016671470305063,4.047210229393464,5.319403533719373,1.8016671470305063,,,,,,,True,False,none
Kigezi,2020,first_season,maize,4,training_global_mean,baseline,raw,1.6788303054282812,1.8016671470305063,1.8016671470305063,2.6412707918169636,1.6788303054282812,1.8016671470305063,,,,,,,True,False,none
Kigezi,2020,first_season,millet,4,training_global_mean,baseline,raw,0.7582314811841495,1.8016671470305063,1.8016671470305063,0.5738783706046435,0.7582314811841495,1.8016671470305063,,,,,,,True,False,none
Kigezi,2020,first_season,rice,4,training_global_mean,baseline,raw,1.457131297713486,1.8016671470305063,1.8016671470305063,1.4257179867225263,1.457131297713486,1.8016671470305063,,,,,,,True,False,none
Kigezi,2020,first_season,sorghum,4,training_global_mean,baseline,raw,0.9963816683569464,1.8016671470305063,1.8016671470305063,1.3361928120558897,0.9963816683569464,1.8016671470305063,,,,,,,True,False,none
Kigezi,2020,first_season,soya_beans,4,training_global_mean,baseline,raw,0.5069027622936974,1.8016671470305063,1.8016671470305063,0.6555232704687651,0.5069027622936974,1.8016671470305063,,,,,,,True,False,none
Kigezi,2020,first_season,sweet_potatoes,4,training_global_mean,baseline,raw,3.68073317352751,1.8016671470305063,1.8016671470305063,6.5300697168629425,3.68073317352751,1.8016671470305063,,,,,,,True,False,none
Kigezi,2020,second_season,beans,4,training_global_mean,baseline,raw,1.2309422257456628,1.8016671470305063,1.8016671470305063,0.7725881369501938,1.2309422257456628,1.8016671470305063,,,,,,,True,False,none
Kigezi,2020,second_season,groundnuts,4,training_global_mean,baseline,raw,0.7496304931127425,1.8016671470305063,1.8016671470305063,0.5479446238104857,0.7496304931127425,1.8016671470305063,,,,,,,True,False,none
Kigezi,2020,second_season,irish_potatoes,4,training_global_mean,baseline,raw,7.829884297424306,1.8016671470305063,1.8016671470305063,4.047210229393464,7.829884297424306,1.8016671470305063,,,,,,,True,False,none
Kigezi,2020,second_season,maize,4,training_global_mean,baseline,raw,4.580426866194772,1.8016671470305063,1.8016671470305063,2.6412707918169636,4.580426866194772,1.8016671470305063,,,,,,,True,False,none
Kigezi,2020,second_season,millet,4,training_global_mean,baseline,raw,0.96011465247634,1.8016671470305063,1.8016671470305063,0.5738783706046435,0.96011465247634,1.8016671470305063,,,,,,,True,False,none
Kigezi,2020,second_season,rice,4,training_global_mean,baseline,raw,3.966514747112424,1.8016671470305063,1.8016671470305063,1.4257179867225263,3.966514747112424,1.8016671470305063,,,,,,,True,False,none
Kigezi,2020,second_season,sorghum,4,training_global_mean,baseline,raw,0.9034020239226584,1.8016671470305063,1.8016671470305063,1.3361928120558897,0.9034020239226584,1.8016671470305063,,,,,,,True,False,none
Kigezi,2020,second_season,soya_beans,4,training_global_mean,baseline,raw,44.29863915774654,1.8016671470305063,1.8016671470305063,0.6555232704687651,44.29863915774654,1.8016671470305063,,,,,,,True,False,none
Kigezi,2020,second_season,sweet_potatoes,4,training_global_mean,baseline,raw,7.307468270304063,1.8016671470305063,1.8016671470305063,6.5300697168629425,7.307468270304063,1.8016671470305063,,,,,,,True,False,none
South Buganda,2020,first_season,beans,4,training_global_mean,baseline,raw,0.6286830497610721,1.8016671470305063,1.8016671470305063,0.7725881369501938,0.6286830497610721,1.8016671470305063,,,,,,,True,False,none
South Buganda,2020,first_season,groundnuts,4,training_global_mean,baseline,raw,0.6198068833094821,1.8016671470305063,1.8016671470305063,0.5479446238104857,0.6198068833094821,1.8016671470305063,,,,,,,True,False,none
South Buganda,2020,first_season,irish_potatoes,4,training_global_mean,baseline,raw,3.3283582090790134,1.8016671470305063,1.8016671470305063,4.047210229393464,3.3283582090790134,1.8016671470305063,,,,,,,True,False,none
South Buganda,2020,first_season,maize,4,training_global_mean,baseline,raw,1.658719821291578,1.8016671470305063,1.8016671470305063,2.6412707918169636,1.658719821291578,1.8016671470305063,,,,,,,True,False,none
South Buganda,2020,first_season,millet,4,training_global_mean,baseline,raw,0.4388892155530794,1.8016671470305063,1.8016671470305063,0.5738783706046435,0.4388892155530794,1.8016671470305063,,,,,,,True,False,none
South Buganda,2020,first_season,rice,4,training_global_mean,baseline,raw,2.3727137710817736,1.8016671470305063,1.8016671470305063,1.4257179867225263,2.3727137710817736,1.8016671470305063,,,,,,,True,False,none
South Buganda,2020,first_season,sorghum,4,training_global_mean,baseline,raw,0.5363321684614435,1.8016671470305063,1.8016671470305063,1.3361928120558897,0.5363321684614435,1.8016671470305063,,,,,,,True,False,none
South Buganda,2020,first_season,soya_beans,4,training_global_mean,baseline,raw,0.5931784427704433,1.8016671470305063,1.8016671470305063,0.6555232704687651,0.5931784427704433,1.8016671470305063,,,,,,,True,False,none
South Buganda,2020,first_season,sweet_potatoes,4,training_global_mean,baseline,raw,3.666537379696348,1.8016671470305063,1.8016671470305063,6.5300697168629425,3.666537379696348,1.8016671470305063,,,,,,,True,False,none
South Buganda,2020,second_season,beans,4,training_global_mean,baseline,raw,1.1321807165247713,1.8016671470305063,1.8016671470305063,0.7725881369501938,1.1321807165247713,1.8016671470305063,,,,,,,True,False,none
South Buganda,2020,second_season,groundnuts,4,training_global_mean,baseline,raw,1.0649682679639256,1.8016671470305063,1.8016671470305063,0.5479446238104857,1.0649682679639256,1.8016671470305063,,,,,,,True,False,none
South Buganda,2020,second_season,irish_potatoes,4,training_global_mean,baseline,raw,6.759325459944138,1.8016671470305063,1.8016671470305063,4.047210229393464,6.759325459944138,1.8016671470305063,,,,,,,True,False,none
South Buganda,2020,second_season,maize,4,training_global_mean,baseline,raw,2.314641460829224,1.8016671470305063,1.8016671470305063,2.6412707918169636,2.314641460829224,1.8016671470305063,,,,,,,True,False,none
South Buganda,2020,second_season,millet,4,training_global_mean,baseline,raw,0.721953108076217,1.8016671470305063,1.8016671470305063,0.5738783706046435,0.721953108076217,1.8016671470305063,,,,,,,True,False,none
South Buganda,2020,second_season,sorghum,4,training_global_mean,baseline,raw,3.5799019725152155,1.8016671470305063,1.8016671470305063,1.3361928120558897,3.5799019725152155,1.8016671470305063,,,,,,,True,False,none
South Buganda,2020,second_season,sweet_potatoes,4,training_global_mean,baseline,raw,6.065522206096139,1.8016671470305063,1.8016671470305063,6.5300697168629425,6.065522206096139,1.8016671470305063,,,,,,,True,False,none
Busoga,2020,first_season,beans,4,training_crop_mean,baseline,raw,0.6401206168693182,0.7725881369501938,1.8016671470305063,0.7725881369501938,0.6401206168693182,0.7725881369501938,,,,,,,True,False,none
Busoga,2020,first_season,groundnuts,4,training_crop_mean,baseline,raw,0.3322482939632105,0.5479446238104857,1.8016671470305063,0.5479446238104857,0.3322482939632105,0.5479446238104857,,,,,,,True,False,none
Busoga,2020,first_season,maize,4,training_crop_mean,baseline,raw,1.5222384603844508,2.6412707918169636,1.8016671470305063,2.6412707918169636,1.5222384603844508,2.6412707918169636,,,,,,,True,False,none
Busoga,2020,first_season,millet,4,training_crop_mean,baseline,raw,0.6572884828877947,0.5738783706046435,1.8016671470305063,0.5738783706046435,0.6572884828877947,0.5738783706046435,,,,,,,True,False,none
Busoga,2020,first_season,rice,4,training_crop_mean,baseline,raw,1.4797729580148753,1.4257179867225263,1.8016671470305063,1.4257179867225263,1.4797729580148753,1.4257179867225263,,,,,,,True,False,none
Busoga,2020,first_season,simsim,4,training_crop_mean,baseline,raw,0.3994351113633946,0.42925700279116347,1.8016671470305063,0.42925700279116347,0.3994351113633946,0.42925700279116347,,,,,,,True,False,none
Busoga,2020,first_season,sorghum,4,training_crop_mean,baseline,raw,0.6036980012037914,1.3361928120558897,1.8016671470305063,1.3361928120558897,0.6036980012037914,1.3361928120558897,,,,,,,True,False,none
Busoga,2020,first_season,soya_beans,4,training_crop_mean,baseline,raw,0.4333391184708587,0.6555232704687651,1.8016671470305063,0.6555232704687651,0.4333391184708587,0.6555232704687651,,,,,,,True,False,none
Busoga,2020,first_season,sweet_potatoes,4,training_crop_mean,baseline,raw,3.4113171715767456,6.5300697168629425,1.8016671470305063,6.5300697168629425,3.4113171715767456,6.5300697168629425,,,,,,,True,False,none
Busoga,2020,second_season,beans,4,training_crop_mean,baseline,raw,0.8018694899438293,0.7725881369501938,1.8016671470305063,0.7725881369501938,0.8018694899438293,0.7725881369501938,,,,,,,True,False,none
Busoga,2020,second_season,groundnuts,4,training_crop_mean,baseline,raw,0.4062549460293829,0.5479446238104857,1.8016671470305063,0.5479446238104857,0.4062549460293829,0.5479446238104857,,,,,,,True,False,none
Busoga,2020,second_season,maize,4,training_crop_mean,baseline,raw,1.7237131684916815,2.6412707918169636,1.8016671470305063,2.6412707918169636,1.7237131684916815,2.6412707918169636,,,,,,,True,False,none
Busoga,2020,second_season,millet,4,training_crop_mean,baseline,raw,0.2369138654637815,0.5738783706046435,1.8016671470305063,0.5738783706046435,0.2369138654637815,0.5738783706046435,,,,,,,True,False,none
Busoga,2020,second_season,rice,4,training_crop_mean,baseline,raw,2.088480457936548,1.4257179867225263,1.8016671470305063,1.4257179867225263,2.088480457936548,1.4257179867225263,,,,,,,True,False,none
Busoga,2020,second_season,simsim,4,training_crop_mean,baseline,raw,0.2995884010467337,0.42925700279116347,1.8016671470305063,0.42925700279116347,0.2995884010467337,0.42925700279116347,,,,,,,True,False,none
Busoga,2020,second_season,sorghum,4,training_crop_mean,baseline,raw,0.6561084833674863,1.3361928120558897,1.8016671470305063,1.3361928120558897,0.6561084833674863,1.3361928120558897,,,,,,,True,False,none
Busoga,2020,second_season,soya_beans,4,training_crop_mean,baseline,raw,0.5938545772757312,0.6555232704687651,1.8016671470305063,0.6555232704687651,0.5938545772757312,0.6555232704687651,,,,,,,True,False,none
Busoga,2020,second_season,sweet_potatoes,4,training_crop_mean,baseline,raw,4.046477355605773,6.5300697168629425,1.8016671470305063,6.5300697168629425,4.046477355605773,6.5300697168629425,,,,,,,True,False,none
Kigezi,2020,first_season,beans,4,training_crop_mean,baseline,raw,0.6821726355797036,0.7725881369501938,1.8016671470305063,0.7725881369501938,0.6821726355797036,0.7725881369501938,,,,,,,True,False,none
Kigezi,2020,first_season,groundnuts,4,training_crop_mean,baseline,raw,0.4632654520489824,0.5479446238104857,1.8016671470305063,0.5479446238104857,0.4632654520489824,0.5479446238104857,,,,,,,True,False,none
Kigezi,2020,first_season,irish_potatoes,4,training_crop_mean,baseline,raw,5.319403533719373,4.047210229393464,1.8016671470305063,4.047210229393464,5.319403533719373,4.047210229393464,,,,,,,True,False,none
Kigezi,2020,first_season,maize,4,training_crop_mean,baseline,raw,1.6788303054282812,2.6412707918169636,1.8016671470305063,2.6412707918169636,1.6788303054282812,2.6412707918169636,,,,,,,True,False,none
Kigezi,2020,first_season,millet,4,training_crop_mean,baseline,raw,0.7582314811841495,0.5738783706046435,1.8016671470305063,0.5738783706046435,0.7582314811841495,0.5738783706046435,,,,,,,True,False,none
Kigezi,2020,first_season,rice,4,training_crop_mean,baseline,raw,1.457131297713486,1.4257179867225263,1.8016671470305063,1.4257179867225263,1.457131297713486,1.4257179867225263,,,,,,,True,False,none
Kigezi,2020,first_season,sorghum,4,training_crop_mean,baseline,raw,0.9963816683569464,1.3361928120558897,1.8016671470305063,1.3361928120558897,0.9963816683569464,1.3361928120558897,,,,,,,True,False,none
Kigezi,2020,first_season,soya_beans,4,training_crop_mean,baseline,raw,0.5069027622936974,0.6555232704687651,1.8016671470305063,0.6555232704687651,0.5069027622936974,0.6555232704687651,,,,,,,True,False,none
Kigezi,2020,first_season,sweet_potatoes,4,training_crop_mean,baseline,raw,3.68073317352751,6.5300697168629425,1.8016671470305063,6.5300697168629425,3.68073317352751,6.5300697168629425,,,,,,,True,False,none
Kigezi,2020,second_season,beans,4,training_crop_mean,baseline,raw,1.2309422257456628,0.7725881369501938,1.8016671470305063,0.7725881369501938,1.2309422257456628,0.7725881369501938,,,,,,,True,False,none
Kigezi,2020,second_season,groundnuts,4,training_crop_mean,baseline,raw,0.7496304931127425,0.5479446238104857,1.8016671470305063,0.5479446238104857,0.7496304931127425,0.5479446238104857,,,,,,,True,False,none
Kigezi,2020,second_season,irish_potatoes,4,training_crop_mean,baseline,raw,7.829884297424306,4.047210229393464,1.8016671470305063,4.047210229393464,7.829884297424306,4.047210229393464,,,,,,,True,False,none
Kigezi,2020,second_season,maize,4,training_crop_mean,baseline,raw,4.580426866194772,2.6412707918169636,1.8016671470305063,2.6412707918169636,4.580426866194772,2.6412707918169636,,,,,,,True,False,none
Kigezi,2020,second_season,millet,4,training_crop_mean,baseline,raw,0.96011465247634,0.5738783706046435,1.8016671470305063,0.5738783706046435,0.96011465247634,0.5738783706046435,,,,,,,True,False,none
Kigezi,2020,second_season,rice,4,training_crop_mean,baseline,raw,3.966514747112424,1.4257179867225263,1.8016671470305063,1.4257179867225263,3.966514747112424,1.4257179867225263,,,,,,,True,False,none
Kigezi,2020,second_season,sorghum,4,training_crop_mean,baseline,raw,0.9034020239226584,1.3361928120558897,1.8016671470305063,1.3361928120558897,0.9034020239226584,1.3361928120558897,,,,,,,True,False,none
Kigezi,2020,second_season,soya_beans,4,training_crop_mean,baseline,raw,44.29863915774654,0.6555232704687651,1.8016671470305063,0.6555232704687651,44.29863915774654,0.6555232704687651,,,,,,,True,False,none
Kigezi,2020,second_season,sweet_potatoes,4,training_crop_mean,baseline,raw,7.307468270304063,6.5300697168629425,1.8016671470305063,6.5300697168629425,7.307468270304063,6.5300697168629425,,,,,,,True,False,none
South Buganda,2020,first_season,beans,4,training_crop_mean,baseline,raw,0.6286830497610721,0.7725881369501938,1.8016671470305063,0.7725881369501938,0.6286830497610721,0.7725881369501938,,,,,,,True,False,none
South Buganda,2020,first_season,groundnuts,4,training_crop_mean,baseline,raw,0.6198068833094821,0.5479446238104857,1.8016671470305063,0.5479446238104857,0.6198068833094821,0.5479446238104857,,,,,,,True,False,none
South Buganda,2020,first_season,irish_potatoes,4,training_crop_mean,baseline,raw,3.3283582090790134,4.047210229393464,1.8016671470305063,4.047210229393464,3.3283582090790134,4.047210229393464,,,,,,,True,False,none
South Buganda,2020,first_season,maize,4,training_crop_mean,baseline,raw,1.658719821291578,2.6412707918169636,1.8016671470305063,2.6412707918169636,1.658719821291578,2.6412707918169636,,,,,,,True,False,none
South Buganda,2020,first_season,millet,4,training_crop_mean,baseline,raw,0.4388892155530794,0.5738783706046435,1.8016671470305063,0.5738783706046435,0.4388892155530794,0.5738783706046435,,,,,,,True,False,none
South Buganda,2020,first_season,rice,4,training_crop_mean,baseline,raw,2.3727137710817736,1.4257179867225263,1.8016671470305063,1.4257179867225263,2.3727137710817736,1.4257179867225263,,,,,,,True,False,none
South Buganda,2020,first_season,sorghum,4,training_crop_mean,baseline,raw,0.5363321684614435,1.3361928120558897,1.8016671470305063,1.3361928120558897,0.5363321684614435,1.3361928120558897,,,,,,,True,False,none
South Buganda,2020,first_season,soya_beans,4,training_crop_mean,baseline,raw,0.5931784427704433,0.6555232704687651,1.8016671470305063,0.6555232704687651,0.5931784427704433,0.6555232704687651,,,,,,,True,False,none
South Buganda,2020,first_season,sweet_potatoes,4,training_crop_mean,baseline,raw,3.666537379696348,6.5300697168629425,1.8016671470305063,6.5300697168629425,3.666537379696348,6.5300697168629425,,,,,,,True,False,none
South Buganda,2020,second_season,beans,4,training_crop_mean,baseline,raw,1.1321807165247713,0.7725881369501938,1.8016671470305063,0.7725881369501938,1.1321807165247713,0.7725881369501938,,,,,,,True,False,none
South Buganda,2020,second_season,groundnuts,4,training_crop_mean,baseline,raw,1.0649682679639256,0.5479446238104857,1.8016671470305063,0.5479446238104857,1.0649682679639256,0.5479446238104857,,,,,,,True,False,none
South Buganda,2020,second_season,irish_potatoes,4,training_crop_mean,baseline,raw,6.759325459944138,4.047210229393464,1.8016671470305063,4.047210229393464,6.759325459944138,4.047210229393464,,,,,,,True,False,none
South Buganda,2020,second_season,maize,4,training_crop_mean,baseline,raw,2.314641460829224,2.6412707918169636,1.8016671470305063,2.6412707918169636,2.314641460829224,2.6412707918169636,,,,,,,True,False,none
South Buganda,2020,second_season,millet,4,training_crop_mean,baseline,raw,0.721953108076217,0.5738783706046435,1.8016671470305063,0.5738783706046435,0.721953108076217,0.5738783706046435,,,,,,,True,False,none
South Buganda,2020,second_season,sorghum,4,training_crop_mean,baseline,raw,3.5799019725152155,1.3361928120558897,1.8016671470305063,1.3361928120558897,3.5799019725152155,1.3361928120558897,,,,,,,True,False,none
South Buganda,2020,second_season,sweet_potatoes,4,training_crop_mean,baseline,raw,6.065522206096139,6.5300697168629425,1.8016671470305063,6.5300697168629425,6.065522206096139,6.5300697168629425,,,,,,,True,False,none
Busoga,2020,first_season,beans,4,training_crop_season_mean,baseline,raw,0.6401206168693182,0.6178419698554397,1.8016671470305063,0.7725881369501938,0.6401206168693182,0.6178419698554397,,,,,,,True,False,none
Busoga,2020,first_season,groundnuts,4,training_crop_season_mean,baseline,raw,0.3322482939632105,0.4831021671641009,1.8016671470305063,0.5479446238104857,0.3322482939632105,0.4831021671641009,,,,,,,True,False,none
Busoga,2020,first_season,maize,4,training_crop_season_mean,baseline,raw,1.5222384603844508,1.9054774058623318,1.8016671470305063,2.6412707918169636,1.5222384603844508,1.9054774058623318,,,,,,,True,False,none
Busoga,2020,first_season,millet,4,training_crop_season_mean,baseline,raw,0.6572884828877947,0.44730653023992595,1.8016671470305063,0.5738783706046435,0.6572884828877947,0.44730653023992595,,,,,,,True,False,none
Busoga,2020,first_season,rice,4,training_crop_season_mean,baseline,raw,1.4797729580148753,1.4718196261228575,1.8016671470305063,1.4257179867225263,1.4797729580148753,1.4718196261228575,,,,,,,True,False,none
Busoga,2020,first_season,simsim,4,training_crop_season_mean,baseline,raw,0.3994351113633946,0.4010607268866093,1.8016671470305063,0.42925700279116347,0.3994351113633946,0.4010607268866093,,,,,,,True,False,none
Busoga,2020,first_season,sorghum,4,training_crop_season_mean,baseline,raw,0.6036980012037914,0.7845160247208487,1.8016671470305063,1.3361928120558897,0.6036980012037914,0.7845160247208487,,,,,,,True,False,none
Busoga,2020,first_season,soya_beans,4,training_crop_season_mean,baseline,raw,0.4333391184708587,0.5977449165236094,1.8016671470305063,0.6555232704687651,0.4333391184708587,0.5977449165236094,,,,,,,True,False,none
Busoga,2020,first_season,sweet_potatoes,4,training_crop_season_mean,baseline,raw,3.4113171715767456,3.664498034423771,1.8016671470305063,6.5300697168629425,3.4113171715767456,3.664498034423771,,,,,,,True,False,none
Busoga,2020,second_season,beans,4,training_crop_season_mean,baseline,raw,0.8018694899438293,0.9428089207544236,1.8016671470305063,0.7725881369501938,0.8018694899438293,0.9428089207544236,,,,,,,True,False,none
Busoga,2020,second_season,groundnuts,4,training_crop_season_mean,baseline,raw,0.4062549460293829,0.6127870804568706,1.8016671470305063,0.5479446238104857,0.4062549460293829,0.6127870804568706,,,,,,,True,False,none
Busoga,2020,second_season,maize,4,training_crop_season_mean,baseline,raw,1.7237131684916815,3.377064177771595,1.8016671470305063,2.6412707918169636,1.7237131684916815,3.377064177771595,,,,,,,True,False,none
Busoga,2020,second_season,millet,4,training_crop_season_mean,baseline,raw,0.2369138654637815,0.7131073950058328,1.8016671470305063,0.5738783706046435,0.2369138654637815,0.7131073950058328,,,,,,,True,False,none
Busoga,2020,second_season,rice,4,training_crop_season_mean,baseline,raw,2.088480457936548,1.3744939429443805,1.8016671470305063,1.4257179867225263,2.088480457936548,1.3744939429443805,,,,,,,True,False,none
Busoga,2020,second_season,simsim,4,training_crop_season_mean,baseline,raw,0.2995884010467337,0.46450234767185605,1.8016671470305063,0.42925700279116347,0.2995884010467337,0.46450234767185605,,,,,,,True,False,none
Busoga,2020,second_season,sorghum,4,training_crop_season_mean,baseline,raw,0.6561084833674863,1.887869599390931,1.8016671470305063,1.3361928120558897,0.6561084833674863,1.887869599390931,,,,,,,True,False,none
Busoga,2020,second_season,soya_beans,4,training_crop_season_mean,baseline,raw,0.5938545772757312,0.7261412586239555,1.8016671470305063,0.6555232704687651,0.5938545772757312,0.7261412586239555,,,,,,,True,False,none
Busoga,2020,second_season,sweet_potatoes,4,training_crop_season_mean,baseline,raw,4.046477355605773,9.395641399302116,1.8016671470305063,6.5300697168629425,4.046477355605773,9.395641399302116,,,,,,,True,False,none
Kigezi,2020,first_season,beans,4,training_crop_season_mean,baseline,raw,0.6821726355797036,0.6178419698554397,1.8016671470305063,0.7725881369501938,0.6821726355797036,0.6178419698554397,,,,,,,True,False,none
Kigezi,2020,first_season,groundnuts,4,training_crop_season_mean,baseline,raw,0.4632654520489824,0.4831021671641009,1.8016671470305063,0.5479446238104857,0.4632654520489824,0.4831021671641009,,,,,,,True,False,none
Kigezi,2020,first_season,irish_potatoes,4,training_crop_season_mean,baseline,raw,5.319403533719373,2.7538931366254045,1.8016671470305063,4.047210229393464,5.319403533719373,2.7538931366254045,,,,,,,True,False,none
Kigezi,2020,first_season,maize,4,training_crop_season_mean,baseline,raw,1.6788303054282812,1.9054774058623318,1.8016671470305063,2.6412707918169636,1.6788303054282812,1.9054774058623318,,,,,,,True,False,none
Kigezi,2020,first_season,millet,4,training_crop_season_mean,baseline,raw,0.7582314811841495,0.44730653023992595,1.8016671470305063,0.5738783706046435,0.7582314811841495,0.44730653023992595,,,,,,,True,False,none
Kigezi,2020,first_season,rice,4,training_crop_season_mean,baseline,raw,1.457131297713486,1.4718196261228575,1.8016671470305063,1.4257179867225263,1.457131297713486,1.4718196261228575,,,,,,,True,False,none
Kigezi,2020,first_season,sorghum,4,training_crop_season_mean,baseline,raw,0.9963816683569464,0.7845160247208487,1.8016671470305063,1.3361928120558897,0.9963816683569464,0.7845160247208487,,,,,,,True,False,none
Kigezi,2020,first_season,soya_beans,4,training_crop_season_mean,baseline,raw,0.5069027622936974,0.5977449165236094,1.8016671470305063,0.6555232704687651,0.5069027622936974,0.5977449165236094,,,,,,,True,False,none
Kigezi,2020,first_season,sweet_potatoes,4,training_crop_season_mean,baseline,raw,3.68073317352751,3.664498034423771,1.8016671470305063,6.5300697168629425,3.68073317352751,3.664498034423771,,,,,,,True,False,none
Kigezi,2020,second_season,beans,4,training_crop_season_mean,baseline,raw,1.2309422257456628,0.9428089207544236,1.8016671470305063,0.7725881369501938,1.2309422257456628,0.9428089207544236,,,,,,,True,False,none
Kigezi,2020,second_season,groundnuts,4,training_crop_season_mean,baseline,raw,0.7496304931127425,0.6127870804568706,1.8016671470305063,0.5479446238104857,0.7496304931127425,0.6127870804568706,,,,,,,True,False,none
Kigezi,2020,second_season,irish_potatoes,4,training_crop_season_mean,baseline,raw,7.829884297424306,5.340527322161523,1.8016671470305063,4.047210229393464,7.829884297424306,5.340527322161523,,,,,,,True,False,none
Kigezi,2020,second_season,maize,4,training_crop_season_mean,baseline,raw,4.580426866194772,3.377064177771595,1.8016671470305063,2.6412707918169636,4.580426866194772,3.377064177771595,,,,,,,True,False,none
Kigezi,2020,second_season,millet,4,training_crop_season_mean,baseline,raw,0.96011465247634,0.7131073950058328,1.8016671470305063,0.5738783706046435,0.96011465247634,0.7131073950058328,,,,,,,True,False,none
Kigezi,2020,second_season,rice,4,training_crop_season_mean,baseline,raw,3.966514747112424,1.3744939429443805,1.8016671470305063,1.4257179867225263,3.966514747112424,1.3744939429443805,,,,,,,True,False,none
Kigezi,2020,second_season,sorghum,4,training_crop_season_mean,baseline,raw,0.9034020239226584,1.887869599390931,1.8016671470305063,1.3361928120558897,0.9034020239226584,1.887869599390931,,,,,,,True,False,none
Kigezi,2020,second_season,soya_beans,4,training_crop_season_mean,baseline,raw,44.29863915774654,0.7261412586239555,1.8016671470305063,0.6555232704687651,44.29863915774654,0.7261412586239555,,,,,,,True,False,none
Kigezi,2020,second_season,sweet_potatoes,4,training_crop_season_mean,baseline,raw,7.307468270304063,9.395641399302116,1.8016671470305063,6.5300697168629425,7.307468270304063,9.395641399302116,,,,,,,True,False,none
South Buganda,2020,first_season,beans,4,training_crop_season_mean,baseline,raw,0.6286830497610721,0.6178419698554397,1.8016671470305063,0.7725881369501938,0.6286830497610721,0.6178419698554397,,,,,,,True,False,none
South Buganda,2020,first_season,groundnuts,4,training_crop_season_mean,baseline,raw,0.6198068833094821,0.4831021671641009,1.8016671470305063,0.5479446238104857,0.6198068833094821,0.4831021671641009,,,,,,,True,False,none
South Buganda,2020,first_season,irish_potatoes,4,training_crop_season_mean,baseline,raw,3.3283582090790134,2.7538931366254045,1.8016671470305063,4.047210229393464,3.3283582090790134,2.7538931366254045,,,,,,,True,False,none
South Buganda,2020,first_season,maize,4,training_crop_season_mean,baseline,raw,1.658719821291578,1.9054774058623318,1.8016671470305063,2.6412707918169636,1.658719821291578,1.9054774058623318,,,,,,,True,False,none
South Buganda,2020,first_season,millet,4,training_crop_season_mean,baseline,raw,0.4388892155530794,0.44730653023992595,1.8016671470305063,0.5738783706046435,0.4388892155530794,0.44730653023992595,,,,,,,True,False,none
South Buganda,2020,first_season,rice,4,training_crop_season_mean,baseline,raw,2.3727137710817736,1.4718196261228575,1.8016671470305063,1.4257179867225263,2.3727137710817736,1.4718196261228575,,,,,,,True,False,none
South Buganda,2020,first_season,sorghum,4,training_crop_season_mean,baseline,raw,0.5363321684614435,0.7845160247208487,1.8016671470305063,1.3361928120558897,0.5363321684614435,0.7845160247208487,,,,,,,True,False,none
South Buganda,2020,first_season,soya_beans,4,training_crop_season_mean,baseline,raw,0.5931784427704433,0.5977449165236094,1.8016671470305063,0.6555232704687651,0.5931784427704433,0.5977449165236094,,,,,,,True,False,none
South Buganda,2020,first_season,sweet_potatoes,4,training_crop_season_mean,baseline,raw,3.666537379696348,3.664498034423771,1.8016671470305063,6.5300697168629425,3.666537379696348,3.664498034423771,,,,,,,True,False,none
South Buganda,2020,second_season,beans,4,training_crop_season_mean,baseline,raw,1.1321807165247713,0.9428089207544236,1.8016671470305063,0.7725881369501938,1.1321807165247713,0.9428089207544236,,,,,,,True,False,none
South Buganda,2020,second_season,groundnuts,4,training_crop_season_mean,baseline,raw,1.0649682679639256,0.6127870804568706,1.8016671470305063,0.5479446238104857,1.0649682679639256,0.6127870804568706,,,,,,,True,False,none
South Buganda,2020,second_season,irish_potatoes,4,training_crop_season_mean,baseline,raw,6.759325459944138,5.340527322161523,1.8016671470305063,4.047210229393464,6.759325459944138,5.340527322161523,,,,,,,True,False,none
South Buganda,2020,second_season,maize,4,training_crop_season_mean,baseline,raw,2.314641460829224,3.377064177771595,1.8016671470305063,2.6412707918169636,2.314641460829224,3.377064177771595,,,,,,,True,False,none
South Buganda,2020,second_season,millet,4,training_crop_season_mean,baseline,raw,0.721953108076217,0.7131073950058328,1.8016671470305063,0.5738783706046435,0.721953108076217,0.7131073950058328,,,,,,,True,False,none
South Buganda,2020,second_season,sorghum,4,training_crop_season_mean,baseline,raw,3.5799019725152155,1.887869599390931,1.8016671470305063,1.3361928120558897,3.5799019725152155,1.887869599390931,,,,,,,True,False,none
South Buganda,2020,second_season,sweet_potatoes,4,training_crop_season_mean,baseline,raw,6.065522206096139,9.395641399302116,1.8016671470305063,6.5300697168629425,6.065522206096139,9.395641399302116,,,,,,,True,False,none
Bunyoro,2020,first_season,beans,5,training_global_mean,baseline,raw,0.8260947143833511,2.0664785772522087,2.0664785772522087,0.7821426946020412,0.8260947143833511,2.0664785772522087,,,,,,,True,False,none
Bunyoro,2020,first_season,groundnuts,5,training_global_mean,baseline,raw,0.6650306538588546,2.0664785772522087,2.0664785772522087,0.5656278431447842,0.6650306538588546,2.0664785772522087,,,,,,,True,False,none
Bunyoro,2020,first_season,irish_potatoes,5,training_global_mean,baseline,raw,2.220589656235262,2.0664785772522087,2.0664785772522087,4.7812646841975734,2.220589656235262,2.0664785772522087,,,,,,,True,False,none
Bunyoro,2020,first_season,maize,5,training_global_mean,baseline,raw,2.3426553850030096,2.0664785772522087,2.0664785772522087,2.4053055087174147,2.3426553850030096,2.0664785772522087,,,,,,,True,False,none
Bunyoro,2020,first_season,millet,5,training_global_mean,baseline,raw,0.2753703982834791,2.0664785772522087,2.0664785772522087,0.6309719027500666,0.2753703982834791,2.0664785772522087,,,,,,,True,False,none
Bunyoro,2020,first_season,rice,5,training_global_mean,baseline,raw,1.4308437859507233,2.0664785772522087,2.0664785772522087,1.611955233813348,1.4308437859507233,2.0664785772522087,,,,,,,True,False,none
Bunyoro,2020,first_season,simsim,5,training_global_mean,baseline,raw,0.5005342402042084,2.0664785772522087,2.0664785772522087,0.42646604553162476,0.5005342402042084,2.0664785772522087,,,,,,,True,False,none
Bunyoro,2020,first_season,sorghum,5,training_global_mean,baseline,raw,1.3881045542850072,2.0664785772522087,2.0664785772522087,1.3031889535170247,1.3881045542850072,2.0664785772522087,,,,,,,True,False,none
Bunyoro,2020,first_season,soya_beans,5,training_global_mean,baseline,raw,0.6855186697585186,2.0664785772522087,2.0664785772522087,2.6171380251865526,0.6855186697585186,2.0664785772522087,,,,,,,True,False,none
Bunyoro,2020,first_season,sweet_potatoes,5,training_global_mean,baseline,raw,2.0298423975087787,2.0664785772522087,2.0664785772522087,6.191142717319159,2.0298423975087787,2.0664785772522087,,,,,,,True,False,none
Bunyoro,2020,second_season,beans,5,training_global_mean,baseline,raw,1.200511704804833,2.0664785772522087,2.0664785772522087,0.7821426946020412,1.200511704804833,2.0664785772522087,,,,,,,True,False,none
Bunyoro,2020,second_season,groundnuts,5,training_global_mean,baseline,raw,0.7713261452057008,2.0664785772522087,2.0664785772522087,0.5656278431447842,0.7713261452057008,2.0664785772522087,,,,,,,True,False,none
Bunyoro,2020,second_season,irish_potatoes,5,training_global_mean,baseline,raw,2.6451990178871103,2.0664785772522087,2.0664785772522087,4.7812646841975734,2.6451990178871103,2.0664785772522087,,,,,,,True,False,none
Bunyoro,2020,second_season,maize,5,training_global_mean,baseline,raw,3.0549264654046246,2.0664785772522087,2.0664785772522087,2.4053055087174147,3.0549264654046246,2.0664785772522087,,,,,,,True,False,none
Bunyoro,2020,second_season,millet,5,training_global_mean,baseline,raw,0.4212512776206598,2.0664785772522087,2.0664785772522087,0.6309719027500666,0.4212512776206598,2.0664785772522087,,,,,,,True,False,none
Bunyoro,2020,second_season,rice,5,training_global_mean,baseline,raw,1.6224963809696238,2.0664785772522087,2.0664785772522087,1.611955233813348,1.6224963809696238,2.0664785772522087,,,,,,,True,False,none
Bunyoro,2020,second_season,sorghum,5,training_global_mean,baseline,raw,0.8920114348791089,2.0664785772522087,2.0664785772522087,1.3031889535170247,0.8920114348791089,2.0664785772522087,,,,,,,True,False,none
Bunyoro,2020,second_season,soya_beans,5,training_global_mean,baseline,raw,0.7040260876893635,2.0664785772522087,2.0664785772522087,2.6171380251865526,0.7040260876893635,2.0664785772522087,,,,,,,True,False,none
Bunyoro,2020,second_season,sweet_potatoes,5,training_global_mean,baseline,raw,8.162182280896847,2.0664785772522087,2.0664785772522087,6.191142717319159,8.162182280896847,2.0664785772522087,,,,,,,True,False,none
Karamoja,2020,first_season,beans,5,training_global_mean,baseline,raw,0.5422885207412549,2.0664785772522087,2.0664785772522087,0.7821426946020412,0.5422885207412549,2.0664785772522087,,,,,,,True,False,none
Karamoja,2020,first_season,groundnuts,5,training_global_mean,baseline,raw,0.5747979489963491,2.0664785772522087,2.0664785772522087,0.5656278431447842,0.5747979489963491,2.0664785772522087,,,,,,,True,False,none
Karamoja,2020,first_season,maize,5,training_global_mean,baseline,raw,1.2175480596073385,2.0664785772522087,2.0664785772522087,2.4053055087174147,1.2175480596073385,2.0664785772522087,,,,,,,True,False,none
Karamoja,2020,first_season,millet,5,training_global_mean,baseline,raw,0.2665642826776189,2.0664785772522087,2.0664785772522087,0.6309719027500666,0.2665642826776189,2.0664785772522087,,,,,,,True,False,none
Karamoja,2020,first_season,rice,5,training_global_mean,baseline,raw,1.5488549025864504,2.0664785772522087,2.0664785772522087,1.611955233813348,1.5488549025864504,2.0664785772522087,,,,,,,True,False,none
Karamoja,2020,first_season,simsim,5,training_global_mean,baseline,raw,0.2487265028776165,2.0664785772522087,2.0664785772522087,0.42646604553162476,0.2487265028776165,2.0664785772522087,,,,,,,True,False,none
Karamoja,2020,first_season,sorghum,5,training_global_mean,baseline,raw,0.6347991969213849,2.0664785772522087,2.0664785772522087,1.3031889535170247,0.6347991969213849,2.0664785772522087,,,,,,,True,False,none
Karamoja,2020,first_season,soya_beans,5,training_global_mean,baseline,raw,0.5697981563805337,2.0664785772522087,2.0664785772522087,2.6171380251865526,0.5697981563805337,2.0664785772522087,,,,,,,True,False,none
Karamoja,2020,second_season,groundnuts,5,training_global_mean,baseline,raw,0.1047330767226874,2.0664785772522087,2.0664785772522087,0.5656278431447842,0.1047330767226874,2.0664785772522087,,,,,,,True,False,none
Karamoja,2020,second_season,maize,5,training_global_mean,baseline,raw,7.244065383360269,2.0664785772522087,2.0664785772522087,2.4053055087174147,7.244065383360269,2.0664785772522087,,,,,,,True,False,none
Karamoja,2020,second_season,millet,5,training_global_mean,baseline,raw,0.349296866505584,2.0664785772522087,2.0664785772522087,0.6309719027500666,0.349296866505584,2.0664785772522087,,,,,,,True,False,none
Karamoja,2020,second_season,sorghum,5,training_global_mean,baseline,raw,2.480616112563021,2.0664785772522087,2.0664785772522087,1.3031889535170247,2.480616112563021,2.0664785772522087,,,,,,,True,False,none
Bunyoro,2020,first_season,beans,5,training_crop_mean,baseline,raw,0.8260947143833511,0.7821426946020412,2.0664785772522087,0.7821426946020412,0.8260947143833511,0.7821426946020412,,,,,,,True,False,none
Bunyoro,2020,first_season,groundnuts,5,training_crop_mean,baseline,raw,0.6650306538588546,0.5656278431447842,2.0664785772522087,0.5656278431447842,0.6650306538588546,0.5656278431447842,,,,,,,True,False,none
Bunyoro,2020,first_season,irish_potatoes,5,training_crop_mean,baseline,raw,2.220589656235262,4.7812646841975734,2.0664785772522087,4.7812646841975734,2.220589656235262,4.7812646841975734,,,,,,,True,False,none
Bunyoro,2020,first_season,maize,5,training_crop_mean,baseline,raw,2.3426553850030096,2.4053055087174147,2.0664785772522087,2.4053055087174147,2.3426553850030096,2.4053055087174147,,,,,,,True,False,none
Bunyoro,2020,first_season,millet,5,training_crop_mean,baseline,raw,0.2753703982834791,0.6309719027500666,2.0664785772522087,0.6309719027500666,0.2753703982834791,0.6309719027500666,,,,,,,True,False,none
Bunyoro,2020,first_season,rice,5,training_crop_mean,baseline,raw,1.4308437859507233,1.611955233813348,2.0664785772522087,1.611955233813348,1.4308437859507233,1.611955233813348,,,,,,,True,False,none
Bunyoro,2020,first_season,simsim,5,training_crop_mean,baseline,raw,0.5005342402042084,0.42646604553162476,2.0664785772522087,0.42646604553162476,0.5005342402042084,0.42646604553162476,,,,,,,True,False,none
Bunyoro,2020,first_season,sorghum,5,training_crop_mean,baseline,raw,1.3881045542850072,1.3031889535170247,2.0664785772522087,1.3031889535170247,1.3881045542850072,1.3031889535170247,,,,,,,True,False,none
Bunyoro,2020,first_season,soya_beans,5,training_crop_mean,baseline,raw,0.6855186697585186,2.6171380251865526,2.0664785772522087,2.6171380251865526,0.6855186697585186,2.6171380251865526,,,,,,,True,False,none
Bunyoro,2020,first_season,sweet_potatoes,5,training_crop_mean,baseline,raw,2.0298423975087787,6.191142717319159,2.0664785772522087,6.191142717319159,2.0298423975087787,6.191142717319159,,,,,,,True,False,none
Bunyoro,2020,second_season,beans,5,training_crop_mean,baseline,raw,1.200511704804833,0.7821426946020412,2.0664785772522087,0.7821426946020412,1.200511704804833,0.7821426946020412,,,,,,,True,False,none
Bunyoro,2020,second_season,groundnuts,5,training_crop_mean,baseline,raw,0.7713261452057008,0.5656278431447842,2.0664785772522087,0.5656278431447842,0.7713261452057008,0.5656278431447842,,,,,,,True,False,none
Bunyoro,2020,second_season,irish_potatoes,5,training_crop_mean,baseline,raw,2.6451990178871103,4.7812646841975734,2.0664785772522087,4.7812646841975734,2.6451990178871103,4.7812646841975734,,,,,,,True,False,none
Bunyoro,2020,second_season,maize,5,training_crop_mean,baseline,raw,3.0549264654046246,2.4053055087174147,2.0664785772522087,2.4053055087174147,3.0549264654046246,2.4053055087174147,,,,,,,True,False,none
Bunyoro,2020,second_season,millet,5,training_crop_mean,baseline,raw,0.4212512776206598,0.6309719027500666,2.0664785772522087,0.6309719027500666,0.4212512776206598,0.6309719027500666,,,,,,,True,False,none
Bunyoro,2020,second_season,rice,5,training_crop_mean,baseline,raw,1.6224963809696238,1.611955233813348,2.0664785772522087,1.611955233813348,1.6224963809696238,1.611955233813348,,,,,,,True,False,none
Bunyoro,2020,second_season,sorghum,5,training_crop_mean,baseline,raw,0.8920114348791089,1.3031889535170247,2.0664785772522087,1.3031889535170247,0.8920114348791089,1.3031889535170247,,,,,,,True,False,none
Bunyoro,2020,second_season,soya_beans,5,training_crop_mean,baseline,raw,0.7040260876893635,2.6171380251865526,2.0664785772522087,2.6171380251865526,0.7040260876893635,2.6171380251865526,,,,,,,True,False,none
Bunyoro,2020,second_season,sweet_potatoes,5,training_crop_mean,baseline,raw,8.162182280896847,6.191142717319159,2.0664785772522087,6.191142717319159,8.162182280896847,6.191142717319159,,,,,,,True,False,none
Karamoja,2020,first_season,beans,5,training_crop_mean,baseline,raw,0.5422885207412549,0.7821426946020412,2.0664785772522087,0.7821426946020412,0.5422885207412549,0.7821426946020412,,,,,,,True,False,none
Karamoja,2020,first_season,groundnuts,5,training_crop_mean,baseline,raw,0.5747979489963491,0.5656278431447842,2.0664785772522087,0.5656278431447842,0.5747979489963491,0.5656278431447842,,,,,,,True,False,none
Karamoja,2020,first_season,maize,5,training_crop_mean,baseline,raw,1.2175480596073385,2.4053055087174147,2.0664785772522087,2.4053055087174147,1.2175480596073385,2.4053055087174147,,,,,,,True,False,none
Karamoja,2020,first_season,millet,5,training_crop_mean,baseline,raw,0.2665642826776189,0.6309719027500666,2.0664785772522087,0.6309719027500666,0.2665642826776189,0.6309719027500666,,,,,,,True,False,none
Karamoja,2020,first_season,rice,5,training_crop_mean,baseline,raw,1.5488549025864504,1.611955233813348,2.0664785772522087,1.611955233813348,1.5488549025864504,1.611955233813348,,,,,,,True,False,none
Karamoja,2020,first_season,simsim,5,training_crop_mean,baseline,raw,0.2487265028776165,0.42646604553162476,2.0664785772522087,0.42646604553162476,0.2487265028776165,0.42646604553162476,,,,,,,True,False,none
Karamoja,2020,first_season,sorghum,5,training_crop_mean,baseline,raw,0.6347991969213849,1.3031889535170247,2.0664785772522087,1.3031889535170247,0.6347991969213849,1.3031889535170247,,,,,,,True,False,none
Karamoja,2020,first_season,soya_beans,5,training_crop_mean,baseline,raw,0.5697981563805337,2.6171380251865526,2.0664785772522087,2.6171380251865526,0.5697981563805337,2.6171380251865526,,,,,,,True,False,none
Karamoja,2020,second_season,groundnuts,5,training_crop_mean,baseline,raw,0.1047330767226874,0.5656278431447842,2.0664785772522087,0.5656278431447842,0.1047330767226874,0.5656278431447842,,,,,,,True,False,none
Karamoja,2020,second_season,maize,5,training_crop_mean,baseline,raw,7.244065383360269,2.4053055087174147,2.0664785772522087,2.4053055087174147,7.244065383360269,2.4053055087174147,,,,,,,True,False,none
Karamoja,2020,second_season,millet,5,training_crop_mean,baseline,raw,0.349296866505584,0.6309719027500666,2.0664785772522087,0.6309719027500666,0.349296866505584,0.6309719027500666,,,,,,,True,False,none
Karamoja,2020,second_season,sorghum,5,training_crop_mean,baseline,raw,2.480616112563021,1.3031889535170247,2.0664785772522087,1.3031889535170247,2.480616112563021,1.3031889535170247,,,,,,,True,False,none
Bunyoro,2020,first_season,beans,5,training_crop_season_mean,baseline,raw,0.8260947143833511,0.614904561291277,2.0664785772522087,0.7821426946020412,0.8260947143833511,0.614904561291277,,,,,,,True,False,none
Bunyoro,2020,first_season,groundnuts,5,training_crop_season_mean,baseline,raw,0.6650306538588546,0.4574679887726318,2.0664785772522087,0.5656278431447842,0.6650306538588546,0.4574679887726318,,,,,,,True,False,none
Bunyoro,2020,first_season,irish_potatoes,5,training_crop_season_mean,baseline,raw,2.220589656235262,3.2786472723307933,2.0664785772522087,4.7812646841975734,2.220589656235262,3.2786472723307933,,,,,,,True,False,none
Bunyoro,2020,first_season,maize,5,training_crop_season_mean,baseline,raw,2.3426553850030096,1.8549863839149676,2.0664785772522087,2.4053055087174147,2.3426553850030096,1.8549863839149676,,,,,,,True,False,none
Bunyoro,2020,first_season,millet,5,training_crop_season_mean,baseline,raw,0.2753703982834791,0.5194038609419259,2.0664785772522087,0.6309719027500666,0.2753703982834791,0.5194038609419259,,,,,,,True,False,none
Bunyoro,2020,first_season,rice,5,training_crop_season_mean,baseline,raw,1.4308437859507233,1.5498286908637764,2.0664785772522087,1.611955233813348,1.4308437859507233,1.5498286908637764,,,,,,,True,False,none
Bunyoro,2020,first_season,simsim,5,training_crop_season_mean,baseline,raw,0.5005342402042084,0.40675351523862924,2.0664785772522087,0.42646604553162476,0.5005342402042084,0.40675351523862924,,,,,,,True,False,none
Bunyoro,2020,first_season,sorghum,5,training_crop_season_mean,baseline,raw,1.3881045542850072,0.7285986965620938,2.0664785772522087,1.3031889535170247,1.3881045542850072,0.7285986965620938,,,,,,,True,False,none
Bunyoro,2020,first_season,soya_beans,5,training_crop_season_mean,baseline,raw,0.6855186697585186,0.5711081315963042,2.0664785772522087,2.6171380251865526,0.6855186697585186,0.5711081315963042,,,,,,,True,False,none
Bunyoro,2020,first_season,sweet_potatoes,5,training_crop_season_mean,baseline,raw,2.0298423975087787,3.781143805960794,2.0664785772522087,6.191142717319159,2.0298423975087787,3.781143805960794,,,,,,,True,False,none
Bunyoro,2020,second_season,beans,5,training_crop_season_mean,baseline,raw,1.200511704804833,0.9493808279128054,2.0664785772522087,0.7821426946020412,1.200511704804833,0.9493808279128054,,,,,,,True,False,none
Bunyoro,2020,second_season,groundnuts,5,training_crop_season_mean,baseline,raw,0.7713261452057008,0.6737876975169366,2.0664785772522087,0.5656278431447842,0.7713261452057008,0.6737876975169366,,,,,,,True,False,none
Bunyoro,2020,second_season,irish_potatoes,5,training_crop_season_mean,baseline,raw,2.6451990178871103,6.283882096064353,2.0664785772522087,4.7812646841975734,2.6451990178871103,6.283882096064353,,,,,,,True,False,none
Bunyoro,2020,second_season,maize,5,training_crop_season_mean,baseline,raw,3.0549264654046246,2.955624633519861,2.0664785772522087,2.4053055087174147,3.0549264654046246,2.955624633519861,,,,,,,True,False,none
Bunyoro,2020,second_season,millet,5,training_crop_season_mean,baseline,raw,0.4212512776206598,0.752682493813493,2.0664785772522087,0.6309719027500666,0.4212512776206598,0.752682493813493,,,,,,,True,False,none
Bunyoro,2020,second_season,rice,5,training_crop_season_mean,baseline,raw,1.6224963809696238,1.680294431057877,2.0664785772522087,1.611955233813348,1.6224963809696238,1.680294431057877,,,,,,,True,False,none
Bunyoro,2020,second_season,sorghum,5,training_crop_season_mean,baseline,raw,0.8920114348791089,1.8777792104719557,2.0664785772522087,1.3031889535170247,0.8920114348791089,1.8777792104719557,,,,,,,True,False,none
Bunyoro,2020,second_season,soya_beans,5,training_crop_season_mean,baseline,raw,0.7040260876893635,5.072373897494851,2.0664785772522087,2.6171380251865526,0.7040260876893635,5.072373897494851,,,,,,,True,False,none
Bunyoro,2020,second_season,sweet_potatoes,5,training_crop_season_mean,baseline,raw,8.162182280896847,8.601141628677524,2.0664785772522087,6.191142717319159,8.162182280896847,8.601141628677524,,,,,,,True,False,none
Karamoja,2020,first_season,beans,5,training_crop_season_mean,baseline,raw,0.5422885207412549,0.614904561291277,2.0664785772522087,0.7821426946020412,0.5422885207412549,0.614904561291277,,,,,,,True,False,none
Karamoja,2020,first_season,groundnuts,5,training_crop_season_mean,baseline,raw,0.5747979489963491,0.4574679887726318,2.0664785772522087,0.5656278431447842,0.5747979489963491,0.4574679887726318,,,,,,,True,False,none
Karamoja,2020,first_season,maize,5,training_crop_season_mean,baseline,raw,1.2175480596073385,1.8549863839149676,2.0664785772522087,2.4053055087174147,1.2175480596073385,1.8549863839149676,,,,,,,True,False,none
Karamoja,2020,first_season,millet,5,training_crop_season_mean,baseline,raw,0.2665642826776189,0.5194038609419259,2.0664785772522087,0.6309719027500666,0.2665642826776189,0.5194038609419259,,,,,,,True,False,none
Karamoja,2020,first_season,rice,5,training_crop_season_mean,baseline,raw,1.5488549025864504,1.5498286908637764,2.0664785772522087,1.611955233813348,1.5488549025864504,1.5498286908637764,,,,,,,True,False,none
Karamoja,2020,first_season,simsim,5,training_crop_season_mean,baseline,raw,0.2487265028776165,0.40675351523862924,2.0664785772522087,0.42646604553162476,0.2487265028776165,0.40675351523862924,,,,,,,True,False,none
Karamoja,2020,first_season,sorghum,5,training_crop_season_mean,baseline,raw,0.6347991969213849,0.7285986965620938,2.0664785772522087,1.3031889535170247,0.6347991969213849,0.7285986965620938,,,,,,,True,False,none
Karamoja,2020,first_season,soya_beans,5,training_crop_season_mean,baseline,raw,0.5697981563805337,0.5711081315963042,2.0664785772522087,2.6171380251865526,0.5697981563805337,0.5711081315963042,,,,,,,True,False,none
Karamoja,2020,second_season,groundnuts,5,training_crop_season_mean,baseline,raw,0.1047330767226874,0.6737876975169366,2.0664785772522087,0.5656278431447842,0.1047330767226874,0.6737876975169366,,,,,,,True,False,none
Karamoja,2020,second_season,maize,5,training_crop_season_mean,baseline,raw,7.244065383360269,2.955624633519861,2.0664785772522087,2.4053055087174147,7.244065383360269,2.955624633519861,,,,,,,True,False,none
Karamoja,2020,second_season,millet,5,training_crop_season_mean,baseline,raw,0.349296866505584,0.752682493813493,2.0664785772522087,0.6309719027500666,0.349296866505584,0.752682493813493,,,,,,,True,False,none
Karamoja,2020,second_season,sorghum,5,training_crop_season_mean,baseline,raw,2.480616112563021,1.8777792104719557,2.0664785772522087,1.3031889535170247,2.480616112563021,1.8777792104719557,,,,,,,True,False,none
