observed,predicted,residual,absolute_error
2.3426553850030096,2.338683099040757,0.003972285962252631,0.003972285962252631
1.5222384603844508,1.9970041474289013,-0.47476568704445055,0.47476568704445055
2.591624259545572,1.965438648032904,0.626185611512668,0.626185611512668
3.423349924580549,2.35633831223522,1.067011612345329,1.067011612345329
1.2175480596073385,1.8469801948465767,-0.6294321352392382,0.6294321352392382
7.244065383360269,2.0886765535397025,5.155388829820566,5.155388829820566
1.5321273000173696,2.029166969851584,-0.4970396698342143,0.4970396698342143
2.404748318614775,2.201945241752944,0.20280307686183097,0.20280307686183097
1.658719821291578,1.750187359728009,-0.09146753843643118,0.09146753843643118
2.314641460829224,2.7995333165747462,-0.4848918557455222,0.4848918557455222
1.0,2.1102837512458743,-1.1102837512458743,1.1102837512458743
2.1,1.9739474227277167,0.12605257727228336,0.12605257727228336
2.1,1.8214861586698388,0.2785138413301613,0.2785138413301613
0.8570862730857126,0.5750914653134251,0.28199480777228747,0.28199480777228747
1.3411688832335629,1.953532077781918,-0.6123631945483552,0.6123631945483552
0.98602045418736,0.9482504018723013,0.0377700523150587,0.0377700523150587
0.5422885207412549,0.453488268347237,0.0888002523940179,0.0888002523940179
0.6821726355797036,0.6359103034668288,0.04626233211287489,0.04626233211287489
0.9352419701157908,1.1258476833183502,-0.19060571320255937,0.19060571320255937
0.6433017110440628,0.4815309448518425,0.16177076619222025,0.16177076619222025
0.7,0.5040441926797081,0.19595580732029183,0.19595580732029183
0.4,0.3838364904458491,0.016163509554150912,0.016163509554150912
0.6,0.0,0.6,0.6
0.3,0.5186888274153652,-0.21868882741536516,0.21868882741536516
0.4,0.1310901277843055,0.2689098722156945,0.2689098722156945
0.7,0.8257806512334248,-0.12578065123342486,0.12578065123342486
0.6650306538588546,0.7220330850819956,-0.05700243122314097,0.05700243122314097
0.4632654520489824,0.5007472166616731,-0.037481764612690704,0.037481764612690704
0.7496304931127424,1.6944375505369589,-0.9448070574242164,0.9448070574242164
0.6658246650132922,0.7864869995244185,-0.12066233451112629,0.12066233451112629
0.6198068833094819,0.133537345769249,0.48626953754023283,0.48626953754023283
0.4788089757102604,1.051626451977636,-0.5728174762673756,0.5728174762673756
0.8188652144271537,1.6799720667410205,-0.8611068523138669,0.8611068523138669
0.4,0.0,0.4,0.4
2.3426553850030096,2.317901470308374,0.024753914694635615,0.024753914694635615
1.5222384603844508,1.9371593441942525,-0.41492088380980174,0.41492088380980174
2.591624259545572,1.9281079893858768,0.6635162701596953,0.6635162701596953
3.423349924580549,2.3786564806671224,1.0446934439134266,1.0446934439134266
1.2175480596073385,1.7805854124688063,-0.5630373528614678,0.5630373528614678
7.244065383360269,1.911922967167062,5.332142416193207,5.332142416193207
1.5321273000173696,2.010944134456032,-0.4788168344386623,0.4788168344386623
2.404748318614775,2.2286378549574843,0.17611046365729077,0.17611046365729077
1.658719821291578,1.8651911764912368,-0.20647135519965887,0.20647135519965887
2.314641460829224,2.707793911387929,-0.39315245055870474,0.39315245055870474
1.0,1.9897563825197209,-0.9897563825197209,0.9897563825197209
2.1,1.8689174798132937,0.23108252018670639,0.23108252018670639
2.1,1.897373470020952,0.20262652997904818,0.20262652997904818
0.8570862730857126,0.6105300638648063,0.24655620922090626,0.24655620922090626
1.3411688832335629,1.8407805271554991,-0.49961164392193624,0.49961164392193624
0.98602045418736,0.8910816576408294,0.09493879654653059,0.09493879654653059
0.5422885207412549,0.3991972550239636,0.1430912657172913,0.1430912657172913
0.6821726355797036,0.736607010152218,-0.05443437457251432,0.05443437457251432
0.9352419701157908,1.1410055991999966,-0.20576362908420576,0.20576362908420576
0.6433017110440628,0.5615976764653645,0.08170403457869824,0.08170403457869824
0.7,0.4723615760973125,0.22763842390268746,0.22763842390268746
0.4,0.500184981508022,-0.10018498150802202,0.10018498150802202
0.6,0.3245227408141347,0.2754772591858653,0.2754772591858653
0.3,0.4636350612124968,-0.16363506121249682,0.16363506121249682
0.4,0.3234059590318441,0.07659404096815592,0.07659404096815592
0.7,0.8232003622245435,-0.12320036222454356,0.12320036222454356
0.6650306538588546,0.7270760495038775,-0.06204539564502287,0.06204539564502287
0.4632654520489824,0.6055014910111828,-0.14223603896220038,0.14223603896220038
0.7496304931127424,1.7462778474321392,-0.9966473543193968,0.9966473543193968
0.6658246650132922,0.8157386916475848,-0.14991402663429265,0.14991402663429265
0.6198068833094819,0.274365755686741,0.3454411276227409,0.3454411276227409
0.4788089757102604,1.0572232351662176,-0.5784142594559573,0.5784142594559573
0.8188652144271537,1.6007574495960677,-0.781892235168914,0.781892235168914
0.4,0.1934172216730991,0.20658277832690092,0.20658277832690092
2.3426553850030096,2.155845289430649,0.1868100955723606,0.1868100955723606
1.5222384603844508,1.672898656557217,-0.15066019617276627,0.15066019617276627
2.591624259545572,1.9898812994476147,0.6017429600979574,0.6017429600979574
3.423349924580549,2.549073067466162,0.8742768571143871,0.8742768571143871
1.2175480596073385,1.6934422316976427,-0.47589417209030427,0.47589417209030427
7.244065383360269,2.188168024426872,5.055897358933397,5.055897358933397
1.5321273000173696,1.920602558845299,-0.38847525882792944,0.38847525882792944
2.404748318614775,2.2824380802493627,0.12231023836541244,0.12231023836541244
1.658719821291578,2.005627420368184,-0.34690759907660595,0.34690759907660595
2.314641460829224,2.534066632259865,-0.219425171430641,0.219425171430641
1.0,1.9443738852527048,-0.9443738852527048,0.9443738852527048
2.1,2.023128150778692,0.07687184922130808,0.07687184922130808
2.1,1.971416749373388,0.12858325062661202,0.12858325062661202
0.8570862730857126,0.4852192343935432,0.3718670386921694,0.3718670386921694
1.3411688832335629,1.5279510374314371,-0.18678215419787425,0.18678215419787425
0.98602045418736,0.8785496434689393,0.10747081071842068,0.10747081071842068
0.5422885207412549,0.3596275470200145,0.1826609737212404,0.1826609737212404
0.6821726355797036,1.094119300532885,-0.41194666495318144,0.41194666495318144
0.9352419701157908,1.36096512916356,-0.42572315904776925,0.42572315904776925
0.6433017110440628,0.6317728072396968,0.011528903804365997,0.011528903804365997
0.7,0.7825285549652066,-0.08252855496520661,0.08252855496520661
0.4,0.3870976113229722,0.01290238867702781,0.01290238867702781
0.6,0.832522938442647,-0.23252293844264704,0.23252293844264704
0.3,0.4125236777056714,-0.1125236777056714,0.1125236777056714
0.4,0.2785707124225156,0.12142928757748445,0.12142928757748445
0.7,0.8565751296442856,-0.15657512964428566,0.15657512964428566
0.6650306538588546,0.5608809095041464,0.10414974435470825,0.10414974435470825
0.4632654520489824,0.9454808301281412,-0.4822153780791588,0.4822153780791588
0.7496304931127424,1.651035282202821,-0.9014047890900785,0.9014047890900785
0.6658246650132922,0.8180076063905746,-0.1521829413772824,0.1521829413772824
0.6198068833094819,0.4106630404416803,0.20914384286780158,0.20914384286780158
0.4788089757102604,0.8582677702726396,-0.3794587945623792,0.3794587945623792
0.8188652144271537,1.3287734294083704,-0.5099082149812167,0.5099082149812167
0.4,0.6838844680379035,-0.28388446803790346,0.28388446803790346
2.3426553850030096,2.0841418085025234,0.25851357650048623,0.25851357650048623
1.5222384603844508,1.5252176494732588,-0.0029791890888080097,0.0029791890888080097
2.591624259545572,1.7797348660721557,0.8118893934734164,0.8118893934734164
3.423349924580549,2.316504608285474,1.1068453162950749,1.1068453162950749
1.2175480596073385,1.588077998652839,-0.3705299390455006,0.3705299390455006
7.244065383360269,1.992617571390752,5.251447811969517,5.251447811969517
1.5321273000173696,1.9203785946334897,-0.38825129461612007,0.38825129461612007
2.404748318614775,2.217966652737746,0.18678166587702894,0.18678166587702894
1.658719821291578,1.7844484817108055,-0.1257286604192276,0.1257286604192276
2.314641460829224,2.395070852675292,-0.08042939184606812,0.08042939184606812
1.0,1.876572450551536,-0.876572450551536,0.876572450551536
2.1,1.9263080461675888,0.17369195383241132,0.17369195383241132
2.1,1.9283692470606884,0.17163075293931174,0.17163075293931174
0.8570862730857126,0.4516717113704677,0.4054145617152449,0.4054145617152449
1.3411688832335629,1.5598995905258175,-0.21873070729225463,0.21873070729225463
0.98602045418736,0.9617479326027322,0.024272521584627782,0.024272521584627782
0.5422885207412549,0.3694096563009308,0.17287886444032408,0.17287886444032408
0.6821726355797036,0.9903630604480392,-0.3081904248683356,0.3081904248683356
0.9352419701157908,1.3973612618829172,-0.4621192917671264,0.4621192917671264
0.6433017110440628,0.4833466439071088,0.15995506713695395,0.15995506713695395
0.7,0.8105200016817417,-0.1105200016817417,0.1105200016817417
0.4,0.5297804322741408,-0.12978043227414082,0.12978043227414082
0.6,0.8394289337836447,-0.23942893378364472,0.23942893378364472
0.3,0.4505083267866079,-0.15050832678660792,0.15050832678660792
0.4,0.3865123931601456,0.013487606839854449,0.013487606839854449
0.7,0.9819899798643692,-0.28198997986436924,0.28198997986436924
0.6650306538588546,0.5212837698547564,0.14374688400409819,0.14374688400409819
0.4632654520489824,0.8281155273594583,-0.36485007531047586,0.36485007531047586
0.7496304931127424,1.6432967083602716,-0.8936662152475292,0.8936662152475292
0.6658246650132922,0.8719941410186474,-0.20616947600535518,0.20616947600535518
0.6198068833094819,0.2215904430630385,0.39821644024644337,0.39821644024644337
0.4788089757102604,0.9245919920429844,-0.445783016332724,0.445783016332724
0.8188652144271537,1.413913609158171,-0.5950483947310173,0.5950483947310173
0.4,0.677181400695064,-0.27718140069506403,0.27718140069506403
2.3426553850030096,2.524637360610677,-0.1819819756076675,0.1819819756076675
1.5222384603844508,1.855547948092376,-0.33330948770792523,0.33330948770792523
2.591624259545572,2.272108102102401,0.3195161574431711,0.3195161574431711
3.423349924580549,2.4050189802758086,1.0183309443047404,1.0183309443047404
1.2175480596073385,1.5899839662299236,-0.3724359066225851,0.3724359066225851
7.244065383360269,1.7291101563314066,5.514955227028862,5.514955227028862
1.5321273000173696,1.9974804833936448,-0.4653531833762752,0.4653531833762752
2.404748318614775,2.0575782087478944,0.3471701098668807,0.3471701098668807
1.658719821291578,2.2059382287926166,-0.5472184075010387,0.5472184075010387
2.314641460829224,2.383255611637972,-0.06861415080874789,0.06861415080874789
1.0,1.556289997084263,-0.556289997084263,0.556289997084263
2.1,1.825378493167782,0.2746215068322182,0.2746215068322182
2.1,1.7928716463058694,0.3071283536941307,0.3071283536941307
0.8570862730857126,0.6889978747769814,0.16808839830873123,0.16808839830873123
1.3411688832335629,0.781826826046572,0.5593420571869908,0.5593420571869908
0.98602045418736,0.6969145746188891,0.2891058795684709,0.2891058795684709
0.5422885207412549,0.5469415253668511,-0.004653004625596258,0.004653004625596258
0.6821726355797036,0.7022459270503731,-0.020073291470669496,0.020073291470669496
0.9352419701157908,0.6788033658798571,0.2564386042359337,0.2564386042359337
0.6433017110440628,0.6487472721955929,-0.005445561151530165,0.005445561151530165
0.7,0.6264283910233637,0.07357160897663628,0.07357160897663628
0.4,0.5480540408557943,-0.14805404085579432,0.14805404085579432
0.6,0.6250893701776609,-0.025089370177660886,0.025089370177660886
0.3,0.5544065475306224,-0.25440654753062236,0.25440654753062236
0.4,0.5412865053355415,-0.14128650533554143,0.14128650533554143
0.7,0.6681540935848951,0.031845906415104874,0.031845906415104874
0.6650306538588546,0.6779749913529289,-0.01294433749407431,0.01294433749407431
0.4632654520489824,0.6420872680920198,-0.17882181604303737,0.17882181604303737
0.7496304931127424,0.830755582019185,-0.08112508890644254,0.08112508890644254
0.6658246650132922,0.619566205000878,0.04625846001241418,0.04625846001241418
0.6198068833094819,0.6617043546881763,-0.041897471378694484,0.041897471378694484
0.4788089757102604,0.6537000125359019,-0.17489103682564155,0.17489103682564155
0.8188652144271537,0.8683732543794848,-0.04950803995233111,0.04950803995233111
0.4,0.5735515606783078,-0.1735515606783078,0.1735515606783078
2.3426553850030096,2.353562593460083,-0.01090720845707338,0.01090720845707338
1.5222384603844508,1.6275149583816528,-0.10527649799720207,0.10527649799720207
2.591624259545572,2.149354934692383,0.44226932485318926,0.44226932485318926
3.423349924580549,2.740220785140991,0.6831291394395578,0.6831291394395578
1.2175480596073385,1.398255705833435,-0.18070764622609659,0.18070764622609659
7.244065383360269,1.501117467880249,5.74294791548002,5.74294791548002
1.5321273000173696,1.7933235168457031,-0.2611962168283335,0.2611962168283335
2.404748318614775,2.081485748291016,0.32326257032375905,0.32326257032375905
1.658719821291578,1.9554182291030884,-0.29669840781151047,0.29669840781151047
2.314641460829224,2.672276735305786,-0.35763527447656207,0.35763527447656207
1.0,1.5368696451187134,-0.5368696451187134,0.5368696451187134
2.1,1.7278918027877808,0.3721081972122193,0.3721081972122193
2.1,1.618690013885498,0.48130998611450204,0.48130998611450204
0.8570862730857126,0.6614081263542175,0.19567814673149508,0.19567814673149508
1.3411688832335629,1.317395806312561,0.023773076921001834,0.023773076921001834
0.98602045418736,0.893052875995636,0.09296757819172397,0.09296757819172397
0.5422885207412549,0.5591056942939758,-0.016817173552720943,0.016817173552720943
0.6821726355797036,0.0,0.6821726355797036,0.6821726355797036
0.9352419701157908,0.7350371479988098,0.20020482211698098,0.20020482211698098
0.6433017110440628,0.6809492707252502,-0.03764755968118749,0.03764755968118749
0.7,0.6689123511314392,0.031087648868560747,0.031087648868560747
0.4,0.4928135871887207,-0.09281358718872068,0.09281358718872068
0.6,0.0,0.6,0.6
0.3,0.4698961973190307,-0.16989619731903072,0.16989619731903072
0.4,0.4146063327789306,-0.014606332778930586,0.014606332778930586
0.7,0.6741257905960083,0.025874209403991655,0.025874209403991655
0.6650306538588546,0.660944402217865,0.0040862516409896354,0.0040862516409896354
0.4632654520489824,0.0,0.4632654520489824,0.4632654520489824
0.7496304931127424,1.2631661891937256,-0.5135356960809832,0.5135356960809832
0.6658246650132922,0.7389524579048157,-0.07312779289152349,0.07312779289152349
0.6198068833094819,0.6062545776367188,0.01355230567276311,0.01355230567276311
0.4788089757102604,0.5362350344657898,-0.05742605875552942,0.05742605875552942
0.8188652144271537,1.14102041721344,-0.3221552027862863,0.3221552027862863
0.4,0.0,0.4,0.4
2.3426553850030096,1.1370551915022928,1.2056001935007168,1.2056001935007168
1.5222384603844508,1.1370551915022928,0.3851832688821579,0.3851832688821579
2.591624259545572,1.1370551915022928,1.4545690680432792,1.4545690680432792
3.423349924580549,1.1370551915022928,2.286294733078256,2.286294733078256
1.2175480596073385,1.1370551915022928,0.08049286810504563,0.08049286810504563
7.244065383360269,1.1370551915022928,6.107010191857976,6.107010191857976
1.5321273000173696,1.1370551915022928,0.3950721085150768,0.3950721085150768
2.404748318614775,1.1370551915022928,1.2676931271124823,1.2676931271124823
1.658719821291578,1.1370551915022928,0.5216646297892851,0.5216646297892851
2.314641460829224,1.1370551915022928,1.1775862693269312,1.1775862693269312
1.0,1.1370551915022928,-0.13705519150229284,0.13705519150229284
2.1,1.1370551915022928,0.9629448084977072,0.9629448084977072
2.1,1.1370551915022928,0.9629448084977072,0.9629448084977072
0.8570862730857126,1.1370551915022928,-0.2799689184165802,0.2799689184165802
1.3411688832335629,1.1370551915022928,0.20411369173127003,0.20411369173127003
0.98602045418736,1.1370551915022928,-0.1510347373149329,0.1510347373149329
0.5422885207412549,1.1370551915022928,-0.594766670761038,0.594766670761038
0.6821726355797036,1.1370551915022928,-0.4548825559225892,0.4548825559225892
0.9352419701157908,1.1370551915022928,-0.20181322138650204,0.20181322138650204
0.6433017110440628,1.1370551915022928,-0.4937534804582301,0.4937534804582301
0.7,1.1370551915022928,-0.4370551915022929,0.4370551915022929
0.4,1.1370551915022928,-0.7370551915022928,0.7370551915022928
0.6,1.1370551915022928,-0.5370551915022929,0.5370551915022929
0.3,1.1370551915022928,-0.8370551915022928,0.8370551915022928
0.4,1.1370551915022928,-0.7370551915022928,0.7370551915022928
0.7,1.1370551915022928,-0.4370551915022929,0.4370551915022929
0.6650306538588546,1.1370551915022928,-0.4720245376434382,0.4720245376434382
0.4632654520489824,1.1370551915022928,-0.6737897394533104,0.6737897394533104
0.7496304931127424,1.1370551915022928,-0.3874246983895504,0.3874246983895504
0.6658246650132922,1.1370551915022928,-0.47123052648900066,0.47123052648900066
0.6198068833094819,1.1370551915022928,-0.517248308192811,0.517248308192811
0.4788089757102604,1.1370551915022928,-0.6582462157920325,0.6582462157920325
0.8188652144271537,1.1370551915022928,-0.3181899770751392,0.3181899770751392
0.4,1.1370551915022928,-0.7370551915022928,0.7370551915022928
2.3426553850030096,1.3757354355842848,0.9669199494187248,0.9669199494187248
1.5222384603844508,0.8359590160209797,0.6862794443634711,0.6862794443634711
2.591624259545572,1.0481768337203152,1.5434474258252568,1.5434474258252568
3.423349924580549,1.0481768337203152,2.3751730908602338,2.3751730908602338
1.2175480596073385,0.6270833007161515,0.590464758891187,0.590464758891187
7.244065383360269,0.6270833007161515,6.6169820826441175,6.6169820826441175
1.5321273000173696,1.0633650929685396,0.46876220704883,0.46876220704883
2.404748318614775,1.039463622738098,1.3652846958766771,1.3652846958766771
1.658719821291578,1.1104017284971803,0.5483180927943976,0.5483180927943976
2.314641460829224,1.1104017284971803,1.2042397323320437,1.2042397323320437
1.0,1.033170957236812,-0.03317095723681196,0.03317095723681196
2.1,1.039463622738098,1.060536377261902,1.060536377261902
2.1,0.9379521583501792,1.1620478416498208,1.1620478416498208
0.8570862730857126,1.033170957236812,-0.17608468415109935,0.17608468415109935
1.3411688832335629,1.6554636792041195,-0.31429479597055665,0.31429479597055665
0.98602045418736,1.3757354355842848,-0.38971498139692484,0.38971498139692484
0.5422885207412549,0.6270833007161515,-0.0847947799748966,0.0847947799748966
0.6821726355797036,2.022698034081775,-1.3405253985020713,1.3405253985020713
0.9352419701157908,2.022698034081775,-1.087456063965984,1.087456063965984
0.6433017110440628,1.039463622738098,-0.39616191169403525,0.39616191169403525
0.7,1.6554636792041195,-0.9554636792041196,0.9554636792041196
0.4,0.8359590160209797,-0.43595901602097964,0.43595901602097964
0.6,2.022698034081775,-1.4226980340817748,1.4226980340817748
0.3,1.0633650929685396,-0.7633650929685396,0.7633650929685396
0.4,0.8062238030183351,-0.40622380301833505,0.40622380301833505
0.7,1.8584143652660745,-1.1584143652660746,1.1584143652660746
0.6650306538588546,1.3757354355842848,-0.7107047817254302,0.7107047817254302
0.4632654520489824,2.022698034081775,-1.5594325820327923,1.5594325820327923
0.7496304931127424,2.022698034081775,-1.2730675409690324,1.2730675409690324
0.6658246650132922,1.0633650929685396,-0.39754042795524747,0.39754042795524747
0.6198068833094819,1.1104017284971803,-0.49059484518769847,0.49059484518769847
0.4788089757102604,1.8584143652660745,-1.379605389555814,1.379605389555814
0.8188652144271537,1.8584143652660745,-1.039549150838921,1.039549150838921
0.4,2.022698034081775,-1.622698034081775,1.622698034081775
1.6750870924050658,2.0307543055298325,-0.3556672131247667,0.3556672131247667
4.746403988018382,2.8736204391870177,1.872783548831364,1.872783548831364
1.5470171390615697,1.889500268664693,-0.3424831296031232,0.3424831296031232
3.0549264654046246,2.575016020959573,0.4799104444450517,0.4799104444450517
2.5954365128642194,2.577365060706894,0.018071452157325307,0.018071452157325307
4.580426866194772,2.364705976688728,2.215720889506044,2.215720889506044
2.235407081928281,2.0199327447269217,0.21547433720135922,0.21547433720135922
2.169407944352197,1.920048291631056,0.24935965272114102,0.24935965272114102
1.9348144714872644,2.579468768951521,-0.6446542974642566,0.6446542974642566
3.0038294115831783,2.0370568150663617,0.9667725965168166,0.9667725965168166
3.592580248493403,2.40604987548798,1.1865303730054229,1.1865303730054229
1.4980452432828957,2.0761536106124545,-0.5781083673295588,0.5781083673295588
1.7,2.3188317348000203,-0.6188317348000203,0.6188317348000203
0.826094714383351,0.7093640841426126,0.11673063024073838,0.11673063024073838
1.200511704804833,1.1273123568969778,0.0731993479078552,0.0731993479078552
0.6401206168693183,0.5866629313115713,0.05345768555774699,0.05345768555774699
0.8018694899438292,0.5400457598880498,0.2618237300557794,0.2618237300557794
0.6286830497610721,0.6731574955225668,-0.04447444576149462,0.04447444576149462
0.5251432400895707,0.3427955662245896,0.18234767386498107,0.18234767386498107
0.7559563988183644,0.9632621454054532,-0.20730574658708878,0.20730574658708878
0.6778710254152407,0.6284499465498591,0.04942107886538161,0.04942107886538161
0.7,0.0603359877304463,0.6396640122695536,0.6396640122695536
0.7,0.8711280707374249,-0.17112807073742498,0.17112807073742498
0.774283389787513,0.9315250467522748,-0.15724165696476178,0.15724165696476178
0.5641103408681047,0.729678958362344,-0.16556861749423923,0.16556861749423923
0.4869183122414556,0.2371625713708244,0.2497557408706312,0.2497557408706312
0.4950587775158489,0.3083789633816621,0.18667981413418683,0.18667981413418683
0.5592824320954186,0.516712608720901,0.042569823374517646,0.042569823374517646
0.3602760666772656,0.2606177860702888,0.09965828060697679,0.09965828060697679
0.4953986447362168,0.7298574840508137,-0.23445883931459693,0.23445883931459693
0.7696938879034653,0.94414958931097,-0.17445570140750477,0.17445570140750477
0.3687334249789068,0.0792481004990428,0.289485324479864,0.289485324479864
0.3707166752248346,0.2162122681105164,0.1545044071143182,0.1545044071143182
0.5,0.7770500821626642,-0.27705008216266425,0.27705008216266425
1.6750870924050658,2.1730739099537764,-0.49798681754871055,0.49798681754871055
4.746403988018382,2.7193476633043145,2.027056324714067,2.027056324714067
1.5470171390615697,1.7584317165747816,-0.2114145775132119,0.2114145775132119
3.0549264654046246,2.659460138548869,0.39546632685575567,0.39546632685575567
2.5954365128642194,2.48253947135039,0.11289704151382951,0.11289704151382951
4.580426866194772,2.4903468744992203,2.0900799916955517,2.0900799916955517
2.235407081928281,2.1189096057853534,0.1164974761429276,0.1164974761429276
2.169407944352197,2.0148233415224883,0.15458460282970865,0.15458460282970865
1.9348144714872644,2.3946989588192227,-0.4598844873319583,0.4598844873319583
3.0038294115831783,2.087964747239785,0.9158646643433932,0.9158646643433932
3.592580248493403,2.469786125481816,1.122794123011587,1.122794123011587
1.4980452432828957,2.062189967591208,-0.5641447243083124,0.5641447243083124
1.7,2.0820770913406443,-0.3820770913406444,0.3820770913406444
0.826094714383351,0.6422469398101148,0.1838477745732362,0.1838477745732362
1.200511704804833,1.211232222281851,-0.010720517477017966,0.010720517477017966
0.6401206168693183,0.5076370734353769,0.13248354343394142,0.13248354343394142
0.8018694899438292,0.7226691433611228,0.07920034658270647,0.07920034658270647
0.6286830497610721,0.671090227067384,-0.04240717730631183,0.04240717730631183
0.5251432400895707,0.3165845888284165,0.2085586512611542,0.2085586512611542
0.7559563988183644,1.0030507100900437,-0.24709431127167925,0.24709431127167925
0.6778710254152407,0.6139620513241897,0.06390897409105101,0.06390897409105101
0.7,0.0,0.7,0.7
0.7,0.6338491750736264,0.06615082492637359,0.06615082492637359
0.774283389787513,0.9334736350408012,-0.15919024525328818,0.15919024525328818
0.5641103408681047,0.5325916414761396,0.031518699391965166,0.031518699391965166
0.4869183122414556,0.1328447636042833,0.35407354863717233,0.35407354863717233
0.4950587775158489,0.3428003870648713,0.1522583904509776,0.1522583904509776
0.5592824320954186,0.4650162317643804,0.09426620033103822,0.09426620033103822
0.3602760666772656,0.2577406226750239,0.10253544400224168,0.10253544400224168
0.4953986447362168,0.7304388502153951,-0.2350402054791783,0.2350402054791783
0.7696938879034653,0.754849697399353,0.014844190504112231,0.014844190504112231
0.3687334249789068,0.0870133897616216,0.2817200352172852,0.2817200352172852
0.3707166752248346,0.2217491846145378,0.1489674906102968,0.1489674906102968
0.5,0.5017037607934158,-0.0017037607934158316,0.0017037607934158316
1.6750870924050658,2.156616730286756,-0.48152963788169023,0.48152963788169023
4.746403988018382,2.674061147717117,2.072342840301265,2.072342840301265
1.5470171390615697,1.6109904301296314,-0.06397329106806171,0.06397329106806171
3.0549264654046246,2.6852040858706774,0.36972237953394727,0.36972237953394727
2.5954365128642194,2.285779616432823,0.3096568964313966,0.3096568964313966
4.580426866194772,2.7289927174051574,1.8514341487896147,1.8514341487896147
2.235407081928281,2.099774373679331,0.1356327082489499,0.1356327082489499
2.169407944352197,2.1269660179233014,0.04244192642889555,0.04244192642889555
1.9348144714872644,2.2825389453147045,-0.3477244738274401,0.3477244738274401
3.0038294115831783,2.1359283884021063,0.867901023181072,0.867901023181072
3.592580248493403,2.2871492754173017,1.3054309730761013,1.3054309730761013
1.4980452432828957,2.020016914392638,-0.5219716711097424,0.5219716711097424
1.7,1.9644112510243728,-0.2644112510243728,0.2644112510243728
0.826094714383351,0.6965352849973492,0.12955942938600185,0.12955942938600185
1.200511704804833,1.223206899655939,-0.02269519485110605,0.02269519485110605
0.6401206168693183,0.0885318860767991,0.5515887307925192,0.5515887307925192
0.8018694899438292,0.7390458596841125,0.06282363025971671,0.06282363025971671
0.6286830497610721,0.6450450572111425,-0.016362007450070326,0.016362007450070326
0.5251432400895707,0.3801255376767289,0.1450177024128418,0.1450177024128418
0.7559563988183644,1.095910143637444,-0.3399537448190797,0.3399537448190797
0.6778710254152407,0.5580197281779,0.11985129723734067,0.11985129723734067
0.7,0.2956717373425659,0.40432826265743405,0.40432826265743405
0.7,0.502414064809635,0.19758593519036494,0.19758593519036494
0.774283389787513,1.028895816600782,-0.254612426813269,0.254612426813269
0.5641103408681047,0.6170365064949697,-0.05292616562686492,0.05292616562686492
0.4869183122414556,0.250375320584445,0.2365429916570106,0.2365429916570106
0.4950587775158489,0.4934189214667522,0.0016398560490967218,0.0016398560490967218
0.5592824320954186,0.6358353637008822,-0.07655293160546361,0.07655293160546361
0.3602760666772656,0.3048855931906309,0.05539047348663467,0.05539047348663467
0.4953986447362168,0.7321082671132519,-0.23670962237703513,0.23670962237703513
0.7696938879034653,0.6586754948405769,0.11101839306288841,0.11101839306288841
0.3687334249789068,0.2159122302842506,0.15282119469465621,0.15282119469465621
0.3707166752248346,0.380448386126891,-0.009731710902056434,0.009731710902056434
0.5,0.3648917736922137,0.1351082263077863,0.1351082263077863
1.6750870924050658,2.130539955425847,-0.45545286302078125,0.45545286302078125
4.746403988018382,2.639737827221337,2.1066661607970447,2.1066661607970447
1.5470171390615697,1.7037749624655147,-0.15675782340394506,0.15675782340394506
3.0549264654046246,2.6706430864268134,0.3842833789778113,0.3842833789778113
2.5954365128642194,2.2476690066733003,0.3477675061909191,0.3477675061909191
4.580426866194772,2.657078946922584,1.9233479192721878,1.9233479192721878
2.235407081928281,2.134232405480293,0.10117467644798817,0.10117467644798817
2.169407944352197,2.045914155300081,0.12349378905211594,0.12349378905211594
1.9348144714872644,2.2163519435995123,-0.2815374721122479,0.2815374721122479
3.0038294115831783,2.110517211422933,0.8933122001602452,0.8933122001602452
3.592580248493403,2.2548083715202543,1.3377718769731488,1.3377718769731488
1.4980452432828957,2.0161684111751663,-0.5181231678922706,0.5181231678922706
1.7,1.9291126068199984,-0.22911260681999845,0.22911260681999845
0.826094714383351,0.669767578494832,0.156327135888519,0.156327135888519
1.200511704804833,1.2030669717161149,-0.0025552669112818283,0.0025552669112818283
0.6401206168693183,0.1691220257658554,0.4709985911034629,0.4709985911034629
0.8018694899438292,0.826732941288638,-0.024863451344808718,0.024863451344808718
0.6286830497610721,0.5941044015305573,0.03457864823051482,0.03457864823051482
0.5251432400895707,0.3849515812631575,0.1401916588264132,0.1401916588264132
0.7559563988183644,1.1739468183463753,-0.41799041952801086,0.41799041952801086
0.6778710254152407,0.548592296464468,0.12927872895077264,0.12927872895077264
0.7,0.1881873540177817,0.5118126459822183,0.5118126459822183
0.7,0.4615364921092999,0.23846350789070003,0.23846350789070003
0.774283389787513,1.06321111380807,-0.288927724020557,0.288927724020557
0.5641103408681047,0.7141188379841628,-0.15000849711605801,0.15000849711605801
0.4869183122414556,0.3017587830742467,0.1851595291672089,0.1851595291672089
0.4950587775158489,0.4764934949825083,0.01856528253334061,0.01856528253334061
0.5592824320954186,0.6678017230521149,-0.10851929095669632,0.10851929095669632
0.3602760666772656,0.3573917547385885,0.0028843119386771088,0.0028843119386771088
0.4953986447362168,0.6265942092818202,-0.13119556454560338,0.13119556454560338
0.7696938879034653,0.5923497248799099,0.17734416302355538,0.17734416302355538
0.3687334249789068,0.2819925346010141,0.08674089037789273,0.08674089037789273
0.3707166752248346,0.4155349342269003,-0.04481825900206571,0.04481825900206571
0.5,0.3933053704883568,0.10669462951164321,0.10669462951164321
1.6750870924050658,1.5799026312781697,0.09518446112689616,0.09518446112689616
4.746403988018382,2.8075067863272603,1.9388972016911215,1.9388972016911215
1.5470171390615697,1.8924368237550109,-0.3454196846934412,0.3454196846934412
3.0549264654046246,2.386483687196139,0.6684427782084859,0.6684427782084859
2.5954365128642194,2.0409195988177333,0.5545169140464861,0.5545169140464861
4.580426866194772,2.7178171770391386,1.8626096891556334,1.8626096891556334
2.235407081928281,1.6679007752609984,0.5675063066672825,0.5675063066672825
2.169407944352197,2.338381400774808,-0.16897345642261108,0.16897345642261108
1.9348144714872644,2.243962736218599,-0.30914826473133483,0.30914826473133483
3.0038294115831783,2.858128024557504,0.14570138702567448,0.14570138702567448
3.592580248493403,2.781900650421328,0.8106795980720749,0.8106795980720749
1.4980452432828957,1.743962261011107,-0.24591701772821128,0.24591701772821128
1.7,1.9077782607067817,-0.20777826070678174,0.20777826070678174
0.826094714383351,0.7138603225155873,0.11223439186776374,0.11223439186776374
1.200511704804833,0.8166021087449264,0.3839095960599066,0.3839095960599066
0.6401206168693183,0.4843970038142446,0.1557236130550737,0.1557236130550737
0.8018694899438292,0.5472688904841699,0.2546005994596593,0.2546005994596593
0.6286830497610721,0.696144473581829,-0.06746142382075682,0.06746142382075682
0.5251432400895707,0.6478213901042466,-0.12267815001467586,0.12267815001467586
0.7559563988183644,0.7159365833558223,0.040019815462542074,0.040019815462542074
0.6778710254152407,0.6144927310312558,0.0633782943839849,0.0633782943839849
0.7,0.5907993510088173,0.10920064899118265,0.10920064899118265
0.7,0.6762924072274511,0.023707592772548858,0.023707592772548858
0.774283389787513,0.7289189499967503,0.045364439790762656,0.045364439790762656
0.5641103408681047,0.5930951171511755,-0.028984776283070723,0.028984776283070723
0.4869183122414556,0.5486858929783085,-0.0617675807368529,0.0617675807368529
0.4950587775158489,0.6371360181565789,-0.14207724064073002,0.14207724064073002
0.5592824320954186,0.4638861896119401,0.0953962424834785,0.0953962424834785
0.3602760666772656,0.5859112784607514,-0.22563521178348583,0.22563521178348583
0.4953986447362168,0.6301730000180013,-0.13477435528178444,0.13477435528178444
0.7696938879034653,0.6603335003072277,0.10936038759623756,0.10936038759623756
0.3687334249789068,0.5716639351088115,-0.2029305101299047,0.2029305101299047
0.3707166752248346,0.5635602476105595,-0.19284357238572486,0.19284357238572486
0.5,0.5384933286143293,-0.0384933286143293,0.0384933286143293
1.6750870924050658,1.8109403848648071,-0.13585329245974131,0.13585329245974131
4.746403988018382,3.1241488456726074,1.6222551423457743,1.6222551423457743
1.5470171390615697,1.6443771123886108,-0.09735997332704116,0.09735997332704116
3.0549264654046246,2.6084768772125244,0.44644958819210023,0.44644958819210023
2.5954365128642194,2.279371976852417,0.3160645360118024,0.3160645360118024
4.580426866194772,2.97428035736084,1.6061465088339322,1.6061465088339322
2.235407081928281,1.8399720191955569,0.3954350627327241,0.3954350627327241
2.169407944352197,2.018694877624512,0.1507130667276848,0.1507130667276848
1.9348144714872644,1.982600212097168,-0.04778574060990359,0.04778574060990359
3.0038294115831783,2.4802169799804688,0.5236124316027095,0.5236124316027095
3.592580248493403,2.648359537124634,0.9442207113687693,0.9442207113687693
1.4980452432828957,1.8709032535552976,-0.37285801027240195,0.37285801027240195
1.7,2.0257022380828857,-0.3257022380828858,0.3257022380828858
0.826094714383351,0.8531992435455322,-0.0271045291621812,0.0271045291621812
1.200511704804833,1.085097312927246,0.11541439187758695,0.11541439187758695
0.6401206168693183,0.4545398354530334,0.18558078141628492,0.18558078141628492
0.8018694899438292,0.6439464092254639,0.15792308071836536,0.15792308071836536
0.6286830497610721,0.6118035912513733,0.016879458509698853,0.016879458509698853
0.5251432400895707,0.5321028232574463,-0.006959583167875594,0.006959583167875594
0.7559563988183644,0.9731643795967102,-0.2172079807783458,0.2172079807783458
0.6778710254152407,0.6834359765052795,-0.00556495109003885,0.00556495109003885
0.7,0.363955020904541,0.33604497909545894,0.33604497909545894
0.7,0.8367738127708435,-0.13677381277084355,0.13677381277084355
0.774283389787513,0.6164584159851074,0.15782497380240557,0.15782497380240557
0.5641103408681047,0.5049991607666016,0.05911118010150318,0.05911118010150318
0.4869183122414556,0.5029559135437012,-0.016037601302245574,0.016037601302245574
0.4950587775158489,0.6019113063812256,-0.10685252886537666,0.10685252886537666
0.5592824320954186,0.2732787728309631,0.28600365926445553,0.28600365926445553
0.3602760666772656,0.3702388107776642,-0.009962744100398602,0.009962744100398602
0.4953986447362168,0.6518376469612122,-0.15643900222499535,0.15643900222499535
0.7696938879034653,0.6958445310592651,0.07384935684420013,0.07384935684420013
0.3687334249789068,0.3195762038230896,0.04915722115581722,0.04915722115581722
0.3707166752248346,0.378021776676178,-0.007305101451343388,0.007305101451343388
0.5,0.7328715324401855,-0.23287153244018555,0.23287153244018555
1.6750870924050658,1.121011029859525,0.5540760625455408,0.5540760625455408
4.746403988018382,1.121011029859525,3.625392958158857,3.625392958158857
1.5470171390615697,1.121011029859525,0.4260061092020446,0.4260061092020446
3.0549264654046246,1.121011029859525,1.9339154355450996,1.9339154355450996
2.5954365128642194,1.121011029859525,1.4744254830046943,1.4744254830046943
4.580426866194772,1.121011029859525,3.459415836335247,3.459415836335247
2.235407081928281,1.121011029859525,1.114396052068756,1.114396052068756
2.169407944352197,1.121011029859525,1.048396914492672,1.048396914492672
1.9348144714872644,1.121011029859525,0.8138034416277393,0.8138034416277393
3.0038294115831783,1.121011029859525,1.8828183817236532,1.8828183817236532
3.592580248493403,1.121011029859525,2.471569218633878,2.471569218633878
1.4980452432828957,1.121011029859525,0.3770342134233706,0.3770342134233706
1.7,1.121011029859525,0.5789889701404749,0.5789889701404749
0.826094714383351,1.121011029859525,-0.29491631547617403,0.29491631547617403
1.200511704804833,1.121011029859525,0.07950067494530799,0.07950067494530799
0.6401206168693183,1.121011029859525,-0.48089041299020674,0.48089041299020674
0.8018694899438292,1.121011029859525,-0.3191415399156958,0.3191415399156958
0.6286830497610721,1.121011029859525,-0.4923279800984529,0.4923279800984529
0.5251432400895707,1.121011029859525,-0.5958677897699544,0.5958677897699544
0.7559563988183644,1.121011029859525,-0.36505463104116065,0.36505463104116065
0.6778710254152407,1.121011029859525,-0.44314000444428436,0.44314000444428436
0.7,1.121011029859525,-0.4210110298595251,0.4210110298595251
0.7,1.121011029859525,-0.4210110298595251,0.4210110298595251
0.774283389787513,1.121011029859525,-0.34672764007201207,0.34672764007201207
0.5641103408681047,1.121011029859525,-0.5569006889914203,0.5569006889914203
0.4869183122414556,1.121011029859525,-0.6340927176180695,0.6340927176180695
0.4950587775158489,1.121011029859525,-0.6259522523436761,0.6259522523436761
0.5592824320954186,1.121011029859525,-0.5617285977641064,0.5617285977641064
0.3602760666772656,1.121011029859525,-0.7607349631822595,0.7607349631822595
0.4953986447362168,1.121011029859525,-0.6256123851233082,0.6256123851233082
0.7696938879034653,1.121011029859525,-0.3513171419560598,0.3513171419560598
0.3687334249789068,1.121011029859525,-0.7522776048806182,0.7522776048806182
0.3707166752248346,1.121011029859525,-0.7502943546346905,0.7502943546346905
0.5,1.121011029859525,-0.621011029859525,0.621011029859525
1.6750870924050658,1.0043805959179168,0.670706496487149,0.670706496487149
4.746403988018382,1.259036517023307,3.487367470995075,3.487367470995075
1.5470171390615697,0.9485974916722716,0.5984196473892981,0.5984196473892981
3.0549264654046246,1.0497260026417934,2.005200462762831,2.005200462762831
2.5954365128642194,1.0497260026417934,1.545710510222426,1.545710510222426
4.580426866194772,1.0350974444684633,3.5453294217263087,3.5453294217263087
2.235407081928281,0.9472554653141972,1.2881516166140838,1.2881516166140838
2.169407944352197,1.1838416045213305,0.9855663398308665,0.9855663398308665
1.9348144714872644,1.250399145861456,0.6844153256258083,0.6844153256258083
3.0038294115831783,1.2126993817455505,1.7911300298376278,1.7911300298376278
3.592580248493403,1.2126993817455505,2.3798808667478526,2.3798808667478526
1.4980452432828957,1.1200572292807374,0.3779880140021583,0.3779880140021583
1.7,1.0497260026417934,0.6502739973582066,0.6502739973582066
0.826094714383351,1.0497260026417934,-0.22363128825844236,0.22363128825844236
1.200511704804833,1.0497260026417934,0.15078570216303966,0.15078570216303966
0.6401206168693183,0.88398385137811,-0.24386323450879166,0.24386323450879166
0.8018694899438292,0.88398385137811,-0.08211436143428075,0.08211436143428075
0.6286830497610721,1.250399145861456,-0.6217160961003839,0.6217160961003839
0.5251432400895707,1.1200572292807374,-0.5949139891911667,0.5949139891911667
0.7559563988183644,1.1200572292807374,-0.36410083046237296,0.36410083046237296
0.6778710254152407,1.1200572292807374,-0.4421862038654967,0.4421862038654967
0.7,1.0043805959179168,-0.3043805959179169,0.3043805959179169
0.7,1.0497260026417934,-0.34972600264179343,0.34972600264179343
0.774283389787513,1.0043805959179168,-0.23009720613040385,0.23009720613040385
0.5641103408681047,0.9485974916722716,-0.38448715080416684,0.38448715080416684
0.4869183122414556,0.9485974916722716,-0.461679179430816,0.461679179430816
0.4950587775158489,1.5501683743813424,-1.0551095968654933,1.0551095968654933
0.5592824320954186,1.3461285937342655,-0.7868461616388469,0.7868461616388469
0.3602760666772656,0.9472554653141972,-0.5869793986369316,0.5869793986369316
0.4953986447362168,1.1838416045213305,-0.6884429597851136,0.6884429597851136
0.7696938879034653,1.250399145861456,-0.4807052579579908,0.4807052579579908
0.3687334249789068,0.8529011732997944,-0.4841677483208876,0.4841677483208876
0.3707166752248346,0.8529011732997944,-0.48218449807495983,0.48218449807495983
0.5,1.5501683743813424,-1.0501683743813424,1.0501683743813424
1.6268858066002263,2.479235675445856,-0.8523498688456299,0.8523498688456299
2.9826713553861293,2.7304250119788285,0.2522463434073008,0.2522463434073008
2.9489717758099068,2.3508466971835755,0.5981250786263312,0.5981250786263312
2.686740331121587,2.741360344149561,-0.054620013027974146,0.054620013027974146
1.3718829183654722,1.823552840173455,-0.45166992180798293,0.45166992180798293
1.2660956469166913,2.051202068837145,-0.7851064219204535,0.7851064219204535
2.6368413584111803,2.447426421192855,0.18941493721832536,0.18941493721832536
1.0,1.7868700915926032,-0.7868700915926032,0.7868700915926032
3.0,2.042948428091196,0.9570515719088042,0.9570515719088042
0.9814360581560068,1.1605667121990224,-0.17913065404301565,0.17913065404301565
0.5175817230094645,0.3004210871950998,0.21716063581436468,0.21716063581436468
0.5731757916040728,0.3362964419084016,0.23687934969567126,0.23687934969567126
0.6636769574159984,0.8462795176147317,-0.18260256019873333,0.18260256019873333
0.4538514483659435,0.6067871388833261,-0.15293569051738265,0.15293569051738265
0.5494183061851179,0.5053165243515458,0.04410178183357205,0.04410178183357205
0.7961939204401095,0.9167063021769108,-0.12051238173680134,0.12051238173680134
1.1321807165247717,0.7892561161714577,0.34292460035331396,0.34292460035331396
0.5480873832187684,0.3514234521717754,0.19666393104699298,0.19666393104699298
0.8099944456086376,1.253789985044425,-0.4437955394357873,0.4437955394357873
0.579730411471064,0.7962762403899768,-0.21654582891891283,0.21654582891891283
0.4892093570559104,0.6367477223559777,-0.14753836530006725,0.14753836530006725
0.5561447310735069,2.0014955002633013,-1.4453507691897944,1.4453507691897944
0.4770632662036267,0.1456877227902662,0.3313755434133605,0.3313755434133605
0.7333233775958355,1.0241693559610738,-0.2908459783652383,0.2908459783652383
0.3322482939632105,0.2890820093311369,0.04316628463207356,0.04316628463207356
0.4062549460293829,0.4717668697648397,-0.06551192373545683,0.06551192373545683
0.7530910039174339,1.705703764544326,-0.9526127606268922,0.9526127606268922
0.5633174517358029,1.0474655769229502,-0.4841481251871472,0.4841481251871472
0.6052217822979895,1.0584009090936837,-0.45317912679569416,0.45317912679569416
0.4,0.1039106565367247,0.2960893434632753,0.2960893434632753
0.8,0.3506908098505994,0.44930919014940063,0.44930919014940063
0.6,0.4554077953681497,0.1445922046318503,0.1445922046318503
0.6,0.7257238297728213,-0.12572382977282137,0.12572382977282137
1.6268858066002263,2.203509065800512,-0.5766232592002858,0.5766232592002858
2.9826713553861293,2.6895504963983496,0.2931208589877796,0.2931208589877796
2.9489717758099068,2.544020948704782,0.40495082710512476,0.40495082710512476
2.686740331121587,2.893219223602423,-0.20647889248083606,0.20647889248083606
1.3718829183654722,1.794161162622774,-0.42227824425730187,0.42227824425730187
1.2660956469166913,1.948272440513505,-0.6821767935968137,0.6821767935968137
2.6368413584111803,2.448690410656356,0.18815094775482422,0.18815094775482422
1.0,1.5190717881062283,-0.5190717881062283,0.5190717881062283
3.0,1.953621702427387,1.046378297572613,1.046378297572613
0.9814360581560068,1.1500897315606775,-0.16865367340467075,0.16865367340467075
0.5175817230094645,0.2055462251831394,0.3120354978263251,0.3120354978263251
0.5731757916040728,0.3364512255385748,0.23672456606549802,0.23672456606549802
0.6636769574159984,0.8355073049525675,-0.17183034753656912,0.17183034753656912
0.4538514483659435,0.5548000380520003,-0.1009485896860568,0.1009485896860568
0.5494183061851179,0.6293807611006755,-0.07996245491555765,0.07996245491555765
0.7961939204401095,0.9567047051358883,-0.16051078469577884,0.16051078469577884
1.1321807165247717,0.8284716316326489,0.3037090848921228,0.3037090848921228
0.5480873832187684,0.3830972177912902,0.16499016542747819,0.16499016542747819
0.8099944456086376,1.2144854988648397,-0.40449105325620205,0.40449105325620205
0.579730411471064,0.5148416580806562,0.06488875339040778,0.06488875339040778
0.4892093570559104,0.6596032097503144,-0.170393852694404,0.170393852694404
0.5561447310735069,1.806020535615388,-1.249875804541881,1.249875804541881
0.4770632662036267,0.0359517546023895,0.4411115116012372,0.4411115116012372
0.7333233775958355,0.8637102726926914,-0.13038689509685586,0.13038689509685586
0.3322482939632105,0.1621357227322162,0.1701125712309943,0.1701125712309943
0.4062549460293829,0.5778517476161315,-0.17159680158674856,0.17159680158674856
0.7530910039174339,1.702400111835427,-0.9493091079179932,0.9493091079179932
0.5633174517358029,1.000883088678494,-0.4375656369426911,0.4375656369426911
0.6052217822979895,1.2045518158825674,-0.5993300335845779,0.5993300335845779
0.4,0.0,0.4,0.4
0.8,0.2724886996535133,0.5275113003464867,0.5275113003464867
0.6,0.3207480499580424,0.2792519500419576,0.2792519500419576
0.6,0.7049393211631138,-0.10493932116311377,0.10493932116311377
1.6268858066002263,2.0697804361258347,-0.44289462952560843,0.44289462952560843
2.9826713553861293,2.875940283524338,0.1067310718617911,0.1067310718617911
2.9489717758099068,2.6916426714531783,0.2573291043567285,0.2573291043567285
2.686740331121587,2.900215169722688,-0.21347483860110117,0.21347483860110117
1.3718829183654722,1.89184380379421,-0.5199608854287379,0.5199608854287379
1.2660956469166913,1.955690236728274,-0.6895945898115827,0.6895945898115827
2.6368413584111803,2.6364124083185154,0.0004289500926648593,0.0004289500926648593
1.0,1.633708500189504,-0.633708500189504,0.633708500189504
3.0,1.8828530887206565,1.1171469112793435,1.1171469112793435
0.9814360581560068,1.129275223100125,-0.1478391649441183,0.1478391649441183
0.5175817230094645,0.1174515068969757,0.4001302161124888,0.4001302161124888
0.5731757916040728,0.334975001961198,0.23820078964287483,0.23820078964287483
0.6636769574159984,0.8984483932832599,-0.23477143586726146,0.23477143586726146
0.4538514483659435,0.4739898440721903,-0.020138395706246814,0.020138395706246814
0.5494183061851179,0.6402111108164197,-0.0907928046313018,0.0907928046313018
0.7961939204401095,0.8518464681482841,-0.05565254770817463,0.05565254770817463
1.1321807165247717,1.1544851792149236,-0.02230446269015185,0.02230446269015185
0.5480873832187684,0.5086569454087357,0.03943043781003264,0.03943043781003264
0.8099944456086376,0.932344270806321,-0.12234982519768334,0.12234982519768334
0.579730411471064,0.3292319421506759,0.25049846932038805,0.25049846932038805
0.4892093570559104,0.6363667722437438,-0.14715741518783343,0.14715741518783343
0.5561447310735069,1.4247661463578247,-0.8686214152843178,0.8686214152843178
0.4770632662036267,0.0,0.4770632662036267,0.4770632662036267
0.7333233775958355,0.6527118709670097,0.08061150662882588,0.08061150662882588
0.3322482939632105,0.0,0.3322482939632105,0.3322482939632105
0.4062549460293829,0.614794451145174,-0.20853950511579106,0.20853950511579106
0.7530910039174339,1.2446970605980043,-0.49160605668057045,0.49160605668057045
0.5633174517358029,1.1353917895491787,-0.5720743378133758,0.5720743378133758
0.6052217822979895,1.159666675747529,-0.5544448934495394,0.5544448934495394
0.4,0.0,0.4,0.4
0.8,0.2131674605116588,0.5868325394883412,0.5868325394883412
0.6,0.2844342479433037,0.3155657520566963,0.3155657520566963
0.6,0.396446398688862,0.20355360131113798,0.20355360131113798
1.6268858066002263,2.0636205746068943,-0.436734768006668,0.436734768006668
2.9826713553861293,2.7831067550131223,0.19956460037300694,0.19956460037300694
2.9489717758099068,2.752056461775335,0.19691531403457185,0.19691531403457185
2.686740331121587,2.8493564454803493,-0.16261611435876233,0.16261611435876233
1.3718829183654722,1.8979626514125247,-0.5260797330470526,0.5260797330470526
1.2660956469166913,1.916105212488934,-0.6500095655722427,0.6500095655722427
2.6368413584111803,2.6917487656353964,-0.054907407224216165,0.054907407224216165
1.0,1.719083126221672,-0.7190831262216719,0.7190831262216719
3.0,1.8626332932345977,1.1373667067654023,1.1373667067654023
0.9814360581560068,1.1888596639148266,-0.2074236057588198,0.2074236057588198
0.5175817230094645,0.1902458105851789,0.3273359124242856,0.3273359124242856
0.5731757916040728,0.4968542610266652,0.07632153057740765,0.07632153057740765
0.6636769574159984,0.8293340356063266,-0.16565707819032816,0.16565707819032816
0.4538514483659435,0.5108445005699599,-0.0569930522040164,0.0569930522040164
0.5494183061851179,0.7497612742187443,-0.2003429680336264,0.2003429680336264
0.7961939204401095,0.8580001916044936,-0.061806271164384086,0.061806271164384086
1.1321807165247717,1.0052084282967562,0.12697228822801554,0.12697228822801554
0.5480873832187684,0.5631038670198795,-0.015016483801111091,0.015016483801111091
0.8099944456086376,1.049223451070393,-0.2392290054617554,0.2392290054617554
0.579730411471064,0.3358444262560959,0.24388598521496807,0.24388598521496807
0.4892093570559104,0.6743915875473206,-0.18518223049141025,0.18518223049141025
0.5561447310735069,1.4580345442180709,-0.901889813144564,0.901889813144564
0.4770632662036267,0.0248275148668866,0.4522357513367401,0.4522357513367401
0.7333233775958355,0.6997728983202071,0.033550479275628486,0.033550479275628486
0.3322482939632105,0.0,0.3322482939632105,0.3322482939632105
0.4062549460293829,0.7058771297440002,-0.2996221837146173,0.2996221837146173
0.7530910039174339,1.144244137836995,-0.3911531339195611,0.3911531339195611
0.5633174517358029,1.055330606662324,-0.4920131549265211,0.4920131549265211
0.6052217822979895,1.1215802971295508,-0.5163585148315613,0.5163585148315613
0.4,0.0,0.4,0.4
0.8,0.1845786972673793,0.6154213027326207,0.6154213027326207
0.6,0.2233026645293747,0.3766973354706253,0.3766973354706253
0.6,0.4892041042267759,0.11079589577322407,0.11079589577322407
1.6268858066002263,1.9903956327680803,-0.363509826167854,0.363509826167854
2.9826713553861293,2.613470521353922,0.36920083403220705,0.36920083403220705
2.9489717758099068,1.9390040225158207,1.009967753294086,1.009967753294086
2.686740331121587,2.14591234506364,0.540827986057947,0.540827986057947
1.3718829183654722,1.7873737498934203,-0.4154908315279482,0.4154908315279482
1.2660956469166913,2.1601647408034754,-0.8940690938867841,0.8940690938867841
2.6368413584111803,2.2190955399745795,0.41774581843660075,0.41774581843660075
1.0,1.7325088542968572,-0.7325088542968572,0.7325088542968572
3.0,1.960077162576209,1.039922837423791,1.039922837423791
0.9814360581560068,0.6281055783576464,0.3533304797983604,0.3533304797983604
0.5175817230094645,0.6107293065709649,-0.09314758356150044,0.09314758356150044
0.5731757916040728,0.5926105355716657,-0.019434743967592816,0.019434743967592816
0.6636769574159984,0.5703241758887092,0.09335278152728921,0.09335278152728921
0.4538514483659435,0.5817149914510964,-0.1278635430851529,0.1278635430851529
0.5494183061851179,0.5488174823798854,0.0006008238052325199,0.0006008238052325199
0.7961939204401095,0.5928659903104337,0.20332793012967576,0.20332793012967576
1.1321807165247717,0.9041355533147784,0.22804516320999335,0.22804516320999335
0.5480873832187684,0.5015765005338786,0.04651088268488979,0.04651088268488979
0.8099944456086376,0.6904164643478602,0.11957798126077746,0.11957798126077746
0.579730411471064,0.6868334027974297,-0.10710299132636569,0.10710299132636569
0.4892093570559104,0.6116008164403743,-0.12239145938446394,0.12239145938446394
0.5561447310735069,0.933039535113253,-0.37689480403974607,0.37689480403974607
0.4770632662036267,0.5808123548212065,-0.10374908861757981,0.10374908861757981
0.7333233775958355,0.7016828505716672,0.03164052702416831,0.03164052702416831
0.3322482939632105,0.585647562230599,-0.2533992682673885,0.2533992682673885
0.4062549460293829,0.6605283789549838,-0.25427343292560095,0.25427343292560095
0.7530910039174339,0.753453285831695,-0.0003622819142611311,0.0003622819142611311
0.5633174517358029,0.6261992038959273,-0.06288175216012437,0.06288175216012437
0.6052217822979895,0.8088355257793007,-0.20361374348131123,0.20361374348131123
0.4,0.4659488261787925,-0.0659488261787925,0.0659488261787925
0.8,0.612254195099499,0.18774580490050108,0.18774580490050108
0.6,0.5471876143622189,0.05281238563778112,0.05281238563778112
0.6,0.5998978818380288,0.0001021181619711431,0.0001021181619711431
1.6268858066002263,1.9708040952682493,-0.343918288668023,0.343918288668023
2.9826713553861293,2.776841163635254,0.20583019175087536,0.20583019175087536
2.9489717758099068,2.3030893802642822,0.6458823955456245,0.6458823955456245
2.686740331121587,2.5774333477020264,0.10930698341956058,0.10930698341956058
1.3718829183654722,1.4858006238937378,-0.11391770552826563,0.11391770552826563
1.2660956469166913,1.839013695716858,-0.5729180488001666,0.5729180488001666
2.6368413584111803,2.3829684257507324,0.25387293266044786,0.25387293266044786
1.0,1.411316156387329,-0.4113161563873291,0.4113161563873291
3.0,1.9774836301803589,1.0225163698196411,1.0225163698196411
0.9814360581560068,1.0318210124969482,-0.05038495434094148,0.05038495434094148
0.5175817230094645,0.6480423808097839,-0.13046065780031946,0.13046065780031946
0.5731757916040728,0.7062014937400818,-0.13302570213600895,0.13302570213600895
0.6636769574159984,0.8322663903236389,-0.1685894329076405,0.1685894329076405
0.4538514483659435,0.539233386516571,-0.08538193815062756,0.08538193815062756
0.5494183061851179,0.6630063652992249,-0.11358805911410697,0.11358805911410697
0.7961939204401095,0.7906772494316101,0.005516671008499396,0.005516671008499396
1.1321807165247717,0.969021201133728,0.16315951539104367,0.16315951539104367
0.5480873832187684,0.5491566061973572,-0.0010692229785888019,0.0010692229785888019
0.8099944456086376,1.0846964120864868,-0.27470196647784917,0.27470196647784917
0.579730411471064,0.6203324198722839,-0.04060200840121997,0.04060200840121997
0.4892093570559104,0.2052021026611328,0.2840072543947776,0.2840072543947776
0.5561447310735069,1.213271141052246,-0.6571264099787392,0.6571264099787392
0.4770632662036267,0.5008719563484192,-0.023808690144792477,0.023808690144792477
0.7333233775958355,0.8516449332237244,-0.11832155562788882,0.11832155562788882
0.3322482939632105,0.4493112564086914,-0.11706296244548092,0.11706296244548092
0.4062549460293829,0.5425242185592651,-0.13626927252988225,0.13626927252988225
0.7530910039174339,0.5937409400939941,0.15935006382343975,0.15935006382343975
0.5633174517358029,0.7038663029670715,-0.1405488512312686,0.1405488512312686
0.6052217822979895,0.728895902633667,-0.12367412033567748,0.12367412033567748
0.4,0.3544051945209503,0.045594805479049705,0.045594805479049705
0.8,0.5310624837875366,0.2689375162124634,0.2689375162124634
0.6,0.552760660648346,0.04723933935165403,0.04723933935165403
0.6,0.4641348123550415,0.13586518764495847,0.13586518764495847
1.6268858066002263,1.210352843761369,0.4165329628388572,0.4165329628388572
2.9826713553861293,1.210352843761369,1.7723185116247602,1.7723185116247602
2.9489717758099068,1.210352843761369,1.7386189320485377,1.7386189320485377
2.686740331121587,1.210352843761369,1.4763874873602179,1.4763874873602179
1.3718829183654722,1.210352843761369,0.16153007460410307,0.16153007460410307
1.2660956469166913,1.210352843761369,0.05574280315532221,0.05574280315532221
2.6368413584111803,1.210352843761369,1.4264885146498112,1.4264885146498112
1.0,1.210352843761369,-0.2103528437613691,0.2103528437613691
3.0,1.210352843761369,1.789647156238631,1.789647156238631
0.9814360581560068,1.210352843761369,-0.22891678560536233,0.22891678560536233
0.5175817230094645,1.210352843761369,-0.6927711207519046,0.6927711207519046
0.5731757916040728,1.210352843761369,-0.6371770521572963,0.6371770521572963
0.6636769574159984,1.210352843761369,-0.5466758863453707,0.5466758863453707
0.4538514483659435,1.210352843761369,-0.7565013953954256,0.7565013953954256
0.5494183061851179,1.210352843761369,-0.6609345375762512,0.6609345375762512
0.7961939204401095,1.210352843761369,-0.4141589233212596,0.4141589233212596
1.1321807165247717,1.210352843761369,-0.07817212723659739,0.07817212723659739
0.5480873832187684,1.210352843761369,-0.6622654605426007,0.6622654605426007
0.8099944456086376,1.210352843761369,-0.40035839815273144,0.40035839815273144
0.579730411471064,1.210352843761369,-0.6306224322903051,0.6306224322903051
0.4892093570559104,1.210352843761369,-0.7211434867054587,0.7211434867054587
0.5561447310735069,1.210352843761369,-0.6542081126878622,0.6542081126878622
0.4770632662036267,1.210352843761369,-0.7332895775577424,0.7332895775577424
0.7333233775958355,1.210352843761369,-0.47702946616553354,0.47702946616553354
0.3322482939632105,1.210352843761369,-0.8781045497981586,0.8781045497981586
0.4062549460293829,1.210352843761369,-0.8040978977319861,0.8040978977319861
0.7530910039174339,1.210352843761369,-0.4572618398439352,0.4572618398439352
0.5633174517358029,1.210352843761369,-0.6470353920255661,0.6470353920255661
0.6052217822979895,1.210352843761369,-0.6051310614633796,0.6051310614633796
0.4,1.210352843761369,-0.8103528437613691,0.8103528437613691
0.8,1.210352843761369,-0.41035284376136905,0.41035284376136905
0.6,1.210352843761369,-0.6103528437613691,0.6103528437613691
0.6,1.210352843761369,-0.6103528437613691,0.6103528437613691
1.6268858066002263,0.998217962738254,0.6286678438619723,0.6286678438619723
2.9826713553861293,1.2420509948225935,1.7406203605635358,1.7406203605635358
2.9489717758099068,0.9017773634873943,2.0471944123225123,2.0471944123225123
2.686740331121587,1.2268833250552542,1.4598570060663327,1.4598570060663327
1.3718829183654722,0.7348491531617445,0.6370337652037277,0.6370337652037277
1.2660956469166913,0.8514536736524099,0.4146419732642814,0.4146419732642814
2.6368413584111803,0.8514536736524099,1.7853876847587704,1.7853876847587704
1.0,1.1668003480577729,-0.16680034805777288,0.16680034805777288
3.0,1.3422193955550934,1.6577806044449066,1.6577806044449066
0.9814360581560068,1.84100172544326,-0.8595656672872533,0.8595656672872533
0.5175817230094645,1.1668003480577729,-0.6492186250483084,0.6492186250483084
0.5731757916040728,1.1668003480577729,-0.5936245564537,0.5936245564537
0.6636769574159984,1.3422193955550934,-0.678542438139095,0.678542438139095
0.4538514483659435,0.9017773634873943,-0.44792591512145086,0.44792591512145086
0.5494183061851179,0.9017773634873943,-0.35235905730227646,0.35235905730227646
0.7961939204401095,1.2268833250552542,-0.4306894046151447,0.4306894046151447
1.1321807165247717,1.2231457277618305,-0.0909650112370588,0.0909650112370588
0.5480873832187684,0.7348491531617445,-0.1867617699429761,0.1867617699429761
0.8099944456086376,1.7313409031923446,-0.9213464575837069,0.9213464575837069
0.579730411471064,0.998217962738254,-0.41848755126719006,0.41848755126719006
0.4892093570559104,1.84100172544326,-1.3517923683873496,1.3517923683873496
0.5561447310735069,1.84100172544326,-1.2848569943697532,1.2848569943697532
0.4770632662036267,1.1668003480577729,-0.6897370818541462,0.6897370818541462
0.7333233775958355,1.4842002035711954,-0.7508768259753599,0.7508768259753599
0.3322482939632105,0.9543325380601656,-0.6220842440969552,0.6220842440969552
0.4062549460293829,0.9543325380601656,-0.5480775920307828,0.5480775920307828
0.7530910039174339,1.3422193955550934,-0.5891283916376595,0.5891283916376595
0.5633174517358029,1.2420509948225935,-0.6787335430867906,0.6787335430867906
0.6052217822979895,1.2268833250552542,-0.6216615427572647,0.6216615427572647
0.4,1.1668003480577729,-0.7668003480577729,0.7668003480577729
0.8,1.4842002035711954,-0.6842002035711954,0.6842002035711954
0.6,1.2268833250552542,-0.6268833250552542,0.6268833250552542
0.6,1.7313409031923446,-1.1313409031923447,1.1313409031923447
2.291177593433027,1.9750991245262324,0.3160784689067946,0.3160784689067946
3.474743554785576,2.374467940007984,1.1002756147775918,1.1002756147775918
2.594196684748674,2.3861971509093216,0.20799953383935232,0.20799953383935232
1.8697114647833253,1.9316247829091515,-0.06191331812582623,0.06191331812582623
1.723713168491681,2.1805296686330893,-0.4568165001414082,0.4568165001414082
2.6510166735556018,2.0638040816180725,0.5872125919375293,0.5872125919375293
1.540156423059482,2.3584672877600257,-0.8183108647005437,0.8183108647005437
1.4308611121074777,2.065860395815444,-0.6349992837079661,0.6349992837079661
2.3,2.599440834342097,-0.29944083434209734,0.29944083434209734
1.3,2.0701185375511297,-0.7701185375511297,0.7701185375511297
1.1,2.062235533270328,-0.9622355332703281,0.9622355332703281
1.2,2.067174393135256,-0.867174393135256,0.867174393135256
0.7107039593083359,0.4572965039161556,0.25340745539218024,0.25340745539218024
0.6904468967705395,0.305634815657143,0.3848120811133965,0.3848120811133965
0.653829971282899,2.058889633028381,-1.405059661745482,1.405059661745482
1.2309422257456628,1.8319510916707693,-0.6010088659251065,0.6010088659251065
0.997989808692561,1.0821032724935018,-0.08411346380094076,0.08411346380094076
0.9823435270848496,1.2737678566110209,-0.29142432952617126,0.29142432952617126
0.7279249098775472,0.8406646671499489,-0.11273975727240171,0.11273975727240171
0.5714159022282193,1.1112704025433715,-0.5398545003151523,0.5398545003151523
0.7,0.5420350819880237,0.1579649180119762,0.1579649180119762
0.6391522952809118,0.1289067915285522,0.5102455037523596,0.5102455037523596
0.3649043656974847,0.0,0.3649043656974847,0.3649043656974847
0.5950828682883496,0.2261179900851738,0.36896487820317575,0.36896487820317575
0.4243713490577802,0.2810977578903858,0.14327359116739435,0.14327359116739435
0.4198664546099319,0.0,0.4198664546099319,0.4198664546099319
1.0649682679639256,0.6036652166440138,0.4613030513199118,0.4613030513199118
0.4313168954422955,0.5207811962271273,-0.08946430078483175,0.08946430078483175
0.4055485017270916,0.0,0.4055485017270916,0.4055485017270916
0.6,0.0,0.6,0.6
0.5,0.7617547428091982,-0.2617547428091982,0.2617547428091982
0.4,0.0,0.4,0.4
0.5,0.4632419489336434,0.0367580510663566,0.0367580510663566
2.291177593433027,2.074329636977412,0.21684795645561517,0.21684795645561517
3.474743554785576,2.3868207843919658,1.08792277039361,1.08792277039361
2.594196684748674,2.4171819049745613,0.17701477977411262,0.17701477977411262
1.8697114647833253,1.8838265627956368,-0.014115098012311478,0.014115098012311478
1.723713168491681,2.313495799070196,-0.5897826305785148,0.5897826305785148
2.6510166735556018,2.25098108308156,0.4000355904740416,0.4000355904740416
1.540156423059482,2.563374731059372,-1.0232183079998902,1.0232183079998902
1.4308611121074777,2.070407941813951,-0.6395468297064735,0.6395468297064735
2.3,2.269213101035964,0.030786898964035636,0.030786898964035636
1.3,2.138856237147984,-0.838856237147984,0.838856237147984
1.1,2.1235745504003223,-1.0235745504003222,1.0235745504003222
1.2,1.948278219923365,-0.7482782199233651,0.7482782199233651
0.7107039593083359,0.5575390437166708,0.153164915591665,0.153164915591665
0.6904468967705395,0.2930918746117129,0.3973550221588266,0.3973550221588266
0.653829971282899,2.0132095157624565,-1.3593795444795576,1.3593795444795576
1.2309422257456628,1.815935002846509,-0.5849927771008463,0.5849927771008463
0.997989808692561,1.17291377631251,-0.17492396761994888,0.17492396761994888
0.9823435270848496,1.3744406538905816,-0.39209712680573194,0.39209712680573194
0.7279249098775472,1.046584137798631,-0.3186592279210837,0.3186592279210837
0.5714159022282193,0.9767347938914172,-0.4053188916631979,0.4053188916631979
0.7,0.5929756233445626,0.1070243766554374,0.1070243766554374
0.6391522952809118,0.1925759567936574,0.44657633848725437,0.44657633848725437
0.3649043656974847,0.0,0.3649043656974847,0.3649043656974847
0.5950828682883496,0.4277957793333818,0.16728708895496774,0.16728708895496774
0.4243713490577802,0.3922762038555439,0.032095145202236275,0.032095145202236275
0.4198664546099319,0.1640293433808253,0.2558371112291066,0.2558371112291066
1.0649682679639256,0.6319358845424584,0.4330323834214672,0.4330323834214672
0.4313168954422955,0.7401894273111933,-0.3088725318688978,0.3088725318688978
0.4055485017270916,0.0,0.4055485017270916,0.4055485017270916
0.6,0.0,0.6,0.6
0.5,0.4460277972877855,0.05397220271221448,0.05397220271221448
0.4,0.0,0.4,0.4
0.5,0.5118682160247355,-0.011868216024735534,0.011868216024735534
2.291177593433027,2.22811165048578,0.06306594294724688,0.06306594294724688
3.474743554785576,2.4899973270499247,0.9847462277356511,0.9847462277356511
2.594196684748674,2.5428068239307136,0.051389860817960376,0.051389860817960376
1.8697114647833253,1.9882404184030484,-0.11852895361972315,0.11852895361972315
1.723713168491681,2.463611387570378,-0.7398982190786967,0.7398982190786967
2.6510166735556018,2.6251084363580524,0.025908237197549422,0.025908237197549422
1.540156423059482,2.713670869663643,-1.173514446604161,1.173514446604161
1.4308611121074777,2.0306321606539184,-0.5997710485464407,0.5997710485464407
2.3,2.325308734913274,-0.025308734913274122,0.025308734913274122
1.3,2.036556097529978,-0.7365560975299779,0.7365560975299779
1.1,2.2567012268314466,-1.1567012268314465,1.1567012268314465
1.2,1.6902640833308018,-0.49026408333080185,0.49026408333080185
0.7107039593083359,0.6609923128706177,0.04971164643771819,0.04971164643771819
0.6904468967705395,0.338777057307309,0.3516698394632305,0.3516698394632305
0.653829971282899,1.6414202354080234,-0.9875902641251244,0.9875902641251244
1.2309422257456628,1.770978814409078,-0.5400365886634151,0.5400365886634151
0.997989808692561,1.2348757662411884,-0.2368859575486274,0.2368859575486274
0.9823435270848496,1.3771668948702105,-0.39482336778536087,0.39482336778536087
0.7279249098775472,1.14655153204848,-0.4186266221709328,0.4186266221709328
0.5714159022282193,0.8265435381308541,-0.2551276359026349,0.2551276359026349
0.7,0.3540267523650287,0.3459732476349713,0.3459732476349713
0.6391522952809118,0.3892582898786956,0.24989400540221618,0.24989400540221618
0.3649043656974847,0.1045560232634452,0.2603483424340395,0.2603483424340395
0.5950828682883496,0.8237680646990254,-0.22868519641067586,0.22868519641067586
0.4243713490577802,0.3669564339214054,0.057414915136374756,0.057414915136374756
0.4198664546099319,0.3595084559660986,0.06035799864383329,0.06035799864383329
1.0649682679639256,0.9359786357474918,0.12898963221643378,0.12898963221643378
0.4313168954422955,0.912330498004616,-0.48101360256232045,0.48101360256232045
0.4055485017270916,0.1296037950530084,0.2759447066740832,0.2759447066740832
0.6,0.1230671880547966,0.47693281194520337,0.47693281194520337
0.5,0.5239683632542473,-0.023968363254247338,0.023968363254247338
0.4,0.0580522098407536,0.3419477901592464,0.3419477901592464
0.5,0.6649595443829475,-0.16495954438294747,0.16495954438294747
2.291177593433027,2.181799710361848,0.10937788307117913,0.10937788307117913
3.474743554785576,2.462926651576395,1.0118169032091808,1.0118169032091808
2.594196684748674,2.6398437416556364,-0.04564705690696247,0.04564705690696247
1.8697114647833253,2.0665278208997964,-0.19681635611647108,0.19681635611647108
1.723713168491681,2.547776886691338,-0.8240637181996568,0.8240637181996568
2.6510166735556018,2.63623542700196,0.014781246553641658,0.014781246553641658
1.540156423059482,2.8217784594961715,-1.2816220364366895,1.2816220364366895
1.4308611121074777,2.103213990871511,-0.6723528787640332,0.6723528787640332
2.3,2.180789499529441,0.11921050047055903,0.11921050047055903
1.3,2.0348757655365004,-0.7348757655365004,0.7348757655365004
1.1,2.1177771950622577,-1.0177771950622576,1.0177771950622576
1.2,1.6901529010231235,-0.4901529010231236,0.4901529010231236
0.7107039593083359,0.6166967061168621,0.09400725319147374,0.09400725319147374
0.6904468967705395,0.4072636675581791,0.2831832292123604,0.2831832292123604
0.653829971282899,1.7212853959823984,-1.0674554246994994,1.0674554246994994
1.2309422257456628,1.7515265587553412,-0.5205843330096784,0.5205843330096784
0.997989808692561,1.30547776806738,-0.3074879593748189,0.3074879593748189
0.9823435270848496,1.3801928893482334,-0.39784936226338374,0.39784936226338374
0.7279249098775472,1.2566754552511856,-0.5287505453736384,0.5287505453736384
0.5714159022282193,0.8443168535391512,-0.27290095131093195,0.27290095131093195
0.7,0.2920102421681058,0.4079897578318942,0.4079897578318942
0.6391522952809118,0.3677679278637658,0.271384367417146,0.271384367417146
0.3649043656974847,0.1825025989720692,0.1824017667254155,0.1824017667254155
0.5950828682883496,0.8463713541708644,-0.25128848588251484,0.25128848588251484
0.4243713490577802,0.4354171331482275,-0.01104578409044732,0.01104578409044732
0.4198664546099319,0.311336698783747,0.1085297558261849,0.1085297558261849
1.0649682679639256,0.9202996553014952,0.14466861266243047,0.14466861266243047
0.4313168954422955,1.0319143866650755,-0.60059749122278,0.60059749122278
0.4055485017270916,0.055741189443681,0.3498073122834106,0.3498073122834106
0.6,0.0,0.6,0.6
0.5,0.3909254266983452,0.10907457330165482,0.10907457330165482
0.4,0.0828243325152997,0.31717566748470033,0.31717566748470033
0.5,0.6238480019324917,-0.12384800193249168,0.12384800193249168
2.291177593433027,3.311173759992989,-1.0199961665599622,1.0199961665599622
3.474743554785576,2.9191817974178376,0.5555617573677383,0.5555617573677383
2.594196684748674,2.918082539620246,-0.32388585487157195,0.32388585487157195
1.8697114647833253,1.78112417962255,0.08858728516077519,0.08858728516077519
1.723713168491681,2.517840103736779,-0.7941269352450977,0.7941269352450977
2.6510166735556018,2.6956987826438152,-0.04468210908821346,0.04468210908821346
1.540156423059482,2.350859035386977,-0.8107026123274952,0.8107026123274952
1.4308611121074777,1.647687414289104,-0.21682630218162635,0.21682630218162635
2.3,2.74027971453286,-0.4402797145328603,0.4402797145328603
1.3,1.7382824119434457,-0.43828241194344564,0.43828241194344564
1.1,2.4640897581047216,-1.3640897581047216,1.3640897581047216
1.2,1.5186975145551806,-0.3186975145551807,0.3186975145551807
0.7107039593083359,0.7478085535975559,-0.03710459428922008,0.03710459428922008
0.6904468967705395,0.5330672230732667,0.1573796736972728,0.1573796736972728
0.653829971282899,0.7336179513443335,-0.0797879800614345,0.0797879800614345
1.2309422257456628,0.7821476171431679,0.44879460860249487,0.44879460860249487
0.997989808692561,0.5941479629492997,0.4038418457432613,0.4038418457432613
0.9823435270848496,0.764828140099568,0.2175153869852816,0.2175153869852816
0.7279249098775472,0.5707216044237551,0.15720330545379213,0.15720330545379213
0.5714159022282193,0.7454549388561168,-0.17403903662789755,0.17403903662789755
0.7,0.5533621199678871,0.14663788003211287,0.14663788003211287
0.6391522952809118,0.6709076235400461,-0.0317553282591343,0.0317553282591343
0.3649043656974847,0.5152115562967675,-0.15030719059928282,0.15030719059928282
0.5950828682883496,0.6114135243373022,-0.016330656048952674,0.016330656048952674
0.4243713490577802,0.5316718850669115,-0.10730053600913136,0.10730053600913136
0.4198664546099319,0.644903650359577,-0.2250371957496451,0.2250371957496451
1.0649682679639256,0.7827829719719233,0.28218529599200237,0.28218529599200237
0.4313168954422955,0.5399058723410348,-0.10858897689873931,0.10858897689873931
0.4055485017270916,0.5850015343218914,-0.17945303259479978,0.17945303259479978
0.6,0.6334309763364983,-0.033430976336498275,0.033430976336498275
0.5,0.6329842933476271,-0.13298429334762707,0.13298429334762707
0.4,0.4432432233304507,-0.043243223330450664,0.043243223330450664
0.5,0.65980048693579,-0.15980048693578996,0.15980048693578996
2.291177593433027,2.987545967102051,-0.6963683736690238,0.6963683736690238
3.474743554785576,3.034164428710937,0.4405791260746388,0.4405791260746388
2.594196684748674,2.5452229976654053,0.04897368708326866,0.04897368708326866
1.8697114647833253,1.7460979223251345,0.12361354245819078,0.12361354245819078
1.723713168491681,2.5097649097442627,-0.7860517412525816,0.7860517412525816
2.6510166735556018,2.704307079315185,-0.053290405759583326,0.053290405759583326
1.540156423059482,2.5128118991851807,-0.9726554761256987,0.9726554761256987
1.4308611121074777,1.696660399436951,-0.2657992873294732,0.2657992873294732
2.3,2.622114658355713,-0.32211465835571307,0.32211465835571307
1.3,1.6426538228988647,-0.3426538228988647,0.3426538228988647
1.1,2.458137035369873,-1.358137035369873,1.358137035369873
1.2,1.3848068714141846,-0.18480687141418461,0.18480687141418461
0.7107039593083359,0.7269179224967957,-0.0162139631884598,0.0162139631884598
0.6904468967705395,0.5503299236297607,0.14011697314077876,0.14011697314077876
0.653829971282899,0.9777932167053224,-0.3239632454224234,0.3239632454224234
1.2309422257456628,1.2446000576019287,-0.0136578318562659,0.0136578318562659
0.997989808692561,0.8011016249656677,0.19688818372689332,0.19688818372689332
0.9823435270848496,0.939113199710846,0.043230327374003674,0.043230327374003674
0.7279249098775472,0.7105361223220825,0.01738878755546469,0.01738878755546469
0.5714159022282193,0.8810378909111023,-0.30962198868288304,0.30962198868288304
0.7,0.6384378671646118,0.06156213283538814,0.06156213283538814
0.6391522952809118,0.6549583673477173,-0.01580607206680551,0.01580607206680551
0.3649043656974847,0.4427587389945984,-0.0778543732971137,0.0778543732971137
0.5950828682883496,0.5525568723678589,0.04252599592049067,0.04252599592049067
0.4243713490577802,0.5556929111480713,-0.1313215620902911,0.1313215620902911
0.4198664546099319,0.5504156351089478,-0.13054918049901587,0.13054918049901587
1.0649682679639256,0.601457953453064,0.46351031451086167,0.46351031451086167
0.4313168954422955,0.4844185709953308,-0.0531016755530353,0.0531016755530353
0.4055485017270916,0.4117437303066253,-0.006195228579533696,0.006195228579533696
0.6,0.3562382459640503,0.24376175403594968,0.24376175403594968
0.5,0.5364230275154114,-0.03642302751541138,0.03642302751541138
0.4,0.1652847826480865,0.23471521735191353,0.23471521735191353
0.5,0.7331975698471069,-0.23319756984710693,0.23319756984710693
2.291177593433027,1.1906133339886869,1.10056425944434,1.10056425944434
3.474743554785576,1.1906133339886869,2.284130220796889,2.284130220796889
2.594196684748674,1.1906133339886869,1.403583350759987,1.403583350759987
1.8697114647833253,1.1906133339886869,0.6790981307946384,0.6790981307946384
1.723713168491681,1.1906133339886869,0.5330998345029943,0.5330998345029943
2.6510166735556018,1.1906133339886869,1.460403339566915,1.460403339566915
1.540156423059482,1.1906133339886869,0.3495430890707951,0.3495430890707951
1.4308611121074777,1.1906133339886869,0.24024777811879083,0.24024777811879083
2.3,1.1906133339886869,1.109386666011313,1.109386666011313
1.3,1.1906133339886869,0.1093866660113132,0.1093866660113132
1.1,1.1906133339886869,-0.09061333398868676,0.09061333398868676
1.2,1.1906133339886869,0.009386666011313105,0.009386666011313105
0.7107039593083359,1.1906133339886869,-0.479909374680351,0.479909374680351
0.6904468967705395,1.1906133339886869,-0.5001664372181474,0.5001664372181474
0.653829971282899,1.1906133339886869,-0.5367833627057879,0.5367833627057879
1.2309422257456628,1.1906133339886869,0.04032889175697596,0.04032889175697596
0.997989808692561,1.1906133339886869,-0.1926235252961258,0.1926235252961258
0.9823435270848496,1.1906133339886869,-0.20826980690383723,0.20826980690383723
0.7279249098775472,1.1906133339886869,-0.46268842411113964,0.46268842411113964
0.5714159022282193,1.1906133339886869,-0.6191974317604676,0.6191974317604676
0.7,1.1906133339886869,-0.4906133339886869,0.4906133339886869
0.6391522952809118,1.1906133339886869,-0.5514610387077751,0.5514610387077751
0.3649043656974847,1.1906133339886869,-0.8257089682912022,0.8257089682912022
0.5950828682883496,1.1906133339886869,-0.5955304657003373,0.5955304657003373
0.4243713490577802,1.1906133339886869,-0.7662419849309067,0.7662419849309067
0.4198664546099319,1.1906133339886869,-0.770746879378755,0.770746879378755
1.0649682679639256,1.1906133339886869,-0.12564506602476122,0.12564506602476122
0.4313168954422955,1.1906133339886869,-0.7592964385463914,0.7592964385463914
0.4055485017270916,1.1906133339886869,-0.7850648322615952,0.7850648322615952
0.6,1.1906133339886869,-0.5906133339886869,0.5906133339886869
0.5,1.1906133339886869,-0.6906133339886869,0.6906133339886869
0.4,1.1906133339886869,-0.7906133339886868,0.7906133339886868
0.5,1.1906133339886869,-0.6906133339886869,0.6906133339886869
2.291177593433027,1.3313115096782602,0.9598660837547668,0.9598660837547668
3.474743554785576,1.3313115096782602,2.143432045107316,2.143432045107316
2.594196684748674,0.6671515067689574,1.9270451779797164,1.9270451779797164
1.8697114647833253,0.6671515067689574,1.2025599580143678,1.2025599580143678
1.723713168491681,0.7753455237043178,0.9483676447873634,0.9483676447873634
2.6510166735556018,1.3996458898002693,1.2513707837553325,1.2513707837553325
1.540156423059482,0.562600356102126,0.977556066957356,0.977556066957356
1.4308611121074777,0.562600356102126,0.8682607560053517,0.8682607560053517
2.3,1.3313115096782602,0.9686884903217396,0.9686884903217396
1.3,0.7753455237043178,0.5246544762956823,0.5246544762956823
1.1,1.3635556529602204,-0.2635556529602203,0.2635556529602203
1.2,0.562600356102126,0.637399643897874,0.637399643897874
0.7107039593083359,1.3313115096782602,-0.6206075503699243,0.6206075503699243
0.6904468967705395,0.7753455237043178,-0.08489862693377825,0.08489862693377825
0.653829971282899,1.3996458898002693,-0.7458159185173703,0.7458159185173703
1.2309422257456628,1.3635556529602204,-0.1326134272145576,0.1326134272145576
0.997989808692561,1.0645876643997176,-0.0665978557071566,0.0665978557071566
0.9823435270848496,1.3101012652606938,-0.3277577381758442,0.3277577381758442
0.7279249098775472,0.562600356102126,0.1653245537754212,0.1653245537754212
0.5714159022282193,1.6501806886639876,-1.0787647864357683,1.0787647864357683
0.7,1.1311925240124878,-0.43119252401248787,0.43119252401248787
0.6391522952809118,1.0949643550172918,-0.45581205973638006,0.45581205973638006
0.3649043656974847,0.7753455237043178,-0.41044115800683306,0.41044115800683306
0.5950828682883496,1.3996458898002693,-0.8045630215119197,0.8045630215119197
0.4243713490577802,1.0645876643997176,-0.6402163153419375,0.6402163153419375
0.4198664546099319,1.3101012652606938,-0.8902348106507619,0.8902348106507619
1.0649682679639256,1.302181545394098,-0.2372132774301723,0.2372132774301723
0.4313168954422955,0.562600356102126,-0.1312834606598305,0.1312834606598305
0.4055485017270916,1.1311925240124878,-0.7256440222853962,0.7256440222853962
0.6,1.0949643550172918,-0.49496435501729186,0.49496435501729186
0.5,1.3313115096782602,-0.8313115096782602,0.8313115096782602
0.4,1.3620568369438073,-0.9620568369438073,0.9620568369438073
0.5,1.302181545394098,-0.8021815453940979,0.8021815453940979
1.9919193221111424,2.7850467305882614,-0.7931274084771189,0.7931274084771189
1.60003238244435,1.999086578008457,-0.39905419556410693,0.39905419556410693
1.4355644271735015,2.5226528005462434,-1.087088373372742,1.087088373372742
1.6788303054282812,2.343860276247965,-0.6650299708196836,0.6650299708196836
4.280134298861751,3.1167000377420075,1.1634342611197432,1.1634342611197432
1.0,2.3564805245637244,-1.3564805245637244,1.3564805245637244
1.3,1.7986193790026512,-0.4986193790026512,0.4986193790026512
2.5,2.1203094301231387,0.37969056987686134,0.37969056987686134
2.1,2.535630060324083,-0.4356300603240828,0.4356300603240828
0.879146894389113,1.2379946075993815,-0.35884771321026854,0.35884771321026854
0.8655043603230825,0.2986724625465173,0.5668318977765652,0.5668318977765652
0.7056484947012804,0.904369004286774,-0.1987205095854936,0.1987205095854936
0.6700120852270204,0.2245506828940804,0.44546140233293996,0.44546140233293996
0.5422885207412549,0.8159591396154953,-0.2736706188742404,0.2736706188742404
0.8632751628341233,1.0421337872478569,-0.17885862441373357,0.17885862441373357
0.4787820909269001,0.139676162274287,0.33910592865261313,0.33910592865261313
1.1835686146592244,1.5696479147531277,-0.38607930009390334,0.38607930009390334
0.4,0.279397307115429,0.12060269288457104,0.12060269288457104
0.5,0.9015808730732028,-0.4015808730732028,0.4015808730732028
0.4,0.8094284015748447,-0.4094284015748447,0.4094284015748447
0.6,0.5773462447293412,0.022653755270658826,0.022653755270658826
0.6,0.573257307134259,0.026742692865740936,0.026742692865740936
0.5048175502104532,0.8415454039035235,-0.33672785369307034,0.33672785369307034
0.7713261452057005,0.8683567373368021,-0.09703059213110155,0.09703059213110155
0.5747979489963491,0.608884404989426,-0.034086455993076914,0.034086455993076914
0.1047330767226874,3.3084203665921263,-3.203687289869439,3.203687289869439
0.5842063659602571,0.924926679239316,-0.34072031327905894,0.34072031327905894
0.6957406402698985,0.8565643433213083,-0.1608237030514098,0.1608237030514098
0.5562316869210366,0.0577500158180042,0.49848167110303243,0.49848167110303243
0.5,0.0,0.5,0.5
0.3,0.0444925213877025,0.2555074786122975,0.2555074786122975
0.4,0.0,0.4,0.4
0.6,0.2203329103513998,0.3796670896486002,0.3796670896486002
1.9919193221111424,2.7490569344648774,-0.757137612353735,0.757137612353735
1.60003238244435,2.0373015683081173,-0.4372691858637672,0.4372691858637672
1.4355644271735015,2.5431784845950043,-1.1076140574215028,1.1076140574215028
1.6788303054282812,2.408979383667336,-0.730149078239055,0.730149078239055
4.280134298861751,2.930619561378436,1.349514737483315,1.349514737483315
1.0,2.4052477766656004,-1.4052477766656004,1.4052477766656004
1.3,1.8508765611283688,-0.5508765611283688,0.5508765611283688
2.5,2.3222105208689863,0.17778947913101373,0.17778947913101373
2.1,2.513675552643069,-0.4136755526430691,0.4136755526430691
0.879146894389113,1.180866776753975,-0.3017198823648619,0.3017198823648619
0.8655043603230825,0.5911137710910243,0.2743905892320583,0.2743905892320583
0.7056484947012804,0.6370513279055194,0.068597166795761,0.068597166795761
0.6700120852270204,0.316970261637932,0.35304182358908837,0.35304182358908837
0.5422885207412549,0.9109774020301598,-0.36868888128890487,0.36868888128890487
0.8632751628341233,0.8100883080210534,0.05318685481306995,0.05318685481306995
0.4787820909269001,0.1738937906207125,0.30488830030618763,0.30488830030618763
1.1835686146592244,1.3624294036675335,-0.17886078900830915,0.17886078900830915
0.4,0.0682257132659924,0.3317742867340076,0.3317742867340076
0.5,0.6007581490182053,-0.10075814901820535,0.10075814901820535
0.4,0.8370576189546979,-0.43705761895469786,0.43705761895469786
0.6,0.4207311684175451,0.17926883158245488,0.17926883158245488
0.6,0.7540203631580835,-0.15402036315808354,0.15402036315808354
0.5048175502104532,0.8644899844443058,-0.35967243423385264,0.35967243423385264
0.7713261452057005,1.0422171547603092,-0.27089100955460865,0.27089100955460865
0.5747979489963491,0.7373900963029612,-0.1625921473066121,0.1625921473066121
0.1047330767226874,2.6996456297062115,-2.594912552983524,2.594912552983524
0.5842063659602571,0.9264334135086572,-0.34222704754840005,0.34222704754840005
0.6957406402698985,0.8109911017488666,-0.11525046147896811,0.11525046147896811
0.5562316869210366,0.1206871226792782,0.43554456424175847,0.43554456424175847
0.5,0.0827337293670056,0.4172662706329944,0.4172662706329944
0.3,0.1090990976902672,0.19090090230973278,0.19090090230973278
0.4,0.0558826359985387,0.3441173640014613,0.3441173640014613
0.6,0.3126905256684752,0.28730947433152476,0.28730947433152476
1.9919193221111424,2.8897142311994486,-0.8977949090883062,0.8977949090883062
1.60003238244435,1.893977572076848,-0.2939451896324978,0.2939451896324978
1.4355644271735015,2.6008630012195244,-1.1652985740460229,1.1652985740460229
1.6788303054282812,2.401843161952769,-0.7230128565244878,0.7230128565244878
4.280134298861751,2.746152178309665,1.5339821205520856,1.5339821205520856
1.0,2.2795022969896657,-1.2795022969896657,1.2795022969896657
1.3,1.7875122723229904,-0.4875122723229903,0.4875122723229903
2.5,2.40685378938233,0.09314621061766992,0.09314621061766992
2.1,2.1698198634290247,-0.06981986342902458,0.06981986342902458
0.879146894389113,1.3197252940916648,-0.44057839970255186,0.44057839970255186
0.8655043603230825,0.7473691511217965,0.11813520920128606,0.11813520920128606
0.7056484947012804,0.819868049821816,-0.11421955512053561,0.11421955512053561
0.6700120852270204,0.6555424647265058,0.01446962050051459,0.01446962050051459
0.5422885207412549,0.7219373685764258,-0.17964884783517088,0.17964884783517088
0.8632751628341233,0.8607776000769551,0.0024975627571681702,0.0024975627571681702
0.4787820909269001,0.4039526447209053,0.0748294462059948,0.0748294462059948
1.1835686146592244,1.1761632412018816,0.007405373457342712,0.007405373457342712
0.4,0.1204363823873972,0.27956361761260284,0.27956361761260284
0.5,0.4858988393229375,0.014101160677062519,0.014101160677062519
0.4,0.7095133598818828,-0.3095133598818828,0.3095133598818828
0.6,0.5756242169128449,0.024375783087155045,0.024375783087155045
0.6,0.836864852274547,-0.236864852274547,0.236864852274547
0.5048175502104532,0.9496638899752298,-0.4448463397647766,0.4448463397647766
0.7713261452057005,1.0085767858663686,-0.23725064066066803,0.23725064066066803
0.5747979489963491,0.5163351513511721,0.05846279764517692,0.05846279764517692
0.1047330767226874,1.454456059439721,-1.3497229827170334,1.3497229827170334
0.5842063659602571,0.6173854881168164,-0.03317912215655927,0.03317912215655927
0.6957406402698985,0.876406645467464,-0.1806660051975656,0.1806660051975656
0.5562316869210366,0.258161778908677,0.29806990801235966,0.29806990801235966
0.5,0.1130333646103567,0.38696663538964327,0.38696663538964327
0.3,0.0119211179899532,0.2880788820100468,0.2880788820100468
0.4,0.0,0.4,0.4
0.6,0.0,0.6,0.6
1.9919193221111424,2.9259568823011213,-0.9340375601899789,0.9340375601899789
1.60003238244435,1.8291336609477007,-0.2291012785033506,0.2291012785033506
1.4355644271735015,2.626774969423657,-1.1912105422501555,1.1912105422501555
1.6788303054282812,2.390881937778521,-0.7120516323502397,0.7120516323502397
4.280134298861751,2.806954119844362,1.4731801790173886,1.4731801790173886
1.0,2.42298346330446,-1.42298346330446,1.42298346330446
1.3,1.8398308628936668,-0.5398308628936668,0.5398308628936668
2.5,2.396082251807297,0.10391774819270294,0.10391774819270294
2.1,2.222949290340307,-0.1229492903403071,0.1229492903403071
0.879146894389113,1.3641269638925733,-0.4849800695034603,0.4849800695034603
0.8655043603230825,0.7643458428491493,0.10115851747393323,0.10115851747393323
0.7056484947012804,0.7994207102103753,-0.09377221550909487,0.09377221550909487
0.6700120852270204,0.5385487397959351,0.1314633454310853,0.1314633454310853
0.5422885207412549,0.7238978017041896,-0.18160928096293472,0.18160928096293472
0.8632751628341233,0.7552747151626836,0.10800044767143968,0.10800044767143968
0.4787820909269001,0.414183688734008,0.06459840219289209,0.06459840219289209
1.1835686146592244,1.245124201435814,-0.061555586776589566,0.061555586776589566
0.4,0.2965724759007715,0.10342752409922851,0.10342752409922851
0.5,0.5810549665888488,-0.08105496658884881,0.08105496658884881
0.4,0.8611535448959118,-0.46115354489591176,0.46115354489591176
0.6,0.4809104498899648,0.11908955011003519,0.11908955011003519
0.6,0.8342523333987495,-0.2342523333987495,0.2342523333987495
0.5048175502104532,1.0083608965695334,-0.5035433463590803,0.5035433463590803
0.7713261452057005,1.0351320502476615,-0.263805905041961,0.263805905041961
0.5747979489963491,0.523879491805846,0.05091845719050303,0.05091845719050303
0.1047330767226874,1.5413773442948735,-1.436644267572186,1.436644267572186
0.5842063659602571,0.72197807837682,-0.13777171241656294,0.13777171241656294
0.6957406402698985,1.0173008480201515,-0.32156020775025307,0.32156020775025307
0.5562316869210366,0.335524468281985,0.22070721863905163,0.22070721863905163
0.5,0.1919698081471288,0.30803019185287117,0.30803019185287117
0.3,0.0779826345867755,0.22201736541322448,0.22201736541322448
0.4,0.0404926067061035,0.3595073932938965,0.3595073932938965
0.6,0.0702959075009004,0.5297040924990996,0.5297040924990996
1.9919193221111424,2.098575676593388,-0.10665635448224542,0.10665635448224542
1.60003238244435,1.7909073004773368,-0.19087491803298673,0.19087491803298673
1.4355644271735015,2.0254689145910563,-0.5899044874175547,0.5899044874175547
1.6788303054282812,3.680567419700297,-2.001737114272016,2.001737114272016
4.280134298861751,3.0573371462870385,1.2227971525747123,1.2227971525747123
1.0,2.124273731326036,-1.1242737313260358,1.1242737313260358
1.3,1.7806197497619372,-0.4806197497619371,0.4806197497619371
2.5,2.146432804030834,0.3535671959691662,0.3535671959691662
2.1,2.601941461235721,-0.5019414612357207,0.5019414612357207
0.879146894389113,0.8090090217178282,0.0701378726712848,0.0701378726712848
0.8655043603230825,0.6802307166742351,0.18527364364884746,0.18527364364884746
0.7056484947012804,0.6872644775112792,0.018384017190001267,0.018384017190001267
0.6700120852270204,0.6347410102024404,0.035271075024579934,0.035271075024579934
0.5422885207412549,0.5763883712284172,-0.03409985048716235,0.03409985048716235
0.8632751628341233,0.6800909241011961,0.18318423873292722,0.18318423873292722
0.4787820909269001,0.5655771483511876,-0.08679505742428745,0.08679505742428745
1.1835686146592244,0.854770480104046,0.32879813455517837,0.32879813455517837
0.4,0.5403625363338598,-0.14036253633385976,0.14036253633385976
0.5,0.609204341717195,-0.10920434171719495,0.10920434171719495
0.4,0.5650842965024317,-0.16508429650243173,0.16508429650243173
0.6,0.632703701131989,-0.03270370113198906,0.03270370113198906
0.6,0.676202849455415,-0.076202849455415,0.076202849455415
0.5048175502104532,0.6515594203377353,-0.14674187012728213,0.14674187012728213
0.7713261452057005,0.8063909224407805,-0.03506477723507995,0.03506477723507995
0.5747979489963491,0.511553207857536,0.06324474113881307,0.06324474113881307
0.1047330767226874,0.6447175109453244,-0.539984434222637,0.539984434222637
0.5842063659602571,0.6311112260015637,-0.04690486004130656,0.04690486004130656
0.6957406402698985,0.6294425359959582,0.06629810427394023,0.06629810427394023
0.5562316869210366,0.5400022993741652,0.01622938754687142,0.01622938754687142
0.5,0.4827737767484942,0.0172262232515058,0.0172262232515058
0.3,0.4924417503878622,-0.1924417503878622,0.1924417503878622
0.4,0.4756477798325078,-0.07564777983250776,0.07564777983250776
0.6,0.5349081112151677,0.0650918887848323,0.0650918887848323
1.9919193221111424,2.4428131580352783,-0.4508938359241359,0.4508938359241359
1.60003238244435,1.6173467636108398,-0.017314381166489756,0.017314381166489756
1.4355644271735015,1.8601380586624143,-0.4245736314889128,0.4245736314889128
1.6788303054282812,2.9369494915008545,-1.2581191860725733,1.2581191860725733
4.280134298861751,3.5443785190582275,0.7357557798035232,0.7357557798035232
1.0,1.7485986948013306,-0.7485986948013306,0.7485986948013306
1.3,1.4442873001098633,-0.14428730010986324,0.14428730010986324
2.5,1.9713126420974727,0.5286873579025273,0.5286873579025273
2.1,2.637838840484619,-0.537838840484619,0.537838840484619
0.879146894389113,0.9693560600280762,-0.0902091656389632,0.0902091656389632
0.8655043603230825,0.7232847213745117,0.14221963894857081,0.14221963894857081
0.7056484947012804,0.7537662982940674,-0.048117803592786945,0.048117803592786945
0.6700120852270204,0.5924912095069885,0.07752087572003186,0.07752087572003186
0.5422885207412549,0.3847937881946563,0.15749473254659857,0.15749473254659857
0.8632751628341233,0.770845353603363,0.09242980923076027,0.09242980923076027
0.4787820909269001,0.3676737248897552,0.11110836603714491,0.11110836603714491
1.1835686146592244,1.0610289573669434,0.122539657292281,0.122539657292281
0.4,0.3824441730976105,0.01755582690238955,0.01755582690238955
0.5,0.7652748823165894,-0.26527488231658936,0.26527488231658936
0.4,0.517002284526825,-0.11700228452682493,0.11700228452682493
0.6,0.686959445476532,-0.086959445476532,0.086959445476532
0.6,0.7010661363601685,-0.10106613636016848,0.10106613636016848
0.5048175502104532,0.7936358451843262,-0.288818294973873,0.288818294973873
0.7713261452057005,1.089702010154724,-0.31837586494902337,0.31837586494902337
0.5747979489963491,0.232702687382698,0.34209526161365106,0.34209526161365106
0.1047330767226874,4.472222805023193,-4.367489728300506,4.367489728300506
0.5842063659602571,0.835280179977417,-0.2510738140171599,0.2510738140171599
0.6957406402698985,0.752985954284668,-0.05724531401476951,0.05724531401476951
0.5562316869210366,0.4830854833126068,0.07314620360842983,0.07314620360842983
0.5,0.3136264383792877,0.18637356162071228,0.18637356162071228
0.3,0.3292480111122131,-0.02924801111221309,0.02924801111221309
0.4,0.2686810493469238,0.13131895065307625,0.13131895065307625
0.6,0.6218863725662231,-0.021886372566223167,0.021886372566223167
1.9919193221111424,1.227328442197014,0.7645908799141283,0.7645908799141283
1.60003238244435,1.227328442197014,0.372703940247336,0.372703940247336
1.4355644271735015,1.227328442197014,0.20823598497648743,0.20823598497648743
1.6788303054282812,1.227328442197014,0.45150186323126706,0.45150186323126706
4.280134298861751,1.227328442197014,3.0528058566647367,3.0528058566647367
1.0,1.227328442197014,-0.2273284421970141,0.2273284421970141
1.3,1.227328442197014,0.07267155780298595,0.07267155780298595
2.5,1.227328442197014,1.272671557802986,1.272671557802986
2.1,1.227328442197014,0.872671557802986,0.872671557802986
0.879146894389113,1.227328442197014,-0.3481815478079011,0.3481815478079011
0.8655043603230825,1.227328442197014,-0.36182408187393156,0.36182408187393156
0.7056484947012804,1.227328442197014,-0.5216799474957337,0.5216799474957337
0.6700120852270204,1.227328442197014,-0.5573163569699937,0.5573163569699937
0.5422885207412549,1.227328442197014,-0.6850399214557592,0.6850399214557592
0.8632751628341233,1.227328442197014,-0.3640532793628908,0.3640532793628908
0.4787820909269001,1.227328442197014,-0.748546351270114,0.748546351270114
1.1835686146592244,1.227328442197014,-0.04375982753778973,0.04375982753778973
0.4,1.227328442197014,-0.8273284421970141,0.8273284421970141
0.5,1.227328442197014,-0.7273284421970141,0.7273284421970141
0.4,1.227328442197014,-0.8273284421970141,0.8273284421970141
0.6,1.227328442197014,-0.6273284421970141,0.6273284421970141
0.6,1.227328442197014,-0.6273284421970141,0.6273284421970141
0.5048175502104532,1.227328442197014,-0.7225108919865609,0.7225108919865609
0.7713261452057005,1.227328442197014,-0.45600229699131356,0.45600229699131356
0.5747979489963491,1.227328442197014,-0.652530493200665,0.652530493200665
0.1047330767226874,1.227328442197014,-1.1225953654743266,1.1225953654743266
0.5842063659602571,1.227328442197014,-0.643122076236757,0.643122076236757
0.6957406402698985,1.227328442197014,-0.5315878019271156,0.5315878019271156
0.5562316869210366,1.227328442197014,-0.6710967552759775,0.6710967552759775
0.5,1.227328442197014,-0.7273284421970141,0.7273284421970141
0.3,1.227328442197014,-0.927328442197014,0.927328442197014
0.4,1.227328442197014,-0.8273284421970141,0.8273284421970141
0.6,1.227328442197014,-0.6273284421970141,0.6273284421970141
1.9919193221111424,0.9391361409589438,1.0527831811521986,1.0527831811521986
1.60003238244435,0.8181796238149897,0.7818527586293604,0.7818527586293604
1.4355644271735015,1.992636879160856,-0.5570724519873544,0.5570724519873544
1.6788303054282812,1.2988789499926896,0.37995135543559155,0.37995135543559155
4.280134298861751,1.3219367747563566,2.958197524105394,2.958197524105394
1.0,1.992636879160856,-0.992636879160856,0.992636879160856
1.3,1.0468237801747518,0.2531762198252483,0.2531762198252483
2.5,1.1803898398967538,1.3196101601032462,1.3196101601032462
2.1,1.3219367747563566,0.7780632252436435,0.7780632252436435
0.879146894389113,0.9391361409589438,-0.059989246569830845,0.059989246569830845
0.8655043603230825,0.9391361409589438,-0.07363178063586129,0.07363178063586129
0.7056484947012804,1.0029774722520295,-0.29732897755074905,0.29732897755074905
0.6700120852270204,1.5326730436102252,-0.8626609583832048,0.8626609583832048
0.5422885207412549,1.992636879160856,-1.450348358419601,1.450348358419601
0.8632751628341233,1.1803898398967538,-0.3171146770626305,0.3171146770626305
0.4787820909269001,0.8389679742274785,-0.3601858833005784,0.3601858833005784
1.1835686146592244,1.3219367747563566,-0.13836816009713226,0.13836816009713226
0.4,1.0029774722520295,-0.6029774722520295,0.6029774722520295
0.5,1.5326730436102252,-1.0326730436102252,1.0326730436102252
0.4,1.992636879160856,-1.5926368791608558,1.5926368791608558
0.6,1.2639293303910657,-0.6639293303910657,0.6639293303910657
0.6,1.1803898398967538,-0.5803898398967539,0.5803898398967539
0.5048175502104532,1.644635284096755,-1.1398177338863018,1.1398177338863018
0.7713261452057005,1.4185453880092809,-0.6472192428035803,0.6472192428035803
0.5747979489963491,1.992636879160856,-1.417838930164507,1.417838930164507
0.1047330767226874,1.992636879160856,-1.8879038024381685,1.8879038024381685
0.5842063659602571,1.3219367747563566,-0.7377304087960995,0.7377304087960995
0.6957406402698985,1.1739446016290038,-0.47820396135910537,0.47820396135910537
0.5562316869210366,1.1739446016290038,-0.6177129147079672,0.6177129147079672
0.5,0.8181796238149897,-0.31817962381498965,0.31817962381498965
0.3,1.0468237801747518,-0.7468237801747517,0.7468237801747517
0.4,0.8389679742274785,-0.43896797422747846,0.43896797422747846
0.6,1.1739446016290038,-0.5739446016290038,0.5739446016290038
1.5470171390615697,0.0,1.5470171390615697,1.5470171390615697
2.594196684748674,0.0,2.594196684748674,2.594196684748674
1.8697114647833253,0.0,1.8697114647833253,1.8697114647833253
1.5321273000173696,0.0,1.5321273000173696,1.5321273000173696
2.9489717758099068,0.0,2.9489717758099068,2.9489717758099068
2.235407081928281,0.0,2.235407081928281,2.235407081928281
1.2660956469166913,0.0,1.2660956469166913,1.2660956469166913
2.6368413584111803,0.0,2.6368413584111803,2.6368413584111803
1.4980452432828957,0.0,1.4980452432828957,1.4980452432828957
1.0,0.0,1.0,1.0
1.3,0.0,1.3,1.3
2.1,0.0,2.1,2.1
0.5175817230094645,0.0,0.5175817230094645,0.5175817230094645
0.7056484947012804,0.0,0.7056484947012804,0.7056484947012804
0.5731757916040728,0.0,0.5731757916040728,0.5731757916040728
0.4538514483659435,0.0,0.4538514483659435,0.4538514483659435
0.997989808692561,0.0,0.997989808692561,0.997989808692561
0.5494183061851179,0.0,0.5494183061851179,0.5494183061851179
0.5251432400895707,0.0,0.5251432400895707,0.5251432400895707
0.7559563988183644,0.0,0.7559563988183644,0.7559563988183644
0.6778710254152407,0.0,0.6778710254152407,0.6778710254152407
0.4,0.0,0.4,0.4
0.3,0.0,0.3,0.3
0.7,0.0,0.7,0.7
0.4770632662036267,0.0,0.4770632662036267,0.4770632662036267
0.5641103408681047,0.0,0.5641103408681047,0.5641103408681047
0.4869183122414556,0.0,0.4869183122414556,0.4869183122414556
0.3602760666772656,0.0,0.3602760666772656,0.3602760666772656
0.6658246650132922,0.0,0.6658246650132922,0.6658246650132922
0.4243713490577802,0.0,0.4243713490577802,0.4243713490577802
0.4055485017270916,0.0,0.4055485017270916,0.4055485017270916
0.6957406402698985,0.0,0.6957406402698985,0.6957406402698985
0.5562316869210366,0.0,0.5562316869210366,0.5562316869210366
0.4,0.0,0.4,0.4
0.3,0.0,0.3,0.3
0.6,0.0,0.6,0.6
1.5470171390615697,1.7080814824285495,-0.16106434336697983,0.16106434336697983
2.594196684748674,2.0188449700744315,0.5753517146742424,0.5753517146742424
1.8697114647833253,1.7418169066057811,0.12789455817754414,0.12789455817754414
1.5321273000173696,2.209669690425266,-0.6775423904078965,0.6775423904078965
2.9489717758099068,2.6426912866878505,0.3062804891220563,0.3062804891220563
2.235407081928281,2.3172668786235606,-0.08185979669527965,0.08185979669527965
1.2660956469166913,1.8373273117960849,-0.5712316648793936,0.5712316648793936
2.6368413584111803,2.5509515578094764,0.08588980060170393,0.08588980060170393
1.4980452432828957,1.9172574393381776,-0.4192121960552819,0.4192121960552819
1.0,1.6617925868670496,-0.6617925868670496,0.6617925868670496
1.3,1.9478418480842483,-0.6478418480842483,0.6478418480842483
2.1,2.044258504307442,0.05574149569255793,0.05574149569255793
0.5175817230094645,0.1308301600232819,0.3867515629861826,0.3867515629861826
0.7056484947012804,0.4415936476691637,0.26405484703211674,0.26405484703211674
0.5731757916040728,0.1645655842005133,0.4086102074035596,0.4086102074035596
0.4538514483659435,0.6324183680199985,-0.17856691965405502,0.17856691965405502
0.997989808692561,1.0654399642825827,-0.06745015559002165,0.06745015559002165
0.5494183061851179,0.7400155562182931,-0.19059725003317518,0.19059725003317518
0.5251432400895707,0.260075989390817,0.2650672506987537,0.2650672506987537
0.7559563988183644,0.9737002354042084,-0.21774383658584395,0.21774383658584395
0.6778710254152407,0.3400061169329098,0.3378649084823309,0.3378649084823309
0.4,0.0845412644617817,0.31545873553821835,0.31545873553821835
0.3,0.3705905256789805,-0.0705905256789805,0.0705905256789805
0.7,0.4670071819021746,0.23299281809782535,0.23299281809782535
0.4770632662036267,0.0,0.4770632662036267,0.4770632662036267
0.5641103408681047,0.2180528451879178,0.34605749568018696,0.34605749568018696
0.4869183122414556,0.0,0.4869183122414556,0.4869183122414556
0.3602760666772656,0.4088775655387526,-0.048601498861487014,0.048601498861487014
0.6658246650132922,0.841899161801337,-0.17607449678804477,0.17607449678804477
0.4243713490577802,0.5164747537370471,-0.09210340467926692,0.09210340467926692
0.4055485017270916,0.0365351869095711,0.36901331481752053,0.36901331481752053
0.6957406402698985,0.7501594329229624,-0.05441879265306393,0.05441879265306393
0.5562316869210366,0.1164653144516638,0.43976637246937283,0.43976637246937283
0.4,0.0,0.4,0.4
0.3,0.1470497231977345,0.1529502768022655,0.1529502768022655
0.6,0.2434663794209288,0.3565336205790712,0.3565336205790712
1.5470171390615697,1.7185867883704553,-0.17156964930888563,0.17156964930888563
2.594196684748674,2.42371933659219,0.17047734815648408,0.17047734815648408
1.8697114647833253,1.9616941329208697,-0.09198266813754441,0.09198266813754441
1.5321273000173696,2.132053440748243,-0.5999261407308736,0.5999261407308736
2.9489717758099068,2.804894034185076,0.14407774162483067,0.14407774162483067
2.235407081928281,2.28226722279146,-0.04686014086317902,0.04686014086317902
1.2660956469166913,2.027447523896009,-0.7613518769793175,0.7613518769793175
2.6368413584111803,2.803701936710219,-0.16686057829903866,0.16686057829903866
1.4980452432828957,2.172789991488964,-0.6747447482060684,0.6747447482060684
1.0,1.9638781515485748,-0.9638781515485748,0.9638781515485748
1.3,1.8447140886523503,-0.5447140886523503,0.5447140886523503
2.1,1.942228641731392,0.157771358268608,0.157771358268608
0.5175817230094645,0.1154334691008223,0.4021482539086422,0.4021482539086422
0.7056484947012804,0.8205660173225573,-0.11491752262127686,0.11491752262127686
0.5731757916040728,0.3585408136512368,0.21463497795283604,0.21463497795283604
0.4538514483659435,0.5289001214786101,-0.07504867311266661,0.07504867311266661
0.997989808692561,1.201740714915443,-0.20375090622288206,0.20375090622288206
0.5494183061851179,0.6791139035218268,-0.12969559733670888,0.12969559733670888
0.5251432400895707,0.4242942046263761,0.10084903546319457,0.10084903546319457
0.7559563988183644,1.2005486174405862,-0.44459221862222176,0.44459221862222176
0.6778710254152407,0.5696366722193309,0.1082343531959098,0.1082343531959098
0.4,0.360724832278942,0.039275167721058046,0.039275167721058046
0.3,0.2415607693827173,0.05843923061728268,0.05843923061728268
0.7,0.3390753224617588,0.36092467753824115,0.36092467753824115
0.4770632662036267,0.0,0.4770632662036267,0.4770632662036267
0.5641103408681047,0.6137978535758957,-0.049687512707790926,0.049687512707790926
0.4869183122414556,0.1517726499045752,0.33514566233688037,0.33514566233688037
0.3602760666772656,0.3221319577319489,0.03814410894531667,0.03814410894531667
0.6658246650132922,0.994972551168782,-0.32914788615548984,0.32914788615548984
0.4243713490577802,0.4723457397751652,-0.04797439071738502,0.04797439071738502
0.4055485017270916,0.217526040879715,0.18802246084737662,0.18802246084737662
0.6957406402698985,0.9937804536939246,-0.2980398134240262,0.2980398134240262
0.5562316869210366,0.3628685084726695,0.19336317844836715,0.19336317844836715
0.4,0.1539566685322808,0.24604333146771923,0.24604333146771923
0.3,0.0347926056360563,0.2652073943639437,0.2652073943639437
0.6,0.1323071587150976,0.4676928412849024,0.4676928412849024
1.5470171390615697,1.7610341654325066,-0.2140170263709369,0.2140170263709369
2.594196684748674,2.4452134527038645,0.14898323204480945,0.14898323204480945
1.8697114647833253,2.016573754226848,-0.14686228944352253,0.14686228944352253
1.5321273000173696,2.183357120274475,-0.6512298202571052,0.6512298202571052
2.9489717758099068,2.8676810804126456,0.08129069539726119,0.08129069539726119
2.235407081928281,2.3724619196567045,-0.13705483772842353,0.13705483772842353
1.2660956469166913,2.0317752249414607,-0.7656795780247694,0.7656795780247694
2.6368413584111803,2.8682987547288032,-0.23145739631762297,0.23145739631762297
1.4980452432828957,2.2202887374186973,-0.7222434941358016,0.7222434941358016
1.0,1.979446352807766,-0.9794463528077659,0.9794463528077659
1.3,1.8355354400284936,-0.5355354400284935,0.5355354400284935
2.1,1.9522462430982903,0.14775375690170978,0.14775375690170978
0.5175817230094645,0.158635897854426,0.3589458251550385,0.3589458251550385
0.7056484947012804,0.8428151851257835,-0.13716669042450302,0.13716669042450302
0.5731757916040728,0.4141754866487666,0.15900030495530626,0.15900030495530626
0.4538514483659435,0.5809588526963942,-0.12710740433045076,0.12710740433045076
0.997989808692561,1.2652828128345643,-0.2672930041420033,0.2672930041420033
0.5494183061851179,0.7700636520786237,-0.22064534589350582,0.22064534589350582
0.5251432400895707,0.42937695736338,0.0957662827261907,0.0957662827261907
0.7559563988183644,1.2659004871507222,-0.5099440883323578,0.5099440883323578
0.6778710254152407,0.6178904698406165,0.05998055557462423,0.05998055557462423
0.4,0.3770480852296851,0.02295191477031494,0.02295191477031494
0.3,0.233137172450413,0.066862827549587,0.066862827549587
0.7,0.3498479755202095,0.35015202447979044,0.35015202447979044
0.4770632662036267,0.0,0.4770632662036267,0.4770632662036267
0.5641103408681047,0.6387792774389617,-0.07466893657085694,0.07466893657085694
0.4869183122414556,0.2101395789619449,0.2767787332795107,0.2767787332795107
0.3602760666772656,0.3769229450095726,-0.01664687833230699,0.01664687833230699
0.6658246650132922,1.061246905147743,-0.3954222401344507,0.3954222401344507
0.4243713490577802,0.566027744391802,-0.14165639533402186,0.14165639533402186
0.4055485017270916,0.2253410496765582,0.1802074520505334,0.1802074520505334
0.6957406402698985,1.0618645794639006,-0.3661239391940021,0.3661239391940021
0.5562316869210366,0.4138545621537948,0.14237712476724185,0.14237712476724185
0.4,0.1730121775428634,0.2269878224571366,0.2269878224571366
0.3,0.0291012647635915,0.2708987352364085,0.2708987352364085
0.6,0.1458120678333878,0.4541879321666122,0.4541879321666122
1.5470171390615697,1.624528241388075,-0.07751110232650538,0.07751110232650538
2.594196684748674,2.35021768387815,0.24397900087052404,0.24397900087052404
1.8697114647833253,1.6149981380751377,0.2547133267081876,0.2547133267081876
1.5321273000173696,1.92495869643071,-0.3928313964133403,0.3928313964133403
2.9489717758099068,1.9489725459134968,0.99999922989641,0.99999922989641
2.235407081928281,1.7227871310573608,0.5126199508709202,0.5126199508709202
1.2660956469166913,2.248824070865531,-0.9827284239488399,0.9827284239488399
2.6368413584111803,2.334732062130299,0.30210929628088135,0.30210929628088135
1.4980452432828957,2.0525250170590867,-0.5544797737761911,0.5544797737761911
1.0,1.6457728575248365,-0.6457728575248365,0.6457728575248365
1.3,1.5775642842839153,-0.2775642842839152,0.2775642842839152
2.1,1.750703576094588,0.34929642390541216,0.34929642390541216
0.5175817230094645,0.6066082204978198,-0.08902649748835534,0.08902649748835534
0.7056484947012804,0.6611043445909446,0.044544150110335856,0.044544150110335856
0.5731757916040728,0.6083126440532378,-0.03513685244916498,0.03513685244916498
0.4538514483659435,0.7855703559128585,-0.331718907546915,0.331718907546915
0.997989808692561,0.7677451060666217,0.23024470262593932,0.23024470262593932
0.5494183061851179,0.689920228861698,-0.14050192267658013,0.14050192267658013
0.5251432400895707,0.8017855861856256,-0.27664234609605487,0.27664234609605487
0.7559563988183644,0.8013903152197631,-0.04543391640139871,0.04543391640139871
0.6778710254152407,0.7080414500226216,-0.030170424607380952,0.030170424607380952
0.4,0.5523480414490775,-0.15234804144907743,0.15234804144907743
0.3,0.6045708048995926,-0.3045708048995926,0.3045708048995926
0.7,0.5994694094587251,0.10053059054127489,0.10053059054127489
0.4770632662036267,0.5331584990830348,-0.0560952328794081,0.0560952328794081
0.5641103408681047,0.5591770896889195,0.004933251179185194,0.004933251179185194
0.4869183122414556,0.535960694706815,-0.04904238246535936,0.04904238246535936
0.3602760666772656,0.6891315362652338,-0.32885546958796824,0.32885546958796824
0.6658246650132922,0.660365678720997,0.0054589862922951315,0.0054589862922951315
0.4243713490577802,0.6125762783803264,-0.18820492932254618,0.18820492932254618
0.4055485017270916,0.6958060434489944,-0.2902575417219028,0.2902575417219028
0.6957406402698985,0.6873596322089542,0.008381008060944217,0.008381008060944217
0.5562316869210366,0.6209995159526478,-0.06476782903161116,0.06476782903161116
0.4,0.4882121262273029,-0.0882121262273029,0.0882121262273029
0.3,0.5596902116775445,-0.2596902116775445,0.2596902116775445
0.6,0.5506989476991128,0.049301052300887216,0.049301052300887216
1.5470171390615697,1.5555680990219116,-0.008550959960341942,0.008550959960341942
2.594196684748674,2.7157950401306152,-0.1215983553819413,0.1215983553819413
1.8697114647833253,1.6460281610488892,0.22368330373443612,0.22368330373443612
1.5321273000173696,1.9018036127090447,-0.3696763126916751,0.3696763126916751
2.9489717758099068,2.3504016399383545,0.5985701358715523,0.5985701358715523
2.235407081928281,1.842542290687561,0.39286479124071993,0.39286479124071993
1.2660956469166913,2.330000638961792,-1.0639049920451007,1.0639049920451007
2.6368413584111803,2.729409456253052,-0.09256809784187192,0.09256809784187192
1.4980452432828957,2.182178974151612,-0.6841337308687165,0.6841337308687165
1.0,1.591331958770752,-0.591331958770752,0.591331958770752
1.3,1.486977219581604,-0.18697721958160396,0.18697721958160396
2.1,1.662441372871399,0.43755862712860116,0.43755862712860116
0.5175817230094645,0.5588242411613464,-0.04124251815188196,0.04124251815188196
0.7056484947012804,0.7698493599891663,-0.06420086528788582,0.06420086528788582
0.5731757916040728,0.6296780109405518,-0.05650221933647892,0.05650221933647892
0.4538514483659435,0.7216686606407166,-0.26781721227477306,0.26781721227477306
0.997989808692561,0.7546951174736023,0.24329469121895875,0.24329469121895875
0.5494183061851179,0.6768420338630676,-0.12742372767794974,0.12742372767794974
0.5251432400895707,0.8975118398666382,-0.3723685997770675,0.3723685997770675
0.7559563988183644,0.9025163054466248,-0.14655990662826035,0.14655990662826035
0.6778710254152407,0.8052543997764587,-0.12738337436121805,0.12738337436121805
0.4,0.4989726543426513,-0.09897265434265129,0.09897265434265129
0.3,0.4956517219543457,-0.19565172195434571,0.19565172195434571
0.7,0.5658037662506104,0.1341962337493896,0.1341962337493896
0.4770632662036267,0.4149982035160064,0.0620650626876203,0.0620650626876203
0.5641103408681047,0.4541265666484833,0.10998377421962147,0.10998377421962147
0.4869183122414556,0.4858520627021789,0.001066249539276698,0.001066249539276698
0.3602760666772656,0.583641529083252,-0.22336546240598637,0.22336546240598637
0.6658246650132922,0.4965648651123047,0.1692597999009875,0.1692597999009875
0.4243713490577802,0.5445579290390015,-0.12018657998122129,0.12018657998122129
0.4055485017270916,0.8402271270751953,-0.4346786253481037,0.4346786253481037
0.6957406402698985,0.637183666229248,0.05855697404065041,0.05855697404065041
0.5562316869210366,0.6657679677009583,-0.10953628077992161,0.10953628077992161
0.4,0.3627053499221802,0.037294650077819846,0.037294650077819846
0.3,0.3660231828689575,-0.06602318286895753,0.06602318286895753
0.6,0.428745687007904,0.17125431299209598,0.17125431299209598
1.5470171390615697,1.229064403570124,0.31795273549144576,0.31795273549144576
2.594196684748674,1.229064403570124,1.36513228117855,1.36513228117855
1.8697114647833253,1.229064403570124,0.6406470612132014,0.6406470612132014
1.5321273000173696,1.229064403570124,0.3030628964472457,0.3030628964472457
2.9489717758099068,1.229064403570124,1.7199073722397829,1.7199073722397829
2.235407081928281,1.229064403570124,1.006342678358157,1.006342678358157
1.2660956469166913,1.229064403570124,0.03703124334656738,0.03703124334656738
2.6368413584111803,1.229064403570124,1.4077769548410564,1.4077769548410564
1.4980452432828957,1.229064403570124,0.26898083971277176,0.26898083971277176
1.0,1.229064403570124,-0.22906440357012392,0.22906440357012392
1.3,1.229064403570124,0.07093559642987612,0.07093559642987612
2.1,1.229064403570124,0.8709355964298762,0.8709355964298762
0.5175817230094645,1.229064403570124,-0.7114826805606594,0.7114826805606594
0.7056484947012804,1.229064403570124,-0.5234159088688435,0.5234159088688435
0.5731757916040728,1.229064403570124,-0.6558886119660511,0.6558886119660511
0.4538514483659435,1.229064403570124,-0.7752129552041804,0.7752129552041804
0.997989808692561,1.229064403570124,-0.23107459487756288,0.23107459487756288
0.5494183061851179,1.229064403570124,-0.679646097385006,0.679646097385006
0.5251432400895707,1.229064403570124,-0.7039211634805532,0.7039211634805532
0.7559563988183644,1.229064403570124,-0.4731080047517595,0.4731080047517595
0.6778710254152407,1.229064403570124,-0.5511933781548832,0.5511933781548832
0.4,1.229064403570124,-0.8290644035701239,0.8290644035701239
0.3,1.229064403570124,-0.9290644035701239,0.9290644035701239
0.7,1.229064403570124,-0.529064403570124,0.529064403570124
0.4770632662036267,1.229064403570124,-0.7520011373664972,0.7520011373664972
0.5641103408681047,1.229064403570124,-0.6649540627020192,0.6649540627020192
0.4869183122414556,1.229064403570124,-0.7421460913286684,0.7421460913286684
0.3602760666772656,1.229064403570124,-0.8687883368928584,0.8687883368928584
0.6658246650132922,1.229064403570124,-0.5632397385568317,0.5632397385568317
0.4243713490577802,1.229064403570124,-0.8046930545123437,0.8046930545123437
0.4055485017270916,1.229064403570124,-0.8235159018430322,0.8235159018430322
0.6957406402698985,1.229064403570124,-0.5333237633002255,0.5333237633002255
0.5562316869210366,1.229064403570124,-0.6728327166490873,0.6728327166490873
0.4,1.229064403570124,-0.8290644035701239,0.8290644035701239
0.3,1.229064403570124,-0.9290644035701239,0.9290644035701239
0.6,1.229064403570124,-0.6290644035701239,0.6290644035701239
1.5470171390615697,1.229064403570124,0.31795273549144576,0.31795273549144576
2.594196684748674,1.229064403570124,1.36513228117855,1.36513228117855
1.8697114647833253,1.229064403570124,0.6406470612132014,0.6406470612132014
1.5321273000173696,1.229064403570124,0.3030628964472457,0.3030628964472457
2.9489717758099068,1.229064403570124,1.7199073722397829,1.7199073722397829
2.235407081928281,1.229064403570124,1.006342678358157,1.006342678358157
1.2660956469166913,1.229064403570124,0.03703124334656738,0.03703124334656738
2.6368413584111803,1.229064403570124,1.4077769548410564,1.4077769548410564
1.4980452432828957,1.229064403570124,0.26898083971277176,0.26898083971277176
1.0,1.229064403570124,-0.22906440357012392,0.22906440357012392
1.3,1.229064403570124,0.07093559642987612,0.07093559642987612
2.1,1.229064403570124,0.8709355964298762,0.8709355964298762
0.5175817230094645,1.229064403570124,-0.7114826805606594,0.7114826805606594
0.7056484947012804,1.229064403570124,-0.5234159088688435,0.5234159088688435
0.5731757916040728,1.229064403570124,-0.6558886119660511,0.6558886119660511
0.4538514483659435,1.229064403570124,-0.7752129552041804,0.7752129552041804
0.997989808692561,1.229064403570124,-0.23107459487756288,0.23107459487756288
0.5494183061851179,1.229064403570124,-0.679646097385006,0.679646097385006
0.5251432400895707,1.229064403570124,-0.7039211634805532,0.7039211634805532
0.7559563988183644,1.229064403570124,-0.4731080047517595,0.4731080047517595
0.6778710254152407,1.229064403570124,-0.5511933781548832,0.5511933781548832
0.4,1.229064403570124,-0.8290644035701239,0.8290644035701239
0.3,1.229064403570124,-0.9290644035701239,0.9290644035701239
0.7,1.229064403570124,-0.529064403570124,0.529064403570124
0.4770632662036267,1.229064403570124,-0.7520011373664972,0.7520011373664972
0.5641103408681047,1.229064403570124,-0.6649540627020192,0.6649540627020192
0.4869183122414556,1.229064403570124,-0.7421460913286684,0.7421460913286684
0.3602760666772656,1.229064403570124,-0.8687883368928584,0.8687883368928584
0.6658246650132922,1.229064403570124,-0.5632397385568317,0.5632397385568317
0.4243713490577802,1.229064403570124,-0.8046930545123437,0.8046930545123437
0.4055485017270916,1.229064403570124,-0.8235159018430322,0.8235159018430322
0.6957406402698985,1.229064403570124,-0.5333237633002255,0.5333237633002255
0.5562316869210366,1.229064403570124,-0.6728327166490873,0.6728327166490873
0.4,1.229064403570124,-0.8290644035701239,0.8290644035701239
0.3,1.229064403570124,-0.9290644035701239,0.9290644035701239
0.6,1.229064403570124,-0.6290644035701239,0.6290644035701239
2.291177593433027,20.19102776690964,-17.899850173476615,17.899850173476615
4.746403988018382,22.1238155385798,-17.37741155056142,17.37741155056142
3.474743554785576,21.307904168730914,-17.83316061394534,17.83316061394534
1.6788303054282812,17.48856933167766,-15.809739026249378,15.809739026249378
4.580426866194772,18.45776819175097,-13.877341325556197,13.877341325556197
2.9826713553861293,19.47544912139609,-16.492777766009958,16.492777766009958
3.0038294115831783,20.28084092717307,-17.27701151558989,17.27701151558989
4.280134298861751,22.24240231897633,-17.96226802011458,17.96226802011458
3.592580248493403,22.51491476355913,-18.922334515065728,18.922334515065728
2.3,18.940329096482383,-16.640329096482382,16.640329096482382
1.1,14.679230560902528,-13.579230560902529,13.579230560902529
2.1,19.61489722216369,-17.51489722216369,17.51489722216369
0.7107039593083359,18.862032040421383,-18.151328081113046,18.151328081113046
1.3411688832335629,20.794819812091543,-19.45365092885798,19.45365092885798
0.9814360581560068,19.978908442242663,-18.997472384086656,18.997472384086656
0.6821726355797036,16.1595736051894,-15.477400969609697,15.477400969609697
1.2309422257456628,17.128772465262713,-15.89783023951705,15.89783023951705
0.9352419701157908,18.14645339490784,-17.21121142479205,17.21121142479205
0.5714159022282193,18.95184520068481,-18.38042929845659,18.38042929845659
1.1835686146592244,20.91340659248808,-19.729837977828854,19.729837977828854
0.8099944456086376,21.18591903707088,-20.375924591462244,20.375924591462244
0.7,17.611333369994128,-16.91133336999413,16.91133336999413
0.6,13.35023483441427,-12.75023483441427,12.75023483441427
0.7,18.285901495675443,-17.585901495675444,17.585901495675444
0.4892093570559104,18.67270181036759,-18.183492453311683,18.183492453311683
0.5561447310735069,20.605489582037748,-20.049344850964243,20.049344850964243
0.5048175502104532,19.789578212188868,-19.284760661978414,19.284760661978414
0.4632654520489824,15.97024337513561,-15.506977923086627,15.506977923086627
0.7496304931127424,16.939442235208922,-16.18981174209618,16.18981174209618
0.5633174517358029,17.957123164854043,-17.39380571311824,17.39380571311824
0.4788089757102604,18.76251497063102,-18.28370599492076,18.28370599492076
0.8188652144271537,20.724076362434285,-19.905211148007133,19.905211148007133
0.5842063659602571,20.996588807017083,-20.412382441056828,20.412382441056828
0.5,17.422003139940333,-16.922003139940333,16.922003139940333
0.4,13.160904604360478,-12.760904604360478,12.760904604360478
0.6,18.096571265621648,-17.496571265621647,17.496571265621647
2.291177593433027,1.765679940846122,0.5254976525869051,0.5254976525869051
4.746403988018382,2.3098775678909726,2.436526420127409,2.436526420127409
3.474743554785576,2.011268780731132,1.4634747740544438,1.4634747740544438
1.6788303054282812,2.86646137274891,-1.187631067320629,1.187631067320629
4.580426866194772,3.049403200158429,1.5310236660363432,1.5310236660363432
2.9826713553861293,3.216822869058232,-0.23415151367210285,0.23415151367210285
3.0038294115831783,2.364691004739952,0.6391384068432262,0.6391384068432262
4.280134298861751,3.06114070611564,1.2189935927461106,1.2189935927461106
3.592580248493403,2.7823701049372223,0.8102101435561808,0.8102101435561808
2.3,2.8983081281294174,-0.5983081281294176,0.5983081281294176
1.1,2.8922913936898493,-1.7922913936898492,1.7922913936898492
2.1,3.135748381337697,-1.0357483813376969,1.0357483813376969
0.7107039593083359,0.4275642239459956,0.2831397353623403,0.2831397353623403
1.3411688832335629,0.9717618509908462,0.36940703224271665,0.36940703224271665
0.9814360581560068,0.6731530638310058,0.30828299432500095,0.30828299432500095
0.6821726355797036,1.5283456558487838,-0.8461730202690801,0.8461730202690801
1.2309422257456628,1.7112874832583027,-0.4803452575126399,0.4803452575126399
0.9352419701157908,1.8787071521581065,-0.9434651820423157,0.9434651820423157
0.5714159022282193,1.0265752878398262,-0.45515938561160696,0.45515938561160696
1.1835686146592244,1.7230249892155136,-0.5394563745562893,0.5394563745562893
0.8099944456086376,1.4442543880370962,-0.6342599424284585,0.6342599424284585
0.7,1.560192411229291,-0.8601924112292911,0.8601924112292911
0.6,1.554175676789723,-0.954175676789723,0.954175676789723
0.7,1.797632664437571,-1.0976326644375711,1.0976326644375711
0.4892093570559104,0.255012516204588,0.23419684085132242,0.23419684085132242
0.5561447310735069,0.7992101432494385,-0.24306541217593158,0.24306541217593158
0.5048175502104532,0.5006013560895982,0.004216194120854944,0.004216194120854944
0.4632654520489824,1.3557939481073762,-0.8925284960583938,0.8925284960583938
0.7496304931127424,1.5387357755168949,-0.7891052824041525,0.7891052824041525
0.5633174517358029,1.7061554444166989,-1.1428379926808958,1.1428379926808958
0.4788089757102604,0.8540235800984184,-0.375214604388158,0.375214604388158
0.8188652144271537,1.550473281474106,-0.7316080670469524,0.7316080670469524
0.5842063659602571,1.2717026802956883,-0.6874963143354312,0.6874963143354312
0.5,1.3876407034878837,-0.8876407034878837,0.8876407034878837
0.4,1.3816239690483152,-0.9816239690483152,0.9816239690483152
0.6,1.6250809566961633,-1.0250809566961632,1.0250809566961632
2.291177593433027,2.199442272344614,0.09173532108841309,0.09173532108841309
4.746403988018382,2.708489155661648,2.0379148323567335,2.0379148323567335
3.474743554785576,2.3770704060881647,1.0976731486974112,1.0976731486974112
1.6788303054282812,2.2987440557162087,-0.6199137502879275,0.6199137502879275
4.580426866194772,2.8293455526467444,1.7510813135480277,1.7510813135480277
2.9826713553861293,2.5147866681716646,0.46788468721446463,0.46788468721446463
3.0038294115831783,2.165012023627018,0.8388173879561602,0.8388173879561602
4.280134298861751,2.550840328639012,1.7292939702227388,1.7292939702227388
3.592580248493403,2.227333053061529,1.365247195431874,1.365247195431874
2.3,2.109824170594365,0.19017582940563482,0.19017582940563482
1.1,2.0548235235644223,-0.9548235235644222,0.9548235235644222
2.1,2.094416862830805,0.005583137169195229,0.005583137169195229
0.7107039593083359,0.8293026526244169,-0.11859869331608108,0.11859869331608108
1.3411688832335629,1.3383495359414508,0.0028193472921120843,0.0028193472921120843
0.9814360581560068,1.0069307863679682,-0.025494728211961415,0.025494728211961415
0.6821726355797036,0.928604435996012,-0.2464318004163083,0.2464318004163083
1.2309422257456628,1.4592059329265477,-0.22826370718088485,0.22826370718088485
0.9352419701157908,1.144647048451468,-0.20940507833567712,0.20940507833567712
0.5714159022282193,0.7948724039068215,-0.2234565016786022,0.2234565016786022
1.1835686146592244,1.180700708918815,0.0028679057404092934,0.0028679057404092934
0.8099944456086376,0.8571934333413327,-0.04719898773269504,0.04719898773269504
0.7,0.7396845508741681,-0.03968455087416811,0.03968455087416811
0.6,0.6846839038442256,-0.08468390384422564,0.08468390384422564
0.7,0.7242772431106085,-0.024277243110608526,0.024277243110608526
0.4892093570559104,0.6811163158026161,-0.1919069587467057,0.1919069587467057
0.5561447310735069,1.1901631991196495,-0.6340184680461426,0.6340184680461426
0.5048175502104532,0.8587444495461669,-0.35392689933571375,0.35392689933571375
0.4632654520489824,0.7804180991742109,-0.3171526471252285,0.3171526471252285
0.7496304931127424,1.3110195961047468,-0.5613891029920044,0.5613891029920044
0.5633174517358029,0.9964607116296672,-0.43314325989386426,0.43314325989386426
0.4788089757102604,0.6466860670850204,-0.16787709137476003,0.16787709137476003
0.8188652144271537,1.032514372097014,-0.21364915766986037,0.21364915766986037
0.5842063659602571,0.7090070965195319,-0.12480073055927476,0.12480073055927476
0.5,0.5914982140523671,-0.09149821405236713,0.09149821405236713
0.4,0.5364975670224248,-0.13649756702242477,0.13649756702242477
0.6,0.5760909062888078,0.02390909371119221,0.02390909371119221
2.291177593433027,2.223862777928333,0.06731481550469409,0.06731481550469409
4.746403988018382,2.71703851160828,2.029365476410102,2.029365476410102
3.474743554785576,2.4563658466075955,1.0183777081779803,1.0183777081779803
1.6788303054282812,2.4347166312268147,-0.7558863257985335,0.7558863257985335
4.580426866194772,2.908981278197058,1.671445587997714,1.671445587997714
2.9826713553861293,2.685694812185818,0.2969765432003113,0.2969765432003113
3.0038294115831783,2.21057612057157,0.7932532910116081,0.7932532910116081
4.280134298861751,2.6139954080207013,1.6661388908410495,1.6661388908410495
3.592580248493403,2.356820834163926,1.2357594143294772,1.2357594143294772
2.3,2.3124132318083497,-0.012413231808349856,0.012413231808349856
1.1,2.326481869849653,-1.226481869849653,1.226481869849653
2.1,2.273886923056329,-0.1738869230563287,0.1738869230563287
0.7107039593083359,0.8779068512473153,-0.16720289193897941,0.16720289193897941
1.3411688832335629,1.3710825849272616,-0.02991370169369878,0.02991370169369878
0.9814360581560068,1.1104099199265778,-0.12897386177057102,0.12897386177057102
0.6821726355797036,1.0887607045457968,-0.4065880689660931,0.4065880689660931
1.2309422257456628,1.56302535151604,-0.33208312577037713,0.33208312577037713
0.9352419701157908,1.3397388855048,-0.4044969153890092,0.4044969153890092
0.5714159022282193,0.8646201938905527,-0.2932042916623334,0.2932042916623334
1.1835686146592244,1.2680394813396834,-0.084470866680459,0.084470866680459
0.8099944456086376,1.010864907482908,-0.20087046187427027,0.20087046187427027
0.7,0.9664573051273316,-0.2664573051273317,0.2664573051273317
0.6,0.9805259431686348,-0.38052594316863486,0.38052594316863486
0.7,0.9279309963753108,-0.2279309963753109,0.2279309963753109
0.4892093570559104,0.7329136258208538,-0.24370426876494344,0.24370426876494344
0.5561447310735069,1.2260893595008002,-0.6699446284272933,0.6699446284272933
0.5048175502104532,0.9654166945001164,-0.4605991442896632,0.4605991442896632
0.4632654520489824,0.9437674791193352,-0.48050202707035283,0.48050202707035283
0.7496304931127424,1.4180321260895783,-0.6684016329768359,0.6684016329768359
0.5633174517358029,1.1947456600783386,-0.6314282083425357,0.6314282083425357
0.4788089757102604,0.7196269684640912,-0.24081799275383087,0.24081799275383087
0.8188652144271537,1.1230462559132222,-0.3041810414860685,0.3041810414860685
0.5842063659602571,0.8658716820564466,-0.2816653160961895,0.2816653160961895
0.5,0.8214640797008703,-0.3214640797008703,0.3214640797008703
0.4,0.8355327177421733,-0.4355327177421733,0.4355327177421733
0.6,0.7829377709488495,-0.18293777094884955,0.18293777094884955
2.291177593433027,2.6352271068652424,-0.34404951343221546,0.34404951343221546
4.746403988018382,2.6049276695362407,2.141476318482141,2.141476318482141
3.474743554785576,2.560248729524796,0.9144948252607796,0.9144948252607796
1.6788303054282812,2.642313370756655,-0.9634830653283737,0.9634830653283737
4.580426866194772,2.6176196762460906,1.9628071899486814,1.9628071899486814
2.9826713553861293,2.55530059193493,0.4273707634511994,0.4273707634511994
3.0038294115831783,2.659763591108694,0.3440658204744844,0.3440658204744844
4.280134298861751,2.701095959788012,1.5790383390737386,1.5790383390737386
3.592580248493403,2.6348590013723143,0.9577212471210887,0.9577212471210887
2.3,2.5171054584735826,-0.21710545847358276,0.21710545847358276
1.1,2.5205288643790853,-1.4205288643790852,1.4205288643790852
2.1,2.615813071400093,-0.515813071400093,0.515813071400093
0.7107039593083359,0.620120607917598,0.09058335139073781,0.09058335139073781
1.3411688832335629,0.6522472488028538,0.6889216344307091,0.6889216344307091
0.9814360581560068,0.5579865568067457,0.42344950134926107,0.42344950134926107
0.6821726355797036,0.6190266870624906,0.063145948517213,0.063145948517213
1.2309422257456628,0.6394495594848102,0.5914926662608526,0.5914926662608526
0.9352419701157908,0.555879146380593,0.3793628237351978,0.3793628237351978
0.5714159022282193,0.6541973978176162,-0.08278149558939696,0.08278149558939696
1.1835686146592244,0.7393625247065995,0.4442060899526249,0.4442060899526249
0.8099944456086376,0.6535995109902335,0.15639493461840415,0.15639493461840415
0.7,0.5350753363732746,0.1649246636267253,0.1649246636267253
0.6,0.543560767372681,0.05643923262731898,0.05643923262731898
0.7,0.5916794534576777,0.10832054654232226,0.10832054654232226
0.4892093570559104,0.6097275431870233,-0.12051818613111287,0.12051818613111287
0.5561447310735069,0.6367879545943741,-0.08064322352086717,0.08064322352086717
0.5048175502104532,0.5467859905435679,-0.041968440333114754,0.041968440333114754
0.4632654520489824,0.608633622331916,-0.14536817028293358,0.14536817028293358
0.7496304931127424,0.6239902652763304,0.12564022783641204,0.12564022783641204
0.5633174517358029,0.5446785801174152,0.01863887161838773,0.01863887161838773
0.4788089757102604,0.6413986102878687,-0.16258963457760833,0.16258963457760833
0.8188652144271537,0.7233408730962317,0.09552434133092191,0.09552434133092191
0.5842063659602571,0.640800723460486,-0.0565943575002289,0.0565943575002289
0.5,0.524925858255488,-0.024925858255487987,0.024925858255487987
0.4,0.5326037877222914,-0.13260378772229142,0.13260378772229142
0.6,0.5807240313252152,0.01927596867478476,0.01927596867478476
2.291177593433027,5.460503578186035,-3.169325984753008,3.169325984753008
4.746403988018382,2.8991761207580566,1.847227867260325,1.847227867260325
3.474743554785576,2.5884180068969727,0.8863255478886032,0.8863255478886032
1.6788303054282812,5.432208061218262,-3.7533777557899803,3.7533777557899803
4.580426866194772,2.875701904296875,1.704724961897897,1.704724961897897
2.9826713553861293,2.5667266845703125,0.41594467081581676,0.41594467081581676
3.0038294115831783,2.788037776947021,0.21579163463615725,0.21579163463615725
4.280134298861751,3.155458211898804,1.1246760869629466,1.1246760869629466
3.592580248493403,2.8469159603118896,0.7456642881815134,0.7456642881815134
2.3,2.522510766983032,-0.22251076698303196,0.22251076698303196
1.1,2.369033098220825,-1.269033098220825,1.269033098220825
2.1,2.730905771255493,-0.6309057712554931,0.6309057712554931
0.7107039593083359,1.7869404554367063,-1.0762364961283706,1.0762364961283706
1.3411688832335629,0.9416177272796632,0.3995511559538997,0.3995511559538997
0.9814360581560068,0.7817862033843994,0.19964985477160735,0.19964985477160735
0.6821726355797036,1.7002413272857666,-1.018068691706063,1.018068691706063
1.2309422257456628,0.8597397804260254,0.3712024453196374,0.3712024453196374
0.9352419701157908,0.701691210269928,0.23355075984586282,0.23355075984586282
0.5714159022282193,0.842856228351593,-0.27144032612337377,0.27144032612337377
1.1835686146592244,1.0115740299224854,0.171994584736739,0.171994584736739
0.8099944456086376,0.876185417175293,-0.06619097156665532,0.06619097156665532
0.7,0.7469316720962524,-0.046931672096252486,0.046931672096252486
0.6,0.6585776209831238,-0.0585776209831238,0.0585776209831238
0.7,0.8251396417617798,-0.12513964176177983,0.12513964176177983
0.4892093570559104,1.4742658138275146,-0.9850564567716042,0.9850564567716042
0.5561447310735069,0.6748940348625183,-0.11874930378901138,0.11874930378901138
0.5048175502104532,0.6147621870040894,-0.1099446367936362,0.1099446367936362
0.4632654520489824,1.3875666856765747,-0.9243012336275923,0.9243012336275923
0.7496304931127424,0.5930160880088806,0.15661440510386182,0.15661440510386182
0.5633174517358029,0.5346671938896179,0.028650257846185023,0.028650257846185023
0.4788089757102604,0.696249783039093,-0.21744080732883264,0.21744080732883264
0.8188652144271537,0.7434940338134766,0.07537118061367709,0.07537118061367709
0.5842063659602571,0.7250993847846985,-0.14089301882444139,0.14089301882444139
0.5,0.5843872427940369,-0.08438724279403687,0.08438724279403687
0.4,0.5270814895629883,-0.12708148956298826,0.12708148956298826
0.6,0.666816234588623,-0.06681623458862307,0.06681623458862307
2.291177593433027,1.0942203337431495,1.1969572596898774,1.1969572596898774
4.746403988018382,1.0942203337431495,3.652183654275232,3.652183654275232
3.474743554785576,1.0942203337431495,2.3805232210424263,2.3805232210424263
1.6788303054282812,1.0942203337431495,0.5846099716851316,0.5846099716851316
4.580426866194772,1.0942203337431495,3.4862065324516225,3.4862065324516225
2.9826713553861293,1.0942203337431495,1.8884510216429797,1.8884510216429797
3.0038294115831783,1.0942203337431495,1.9096090778400288,1.9096090778400288
4.280134298861751,1.0942203337431495,3.1859139651186013,3.1859139651186013
3.592580248493403,1.0942203337431495,2.4983599147502535,2.4983599147502535
2.3,1.0942203337431495,1.2057796662568503,1.2057796662568503
1.1,1.0942203337431495,0.0057796662568505575,0.0057796662568505575
2.1,1.0942203337431495,1.0057796662568506,1.0057796662568506
0.7107039593083359,1.0942203337431495,-0.3835163744348137,0.3835163744348137
1.3411688832335629,1.0942203337431495,0.24694854949041334,0.24694854949041334
0.9814360581560068,1.0942203337431495,-0.11278427558714277,0.11278427558714277
0.6821726355797036,1.0942203337431495,-0.4120476981634459,0.4120476981634459
1.2309422257456628,1.0942203337431495,0.13672189200251328,0.13672189200251328
0.9352419701157908,1.0942203337431495,-0.15897836362735873,0.15897836362735873
0.5714159022282193,1.0942203337431495,-0.5228044315149303,0.5228044315149303
1.1835686146592244,1.0942203337431495,0.08934828091607483,0.08934828091607483
0.8099944456086376,1.0942203337431495,-0.2842258881345119,0.2842258881345119
0.7,1.0942203337431495,-0.3942203337431496,0.3942203337431496
0.6,1.0942203337431495,-0.49422033374314955,0.49422033374314955
0.7,1.0942203337431495,-0.3942203337431496,0.3942203337431496
0.4892093570559104,1.0942203337431495,-0.6050109766872391,0.6050109766872391
0.5561447310735069,1.0942203337431495,-0.5380756026696426,0.5380756026696426
0.5048175502104532,1.0942203337431495,-0.5894027835326964,0.5894027835326964
0.4632654520489824,1.0942203337431495,-0.6309548816941671,0.6309548816941671
0.7496304931127424,1.0942203337431495,-0.3445898406304071,0.3445898406304071
0.5633174517358029,1.0942203337431495,-0.5309028820073466,0.5309028820073466
0.4788089757102604,1.0942203337431495,-0.6154113580328892,0.6154113580328892
0.8188652144271537,1.0942203337431495,-0.2753551193159959,0.2753551193159959
0.5842063659602571,1.0942203337431495,-0.5100139677828924,0.5100139677828924
0.5,1.0942203337431495,-0.5942203337431495,0.5942203337431495
0.4,1.0942203337431495,-0.6942203337431495,0.6942203337431495
0.6,1.0942203337431495,-0.49422033374314955,0.49422033374314955
2.291177593433027,1.0942203337431495,1.1969572596898774,1.1969572596898774
4.746403988018382,1.0942203337431495,3.652183654275232,3.652183654275232
3.474743554785576,1.0942203337431495,2.3805232210424263,2.3805232210424263
1.6788303054282812,1.0942203337431495,0.5846099716851316,0.5846099716851316
4.580426866194772,1.0942203337431495,3.4862065324516225,3.4862065324516225
2.9826713553861293,1.0942203337431495,1.8884510216429797,1.8884510216429797
3.0038294115831783,1.0942203337431495,1.9096090778400288,1.9096090778400288
4.280134298861751,1.0942203337431495,3.1859139651186013,3.1859139651186013
3.592580248493403,1.0942203337431495,2.4983599147502535,2.4983599147502535
2.3,1.0942203337431495,1.2057796662568503,1.2057796662568503
1.1,1.0942203337431495,0.0057796662568505575,0.0057796662568505575
2.1,1.0942203337431495,1.0057796662568506,1.0057796662568506
0.7107039593083359,1.0942203337431495,-0.3835163744348137,0.3835163744348137
1.3411688832335629,1.0942203337431495,0.24694854949041334,0.24694854949041334
0.9814360581560068,1.0942203337431495,-0.11278427558714277,0.11278427558714277
0.6821726355797036,1.0942203337431495,-0.4120476981634459,0.4120476981634459
1.2309422257456628,1.0942203337431495,0.13672189200251328,0.13672189200251328
0.9352419701157908,1.0942203337431495,-0.15897836362735873,0.15897836362735873
0.5714159022282193,1.0942203337431495,-0.5228044315149303,0.5228044315149303
1.1835686146592244,1.0942203337431495,0.08934828091607483,0.08934828091607483
0.8099944456086376,1.0942203337431495,-0.2842258881345119,0.2842258881345119
0.7,1.0942203337431495,-0.3942203337431496,0.3942203337431496
0.6,1.0942203337431495,-0.49422033374314955,0.49422033374314955
0.7,1.0942203337431495,-0.3942203337431496,0.3942203337431496
0.4892093570559104,1.0942203337431495,-0.6050109766872391,0.6050109766872391
0.5561447310735069,1.0942203337431495,-0.5380756026696426,0.5380756026696426
0.5048175502104532,1.0942203337431495,-0.5894027835326964,0.5894027835326964
0.4632654520489824,1.0942203337431495,-0.6309548816941671,0.6309548816941671
0.7496304931127424,1.0942203337431495,-0.3445898406304071,0.3445898406304071
0.5633174517358029,1.0942203337431495,-0.5309028820073466,0.5309028820073466
0.4788089757102604,1.0942203337431495,-0.6154113580328892,0.6154113580328892
0.8188652144271537,1.0942203337431495,-0.2753551193159959,0.2753551193159959
0.5842063659602571,1.0942203337431495,-0.5100139677828924,0.5100139677828924
0.5,1.0942203337431495,-0.5942203337431495,0.5942203337431495
0.4,1.0942203337431495,-0.6942203337431495,0.6942203337431495
0.6,1.0942203337431495,-0.49422033374314955,0.49422033374314955
1.6268858066002263,5.808471700054411,-4.1815858934541845,4.1815858934541845
1.9919193221111424,6.678864317334957,-4.686944995223815,4.686944995223815
1.6750870924050658,5.573385998834586,-3.89829890642952,3.89829890642952
2.591624259545572,11.185920834156,-8.594296574610429,8.594296574610429
3.423349924580549,12.069620987279729,-8.64627106269918,8.64627106269918
2.6510166735556018,10.620493844077952,-7.96947717052235,7.96947717052235
1.3718829183654722,7.667378410161736,-6.295495491796264,6.295495491796264
1.540156423059482,8.324408664347025,-6.784252241287543,6.784252241287543
1.4308611121074777,7.945351761474551,-6.5144906493670725,6.5144906493670725
1.0,6.595760870320625,-5.595760870320625,5.595760870320625
3.0,4.853994102810843,-1.8539941028108426,1.8539941028108426
1.2,5.856755719114004,-4.656755719114003,4.656755719114003
0.8570862730857126,4.246796666190823,-3.3897103931051107,3.3897103931051107
0.879146894389113,5.117189283471369,-4.238042389082256,4.238042389082256
0.8655043603230825,4.011710964970998,-3.1462066046479156,3.1462066046479156
0.6700120852270204,9.62424580029241,-8.95423371506539,8.95423371506539
0.653829971282899,10.50794595341614,-9.85411598213324,9.85411598213324
0.6636769574159984,9.058818810214364,-8.395141852798366,8.395141852798366
0.4787820909269001,6.10570337629815,-5.62692128537125,5.62692128537125
0.7279249098775472,6.762733630483439,-6.034808720605891,6.034808720605891
0.5480873832187684,6.383676727610964,-5.835589344392195,5.835589344392195
0.7,5.034085836457036,-4.334085836457036,4.334085836457036
0.5,3.292319068947255,-2.792319068947255,2.792319068947255
0.4,4.295080685250416,-3.895080685250416,3.895080685250416
0.579730411471064,4.00771587441181,-3.427985462940746,3.427985462940746
0.774283389787513,4.878108491692355,-4.103825101904842,4.103825101904842
0.6391522952809118,3.772630173191984,-3.133477877911072,3.133477877911072
0.4950587775158489,9.385165008513397,-8.890106230997548,8.890106230997548
0.7530910039174339,10.268865161637128,-9.515774157719694,9.515774157719694
0.5950828682883496,8.819738018435348,-8.224655150146999,8.224655150146999
0.3687334249789068,5.866622584519136,-5.497889159540229,5.497889159540229
0.4313168954422955,6.523652838704424,-6.092335943262129,6.092335943262129
0.3707166752248346,6.1445959358319495,-5.7738792606071145,5.7738792606071145
0.6,4.795005044678023,-4.195005044678023,4.195005044678023
0.5,3.0532382771682407,-2.5532382771682407,2.5532382771682407
0.4,4.0559998934714026,-3.6559998934714026,3.6559998934714026
1.6268858066002263,1.8398569322844969,-0.21297112568427057,0.21297112568427057
1.9919193221111424,2.501075178498706,-0.5091558563875638,0.5091558563875638
1.6750870924050658,2.024982337453148,-0.34989524504808234,0.34989524504808234
2.591624259545572,1.8929606910663008,0.6986635684792712,0.6986635684792712
3.423349924580549,3.536729561654833,-0.11337963707428411,0.11337963707428411
2.6510166735556018,2.239761494950217,0.41125517860538485,0.41125517860538485
1.3718829183654722,2.1165231232285167,-0.7446402048630445,0.7446402048630445
1.540156423059482,2.676885216224492,-1.13672879316501,1.13672879316501
1.4308611121074777,2.385726179904029,-0.9548650677965513,0.9548650677965513
1.0,1.6557426819840075,-0.6557426819840075,0.6557426819840075
3.0,1.5226001549546246,1.4773998450453754,1.4773998450453754
1.2,1.7705639800963358,-0.5705639800963358,0.5705639800963358
0.8570862730857126,0.2760587028804662,0.5810275702052464,0.5810275702052464
0.879146894389113,0.937276949094676,-0.058130054705562983,0.058130054705562983
0.8655043603230825,0.4611841080491166,0.40432025227396595,0.40432025227396595
0.6700120852270204,0.3291624616622699,0.34084962356475046,0.34084962356475046
0.653829971282899,1.972931332250802,-1.319101360967903,1.319101360967903
0.6636769574159984,0.675963265546186,-0.012286308130187606,0.012286308130187606
0.4787820909269001,0.552724893824486,-0.07394280289758587,0.07394280289758587
0.7279249098775472,1.1130869868204605,-0.38516207694291327,0.38516207694291327
0.5480873832187684,0.8219279504999986,-0.2738405672812302,0.2738405672812302
0.7,0.0919444525799768,0.6080555474200231,0.6080555474200231
0.5,0.0,0.5,0.5
0.4,0.2067657506923048,0.19323424930769523,0.19323424930769523
0.579730411471064,0.0481842326177286,0.5315461788533353,0.5315461788533353
0.774283389787513,0.7094024788319384,0.06488091095557458,0.06488091095557458
0.6391522952809118,0.2333096377863792,0.4058426574945326,0.4058426574945326
0.4950587775158489,0.1012879913995323,0.3937707861163166,0.3937707861163166
0.7530910039174339,1.7450568619880644,-0.9919658580706305,0.9919658580706305
0.5950828682883496,0.4480887952834484,0.14699407300490114,0.14699407300490114
0.3687334249789068,0.3248504235617484,0.043883001417158396,0.043883001417158396
0.4313168954422955,0.885212516557723,-0.45389562111542753,0.45389562111542753
0.3707166752248346,0.594053480237261,-0.22333680501242642,0.22333680501242642
0.6,0.0,0.6,0.6
0.5,0.0,0.5,0.5
0.4,0.0,0.4,0.4
1.6268858066002263,2.0761301401219754,-0.4492443335217491,0.4492443335217491
1.9919193221111424,2.9114516792309697,-0.9195323571198273,0.9195323571198273
1.6750870924050658,2.277659980542923,-0.6025728881378574,0.6025728881378574
2.591624259545572,2.1296732469412287,0.46195101260434335,0.46195101260434335
3.423349924580549,3.05232303883455,0.37102688574599885,0.37102688574599885
2.6510166735556018,2.4824800829775207,0.16853659057808112,0.16853659057808112
1.3718829183654722,1.9611131039778444,-0.5892301856123723,0.5892301856123723
1.540156423059482,2.779680068569849,-1.2395236455103669,1.2395236455103669
1.4308611121074777,2.169930495311004,-0.7390693832035264,0.7390693832035264
1.0,1.8114503060532392,-0.8114503060532392,0.8114503060532392
3.0,2.067386052716577,0.9326139472834232,0.9326139472834232
1.2,1.7011956005931317,-0.5011956005931317,0.5011956005931317
0.8570862730857126,0.4820708716948245,0.3750154013908881,0.3750154013908881
0.879146894389113,1.3173924108038189,-0.4382455164147059,0.4382455164147059
0.8655043603230825,0.6836007121157723,0.1819036482073102,0.1819036482073102
0.6700120852270204,0.5356139785140779,0.1343981067129425,0.1343981067129425
0.653829971282899,1.4582637704073989,-0.8044337991244999,0.8044337991244999
0.6636769574159984,0.8884208145503696,-0.22474385713437117,0.22474385713437117
0.4787820909269001,0.3670538355506934,0.11172825537620673,0.11172825537620673
0.7279249098775472,1.1856208001426978,-0.45769589026515056,0.45769589026515056
0.5480873832187684,0.5758712268838533,-0.027783843665084906,0.027783843665084906
0.7,0.2173910376260879,0.48260896237391204,0.48260896237391204
0.5,0.4733267842894255,0.026673215710574516,0.026673215710574516
0.4,0.1071363321659804,0.2928636678340196,0.2928636678340196
0.579730411471064,0.2753743144793883,0.30435609699167565,0.30435609699167565
0.774283389787513,1.1106958535883822,-0.3364124638008692,0.3364124638008692
0.6391522952809118,0.4769041549003359,0.1622481403805759,0.1622481403805759
0.4950587775158489,0.3289174212986416,0.16614135621720733,0.16614135621720733
0.7530910039174339,1.2515672131919624,-0.4984762092745285,0.4984762092745285
0.5950828682883496,0.6817242573349336,-0.08664138904658403,0.08664138904658403
0.3687334249789068,0.1603572783352571,0.20837614664364973,0.20837614664364973
0.4313168954422955,0.9789242429272612,-0.5476073474849656,0.5476073474849656
0.3707166752248346,0.3691746696684167,0.0015420055564178692,0.0015420055564178692
0.6,0.0106944804106516,0.5893055195893484,0.5893055195893484
0.5,0.2666302270739893,0.2333697729260107,0.2333697729260107
0.4,0.0,0.4,0.4
1.6268858066002263,2.066820344649773,-0.43993453804954674,0.43993453804954674
1.9919193221111424,2.994190883644941,-1.0022715615337985,1.0022715615337985
1.6750870924050658,2.315614561369892,-0.6405274689648262,0.6405274689648262
2.591624259545572,1.9669388481496388,0.6246854113959333,0.6246854113959333
3.423349924580549,2.913177721400326,0.5101722031802232,0.5101722031802232
2.6510166735556018,2.3180489714475727,0.33296770210802906,0.33296770210802906
1.3718829183654722,1.950542818534124,-0.5786599001686519,0.5786599001686519
1.540156423059482,2.8270960547385666,-1.2869396316790847,1.2869396316790847
1.4308611121074777,2.1740577464014423,-0.7431966342939647,0.7431966342939647
1.0,1.6664287765665122,-0.6664287765665122,0.6664287765665122
3.0,1.9130929423755505,1.0869070576244495,1.0869070576244495
1.2,1.6387347575047753,-0.4387347575047753,0.4387347575047753
0.8570862730857126,0.4895337597570858,0.3675525133286268,0.3675525133286268
0.879146894389113,1.4169042987522535,-0.5377574043631406,0.5377574043631406
0.8655043603230825,0.7383279764772046,0.12717638384587793,0.12717638384587793
0.6700120852270204,0.3896522632569512,0.2803598219700692,0.2803598219700692
0.653829971282899,1.3358911365076385,-0.6820611652247395,0.6820611652247395
0.6636769574159984,0.7407623865548849,-0.0770854291388865,0.0770854291388865
0.4787820909269001,0.3732562336414361,0.10552585728546399,0.10552585728546399
0.7279249098775472,1.2498094698458793,-0.521884559968332,0.521884559968332
0.5480873832187684,0.5967711615087546,-0.04868377828998627,0.04868377828998627
0.7,0.0891421916738244,0.6108578083261755,0.6108578083261755
0.5,0.3358063574828627,0.1641936425171373,0.1641936425171373
0.4,0.0614481726120876,0.33855182738791245,0.33855182738791245
0.579730411471064,0.2932247020985213,0.28650570937254266,0.28650570937254266
0.774283389787513,1.2205952410936889,-0.4463118513061759,0.4463118513061759
0.6391522952809118,0.5420189188186401,0.09713337646227171,0.09713337646227171
0.4950587775158489,0.1933432055983868,0.3017155719174621,0.3017155719174621
0.7530910039174339,1.139582078849074,-0.38649107493164014,0.38649107493164014
0.5950828682883496,0.5444533288963206,0.050629539392028966,0.050629539392028966
0.3687334249789068,0.1769471759828715,0.19178624899603533,0.19178624899603533
0.4313168954422955,1.0535004121873148,-0.6221835167450194,0.6221835167450194
0.3707166752248346,0.4004621038501902,-0.02974542862535562,0.02974542862535562
0.6,0.0,0.6,0.6
0.5,0.139497299824298,0.36050270017570196,0.36050270017570196
0.4,0.0,0.4,0.4
1.6268858066002263,2.033654250128915,-0.4067684435286889,0.4067684435286889
1.9919193221111424,2.7262466388532447,-0.7343273167421023,0.7343273167421023
1.6750870924050658,1.9939381828203349,-0.31885109041526905,0.31885109041526905
2.591624259545572,2.2115170526641386,0.3801072068814335,0.3801072068814335
3.423349924580549,3.282872304556373,0.1404776200241762,0.1404776200241762
2.6510166735556018,2.099592160450389,0.5514245131052129,0.5514245131052129
1.3718829183654722,1.915028956058532,-0.5431460376930599,0.5431460376930599
1.540156423059482,2.5788974277549688,-1.0387410046954868,1.0387410046954868
1.4308611121074777,1.9276712650296093,-0.4968101529221316,0.4968101529221316
1.0,1.6855449255801576,-0.6855449255801576,0.6855449255801576
3.0,1.8151143030346244,1.1848856969653756,1.1848856969653756
1.2,1.5629168486130975,-0.3629168486130976,0.3629168486130976
0.8570862730857126,0.6078804948509255,0.24920577823478707,0.24920577823478707
0.879146894389113,0.8119241946893729,0.06722269969974004,0.06722269969974004
0.8655043603230825,0.5877727616097209,0.2777315987133616,0.2777315987133616
0.6700120852270204,0.6740733111315526,-0.004061225904532173,0.004061225904532173
0.653829971282899,0.8976058228950375,-0.24377585161213855,0.24377585161213855
0.6636769574159984,0.6467260244033943,0.016950933012604086,0.016950933012604086
0.4787820909269001,0.5628195219200373,-0.08403743099313715,0.08403743099313715
0.7279249098775472,0.7699431671814665,-0.04201825730391928,0.04201825730391928
0.5480873832187684,0.5619616773981134,-0.013874294179345048,0.013874294179345048
0.7,0.5335376307227664,0.16646236927723357,0.16646236927723357
0.5,0.6000072383458476,-0.10000723834584757,0.10000723834584757
0.4,0.4902053928376151,-0.09020539283761508,0.09020539283761508
0.579730411471064,0.562071950856322,0.017658460614741966,0.017658460614741966
0.774283389787513,0.6751093934043658,0.09917399638314717,0.09917399638314717
0.6391522952809118,0.5438587242573444,0.09529357102356739,0.09529357102356739
0.4950587775158489,0.6084849608687898,-0.11342618335294086,0.11342618335294086
0.7530910039174339,0.7463660292476368,0.006724974669797046,0.006724974669797046
0.5950828682883496,0.5923785214529633,0.0027043468353862288,0.0027043468353862288
0.3687334249789068,0.5181564335701188,-0.14942300859121194,0.14942300859121194
0.4313168954422955,0.6361972222933262,-0.2048803268510307,0.2048803268510307
0.3707166752248346,0.5188641949265879,-0.14814751970175327,0.14814751970175327
0.6,0.4933888709457769,0.1066111290542231,0.1066111290542231
0.5,0.5510853873640637,-0.05108538736406365,0.05108538736406365
0.4,0.4510326345719515,-0.05103263457195145,0.05103263457195145
1.6268858066002263,1.806357383728028,-0.1794715771278017,0.1794715771278017
1.9919193221111424,3.025078058242798,-1.0331587361316554,1.0331587361316554
1.6750870924050658,2.025897741317749,-0.3508106489126832,0.3508106489126832
2.591624259545572,2.1860616207122803,0.4055626388332918,0.4055626388332918
3.423349924580549,4.029636859893799,-0.6062869353132498,0.6062869353132498
2.6510166735556018,2.30322813987732,0.347788533678282,0.347788533678282
1.3718829183654722,1.8107218742370603,-0.43883895587158817,0.43883895587158817
1.540156423059482,2.753389596939087,-1.213233173879605,1.213233173879605
1.4308611121074777,1.9175009727478027,-0.48663986064032505,0.48663986064032505
1.0,1.528252124786377,-0.528252124786377,0.528252124786377
3.0,1.7822656631469729,1.2177343368530271,1.2177343368530271
1.2,1.297904372215271,-0.09790437221527104,0.09790437221527104
0.8570862730857126,0.5545681118965149,0.3025181611891977,0.3025181611891977
0.879146894389113,0.8935101628303528,-0.014363268441239807,0.014363268441239807
0.8655043603230825,0.7136240601539612,0.15188030016912135,0.15188030016912135
0.6700120852270204,0.6155810356140137,0.05443104961300671,0.05443104961300671
0.653829971282899,1.5010558366775513,-0.8472258653946523,0.8472258653946523
0.6636769574159984,0.6933712363243103,-0.02969427890831189,0.02969427890831189
0.4787820909269001,0.5349829196929932,-0.05620082876609306,0.05620082876609306
0.7279249098775472,0.8055792450904846,-0.07765433521293741,0.07765433521293741
0.5480873832187684,0.6470101475715637,-0.09892276435279534,0.09892276435279534
0.7,0.5231951475143433,0.1768048524856567,0.1768048524856567
0.5,0.4941491186618805,0.005850881338119507,0.005850881338119507
0.4,0.3762389421463012,0.023761057853698808,0.023761057853698808
0.579730411471064,0.4232469797134399,0.15648343175762408,0.15648343175762408
0.774283389787513,0.663476824760437,0.11080656502707598,0.11080656502707598
0.6391522952809118,0.5629465579986572,0.07620573728225455,0.07620573728225455
0.4950587775158489,0.4312336146831512,0.06382516283269773,0.06382516283269773
0.7530910039174339,1.2100619077682495,-0.4569709038508156,0.4569709038508156
0.5950828682883496,0.4583805203437805,0.13670234794456904,0.13670234794456904
0.3687334249789068,0.4101981222629547,-0.04146469728404789,0.04146469728404789
0.4313168954422955,0.5877752900123596,-0.1564583945700641,0.1564583945700641
0.3707166752248346,0.5085621476173401,-0.1378454723925055,0.1378454723925055
0.6,0.3807148933410644,0.21928510665893558,0.21928510665893558
0.5,0.2907004952430725,0.2092995047569275,0.2092995047569275
0.4,0.2429389208555221,0.15706107914447792,0.15706107914447792
1.6268858066002263,1.211256270446737,0.4156295361534894,0.4156295361534894
1.9919193221111424,1.211256270446737,0.7806630516644055,0.7806630516644055
1.6750870924050658,1.211256270446737,0.4638308219583289,0.4638308219583289
2.591624259545572,1.211256270446737,1.3803679890988352,1.3803679890988352
3.423349924580549,1.211256270446737,2.2120936541338123,2.2120936541338123
2.6510166735556018,1.211256270446737,1.4397604031088649,1.4397604031088649
1.3718829183654722,1.211256270446737,0.16062664791873527,0.16062664791873527
1.540156423059482,1.211256270446737,0.3289001526127451,0.3289001526127451
1.4308611121074777,1.211256270446737,0.2196048416607408,0.2196048416607408
1.0,1.211256270446737,-0.2112562704467369,0.2112562704467369
3.0,1.211256270446737,1.788743729553263,1.788743729553263
1.2,1.211256270446737,-0.011256270446736938,0.011256270446736938
0.8570862730857126,1.211256270446737,-0.3541699973610243,0.3541699973610243
0.879146894389113,1.211256270446737,-0.3321093760576239,0.3321093760576239
0.8655043603230825,1.211256270446737,-0.34575191012365436,0.34575191012365436
0.6700120852270204,1.211256270446737,-0.5412441852197165,0.5412441852197165
0.653829971282899,1.211256270446737,-0.5574262991638379,0.5574262991638379
0.6636769574159984,1.211256270446737,-0.5475793130307385,0.5475793130307385
0.4787820909269001,1.211256270446737,-0.7324741795198368,0.7324741795198368
0.7279249098775472,1.211256270446737,-0.4833313605691897,0.4833313605691897
0.5480873832187684,1.211256270446737,-0.6631688872279685,0.6631688872279685
0.7,1.211256270446737,-0.5112562704467369,0.5112562704467369
0.5,1.211256270446737,-0.7112562704467369,0.7112562704467369
0.4,1.211256270446737,-0.8112562704467369,0.8112562704467369
0.579730411471064,1.211256270446737,-0.6315258589756729,0.6315258589756729
0.774283389787513,1.211256270446737,-0.4369728806592239,0.4369728806592239
0.6391522952809118,1.211256270446737,-0.5721039751658251,0.5721039751658251
0.4950587775158489,1.211256270446737,-0.716197492930888,0.716197492930888
0.7530910039174339,1.211256270446737,-0.458165266529303,0.458165266529303
0.5950828682883496,1.211256270446737,-0.6161734021583873,0.6161734021583873
0.3687334249789068,1.211256270446737,-0.8425228454678301,0.8425228454678301
0.4313168954422955,1.211256270446737,-0.7799393750044414,0.7799393750044414
0.3707166752248346,1.211256270446737,-0.8405395952219024,0.8405395952219024
0.6,1.211256270446737,-0.6112562704467369,0.6112562704467369
0.5,1.211256270446737,-0.7112562704467369,0.7112562704467369
0.4,1.211256270446737,-0.8112562704467369,0.8112562704467369
1.6268858066002263,1.211256270446737,0.4156295361534894,0.4156295361534894
1.9919193221111424,1.211256270446737,0.7806630516644055,0.7806630516644055
1.6750870924050658,1.211256270446737,0.4638308219583289,0.4638308219583289
2.591624259545572,1.211256270446737,1.3803679890988352,1.3803679890988352
3.423349924580549,1.211256270446737,2.2120936541338123,2.2120936541338123
2.6510166735556018,1.211256270446737,1.4397604031088649,1.4397604031088649
1.3718829183654722,1.211256270446737,0.16062664791873527,0.16062664791873527
1.540156423059482,1.211256270446737,0.3289001526127451,0.3289001526127451
1.4308611121074777,1.211256270446737,0.2196048416607408,0.2196048416607408
1.0,1.211256270446737,-0.2112562704467369,0.2112562704467369
3.0,1.211256270446737,1.788743729553263,1.788743729553263
1.2,1.211256270446737,-0.011256270446736938,0.011256270446736938
0.8570862730857126,1.211256270446737,-0.3541699973610243,0.3541699973610243
0.879146894389113,1.211256270446737,-0.3321093760576239,0.3321093760576239
0.8655043603230825,1.211256270446737,-0.34575191012365436,0.34575191012365436
0.6700120852270204,1.211256270446737,-0.5412441852197165,0.5412441852197165
0.653829971282899,1.211256270446737,-0.5574262991638379,0.5574262991638379
0.6636769574159984,1.211256270446737,-0.5475793130307385,0.5475793130307385
0.4787820909269001,1.211256270446737,-0.7324741795198368,0.7324741795198368
0.7279249098775472,1.211256270446737,-0.4833313605691897,0.4833313605691897
0.5480873832187684,1.211256270446737,-0.6631688872279685,0.6631688872279685
0.7,1.211256270446737,-0.5112562704467369,0.5112562704467369
0.5,1.211256270446737,-0.7112562704467369,0.7112562704467369
0.4,1.211256270446737,-0.8112562704467369,0.8112562704467369
0.579730411471064,1.211256270446737,-0.6315258589756729,0.6315258589756729
0.774283389787513,1.211256270446737,-0.4369728806592239,0.4369728806592239
0.6391522952809118,1.211256270446737,-0.5721039751658251,0.5721039751658251
0.4950587775158489,1.211256270446737,-0.716197492930888,0.716197492930888
0.7530910039174339,1.211256270446737,-0.458165266529303,0.458165266529303
0.5950828682883496,1.211256270446737,-0.6161734021583873,0.6161734021583873
0.3687334249789068,1.211256270446737,-0.8425228454678301,0.8425228454678301
0.4313168954422955,1.211256270446737,-0.7799393750044414,0.7799393750044414
0.3707166752248346,1.211256270446737,-0.8405395952219024,0.8405395952219024
0.6,1.211256270446737,-0.6112562704467369,0.6112562704467369
0.5,1.211256270446737,-0.7112562704467369,0.7112562704467369
0.4,1.211256270446737,-0.8112562704467369,0.8112562704467369
1.5222384603844508,1.279333969698215,0.24290449068623587,0.24290449068623587
1.723713168491681,1.1032428024403549,0.6204703660513262,0.6204703660513262
1.60003238244435,0.9278269407597544,0.6722054416845957,0.6722054416845957
1.2175480596073385,0.3389206731540558,0.8786273864532828,0.8786273864532828
7.244065383360269,0.6299731361600035,6.614092247200265,6.614092247200265
1.4355644271735015,1.078276693835151,0.3572877333383506,0.3572877333383506
1.658719821291578,0.0,1.658719821291578,1.658719821291578
2.314641460829224,0.1844049615516283,2.1302364992775957,2.1302364992775957
1.9348144714872644,0.0,1.9348144714872644,1.9348144714872644
1.3,0.0,1.3,1.3
1.0,0.0,1.0,1.0
2.5,1.302385512794856,1.197614487205144,1.197614487205144
0.6401206168693183,0.0,0.6401206168693183,0.6401206168693183
0.8018694899438292,0.0,0.8018694899438292,0.8018694899438292
0.6904468967705395,0.0,0.6904468967705395,0.6904468967705395
0.5422885207412549,0.0,0.5422885207412549,0.5422885207412549
0.5422885207412549,0.0,0.5422885207412549,0.5422885207412549
0.6286830497610721,0.0,0.6286830497610721,0.6286830497610721
1.1321807165247717,0.0,1.1321807165247717,1.1321807165247717
0.8632751628341233,0.0,0.8632751628341233,0.8632751628341233
0.4,0.0,0.4,0.4
0.4,0.0,0.4,0.4
0.6,0.0,0.6,0.6
0.3322482939632105,0.0,0.3322482939632105,0.3322482939632105
0.4062549460293829,0.0,0.4062549460293829,0.4062549460293829
0.3649043656974847,0.0,0.3649043656974847,0.3649043656974847
0.5747979489963491,0.0,0.5747979489963491,0.5747979489963491
0.1047330767226874,0.0,0.1047330767226874,0.1047330767226874
0.5592824320954186,0.0,0.5592824320954186,0.5592824320954186
0.6198068833094819,0.0,0.6198068833094819,0.6198068833094819
1.0649682679639256,0.0,1.0649682679639256,1.0649682679639256
0.7696938879034653,0.0,0.7696938879034653,0.7696938879034653
0.5,0.0,0.5,0.5
0.4,0.0,0.4,0.4
0.5,0.0,0.5,0.5
1.5222384603844508,1.8365933295064327,-0.31435486912198196,0.31435486912198196
1.723713168491681,2.187329342634075,-0.46361617414239387,0.46361617414239387
1.60003238244435,1.965236843380452,-0.3652044609361018,0.3652044609361018
1.2175480596073385,1.277843815222025,-0.060295755614686586,0.060295755614686586
7.244065383360269,1.6514240599444674,5.592641323415801,5.592641323415801
1.4355644271735015,1.3781734270688422,0.05739100010465936,0.05739100010465936
1.658719821291578,1.8032376599272817,-0.14451783863570378,0.14451783863570378
2.314641460829224,2.5344180886308862,-0.21977662780166218,0.21977662780166218
1.9348144714872644,2.0921412724408563,-0.15732680095359197,0.15732680095359197
1.3,2.156913231821304,-0.8569132318213037,0.8569132318213037
1.0,1.1746027871746667,-0.1746027871746667,0.1746027871746667
2.5,2.480460040498481,0.0195399595015191,0.0195399595015191
0.6401206168693183,0.2777817534796918,0.3623388633896265,0.3623388633896265
0.8018694899438292,0.6285177666073335,0.17335172333649573,0.17335172333649573
0.6904468967705395,0.4064252673537102,0.2840216294168293,0.2840216294168293
0.5422885207412549,0.0,0.5422885207412549,0.5422885207412549
0.5422885207412549,0.0,0.5422885207412549,0.5422885207412549
0.6286830497610721,0.24442608390054,0.38425696586053215,0.38425696586053215
1.1321807165247717,0.9756065126041444,0.15657420392062726,0.15657420392062726
0.8632751628341233,0.5333296964141147,0.32994546642000866,0.32994546642000866
0.4,0.5981016557945621,-0.19810165579456207,0.19810165579456207
0.4,0.0,0.4,0.4
0.6,0.921648464471739,-0.321648464471739,0.321648464471739
0.3322482939632105,0.0959701152431629,0.23627817872004758,0.23627817872004758
0.4062549460293829,0.4467061283708046,-0.0404511823414217,0.0404511823414217
0.3649043656974847,0.2246136291171813,0.1402907365803034,0.1402907365803034
0.5747979489963491,0.0,0.5747979489963491,0.5747979489963491
0.1047330767226874,0.0,0.1047330767226874,0.1047330767226874
0.5592824320954186,0.0,0.5592824320954186,0.5592824320954186
0.6198068833094819,0.0626144456640112,0.5571924376454707,0.5571924376454707
1.0649682679639256,0.7937948743676158,0.2711733935963099,0.2711733935963099
0.7696938879034653,0.3515180581775857,0.4181758297258796,0.4181758297258796
0.5,0.4162900175580333,0.0837099824419667,0.0837099824419667
0.4,0.0,0.4,0.4
0.5,0.7398368262352102,-0.2398368262352102,0.2398368262352102
1.5222384603844508,1.791071016053714,-0.26883255566926323,0.26883255566926323
1.723713168491681,2.394043426834448,-0.670330258342767,0.670330258342767
1.60003238244435,2.092547454050641,-0.4925150716062907,0.4925150716062907
1.2175480596073385,1.627180999004684,-0.40963293939734546,0.40963293939734546
7.244065383360269,2.2515405218269344,4.992524861533335,4.992524861533335
1.4355644271735015,1.8001805745823096,-0.3646161474088081,0.3646161474088081
1.658719821291578,2.1965793390607744,-0.5378595177691965,0.5378595177691965
2.314641460829224,2.673621373033085,-0.35897991220386105,0.35897991220386105
1.9348144714872644,2.4214565080315067,-0.4866420365442423,0.4866420365442423
1.3,2.094889176957188,-0.7948891769571877,0.7948891769571877
1.0,1.3584306818292136,-0.35843068182921356,0.35843068182921356
2.5,2.4395587636662244,0.06044123633377563,0.06044123633377563
0.6401206168693183,0.2243866542894631,0.4157339625798552,0.4157339625798552
0.8018694899438292,0.8273590650701965,-0.025489575126367292,0.025489575126367292
0.6904468967705395,0.5258630922863906,0.1645838044841489,0.1645838044841489
0.5422885207412549,0.0604966372404329,0.48179188350082197,0.48179188350082197
0.5422885207412549,0.2334962128180588,0.3087923079231961,0.3087923079231961
0.6286830497610721,0.6298949772965234,-0.001211927535451296,0.001211927535451296
1.1321807165247717,1.106937011268834,0.025243705255937776,0.025243705255937776
0.8632751628341233,0.8547721462672557,0.008503016566867583,0.008503016566867583
0.4,0.5282048151929367,-0.1282048151929367,0.1282048151929367
0.4,0.0,0.4,0.4
0.6,0.8728744019019736,-0.27287440190197365,0.27287440190197365
0.3322482939632105,0.0416567754557803,0.2905915185074302,0.2905915185074302
0.4062549460293829,0.6446291862365137,-0.23837424020713077,0.23837424020713077
0.3649043656974847,0.3431332134527077,0.021771152244776992,0.021771152244776992
0.5747979489963491,0.0,0.5747979489963491,0.5747979489963491
0.1047330767226874,0.5021262812290006,-0.3973932045063132,0.3973932045063132
0.5592824320954186,0.0507663339843762,0.5085160981110424,0.5085160981110424
0.6198068833094819,0.4471650984628406,0.17264178484664128,0.17264178484664128
1.0649682679639256,0.9242071324351514,0.14076113552877423,0.14076113552877423
0.7696938879034653,0.6720422674335726,0.09765162046989262,0.09765162046989262
0.5,0.3454749363592539,0.15452506364074609,0.15452506364074609
0.4,0.0,0.4,0.4
0.5,0.690144523068291,-0.190144523068291,0.190144523068291
1.5222384603844508,1.688493418487222,-0.16625495810277124,0.16625495810277124
1.723713168491681,2.259438859209364,-0.5357256907176828,0.5357256907176828
1.60003238244435,2.0403915365874936,-0.4403591541431435,0.4403591541431435
1.2175480596073385,1.5762151698409437,-0.3586671102336052,0.3586671102336052
7.244065383360269,2.1295870805482675,5.114478302812001,5.114478302812001
1.4355644271735015,1.7468819583169246,-0.3113175311434231,0.3113175311434231
1.658719821291578,2.041589412792148,-0.3828695915005702,0.3828695915005702
2.314641460829224,2.584292618065108,-0.26965115723588395,0.26965115723588395
1.9348144714872644,2.327709506181199,-0.39289503469393483,0.39289503469393483
1.3,2.129406281289382,-0.8294062812893819,0.8294062812893819
1.0,1.4020638438870578,-0.40206384388705785,0.40206384388705785
2.5,2.420235709075877,0.07976429092412296,0.07976429092412296
0.6401206168693183,0.1243608899848836,0.5157597268844347,0.5157597268844347
0.8018694899438292,0.6953063307070251,0.10656315923680415,0.10656315923680415
0.6904468967705395,0.4762590080851548,0.2141878886853847,0.2141878886853847
0.5422885207412549,0.012082641338605,0.5302058794026498,0.5302058794026498
0.5422885207412549,0.1827494298145855,0.35953909092666936,0.35953909092666936
0.6286830497610721,0.4774568842898096,0.15122616547126255,0.15122616547126255
1.1321807165247717,1.0201600895627692,0.11202062696200255,0.11202062696200255
0.8632751628341233,0.7635769776788606,0.09969818515526274,0.09969818515526274
0.4,0.5652737527870433,-0.16527375278704326,0.16527375278704326
0.4,0.0,0.4,0.4
0.6,0.8561031805735383,-0.2561031805735383,0.2561031805735383
0.3322482939632105,0.0,0.3322482939632105,0.3322482939632105
0.4062549460293829,0.512874084372991,-0.10661913834360809,0.10661913834360809
0.3649043656974847,0.2938267617511206,0.07107760394636409,0.07107760394636409
0.5747979489963491,0.0,0.5747979489963491,0.5747979489963491
0.1047330767226874,0.383022305711895,-0.2782892289892076,0.2782892289892076
0.5592824320954186,0.0003171834805515,0.5589652486148671,0.5589652486148671
0.6198068833094819,0.2950246379557754,0.3247822453537065,0.3247822453537065
1.0649682679639256,0.837727843228735,0.22724042473519068,0.22724042473519068
0.7696938879034653,0.5811447313448264,0.1885491565586389,0.1885491565586389
0.5,0.3828415064530094,0.1171584935469906,0.1171584935469906
0.4,0.0,0.4,0.4
0.5,0.6736709342395041,-0.17367093423950408,0.17367093423950408
1.5222384603844508,2.1686575244924327,-0.6464190641079819,0.6464190641079819
1.723713168491681,2.6821608113576736,-0.9584476428659925,0.9584476428659925
1.60003238244435,2.1705894427082306,-0.5705570602638805,0.5705570602638805
1.2175480596073385,1.6124206354667885,-0.39487257585945,0.39487257585945
7.244065383360269,1.8538667454855915,5.390198637874677,5.390198637874677
1.4355644271735015,1.6264119938858128,-0.1908475667123113,0.1908475667123113
1.658719821291578,2.551800327460469,-0.8930805061688911,0.8930805061688911
2.314641460829224,2.9627231553882867,-0.6480816945590626,0.6480816945590626
1.9348144714872644,2.628069418022378,-0.6932549465351137,0.6932549465351137
1.3,1.9835701637696128,-0.6835701637696128,0.6835701637696128
1.0,1.688737184070459,-0.688737184070459,0.688737184070459
2.5,2.476302475012945,0.02369752498705502,0.02369752498705502
0.6401206168693183,0.5660069545911381,0.07411366227818017,0.07411366227818017
0.8018694899438292,0.7466361277461186,0.05523336219771058,0.05523336219771058
0.6904468967705395,0.5569440513131481,0.13350284545739144,0.13350284545739144
0.5422885207412549,0.5958894681835128,-0.05360094744225796,0.05360094744225796
0.5422885207412549,0.5858970934087673,-0.04360857266751239,0.04360857266751239
0.6286830497610721,0.6167577167751102,0.01192533298596199,0.01192533298596199
1.1321807165247717,0.8031598160512483,0.3290209004735234,0.3290209004735234
0.8632751628341233,0.6163818330815948,0.24689332975252853,0.24689332975252853
0.4,0.523265384634767,-0.123265384634767,0.123265384634767
0.4,0.5654637055672488,-0.16546370556724876,0.16546370556724876
0.6,0.6324777501451314,-0.032477750145131434,0.032477750145131434
0.3322482939632105,0.5381475180990762,-0.20589922413586575,0.20589922413586575
0.4062549460293829,0.6533403510187459,-0.247085404989363,0.247085404989363
0.3649043656974847,0.5331774105175439,-0.16827304482005917,0.16827304482005917
0.5747979489963491,0.556725890769368,0.018072058226981103,0.018072058226981103
0.1047330767226874,0.6352530884263565,-0.5305200117036691,0.5305200117036691
0.5592824320954186,0.5462869519541728,0.012995480141245852,0.012995480141245852
0.6198068833094819,0.5819888348458054,0.037818048463676424,0.037818048463676424
1.0649682679639256,0.7042469633614195,0.3607213046025062,0.3607213046025062
0.7696938879034653,0.5780115570512232,0.19168233085224207,0.19168233085224207
0.5,0.4924825417546124,0.007517458245387576,0.007517458245387576
0.4,0.5346501748461092,-0.1346501748461092,0.1346501748461092
0.5,0.5937686110710817,-0.0937686110710817,0.0937686110710817
1.5222384603844508,1.706913948059082,-0.18467548767463127,0.18467548767463127
1.723713168491681,2.521291732788086,-0.7975785642964048,0.7975785642964048
1.60003238244435,1.8120458126068115,-0.21201343016246144,0.21201343016246144
1.2175480596073385,1.2512929439544678,-0.0337448843471293,0.0337448843471293
7.244065383360269,1.7264673709869385,5.51759801237333,5.51759801237333
1.4355644271735015,1.3606235980987549,0.07494082907474664,0.07494082907474664
1.658719821291578,2.0939836502075195,-0.4352638289159416,0.4352638289159416
2.314641460829224,2.867572069168091,-0.5529306083388668,0.5529306083388668
1.9348144714872644,2.335992813110352,-0.40117834162308763,0.40117834162308763
1.3,1.7871569395065308,-0.4871569395065307,0.4871569395065307
1.0,1.6302695274353027,-0.6302695274353027,0.6302695274353027
2.5,2.5483405590057373,-0.048340559005737305,0.048340559005737305
0.6401206168693183,0.4657657444477081,0.17435487242161024,0.17435487242161024
0.8018694899438292,0.7088292837142944,0.0930402062295348,0.0930402062295348
0.6904468967705395,0.5484755635261536,0.14197133324438593,0.14197133324438593
0.5422885207412549,0.3779172301292419,0.164371290612013,0.164371290612013
0.5422885207412549,0.4956917762756347,0.04659674446562018,0.04659674446562018
0.6286830497610721,0.5938816070556641,0.03480144270540808,0.03480144270540808
1.1321807165247717,0.8965253233909607,0.235655393133811,0.235655393133811
0.8632751628341233,0.6818887591362,0.18138640369792336,0.18138640369792336
0.4,0.4910029768943786,-0.09100297689437858,0.09100297689437858
0.4,0.6215531826019287,-0.2215531826019287,0.2215531826019287
0.6,0.8130335807800293,-0.21303358078002932,0.21303358078002932
0.3322482939632105,0.3229847550392151,0.009263538923995396,0.009263538923995396
0.4062549460293829,0.5569145083427429,-0.15065956231336003,0.15065956231336003
0.3649043656974847,0.4198722541332245,-0.0549678884357398,0.0549678884357398
0.5747979489963491,0.2631274461746216,0.3116705028217275,0.3116705028217275
0.1047330767226874,0.5132265090942383,-0.4084934323715509,0.4084934323715509
0.5592824320954186,0.3973936736583709,0.1618887584370477,0.1618887584370477
0.6198068833094819,0.4225620627403259,0.19724482056915593,0.19724482056915593
1.0649682679639256,0.6764527559280396,0.3885155120358861,0.3885155120358861
0.7696938879034653,0.5305728316307068,0.23912105627275848,0.23912105627275848
0.5,0.3286893963813782,0.17131060361862183,0.17131060361862183
0.4,0.4607726335525512,-0.06077263355255119,0.06077263355255119
0.5,0.6070411205291748,-0.1070411205291748,0.1070411205291748
1.5222384603844508,1.1949953857315914,0.3272430746528594,0.3272430746528594
1.723713168491681,1.1949953857315914,0.5287177827600897,0.5287177827600897
1.60003238244435,1.1949953857315914,0.4050369967127587,0.4050369967127587
1.2175480596073385,1.1949953857315914,0.02255267387574711,0.02255267387574711
7.244065383360269,1.1949953857315914,6.049069997628678,6.049069997628678
1.4355644271735015,1.1949953857315914,0.24056904144191016,0.24056904144191016
1.658719821291578,1.1949953857315914,0.46372443555998655,0.46372443555998655
2.314641460829224,1.1949953857315914,1.1196460750976327,1.1196460750976327
1.9348144714872644,1.1949953857315914,0.739819085755673,0.739819085755673
1.3,1.1949953857315914,0.10500461426840868,0.10500461426840868
1.0,1.1949953857315914,-0.19499538573159136,0.19499538573159136
2.5,1.1949953857315914,1.3050046142684086,1.3050046142684086
0.6401206168693183,1.1949953857315914,-0.554874768862273,0.554874768862273
0.8018694899438292,1.1949953857315914,-0.39312589578776214,0.39312589578776214
0.6904468967705395,1.1949953857315914,-0.5045484889610519,0.5045484889610519
0.5422885207412549,1.1949953857315914,-0.6527068649903365,0.6527068649903365
0.5422885207412549,1.1949953857315914,-0.6527068649903365,0.6527068649903365
0.6286830497610721,1.1949953857315914,-0.5663123359705192,0.5663123359705192
1.1321807165247717,1.1949953857315914,-0.06281466920681966,0.06281466920681966
0.8632751628341233,1.1949953857315914,-0.33172022289746805,0.33172022289746805
0.4,1.1949953857315914,-0.7949953857315913,0.7949953857315913
0.4,1.1949953857315914,-0.7949953857315913,0.7949953857315913
0.6,1.1949953857315914,-0.5949953857315914,0.5949953857315914
0.3322482939632105,1.1949953857315914,-0.8627470917683808,0.8627470917683808
0.4062549460293829,1.1949953857315914,-0.7887404397022084,0.7887404397022084
0.3649043656974847,1.1949953857315914,-0.8300910200341067,0.8300910200341067
0.5747979489963491,1.1949953857315914,-0.6201974367352423,0.6201974367352423
0.1047330767226874,1.1949953857315914,-1.0902623090089039,1.0902623090089039
0.5592824320954186,1.1949953857315914,-0.6357129536361728,0.6357129536361728
0.6198068833094819,1.1949953857315914,-0.5751885024221095,0.5751885024221095
1.0649682679639256,1.1949953857315914,-0.13002711776766573,0.13002711776766573
0.7696938879034653,1.1949953857315914,-0.4253014978281261,0.4253014978281261
0.5,1.1949953857315914,-0.6949953857315914,0.6949953857315914
0.4,1.1949953857315914,-0.7949953857315913,0.7949953857315913
0.5,1.1949953857315914,-0.6949953857315914,0.6949953857315914
1.5222384603844508,1.1949953857315914,0.3272430746528594,0.3272430746528594
1.723713168491681,1.1949953857315914,0.5287177827600897,0.5287177827600897
1.60003238244435,1.1949953857315914,0.4050369967127587,0.4050369967127587
1.2175480596073385,1.1949953857315914,0.02255267387574711,0.02255267387574711
7.244065383360269,1.1949953857315914,6.049069997628678,6.049069997628678
1.4355644271735015,1.1949953857315914,0.24056904144191016,0.24056904144191016
1.658719821291578,1.1949953857315914,0.46372443555998655,0.46372443555998655
2.314641460829224,1.1949953857315914,1.1196460750976327,1.1196460750976327
1.9348144714872644,1.1949953857315914,0.739819085755673,0.739819085755673
1.3,1.1949953857315914,0.10500461426840868,0.10500461426840868
1.0,1.1949953857315914,-0.19499538573159136,0.19499538573159136
2.5,1.1949953857315914,1.3050046142684086,1.3050046142684086
0.6401206168693183,1.1949953857315914,-0.554874768862273,0.554874768862273
0.8018694899438292,1.1949953857315914,-0.39312589578776214,0.39312589578776214
0.6904468967705395,1.1949953857315914,-0.5045484889610519,0.5045484889610519
0.5422885207412549,1.1949953857315914,-0.6527068649903365,0.6527068649903365
0.5422885207412549,1.1949953857315914,-0.6527068649903365,0.6527068649903365
0.6286830497610721,1.1949953857315914,-0.5663123359705192,0.5663123359705192
1.1321807165247717,1.1949953857315914,-0.06281466920681966,0.06281466920681966
0.8632751628341233,1.1949953857315914,-0.33172022289746805,0.33172022289746805
0.4,1.1949953857315914,-0.7949953857315913,0.7949953857315913
0.4,1.1949953857315914,-0.7949953857315913,0.7949953857315913
0.6,1.1949953857315914,-0.5949953857315914,0.5949953857315914
0.3322482939632105,1.1949953857315914,-0.8627470917683808,0.8627470917683808
0.4062549460293829,1.1949953857315914,-0.7887404397022084,0.7887404397022084
0.3649043656974847,1.1949953857315914,-0.8300910200341067,0.8300910200341067
0.5747979489963491,1.1949953857315914,-0.6201974367352423,0.6201974367352423
0.1047330767226874,1.1949953857315914,-1.0902623090089039,1.0902623090089039
0.5592824320954186,1.1949953857315914,-0.6357129536361728,0.6357129536361728
0.6198068833094819,1.1949953857315914,-0.5751885024221095,0.5751885024221095
1.0649682679639256,1.1949953857315914,-0.13002711776766573,0.13002711776766573
0.7696938879034653,1.1949953857315914,-0.4253014978281261,0.4253014978281261
0.5,1.1949953857315914,-0.6949953857315914,0.6949953857315914
0.4,1.1949953857315914,-0.7949953857315913,0.7949953857315913
0.5,1.1949953857315914,-0.6949953857315914,0.6949953857315914
2.3426553850030096,0.1120253256649228,2.230630059338087,2.230630059338087
3.0549264654046246,0.8796035185463048,2.1753229468583197,2.1753229468583197
2.5954365128642194,0.6748687810040743,1.920567731860145,1.920567731860145
2.169407944352197,0.0,2.169407944352197,2.169407944352197
2.686740331121587,0.0,2.686740331121587,2.686740331121587
2.404748318614775,0.0,2.404748318614775,2.404748318614775
1.7,1.3398382766338055,0.36016172336619445,0.36016172336619445
2.1,0.0,2.1,2.1
0.826094714383351,0.0,0.826094714383351,0.826094714383351
1.200511704804833,0.0,1.200511704804833,1.200511704804833
0.98602045418736,0.0,0.98602045418736,0.98602045418736
0.6433017110440628,0.0,0.6433017110440628,0.6433017110440628
0.9823435270848496,0.0,0.9823435270848496,0.9823435270848496
0.7961939204401095,0.0,0.7961939204401095,0.7961939204401095
0.7,0.0,0.7,0.7
0.6,0.0,0.6,0.6
0.6650306538588546,0.0,0.6650306538588546,0.6650306538588546
0.7713261452057005,0.0,0.7713261452057005,0.7713261452057005
0.7333233775958355,0.0,0.7333233775958355,0.7333233775958355
0.4198664546099319,0.0,0.4198664546099319,0.4198664546099319
0.6052217822979895,0.0,0.6052217822979895,0.6052217822979895
0.4953986447362168,0.0,0.4953986447362168,0.4953986447362168
0.8,0.0,0.8,0.8
0.6,0.0,0.6,0.6
2.3426553850030096,2.1138545005928955,0.22880088441011415,0.22880088441011415
3.0549264654046246,2.629761135766076,0.4251653296385487,0.4251653296385487
2.5954365128642194,2.3881289393144507,0.2073075735497687,0.2073075735497687
2.169407944352197,2.012158375727372,0.15724956862482475,0.15724956862482475
2.686740331121587,2.797468399957438,-0.11072806883585118,0.11072806883585118
2.404748318614775,2.431154869867714,-0.026406551252939003,0.026406551252939003
1.7,1.7301309889357437,-0.03013098893574373,0.03013098893574373
2.1,1.8470980297138768,0.25290197028612327,0.25290197028612327
0.826094714383351,0.6047628718341139,0.2213318425492371,0.2213318425492371
1.200511704804833,1.1206695070072947,0.07984219779753832,0.07984219779753832
0.98602045418736,0.8790373105556692,0.1069831436316907,0.1069831436316907
0.6433017110440628,0.50306674696859,0.14023496407547276,0.14023496407547276
0.9823435270848496,1.2883767711986571,-0.3060332441138075,0.3060332441138075
0.7961939204401095,0.9220632411089328,-0.12586932066882328,0.12586932066882328
0.7,0.2210393601769623,0.47896063982303766,0.47896063982303766
0.6,0.3380064009550951,0.2619935990449049,0.2619935990449049
0.6650306538588546,0.4079229572535493,0.2571076966053053,0.2571076966053053
0.7713261452057005,0.9238295924267302,-0.1525034472210297,0.1525034472210297
0.7333233775958355,0.6821973959751046,0.0511259816207309,0.0511259816207309
0.4198664546099319,0.3062268323880254,0.11363962222190649,0.11363962222190649
0.6052217822979895,1.0915368566180923,-0.4863150743201028,0.4863150743201028
0.4953986447362168,0.7252233265283683,-0.2298246817921515,0.2298246817921515
0.8,0.0241994455963976,0.7758005544036024,0.7758005544036024
0.6,0.1411664863745305,0.4588335136254695,0.4588335136254695
2.3426553850030096,2.128404542477276,0.21425084252573345,0.21425084252573345
3.0549264654046246,2.712807532444791,0.34211893295983353,0.34211893295983353
2.5954365128642194,2.23283456306139,0.36260194980282945,0.36260194980282945
2.169407944352197,2.0413378607640413,0.12807008358815564,0.12807008358815564
2.686740331121587,2.76111859873504,-0.07437826761345301,0.07437826761345301
2.404748318614775,2.2690327139715487,0.1357156046432264,0.1357156046432264
1.7,1.835793364426468,-0.13579336442646794,0.13579336442646794
2.1,1.9284595723410425,0.1715404276589576,0.1715404276589576
0.826094714383351,0.59568015721817,0.230414557165181,0.230414557165181
1.200511704804833,1.1800831471856843,0.020428557619148746,0.020428557619148746
0.98602045418736,0.7001101778022832,0.2859102763850767,0.2859102763850767
0.6433017110440628,0.508613475504935,0.1346882355391278,0.1346882355391278
0.9823435270848496,1.2283942134759338,-0.24605068639108418,0.24605068639108418
0.7961939204401095,0.7363083287124421,0.05988559172766739,0.05988559172766739
0.7,0.3030689791673612,0.39693102083263876,0.39693102083263876
0.6,0.3957351870819359,0.2042648129180641,0.2042648129180641
0.6650306538588546,0.4145477462347448,0.25048290762410985,0.25048290762410985
0.7713261452057005,0.9989507362022592,-0.22762459099655863,0.22762459099655863
0.7333233775958355,0.5189777668188583,0.21434561077697722,0.21434561077697722
0.4198664546099319,0.3274810645215096,0.09238539008842228,0.09238539008842228
0.6052217822979895,1.0472618024925089,-0.4420400201945194,0.4420400201945194
0.4953986447362168,0.5551759177290171,-0.05977727299280028,0.05977727299280028
0.8,0.1219365681839361,0.678063431816064,0.678063431816064
0.6,0.2146027760985108,0.38539722390148917,0.38539722390148917
2.3426553850030096,2.149900326174376,0.19275505882863353,0.19275505882863353
3.0549264654046246,2.763160617049765,0.2917658483548595,0.2917658483548595
2.5954365128642194,2.2782613213755307,0.31717519148868867,0.31717519148868867
2.169407944352197,2.029747527120329,0.13966041723186784,0.13966041723186784
2.686740331121587,2.775236556552027,-0.08849622543044022,0.08849622543044022
2.404748318614775,2.2775933703365907,0.1271549482781844,0.1271549482781844
1.7,1.8459668686051849,-0.14596686860518493,0.14596686860518493
2.1,1.931644413285408,0.16835558671459205,0.16835558671459205
0.826094714383351,0.6215216415298443,0.20457307285350668,0.20457307285350668
1.200511704804833,1.2347819324052345,-0.03427022760040144,0.03427022760040144
0.98602045418736,0.7498826367309994,0.23613781745636053,0.23613781745636053
0.6433017110440628,0.5013688424757977,0.14193286856826504,0.14193286856826504
0.9823435270848496,1.2468578719074963,-0.2645143448226467,0.2645143448226467
0.7961939204401095,0.7492146856920593,0.046979234748050214,0.046979234748050214
0.7,0.3175881839606538,0.38241181603934615,0.38241181603934615
0.6,0.4032657286408763,0.1967342713591237,0.1967342713591237
0.6650306538588546,0.4434844826427081,0.2215461712161465,0.2215461712161465
0.7713261452057005,1.056744773518098,-0.2854186283123974,0.2854186283123974
0.7333233775958355,0.5718454778438632,0.16147789975197235,0.16147789975197235
0.4198664546099319,0.3233316835886614,0.0965347710212705,0.0965347710212705
0.6052217822979895,1.0688207130203602,-0.4635989307223707,0.4635989307223707
0.4953986447362168,0.571177526804923,-0.07577888206870614,0.07577888206870614
0.8,0.1395510250735174,0.6604489749264826,0.6604489749264826
0.6,0.2252285697537399,0.3747714302462601,0.3747714302462601
2.3426553850030096,1.8938617034460985,0.44879368155691113,0.44879368155691113
3.0549264654046246,2.250425218029923,0.8045012473747017,0.8045012473747017
2.5954365128642194,1.882764471581816,0.7126720412824035,0.7126720412824035
2.169407944352197,2.0426946190045348,0.12671332534766222,0.12671332534766222
2.686740331121587,2.2354567301634294,0.45128360095815756,0.45128360095815756
2.404748318614775,1.8423773402568977,0.5623709783578774,0.5623709783578774
1.7,1.716529874151569,-0.016529874151569146,0.016529874151569146
2.1,1.6122896319871034,0.4877103680128967,0.4877103680128967
0.826094714383351,0.6156564937729991,0.2104382206103519,0.2104382206103519
1.200511704804833,0.7445224175973131,0.45598928720751997,0.45598928720751997
0.98602045418736,0.6082553556981162,0.3777650984892438,0.3777650984892438
0.6433017110440628,0.6585270746224653,-0.01522536357840254,0.01522536357840254
0.9823435270848496,0.7437100420960757,0.2386334849887739,0.2386334849887739
0.7961939204401095,0.6085715271330819,0.18762239330702757,0.18762239330702757
0.7,0.5790566642461977,0.12094333575380223,0.12094333575380223
0.6,0.5716724009630065,0.028327599036993445,0.028327599036993445
0.6650306538588546,0.5775431049223488,0.08748754893650579,0.08748754893650579
0.7713261452057005,0.6944742009571538,0.07685194424854669,0.07685194424854669
0.7333233775958355,0.57281093503502,0.16051244256081554,0.16051244256081554
0.4198664546099319,0.6163969714070233,-0.19653051679709144,0.19653051679709144
0.6052217822979895,0.6904457306593689,-0.08522394836137936,0.08522394836137936
0.4953986447362168,0.5757284982410529,-0.08032985350483607,0.08032985350483607
0.8,0.5485208410914367,0.2514791589085633,0.2514791589085633
0.6,0.5443465909590067,0.05565340904099325,0.05565340904099325
2.3426553850030096,1.8203297853469849,0.5223255996560248,0.5223255996560248
3.0549264654046246,2.5058650970458984,0.5490613683587262,0.5490613683587262
2.5954365128642194,1.9222248792648315,0.6732116335993878,0.6732116335993878
2.169407944352197,1.8110694885253904,0.35833845582680657,0.35833845582680657
2.686740331121587,2.397970199584961,0.288770131536626,0.288770131536626
2.404748318614775,1.7652848958969116,0.6394634227178635,0.6394634227178635
1.7,1.6120978593826294,0.08790214061737056,0.08790214061737056
2.1,1.250227928161621,0.849772071838379,0.849772071838379
0.826094714383351,0.6446322202682495,0.1814624941151015,0.1814624941151015
1.200511704804833,0.9410592317581176,0.2594524730467155,0.2594524730467155
0.98602045418736,0.7438535094261169,0.242166944761243,0.242166944761243
0.6433017110440628,0.7057695388793945,-0.06246782783533178,0.06246782783533178
0.9823435270848496,0.8890472054481506,0.09329632163669899,0.09329632163669899
0.7961939204401095,0.6485488414764404,0.14764507896366907,0.14764507896366907
0.7,0.5758391618728638,0.12416083812713619,0.12416083812713619
0.6,0.4666335582733154,0.1333664417266846,0.1333664417266846
0.6650306538588546,0.5174604058265686,0.14757024803228602,0.14757024803228602
0.7713261452057005,0.7508021593093872,0.020523985896313324,0.020523985896313324
0.7333233775958355,0.6362137794494629,0.09710959814637266,0.09710959814637266
0.4198664546099319,0.5371852517127991,-0.11731879710286719,0.11731879710286719
0.6052217822979895,0.6471558809280396,-0.04193409863005004,0.04193409863005004
0.4953986447362168,0.5541209578514099,-0.0587223131151931,0.0587223131151931
0.8,0.4824781715869903,0.31752182841300974,0.31752182841300974
0.6,0.3972026407718658,0.2027973592281342,0.2027973592281342
2.3426553850030096,1.1590910739922922,1.1835643110107175,1.1835643110107175
3.0549264654046246,1.1590910739922922,1.8958353914123325,1.8958353914123325
2.5954365128642194,1.1590910739922922,1.4363454388719272,1.4363454388719272
2.169407944352197,1.1590910739922922,1.0103168703599048,1.0103168703599048
2.686740331121587,1.1590910739922922,1.5276492571292948,1.5276492571292948
2.404748318614775,1.1590910739922922,1.245657244622483,1.245657244622483
1.7,1.1590910739922922,0.5409089260077078,0.5409089260077078
2.1,1.1590910739922922,0.9409089260077079,0.9409089260077079
0.826094714383351,1.1590910739922922,-0.33299635960894114,0.33299635960894114
1.200511704804833,1.1590910739922922,0.04142063081254088,0.04142063081254088
0.98602045418736,1.1590910739922922,-0.1730706198049322,0.1730706198049322
0.6433017110440628,1.1590910739922922,-0.5157893629482294,0.5157893629482294
0.9823435270848496,1.1590910739922922,-0.17674754690744254,0.17674754690744254
0.7961939204401095,1.1590910739922922,-0.36289715355218266,0.36289715355218266
0.7,1.1590910739922922,-0.4590910739922922,0.4590910739922922
0.6,1.1590910739922922,-0.5590910739922922,0.5590910739922922
0.6650306538588546,1.1590910739922922,-0.49406042013343754,0.49406042013343754
0.7713261452057005,1.1590910739922922,-0.38776492878659163,0.38776492878659163
0.7333233775958355,1.1590910739922922,-0.4257676963964566,0.4257676963964566
0.4198664546099319,1.1590910739922922,-0.7392246193823603,0.7392246193823603
0.6052217822979895,1.1590910739922922,-0.5538692916943027,0.5538692916943027
0.4953986447362168,1.1590910739922922,-0.6636924292560753,0.6636924292560753
0.8,1.1590910739922922,-0.3590910739922921,0.3590910739922921
0.6,1.1590910739922922,-0.5590910739922922,0.5590910739922922
2.3426553850030096,1.1590910739922922,1.1835643110107175,1.1835643110107175
3.0549264654046246,1.1590910739922922,1.8958353914123325,1.8958353914123325
2.5954365128642194,1.1590910739922922,1.4363454388719272,1.4363454388719272
2.169407944352197,1.1590910739922922,1.0103168703599048,1.0103168703599048
2.686740331121587,1.1590910739922922,1.5276492571292948,1.5276492571292948
2.404748318614775,1.1590910739922922,1.245657244622483,1.245657244622483
1.7,1.1590910739922922,0.5409089260077078,0.5409089260077078
2.1,1.1590910739922922,0.9409089260077079,0.9409089260077079
0.826094714383351,1.1590910739922922,-0.33299635960894114,0.33299635960894114
1.200511704804833,1.1590910739922922,0.04142063081254088,0.04142063081254088
0.98602045418736,1.1590910739922922,-0.1730706198049322,0.1730706198049322
0.6433017110440628,1.1590910739922922,-0.5157893629482294,0.5157893629482294
0.9823435270848496,1.1590910739922922,-0.17674754690744254,0.17674754690744254
0.7961939204401095,1.1590910739922922,-0.36289715355218266,0.36289715355218266
0.7,1.1590910739922922,-0.4590910739922922,0.4590910739922922
0.6,1.1590910739922922,-0.5590910739922922,0.5590910739922922
0.6650306538588546,1.1590910739922922,-0.49406042013343754,0.49406042013343754
0.7713261452057005,1.1590910739922922,-0.38776492878659163,0.38776492878659163
0.7333233775958355,1.1590910739922922,-0.4257676963964566,0.4257676963964566
0.4198664546099319,1.1590910739922922,-0.7392246193823603,0.7392246193823603
0.6052217822979895,1.1590910739922922,-0.5538692916943027,0.5538692916943027
0.4953986447362168,1.1590910739922922,-0.6636924292560753,0.6636924292560753
0.8,1.1590910739922922,-0.3590910739922921,0.3590910739922921
0.6,1.1590910739922922,-0.5590910739922922,0.5590910739922922
1.6268858066002263,0.8170989394833977,0.8097868671168286,0.8097868671168286
1.9919193221111424,1.65283351704287,0.33908580506827235,0.33908580506827235
1.6750870924050658,2.4247616207697824,-0.7496745283647166,0.7496745283647166
2.291177593433027,1.3648088091796142,0.9263687842534127,0.9263687842534127
4.746403988018382,1.2161451826849303,3.5302588053334514,3.5302588053334514
3.474743554785576,2.350232431164319,1.1245111236212568,1.1245111236212568
1.5470171390615697,2.1308021138919617,-0.583784974830392,0.583784974830392
2.594196684748674,2.382446086450944,0.2117505982977299,0.2117505982977299
1.8697114647833253,3.24530759925845,-1.3755961344751246,1.3755961344751246
2.3426553850030096,1.1222218122641925,1.2204335727388171,1.2204335727388171
3.0549264654046246,1.3914196527794518,1.6635068126251729,1.6635068126251729
2.5954365128642194,2.264740098383624,0.3306964144805953,0.3306964144805953
1.5222384603844508,2.733786181789525,-1.2115477214050743,1.2115477214050743
1.723713168491681,2.8923929991920403,-1.1686798307003592,1.1686798307003592
1.60003238244435,3.7755860866738873,-2.175553704229537,2.175553704229537
2.591624259545572,2.0884614849360497,0.5031627746095224,0.5031627746095224
3.423349924580549,2.397987059475476,1.0253628651050728,1.0253628651050728
2.6510166735556018,3.210288321439001,-0.5592716478833992,0.5592716478833992
1.2175480596073385,0.8813359382725244,0.33621212133481404,0.33621212133481404
7.244065383360269,1.2496672732873566,5.994398110072912,5.994398110072912
1.4355644271735015,1.9382219880450904,-0.5026575608715889,0.5026575608715889
1.6788303054282812,0.8871353243903188,0.7916949810379623,0.7916949810379623
4.580426866194772,0.3354755823778266,4.244951283816945,4.244951283816945
2.9826713553861293,1.5915891767126142,1.391082178673515,1.391082178673515
1.5321273000173696,0.7665125394092049,0.7656147606081647,0.7656147606081647
2.9489717758099068,1.4064407002281063,1.5425310755818005,1.5425310755818005
2.235407081928281,2.181196501629413,0.05421058029886794,0.05421058029886794
2.169407944352197,1.9268243711721664,0.24258357318003054,0.24258357318003054
2.686740331121587,1.9213538954642857,0.7653864356573012,0.7653864356573012
2.404748318614775,2.8402227263573785,-0.4354744077426034,0.4354744077426034
1.658719821291578,1.3170936754682048,0.34162614582337314,0.34162614582337314
2.314641460829224,1.0962220381316967,1.2184194226975273,1.2184194226975273
1.9348144714872644,2.281294398854919,-0.34647992736765443,0.34647992736765443
1.3718829183654722,1.0863867451494036,0.28549617321606857,0.28549617321606857
1.540156423059482,1.4063375189692475,0.13381890409023445,0.13381890409023445
1.4308611121074777,2.200738865772489,-0.7698777536650114,0.7698777536650114
3.0038294115831783,0.9839586582375814,2.0198707533455966,2.0198707533455966
4.280134298861751,1.010649264550579,3.269485034311172,3.269485034311172
3.592580248493403,1.9736176829521688,1.6189625655412343,1.6189625655412343
1.2660956469166913,1.0749789506154876,0.19111669630120365,0.19111669630120365
2.6368413584111803,1.5309930654553503,1.10584829295583,1.10584829295583
1.4980452432828957,2.4470022010964807,-0.948956957813585,0.948956957813585
0.8570862730857126,0.0,0.8570862730857126,0.8570862730857126
0.879146894389113,0.5099763741857277,0.36917052020338526,0.36917052020338526
0.8655043603230825,1.2819044779126405,-0.41640011758955797,0.41640011758955797
0.7107039593083359,0.2219516663224719,0.488752292985864,0.488752292985864
1.3411688832335629,0.0732880398277883,1.2678808434057747,1.2678808434057747
0.9814360581560068,1.207375288307177,-0.22593923015117034,0.22593923015117034
0.5175817230094645,0.9879449710348196,-0.4703632480253551,0.4703632480253551
0.7056484947012804,1.2395889435938017,-0.5339404488925212,0.5339404488925212
0.5731757916040728,2.102450456401308,-1.529274664797235,1.529274664797235
0.826094714383351,0.0,0.826094714383351,0.826094714383351
1.200511704804833,0.2485625099223095,0.9519491948825236,0.9519491948825236
0.98602045418736,1.1218829555264815,-0.1358625013391216,0.1358625013391216
0.6401206168693183,1.590929038932383,-0.9508084220630646,0.9508084220630646
0.8018694899438292,1.749535856334898,-0.9476663663910687,0.9476663663910687
0.6904468967705395,2.632728943816745,-1.9422820470462054,1.9422820470462054
0.6700120852270204,0.9456043420789076,-0.27559225685188726,0.27559225685188726
0.653829971282899,1.2551299166183338,-0.6012999453354348,0.6012999453354348
0.6636769574159984,2.067431178581859,-1.4037542211658607,1.4037542211658607
0.5422885207412549,0.0,0.5422885207412549,0.5422885207412549
0.5422885207412549,0.7953648451879485,-0.2530763244466936,0.2530763244466936
0.6821726355797036,0.0,0.6821726355797036,0.6821726355797036
1.2309422257456628,0.0,1.2309422257456628,1.2309422257456628
0.9352419701157908,0.4487320338554719,0.4865099362603189,0.4865099362603189
0.4538514483659435,0.0,0.4538514483659435,0.4538514483659435
0.997989808692561,0.2635835573709643,0.7344062513215968,0.7344062513215968
0.5494183061851179,1.038339358772271,-0.488921052587153,0.488921052587153
0.6433017110440628,0.7839672283150239,-0.1406655172709611,0.1406655172709611
0.9823435270848496,0.7784967526071433,0.20384677447770627,0.20384677447770627
0.7961939204401095,1.697365583500236,-0.9011716630601264,0.9011716630601264
0.6286830497610721,0.1742365326110625,0.4544465171500096,0.4544465171500096
1.1321807165247717,0.0,1.1321807165247717,1.1321807165247717
0.8632751628341233,1.1384372559977765,-0.27516209316365314,0.27516209316365314
0.4787820909269001,0.0,0.4787820909269001,0.4787820909269001
0.7279249098775472,0.2634803761121055,0.4644445337654417,0.4644445337654417
0.5480873832187684,1.0578817229153472,-0.5097943396965788,0.5097943396965788
0.5714159022282193,0.0,0.5714159022282193,0.5714159022282193
1.1835686146592244,0.0,1.1835686146592244,1.1835686146592244
0.8099944456086376,0.8307605400950264,-0.020766094486388775,0.020766094486388775
0.5251432400895707,0.0,0.5251432400895707,0.5251432400895707
0.7559563988183644,0.388135922598208,0.3678204762201564,0.3678204762201564
0.6778710254152407,1.3041450582393384,-0.6262740328240977,0.6262740328240977
0.579730411471064,0.0,0.579730411471064,0.579730411471064
0.774283389787513,0.4671192313285844,0.3071641584589286,0.3071641584589286
0.6391522952809118,1.2390473350554971,-0.5998950397745854,0.5998950397745854
0.4892093570559104,0.1790945234653287,0.3101148335905817,0.3101148335905817
0.5561447310735069,0.0304308969706449,0.525713834102862,0.525713834102862
0.5048175502104532,1.1645181454500335,-0.6597005952395804,0.6597005952395804
0.4770632662036267,0.9450878281776764,-0.46802456197404974,0.46802456197404974
0.5641103408681047,1.1967318007366583,-0.6326214598685536,0.6326214598685536
0.4869183122414556,2.0595933135441644,-1.5726750013027089,1.5726750013027089
0.6650306538588546,0.0,0.6650306538588546,0.6650306538588546
0.7713261452057005,0.2057053670651661,0.5656207781405345,0.5656207781405345
0.7333233775958355,1.0790258126693384,-0.34570243507350285,0.34570243507350285
0.3322482939632105,1.5480718960752395,-1.215823602112029,1.215823602112029
0.4062549460293829,1.7066787134777548,-1.3004237674483718,1.3004237674483718
0.3649043656974847,2.589871800959602,-2.224967435262117,2.224967435262117
0.4950587775158489,0.9027471992217644,-0.40768842170591546,0.40768842170591546
0.7530910039174339,1.2122727737611905,-0.4591817698437566,0.4591817698437566
0.5950828682883496,2.024574035724716,-1.4294911674363664,1.4294911674363664
0.5747979489963491,0.0,0.5747979489963491,0.5747979489963491
0.1047330767226874,0.063952987573071,0.04078008914961641,0.04078008914961641
0.5592824320954186,0.7525077023308053,-0.19322527023538671,0.19322527023538671
0.4632654520489824,0.0,0.4632654520489824,0.4632654520489824
0.7496304931127424,0.0,0.7496304931127424,0.7496304931127424
0.5633174517358029,0.4058748909983286,0.15744256073747437,0.15744256073747437
0.3602760666772656,0.0,0.3602760666772656,0.3602760666772656
0.6658246650132922,0.2207264145138209,0.44509825049947127,0.44509825049947127
0.4243713490577802,0.9954822159151276,-0.5711108668573475,0.5711108668573475
0.4198664546099319,0.7411100854578806,-0.3212436308479487,0.3212436308479487
0.6052217822979895,0.7356396097500001,-0.13041782745201058,0.13041782745201058
0.4953986447362168,1.654508440643093,-1.1591097959068761,1.1591097959068761
0.6198068833094819,0.1313793897539193,0.4884274935555626,0.4884274935555626
1.0649682679639256,0.0,1.0649682679639256,1.0649682679639256
0.7696938879034653,1.0955801131406333,-0.32588622523716804,0.32588622523716804
0.3687334249789068,0.0,0.3687334249789068,0.3687334249789068
0.4313168954422955,0.2206232332549621,0.2106936621873334,0.2106936621873334
0.3707166752248346,1.0150245800582038,-0.6443079048333693,0.6443079048333693
0.4788089757102604,0.0,0.4788089757102604,0.4788089757102604
0.8188652144271537,0.0,0.8188652144271537,0.8188652144271537
0.5842063659602571,0.7879033972378832,-0.20369703127762606,0.20369703127762606
0.4055485017270916,0.0,0.4055485017270916,0.4055485017270916
0.6957406402698985,0.3452787797410649,0.35046186052883355,0.35046186052883355
0.5562316869210366,1.2612879153821954,-0.7050562284611588,0.7050562284611588
1.6268858066002263,0.2747466689663809,1.3521391376338454,1.3521391376338454
1.9919193221111424,1.2364308104778947,0.7554885116332477,0.7554885116332477
1.6750870924050658,2.313218896163973,-0.638131803758907,0.638131803758907
2.291177593433027,0.8931395945713478,1.3980379988616791,1.3980379988616791
4.746403988018382,0.681295625671678,4.065108362346704,4.065108362346704
3.474743554785576,2.1883788142613305,1.2863647405242453,1.2863647405242453
1.5470171390615697,1.592914323880536,-0.04589718481896643,0.04589718481896643
2.594196684748674,1.8894826970994385,0.7047139876492354,0.7047139876492354
1.8697114647833253,3.0898060850788043,-1.220094620295479,1.220094620295479
2.3426553850030096,0.722507977666142,1.6201474073368676,1.6201474073368676
3.0549264654046246,1.0308335331389604,2.0240929322656642,2.0240929322656642
2.5954365128642194,2.1932955904560245,0.4021409224081949,0.4021409224081949
1.5222384603844508,2.0992820807941803,-0.5770436204097296,0.5770436204097296
1.723713168491681,2.293139779252374,-0.5694266107606931,0.5694266107606931
1.60003238244435,3.5103963985514715,-1.9103640161071214,1.9103640161071214
2.591624259545572,1.621471438177377,0.9701528213681951,0.9701528213681951
3.423349924580549,1.9633294167909323,1.4600205077896167,1.4600205077896167
2.6510166735556018,3.1563536075406646,-0.5053369339850629,0.5053369339850629
1.2175480596073385,0.4703793242542023,0.7471687353531362,0.7471687353531362
7.244065383360269,0.8882797188223868,6.355785664537882,6.355785664537882
1.4355644271735015,1.965149878970544,-0.5295854517970424,0.5295854517970424
1.6788303054282812,0.598472886248584,1.0803574191796972,1.0803574191796972
4.580426866194772,0.0,4.580426866194772,4.580426866194772
2.9826713553861293,1.5902924207668274,1.3923789346193018,1.3923789346193018
1.5321273000173696,0.2902981829294362,1.2418291170879334,1.2418291170879334
2.9489717758099068,1.0211520034627464,1.9278197723471604,1.9278197723471604
2.235407081928281,2.1073723320002364,0.12803474992804453,0.12803474992804453
2.169407944352197,1.4605819783699658,0.7088259659822311,0.7088259659822311
2.686740331121587,1.4344003621180503,1.2523399690035366,1.2523399690035366
2.404748318614775,2.6840487760825007,-0.2793004574677256,0.2793004574677256
1.658719821291578,0.9075157569178582,0.7512040643737197,0.7512040643737197
2.314641460829224,0.6326221290816099,1.6820193317476142,1.6820193317476142
1.9348144714872644,2.182749879711668,-0.2479354082244034,0.2479354082244034
1.3718829183654722,0.6727456985996532,0.699137219765819,0.699137219765819
1.540156423059482,1.024600419559029,0.5155560035004529,0.5155560035004529
1.4308611121074777,2.16237077210644,-0.7315096599989621,0.7315096599989621
3.0038294115831783,0.6382122446813598,2.3656171669018184,2.3656171669018184
4.280134298861751,0.6645237084722793,3.6156105903894717,3.6156105903894717
3.592580248493403,1.9285892267262856,1.6639910217671174,1.6639910217671174
1.2660956469166913,0.5546278578824021,0.7114677890342892,0.7114677890342892
2.6368413584111803,1.112534823897691,1.5243065345134892,1.5243065345134892
1.4980452432828957,2.314780845509596,-0.8167356022267003,0.8167356022267003
0.8570862730857126,0.0,0.8570862730857126,0.8570862730857126
0.879146894389113,0.1114308104778946,0.7677160839112184,0.7677160839112184
0.8655043603230825,1.1882188961639728,-0.32271453584089027,0.32271453584089027
0.7107039593083359,0.0,0.7107039593083359,0.7107039593083359
1.3411688832335629,0.0,1.3411688832335629,1.3411688832335629
0.9814360581560068,1.0633788142613303,-0.08194275610532353,0.08194275610532353
0.5175817230094645,0.467914323880536,0.04966739912892848,0.04966739912892848
0.7056484947012804,0.7644826970994385,-0.058834202398158064,0.058834202398158064
0.5731757916040728,1.9648060850788045,-1.3916302934747318,1.3916302934747318
0.826094714383351,0.0,0.826094714383351,0.826094714383351
1.200511704804833,0.0,1.200511704804833,1.200511704804833
0.98602045418736,1.0682955904560243,-0.08227513626866434,0.08227513626866434
0.6401206168693183,0.9742820807941804,-0.3341614639248621,0.3341614639248621
0.8018694899438292,1.1681397792523742,-0.366270289308545,0.366270289308545
0.6904468967705395,2.385396398551472,-1.6949495017809324,1.6949495017809324
0.6700120852270204,0.4964714381773769,0.1735406470496435,0.1735406470496435
0.653829971282899,0.8383294167909323,-0.18449944550803332,0.18449944550803332
0.6636769574159984,2.0313536075406646,-1.3676766501246662,1.3676766501246662
0.5422885207412549,0.0,0.5422885207412549,0.5422885207412549
0.5422885207412549,0.8401498789705444,-0.2978613582292895,0.2978613582292895
0.6821726355797036,0.0,0.6821726355797036,0.6821726355797036
1.2309422257456628,0.0,1.2309422257456628,1.2309422257456628
0.9352419701157908,0.4652924207668275,0.4699495493489633,0.4699495493489633
0.4538514483659435,0.0,0.4538514483659435,0.4538514483659435
0.997989808692561,0.0,0.997989808692561,0.997989808692561
0.5494183061851179,0.9823723320002368,-0.4329540258151189,0.4329540258151189
0.6433017110440628,0.3355819783699657,0.307719732674097,0.307719732674097
0.9823435270848496,0.3094003621180504,0.6729431649667992,0.6729431649667992
0.7961939204401095,1.5590487760825007,-0.7628548556423912,0.7628548556423912
0.6286830497610721,0.0,0.6286830497610721,0.6286830497610721
1.1321807165247717,0.0,1.1321807165247717,1.1321807165247717
0.8632751628341233,1.0577498797116682,-0.19447471687754492,0.19447471687754492
0.4787820909269001,0.0,0.4787820909269001,0.4787820909269001
0.7279249098775472,0.0,0.7279249098775472,0.7279249098775472
0.5480873832187684,1.0373707721064398,-0.4892833888876714,0.4892833888876714
0.5714159022282193,0.0,0.5714159022282193,0.5714159022282193
1.1835686146592244,0.0,1.1835686146592244,1.1835686146592244
0.8099944456086376,0.803589226726286,0.006405218882351682,0.006405218882351682
0.5251432400895707,0.0,0.5251432400895707,0.5251432400895707
0.7559563988183644,0.0,0.7559563988183644,0.7559563988183644
0.6778710254152407,1.1897808455095955,-0.5119098200943548,0.5119098200943548
0.579730411471064,0.0,0.579730411471064,0.579730411471064
0.774283389787513,0.0692433104778947,0.7050400793096183,0.7050400793096183
0.6391522952809118,1.146031396163973,-0.5068791008830612,0.5068791008830612
0.4892093570559104,0.0,0.4892093570559104,0.4892093570559104
0.5561447310735069,0.0,0.5561447310735069,0.5561447310735069
0.5048175502104532,1.0211913142613305,-0.5163737640508773,0.5163737640508773
0.4770632662036267,0.4257268238805362,0.051336442323090536,0.051336442323090536
0.5641103408681047,0.7222951970994386,-0.15818485623133383,0.15818485623133383
0.4869183122414556,1.9226185850788045,-1.435700272837349,1.435700272837349
0.6650306538588546,0.0,0.6650306538588546,0.6650306538588546
0.7713261452057005,0.0,0.7713261452057005,0.7713261452057005
0.7333233775958355,1.0261080904560247,-0.29278471286018914,0.29278471286018914
0.3322482939632105,0.9320945807941804,-0.59984628683097,0.59984628683097
0.4062549460293829,1.1259522792523744,-0.7196973332229915,0.7196973332229915
0.3649043656974847,2.343208898551472,-1.9783045328539874,1.9783045328539874
0.4950587775158489,0.4542839381773769,0.040774839338472035,0.040774839338472035
0.7530910039174339,0.7961419167909323,-0.04305091287349838,0.04305091287349838
0.5950828682883496,1.9891661075406648,-1.3940832392523153,1.3940832392523153
0.5747979489963491,0.0,0.5747979489963491,0.5747979489963491
0.1047330767226874,0.0,0.1047330767226874,0.1047330767226874
0.5592824320954186,0.7979623789705446,-0.23867994687512595,0.23867994687512595
0.4632654520489824,0.0,0.4632654520489824,0.4632654520489824
0.7496304931127424,0.0,0.7496304931127424,0.7496304931127424
0.5633174517358029,0.4231049207668276,0.14021253096897535,0.14021253096897535
0.3602760666772656,0.0,0.3602760666772656,0.3602760666772656
0.6658246650132922,0.0,0.6658246650132922,0.6658246650132922
0.4243713490577802,0.9401848320002368,-0.5158134829424567,0.5158134829424567
0.4198664546099319,0.2933944783699658,0.1264719762399661,0.1264719762399661
0.6052217822979895,0.2672128621180505,0.338008920179939,0.338008920179939
0.4953986447362168,1.5168612760825009,-1.021462631346284,1.021462631346284
0.6198068833094819,0.0,0.6198068833094819,0.6198068833094819
1.0649682679639256,0.0,1.0649682679639256,1.0649682679639256
0.7696938879034653,1.0155623797116684,-0.24586849180820314,0.24586849180820314
0.3687334249789068,0.0,0.3687334249789068,0.3687334249789068
0.4313168954422955,0.0,0.4313168954422955,0.4313168954422955
0.3707166752248346,0.99518327210644,-0.6244665968816054,0.6244665968816054
0.4788089757102604,0.0,0.4788089757102604,0.4788089757102604
0.8188652144271537,0.0,0.8188652144271537,0.8188652144271537
0.5842063659602571,0.761401726726286,-0.17719536076602893,0.17719536076602893
0.4055485017270916,0.0,0.4055485017270916,0.4055485017270916
0.6957406402698985,0.0,0.6957406402698985,0.6957406402698985
0.5562316869210366,1.1475933455095957,-0.591361658588559,0.591361658588559
1.6268858066002263,0.1209814994629355,1.5059043071372908,1.5059043071372908
1.9919193221111424,0.9961498546758848,0.9957694674352576,0.9957694674352576
1.6750870924050658,2.021065804496674,-0.345978712091608,0.345978712091608
2.291177593433027,0.664344629525019,1.626832963908008,1.626832963908008
4.746403988018382,0.3347682086492239,4.411635779369158,4.411635779369158
3.474743554785576,1.861004848341989,1.6137387064435869,1.6137387064435869
1.5470171390615697,0.944199098185267,0.6028180408763026,0.6028180408763026
2.594196684748674,1.234819866034763,1.359376818713911,1.359376818713911
1.8697114647833253,2.4290186269409264,-0.5593071621576011,0.5593071621576011
2.3426553850030096,0.7900975617236945,1.5525578232793151,1.5525578232793151
3.0549264654046246,1.044083398771619,2.0108430666330057,2.0108430666330057
2.5954365128642194,2.152450538537365,0.4429859743268545,0.4429859743268545
1.5222384603844508,1.1584443071366115,0.36379415324783926,0.36379415324783926
1.723713168491681,1.3502994320029238,0.3734137364887573,0.3734137364887573
1.60003238244435,2.561126161771213,-0.961093779326863,0.961093779326863
2.591624259545572,1.2627756291804673,1.3288486303651048,1.3288486303651048
3.423349924580549,1.594599008974617,1.828750915605932,1.828750915605932
2.6510166735556018,2.9133184177713547,-0.2623017442157529,0.2623017442157529
1.2175480596073385,0.479455152107805,0.7380929074995335,0.7380929074995335
7.244065383360269,0.9280979361684842,6.315967447191785,6.315967447191785
1.4355644271735015,2.115338142917857,-0.6797737157443555,0.6797737157443555
1.6788303054282812,0.8505698841792487,0.8282604212490324,0.8282604212490324
4.580426866194772,0.1574921606889605,4.422934705505812,4.422934705505812
2.9826713553861293,1.7681390754019426,1.2145322799841867,1.2145322799841867
1.5321273000173696,0.2510325894043828,1.2810947106129869,1.2810947106129869
2.9489717758099068,0.9053994318335222,2.0435723439763844,2.0435723439763844
2.235407081928281,1.971493174164049,0.26391390776423207,0.26391390776423207
2.169407944352197,1.0959804701775728,1.0734274741746241,1.0734274741746241
2.686740331121587,1.012584381541905,1.6741559495796818,1.6741559495796818
2.404748318614775,2.266840457291895,0.1379078613228799,0.1379078613228799
1.658719821291578,0.8453310416221549,0.813388779669423,0.813388779669423
2.314641460829224,0.4648263311318407,1.8498151296973835,1.8498151296973835
1.9348144714872644,2.0300852558858606,-0.09527078439859626,0.09527078439859626
1.3718829183654722,0.6144669689271924,0.7574159494382797,0.7574159494382797
1.540156423059482,0.8934857078905382,0.6466707151689438,0.6466707151689438
1.4308611121074777,2.0827495899195547,-0.651888477812077,0.651888477812077
3.0038294115831783,0.7468944050226262,2.256935006560552,2.256935006560552
4.280134298861751,0.7369418874953757,3.543192411366375,3.543192411366375
3.592580248493403,1.9307407698171588,1.6618394786762443,1.6618394786762443
1.2660956469166913,0.3736054448271987,0.8924902020894926,0.8924902020894926
2.6368413584111803,0.9559417521266332,1.6808996062845472,1.6808996062845472
1.4980452432828957,2.030200937501377,-0.5321556942184815,0.5321556942184815
0.8570862730857126,0.0,0.8570862730857126,0.8570862730857126
0.879146894389113,0.0,0.879146894389113,0.879146894389113
0.8655043603230825,0.8782086616395317,-0.012704301316449174,0.012704301316449174
0.7107039593083359,0.0,0.7107039593083359,0.7107039593083359
1.3411688832335629,0.0,1.3411688832335629,1.3411688832335629
0.9814360581560068,0.7181477054848466,0.26328835267116013,0.26328835267116013
0.5175817230094645,0.0,0.5175817230094645,0.5175817230094645
0.7056484947012804,0.0919627231776205,0.6136857715236599,0.6136857715236599
0.5731757916040728,1.2861614840837845,-0.7129856924797117,0.7129856924797117
0.826094714383351,0.0,0.826094714383351,0.826094714383351
1.200511704804833,0.0,1.200511704804833,1.200511704804833
0.98602045418736,1.009593395680223,-0.023572941492863042,0.023572941492863042
0.6401206168693183,0.0155871642794688,0.6245334525898495,0.6245334525898495
0.8018694899438292,0.2074422891457814,0.5944272007980478,0.5944272007980478
0.6904468967705395,1.4182690189140708,-0.7278221221435313,0.7278221221435313
0.6700120852270204,0.1199184863233249,0.5500935989036955,0.5500935989036955
0.653829971282899,0.4517418661174748,0.2020881051654242,0.2020881051654242
0.6636769574159984,1.770461274914212,-1.1067843174982135,1.1067843174982135
0.5422885207412549,0.0,0.5422885207412549,0.5422885207412549
0.5422885207412549,0.9724810000607153,-0.43019247931946036,0.43019247931946036
0.6821726355797036,0.0,0.6821726355797036,0.6821726355797036
1.2309422257456628,0.0,1.2309422257456628,1.2309422257456628
0.9352419701157908,0.6252819325448002,0.30996003757099055,0.30996003757099055
0.4538514483659435,0.0,0.4538514483659435,0.4538514483659435
0.997989808692561,0.0,0.997989808692561,0.997989808692561
0.5494183061851179,0.8286360313069074,-0.27921772512178955,0.27921772512178955
0.6433017110440628,0.0,0.6433017110440628,0.6433017110440628
0.9823435270848496,0.0,0.9823435270848496,0.9823435270848496
0.7961939204401095,1.1239833144347533,-0.3277893939946438,0.3277893939946438
0.6286830497610721,0.0,0.6286830497610721,0.6286830497610721
1.1321807165247717,0.0,1.1321807165247717,1.1321807165247717
0.8632751628341233,0.8872281130287186,-0.023952950194595313,0.023952950194595313
0.4787820909269001,0.0,0.4787820909269001,0.4787820909269001
0.7279249098775472,0.0,0.7279249098775472,0.7279249098775472
0.5480873832187684,0.9398924470624126,-0.3918050638436442,0.3918050638436442
0.5714159022282193,0.0,0.5714159022282193,0.5714159022282193
1.1835686146592244,0.0,1.1835686146592244,1.1835686146592244
0.8099944456086376,0.7878836269600165,0.02211081864862119,0.02211081864862119
0.5251432400895707,0.0,0.5251432400895707,0.5251432400895707
0.7559563988183644,0.0,0.7559563988183644,0.7559563988183644
0.6778710254152407,0.8873437946442352,-0.2094727692289945,0.2094727692289945
0.579730411471064,0.0,0.579730411471064,0.579730411471064
0.774283389787513,0.0,0.774283389787513,0.774283389787513
0.6391522952809118,0.8353515187823887,-0.1961992235014769,0.1961992235014769
0.4892093570559104,0.0,0.4892093570559104,0.4892093570559104
0.5561447310735069,0.0,0.5561447310735069,0.5561447310735069
0.5048175502104532,0.6752905626277036,-0.17047301241725044,0.17047301241725044
0.4770632662036267,0.0,0.4770632662036267,0.4770632662036267
0.5641103408681047,0.0491055803204776,0.5150047605476271,0.5150047605476271
0.4869183122414556,1.2433043412266411,-0.7563860289851856,0.7563860289851856
0.6650306538588546,0.0,0.6650306538588546,0.6650306538588546
0.7713261452057005,0.0,0.7713261452057005,0.7713261452057005
0.7333233775958355,0.9667362528230798,-0.2334128752272443,0.2334128752272443
0.3322482939632105,0.0,0.3322482939632105,0.3322482939632105
0.4062549460293829,0.1645851462886383,0.2416697997407446,0.2416697997407446
0.3649043656974847,1.3754118760569276,-1.010507510359443,1.010507510359443
0.4950587775158489,0.0770613434661817,0.4179974340496672,0.4179974340496672
0.7530910039174339,0.4088847232603319,0.344206280657102,0.344206280657102
0.5950828682883496,1.727604132057069,-1.1325212637687194,1.1325212637687194
0.5747979489963491,0.0,0.5747979489963491,0.5747979489963491
0.1047330767226874,0.0,0.1047330767226874,0.1047330767226874
0.5592824320954186,0.9296238572035722,-0.3703414251081536,0.3703414251081536
0.4632654520489824,0.0,0.4632654520489824,0.4632654520489824
0.7496304931127424,0.0,0.7496304931127424,0.7496304931127424
0.5633174517358029,0.5824247896876573,-0.019107337951854375,0.019107337951854375
0.3602760666772656,0.0,0.3602760666772656,0.3602760666772656
0.6658246650132922,0.0,0.6658246650132922,0.6658246650132922
0.4243713490577802,0.7857788884497642,-0.361407539391984,0.361407539391984
0.4198664546099319,0.0,0.4198664546099319,0.4198664546099319
0.6052217822979895,0.0,0.6052217822979895,0.6052217822979895
0.4953986447362168,1.0811261715776102,-0.5857275268413933,0.5857275268413933
0.6198068833094819,0.0,0.6198068833094819,0.6198068833094819
1.0649682679639256,0.0,1.0649682679639256,1.0649682679639256
0.7696938879034653,0.8443709701715756,-0.07467708226811032,0.07467708226811032
0.3687334249789068,0.0,0.3687334249789068,0.3687334249789068
0.4313168954422955,0.0,0.4313168954422955,0.4313168954422955
0.3707166752248346,0.8970353042052696,-0.5263186289804349,0.5263186289804349
0.4788089757102604,0.0,0.4788089757102604,0.4788089757102604
0.8188652144271537,0.0,0.8188652144271537,0.8188652144271537
0.5842063659602571,0.7450264841028733,-0.1608201181426162,0.1608201181426162
0.4055485017270916,0.0,0.4055485017270916,0.4055485017270916
0.6957406402698985,0.0,0.6957406402698985,0.6957406402698985
0.5562316869210366,0.8444866517870921,-0.2882549648660555,0.2882549648660555
1.6268858066002263,0.0,1.6268858066002263,1.6268858066002263
1.9919193221111424,0.6962560261660736,1.2956632959450687,1.2956632959450687
1.6750870924050658,2.076535202681925,-0.401448110276859,0.401448110276859
2.291177593433027,0.3111372063532557,1.9800403870797711,1.9800403870797711
4.746403988018382,0.0,4.746403988018382,4.746403988018382
3.474743554785576,1.896568417441037,1.5781751373445387,1.5781751373445387
1.5470171390615697,0.5906531649749802,0.9563639740865895,0.9563639740865895
2.594196684748674,0.925487313342678,1.668709371405996,1.668709371405996
1.8697114647833253,2.489143095106395,-0.6194316303230698,0.6194316303230698
2.3426553850030096,0.3608250575087107,1.981830327494299,1.981830327494299
3.0549264654046246,0.694386463595574,2.3605400018090505,2.3605400018090505
2.5954365128642194,2.1447428796598587,0.45069363320436073,0.45069363320436073
1.5222384603844508,0.8002188551219656,0.7220196052624852,0.7220196052624852
1.723713168491681,1.020736700016876,0.702976468474805,0.702976468474805
1.60003238244435,2.596791834113226,-0.996759451668876,0.996759451668876
2.591624259545572,0.8346242908196646,1.7569999687259075,1.7569999687259075
3.423349924580549,1.2053042257416084,2.2180456988389405,2.2180456988389405
2.6510166735556018,2.861405382092824,-0.21038870853722225,0.21038870853722225
1.2175480596073385,0.0,1.2175480596073385,1.2175480596073385
7.244065383360269,0.4717346966939599,6.772330686666309,6.772330686666309
1.4355644271735015,2.0193302752015363,-0.5837658480280348,0.5837658480280348
1.6788303054282812,0.4658731317322589,1.2129571736960223,1.2129571736960223
4.580426866194772,0.0,4.580426866194772,4.580426866194772
2.9826713553861293,1.7344128858707557,1.2482584695153736,1.2482584695153736
1.5321273000173696,0.0,1.5321273000173696,1.5321273000173696
2.9489717758099068,0.59203529359774,2.356936482212167,2.356936482212167
2.235407081928281,2.010205954765395,0.22520112716288576,0.22520112716288576
2.169407944352197,0.7217170858671753,1.4476908584850217,1.4476908584850217
2.686740331121587,0.6483556468172453,2.038384684304342,2.038384684304342
2.404748318614775,2.256259918199457,0.1484884004153182,0.1484884004153182
1.658719821291578,0.4089983748830733,1.2497214464085047,1.2497214464085047
2.314641460829224,0.0427176251546764,2.2719238356745475,2.2719238356745475
1.9348144714872644,1.9848714199567028,-0.05005694846943842,0.05005694846943842
1.3718829183654722,0.1849867262246399,1.1868961921408323,1.1868961921408323
1.540156423059482,0.554771876977406,0.9853845460820759,0.9853845460820759
1.4308611121074777,2.073583416899017,-0.6427223047915391,0.6427223047915391
3.0038294115831783,0.4010617608257424,2.602767650757436,2.602767650757436
4.280134298861751,0.4136043557029082,3.8665299431588425,3.8665299431588425
3.592580248493403,1.9786494711300584,1.6139307773633447,1.6139307773633447
1.2660956469166913,0.0,1.2660956469166913,1.2660956469166913
2.6368413584111803,0.6337044715290701,2.0031368868821104,2.0031368868821104
1.4980452432828957,2.081866092730997,-0.5838208494481012,0.5838208494481012
0.8570862730857126,0.0,0.8570862730857126,0.8570862730857126
0.879146894389113,0.0,0.879146894389113,0.879146894389113
0.8655043603230825,0.9227572073108052,-0.057252846987722705,0.057252846987722705
0.7107039593083359,0.0,0.7107039593083359,0.7107039593083359
1.3411688832335629,0.0,1.3411688832335629,1.3411688832335629
0.9814360581560068,0.7427904220699183,0.23864563608608846,0.23864563608608846
0.5175817230094645,0.0,0.5175817230094645,0.5175817230094645
0.7056484947012804,0.0,0.7056484947012804,0.7056484947012804
0.5731757916040728,1.3353650997352755,-0.7621893081312027,0.7621893081312027
0.826094714383351,0.0,0.826094714383351,0.826094714383351
1.200511704804833,0.0,1.200511704804833,1.200511704804833
0.98602045418736,0.9909648842887392,-0.004944430101379238,0.004944430101379238
0.6401206168693183,0.0,0.6401206168693183,0.6401206168693183
0.8018694899438292,0.0,0.8018694899438292,0.8018694899438292
0.6904468967705395,1.4430138387421068,-0.7525669419715673,0.7525669419715673
0.6700120852270204,0.0,0.6700120852270204,0.6700120852270204
0.653829971282899,0.051526230370489,0.60230374091241,0.60230374091241
0.6636769574159984,1.7076273867217044,-1.043950429305706,1.043950429305706
0.5422885207412549,0.0,0.5422885207412549,0.5422885207412549
0.5422885207412549,0.865552279830417,-0.32326375908916216,0.32326375908916216
0.6821726355797036,0.0,0.6821726355797036,0.6821726355797036
1.2309422257456628,0.0,1.2309422257456628,1.2309422257456628
0.9352419701157908,0.5806348904996361,0.3546070796161547,0.3546070796161547
0.4538514483659435,0.0,0.4538514483659435,0.4538514483659435
0.997989808692561,0.0,0.997989808692561,0.997989808692561
0.5494183061851179,0.8564279593942757,-0.30700965320915785,0.30700965320915785
0.6433017110440628,0.0,0.6433017110440628,0.6433017110440628
0.9823435270848496,0.0,0.9823435270848496,0.9823435270848496
0.7961939204401095,1.1024819228283376,-0.30628800238822806,0.30628800238822806
0.6286830497610721,0.0,0.6286830497610721,0.6286830497610721
1.1321807165247717,0.0,1.1321807165247717,1.1321807165247717
0.8632751628341233,0.8310934245855832,0.03218173824854009,0.03218173824854009
0.4787820909269001,0.0,0.4787820909269001,0.4787820909269001
0.7279249098775472,0.0,0.7279249098775472,0.7279249098775472
0.5480873832187684,0.9198054215278972,-0.37171803830912886,0.37171803830912886
0.5714159022282193,0.0,0.5714159022282193,0.5714159022282193
1.1835686146592244,0.0,1.1835686146592244,1.1835686146592244
0.8099944456086376,0.8248714757589392,-0.014877030150301507,0.014877030150301507
0.5251432400895707,0.0,0.5251432400895707,0.5251432400895707
0.7559563988183644,0.0,0.7559563988183644,0.7559563988183644
0.6778710254152407,0.9280880973598776,-0.25021707194463694,0.25021707194463694
0.579730411471064,0.0,0.579730411471064,0.579730411471064
0.774283389787513,0.0,0.774283389787513,0.774283389787513
0.6391522952809118,0.8794905324843884,-0.24033823720347658,0.24033823720347658
0.4892093570559104,0.0,0.4892093570559104,0.4892093570559104
0.5561447310735069,0.0,0.5561447310735069,0.5561447310735069
0.5048175502104532,0.6995237472435014,-0.19470619703304826,0.19470619703304826
0.4770632662036267,0.0,0.4770632662036267,0.4770632662036267
0.5641103408681047,0.0,0.5641103408681047,0.5641103408681047
0.4869183122414556,1.2920984249088583,-0.8051801126674027,0.8051801126674027
0.6650306538588546,0.0,0.6650306538588546,0.6650306538588546
0.7713261452057005,0.0,0.7713261452057005,0.7713261452057005
0.7333233775958355,0.9476982094623224,-0.21437483186648687,0.21437483186648687
0.3322482939632105,0.0,0.3322482939632105,0.3322482939632105
0.4062549460293829,0.0,0.4062549460293829,0.4062549460293829
0.3649043656974847,1.3997471639156898,-1.0348427982182051,1.0348427982182051
0.4950587775158489,0.0,0.4950587775158489,0.4950587775158489
0.7530910039174339,0.008259555544072,0.7448314483733619,0.7448314483733619
0.5950828682883496,1.6643607118952874,-1.069277843606938,1.069277843606938
0.5747979489963491,0.0,0.5747979489963491,0.5747979489963491
0.1047330767226874,0.0,0.1047330767226874,0.1047330767226874
0.5592824320954186,0.8222856050040002,-0.26300317290858155,0.26300317290858155
0.4632654520489824,0.0,0.4632654520489824,0.4632654520489824
0.7496304931127424,0.0,0.7496304931127424,0.7496304931127424
0.5633174517358029,0.5373682156732191,0.025949236062583814,0.025949236062583814
0.3602760666772656,0.0,0.3602760666772656,0.3602760666772656
0.6658246650132922,0.0,0.6658246650132922,0.6658246650132922
0.4243713490577802,0.8131612845678587,-0.38878993551007857,0.38878993551007857
0.4198664546099319,0.0,0.4198664546099319,0.4198664546099319
0.6052217822979895,0.0,0.6052217822979895,0.6052217822979895
0.4953986447362168,1.0592152480019206,-0.5638166032657037,0.5638166032657037
0.6198068833094819,0.0,0.6198068833094819,0.6198068833094819
1.0649682679639256,0.0,1.0649682679639256,1.0649682679639256
0.7696938879034653,0.7878267497591662,-0.018132861855700955,0.018132861855700955
0.3687334249789068,0.0,0.3687334249789068,0.3687334249789068
0.4313168954422955,0.0,0.4313168954422955,0.4313168954422955
0.3707166752248346,0.8765387467014804,-0.5058220714766457,0.5058220714766457
0.4788089757102604,0.0,0.4788089757102604,0.4788089757102604
0.8188652144271537,0.0,0.8188652144271537,0.8188652144271537
0.5842063659602571,0.7816048009325222,-0.19739843497226506,0.19739843497226506
0.4055485017270916,0.0,0.4055485017270916,0.4055485017270916
0.6957406402698985,0.0,0.6957406402698985,0.6957406402698985
0.5562316869210366,0.8848214225334606,-0.328589735612424,0.328589735612424
1.6268858066002263,1.7516684523809531,-0.12478264578072684,0.12478264578072684
1.9919193221111424,1.7562220238095247,0.23569729830161767,0.23569729830161767
1.6750870924050658,1.6083170634920634,0.06677002891300243,0.06677002891300243
2.291177593433027,2.045840873015874,0.24533672041715304,0.24533672041715304
4.746403988018382,1.97083015873016,2.7755738292882217,2.7755738292882217
3.474743554785576,2.0007694444444453,1.4739741103411306,1.4739741103411306
1.5470171390615697,1.7245682539682536,-0.17755111490668396,0.17755111490668396
2.594196684748674,1.7299515873015872,0.8642450974470868,0.8642450974470868
1.8697114647833253,1.5444041666666666,0.3253072981166587,0.3253072981166587
2.3426553850030096,2.145370634920636,0.19728475008237378,0.19728475008237378
3.0549264654046246,2.146220634920636,0.9087058304839886,0.9087058304839886
2.5954365128642194,1.9283009920634924,0.667135520800727,0.667135520800727
1.5222384603844508,1.6593569444444445,-0.13711848405999372,0.13711848405999372
1.723713168491681,1.6586557539682538,0.06505741452342728,0.06505741452342728
1.60003238244435,1.4563694264069265,0.14366295603742363,0.14366295603742363
2.591624259545572,1.986333134920636,0.6052911246249362,0.6052911246249362
3.423349924580549,1.978791468253969,1.44455845632658,1.44455845632658
2.6510166735556018,1.841184920634922,0.8098317529206798,0.8098317529206798
1.2175480596073385,1.5911089285714286,-0.37356086896409013,0.37356086896409013
7.244065383360269,1.6105160714285722,5.633549311931697,5.633549311931697
1.4355644271735015,1.5531886904761911,-0.1176242633026896,0.1176242633026896
1.6788303054282812,1.9568634920634929,-0.2780331866352117,0.2780331866352117
4.580426866194772,2.003996825396827,2.576430040797945,2.576430040797945
2.9826713553861293,1.992386111111112,0.9902852442750172,0.9902852442750172
1.5321273000173696,1.8014458333333327,-0.2693185333159631,0.2693185333159631
2.9489717758099068,1.80588630952381,1.1430854662860968,1.1430854662860968
2.235407081928281,1.616323611111111,0.61908347081717,0.61908347081717
2.169407944352197,2.0882033730158733,0.08120457133632364,0.08120457133632364
2.686740331121587,2.0554105158730165,0.6313298152485705,0.6313298152485705
2.404748318614775,1.7970565476190474,0.6076917709957277,0.6076917709957277
1.658719821291578,2.013165873015873,-0.3544460517242949,0.3544460517242949
2.314641460829224,2.02963015873016,0.2850113020990639,0.2850113020990639
1.9348144714872644,2.0406301587301594,-0.10581568724289503,0.10581568724289503
1.3718829183654722,1.7545750541125538,-0.3826921357470816,0.3826921357470816
1.540156423059482,1.7403667207792208,-0.20021029771973886,0.20021029771973886
1.4308611121074777,1.5360226731601734,-0.1051615610526957,0.1051615610526957
3.0038294115831783,2.1525075396825404,0.8513218719006379,0.8513218719006379
4.280134298861751,2.1525075396825404,2.1276267591792104,2.1276267591792104
3.592580248493403,1.954889087301588,1.637691161191815,1.637691161191815
1.2660956469166913,1.9714182539682543,-0.705322607051563,0.705322607051563
2.6368413584111803,1.990476587301588,0.6463647711095923,0.6463647711095923
1.4980452432828957,1.7774253968253968,-0.2793801535425011,0.2793801535425011
0.8570862730857126,0.6640298185474657,0.19305645453824694,0.19305645453824694
0.879146894389113,0.6550588922515395,0.22408800213757352,0.22408800213757352
0.8655043603230825,0.6614349307555192,0.20406942956756335,0.20406942956756335
0.7107039593083359,0.6026145513391836,0.10808940796915223,0.10808940796915223
1.3411688832335629,0.5347992581356553,0.8063696250979075,0.8063696250979075
0.9814360581560068,0.5082371543897282,0.4731989037662786,0.4731989037662786
0.5175817230094645,0.5406930782044753,-0.02311135519501084,0.02311135519501084
0.7056484947012804,0.5375938413302385,0.16805465337104197,0.16805465337104197
0.5731757916040728,0.536969721944722,0.036206069659350804,0.036206069659350804
0.826094714383351,0.6705293981345452,0.15556531624880587,0.15556531624880587
1.200511704804833,0.6705293981345452,0.5299823066702879,0.5299823066702879
0.98602045418736,0.6730230814936697,0.3129973726936902,0.3129973726936902
0.6401206168693183,0.5089525139076612,0.13116810296165715,0.13116810296165715
0.8018694899438292,0.5058532770334242,0.29601621291040503,0.29601621291040503
0.6904468967705395,0.5021982954545456,0.18824860131599386,0.18824860131599386
0.6700120852270204,0.5529917785237637,0.1170203067032567,0.1170203067032567
0.653829971282899,0.5578131317620287,0.09601683952087026,0.09601683952087026
0.6636769574159984,0.5466552606298929,0.11702169678610552,0.11702169678610552
0.5422885207412549,0.5042549611744466,0.03803355956680832,0.03803355956680832
0.5422885207412549,0.4729521151642476,0.06933640557700727,0.06933640557700727
0.6821726355797036,0.5308153755150078,0.15135726006469585,0.15135726006469585
1.2309422257456628,0.627086681823079,0.6038555439225838,0.6038555439225838
0.9352419701157908,0.5119706708732444,0.42327129924254636,0.42327129924254636
0.4538514483659435,0.6555533366959838,-0.20170188833004032,0.20170188833004032
0.997989808692561,0.6423252675429145,0.3556645411496465,0.3556645411496465
0.5494183061851179,0.6405435170221934,-0.09112521083707548,0.09112521083707548
0.6433017110440628,0.6339969095038946,0.009304801540168106,0.009304801540168106
0.9823435270848496,0.5593806697795668,0.4229628573052828,0.4229628573052828
0.7961939204401095,0.5413917466112318,0.2548021738288777,0.2548021738288777
0.6286830497610721,0.5433297197492049,0.08535333001186729,0.08535333001186729
1.1321807165247717,0.6423838471577441,0.4897968693670276,0.4897968693670276
0.8632751628341233,0.5214215269616003,0.34185363587252304,0.34185363587252304
0.4787820909269001,0.5349224818482172,-0.05614039092131712,0.05614039092131712
0.7279249098775472,0.5432438350864822,0.184681074791065,0.184681074791065
0.5480873832187684,0.5211798397680749,0.02690754345069346,0.02690754345069346
0.5714159022282193,0.6616637381001352,-0.09024783587191598,0.09024783587191598
1.1835686146592244,0.6655168044782016,0.5180518101810228,0.5180518101810228
0.8099944456086376,0.6630868968449853,0.1469075487636523,0.1469075487636523
0.5251432400895707,0.6627909990336464,-0.13764775894407566,0.13764775894407566
0.7559563988183644,0.6565715518141991,0.09938484700416528,0.09938484700416528
0.6778710254152407,0.6669917170248056,0.01087930839043505,0.01087930839043505
0.579730411471064,0.6402425377726847,-0.06051212630162073,0.06051212630162073
0.774283389787513,0.6312716114767585,0.1430117783107545,0.1430117783107545
0.6391522952809118,0.6376476499807382,0.0015046453001735793,0.0015046453001735793
0.4892093570559104,0.5828310404056728,-0.0936216833497624,0.0936216833497624
0.5561447310735069,0.5238921777160749,0.032252553357432046,0.032252553357432046
0.5048175502104532,0.4983411850812587,0.006476365129194472,0.006476365129194472
0.4770632662036267,0.5311713152452123,-0.054108049041585615,0.054108049041585615
0.5641103408681047,0.5288220783709755,0.03528826249712924,0.03528826249712924
0.4869183122414556,0.528197958985459,-0.04127964674400336,0.04127964674400336
0.6650306538588546,0.6481379506930977,0.016892703165756973,0.016892703165756973
0.7713261452057005,0.6481379506930977,0.12318819451260288,0.12318819451260288
0.7333233775958355,0.6506316340522225,0.08269174354361308,0.08269174354361308
0.3322482939632105,0.5014484096785568,-0.16920011571534627,0.16920011571534627
0.4062549460293829,0.4990991728043199,-0.09284422677493703,0.09284422677493703
0.3649043656974847,0.4954441912254413,-0.13053982552795662,0.13053982552795662
0.4950587775158489,0.5421241822311674,-0.047065404715318504,0.047065404715318504
0.7530910039174339,0.5469455354694325,0.2061454684480014,0.2061454684480014
0.5950828682883496,0.5367987754484078,0.05828409283994174,0.05828409283994174
0.5747979489963491,0.4956937140881994,0.07910423490814966,0.07910423490814966
0.1047330767226874,0.4824802148423472,-0.3777471381196598,0.3777471381196598
0.5592824320954186,0.4661519791891115,0.09313045290630712,0.09313045290630712
0.4632654520489824,0.5194332950954272,-0.05616784304644484,0.05616784304644484
0.7496304931127424,0.6058170597784569,0.14381343333428553,0.14381343333428553
0.5633174517358029,0.5015997015647752,0.06171775017102776,0.06171775017102776
0.3602760666772656,0.6338618892545362,-0.27358582257727065,0.27358582257727065
0.6658246650132922,0.6211338201014671,0.04469084491182507,0.04469084491182507
0.4243713490577802,0.6201020695807459,-0.1957307205229657,0.1957307205229657
0.4198664546099319,0.6114262953957806,-0.19155984078584876,0.19155984078584876
0.6052217822979895,0.5466975972964943,0.058524185001495255,0.058524185001495255
0.4953986447362168,0.5294586741281592,-0.03406002939194236,0.03406002939194236
0.6198068833094819,0.5324621234566086,0.08734475985287327,0.08734475985287327
1.0649682679639256,0.6203787092401062,0.44458955872381944,0.44458955872381944
0.7696938879034653,0.5115650417801151,0.2581288461233502,0.2581288461233502
0.3687334249789068,0.524335242698478,-0.15560181771957116,0.15560181771957116
0.4313168954422955,0.533406595936743,-0.10208970049444749,0.10208970049444749
0.3707166752248346,0.5113426006183358,-0.14062592539350122,0.14062592539350122
0.4788089757102604,0.6378764573253544,-0.159067481615094,0.159067481615094
0.8188652144271537,0.6417295237034207,0.17713569072373292,0.17713569072373292
0.5842063659602571,0.6392996160702044,-0.055093250109947256,0.055093250109947256
0.4055485017270916,0.6410995515921987,-0.23555104986510705,0.23555104986510705
0.6957406402698985,0.6348801043727516,0.060860535897146906,0.060860535897146906
0.5562316869210366,0.645300269583358,-0.08906858266232132,0.08906858266232132
1.6268858066002263,1.7312229871749878,-0.10433718057476149,0.10433718057476149
1.9919193221111424,1.7686070203781128,0.22331230173302963,0.22331230173302963
1.6750870924050658,1.4326785802841189,0.24240851212094694,0.24240851212094694
2.291177593433027,2.16802978515625,0.12314780827677696,0.12314780827677696
4.746403988018382,2.103193521499634,2.643210466518748,2.643210466518748
3.474743554785576,2.127713918685913,1.3470296360996628,1.3470296360996628
1.5470171390615697,1.5985817909240725,-0.05156465186250281,0.05156465186250281
2.594196684748674,1.592029690742493,1.002166994006181,1.002166994006181
1.8697114647833253,1.422332525253296,0.4473789395300294,0.4473789395300294
2.3426553850030096,2.2506439685821533,0.0920114164208563,0.0920114164208563
3.0549264654046246,2.2880284786224365,0.7668979867821881,0.7668979867821881
2.5954365128642194,1.951449990272522,0.6439865225916974,0.6439865225916974
1.5222384603844508,1.648505687713623,-0.12626722732917228,0.12626722732917228
1.723713168491681,1.640419363975525,0.0832938045161562,0.0832938045161562
1.60003238244435,1.4694043397903442,0.13062804265400585,0.13062804265400585
2.591624259545572,2.052673101425171,0.5389511581204012,0.5389511581204012
3.423349924580549,2.072037696838379,1.35131222774217,1.35131222774217
2.6510166735556018,2.0111730098724365,0.6398436636831653,0.6398436636831653
1.2175480596073385,1.6368203163146973,-0.4192722567073588,0.4192722567073588
7.244065383360269,1.6262071132659912,5.617858270094278,5.617858270094278
1.4355644271735015,1.6056036949157717,-0.17003926774227018,0.17003926774227018
1.6788303054282812,2.0410044193267822,-0.36217411389850107,0.36217411389850107
4.580426866194772,2.1076600551605225,2.4727668110342496,2.4727668110342496
2.9826713553861293,2.046172618865967,0.9364987365201625,0.9364987365201625
1.5321273000173696,1.8410190343856807,-0.3088917343683111,0.3088917343683111
2.9489717758099068,1.8784030675888064,1.0705687082211004,1.0705687082211004
2.235407081928281,1.5293010473251345,0.7061060346031465,0.7061060346031465
2.169407944352197,2.1890709400177,-0.019662995665503225,0.019662995665503225
2.686740331121587,2.1223511695861816,0.5643891615354053,0.5643891615354053
2.404748318614775,1.9243731498718264,0.4803751687429487,0.4803751687429487
1.658719821291578,1.8999996185302728,-0.24127979723869486,0.24127979723869486
2.314641460829224,1.9621168375015257,0.3525246233276984,0.3525246233276984
1.9348144714872644,1.9854097366333008,-0.050595265146036406,0.050595265146036406
1.3718829183654722,1.6959638595581057,-0.32408094119263353,0.32408094119263353
1.540156423059482,1.7033674716949463,-0.16321104863546432,0.16321104863546432
1.4308611121074777,1.361820101737976,0.06904101036950161,0.06904101036950161
3.0038294115831783,2.3168609142303467,0.6869684973528316,0.6869684973528316
4.280134298861751,2.3168609142303467,1.963273384631404,1.963273384631404
3.592580248493403,2.14438271522522,1.448197533268183,1.448197533268183
1.2660956469166913,2.0911989212036133,-0.825103274286922,0.825103274286922
2.6368413584111803,2.128583669662476,0.5082576887487043,0.5082576887487043
1.4980452432828957,1.7915087938308716,-0.2934635505479759,0.2934635505479759
0.8570862730857126,0.6681769490242004,0.18890932406151217,0.18890932406151217
0.879146894389113,0.6681769490242004,0.21096994536491254,0.21096994536491254
0.8655043603230825,0.6847215890884399,0.1807827712346426,0.1807827712346426
0.7107039593083359,0.6641150712966919,0.04658888801164396,0.04658888801164396
1.3411688832335629,0.6146108508110046,0.7265580324225582,0.7265580324225582
0.9814360581560068,0.5932448506355286,0.3881912075204782,0.3881912075204782
0.5175817230094645,0.4990910589694977,0.018490664039966798,0.018490664039966798
0.7056484947012804,0.4899389147758484,0.21570957992543205,0.21570957992543205
0.5731757916040728,0.5220271944999695,0.051148597104103355,0.051148597104103355
0.826094714383351,0.7028200626373291,0.12327465174602192,0.12327465174602192
1.200511704804833,0.7028200626373291,0.49769164216750394,0.49769164216750394
0.98602045418736,0.7448832988739014,0.24113715531345858,0.24113715531345858
0.6401206168693183,0.5007500648498535,0.1393705520194648,0.1393705520194648
0.8018694899438292,0.4900637865066528,0.31180570343717645,0.31180570343717645
0.6904468967705395,0.52083420753479,0.16961268923574946,0.16961268923574946
0.6700120852270204,0.5839003324508667,0.08611175277615368,0.08611175277615368
0.653829971282899,0.5864786505699158,0.06735132071298322,0.06735132071298322
0.6636769574159984,0.5484118461608887,0.11526511125510974,0.11526511125510974
0.5422885207412549,0.534091591835022,0.008196928906232914,0.008196928906232914
0.5422885207412549,0.5000744462013245,0.042214074539930424,0.042214074539930424
0.6821726355797036,0.5458241701126099,0.13634846546709378,0.13634846546709378
1.2309422257456628,0.6769680380821228,0.55397418766354,0.55397418766354
0.9352419701157908,0.5282206535339355,0.40702131658185525,0.40702131658185525
0.4538514483659435,0.6348815560340881,-0.18103010766814465,0.18103010766814465
0.997989808692561,0.6348815560340881,0.3631082526584729,0.3631082526584729
0.5494183061851179,0.6505944132804871,-0.10117610709536917,0.10117610709536917
0.6433017110440628,0.7220760583877563,-0.0787743473436936,0.0787743473436936
0.9823435270848496,0.6218380928039551,0.36050543428089454,0.36050543428089454
0.7961939204401095,0.6243398785591125,0.17185404188099695,0.17185404188099695
0.6286830497610721,0.518936276435852,0.10974677332522009,0.10974677332522009
1.1321807165247717,0.6359941959381104,0.49618652058666135,0.49618652058666135
0.8632751628341233,0.5108110308647156,0.35246413196940773,0.35246413196940773
0.4787820909269001,0.5808822512626648,-0.10210016033576469,0.10210016033576469
0.7279249098775472,0.574988842010498,0.15293606786704916,0.15293606786704916
0.5480873832187684,0.5600007176399231,-0.01191333442115472,0.01191333442115472
0.5714159022282193,0.7044758796691895,-0.1330599774409702,0.1330599774409702
1.1835686146592244,0.7044758796691895,0.4790927349900349,0.4790927349900349
0.8099944456086376,0.7405059337615967,0.06948851184704097,0.06948851184704097
0.5251432400895707,0.6926047205924988,-0.16746148050292808,0.16746148050292808
0.7559563988183644,0.6926047205924988,0.06335167822586563,0.06335167822586563
0.6778710254152407,0.7341718077659607,-0.05630078235072,0.05630078235072
0.579730411471064,0.6511766314506531,-0.07144621997958911,0.07144621997958911
0.774283389787513,0.6511766314506531,0.12310675833685991,0.12310675833685991
0.6391522952809118,0.6927306652069092,-0.053578369925997404,0.053578369925997404
0.4892093570559104,0.5478969216346741,-0.058687564578763673,0.058687564578763673
0.5561447310735069,0.5299915075302124,0.026153223543294524,0.026153223543294524
0.5048175502104532,0.4747385382652282,0.030079011945224943,0.030079011945224943
0.4770632662036267,0.5050130486488342,-0.027949782445207516,0.027949782445207516
0.5641103408681047,0.4958609640598297,0.06824937680827503,0.06824937680827503
0.4869183122414556,0.5330050587654114,-0.04608674652395578,0.04608674652395578
0.6650306538588546,0.6764246225357056,-0.01139396867685094,0.01139396867685094
0.7713261452057005,0.6764246225357056,0.09490152266999496,0.09490152266999496
0.7333233775958355,0.7434972524642944,-0.010173874868458888,0.010173874868458888
0.3322482939632105,0.5225281715393066,-0.19027987757609616,0.19027987757609616
0.4062549460293829,0.511841893196106,-0.10558694716672307,0.10558694716672307
0.3649043656974847,0.5476682782173157,-0.18276391251983098,0.18276391251983098
0.4950587775158489,0.5195789933204651,-0.024520215804616163,0.024520215804616163
0.7530910039174339,0.5221573114395142,0.23093369247791973,0.23093369247791973
0.5950828682883496,0.4510981738567352,0.14398469443161438,0.14398469443161438
0.5747979489963491,0.4453118145465851,0.12948613444976398,0.12948613444976398
0.1047330767226874,0.4020707905292511,-0.2973377138065637,0.2973377138065637
0.5592824320954186,0.4198980629444122,0.13938436915100644,0.13938436915100644
0.4632654520489824,0.464147686958313,-0.0008822349093305926,0.0008822349093305926
0.7496304931127424,0.6216199398040771,0.1280105533086653,0.1280105533086653
0.5633174517358029,0.4465442299842834,0.11677322175151955,0.11677322175151955
0.3602760666772656,0.6150820255279541,-0.2548059588506885,0.2548059588506885
0.6658246650132922,0.6150820255279541,0.05074263948533808,0.05074263948533808
0.4243713490577802,0.6558042764663696,-0.23143292740858945,0.23143292740858945
0.4198664546099319,0.6666087508201599,-0.24674229621022803,0.24674229621022803
0.6052217822979895,0.5690059065818787,0.036215875716110846,0.036215875716110846
0.4953986447362168,0.5516282916069031,-0.05622964687068627,0.05622964687068627
0.6198068833094819,0.4787331819534302,0.14107370135605168,0.14107370135605168
1.0649682679639256,0.6221194863319397,0.44284878163198593,0.44284878163198593
0.7696938879034653,0.467314749956131,0.3023791379473343,0.3023791379473343
0.3687334249789068,0.5459691286087036,-0.1772357036297968,0.1772357036297968
0.4313168954422955,0.5400757193565369,-0.10875882391424135,0.10875882391424135
0.3707166752248346,0.5171049237251282,-0.14638824850029358,0.14638824850029358
0.4788089757102604,0.6701670289039612,-0.1913580531937008,0.1913580531937008
0.8188652144271537,0.6701670289039612,0.14869818552319247,0.14869818552319247
0.5842063659602571,0.7152813673019409,-0.13107500134168382,0.13107500134168382
0.4055485017270916,0.6446300148963928,-0.2390815131693012,0.2390815131693012
0.6957406402698985,0.6446300148963928,0.051110625373505636,0.051110625373505636
0.5562316869210366,0.7112064957618713,-0.1549748088408347,0.1549748088408347
1.6268858066002263,0.9166666666666666,0.7102191399335597,0.7102191399335597
1.9919193221111424,0.9166666666666666,1.075252655444476,1.075252655444476
1.6750870924050658,0.9166666666666666,0.7584204257383992,0.7584204257383992
2.291177593433027,0.9166666666666666,1.3745109267663604,1.3745109267663604
4.746403988018382,0.9166666666666666,3.829737321351715,3.829737321351715
3.474743554785576,0.9166666666666666,2.5580768881189093,2.5580768881189093
1.5470171390615697,0.9166666666666666,0.630350472394903,0.630350472394903
2.594196684748674,0.9166666666666666,1.6775300180820074,1.6775300180820074
1.8697114647833253,0.9166666666666666,0.9530447981166587,0.9530447981166587
2.3426553850030096,0.9166666666666666,1.425988718336343,1.425988718336343
3.0549264654046246,0.9166666666666666,2.138259798737958,2.138259798737958
2.5954365128642194,0.9166666666666666,1.6787698461975529,1.6787698461975529
1.5222384603844508,0.9166666666666666,0.6055717937177841,0.6055717937177841
1.723713168491681,0.9166666666666666,0.8070465018250145,0.8070465018250145
1.60003238244435,0.9166666666666666,0.6833657157776835,0.6833657157776835
2.591624259545572,0.9166666666666666,1.6749575928789056,1.6749575928789056
3.423349924580549,0.9166666666666666,2.5066832579138825,2.5066832579138825
2.6510166735556018,0.9166666666666666,1.7343500068889353,1.7343500068889353
1.2175480596073385,0.9166666666666666,0.30088139294067184,0.30088139294067184
7.244065383360269,0.9166666666666666,6.327398716693602,6.327398716693602
1.4355644271735015,0.9166666666666666,0.5188977605068349,0.5188977605068349
1.6788303054282812,0.9166666666666666,0.7621636387616145,0.7621636387616145
4.580426866194772,0.9166666666666666,3.6637601995281055,3.6637601995281055
2.9826713553861293,0.9166666666666666,2.0660046887194627,2.0660046887194627
1.5321273000173696,0.9166666666666666,0.615460633350703,0.615460633350703
2.9489717758099068,0.9166666666666666,2.0323051091432403,2.0323051091432403
2.235407081928281,0.9166666666666666,1.3187404152616145,1.3187404152616145
2.169407944352197,0.9166666666666666,1.2527412776855305,1.2527412776855305
2.686740331121587,0.9166666666666666,1.7700736644549204,1.7700736644549204
2.404748318614775,0.9166666666666666,1.4880816519481086,1.4880816519481086
1.658719821291578,0.9166666666666666,0.7420531546249113,0.7420531546249113
2.314641460829224,0.9166666666666666,1.3979747941625575,1.3979747941625575
1.9348144714872644,0.9166666666666666,1.0181478048205976,1.0181478048205976
1.3718829183654722,0.9166666666666666,0.45521625169880553,0.45521625169880553
1.540156423059482,0.9166666666666666,0.6234897563928153,0.6234897563928153
1.4308611121074777,0.9166666666666666,0.514194445440811,0.514194445440811
3.0038294115831783,0.9166666666666666,2.0871627449165118,2.0871627449165118
4.280134298861751,0.9166666666666666,3.3634676321950843,3.3634676321950843
3.592580248493403,0.9166666666666666,2.6759135818267366,2.6759135818267366
1.2660956469166913,0.9166666666666666,0.34942898025002467,0.34942898025002467
2.6368413584111803,0.9166666666666666,1.7201746917445138,1.7201746917445138
1.4980452432828957,0.9166666666666666,0.581378576616229,0.581378576616229
0.8570862730857126,0.9166666666666666,-0.059580393580954016,0.059580393580954016
0.879146894389113,0.9166666666666666,-0.037519772277553654,0.037519772277553654
0.8655043603230825,0.9166666666666666,-0.051162306343584096,0.051162306343584096
0.7107039593083359,0.9166666666666666,-0.20596270735833078,0.20596270735833078
1.3411688832335629,0.9166666666666666,0.42450221656689624,0.42450221656689624
0.9814360581560068,0.9166666666666666,0.06476939148934013,0.06476939148934013
0.5175817230094645,0.9166666666666666,-0.39908494365720215,0.39908494365720215
0.7056484947012804,0.9166666666666666,-0.2110181719653862,0.2110181719653862
0.5731757916040728,0.9166666666666666,-0.3434908750625938,0.3434908750625938
0.826094714383351,0.9166666666666666,-0.0905719522833156,0.0905719522833156
1.200511704804833,0.9166666666666666,0.2838450381381664,0.2838450381381664
0.98602045418736,0.9166666666666666,0.06935378752069332,0.06935378752069332
0.6401206168693183,0.9166666666666666,-0.2765460497973483,0.2765460497973483
0.8018694899438292,0.9166666666666666,-0.1147971767228374,0.1147971767228374
0.6904468967705395,0.9166666666666666,-0.22621976989612713,0.22621976989612713
0.6700120852270204,0.9166666666666666,-0.24665458143964625,0.24665458143964625
0.653829971282899,0.9166666666666666,-0.26283669538376764,0.26283669538376764
0.6636769574159984,0.9166666666666666,-0.2529897092506682,0.2529897092506682
0.5422885207412549,0.9166666666666666,-0.37437814592541174,0.37437814592541174
0.5422885207412549,0.9166666666666666,-0.37437814592541174,0.37437814592541174
0.6821726355797036,0.9166666666666666,-0.23449403108696298,0.23449403108696298
1.2309422257456628,0.9166666666666666,0.3142755590789962,0.3142755590789962
0.9352419701157908,0.9166666666666666,0.01857530344912417,0.01857530344912417
0.4538514483659435,0.9166666666666666,-0.46281521830072314,0.46281521830072314
0.997989808692561,0.9166666666666666,0.08132314202589441,0.08132314202589441
0.5494183061851179,0.9166666666666666,-0.36724836048154874,0.36724836048154874
0.6433017110440628,0.9166666666666666,-0.2733649556226039,0.2733649556226039
0.9823435270848496,0.9166666666666666,0.06567686041818299,0.06567686041818299
0.7961939204401095,0.9166666666666666,-0.12047274622655713,0.12047274622655713
0.6286830497610721,0.9166666666666666,-0.2879836169055945,0.2879836169055945
1.1321807165247717,0.9166666666666666,0.21551404985810507,0.21551404985810507
0.8632751628341233,0.9166666666666666,-0.05339150383254332,0.05339150383254332
0.4787820909269001,0.9166666666666666,-0.4378845757397665,0.4378845757397665
0.7279249098775472,0.9166666666666666,-0.18874175678911942,0.18874175678911942
0.5480873832187684,0.9166666666666666,-0.36857928344789825,0.36857928344789825
0.5714159022282193,0.9166666666666666,-0.3452507644384474,0.3452507644384474
1.1835686146592244,0.9166666666666666,0.26690194799255773,0.26690194799255773
0.8099944456086376,0.9166666666666666,-0.10667222105802898,0.10667222105802898
0.5251432400895707,0.9166666666666666,-0.39152342657709593,0.39152342657709593
0.7559563988183644,0.9166666666666666,-0.16071026784830222,0.16071026784830222
0.6778710254152407,0.9166666666666666,-0.23879564125142594,0.23879564125142594
0.579730411471064,0.9166666666666666,-0.33693625519560266,0.33693625519560266
0.774283389787513,0.9166666666666666,-0.14238327687915364,0.14238327687915364
0.6391522952809118,0.9166666666666666,-0.27751437138575485,0.27751437138575485
0.4892093570559104,0.9166666666666666,-0.42745730961075623,0.42745730961075623
0.5561447310735069,0.9166666666666666,-0.3605219355931597,0.3605219355931597
0.5048175502104532,0.9166666666666666,-0.41184911645621347,0.41184911645621347
0.4770632662036267,0.9166666666666666,-0.4396034004630399,0.4396034004630399
0.5641103408681047,0.9166666666666666,-0.3525563257985619,0.3525563257985619
0.4869183122414556,0.9166666666666666,-0.42974835442521103,0.42974835442521103
0.6650306538588546,0.9166666666666666,-0.251636012807812,0.251636012807812
0.7713261452057005,0.9166666666666666,-0.1453405214609661,0.1453405214609661
0.7333233775958355,0.9166666666666666,-0.18334328907083108,0.18334328907083108
0.3322482939632105,0.9166666666666666,-0.5844183727034562,0.5844183727034562
0.4062549460293829,0.9166666666666666,-0.5104117206372838,0.5104117206372838
0.3649043656974847,0.9166666666666666,-0.5517623009691819,0.5517623009691819
0.4950587775158489,0.9166666666666666,-0.4216078891508177,0.4216078891508177
0.7530910039174339,0.9166666666666666,-0.16357566274923274,0.16357566274923274
0.5950828682883496,0.9166666666666666,-0.3215837983783171,0.3215837983783171
0.5747979489963491,0.9166666666666666,-0.34186871767031757,0.34186871767031757
0.1047330767226874,0.9166666666666666,-0.8119335899439792,0.8119335899439792
0.5592824320954186,0.9166666666666666,-0.357384234571248,0.357384234571248
0.4632654520489824,0.9166666666666666,-0.45340121461768423,0.45340121461768423
0.7496304931127424,0.9166666666666666,-0.1670361735539242,0.1670361735539242
0.5633174517358029,0.9166666666666666,-0.3533492149308637,0.3533492149308637
0.3602760666772656,0.9166666666666666,-0.556390599989401,0.556390599989401
0.6658246650132922,0.9166666666666666,-0.25084200165337445,0.25084200165337445
0.4243713490577802,0.9166666666666666,-0.49229531760888645,0.49229531760888645
0.4198664546099319,0.9166666666666666,-0.49680021205673475,0.49680021205673475
0.6052217822979895,0.9166666666666666,-0.3114448843686771,0.3114448843686771
0.4953986447362168,0.9166666666666666,-0.4212680219304498,0.4212680219304498
0.6198068833094819,0.9166666666666666,-0.29685978335718477,0.29685978335718477
1.0649682679639256,0.9166666666666666,0.148301601297259,0.148301601297259
0.7696938879034653,0.9166666666666666,-0.14697277876320136,0.14697277876320136
0.3687334249789068,0.9166666666666666,-0.5479332416877598,0.5479332416877598
0.4313168954422955,0.9166666666666666,-0.4853497712243711,0.4853497712243711
0.3707166752248346,0.9166666666666666,-0.545949991441832,0.545949991441832
0.4788089757102604,0.9166666666666666,-0.43785769095640625,0.43785769095640625
0.8188652144271537,0.9166666666666666,-0.09780145223951298,0.09780145223951298
0.5842063659602571,0.9166666666666666,-0.33246030070640953,0.33246030070640953
0.4055485017270916,0.9166666666666666,-0.5111181649395751,0.5111181649395751
0.6957406402698985,0.9166666666666666,-0.22092602639676817,0.22092602639676817
0.5562316869210366,0.9166666666666666,-0.36043497974563,0.36043497974563
1.6268858066002263,0.7666666666666666,0.8602191399335597,0.8602191399335597
1.9919193221111424,0.7666666666666666,1.2252526554444758,1.2252526554444758
1.6750870924050658,0.7666666666666666,0.9084204257383992,0.9084204257383992
2.291177593433027,1.1666666666666667,1.1245109267663602,1.1245109267663602
4.746403988018382,1.1666666666666667,3.5797373213517147,3.5797373213517147
3.474743554785576,1.1666666666666667,2.308076888118909,2.308076888118909
1.5470171390615697,0.6,0.9470171390615697,0.9470171390615697
2.594196684748674,0.6,1.9941966847486738,1.9941966847486738
1.8697114647833253,0.6,1.2697114647833252,1.2697114647833252
2.3426553850030096,1.0666666666666669,1.2759887183363428,1.2759887183363428
3.0549264654046246,1.0666666666666669,1.9882597987379578,1.9882597987379578
2.5954365128642194,1.0666666666666669,1.5287698461975525,1.5287698461975525
1.5222384603844508,0.7333333333333334,0.7889051270511174,0.7889051270511174
1.723713168491681,0.7333333333333334,0.9903798351583477,0.9903798351583477
1.60003238244435,0.7333333333333334,0.8666990491110167,0.8666990491110167
2.591624259545572,1.3333333333333333,1.2582909262122388,1.2582909262122388
3.423349924580549,1.3333333333333333,2.090016591247216,2.090016591247216
2.6510166735556018,1.3333333333333333,1.3176833402222685,1.3176833402222685
1.2175480596073385,0.6,0.6175480596073385,0.6175480596073385
7.244065383360269,0.6,6.644065383360269,6.644065383360269
1.4355644271735015,0.6,0.8355644271735015,0.8355644271735015
1.6788303054282812,0.7000000000000001,0.9788303054282811,0.9788303054282811
4.580426866194772,0.7000000000000001,3.880426866194772,3.880426866194772
2.9826713553861293,0.7000000000000001,2.282671355386129,2.282671355386129
1.5321273000173696,0.6333333333333333,0.8987939666840363,0.8987939666840363
2.9489717758099068,0.6333333333333333,2.3156384424765735,2.3156384424765735
2.235407081928281,0.6333333333333333,1.6020737485949477,1.6020737485949477
2.169407944352197,1.1,1.0694079443521969,1.0694079443521969
2.686740331121587,1.1,1.5867403311215869,1.5867403311215869
2.404748318614775,1.1,1.304748318614775,1.304748318614775
1.658719821291578,1.2,0.45871982129157796,0.45871982129157796
2.314641460829224,1.2,1.114641460829224,1.114641460829224
1.9348144714872644,1.2,0.7348144714872644,0.7348144714872644
1.3718829183654722,0.6666666666666666,0.7052162516988055,0.7052162516988055
1.540156423059482,0.6666666666666666,0.8734897563928153,0.8734897563928153
1.4308611121074777,0.6666666666666666,0.764194445440811,0.764194445440811
3.0038294115831783,1.1333333333333333,1.870496078249845,1.870496078249845
4.280134298861751,1.1333333333333333,3.1468009655284175,3.1468009655284175
3.592580248493403,1.1333333333333333,2.4592469151600698,2.4592469151600698
1.2660956469166913,1.1333333333333333,0.132762313583358,0.132762313583358
2.6368413584111803,1.1333333333333333,1.503508025077847,1.503508025077847
1.4980452432828957,1.1333333333333333,0.3647119099495624,0.3647119099495624
0.8570862730857126,0.7666666666666666,0.090419606419046,0.090419606419046
0.879146894389113,0.7666666666666666,0.11248022772244637,0.11248022772244637
0.8655043603230825,0.7666666666666666,0.09883769365641593,0.09883769365641593
0.7107039593083359,1.1666666666666667,-0.4559627073583309,0.4559627073583309
1.3411688832335629,1.1666666666666667,0.17450221656689613,0.17450221656689613
0.9814360581560068,1.1666666666666667,-0.18523060851065998,0.18523060851065998
0.5175817230094645,0.6,-0.0824182769905355,0.0824182769905355
0.7056484947012804,0.6,0.10564849470128046,0.10564849470128046
0.5731757916040728,0.6,-0.02682420839592714,0.02682420839592714
0.826094714383351,1.0666666666666669,-0.24057195228331585,0.24057195228331585
1.200511704804833,1.0666666666666669,0.13384503813816617,0.13384503813816617
0.98602045418736,1.0666666666666669,-0.08064621247930692,0.08064621247930692
0.6401206168693183,0.7333333333333334,-0.09321271646401508,0.09321271646401508
0.8018694899438292,0.7333333333333334,0.06853615661049584,0.06853615661049584
0.6904468967705395,0.7333333333333334,-0.042886436562793895,0.042886436562793895
0.6700120852270204,1.3333333333333333,-0.6633212481063129,0.6633212481063129
0.653829971282899,1.3333333333333333,-0.6795033620504343,0.6795033620504343
0.6636769574159984,1.3333333333333333,-0.6696563759173348,0.6696563759173348
0.5422885207412549,0.6,-0.05771147925874509,0.05771147925874509
0.5422885207412549,0.6,-0.05771147925874509,0.05771147925874509
0.6821726355797036,0.7000000000000001,-0.01782736442029642,0.01782736442029642
1.2309422257456628,0.7000000000000001,0.5309422257456627,0.5309422257456627
0.9352419701157908,0.7000000000000001,0.23524197011579073,0.23524197011579073
0.4538514483659435,0.6333333333333333,-0.17948188496738982,0.17948188496738982
0.997989808692561,0.6333333333333333,0.36465647535922774,0.36465647535922774
0.5494183061851179,0.6333333333333333,-0.08391502714821542,0.08391502714821542
0.6433017110440628,1.1,-0.45669828895593734,0.45669828895593734
0.9823435270848496,1.1,-0.11765647291515047,0.11765647291515047
0.7961939204401095,1.1,-0.3038060795598906,0.3038060795598906
0.6286830497610721,1.2,-0.5713169502389278,0.5713169502389278
1.1321807165247717,1.2,-0.06781928347522825,0.06781928347522825
0.8632751628341233,1.2,-0.33672483716587664,0.33672483716587664
0.4787820909269001,0.6666666666666666,-0.18788457573976652,0.18788457573976652
0.7279249098775472,0.6666666666666666,0.06125824321088058,0.06125824321088058
0.5480873832187684,0.6666666666666666,-0.11857928344789825,0.11857928344789825
0.5714159022282193,1.1333333333333333,-0.561917431105114,0.561917431105114
1.1835686146592244,1.1333333333333333,0.05023528132589106,0.05023528132589106
0.8099944456086376,1.1333333333333333,-0.32333888772469566,0.32333888772469566
0.5251432400895707,1.1333333333333333,-0.6081900932437626,0.6081900932437626
0.7559563988183644,1.1333333333333333,-0.3773769345149689,0.3773769345149689
0.6778710254152407,1.1333333333333333,-0.4554623079180926,0.4554623079180926
0.579730411471064,0.7666666666666666,-0.18693625519560264,0.18693625519560264
0.774283389787513,0.7666666666666666,0.00761672312084638,0.00761672312084638
0.6391522952809118,0.7666666666666666,-0.12751437138575483,0.12751437138575483
0.4892093570559104,1.1666666666666667,-0.6774573096107563,0.6774573096107563
0.5561447310735069,1.1666666666666667,-0.6105219355931598,0.6105219355931598
0.5048175502104532,1.1666666666666667,-0.6618491164562136,0.6618491164562136
0.4770632662036267,0.6,-0.12293673379637327,0.12293673379637327
0.5641103408681047,0.6,-0.035889659131895235,0.035889659131895235
0.4869183122414556,0.6,-0.11308168775854438,0.11308168775854438
0.6650306538588546,1.0666666666666669,-0.40163601280781225,0.40163601280781225
0.7713261452057005,1.0666666666666669,-0.29534052146096634,0.29534052146096634
0.7333233775958355,1.0666666666666669,-0.33334328907083133,0.33334328907083133
0.3322482939632105,0.7333333333333334,-0.4010850393701229,0.4010850393701229
0.4062549460293829,0.7333333333333334,-0.3270783873039505,0.3270783873039505
0.3649043656974847,0.7333333333333334,-0.3684289676358487,0.3684289676358487
0.4950587775158489,1.3333333333333333,-0.8382745558174843,0.8382745558174843
0.7530910039174339,1.3333333333333333,-0.5802423294158994,0.5802423294158994
0.5950828682883496,1.3333333333333333,-0.7382504650449837,0.7382504650449837
0.5747979489963491,0.6,-0.025202051003650916,0.025202051003650916
0.1047330767226874,0.6,-0.4952669232773126,0.4952669232773126
0.5592824320954186,0.6,-0.040717567904581364,0.040717567904581364
0.4632654520489824,0.7000000000000001,-0.23673454795101767,0.23673454795101767
0.7496304931127424,0.7000000000000001,0.04963049311274237,0.04963049311274237
0.5633174517358029,0.7000000000000001,-0.13668254826419712,0.13668254826419712
0.3602760666772656,0.6333333333333333,-0.2730572666560677,0.2730572666560677
0.6658246650132922,0.6333333333333333,0.03249133167995888,0.03249133167995888
0.4243713490577802,0.6333333333333333,-0.20896198427555313,0.20896198427555313
0.4198664546099319,1.1,-0.6801335453900682,0.6801335453900682
0.6052217822979895,1.1,-0.4947782177020106,0.4947782177020106
0.4953986447362168,1.1,-0.6046013552637832,0.6046013552637832
0.6198068833094819,1.2,-0.5801931166905181,0.5801931166905181
1.0649682679639256,1.2,-0.13503173203607433,0.13503173203607433
0.7696938879034653,1.2,-0.4303061120965347,0.4303061120965347
0.3687334249789068,0.6666666666666666,-0.2979332416877598,0.2979332416877598
0.4313168954422955,0.6666666666666666,-0.23534977122437112,0.23534977122437112
0.3707166752248346,0.6666666666666666,-0.29594999144183204,0.29594999144183204
0.4788089757102604,1.1333333333333333,-0.6545243576230729,0.6545243576230729
0.8188652144271537,1.1333333333333333,-0.31446811890617965,0.31446811890617965
0.5842063659602571,1.1333333333333333,-0.5491269673730762,0.5491269673730762
0.4055485017270916,1.1333333333333333,-0.7277848316062416,0.7277848316062416
0.6957406402698985,1.1333333333333333,-0.43759269306343485,0.43759269306343485
0.5562316869210366,1.1333333333333333,-0.5771016464122967,0.5771016464122967
1.6268858066002263,1.0,0.6268858066002263,0.6268858066002263
1.9919193221111424,1.0,0.9919193221111424,0.9919193221111424
1.6750870924050658,1.0,0.6750870924050658,0.6750870924050658
2.291177593433027,2.3,-0.008822406566972862,0.008822406566972862
4.746403988018382,2.3,2.446403988018382,2.446403988018382
3.474743554785576,2.3,1.174743554785576,1.174743554785576
1.5470171390615697,1.0,0.5470171390615697,0.5470171390615697
2.594196684748674,1.0,1.594196684748674,1.594196684748674
1.8697114647833253,1.0,0.8697114647833253,0.8697114647833253
2.3426553850030096,1.7,0.6426553850030097,0.6426553850030097
3.0549264654046246,1.7,1.3549264654046247,1.3549264654046247
2.5954365128642194,1.7,0.8954365128642194,0.8954365128642194
1.5222384603844508,1.3,0.22223846038445072,0.22223846038445072
1.723713168491681,1.3,0.42371316849168106,0.42371316849168106
1.60003238244435,1.3,0.30003238244435004,0.30003238244435004
2.591624259545572,3.0,-0.4083757404544279,0.4083757404544279
3.423349924580549,3.0,0.423349924580549,0.423349924580549
2.6510166735556018,3.0,-0.3489833264443982,0.3489833264443982
1.2175480596073385,1.0,0.21754805960733847,0.21754805960733847
7.244065383360269,1.0,6.244065383360269,6.244065383360269
1.4355644271735015,1.0,0.4355644271735015,0.4355644271735015
1.6788303054282812,1.1,0.5788303054282811,0.5788303054282811
4.580426866194772,1.1,3.480426866194772,3.480426866194772
2.9826713553861293,1.1,1.8826713553861292,1.8826713553861292
1.5321273000173696,1.3,0.2321273000173696,0.2321273000173696
2.9489717758099068,1.3,1.6489717758099067,1.6489717758099067
2.235407081928281,1.3,0.9354070819282809,0.9354070819282809
2.169407944352197,2.1,0.06940794435219688,0.06940794435219688
2.686740331121587,2.1,0.5867403311215869,0.5867403311215869
2.404748318614775,2.1,0.304748318614775,0.304748318614775
1.658719821291578,2.5,-0.8412801787084221,0.8412801787084221
2.314641460829224,2.5,-0.18535853917077594,0.18535853917077594
1.9348144714872644,2.5,-0.5651855285127356,0.5651855285127356
1.3718829183654722,1.2,0.1718829183654722,0.1718829183654722
1.540156423059482,1.2,0.340156423059482,0.340156423059482
1.4308611121074777,1.2,0.23086111210747773,0.23086111210747773
3.0038294115831783,2.1,0.9038294115831782,0.9038294115831782
4.280134298861751,2.1,2.1801342988617507,2.1801342988617507
3.592580248493403,2.1,1.492580248493403,1.492580248493403
1.2660956469166913,2.1,-0.8339043530833088,0.8339043530833088
2.6368413584111803,2.1,0.5368413584111802,0.5368413584111802
1.4980452432828957,2.1,-0.6019547567171044,0.6019547567171044
0.8570862730857126,1.0,-0.1429137269142874,0.1429137269142874
0.879146894389113,1.0,-0.12085310561088702,0.12085310561088702
0.8655043603230825,1.0,-0.13449563967691747,0.13449563967691747
0.7107039593083359,2.3,-1.5892960406916639,1.5892960406916639
1.3411688832335629,2.3,-0.958831116766437,0.958831116766437
0.9814360581560068,2.3,-1.3185639418439932,1.3185639418439932
0.5175817230094645,1.0,-0.4824182769905355,0.4824182769905355
0.7056484947012804,1.0,-0.29435150529871956,0.29435150529871956
0.5731757916040728,1.0,-0.42682420839592716,0.42682420839592716
0.826094714383351,1.7,-0.8739052856166489,0.8739052856166489
1.200511704804833,1.7,-0.4994882951951669,0.4994882951951669
0.98602045418736,1.7,-0.71397954581264,0.71397954581264
0.6401206168693183,1.3,-0.6598793831306817,0.6598793831306817
0.8018694899438292,1.3,-0.4981305100561708,0.4981305100561708
0.6904468967705395,1.3,-0.6095531032294605,0.6095531032294605
0.6700120852270204,3.0,-2.3299879147729796,2.3299879147729796
0.653829971282899,3.0,-2.346170028717101,2.346170028717101
0.6636769574159984,3.0,-2.3363230425840014,2.3363230425840014
0.5422885207412549,1.0,-0.4577114792587451,0.4577114792587451
0.5422885207412549,1.0,-0.4577114792587451,0.4577114792587451
0.6821726355797036,1.1,-0.41782736442029644,0.41782736442029644
1.2309422257456628,1.1,0.13094222574566272,0.13094222574566272
0.9352419701157908,1.1,-0.1647580298842093,0.1647580298842093
0.4538514483659435,1.3,-0.8461485516340566,0.8461485516340566
0.997989808692561,1.3,-0.302010191307439,0.302010191307439
0.5494183061851179,1.3,-0.7505816938148822,0.7505816938148822
0.6433017110440628,2.1,-1.4566982889559372,1.4566982889559372
0.9823435270848496,2.1,-1.1176564729151504,1.1176564729151504
0.7961939204401095,2.1,-1.3038060795598905,1.3038060795598905
0.6286830497610721,2.5,-1.8713169502389277,1.8713169502389277
1.1321807165247717,2.5,-1.3678192834752283,1.3678192834752283
0.8632751628341233,2.5,-1.6367248371658767,1.6367248371658767
0.4787820909269001,1.2,-0.7212179090730999,0.7212179090730999
0.7279249098775472,1.2,-0.47207509012245275,0.47207509012245275
0.5480873832187684,1.2,-0.6519126167812316,0.6519126167812316
0.5714159022282193,2.1,-1.5285840977717808,1.5285840977717808
1.1835686146592244,2.1,-0.9164313853407757,0.9164313853407757
0.8099944456086376,2.1,-1.2900055543913624,1.2900055543913624
0.5251432400895707,2.1,-1.5748567599104293,1.5748567599104293
0.7559563988183644,2.1,-1.3440436011816357,1.3440436011816357
0.6778710254152407,2.1,-1.4221289745847594,1.4221289745847594
0.579730411471064,1.0,-0.42026958852893603,0.42026958852893603
0.774283389787513,1.0,-0.225716610212487,0.225716610212487
0.6391522952809118,1.0,-0.3608477047190882,0.3608477047190882
0.4892093570559104,2.3,-1.8107906429440894,1.8107906429440894
0.5561447310735069,2.3,-1.743855268926493,1.743855268926493
0.5048175502104532,2.3,-1.7951824497895466,1.7951824497895466
0.4770632662036267,1.0,-0.5229367337963733,0.5229367337963733
0.5641103408681047,1.0,-0.43588965913189526,0.43588965913189526
0.4869183122414556,1.0,-0.5130816877585445,0.5130816877585445
0.6650306538588546,1.7,-1.0349693461411453,1.0349693461411453
0.7713261452057005,1.7,-0.9286738547942994,0.9286738547942994
0.7333233775958355,1.7,-0.9666766224041644,0.9666766224041644
0.3322482939632105,1.3,-0.9677517060367895,0.9677517060367895
0.4062549460293829,1.3,-0.8937450539706171,0.8937450539706171
0.3649043656974847,1.3,-0.9350956343025154,0.9350956343025154
0.4950587775158489,3.0,-2.504941222484151,2.504941222484151
0.7530910039174339,3.0,-2.246908996082566,2.246908996082566
0.5950828682883496,3.0,-2.4049171317116507,2.4049171317116507
0.5747979489963491,1.0,-0.42520205100365094,0.42520205100365094
0.1047330767226874,1.0,-0.8952669232773126,0.8952669232773126
0.5592824320954186,1.0,-0.4407175679045814,0.4407175679045814
0.4632654520489824,1.1,-0.6367345479510177,0.6367345479510177
0.7496304931127424,1.1,-0.35036950688725765,0.35036950688725765
0.5633174517358029,1.1,-0.5366825482641971,0.5366825482641971
0.3602760666772656,1.3,-0.9397239333227345,0.9397239333227345
0.6658246650132922,1.3,-0.6341753349867079,0.6341753349867079
0.4243713490577802,1.3,-0.8756286509422199,0.8756286509422199
0.4198664546099319,2.1,-1.6801335453900683,1.6801335453900683
0.6052217822979895,2.1,-1.4947782177020106,1.4947782177020106
0.4953986447362168,2.1,-1.6046013552637832,1.6046013552637832
0.6198068833094819,2.5,-1.8801931166905181,1.8801931166905181
1.0649682679639256,2.5,-1.4350317320360744,1.4350317320360744
0.7696938879034653,2.5,-1.7303061120965348,1.7303061120965348
0.3687334249789068,1.2,-0.8312665750210931,0.8312665750210931
0.4313168954422955,1.2,-0.7686831045577045,0.7686831045577045
0.3707166752248346,1.2,-0.8292833247751654,0.8292833247751654
0.4788089757102604,2.1,-1.6211910242897396,1.6211910242897396
0.8188652144271537,2.1,-1.2811347855728465,1.2811347855728465
0.5842063659602571,2.1,-1.5157936340397429,1.5157936340397429
0.4055485017270916,2.1,-1.6944514982729084,1.6944514982729084
0.6957406402698985,2.1,-1.4042593597301016,1.4042593597301016
0.5562316869210366,2.1,-1.5437683130789635,1.5437683130789635
1.0,1.7834307400004934,-0.7834307400004934,0.7834307400004934
2.3,2.2866865944339008,0.013313405566099057,0.013313405566099057
1.0,0.0,1.0,1.0
1.7,1.066064478475721,0.633935521524279,0.633935521524279
1.3,0.0811664766005706,1.2188335233994294,1.2188335233994294
3.0,0.0,3.0,3.0
1.0,1.5859673395955964,-0.5859673395955964,0.5859673395955964
1.1,0.2038718491445159,0.8961281508554841,0.8961281508554841
1.3,0.2708874556914589,1.0291125443085412,1.0291125443085412
2.1,0.1867317289002568,1.9132682710997433,1.9132682710997433
2.5,2.459088681726106,0.040911318273893826,0.040911318273893826
1.2,0.0,1.2,1.2
2.1,2.710560415248729,-0.6105604152487287,0.6105604152487287
2.1,0.3152200467617141,1.784779953238286,1.784779953238286
0.7,0.1539731734110236,0.5460268265889764,0.5460268265889764
0.7,0.6572290278444316,0.042770972155568354,0.042770972155568354
0.4,0.0,0.4,0.4
0.7,0.0,0.7,0.7
0.4,0.0,0.4,0.4
0.5,0.0,0.5,0.5
0.4,0.0,0.4,0.4
0.6,0.0,0.6,0.6
0.3,0.0,0.3,0.3
0.6,0.0,0.6,0.6
0.6,0.8296311151366369,-0.22963111513663692,0.22963111513663692
0.4,0.0,0.4,0.4
0.7,1.081102848659259,-0.38110284865925914,0.38110284865925914
0.7,0.0,0.7,0.7
0.6,0.0,0.6,0.6
0.5,0.3907610201791974,0.1092389798208026,0.1092389798208026
0.4,0.0,0.4,0.4
0.8,0.0,0.8,0.8
0.5,0.0,0.5,0.5
0.5,0.0,0.5,0.5
0.4,0.0,0.4,0.4
0.4,0.0,0.4,0.4
0.3,0.0,0.3,0.3
0.6,0.0,0.6,0.6
0.5,0.5631631074714027,-0.06316310747140275,0.06316310747140275
0.4,0.0,0.4,0.4
0.6,0.8146348409940256,-0.21463484099402563,0.21463484099402563
0.6,0.0,0.6,0.6
1.0,1.1270731607013666,-0.12707316070136665,0.12707316070136665
2.3,2.7435123940110326,-0.4435123940110328,0.4435123940110328
1.0,0.545658794710264,0.454341205289736,0.454341205289736
1.7,1.6748835628141934,0.025116437185806584,0.025116437185806584
1.3,1.693197855819277,-0.393197855819277,0.393197855819277
3.0,0.8716200734710093,2.1283799265289907,2.1283799265289907
1.0,2.3022555652709293,-1.3022555652709293,1.3022555652709293
1.1,1.722311016753342,-0.6223110167533419,0.6223110167533419
1.3,0.903348945982252,0.39665105401774803,0.39665105401774803
2.1,1.179784855530298,0.920215144469702,0.920215144469702
2.5,2.898380143267461,-0.39838014326746096,0.39838014326746096
1.2,0.7664028232572189,0.4335971767427811,0.4335971767427811
2.1,2.906705298981637,-0.8067052989816368,0.8067052989816368
2.1,1.1856515889673411,0.914348411032659,0.914348411032659
0.7,0.0,0.7,0.7
0.7,1.1120358735649962,-0.41203587356499627,0.41203587356499627
0.4,0.0,0.4,0.4
0.7,0.0434070423681571,0.6565929576318429,0.6565929576318429
0.4,0.0617213353732406,0.33827866462675943,0.33827866462675943
0.5,0.0,0.5,0.5
0.4,0.6707790448248929,-0.2707790448248929,0.2707790448248929
0.6,0.0908344963073057,0.5091655036926943,0.5091655036926943
0.3,0.0,0.3,0.3
0.6,0.0,0.6,0.6
0.6,1.2669036228214248,-0.6669036228214248,0.6669036228214248
0.4,0.0,0.4,0.4
0.7,1.275228778535601,-0.575228778535601,0.575228778535601
0.7,0.0,0.7,0.7
0.6,0.0,0.6,0.6
0.5,0.8576047611023467,-0.35760476110234674,0.35760476110234674
0.4,0.0,0.4,0.4
0.8,0.0,0.8,0.8
0.5,0.0,0.5,0.5
0.5,0.0,0.5,0.5
0.4,0.4163479323622434,-0.016347932362243356,0.016347932362243356
0.4,0.0,0.4,0.4
0.3,0.0,0.3,0.3
0.6,0.0,0.6,0.6
0.5,1.0124725103587753,-0.5124725103587753,0.5124725103587753
0.4,0.0,0.4,0.4
0.6,1.020797666072951,-0.420797666072951,0.420797666072951
0.6,0.0,0.6,0.6
1.0,1.78235060117767,-0.78235060117767,0.78235060117767
2.3,2.702102442461133,-0.40210244246113325,0.40210244246113325
1.0,2.366624951534635,-1.366624951534635,1.366624951534635
1.7,2.1404856859495323,-0.4404856859495323,0.4404856859495323
1.3,2.552691970709461,-1.252691970709461,1.252691970709461
3.0,2.5509357030538173,0.44906429694618266,0.44906429694618266
1.0,2.3723875889927606,-1.3723875889927606,1.3723875889927606
1.1,2.540382287769078,-1.440382287769078,1.440382287769078
1.3,1.922788724514623,-0.6227887245146229,0.6227887245146229
2.1,2.3430909415222785,-0.2430909415222784,0.2430909415222784
2.5,2.8050788961109765,-0.3050788961109765,0.3050788961109765
1.2,1.9555182406975824,-0.7555182406975824,0.7555182406975824
2.1,2.62165755856922,-0.52165755856922,0.52165755856922
2.1,1.9040907848143829,0.1959092151856172,0.1959092151856172
0.7,0.1180294691248469,0.581970530875153,0.581970530875153
0.7,1.03778131040831,-0.33778131040831005,0.33778131040831005
0.4,0.702303819481812,-0.30230381948181195,0.30230381948181195
0.7,0.4761645538967092,0.22383544610329076,0.22383544610329076
0.4,0.8883708386566386,-0.48837083865663855,0.48837083865663855
0.5,0.8866145710009943,-0.3866145710009943,0.3866145710009943
0.4,0.7080664569399374,-0.3080664569399374,0.3080664569399374
0.6,0.8760611557162552,-0.2760611557162552,0.2760611557162552
0.3,0.2584675924617998,0.0415324075382002,0.0415324075382002
0.6,0.6787698094694554,-0.07876980946945544,0.07876980946945544
0.6,1.1407577640581537,-0.5407577640581537,0.5407577640581537
0.4,0.2911971086447595,0.10880289135524052,0.10880289135524052
0.7,0.957336426516397,-0.2573364265163971,0.2573364265163971
0.7,0.23976965276156,0.4602303472384399,0.4602303472384399
0.6,0.0,0.6,0.6
0.5,0.8061768682064332,-0.3061768682064332,0.3061768682064332
0.4,0.4706993772799352,-0.0706993772799352,0.0706993772799352
0.8,0.2445601116948323,0.5554398883051678,0.5554398883051678
0.5,0.656766396454762,-0.15676639645476198,0.15676639645476198
0.5,0.6550101287991175,-0.15501012879911746,0.15501012879911746
0.4,0.4764620147380605,-0.07646201473806047,0.07646201473806047
0.4,0.6444567135143783,-0.24445671351437825,0.24445671351437825
0.3,0.026863150259923,0.273136849740077,0.273136849740077
0.6,0.4471653672675787,0.15283463273242126,0.15283463273242126
0.5,0.9091533218562766,-0.4091533218562766,0.4091533218562766
0.4,0.0595926664428829,0.3404073335571171,0.3404073335571171
0.6,0.7257319843145202,-0.12573198431452026,0.12573198431452026
0.6,0.0081652105596832,0.5918347894403168,0.5918347894403168
1.0,1.6823700176044811,-0.6823700176044811,0.6823700176044811
2.3,2.6115215365397506,-0.3115215365397508,0.3115215365397508
1.0,2.18420344130184,-1.18420344130184,1.18420344130184
1.7,2.0230585219900417,-0.3230585219900417,0.3230585219900417
1.3,2.381692013090194,-1.081692013090194,1.081692013090194
3.0,2.4000112514272818,0.5999887485727182,0.5999887485727182
1.0,2.3122730518040027,-1.3122730518040027,1.3122730518040027
1.1,2.3739230557941084,-1.2739230557941084,1.2739230557941084
1.3,1.7949949365552225,-0.4949949365552224,0.4949949365552224
2.1,2.1568055651423133,-0.056805565142313164,0.056805565142313164
2.5,2.695713656172792,-0.19571365617279213,0.19571365617279213
1.2,1.8053879395883985,-0.6053879395883985,0.6053879395883985
2.1,2.561448424968618,-0.46144842496861793,0.46144842496861793
2.1,1.775978189486584,0.32402181051341605,0.32402181051341605
0.7,0.0484519369108771,0.6515480630891228,0.6515480630891228
0.7,0.9776034558461466,-0.27760345584614665,0.27760345584614665
0.4,0.5502853606082357,-0.15028536060823572,0.15028536060823572
0.7,0.3891404412964374,0.3108595587035626,0.3108595587035626
0.4,0.74777393239659,-0.34777393239658994,0.34777393239658994
0.5,0.7660931707336776,-0.26609317073367755,0.26609317073367755
0.4,0.6783549711103987,-0.27835497111039864,0.27835497111039864
0.6,0.7400049751005041,-0.14000497510050414,0.14000497510050414
0.3,0.1610768558616184,0.13892314413838158,0.13892314413838158
0.6,0.5228874844487092,0.07711251555129073,0.07711251555129073
0.6,1.061795575479188,-0.4617955754791879,0.4617955754791879
0.4,0.171469858894794,0.22853014110520603,0.22853014110520603
0.7,0.927530344275014,-0.22753034427501406,0.22753034427501406
0.7,0.1420601087929798,0.5579398912070201,0.5579398912070201
0.6,0.0,0.6,0.6
0.5,0.753333431015909,-0.253333431015909,0.253333431015909
0.4,0.3260153357779981,0.0739846642220019,0.0739846642220019
0.8,0.1648704164661998,0.6351295835338002,0.6351295835338002
0.5,0.5235039075663523,-0.023503907566352344,0.023503907566352344
0.5,0.54182314590344,-0.04182314590344005,0.04182314590344005
0.4,0.454084946280161,-0.05408494628016097,0.05408494628016097
0.4,0.5157349502702666,-0.11573495027026659,0.11573495027026659
0.3,0.0,0.3,0.3
0.6,0.2986174596184716,0.3013825403815284,0.3013825403815284
0.5,0.8375255506489505,-0.3375255506489505,0.3375255506489505
0.4,0.0,0.4,0.4
0.6,0.7032603194447765,-0.10326031944477654,0.10326031944477654
0.6,0.0,0.6,0.6
1.0,1.9057142880997795,-0.9057142880997795,0.9057142880997795
2.3,3.123955937335521,-0.823955937335521,0.823955937335521
1.0,1.893200457526218,-0.893200457526218,0.893200457526218
1.7,2.2688693530599617,-0.5688693530599618,0.5688693530599618
1.3,2.073330026934044,-0.7733300269340437,0.7733300269340437
3.0,2.670338397269306,0.329661602730694,0.329661602730694
1.0,2.184087342915086,-1.184087342915086,1.184087342915086
1.1,2.782806894897433,-1.6828068948974328,1.6828068948974328
1.3,1.981490170963247,-0.681490170963247,0.681490170963247
2.1,2.2475142299760726,-0.14751422997607255,0.14751422997607255
2.5,2.372124445583939,0.12787555441606102,0.12787555441606102
1.2,1.8590891684950133,-0.6590891684950133,0.6590891684950133
2.1,2.9252312218082954,-0.8252312218082953,0.8252312218082953
2.1,1.9375075739445344,0.16249242605546566,0.16249242605546566
0.7,0.7442726195699387,-0.044272619569938776,0.044272619569938776
0.7,0.8237243024703923,-0.12372430247039234,0.12372430247039234
0.4,0.633080393136917,-0.23308039313691697,0.23308039313691697
0.7,0.745879992830525,-0.04587999283052502,0.04587999283052502
0.4,0.7292603395395978,-0.32926033953959777,0.32926033953959777
0.5,0.6975305802019175,-0.1975305802019175,0.1975305802019175
0.4,0.7231808880863819,-0.3231808880863819,0.3231808880863819
0.6,0.7056247029445042,-0.10562470294450421,0.10562470294450421
0.3,0.6505957746512027,-0.3505957746512027,0.3505957746512027
0.6,0.7297755744053002,-0.1297755744053002,0.1297755744053002
0.6,0.8354399446679786,-0.23543994466797857,0.23543994466797857
0.4,0.6372166193542964,-0.2372166193542964,0.2372166193542964
0.7,0.8185558755138915,-0.11855587551389157,0.11855587551389157
0.7,0.6422944123716638,0.05770558762833611,0.05770558762833611
0.6,0.6353978427371023,-0.035397842737102336,0.035397842737102336
0.5,0.6412562619314157,-0.14125626193141572,0.14125626193141572
0.4,0.5250211241582557,-0.12502112415825573,0.12502112415825573
0.8,0.6550592071666813,0.14494079283331873,0.14494079283331873
0.5,0.570191863311064,-0.07019186331106397,0.07019186331106397
0.5,0.5861332474706967,-0.08613324747069673,0.08613324747069673
0.4,0.5598575407614953,-0.15985754076149528,0.15985754076149528
0.4,0.599015504016446,-0.19901550401644597,0.19901550401644597
0.3,0.5380238064049023,-0.23802380640490234,0.23802380640490234
0.6,0.6056814231293238,-0.005681423129323848,0.005681423129323848
0.5,0.6915409520042932,-0.19154095200429322,0.19154095200429322
0.4,0.5243267013113058,-0.12432670131130574,0.12432670131130574
0.6,0.6613644867740301,-0.06136448677403017,0.06136448677403017
0.6,0.5420551708947785,0.057944829105221474,0.057944829105221474
1.0,1.850329041481018,-0.8503290414810181,0.8503290414810181
2.3,2.9699740409851074,-0.6699740409851076,0.6699740409851076
1.0,1.6746430397033691,-0.6746430397033691,0.6746430397033691
1.7,2.084843635559082,-0.3848436355590821,0.3848436355590821
1.3,1.9269319772720337,-0.6269319772720336,0.6269319772720336
3.0,2.621617555618286,0.37838244438171387,0.37838244438171387
1.0,1.900946855545044,-0.900946855545044,0.900946855545044
1.1,2.5716960430145264,-1.4716960430145263,1.4716960430145263
1.3,1.818560242652893,-0.518560242652893,0.518560242652893
2.1,1.9263243675231927,0.1736756324768074,0.1736756324768074
2.5,2.1066341400146484,0.39336585998535156,0.39336585998535156
1.2,1.6508440971374512,-0.4508440971374512,0.4508440971374512
2.1,3.0219454765319824,-0.9219454765319823,0.9219454765319823
2.1,1.875000238418579,0.224999761581421,0.224999761581421
0.7,0.7525262236595154,-0.052526223659515425,0.052526223659515425
0.7,0.951177179813385,-0.25117717981338505,0.25117717981338505
0.4,0.5635277032852173,-0.16352770328521726,0.16352770328521726
0.7,0.8054382801055908,-0.10543828010559086,0.10543828010559086
0.4,0.7573519945144653,-0.3573519945144653,0.3573519945144653
0.5,0.6661128401756287,-0.16611284017562866,0.16611284017562866
0.4,0.7650660276412964,-0.36506602764129636,0.36506602764129636
0.6,0.6968963146209717,-0.0968963146209717,0.0968963146209717
0.3,0.6523851156234741,-0.35238511562347413,0.35238511562347413
0.6,0.6870968341827393,-0.08709683418273928,0.08709683418273928
0.6,0.9981674551963806,-0.39816745519638064,0.39816745519638064
0.4,0.574033260345459,-0.17403326034545896,0.17403326034545896
0.7,0.9080683588981628,-0.2080683588981629,0.2080683588981629
0.7,0.7509394288063049,-0.050939428806304976,0.050939428806304976
0.6,0.5746527314186096,0.02534726858139036,0.02534726858139036
0.5,0.583185076713562,-0.08318507671356201,0.08318507671356201
0.4,0.4077178239822387,-0.007717823982238692,0.007717823982238692
0.8,0.6038158535957336,0.1961841464042664,0.1961841464042664
0.5,0.5030021071434021,-0.0030021071434020996,0.0030021071434020996
0.5,0.4547514021396637,0.045248597860336304,0.045248597860336304
0.4,0.4142412841320038,-0.014241284132003762,0.014241284132003762
0.4,0.4530847668647766,-0.05308476686477659,0.05308476686477659
0.3,0.4654180705547333,-0.1654180705547333,0.1654180705547333
0.6,0.4910248816013336,0.10897511839866636,0.10897511839866636
0.5,0.726524829864502,-0.22652482986450195,0.22652482986450195
0.4,0.3797973692417145,0.020202630758285545,0.020202630758285545
0.6,0.5604584217071533,0.03954157829284666,0.03954157829284666
0.6,0.5450762510299683,0.054923748970031716,0.054923748970031716
1.0,1.265028573028058,-0.26502857302805793,0.26502857302805793
2.3,1.265028573028058,1.0349714269719419,1.0349714269719419
1.0,1.265028573028058,-0.26502857302805793,0.26502857302805793
1.7,1.265028573028058,0.434971426971942,0.434971426971942
1.3,1.265028573028058,0.03497142697194211,0.03497142697194211
3.0,1.265028573028058,1.734971426971942,1.734971426971942
1.0,1.265028573028058,-0.26502857302805793,0.26502857302805793
1.1,1.265028573028058,-0.16502857302805785,0.16502857302805785
1.3,1.265028573028058,0.03497142697194211,0.03497142697194211
2.1,1.265028573028058,0.8349714269719422,0.8349714269719422
2.5,1.265028573028058,1.234971426971942,1.234971426971942
1.2,1.265028573028058,-0.06502857302805798,0.06502857302805798
2.1,1.265028573028058,0.8349714269719422,0.8349714269719422
2.1,1.265028573028058,0.8349714269719422,0.8349714269719422
0.7,1.265028573028058,-0.565028573028058,0.565028573028058
0.7,1.265028573028058,-0.565028573028058,0.565028573028058
0.4,1.265028573028058,-0.8650285730280579,0.8650285730280579
0.7,1.265028573028058,-0.565028573028058,0.565028573028058
0.4,1.265028573028058,-0.8650285730280579,0.8650285730280579
0.5,1.265028573028058,-0.7650285730280579,0.7650285730280579
0.4,1.265028573028058,-0.8650285730280579,0.8650285730280579
0.6,1.265028573028058,-0.665028573028058,0.665028573028058
0.3,1.265028573028058,-0.9650285730280579,0.9650285730280579
0.6,1.265028573028058,-0.665028573028058,0.665028573028058
0.6,1.265028573028058,-0.665028573028058,0.665028573028058
0.4,1.265028573028058,-0.8650285730280579,0.8650285730280579
0.7,1.265028573028058,-0.565028573028058,0.565028573028058
0.7,1.265028573028058,-0.565028573028058,0.565028573028058
0.6,1.265028573028058,-0.665028573028058,0.665028573028058
0.5,1.265028573028058,-0.7650285730280579,0.7650285730280579
0.4,1.265028573028058,-0.8650285730280579,0.8650285730280579
0.8,1.265028573028058,-0.4650285730280579,0.4650285730280579
0.5,1.265028573028058,-0.7650285730280579,0.7650285730280579
0.5,1.265028573028058,-0.7650285730280579,0.7650285730280579
0.4,1.265028573028058,-0.8650285730280579,0.8650285730280579
0.4,1.265028573028058,-0.8650285730280579,0.8650285730280579
0.3,1.265028573028058,-0.9650285730280579,0.9650285730280579
0.6,1.265028573028058,-0.665028573028058,0.665028573028058
0.5,1.265028573028058,-0.7650285730280579,0.7650285730280579
0.4,1.265028573028058,-0.8650285730280579,0.8650285730280579
0.6,1.265028573028058,-0.665028573028058,0.665028573028058
0.6,1.265028573028058,-0.665028573028058,0.665028573028058
1.0,1.0987550939393147,-0.0987550939393147,0.0987550939393147
2.3,1.6773117416971957,0.6226882583028042,0.6226882583028042
1.0,1.0372692463579527,-0.0372692463579527,0.0372692463579527
1.7,1.4639250459230877,0.23607495407691226,0.23607495407691226
1.3,0.8979809578438053,0.4020190421561948,0.4020190421561948
3.0,1.3885269468143635,1.6114730531856365,1.6114730531856365
1.0,1.5275710461797591,-0.5275710461797591,0.5275710461797591
1.1,1.5407220839275408,-0.44072208392754075,0.44072208392754075
1.3,1.1298042001941686,0.17019579980583144,0.17019579980583144
2.1,1.2448025149224131,0.855197485077587,0.855197485077587
2.5,1.220753746878323,1.279246253121677,1.279246253121677
1.2,0.8076068703557427,0.3923931296442572,0.3923931296442572
2.1,1.7026003863924537,0.3973996136075464,0.3973996136075464
2.1,1.001941526872441,1.098058473127559,1.098058473127559
0.7,1.0987550939393147,-0.39875509393931474,0.39875509393931474
0.7,1.6773117416971957,-0.9773117416971957,0.9773117416971957
0.4,1.0372692463579527,-0.6372692463579527,0.6372692463579527
0.7,1.4639250459230877,-0.7639250459230877,0.7639250459230877
0.4,0.8979809578438053,-0.49798095784380525,0.49798095784380525
0.5,1.3885269468143635,-0.8885269468143635,0.8885269468143635
0.4,1.5275710461797591,-1.1275710461797592,1.1275710461797592
0.6,1.5407220839275408,-0.9407220839275409,0.9407220839275409
0.3,1.1298042001941686,-0.8298042001941686,0.8298042001941686
0.6,1.2448025149224131,-0.6448025149224131,0.6448025149224131
0.6,1.220753746878323,-0.620753746878323,0.620753746878323
0.4,0.8076068703557427,-0.4076068703557427,0.4076068703557427
0.7,1.7026003863924537,-1.0026003863924537,1.0026003863924537
0.7,1.001941526872441,-0.301941526872441,0.301941526872441
0.6,1.0987550939393147,-0.4987550939393147,0.4987550939393147
0.5,1.6773117416971957,-1.1773117416971957,1.1773117416971957
0.4,1.0372692463579527,-0.6372692463579527,0.6372692463579527
0.8,1.4639250459230877,-0.6639250459230877,0.6639250459230877
0.5,0.8979809578438053,-0.39798095784380527,0.39798095784380527
0.5,1.3885269468143635,-0.8885269468143635,0.8885269468143635
0.4,1.5275710461797591,-1.1275710461797592,1.1275710461797592
0.4,1.5407220839275408,-1.1407220839275407,1.1407220839275407
0.3,1.1298042001941686,-0.8298042001941686,0.8298042001941686
0.6,1.2448025149224131,-0.6448025149224131,0.6448025149224131
0.5,1.220753746878323,-0.7207537468783229,0.7207537468783229
0.4,0.8076068703557427,-0.4076068703557427,0.4076068703557427
0.6,1.7026003863924537,-1.1026003863924538,1.1026003863924538
0.6,1.001941526872441,-0.401941526872441,0.401941526872441
1.0,1.6268858066002263,-0.6268858066002263,0.6268858066002263
2.3,2.291177593433027,0.008822406566972862,0.008822406566972862
1.0,1.5470171390615697,-0.5470171390615697,0.5470171390615697
1.7,2.3426553850030096,-0.6426553850030097,0.6426553850030097
1.3,1.5222384603844508,-0.22223846038445072,0.22223846038445072
3.0,2.591624259545572,0.4083757404544279,0.4083757404544279
1.0,1.2175480596073385,-0.21754805960733847,0.21754805960733847
1.1,1.6788303054282812,-0.5788303054282811,0.5788303054282811
1.3,1.5321273000173696,-0.2321273000173696,0.2321273000173696
2.1,2.169407944352197,-0.06940794435219688,0.06940794435219688
2.5,1.658719821291578,0.8412801787084221,0.8412801787084221
1.2,1.3718829183654722,-0.1718829183654722,0.1718829183654722
2.1,3.0038294115831783,-0.9038294115831782,0.9038294115831782
2.1,1.2660956469166913,0.8339043530833088,0.8339043530833088
0.7,1.6268858066002263,-0.9268858066002263,0.9268858066002263
0.7,2.291177593433027,-1.591177593433027,1.591177593433027
0.4,1.5470171390615697,-1.1470171390615698,1.1470171390615698
0.7,2.3426553850030096,-1.6426553850030097,1.6426553850030097
0.4,1.5222384603844508,-1.1222384603844509,1.1222384603844509
0.5,2.591624259545572,-2.091624259545572,2.091624259545572
0.4,1.2175480596073385,-0.8175480596073385,0.8175480596073385
0.6,1.6788303054282812,-1.0788303054282813,1.0788303054282813
0.3,1.5321273000173696,-1.2321273000173696,1.2321273000173696
0.6,2.169407944352197,-1.5694079443521969,1.5694079443521969
0.6,1.658719821291578,-1.0587198212915778,1.0587198212915778
0.4,1.3718829183654722,-0.9718829183654721,0.9718829183654721
0.7,3.0038294115831783,-2.3038294115831786,2.3038294115831786
0.7,1.2660956469166913,-0.5660956469166913,0.5660956469166913
0.6,1.6268858066002263,-1.0268858066002262,1.0268858066002262
0.5,2.291177593433027,-1.791177593433027,1.791177593433027
0.4,1.5470171390615697,-1.1470171390615698,1.1470171390615698
0.8,2.3426553850030096,-1.5426553850030096,1.5426553850030096
0.5,1.5222384603844508,-1.0222384603844508,1.0222384603844508
0.5,2.591624259545572,-2.091624259545572,2.091624259545572
0.4,1.2175480596073385,-0.8175480596073385,0.8175480596073385
0.4,1.6788303054282812,-1.278830305428281,1.278830305428281
0.3,1.5321273000173696,-1.2321273000173696,1.2321273000173696
0.6,2.169407944352197,-1.5694079443521969,1.5694079443521969
0.5,1.658719821291578,-1.158719821291578,1.158719821291578
0.4,1.3718829183654722,-0.9718829183654721,0.9718829183654721
0.6,3.0038294115831783,-2.403829411583178,2.403829411583178
0.6,1.2660956469166913,-0.6660956469166913,0.6660956469166913
2.3426553850030096,2.175423654144211,0.1672317308587985,0.1672317308587985
1.5222384603844508,1.6835377993628189,-0.16129933897836812,0.16129933897836812
2.591624259545572,2.0023082144339543,0.5893160451116177,0.5893160451116177
3.423349924580549,2.610036913666473,0.8133130109140758,0.8133130109140758
1.2175480596073385,1.6648094187696114,-0.44726135916227294,0.44726135916227294
7.244065383360269,2.144514109919103,5.099551273441166,5.099551273441166
1.5321273000173696,1.9510744703170968,-0.41894717029972717,0.41894717029972717
2.404748318614775,2.2915653961661526,0.11318292244862249,0.11318292244862249
1.658719821291578,2.059658156007085,-0.4009383347155069,0.4009383347155069
2.314641460829224,2.4617543973437988,-0.1471129365145747,0.1471129365145747
1.0,1.9897347417231988,-0.9897347417231988,0.9897347417231988
2.1,2.015092517484305,0.08490748251569524,0.08490748251569524
2.1,2.0073085825708312,0.09269141742916887,0.09269141742916887
0.8570862730857126,0.5317517923756993,0.32533448071001336,0.32533448071001336
1.3411688832335629,1.5927349805048507,-0.25156609727128787,0.25156609727128787
0.98602045418736,0.8209116409224196,0.1651088132649403,0.1651088132649403
0.5422885207412549,0.2723067217011519,0.269981799040103,0.269981799040103
0.6821726355797036,0.9935034450841278,-0.31133080950442416,0.31133080950442416
0.9352419701157908,1.2561307325314095,-0.3208887624156187,0.3208887624156187
0.6433017110440628,0.6293376289725654,0.013964082071497352,0.013964082071497352
0.7,0.6949699139602172,0.005030086039782722,0.005030086039782722
0.4,0.4144790818981325,-0.014479081898132462,0.014479081898132462
0.6,0.6589528763061074,-0.05895287630610746,0.05895287630610746
0.3,0.3375980402205321,-0.03759804022053209,0.03759804022053209
0.4,0.2667370335895735,0.1332629664104265,0.1332629664104265
0.7,0.8102858504821961,-0.11028585048219619,0.11028585048219619
0.6650306538588546,0.5721165095444883,0.09291414431436629,0.09291414431436629
0.4632654520489824,0.8522410855153935,-0.38897563346641106,0.38897563346641106
0.7496304931127424,1.5661399141150691,-0.8165094210023267,0.8165094210023267
0.6658246650132922,0.8145570980668498,-0.14873243305355766,0.14873243305355766
0.6198068833094819,0.4563510114073625,0.16345587190211935,0.16345587190211935
0.4788089757102604,0.8893072542916449,-0.41049827858138455,0.41049827858138455
0.8188652144271537,1.2416029675899407,-0.42273775316278706,0.42273775316278706
0.4,0.517690516737373,-0.11769051673737296,0.11769051673737296
2.3426553850030096,2.1719188881717395,0.17073649683127012,0.17073649683127012
1.5222384603844508,1.6629515098435208,-0.14071304945907004,0.14071304945907004
2.591624259545572,1.9818383474191583,0.6097859121264138,0.6097859121264138
3.423349924580549,2.5861031805677426,0.8372467440128064,0.8372467440128064
1.2175480596073385,1.6447783136120664,-0.4272302540047279,0.4272302540047279
7.244065383360269,2.123400252920978,5.12066513043929,5.12066513043929
1.5321273000173696,1.9361862573608373,-0.40405895734346764,0.40405895734346764
2.404748318614775,2.2817321033181144,0.12301621529666074,0.12301621529666074
1.658719821291578,2.072046355512564,-0.4133265342209862,0.4133265342209862
2.314641460829224,2.4437791100390367,-0.12913764920981263,0.12913764920981263
1.0,1.9681128328304984,-0.9681128328304984,0.9681128328304984
2.1,2.006520415844644,0.09347958415535595,0.09347958415535595
2.1,1.993615401381998,0.10638459861800209,0.10638459861800209
0.8570862730857126,0.511294798571636,0.34579147451407666,0.34579147451407666
1.3411688832335629,1.5893489207912057,-0.24818003755764284,0.24818003755764284
0.98602045418736,0.8223754075275431,0.16364504665981683,0.16364504665981683
0.5422885207412549,0.2791459211295595,0.2631425996116954,0.2631425996116954
0.6821726355797036,1.0342840461065943,-0.35211141052689066,0.35211141052689066
0.9352419701157908,1.2550596684107316,-0.3198176982949408,0.3198176982949408
0.6433017110440628,0.6423987835003437,0.0009029275437190121,0.0009029275437190121
0.7,0.6997285425894261,0.0002714574105738832,0.0002714574105738832
0.4,0.4251331052150602,-0.02513310521506018,0.02513310521506018
0.6,0.6540050597913714,-0.05400505979137138,0.05400505979137138
0.3,0.3581872301458756,-0.058187230145875624,0.058187230145875624
0.4,0.2801192772575552,0.11988072274244482,0.11988072274244482
0.7,0.7967709978843475,-0.09677099788434751,0.09677099788434751
0.6650306538588546,0.5803768528271772,0.08465380103167741,0.08465380103167741
0.4632654520489824,0.8948341029860565,-0.4315686509370741,0.4315686509370741
0.7496304931127424,1.5766091298715066,-0.8269786367587642,0.8269786367587642
0.6658246650132922,0.8225270001871033,-0.15670233517381116,0.15670233517381116
0.6198068833094819,0.4805043201680021,0.13930256314147976,0.13930256314147976
0.4788089757102604,0.9032851985289052,-0.42447622281864483,0.42447622281864483
0.8188652144271537,1.2573787607372902,-0.4385135463101365,0.4385135463101365
0.4,0.5145551166708335,-0.11455511667083351,0.11455511667083351
2.3426553850030096,2.170971536899854,0.1716838481031555,0.1716838481031555
1.5222384603844508,1.6543793816036931,-0.13214092121924237,0.13214092121924237
2.591624259545572,1.974750687454502,0.6168735720910701,0.6168735720910701
3.423349924580549,2.566102503131647,0.8572474214489021,0.8572474214489021
1.2175480596073385,1.6292264141614048,-0.4116783545540663,0.4116783545540663
7.244065383360269,2.112759541897389,5.13130584146288,5.13130584146288
1.5321273000173696,1.9284464144324176,-0.39631911441504797,0.39631911441504797
2.404748318614775,2.286757074078541,0.11799124453623433,0.11799124453623433
1.658719821291578,2.133885028147529,-0.4751652068559511,0.4751652068559511
2.314641460829224,2.529141199779474,-0.21449973895024987,0.21449973895024987
1.0,1.938766925276641,-0.9387669252766411,0.9387669252766411
2.1,2.004383963924244,0.0956160360757563,0.0956160360757563
2.1,1.949789232426008,0.1502107675739921,0.1502107675739921
0.8570862730857126,0.484126451234801,0.3729598218509116,0.3729598218509116
1.3411688832335629,1.5656426013385214,-0.22447371810495853,0.22447371810495853
0.98602045418736,0.8322530328175791,0.15376742136978083,0.15376742136978083
0.5422885207412549,0.2880771387778774,0.2542113819633775,0.2542113819633775
0.6821726355797036,1.0893534902993829,-0.40718085471967924,0.40718085471967924
0.9352419701157908,1.2994762557563675,-0.3642342856405767,0.3642342856405767
0.6433017110440628,0.6441220766300167,-0.0008203655859539971,0.0008203655859539971
0.7,0.6597760838288869,0.040223916171113094,0.040223916171113094
0.4,0.4412505494748284,-0.04125054947482837,0.04125054947482837
0.6,0.6675937407008197,-0.0675937407008197,0.0675937407008197
0.3,0.370909106153184,-0.07090910615318402,0.07090910615318402
0.4,0.3134754170794516,0.08652458292054843,0.08652458292054843
0.7,0.7193022768828158,-0.019302276882815828,0.019302276882815828
0.6650306538588546,0.5761170393466218,0.08891361451223279,0.08891361451223279
0.4632654520489824,0.95236699987176,-0.4891015478227776,0.4891015478227776
0.7496304931127424,1.6097330422490326,-0.8601025491362901,0.8601025491362901
0.6658246650132922,0.8171657816454179,-0.15134111663212568,0.15134111663212568
0.6198068833094819,0.5390305305942973,0.08077635271518457,0.08077635271518457
0.4788089757102604,0.8929838373778181,-0.4141748616675577,0.4141748616675577
0.8188652144271537,1.2793127322917368,-0.46044751786458316,0.46044751786458316
0.4,0.5306072502731964,-0.13060725027319642,0.13060725027319642
2.3426553850030096,2.176052544436016,0.16660284056699348,0.16660284056699348
1.5222384603844508,1.6643137280186986,-0.14207526763424783,0.14207526763424783
2.591624259545572,1.9844256616169555,0.6071985979286165,0.6071985979286165
3.423349924580549,2.5668663499731816,0.8564835746073673,0.8564835746073673
1.2175480596073385,1.6409707410006056,-0.4234226813932671,0.4234226813932671
7.244065383360269,2.1149346807762783,5.129130702583991,5.129130702583991
1.5321273000173696,1.936144124143447,-0.4040168241260773,0.4040168241260773
2.404748318614775,2.2858091947225674,0.11893912389220773,0.11893912389220773
1.658719821291578,2.11445255776527,-0.45573273647369206,0.45573273647369206
2.314641460829224,2.4988430033653577,-0.18420154253613363,0.18420154253613363
1.0,1.935676587209892,-0.935676587209892,0.935676587209892
2.1,1.9972630021161009,0.10273699788389923,0.10273699788389923
2.1,1.957820209073549,0.14217979092645106,0.14217979092645106
0.8570862730857126,0.4920959845182826,0.36499028856743,0.36499028856743
1.3411688832335629,1.5725090617749962,-0.2313401785414333,0.2313401785414333
0.98602045418736,0.8271364468262602,0.15888400736109975,0.15888400736109975
0.5422885207412549,0.2876410396555902,0.2546474810856647,0.2546474810856647
0.6821726355797036,1.0913221040792938,-0.4091494684995901,0.4091494684995901
0.9352419701157908,1.2936789591348352,-0.3584369890190444,0.3584369890190444
0.6433017110440628,0.648999676829693,-0.005697965785630199,0.005697965785630199
0.7,0.6751148425594045,0.024885157440595496,0.024885157440595496
0.4,0.4181830462586315,-0.018183046258631486,0.018183046258631486
0.6,0.6644378528629877,-0.06443785286298775,0.06443785286298775
0.3,0.3598034281738915,-0.059803428173891504,0.059803428173891504
0.4,0.2907259504549053,0.10927404954509473,0.10927404954509473
0.7,0.7425645826821037,-0.042564582682103724,0.042564582682103724
0.6650306538588546,0.5830130517144545,0.08201760214440013,0.08201760214440013
0.4632654520489824,0.9575115186102064,-0.49424606656122405,0.49424606656122405
0.7496304931127424,1.6083250052876854,-0.858694512174943,0.858694512174943
0.6658246650132922,0.8203376268049171,-0.15451296179162488,0.15451296179162488
0.6198068833094819,0.5214130650437083,0.09839381826577354,0.09839381826577354
0.4788089757102604,0.9055729453227304,-0.42676396961247,0.42676396961247
0.8188652144271537,1.281142552377135,-0.46227733794998127,0.46227733794998127
0.4,0.5306272673939006,-0.13062726739390063,0.13062726739390063
2.3426553850030096,2.626179383276784,-0.2835239982737745,0.2835239982737745
1.5222384603844508,1.723766538392871,-0.20152807800842032,0.20152807800842032
2.591624259545572,2.012776272480792,0.5788479870647802,0.5788479870647802
3.423349924580549,2.148242436397867,1.275107488182682,1.275107488182682
1.2175480596073385,1.7125353724477668,-0.4949873128404283,0.4949873128404283
7.244065383360269,1.9362291342048368,5.307836249155432,5.307836249155432
1.5321273000173696,2.390833679796539,-0.8587063797791692,0.8587063797791692
2.404748318614775,1.8270080738604848,0.5777402447542903,0.5777402447542903
1.658719821291578,2.4286062376040203,-0.7698864163124424,0.7698864163124424
2.314641460829224,2.630118534373845,-0.31547707354462107,0.31547707354462107
1.0,1.6658831281815736,-0.6658831281815736,0.6658831281815736
2.1,1.9485408214006448,0.15145917859935532,0.15145917859935532
2.1,1.7744718687933458,0.32552813120665425,0.32552813120665425
0.8570862730857126,0.6154505973745397,0.24163567571117295,0.24163567571117295
1.3411688832335629,0.8397916316867665,0.5013772515467964,0.5013772515467964
0.98602045418736,0.642609081059803,0.343411373127557,0.343411373127557
0.5422885207412549,0.6122275642341151,-0.06993904349286018,0.06993904349286018
0.6821726355797036,0.7904619052817945,-0.10828926970209085,0.10828926970209085
0.9352419701157908,0.7187513849928977,0.2164905851228931,0.2164905851228931
0.6433017110440628,0.7054107267921813,-0.06210901574811856,0.06210901574811856
0.7,0.5606626222876814,0.13933737771231858,0.13933737771231858
0.4,0.5709960793781604,-0.17099607937816041,0.17099607937816041
0.6,0.56817491471631,0.03182508528368999,0.03182508528368999
0.3,0.5823683912088964,-0.2823683912088964,0.2823683912088964
0.4,0.570808857445418,-0.17080885744541796,0.17080885744541796
0.7,0.5669481668581924,0.13305183314180757,0.13305183314180757
0.6650306538588546,0.675334917782286,-0.010304263923431423,0.010304263923431423
0.4632654520489824,0.6978451174119994,-0.234579665363017,0.234579665363017
0.7496304931127424,0.8455964750054913,-0.09596598189274885,0.09596598189274885
0.6658246650132922,0.6760899138086287,-0.010265248795336523,0.010265248795336523
0.6198068833094819,0.6331200542970317,-0.013313170987549805,0.013313170987549805
0.4788089757102604,0.6729954335223668,-0.19418645781210642,0.19418645781210642
0.8188652144271537,0.82348686923458,-0.004621654807426379,0.004621654807426379
0.4,0.5108714907524222,-0.1108714907524222,0.1108714907524222
2.3426553850030096,2.3860023021698,-0.04334691716679018,0.04334691716679018
1.5222384603844508,1.572829246520996,-0.05059078613654533,0.05059078613654533
2.591624259545572,1.8370099067687988,0.7546143527767732,0.7546143527767732
3.423349924580549,2.3610520362854004,1.0622978882951486,1.0622978882951486
1.2175480596073385,1.5879757404327393,-0.3704276808254008,0.3704276808254008
7.244065383360269,1.7309978008270264,5.5130675825332425,5.5130675825332425
1.5321273000173696,1.6082346439361572,-0.0761073439187876,0.0761073439187876
2.404748318614775,1.916392207145691,0.4883561114690842,0.4883561114690842
1.658719821291578,2.284693717956543,-0.6259738966649651,0.6259738966649651
2.314641460829224,2.628706455230713,-0.31406499440148883,0.31406499440148883
1.0,1.8382080793380733,-0.8382080793380733,0.8382080793380733
2.1,1.8742233514785769,0.2257766485214232,0.2257766485214232
2.1,1.7290616035461426,0.3709383964538575,0.3709383964538575
0.8570862730857126,0.561675488948822,0.2954107841368906,0.2954107841368906
1.3411688832335629,1.022851586341858,0.31831729689170496,0.31831729689170496
0.98602045418736,0.9175612926483154,0.06845916153904452,0.06845916153904452
0.5422885207412549,0.5249500870704651,0.0173384336707898,0.0173384336707898
0.6821726355797036,0.2030341327190399,0.47913850286066373,0.47913850286066373
0.9352419701157908,0.8500468134880066,0.08519515662778421,0.08519515662778421
0.6433017110440628,0.6654776930809021,-0.022175982036839348,0.022175982036839348
0.7,0.7778809070587158,-0.07788090705871586,0.07788090705871586
0.4,0.4771782755851745,-0.07717827558517448,0.07717827558517448
0.6,0.1459437310695648,0.45405626893043516,0.45405626893043516
0.3,0.5088176131248474,-0.20881761312484742,0.20881761312484742
0.4,0.502368688583374,-0.102368688583374,0.102368688583374
0.7,0.6688531637191772,0.03114683628082271,0.03114683628082271
0.6650306538588546,0.6112211346626282,0.05380951919622645,0.05380951919622645
0.4632654520489824,0.0039739795029163,0.4592914725460661,0.4592914725460661
0.7496304931127424,1.2535427808761597,-0.5039122877634172,0.5039122877634172
0.6658246650132922,0.7348771095275879,-0.06905244451429571,0.06905244451429571
0.6198068833094819,0.5694522261619568,0.05035465714752507,0.05035465714752507
0.4788089757102604,0.6667032241821289,-0.18789424847186853,0.18789424847186853
0.8188652144271537,1.1746946573257446,-0.355829442898591,0.355829442898591
0.4,0.0,0.4,0.4
2.3426553850030096,1.1370551915022928,1.2056001935007168,1.2056001935007168
1.5222384603844508,1.1370551915022928,0.3851832688821579,0.3851832688821579
2.591624259545572,1.1370551915022928,1.4545690680432792,1.4545690680432792
3.423349924580549,1.1370551915022928,2.286294733078256,2.286294733078256
1.2175480596073385,1.1370551915022928,0.08049286810504563,0.08049286810504563
7.244065383360269,1.1370551915022928,6.107010191857976,6.107010191857976
1.5321273000173696,1.1370551915022928,0.3950721085150768,0.3950721085150768
2.404748318614775,1.1370551915022928,1.2676931271124823,1.2676931271124823
1.658719821291578,1.1370551915022928,0.5216646297892851,0.5216646297892851
2.314641460829224,1.1370551915022928,1.1775862693269312,1.1775862693269312
1.0,1.1370551915022928,-0.13705519150229284,0.13705519150229284
2.1,1.1370551915022928,0.9629448084977072,0.9629448084977072
2.1,1.1370551915022928,0.9629448084977072,0.9629448084977072
0.8570862730857126,1.1370551915022928,-0.2799689184165802,0.2799689184165802
1.3411688832335629,1.1370551915022928,0.20411369173127003,0.20411369173127003
0.98602045418736,1.1370551915022928,-0.1510347373149329,0.1510347373149329
0.5422885207412549,1.1370551915022928,-0.594766670761038,0.594766670761038
0.6821726355797036,1.1370551915022928,-0.4548825559225892,0.4548825559225892
0.9352419701157908,1.1370551915022928,-0.20181322138650204,0.20181322138650204
0.6433017110440628,1.1370551915022928,-0.4937534804582301,0.4937534804582301
0.7,1.1370551915022928,-0.4370551915022929,0.4370551915022929
0.4,1.1370551915022928,-0.7370551915022928,0.7370551915022928
0.6,1.1370551915022928,-0.5370551915022929,0.5370551915022929
0.3,1.1370551915022928,-0.8370551915022928,0.8370551915022928
0.4,1.1370551915022928,-0.7370551915022928,0.7370551915022928
0.7,1.1370551915022928,-0.4370551915022929,0.4370551915022929
0.6650306538588546,1.1370551915022928,-0.4720245376434382,0.4720245376434382
0.4632654520489824,1.1370551915022928,-0.6737897394533104,0.6737897394533104
0.7496304931127424,1.1370551915022928,-0.3874246983895504,0.3874246983895504
0.6658246650132922,1.1370551915022928,-0.47123052648900066,0.47123052648900066
0.6198068833094819,1.1370551915022928,-0.517248308192811,0.517248308192811
0.4788089757102604,1.1370551915022928,-0.6582462157920325,0.6582462157920325
0.8188652144271537,1.1370551915022928,-0.3181899770751392,0.3181899770751392
0.4,1.1370551915022928,-0.7370551915022928,0.7370551915022928
2.3426553850030096,1.3757354355842848,0.9669199494187248,0.9669199494187248
1.5222384603844508,0.8359590160209797,0.6862794443634711,0.6862794443634711
2.591624259545572,1.0481768337203152,1.5434474258252568,1.5434474258252568
3.423349924580549,1.0481768337203152,2.3751730908602338,2.3751730908602338
1.2175480596073385,0.6270833007161515,0.590464758891187,0.590464758891187
7.244065383360269,0.6270833007161515,6.6169820826441175,6.6169820826441175
1.5321273000173696,1.0633650929685396,0.46876220704883,0.46876220704883
2.404748318614775,1.039463622738098,1.3652846958766771,1.3652846958766771
1.658719821291578,1.1104017284971803,0.5483180927943976,0.5483180927943976
2.314641460829224,1.1104017284971803,1.2042397323320437,1.2042397323320437
1.0,1.033170957236812,-0.03317095723681196,0.03317095723681196
2.1,1.039463622738098,1.060536377261902,1.060536377261902
2.1,0.9379521583501792,1.1620478416498208,1.1620478416498208
0.8570862730857126,1.033170957236812,-0.17608468415109935,0.17608468415109935
1.3411688832335629,1.6554636792041195,-0.31429479597055665,0.31429479597055665
0.98602045418736,1.3757354355842848,-0.38971498139692484,0.38971498139692484
0.5422885207412549,0.6270833007161515,-0.0847947799748966,0.0847947799748966
0.6821726355797036,2.022698034081775,-1.3405253985020713,1.3405253985020713
0.9352419701157908,2.022698034081775,-1.087456063965984,1.087456063965984
0.6433017110440628,1.039463622738098,-0.39616191169403525,0.39616191169403525
0.7,1.6554636792041195,-0.9554636792041196,0.9554636792041196
0.4,0.8359590160209797,-0.43595901602097964,0.43595901602097964
0.6,2.022698034081775,-1.4226980340817748,1.4226980340817748
0.3,1.0633650929685396,-0.7633650929685396,0.7633650929685396
0.4,0.8062238030183351,-0.40622380301833505,0.40622380301833505
0.7,1.8584143652660745,-1.1584143652660746,1.1584143652660746
0.6650306538588546,1.3757354355842848,-0.7107047817254302,0.7107047817254302
0.4632654520489824,2.022698034081775,-1.5594325820327923,1.5594325820327923
0.7496304931127424,2.022698034081775,-1.2730675409690324,1.2730675409690324
0.6658246650132922,1.0633650929685396,-0.39754042795524747,0.39754042795524747
0.6198068833094819,1.1104017284971803,-0.49059484518769847,0.49059484518769847
0.4788089757102604,1.8584143652660745,-1.379605389555814,1.379605389555814
0.8188652144271537,1.8584143652660745,-1.039549150838921,1.039549150838921
0.4,2.022698034081775,-1.622698034081775,1.622698034081775
1.6750870924050658,2.152243544272733,-0.4771564518676672,0.4771564518676672
4.746403988018382,2.7238472188677774,2.0225567691506043,2.0225567691506043
1.5470171390615697,1.6454434047130913,-0.09842626565152157,0.09842626565152157
3.0549264654046246,2.617423143265758,0.43750332213886667,0.43750332213886667
2.5954365128642194,2.3054804254939025,0.28995608737031686,0.28995608737031686
4.580426866194772,2.679386766035604,1.9010401001591681,1.9010401001591681
2.235407081928281,2.085780717932006,0.14962636399627494,0.14962636399627494
2.169407944352197,2.0553298850237454,0.11407805932845161,0.11407805932845161
1.9348144714872644,2.3017965585105733,-0.3669820870233089,0.3669820870233089
3.0038294115831783,2.0789484323291805,0.9248809792539978,0.9248809792539978
3.592580248493403,2.4002977368464764,1.1922825116469267,1.1922825116469267
1.4980452432828957,2.019043076650672,-0.5209978333677763,0.5209978333677763
1.7,1.981199132984112,-0.28119913298411214,0.28119913298411214
0.826094714383351,0.6789886816304174,0.14710603275293366,0.14710603275293366
1.200511704804833,1.1586921965675996,0.04181950823723346,0.04181950823723346
0.6401206168693183,0.1949463611407599,0.4451742557285584,0.4451742557285584
0.8018694899438292,0.8110843802435012,-0.00921489029967193,0.00921489029967193
0.6286830497610721,0.5439452719192098,0.08473777784186232,0.08473777784186232
0.5251432400895707,0.4302236543777357,0.09491958571183501,0.09491958571183501
0.7559563988183644,1.0514243404880097,-0.2954679416696453,0.2954679416696453
0.6778710254152407,0.5603121299525139,0.1175588954627268,0.1175588954627268
0.7,0.3150473805942505,0.38495261940574943,0.38495261940574943
0.7,0.5224681862859537,0.17753181371404625,0.17753181371404625
0.774283389787513,1.009845635959299,-0.23556224617178612,0.23556224617178612
0.5641103408681047,0.5916248710029867,-0.02751453013488192,0.02751453013488192
0.4869183122414556,0.1247365087077888,0.3621818035336668,0.3621818035336668
0.4950587775158489,0.558229441067716,-0.06317066355186707,0.06317066355186707
0.5592824320954186,0.5859984386331578,-0.0267160065377392,0.0267160065377392
0.3602760666772656,0.3387643941387601,0.0215116725385055,0.0215116725385055
0.4953986447362168,0.7104460616147839,-0.21504741687856704,0.21504741687856704
0.7696938879034653,0.6709260794634138,0.09876780844005151,0.09876780844005151
0.3687334249789068,0.1124170242524049,0.2563164007265019,0.2563164007265019
0.3707166752248346,0.240304862088705,0.1304118131361296,0.1304118131361296
0.5,0.4141435050056674,0.08585649499433262,0.08585649499433262
1.6750870924050658,2.136430146864013,-0.46134305445894697,0.46134305445894697
4.746403988018382,2.6825233418879666,2.063880646130415,2.063880646130415
1.5470171390615697,1.62732599409615,-0.0803088550345803,0.0803088550345803
3.0549264654046246,2.6712352644384265,0.38369120096619813,0.38369120096619813
2.5954365128642194,2.2962868592431844,0.29914965362103496,0.29914965362103496
4.580426866194772,2.68976418537828,1.890662680816492,1.890662680816492
2.235407081928281,2.0863027976313955,0.1491042842968855,0.1491042842968855
2.169407944352197,2.087961589238943,0.08144635511325404,0.08144635511325404
1.9348144714872644,2.2592867472861755,-0.32447227579891114,0.32447227579891114
3.0038294115831783,2.0861084398911647,0.9177209716920136,0.9177209716920136
3.592580248493403,2.292987189041732,1.299593059451671,1.299593059451671
1.4980452432828957,2.0229134208036728,-0.5248681775207771,0.5248681775207771
1.7,1.9999559993878544,-0.29995599938785444,0.29995599938785444
0.826094714383351,0.6899147563393008,0.13617995804405025,0.13617995804405025
1.200511704804833,1.2209697923773484,-0.020458087572515327,0.020458087572515327
0.6401206168693183,0.1609798338483253,0.47914078302099306,0.47914078302099306
0.8018694899438292,0.7915121580764575,0.010357331867371755,0.010357331867371755
0.6286830497610721,0.5766076152462292,0.05207543451484298,0.05207543451484298
0.5251432400895707,0.4105480746791536,0.11459516541041709,0.11459516541041709
0.7559563988183644,1.100915132539391,-0.3449587337210267,0.3449587337210267
0.6778710254152407,0.572647948742595,0.10522307667264574,0.10522307667264574
0.7,0.2750273485990568,0.42497265140094315,0.42497265140094315
0.7,0.5496905273267763,0.1503094726732237,0.1503094726732237
0.774283389787513,1.02305028387279,-0.24876689408527697,0.24876689408527697
0.5641103408681047,0.6172804167421584,-0.053170075874053646,0.053170075874053646
0.4869183122414556,0.196422952004346,0.2904953602371096,0.2904953602371096
0.4950587775158489,0.5274837362202861,-0.03242495870443718,0.03242495870443718
0.5592824320954186,0.6177948362276148,-0.05851240413219616,0.05851240413219616
0.3602760666772656,0.3156996076378955,0.044576459039370075,0.044576459039370075
0.4953986447362168,0.7134569627213753,-0.21805831798515846,0.21805831798515846
0.7696938879034653,0.6396303867469054,0.13006350115655985,0.13006350115655985
0.3687334249789068,0.1765552818557043,0.19217814312320253,0.19217814312320253
0.3707166752248346,0.3284447115518402,0.042271963672994406,0.042271963672994406
0.5,0.3651273185009835,0.1348726814990165,0.1348726814990165
1.6750870924050658,2.0870405477456684,-0.41195345534060257,0.41195345534060257
4.746403988018382,2.6406049454169422,2.1057990426014395,2.1057990426014395
1.5470171390615697,1.643551982160298,-0.09653484309872828,0.09653484309872828
3.0549264654046246,2.6351234800886743,0.4198029853159504,0.4198029853159504
2.5954365128642194,2.303118631975756,0.2923178808884632,0.2923178808884632
4.580426866194772,2.72299924246968,1.857427623725092,1.857427623725092
2.235407081928281,2.133788340758052,0.10161874117022895,0.10161874117022895
2.169407944352197,2.111696730974028,0.05771121337816876,0.05771121337816876
1.9348144714872644,2.386139747314805,-0.4513252758275408,0.4513252758275408
3.0038294115831783,2.2240509679836293,0.779778443599549,0.779778443599549
3.592580248493403,2.286318612482438,1.306261636010965,1.306261636010965
1.4980452432828957,2.0328940821878594,-0.5348488389049637,0.5348488389049637
1.7,1.8725755862104785,-0.17257558621047853,0.17257558621047853
0.826094714383351,0.7612575555634086,0.06483715881994245,0.06483715881994245
1.200511704804833,1.1677736167059944,0.0327380880988386,0.0327380880988386
0.6401206168693183,0.0856726040611399,0.5544480128081785,0.5544480128081785
0.8018694899438292,0.6645622639848427,0.13730722595898648,0.13730722595898648
0.6286830497610721,0.7847569044250658,-0.1560738546639937,0.1560738546639937
0.5251432400895707,0.4345672611765016,0.09057597891306912,0.09057597891306912
0.7559563988183644,1.1235370456837153,-0.36758064686535086,0.36758064686535086
0.6778710254152407,0.5655442188051796,0.11232680661006111,0.11232680661006111
0.7,0.103959869018074,0.596040130981926,0.596040130981926
0.7,0.4052257228277984,0.29477427717220156,0.29477427717220156
0.774283389787513,0.9555750534942556,-0.18129166370674266,0.18129166370674266
0.5641103408681047,0.577402868361092,-0.01329252749298726,0.01329252749298726
0.4869183122414556,0.2805162345772363,0.2064020776642193,0.2064020776642193
0.4950587775158489,0.5208675866241367,-0.025808809108287756,0.025808809108287756
0.5592824320954186,0.6217996989032,-0.06251726680778136,0.06251726680778136
0.3602760666772656,0.3803406455861857,-0.020064578908920105,0.020064578908920105
0.4953986447362168,0.6959246313690748,-0.20052598663285798,0.20052598663285798
0.7696938879034653,0.7683125476479145,0.0013813402555508114,0.0013813402555508114
0.3687334249789068,0.2824431536215961,0.08629027135731071,0.08629027135731071
0.3707166752248346,0.4167295670380792,-0.04601289181324458,0.04601289181324458
0.5,0.4825245941607319,0.0174754058392681,0.0174754058392681
1.6750870924050658,2.138798793998038,-0.46371170159297215,0.46371170159297215
4.746403988018382,2.6499032073089013,2.0965007807094804,2.0965007807094804
1.5470171390615697,1.6260164152878795,-0.07899927622630987,0.07899927622630987
3.0549264654046246,2.71075377691533,0.34417268848929483,0.34417268848929483
2.5954365128642194,2.321268001125351,0.2741685117388686,0.2741685117388686
4.580426866194772,2.71804145661356,1.8623854095812122,1.8623854095812122
2.235407081928281,2.111355330321828,0.12405175160645276,0.12405175160645276
2.169407944352197,2.134665890763061,0.034742053589135846,0.034742053589135846
1.9348144714872644,2.298404403384429,-0.3635899318971647,0.3635899318971647
3.0038294115831783,2.1275360670166443,0.876293344566534,0.876293344566534
3.592580248493403,2.2555627493632464,1.3370174991301567,1.3370174991301567
1.4980452432828957,2.049816787807053,-0.5517715445241571,0.5517715445241571
1.7,1.9998909763919568,-0.29989097639195683,0.29989097639195683
0.826094714383351,0.7093725797354797,0.11672213464787129,0.11672213464787129
1.200511704804833,1.2411176313191032,-0.040605926514270196,0.040605926514270196
0.6401206168693183,0.1140391199116432,0.5260814969576751,0.5260814969576751
0.8018694899438292,0.7192677172127322,0.08260177273109703,0.08260177273109703
0.6286830497610721,0.6401515745579036,-0.01146852479683147,0.01146852479683147
0.5251432400895707,0.4032056593089618,0.1219375807806089,0.1219375807806089
0.7559563988183644,1.115089307942016,-0.3591329091236517,0.3591329091236517
0.6778710254152407,0.5801806422108263,0.09769038320441437,0.09769038320441437
0.7,0.1991737764066169,0.500826223593383,0.500826223593383
0.7,0.5302548307957305,0.1697451692042694,0.1697451692042694
0.774283389787513,1.009983948394355,-0.23570055860684191,0.23570055860684191
0.5641103408681047,0.5988404818317723,-0.034730140963667555,0.034730140963667555
0.4869183122414556,0.2319353167075573,0.2549829955338983,0.2549829955338983
0.4950587775158489,0.518993133594793,-0.02393435607894412,0.02393435607894412
0.5592824320954186,0.6466087504177266,-0.08732631832230797,0.08732631832230797
0.3602760666772656,0.3180629371892205,0.042213129488045065,0.042213129488045065
0.4953986447362168,0.7251737282065278,-0.229775083470311,0.229775083470311
0.7696938879034653,0.6734571707960302,0.09623671710743509,0.09623671710743509
0.3687334249789068,0.2374543660546628,0.13127905892424402,0.13127905892424402
0.3707166752248346,0.4002502935920612,-0.02953361836722662,0.02953361836722662
0.5,0.3492570477391322,0.1507429522608678,0.1507429522608678
1.6750870924050658,2.039212501106378,-0.3641254087013124,0.3641254087013124
4.746403988018382,2.710974002549437,2.035429985468945,2.035429985468945
1.5470171390615697,1.9445464747921224,-0.3975293357305527,0.3975293357305527
3.0549264654046246,2.465821413296316,0.5891050521083088,0.5891050521083088
2.5954365128642194,2.2469463347985017,0.3484901780657177,0.3484901780657177
4.580426866194772,2.602479018651028,1.977947847543744,1.977947847543744
2.235407081928281,2.105123826043917,0.13028325588436385,0.13028325588436385
2.169407944352197,2.156266598996095,0.013141345356102008,0.013141345356102008
1.9348144714872644,1.970746955467669,-0.03593248398040472,0.03593248398040472
3.0038294115831783,2.282633866775736,0.7211955448074421,0.7211955448074421
3.592580248493403,2.606104011814642,0.9864762366787612,0.9864762366787612
1.4980452432828957,1.8755326141622264,-0.3774873708793307,0.3774873708793307
1.7,1.7379155137561904,-0.0379155137561904,0.0379155137561904
0.826094714383351,0.6770789436015063,0.1490157707818447,0.1490157707818447
1.200511704804833,0.8380002202643605,0.36251148454047255,0.36251148454047255
0.6401206168693183,0.5941411443032706,0.04597947256604773,0.04597947256604773
0.8018694899438292,0.7317324849762268,0.07013700496760245,0.07013700496760245
0.6286830497610721,0.6410349450346916,-0.012351895273619462,0.012351895273619462
0.5251432400895707,0.6312082518331859,-0.10606501174361516,0.10606501174361516
0.7559563988183644,0.7784276669196163,-0.022471268101251884,0.022471268101251884
0.6778710254152407,0.5960208605720563,0.08185016484318441,0.08185016484318441
0.7,0.587129252846245,0.112870747153755,0.112870747153755
0.7,0.6143791982158818,0.08562080178411813,0.08562080178411813
0.774283389787513,0.6749076797441006,0.09937571004341239,0.09937571004341239
0.5641103408681047,0.6184052561070235,-0.05429491523891872,0.05429491523891872
0.4869183122414556,0.5385156357325754,-0.05159732349111984,0.05159732349111984
0.4950587775158489,0.5874869235916717,-0.09242814607582273,0.09242814607582273
0.5592824320954186,0.5746329681517526,-0.015350536056333963,0.015350536056333963
0.3602760666772656,0.5750935058762644,-0.21481743919899882,0.21481743919899882
0.4953986447362168,0.6110187487529486,-0.11562010401673178,0.11562010401673178
0.7696938879034653,0.6031320432654261,0.16656184463803914,0.16656184463803914
0.3687334249789068,0.536068134048697,-0.1673347090697902,0.1673347090697902
0.3707166752248346,0.5351442886280363,-0.16442761340320172,0.16442761340320172
0.5,0.5422969103873555,-0.0422969103873555,0.0422969103873555
1.6750870924050658,2.022156000137329,-0.3470689077322633,0.3470689077322633
4.746403988018382,2.607228279113769,2.1391757089046126,2.1391757089046126
1.5470171390615697,1.564982533454895,-0.01796539439332534,0.01796539439332534
3.0549264654046246,2.593989849090576,0.4609366163140485,0.4609366163140485
2.5954365128642194,2.4200031757354736,0.17543333712874576,0.17543333712874576
4.580426866194772,2.843949556350708,1.736477309844064,1.736477309844064
2.235407081928281,2.0001702308654785,0.23523685106280245,0.23523685106280245
2.169407944352197,1.9981257915496824,0.17128215280251458,0.17128215280251458
1.9348144714872644,2.1878576278686523,-0.25304315638138797,0.25304315638138797
3.0038294115831783,1.9968804121017456,1.0069489994814327,1.0069489994814327
3.592580248493403,2.2148141860961914,1.3777660623972117,1.3777660623972117
1.4980452432828957,1.9760937690734863,-0.47804852579059065,0.47804852579059065
1.7,1.8610496520996087,-0.16104965209960875,0.16104965209960875
0.826094714383351,0.8149427175521851,0.011151996831165967,0.011151996831165967
1.200511704804833,0.9497784376144408,0.25073326719039224,0.25073326719039224
0.6401206168693183,0.5219932198524475,0.1181273970168708,0.1181273970168708
0.8018694899438292,0.6673934459686279,0.1344760439752013,0.1344760439752013
0.6286830497610721,0.6160569787025452,0.012626071058526978,0.012626071058526978
0.5251432400895707,0.5043089389801025,0.020834301109468156,0.020834301109468156
0.7559563988183644,0.8718602657318115,-0.11590386691344712,0.11590386691344712
0.6778710254152407,0.6532748937606812,0.02459613165455954,0.02459613165455954
0.7,0.4386471807956695,0.26135281920433046,0.26135281920433046
0.7,0.6887521147727966,0.011247885227203325,0.011247885227203325
0.774283389787513,0.629549503326416,0.14473388646109697,0.14473388646109697
0.5641103408681047,0.5938968658447266,-0.02978652497662182,0.02978652497662182
0.4869183122414556,0.449737936258316,0.03718037598313961,0.03718037598313961
0.4950587775158489,0.6015272736549377,-0.10646849613908882,0.10646849613908882
0.5592824320954186,0.3458828032016754,0.2133996288937432,0.2133996288937432
0.3602760666772656,0.4098292887210846,-0.04955322204381901,0.04955322204381901
0.4953986447362168,0.5723205804824829,-0.0769219357462661,0.0769219357462661
0.7696938879034653,0.5598129034042358,0.20988098449922943,0.20988098449922943
0.3687334249789068,0.2801272273063659,0.08860619767254091,0.08860619767254091
0.3707166752248346,0.4008570313453674,-0.030140356120532785,0.030140356120532785
0.5,0.8437146544456482,-0.3437146544456482,0.3437146544456482
1.6750870924050658,1.121011029859525,0.5540760625455408,0.5540760625455408
4.746403988018382,1.121011029859525,3.625392958158857,3.625392958158857
1.5470171390615697,1.121011029859525,0.4260061092020446,0.4260061092020446
3.0549264654046246,1.121011029859525,1.9339154355450996,1.9339154355450996
2.5954365128642194,1.121011029859525,1.4744254830046943,1.4744254830046943
4.580426866194772,1.121011029859525,3.459415836335247,3.459415836335247
2.235407081928281,1.121011029859525,1.114396052068756,1.114396052068756
2.169407944352197,1.121011029859525,1.048396914492672,1.048396914492672
1.9348144714872644,1.121011029859525,0.8138034416277393,0.8138034416277393
3.0038294115831783,1.121011029859525,1.8828183817236532,1.8828183817236532
3.592580248493403,1.121011029859525,2.471569218633878,2.471569218633878
1.4980452432828957,1.121011029859525,0.3770342134233706,0.3770342134233706
1.7,1.121011029859525,0.5789889701404749,0.5789889701404749
0.826094714383351,1.121011029859525,-0.29491631547617403,0.29491631547617403
1.200511704804833,1.121011029859525,0.07950067494530799,0.07950067494530799
0.6401206168693183,1.121011029859525,-0.48089041299020674,0.48089041299020674
0.8018694899438292,1.121011029859525,-0.3191415399156958,0.3191415399156958
0.6286830497610721,1.121011029859525,-0.4923279800984529,0.4923279800984529
0.5251432400895707,1.121011029859525,-0.5958677897699544,0.5958677897699544
0.7559563988183644,1.121011029859525,-0.36505463104116065,0.36505463104116065
0.6778710254152407,1.121011029859525,-0.44314000444428436,0.44314000444428436
0.7,1.121011029859525,-0.4210110298595251,0.4210110298595251
0.7,1.121011029859525,-0.4210110298595251,0.4210110298595251
0.774283389787513,1.121011029859525,-0.34672764007201207,0.34672764007201207
0.5641103408681047,1.121011029859525,-0.5569006889914203,0.5569006889914203
0.4869183122414556,1.121011029859525,-0.6340927176180695,0.6340927176180695
0.4950587775158489,1.121011029859525,-0.6259522523436761,0.6259522523436761
0.5592824320954186,1.121011029859525,-0.5617285977641064,0.5617285977641064
0.3602760666772656,1.121011029859525,-0.7607349631822595,0.7607349631822595
0.4953986447362168,1.121011029859525,-0.6256123851233082,0.6256123851233082
0.7696938879034653,1.121011029859525,-0.3513171419560598,0.3513171419560598
0.3687334249789068,1.121011029859525,-0.7522776048806182,0.7522776048806182
0.3707166752248346,1.121011029859525,-0.7502943546346905,0.7502943546346905
0.5,1.121011029859525,-0.621011029859525,0.621011029859525
1.6750870924050658,1.0043805959179168,0.670706496487149,0.670706496487149
4.746403988018382,1.259036517023307,3.487367470995075,3.487367470995075
1.5470171390615697,0.9485974916722716,0.5984196473892981,0.5984196473892981
3.0549264654046246,1.0497260026417934,2.005200462762831,2.005200462762831
2.5954365128642194,1.0497260026417934,1.545710510222426,1.545710510222426
4.580426866194772,1.0350974444684633,3.5453294217263087,3.5453294217263087
2.235407081928281,0.9472554653141972,1.2881516166140838,1.2881516166140838
2.169407944352197,1.1838416045213305,0.9855663398308665,0.9855663398308665
1.9348144714872644,1.250399145861456,0.6844153256258083,0.6844153256258083
3.0038294115831783,1.2126993817455505,1.7911300298376278,1.7911300298376278
3.592580248493403,1.2126993817455505,2.3798808667478526,2.3798808667478526
1.4980452432828957,1.1200572292807374,0.3779880140021583,0.3779880140021583
1.7,1.0497260026417934,0.6502739973582066,0.6502739973582066
0.826094714383351,1.0497260026417934,-0.22363128825844236,0.22363128825844236
1.200511704804833,1.0497260026417934,0.15078570216303966,0.15078570216303966
0.6401206168693183,0.88398385137811,-0.24386323450879166,0.24386323450879166
0.8018694899438292,0.88398385137811,-0.08211436143428075,0.08211436143428075
0.6286830497610721,1.250399145861456,-0.6217160961003839,0.6217160961003839
0.5251432400895707,1.1200572292807374,-0.5949139891911667,0.5949139891911667
0.7559563988183644,1.1200572292807374,-0.36410083046237296,0.36410083046237296
0.6778710254152407,1.1200572292807374,-0.4421862038654967,0.4421862038654967
0.7,1.0043805959179168,-0.3043805959179169,0.3043805959179169
0.7,1.0497260026417934,-0.34972600264179343,0.34972600264179343
0.774283389787513,1.0043805959179168,-0.23009720613040385,0.23009720613040385
0.5641103408681047,0.9485974916722716,-0.38448715080416684,0.38448715080416684
0.4869183122414556,0.9485974916722716,-0.461679179430816,0.461679179430816
0.4950587775158489,1.5501683743813424,-1.0551095968654933,1.0551095968654933
0.5592824320954186,1.3461285937342655,-0.7868461616388469,0.7868461616388469
0.3602760666772656,0.9472554653141972,-0.5869793986369316,0.5869793986369316
0.4953986447362168,1.1838416045213305,-0.6884429597851136,0.6884429597851136
0.7696938879034653,1.250399145861456,-0.4807052579579908,0.4807052579579908
0.3687334249789068,0.8529011732997944,-0.4841677483208876,0.4841677483208876
0.3707166752248346,0.8529011732997944,-0.48218449807495983,0.48218449807495983
0.5,1.5501683743813424,-1.0501683743813424,1.0501683743813424
1.6268858066002263,2.271167971987321,-0.6442821653870947,0.6442821653870947
2.9826713553861293,2.835569843723013,0.14710151166311647,0.14710151166311647
2.9489717758099068,2.648114456153673,0.30085731965623363,0.30085731965623363
2.686740331121587,2.9212478533523027,-0.2345075222307158,0.2345075222307158
1.3718829183654722,1.6934924824790043,-0.32160956411353214,0.32160956411353214
1.2660956469166913,2.040796711557792,-0.7747010646411008,0.7747010646411008
2.6368413584111803,2.5498945145755973,0.08694684383558293,0.08694684383558293
1.0,1.8887875532706,-0.8887875532706,0.8887875532706
3.0,2.0742195548433733,0.9257804451566267,0.9257804451566267
0.9814360581560068,1.4411642587624571,-0.45972820060645037,0.45972820060645037
0.5175817230094645,0.0992434702372815,0.41833825277218295,0.41833825277218295
0.5731757916040728,0.1783031803322088,0.394872611271864,0.394872611271864
0.6636769574159984,0.8799475662723215,-0.2162706088563231,0.2162706088563231
0.4538514483659435,0.5636247631609432,-0.10977331479499974,0.10977331479499974
0.5494183061851179,0.5770935664536803,-0.027675260268562374,0.027675260268562374
0.7961939204401095,0.8140517232386872,-0.017857802798577738,0.017857802798577738
1.1321807165247717,0.9961830752251049,0.13599764129966685,0.13599764129966685
0.5480873832187684,0.1904944902932195,0.35759289292554886,0.35759289292554886
0.8099944456086376,1.2142568828855198,-0.40426243727688216,0.40426243727688216
0.579730411471064,0.5512984477845471,0.028431963686516903,0.028431963686516903
0.4892093570559104,0.7491007200093078,-0.25989136295339743,0.25989136295339743
0.5561447310735069,1.6137818111527606,-1.0576370800792536,1.0576370800792536
0.4770632662036267,0.0,0.4770632662036267,0.4770632662036267
0.7333233775958355,0.6403243795281248,0.09299899806771073,0.09299899806771073
0.3322482939632105,0.0,0.3322482939632105,0.3322482939632105
0.4062549460293829,0.7879750656403193,-0.3817201196109364,0.3817201196109364
0.7530910039174339,1.4302782227931734,-0.6771872188757395,0.6771872188757395
0.5633174517358029,1.115700319520239,-0.5523828677844361,0.5523828677844361
0.6052217822979895,1.2013783291495292,-0.5961565468515397,0.5961565468515397
0.4,0.1689180290678256,0.23108197093217442,0.23108197093217442
0.8,0.1317481886309357,0.6682518113690643,0.6682518113690643
0.6,0.3848796527281646,0.21512034727183538,0.21512034727183538
0.6,0.5859275006207303,0.014072499379269687,0.014072499379269687
1.6268858066002263,2.130941368596277,-0.5040555619960507,0.5040555619960507
2.9826713553861293,2.7853812796263697,0.19729007575975954,0.19729007575975954
2.9489717758099068,2.6781710929090234,0.2708006829008833,0.2708006829008833
2.686740331121587,2.888441646477071,-0.20170131535548386,0.20170131535548386
1.3718829183654722,1.7872354957797367,-0.41535257741426457,0.41535257741426457
1.2660956469166913,2.020438108618473,-0.7543424617017815,0.7543424617017815
2.6368413584111803,2.643813865586413,-0.006972507175232678,0.006972507175232678
1.0,1.7667205940843504,-0.7667205940843504,0.7667205940843504
3.0,1.9876872416885552,1.0123127583114448,1.0123127583114448
0.9814360581560068,1.283922698367513,-0.3024866402115062,0.3024866402115062
0.5175817230094645,0.0689157728365434,0.4486659501729211,0.4486659501729211
0.5731757916040728,0.3003847232244568,0.27279106837961603,0.27279106837961603
0.6636769574159984,0.9544341379259896,-0.2907571805099912,0.2907571805099912
0.4538514483659435,0.4986452137509787,-0.04479376538503521,0.04479376538503521
0.5494183061851179,0.5829134559303325,-0.033495149745214614,0.033495149745214614
0.7961939204401095,0.8160079111558748,-0.019813990715765284,0.019813990715765284
1.1321807165247717,0.941446405789677,0.19073431073509473,0.19073431073509473
0.5480873832187684,0.3423640787034882,0.2057233045152802,0.2057233045152802
0.8099944456086376,1.000347881749491,-0.19035343614085343,0.19035343614085343
0.579730411471064,0.4081945758292257,0.17153583564183827,0.17153583564183827
0.4892093570559104,0.7867736037259003,-0.29756424666998993,0.29756424666998993
0.5561447310735069,1.5494206324714557,-0.9932759013979487,0.9932759013979487
0.4770632662036267,0.0,0.4770632662036267,0.4770632662036267
0.7333233775958355,0.6093095800811742,0.12401379751466135,0.12401379751466135
0.3322482939632105,0.0,0.3322482939632105,0.3322482939632105
0.4062549460293829,0.7248319832671588,-0.3185770372377759,0.3185770372377759
0.7530910039174339,1.3291965989998904,-0.5761055950824565,0.5761055950824565
0.5633174517358029,1.0626344868593178,-0.4993170351235149,0.4993170351235149
0.6052217822979895,1.165694853710019,-0.5604730714120294,0.5604730714120294
0.4,0.0439738013172987,0.3560261986827013,0.3560261986827013
0.8,0.1532227614529515,0.6467772385470485,0.6467772385470485
0.6,0.3425065707314582,0.2574934292685418,0.2574934292685418
0.6,0.5113532272781106,0.08864677272188937,0.08864677272188937
1.6268858066002263,2.056537938168524,-0.4296521315682975,0.4296521315682975
2.9826713553861293,2.883530336034653,0.09914101935147634,0.09914101935147634
2.9489717758099068,2.696072495428908,0.2528992803809986,0.2528992803809986
2.686740331121587,2.8263192521825924,-0.13957892106100545,0.13957892106100545
1.3718829183654722,1.910624702533636,-0.5387417841681639,0.5387417841681639
1.2660956469166913,2.058820653417479,-0.7927250065007878,0.7927250065007878
2.6368413584111803,2.705118108146893,-0.06827674973571263,0.06827674973571263
1.0,1.7569468950613645,-0.7569468950613645,0.7569468950613645
3.0,1.9879545615091043,1.0120454384908957,1.0120454384908957
0.9814360581560068,1.1971585934152782,-0.21572253525927143,0.21572253525927143
0.5175817230094645,0.0703005310090942,0.4472811920003703,0.4472811920003703
0.5731757916040728,0.3624526308763376,0.21072316072773523,0.21072316072773523
0.6636769574159984,0.9699865872516422,-0.3063096298356438,0.3063096298356438
0.4538514483659435,0.4869354281424085,-0.03308397977646499,0.03308397977646499
0.5494183061851179,0.6217738125992311,-0.07235550641411326,0.07235550641411326
0.7961939204401095,0.7948851621568607,0.0013087582832488343,0.0013087582832488343
1.1321807165247717,1.0228076635010417,0.10937305302373002,0.10937305302373002
0.5480873832187684,0.498821190318888,0.04926619289988038,0.04926619289988038
0.8099944456086376,0.9135654510194208,-0.10357100541078312,0.10357100541078312
0.579730411471064,0.301633896362411,0.27809651510865296,0.27809651510865296
0.4892093570559104,0.7534944579726419,-0.2642851009167315,0.2642851009167315
0.5561447310735069,1.4558303328206432,-0.8996856017471363,0.8996856017471363
0.4770632662036267,0.0,0.4770632662036267,0.4770632662036267
0.7333233775958355,0.5875581609285809,0.14576521666725462,0.14576521666725462
0.3322482939632105,0.0,0.3322482939632105,0.3322482939632105
0.4062549460293829,0.5955258974385479,-0.189270951409165,0.189270951409165
0.7530910039174339,1.2023213879585326,-0.4492303840410987,0.4492303840410987
0.5633174517358029,1.1286262942285403,-0.5653088424927374,0.5653088424927374
0.6052217822979895,1.07141521037648,-0.4661934280784905,0.4661934280784905
0.4,0.0020428532552518,0.39795714674474825,0.39795714674474825
0.8,0.0782330657482086,0.7217669342517914,0.7217669342517914
0.6,0.2280541584206143,0.3719458415793857,0.3719458415793857
0.6,0.3414520556942819,0.2585479443057181,0.2585479443057181
1.6268858066002263,2.059640776834581,-0.4327549702343547,0.4327549702343547
2.9826713553861293,2.838474728588867,0.14419662679726208,0.14419662679726208
2.9489717758099068,2.7034539998181826,0.2455177759917242,0.2455177759917242
2.686740331121587,2.8670991847885725,-0.18035885366698556,0.18035885366698556
1.3718829183654722,1.878137715173803,-0.5062547968083309,0.5062547968083309
1.2660956469166913,2.041808790005395,-0.7757131430887036,0.7757131430887036
2.6368413584111803,2.713167109771116,-0.0763257513599358,0.0763257513599358
1.0,1.6962908577913312,-0.6962908577913312,0.6962908577913312
3.0,1.947101586079849,1.052898413920151,1.052898413920151
0.9814360581560068,1.1816299201841394,-0.2001938620281326,0.2001938620281326
0.5175817230094645,0.0444418851670536,0.47313983784241087,0.47313983784241087
0.5731757916040728,0.3260778242962611,0.24709796730781175,0.24709796730781175
0.6636769574159984,0.9664873692408842,-0.3028104118248858,0.3028104118248858
0.4538514483659435,0.4609960313569342,-0.007144582990990689,0.007144582990990689
0.5494183061851179,0.58694502180902,-0.037526715623902085,0.037526715623902085
0.7961939204401095,0.8021449065848225,-0.005950986144713011,0.005950986144713011
1.1321807165247717,0.9997419669258284,0.1324387495989433,0.1324387495989433
0.5480873832187684,0.4535567673514423,0.09453061586732608,0.09453061586732608
0.8099944456086376,0.8775497403605399,-0.06755529475190225,0.06755529475190225
0.579730411471064,0.3187397930363523,0.26099061843471166,0.26099061843471166
0.4892093570559104,0.7774070916021889,-0.2881977345462785,0.2881977345462785
0.5561447310735069,1.4858416781008053,-0.9296969470272983,0.9296969470272983
0.4770632662036267,0.0,0.4770632662036267,0.4770632662036267
0.7333233775958355,0.594351984322779,0.13897139327305652,0.13897139327305652
0.3322482939632105,0.0,0.3322482939632105,0.3322482939632105
0.4062549460293829,0.636892375422499,-0.2306374293931161,0.2306374293931161
0.7530910039174339,1.24962247900372,-0.49653147508628614,0.49653147508628614
0.5633174517358029,1.0975737447906382,-0.5342562930548352,0.5342562930548352
0.6052217822979895,1.1261982009903433,-0.5209764186923538,0.5209764186923538
0.4,0.0,0.4,0.4
0.8,0.1399543445023059,0.6600456554976941,0.6600456554976941
0.6,0.2864244146444089,0.3135755853555911,0.3135755853555911
0.6,0.408204168204039,0.191795831795961,0.191795831795961
1.6268858066002263,1.8887106306733568,-0.26182482407313046,0.26182482407313046
2.9826713553861293,3.022188154086938,-0.03951679870080893,0.03951679870080893
2.9489717758099068,2.2021878778841755,0.7467838979257313,0.7467838979257313
2.686740331121587,2.637706910391233,0.04903342073035377,0.04903342073035377
1.3718829183654722,1.8935738603478829,-0.5216909419824107,0.5216909419824107
1.2660956469166913,1.889676226346914,-0.6235805794302227,0.6235805794302227
2.6368413584111803,2.2385484594577063,0.398292898953474,0.398292898953474
1.0,1.8284981749199327,-0.8284981749199327,0.8284981749199327
3.0,1.8874440993674788,1.1125559006325212,1.1125559006325212
0.9814360581560068,0.5833931573241111,0.39804290083189564,0.39804290083189564
0.5175817230094645,0.6079807014645693,-0.0903989784551048,0.0903989784551048
0.5731757916040728,0.5353312912711571,0.037844500332915754,0.037844500332915754
0.6636769574159984,0.6193319778164362,0.044344979599562184,0.044344979599562184
0.4538514483659435,0.5800096555890754,-0.12615820722313187,0.12615820722313187
0.5494183061851179,0.5441051099293098,0.005313196255808061,0.005313196255808061
0.7961939204401095,0.6325644169407191,0.16362950349939043,0.16362950349939043
1.1321807165247717,0.9136938241137148,0.2184868924110569,0.2184868924110569
0.5480873832187684,0.5285132053756082,0.01957417784316018,0.01957417784316018
0.8099944456086376,0.6678267761124157,0.14216766949622195,0.14216766949622195
0.579730411471064,0.6012270888400217,-0.021496677368957773,0.021496677368957773
0.4892093570559104,0.6427650112285295,-0.15355565417261907,0.15355565417261907
0.5561447310735069,0.9074980244926272,-0.35135329341912025,0.35135329341912025
0.4770632662036267,0.5716834951818013,-0.09462022897817457,0.09462022897817457
0.7333233775958355,0.608541201876247,0.1247821757195885,0.1247821757195885
0.3322482939632105,0.6082633064293397,-0.2760150124661292,0.2760150124661292
0.4062549460293829,0.7052822128757984,-0.2990272668464155,0.2990272668464155
0.7530910039174339,0.7093761789535197,0.04371482496391421,0.04371482496391421
0.5633174517358029,0.6686700178915761,-0.10535256615577315,0.10535256615577315
0.6052217822979895,0.8576459807349631,-0.2524241984369736,0.2524241984369736
0.4,0.4816984488963704,-0.0816984488963704,0.0816984488963704
0.8,0.5879667185350517,0.21203328146494838,0.21203328146494838
0.6,0.5749791132653429,0.025020886734657077,0.025020886734657077
0.6,0.5220054142955886,0.07799458570441142,0.07799458570441142
1.6268858066002263,1.85840392112732,-0.2315181145270937,0.2315181145270937
2.9826713553861293,3.0203773975372314,-0.03770604215110218,0.03770604215110218
2.9489717758099068,2.396449565887451,0.5525222099224556,0.5525222099224556
2.686740331121587,3.013902425765991,-0.32716209464440427,0.32716209464440427
1.3718829183654722,1.734269618988037,-0.36238670062256495,0.36238670062256495
1.2660956469166913,1.6460658311843872,-0.3799701842676959,0.3799701842676959
2.6368413584111803,2.4128527641296387,0.2239885942815416,0.2239885942815416
1.0,1.7088528871536257,-0.7088528871536257,0.7088528871536257
3.0,1.82206392288208,1.17793607711792,1.17793607711792
0.9814360581560068,1.0133671760559082,-0.03193111789990144,0.03193111789990144
0.5175817230094645,0.5235193967819214,-0.005937673772456908,0.005937673772456908
0.5731757916040728,0.6082893013954163,-0.03511350979134342,0.03511350979134342
0.6636769574159984,0.868628978729248,-0.20495202131324963,0.20495202131324963
0.4538514483659435,0.5582904815673828,-0.10443903320143932,0.10443903320143932
0.5494183061851179,0.6755609512329102,-0.12614264504779227,0.12614264504779227
0.7961939204401095,0.7815068960189819,0.01468702442112757,0.01468702442112757
1.1321807165247717,0.8927533626556396,0.23942735386913205,0.23942735386913205
0.5480873832187684,0.520377516746521,0.02770986647224738,0.02770986647224738
0.8099944456086376,1.1315152645111084,-0.32152081890247075,0.32152081890247075
0.579730411471064,0.4766332805156708,0.10309713095539319,0.10309713095539319
0.4892093570559104,0.5729663968086243,-0.08375703975271387,0.08375703975271387
0.5561447310735069,1.0614935159683228,-0.5053487848948158,0.5053487848948158
0.4770632662036267,0.3861905634403229,0.09087270276330384,0.09087270276330384
0.7333233775958355,0.7741296887397766,-0.040806311143941065,0.040806311143941065
0.3322482939632105,0.3765408098697662,-0.044292515906555696,0.044292515906555696
0.4062549460293829,0.4753133654594421,-0.06905841943005919,0.06905841943005919
0.7530910039174339,0.5830299854278564,0.17006101848957744,0.17006101848957744
0.5633174517358029,0.578612744808197,-0.015295293072394078,0.015295293072394078
0.6052217822979895,0.8069144487380981,-0.20169266644010864,0.20169266644010864
0.4,0.3466376960277557,0.05336230397224434,0.05336230397224434
0.8,0.4390612244606018,0.36093877553939824,0.36093877553939824
0.6,0.4504288136959076,0.14957118630409239,0.14957118630409239
0.6,0.5099359750747681,0.09006402492523191,0.09006402492523191
1.6268858066002263,1.210352843761369,0.4165329628388572,0.4165329628388572
2.9826713553861293,1.210352843761369,1.7723185116247602,1.7723185116247602
2.9489717758099068,1.210352843761369,1.7386189320485377,1.7386189320485377
2.686740331121587,1.210352843761369,1.4763874873602179,1.4763874873602179
1.3718829183654722,1.210352843761369,0.16153007460410307,0.16153007460410307
1.2660956469166913,1.210352843761369,0.05574280315532221,0.05574280315532221
2.6368413584111803,1.210352843761369,1.4264885146498112,1.4264885146498112
1.0,1.210352843761369,-0.2103528437613691,0.2103528437613691
3.0,1.210352843761369,1.789647156238631,1.789647156238631
0.9814360581560068,1.210352843761369,-0.22891678560536233,0.22891678560536233
0.5175817230094645,1.210352843761369,-0.6927711207519046,0.6927711207519046
0.5731757916040728,1.210352843761369,-0.6371770521572963,0.6371770521572963
0.6636769574159984,1.210352843761369,-0.5466758863453707,0.5466758863453707
0.4538514483659435,1.210352843761369,-0.7565013953954256,0.7565013953954256
0.5494183061851179,1.210352843761369,-0.6609345375762512,0.6609345375762512
0.7961939204401095,1.210352843761369,-0.4141589233212596,0.4141589233212596
1.1321807165247717,1.210352843761369,-0.07817212723659739,0.07817212723659739
0.5480873832187684,1.210352843761369,-0.6622654605426007,0.6622654605426007
0.8099944456086376,1.210352843761369,-0.40035839815273144,0.40035839815273144
0.579730411471064,1.210352843761369,-0.6306224322903051,0.6306224322903051
0.4892093570559104,1.210352843761369,-0.7211434867054587,0.7211434867054587
0.5561447310735069,1.210352843761369,-0.6542081126878622,0.6542081126878622
0.4770632662036267,1.210352843761369,-0.7332895775577424,0.7332895775577424
0.7333233775958355,1.210352843761369,-0.47702946616553354,0.47702946616553354
0.3322482939632105,1.210352843761369,-0.8781045497981586,0.8781045497981586
0.4062549460293829,1.210352843761369,-0.8040978977319861,0.8040978977319861
0.7530910039174339,1.210352843761369,-0.4572618398439352,0.4572618398439352
0.5633174517358029,1.210352843761369,-0.6470353920255661,0.6470353920255661
0.6052217822979895,1.210352843761369,-0.6051310614633796,0.6051310614633796
0.4,1.210352843761369,-0.8103528437613691,0.8103528437613691
0.8,1.210352843761369,-0.41035284376136905,0.41035284376136905
0.6,1.210352843761369,-0.6103528437613691,0.6103528437613691
0.6,1.210352843761369,-0.6103528437613691,0.6103528437613691
1.6268858066002263,0.998217962738254,0.6286678438619723,0.6286678438619723
2.9826713553861293,1.2420509948225935,1.7406203605635358,1.7406203605635358
2.9489717758099068,0.9017773634873943,2.0471944123225123,2.0471944123225123
2.686740331121587,1.2268833250552542,1.4598570060663327,1.4598570060663327
1.3718829183654722,0.7348491531617445,0.6370337652037277,0.6370337652037277
1.2660956469166913,0.8514536736524099,0.4146419732642814,0.4146419732642814
2.6368413584111803,0.8514536736524099,1.7853876847587704,1.7853876847587704
1.0,1.1668003480577729,-0.16680034805777288,0.16680034805777288
3.0,1.3422193955550934,1.6577806044449066,1.6577806044449066
0.9814360581560068,1.84100172544326,-0.8595656672872533,0.8595656672872533
0.5175817230094645,1.1668003480577729,-0.6492186250483084,0.6492186250483084
0.5731757916040728,1.1668003480577729,-0.5936245564537,0.5936245564537
0.6636769574159984,1.3422193955550934,-0.678542438139095,0.678542438139095
0.4538514483659435,0.9017773634873943,-0.44792591512145086,0.44792591512145086
0.5494183061851179,0.9017773634873943,-0.35235905730227646,0.35235905730227646
0.7961939204401095,1.2268833250552542,-0.4306894046151447,0.4306894046151447
1.1321807165247717,1.2231457277618305,-0.0909650112370588,0.0909650112370588
0.5480873832187684,0.7348491531617445,-0.1867617699429761,0.1867617699429761
0.8099944456086376,1.7313409031923446,-0.9213464575837069,0.9213464575837069
0.579730411471064,0.998217962738254,-0.41848755126719006,0.41848755126719006
0.4892093570559104,1.84100172544326,-1.3517923683873496,1.3517923683873496
0.5561447310735069,1.84100172544326,-1.2848569943697532,1.2848569943697532
0.4770632662036267,1.1668003480577729,-0.6897370818541462,0.6897370818541462
0.7333233775958355,1.4842002035711954,-0.7508768259753599,0.7508768259753599
0.3322482939632105,0.9543325380601656,-0.6220842440969552,0.6220842440969552
0.4062549460293829,0.9543325380601656,-0.5480775920307828,0.5480775920307828
0.7530910039174339,1.3422193955550934,-0.5891283916376595,0.5891283916376595
0.5633174517358029,1.2420509948225935,-0.6787335430867906,0.6787335430867906
0.6052217822979895,1.2268833250552542,-0.6216615427572647,0.6216615427572647
0.4,1.1668003480577729,-0.7668003480577729,0.7668003480577729
0.8,1.4842002035711954,-0.6842002035711954,0.6842002035711954
0.6,1.2268833250552542,-0.6268833250552542,0.6268833250552542
0.6,1.7313409031923446,-1.1313409031923447,1.1313409031923447
2.291177593433027,2.100442384136436,0.19073520929659082,0.19073520929659082
3.474743554785576,2.533624517206466,0.9411190375791096,0.9411190375791096
2.594196684748674,2.5691904864563853,0.025006198292288673,0.025006198292288673
1.8697114647833253,1.9214334042929853,-0.051721939509659975,0.051721939509659975
1.723713168491681,2.470075395071873,-0.7463622265801919,0.7463622265801919
2.6510166735556018,2.5345341855627894,0.11648248799281236,0.11648248799281236
1.540156423059482,2.799610451856534,-1.259454028797052,1.259454028797052
1.4308611121074777,1.9701835089615445,-0.5393223968540668,0.5393223968540668
2.3,2.2437533950823982,0.056246604917601584,0.056246604917601584
1.3,2.0129461009941307,-0.7129461009941307,0.7129461009941307
1.1,2.2195954141978924,-1.1195954141978923,1.1195954141978923
1.2,1.709292676871654,-0.5092926768716541,0.5092926768716541
0.7107039593083359,0.5459354987617319,0.164768460546604,0.164768460546604
0.6904468967705395,0.2401379651567237,0.4503089316138158,0.4503089316138158
0.653829971282899,1.718286163405622,-1.064456192122723,1.064456192122723
1.2309422257456628,1.811371213585956,-0.5804289878402933,0.5804289878402933
0.997989808692561,1.2333184894667983,-0.2353286807742373,0.2353286807742373
0.9823435270848496,1.4281733739436049,-0.44582984685875526,0.44582984685875526
0.7279249098775472,1.2451035664818304,-0.5171786566042832,0.5171786566042832
0.5714159022282193,0.904034341711014,-0.3326184394827948,0.3326184394827948
0.7,0.3616163529091449,0.33838364709085506,0.33838364709085506
0.6391522952809118,0.3699712493807743,0.26918104590013747,0.26918104590013747
0.3649043656974847,0.0,0.3649043656974847,0.3649043656974847
0.5950828682883496,0.7274651743766949,-0.13238230608834534,0.13238230608834534
0.4243713490577802,0.3736337881706708,0.0507375608871094,0.0507375608871094
0.4198664546099319,0.2804489904579839,0.139417464151948,0.139417464151948
1.0649682679639256,0.977372210402174,0.0875960575617516,0.0875960575617516
0.4313168954422955,0.9925414406704396,-0.5612245452281441,0.5612245452281441
0.4055485017270916,0.0175070151660179,0.38804148656107373,0.38804148656107373
0.6,0.2309961849438642,0.3690038150561358,0.3690038150561358
0.5,0.4366843838963037,0.06331561610369629,0.06331561610369629
0.4,0.0,0.4,0.4
0.5,0.6647694876405827,-0.16476948764058275,0.16476948764058275
2.291177593433027,2.1388925944185995,0.1522849990144275,0.1522849990144275
3.474743554785576,2.463098119866605,1.0116454349189707,1.0116454349189707
2.594196684748674,2.5902737444358674,0.003922940312806489,0.003922940312806489
1.8697114647833253,2.00490233841135,-0.13519087362802473,0.13519087362802473
1.723713168491681,2.451614021033675,-0.7279008525419939,0.7279008525419939
2.6510166735556018,2.5688375352425856,0.08217913831301615,0.08217913831301615
1.540156423059482,2.7907700219812392,-1.2506135989217573,1.2506135989217573
1.4308611121074777,2.052285350326153,-0.6214242382186752,0.6214242382186752
2.3,2.266839573419057,0.03316042658094265,0.03316042658094265
1.3,2.0390585728273045,-0.7390585728273045,0.7390585728273045
1.1,2.193581706116729,-1.093581706116729,1.093581706116729
1.2,1.726762328140512,-0.526762328140512,0.526762328140512
0.7107039593083359,0.5870015714165798,0.12370238789175603,0.12370238789175603
0.6904468967705395,0.2974989145553885,0.392947982215151,0.392947982215151
0.653829971282899,1.6571185405850892,-1.0032885693021902,1.0032885693021902
1.2309422257456628,1.823827604360638,-0.5928853786149753,0.5928853786149753
0.997989808692561,1.2491848637837446,-0.25119505509118356,0.25119505509118356
0.9823435270848496,1.4094637525377591,-0.4271202254529095,0.4271202254529095
0.7279249098775472,1.2388789989792195,-0.5109540891016723,0.5109540891016723
0.5714159022282193,0.934745262803144,-0.3633293605749247,0.3633293605749247
0.7,0.3427079489406693,0.35729205105933065,0.35729205105933065
0.6391522952809118,0.3589855921074598,0.280166703173452,0.280166703173452
0.3649043656974847,0.0478201495534755,0.31708421614400917,0.31708421614400917
0.5950828682883496,0.7672677472386529,-0.17218487895030332,0.17218487895030332
0.4243713490577802,0.3864118826177644,0.0379594664400158,0.0379594664400158
0.4198664546099319,0.3219070736570552,0.0979593809528767,0.0979593809528767
1.0649682679639256,0.9285650089171787,0.13640325904674688,0.13640325904674688
0.4313168954422955,0.9892002339773066,-0.557883338535011,0.557883338535011
0.4055485017270916,0.0,0.4055485017270916,0.4055485017270916
0.6,0.1920811172513995,0.40791888274860044,0.40791888274860044
0.5,0.4652697854151247,0.034730214584875296,0.034730214584875296
0.4,0.0,0.4,0.4
0.5,0.6797332615834658,-0.1797332615834658,0.1797332615834658
2.291177593433027,2.15363971604232,0.13753787739070678,0.13753787739070678
3.474743554785576,2.409503902576718,1.0652396522088576,1.0652396522088576
2.594196684748674,2.5889071948977955,0.005289489850878404,0.005289489850878404
1.8697114647833253,2.079913373863153,-0.2102019090798275,0.2102019090798275
1.723713168491681,2.385814147659344,-0.6621009791676631,0.6621009791676631
2.6510166735556018,2.590625528323615,0.060391145231986965,0.060391145231986965
1.540156423059482,2.8108212173396825,-1.2706647942802005,1.2706647942802005
1.4308611121074777,2.157348106054892,-0.7264869939474141,0.7264869939474141
2.3,2.2061595512213006,0.09384044877869924,0.09384044877869924
1.3,2.137812255329058,-0.8378122553290581,0.8378122553290581
1.1,2.144338962131348,-1.0443389621313477,1.0443389621313477
1.2,1.80717959799904,-0.60717959799904,0.60717959799904
0.7107039593083359,0.5893414177461485,0.1213625415621874,0.1213625415621874
0.6904468967705395,0.2983677544284083,0.3920791423421312,0.3920791423421312
0.653829971282899,1.5753059444123554,-0.9214759731294564,0.9214759731294564
1.2309422257456628,1.8765395128827007,-0.6455972871370379,0.6455972871370379
0.997989808692561,1.2514897906439222,-0.25349998195136114,0.25349998195136114
0.9823435270848496,1.374701468357408,-0.3923579412725583,0.3923579412725583
0.7279249098775472,1.2465229190435112,-0.518598009165964,0.518598009165964
0.5714159022282193,0.9958610789152328,-0.42444517668701354,0.42444517668701354
0.7,0.2263357155126716,0.47366428448732834,0.47366428448732834
0.6391522952809118,0.3432742882640576,0.2958780070168542,0.2958780070168542
0.3649043656974847,0.0492730681475137,0.315631297549971,0.315631297549971
0.5950828682883496,0.777232543746549,-0.1821496754581995,0.1821496754581995
0.4243713490577802,0.4165049273454033,0.007866421712376892,0.007866421712376892
0.4198664546099319,0.3342636178766678,0.08560283673326408,0.08560283673326408
1.0649682679639256,0.9527385165561956,0.11222975140773006,0.11222975140773006
0.4313168954422955,0.9974282327626168,-0.5661113373203213,0.5661113373203213
0.4055485017270916,0.0,0.4055485017270916,0.4055485017270916
0.6,0.1498742465997722,0.45012575340022776,0.45012575340022776
0.5,0.3927665666442349,0.10723343335576507,0.10723343335576507
0.4,0.0208821529885991,0.37911784701140094,0.37911784701140094
0.5,0.620075515963767,-0.12007551596376698,0.12007551596376698
2.291177593433027,2.173735855111528,0.11744173832149896,0.11744173832149896
3.474743554785576,2.4054243174113266,1.0693192373742493,1.0693192373742493
2.594196684748674,2.598527908286176,-0.004331223537501927,0.004331223537501927
1.8697114647833253,2.0579041714442274,-0.18819270666090215,0.18819270666090215
1.723713168491681,2.415561747026288,-0.6918485785346067,0.6918485785346067
2.6510166735556018,2.5856058405138667,0.06541083304173512,0.06541083304173512
1.540156423059482,2.8006322518965536,-1.2604758288370717,1.2604758288370717
1.4308611121074777,2.1411388480963742,-0.7102777359888965,0.7102777359888965
2.3,2.261455766697806,0.03854423330219392,0.03854423330219392
1.3,2.0820117573608967,-0.7820117573608967,0.7820117573608967
1.1,2.1920772466476697,-1.0920772466476696,1.0920772466476696
1.2,1.7719835735007834,-0.5719835735007834,0.5719835735007834
0.7107039593083359,0.6056262151533577,0.10507774415497817,0.10507774415497817
0.6904468967705395,0.2960727102583094,0.3943741865122301,0.3943741865122301
0.653829971282899,1.5857685310284584,-0.9319385597455594,0.9319385597455594
1.2309422257456628,1.8422908642302585,-0.6113486384845956,0.6113486384845956
0.997989808692561,1.2482385069788149,-0.25024869828625385,0.25024869828625385
0.9823435270848496,1.3768879813033483,-0.3945444542184987,0.3945444542184987
0.7279249098775472,1.2325226119383834,-0.5045977020608362,0.5045977020608362
0.5714159022282193,0.9615421406024484,-0.3901262383742291,0.3901262383742291
0.7,0.2809596448546125,0.41904035514538746,0.41904035514538746
0.6391522952809118,0.3356138028432779,0.30353849243763387,0.30353849243763387
0.3649043656974847,0.0445565552475888,0.3203478104498959,0.3203478104498959
0.5950828682883496,0.7659800455449756,-0.170897177256626,0.170897177256626
0.4243713490577802,0.3890497522129909,0.035321596844789305,0.035321596844789305
0.4198664546099319,0.3507212051015621,0.06914524950836981,0.06914524950836981
1.0649682679639256,0.9343086511458738,0.13065961681805183,0.13065961681805183
0.4313168954422955,0.9810064569276628,-0.5496895614853672,0.5496895614853672
0.4055485017270916,0.0,0.4055485017270916,0.4055485017270916
0.6,0.1367593675137004,0.46324063248629954,0.46324063248629954
0.5,0.4418299717289149,0.058170028271085084,0.058170028271085084
0.4,0.0002477083882348,0.39975229161176523,0.39975229161176523
0.5,0.6355165763070291,-0.13551657630702907,0.13551657630702907
2.291177593433027,2.2357075617365765,0.055470031696450484,0.055470031696450484
3.474743554785576,2.008756688807632,1.465986865977944,1.465986865977944
2.594196684748674,3.020534361629365,-0.42633767688069124,0.42633767688069124
1.8697114647833253,2.0067435853319733,-0.137032120548648,0.137032120548648
1.723713168491681,3.047059217233356,-1.323346048741675,1.323346048741675
2.6510166735556018,2.710911885543508,-0.05989521198790637,0.05989521198790637
1.540156423059482,2.6396353610793937,-1.0994789380199117,1.0994789380199117
1.4308611121074777,1.935593729101783,-0.5047326169943054,0.5047326169943054
2.3,1.9142666438699805,0.38573335613001936,0.38573335613001936
1.3,2.3190771178209584,-1.0190771178209583,1.0190771178209583
1.1,1.868673221129224,-0.768673221129224,0.768673221129224
1.2,1.7534238137613585,-0.5534238137613585,0.5534238137613585
0.7107039593083359,0.7125934741749266,-0.0018895148665907247,0.0018895148665907247
0.6904468967705395,0.5894882310531494,0.1009586657173901,0.1009586657173901
0.653829971282899,0.7668879192515422,-0.11305794796864321,0.11305794796864321
1.2309422257456628,0.8882763600104043,0.3426658657352585,0.3426658657352585
0.997989808692561,0.7725926066940381,0.22539720199852298,0.22539720199852298
0.9823435270848496,0.8435347600098707,0.1388087670749789,0.1388087670749789
0.7279249098775472,0.7420461207431334,-0.014121210865586153,0.014121210865586153
0.5714159022282193,0.7488048887006226,-0.1773889864724033,0.1773889864724033
0.7,0.6168419210148354,0.08315807898516459,0.08315807898516459
0.6391522952809118,0.5947724853947427,0.044379809886169075,0.044379809886169075
0.3649043656974847,0.5571971301369003,-0.19229276443941562,0.19229276443941562
0.5950828682883496,0.5849959403457171,0.01008692794263244,0.01008692794263244
0.4243713490577802,0.5726598308104576,-0.1482884817526774,0.1482884817526774
0.4198664546099319,0.6093907403818399,-0.18952428577190805,0.18952428577190805
1.0649682679639256,0.6545183984916316,0.410449869472294,0.410449869472294
0.4313168954422955,0.6126664849008463,-0.1813495894585508,0.1813495894585508
0.4055485017270916,0.5732402051899848,-0.16769170346289314,0.16769170346289314
0.6,0.5957253981533848,0.004274601846615211,0.004274601846615211
0.5,0.5523465224544677,-0.05234652245446769,0.05234652245446769
0.4,0.4920891051351755,-0.09208910513517549,0.09208910513517549
0.5,0.6052183846999525,-0.10521838469995248,0.10521838469995248
2.291177593433027,2.3392210006713867,-0.04804340723835976,0.04804340723835976
3.474743554785576,2.1432363986968994,1.3315071560886764,1.3315071560886764
2.594196684748674,2.721003770828247,-0.12680708607957314,0.12680708607957314
1.8697114647833253,2.183735609054565,-0.3140241442712397,0.3140241442712397
1.723713168491681,2.691143274307251,-0.9674301058155699,0.9674301058155699
2.6510166735556018,2.797990083694458,-0.14697341013885623,0.14697341013885623
1.540156423059482,2.7199504375457764,-1.1797940144862944,1.1797940144862944
1.4308611121074777,1.949320912361145,-0.5184598002536673,0.5184598002536673
2.3,2.14743971824646,0.15256028175353986,0.15256028175353986
1.3,2.355173110961914,-1.055173110961914,1.055173110961914
1.1,1.9948137998580933,-0.8948137998580932,0.8948137998580932
1.2,1.5506529808044434,-0.3506529808044434,0.3506529808044434
0.7107039593083359,0.6911340355873108,0.019569923721025062,0.019569923721025062
0.6904468967705395,0.5636973977088928,0.12674949906164668,0.12674949906164668
0.653829971282899,0.9585071206092834,-0.30467714932638446,0.30467714932638446
1.2309422257456628,1.263014793395996,-0.032072567650333283,0.032072567650333283
0.997989808692561,0.8508524894714355,0.1471373192211255,0.1471373192211255
0.9823435270848496,0.9052161574363708,0.07712736964847877,0.07712736964847877
0.7279249098775472,0.8651491403579712,-0.13722423048042398,0.13722423048042398
0.5714159022282193,1.0060306787490845,-0.4346147765208652,0.4346147765208652
0.7,0.6375621557235718,0.06243784427642818,0.06243784427642818
0.6391522952809118,0.5161991715431213,0.12295312373779044,0.12295312373779044
0.3649043656974847,0.4508236944675445,-0.08591932877005981,0.08591932877005981
0.5950828682883496,0.5385041236877441,0.05657874460060541,0.05657874460060541
0.4243713490577802,0.5738930702209473,-0.1495217211631671,0.1495217211631671
0.4198664546099319,0.5888490080833435,-0.16898255347341162,0.16898255347341162
1.0649682679639256,0.547289252281189,0.5176790156827367,0.5176790156827367
0.4313168954422955,0.6265485286712646,-0.19523163322896914,0.19523163322896914
0.4055485017270916,0.3815800845623016,0.023968417164790035,0.023968417164790035
0.6,0.0511075221002101,0.5488924778997899,0.5488924778997899
0.5,0.4758111834526062,0.0241888165473938,0.0241888165473938
0.4,0.0,0.4,0.4
0.5,0.5543431043624878,-0.05434310436248779,0.05434310436248779
2.291177593433027,1.1906133339886869,1.10056425944434,1.10056425944434
3.474743554785576,1.1906133339886869,2.284130220796889,2.284130220796889
2.594196684748674,1.1906133339886869,1.403583350759987,1.403583350759987
1.8697114647833253,1.1906133339886869,0.6790981307946384,0.6790981307946384
1.723713168491681,1.1906133339886869,0.5330998345029943,0.5330998345029943
2.6510166735556018,1.1906133339886869,1.460403339566915,1.460403339566915
1.540156423059482,1.1906133339886869,0.3495430890707951,0.3495430890707951
1.4308611121074777,1.1906133339886869,0.24024777811879083,0.24024777811879083
2.3,1.1906133339886869,1.109386666011313,1.109386666011313
1.3,1.1906133339886869,0.1093866660113132,0.1093866660113132
1.1,1.1906133339886869,-0.09061333398868676,0.09061333398868676
1.2,1.1906133339886869,0.009386666011313105,0.009386666011313105
0.7107039593083359,1.1906133339886869,-0.479909374680351,0.479909374680351
0.6904468967705395,1.1906133339886869,-0.5001664372181474,0.5001664372181474
0.653829971282899,1.1906133339886869,-0.5367833627057879,0.5367833627057879
1.2309422257456628,1.1906133339886869,0.04032889175697596,0.04032889175697596
0.997989808692561,1.1906133339886869,-0.1926235252961258,0.1926235252961258
0.9823435270848496,1.1906133339886869,-0.20826980690383723,0.20826980690383723
0.7279249098775472,1.1906133339886869,-0.46268842411113964,0.46268842411113964
0.5714159022282193,1.1906133339886869,-0.6191974317604676,0.6191974317604676
0.7,1.1906133339886869,-0.4906133339886869,0.4906133339886869
0.6391522952809118,1.1906133339886869,-0.5514610387077751,0.5514610387077751
0.3649043656974847,1.1906133339886869,-0.8257089682912022,0.8257089682912022
0.5950828682883496,1.1906133339886869,-0.5955304657003373,0.5955304657003373
0.4243713490577802,1.1906133339886869,-0.7662419849309067,0.7662419849309067
0.4198664546099319,1.1906133339886869,-0.770746879378755,0.770746879378755
1.0649682679639256,1.1906133339886869,-0.12564506602476122,0.12564506602476122
0.4313168954422955,1.1906133339886869,-0.7592964385463914,0.7592964385463914
0.4055485017270916,1.1906133339886869,-0.7850648322615952,0.7850648322615952
0.6,1.1906133339886869,-0.5906133339886869,0.5906133339886869
0.5,1.1906133339886869,-0.6906133339886869,0.6906133339886869
0.4,1.1906133339886869,-0.7906133339886868,0.7906133339886868
0.5,1.1906133339886869,-0.6906133339886869,0.6906133339886869
2.291177593433027,1.3313115096782602,0.9598660837547668,0.9598660837547668
3.474743554785576,1.3313115096782602,2.143432045107316,2.143432045107316
2.594196684748674,0.6671515067689574,1.9270451779797164,1.9270451779797164
1.8697114647833253,0.6671515067689574,1.2025599580143678,1.2025599580143678
1.723713168491681,0.7753455237043178,0.9483676447873634,0.9483676447873634
2.6510166735556018,1.3996458898002693,1.2513707837553325,1.2513707837553325
1.540156423059482,0.562600356102126,0.977556066957356,0.977556066957356
1.4308611121074777,0.562600356102126,0.8682607560053517,0.8682607560053517
2.3,1.3313115096782602,0.9686884903217396,0.9686884903217396
1.3,0.7753455237043178,0.5246544762956823,0.5246544762956823
1.1,1.3635556529602204,-0.2635556529602203,0.2635556529602203
1.2,0.562600356102126,0.637399643897874,0.637399643897874
0.7107039593083359,1.3313115096782602,-0.6206075503699243,0.6206075503699243
0.6904468967705395,0.7753455237043178,-0.08489862693377825,0.08489862693377825
0.653829971282899,1.3996458898002693,-0.7458159185173703,0.7458159185173703
1.2309422257456628,1.3635556529602204,-0.1326134272145576,0.1326134272145576
0.997989808692561,1.0645876643997176,-0.0665978557071566,0.0665978557071566
0.9823435270848496,1.3101012652606938,-0.3277577381758442,0.3277577381758442
0.7279249098775472,0.562600356102126,0.1653245537754212,0.1653245537754212
0.5714159022282193,1.6501806886639876,-1.0787647864357683,1.0787647864357683
0.7,1.1311925240124878,-0.43119252401248787,0.43119252401248787
0.6391522952809118,1.0949643550172918,-0.45581205973638006,0.45581205973638006
0.3649043656974847,0.7753455237043178,-0.41044115800683306,0.41044115800683306
0.5950828682883496,1.3996458898002693,-0.8045630215119197,0.8045630215119197
0.4243713490577802,1.0645876643997176,-0.6402163153419375,0.6402163153419375
0.4198664546099319,1.3101012652606938,-0.8902348106507619,0.8902348106507619
1.0649682679639256,1.302181545394098,-0.2372132774301723,0.2372132774301723
0.4313168954422955,0.562600356102126,-0.1312834606598305,0.1312834606598305
0.4055485017270916,1.1311925240124878,-0.7256440222853962,0.7256440222853962
0.6,1.0949643550172918,-0.49496435501729186,0.49496435501729186
0.5,1.3313115096782602,-0.8313115096782602,0.8313115096782602
0.4,1.3620568369438073,-0.9620568369438073,0.9620568369438073
0.5,1.302181545394098,-0.8021815453940979,0.8021815453940979
1.9919193221111424,2.91340040656532,-0.9214810844541774,0.9214810844541774
1.60003238244435,1.8878532945715127,-0.28782091212716265,0.28782091212716265
1.4355644271735015,2.572163204303972,-1.1365987771304706,1.1365987771304706
1.6788303054282812,2.126430305580093,-0.44760000015181167,0.44760000015181167
4.280134298861751,2.618412206603657,1.6617220922580938,1.6617220922580938
1.0,2.218854938167089,-1.2188549381670888,1.2188549381670888
1.3,1.6652960508210823,-0.3652960508210823,0.3652960508210823
2.5,2.718407722550736,-0.21840772255073615,0.21840772255073615
2.1,2.4128804038935394,-0.3128804038935393,0.3128804038935393
0.879146894389113,1.3477335129401475,-0.46858661855103456,0.46858661855103456
0.8655043603230825,0.7400271453530618,0.12547721497002073,0.12547721497002073
0.7056484947012804,0.7895854104246199,-0.0839369157233395,0.0839369157233395
0.6700120852270204,0.7201818765688829,-0.0501697913418625,0.0501697913418625
0.5422885207412549,0.7578844731112597,-0.21559595237000484,0.21559595237000484
0.8632751628341233,0.8068935247150848,0.05638163811903851,0.05638163811903851
0.4787820909269001,0.2676949873983915,0.21108710352850862,0.21108710352850862
1.1835686146592244,1.0527453129784852,0.1308233016807392,0.1308233016807392
0.4,0.2038793465761381,0.19612065342386192,0.19612065342386192
0.5,0.5522365061392187,-0.05223650613921871,0.05223650613921871
0.4,0.6531880445419169,-0.2531880445419169,0.2531880445419169
0.6,0.6261505648699481,-0.026150564869948156,0.026150564869948156
0.6,1.1527408289255638,-0.5527408289255639,0.5527408289255639
0.5048175502104532,1.144368232292534,-0.6395506820820808,0.6395506820820808
0.7713261452057005,0.9155589728693484,-0.14423282766364787,0.14423282766364787
0.5747979489963491,0.5514623410213687,0.023335607974980355,0.023335607974980355
0.1047330767226874,1.525030889708251,-1.4202978129855635,1.4202978129855635
0.5842063659602571,0.7610484357716087,-0.17684206981135164,0.17684206981135164
0.6957406402698985,0.8266849086571102,-0.13094426838721174,0.13094426838721174
0.5562316869210366,0.1878831072227109,0.36834857969832574,0.36834857969832574
0.5,0.1221351482931603,0.3778648517068397,0.3778648517068397
0.3,0.0,0.3,0.3
0.4,0.0,0.4,0.4
0.6,0.1199556283462186,0.4800443716537814,0.4800443716537814
1.9919193221111424,2.90366857056575,-0.9117492484546075,0.9117492484546075
1.60003238244435,1.9241901213087136,-0.3241577388643635,0.3241577388643635
1.4355644271735015,2.596047003231357,-1.1604825760578554,1.1604825760578554
1.6788303054282812,2.2565362211139144,-0.5777059156856332,0.5777059156856332
4.280134298861751,2.678233248677654,1.6019010501840967,1.6019010501840967
1.0,2.2548331672424826,-1.2548331672424826,1.2548331672424826
1.3,1.7582574865422609,-0.45825748654226084,0.45825748654226084
2.5,2.7104827325792527,-0.21048273257925265,0.21048273257925265
2.1,2.363398696415282,-0.2633986964152819,0.2633986964152819
0.879146894389113,1.335441471545149,-0.45629457715603605,0.45629457715603605
0.8655043603230825,0.7127135091621897,0.15279085116089286,0.15279085116089286
0.7056484947012804,0.8202425469354103,-0.11459405223412988,0.11459405223412988
0.6700120852270204,0.6716508975188372,-0.001638812291816838,0.001638812291816838
0.5422885207412549,0.7077036397601136,-0.16541511901885875,0.16541511901885875
0.8632751628341233,0.7650589118123645,0.0982162510217588,0.0982162510217588
0.4787820909269001,0.3331051101425443,0.14567698078435581,0.14567698078435581
1.1835686146592244,1.110006149657053,0.07356246500217134,0.07356246500217134
0.4,0.1536910711664401,0.24630892883355993,0.24630892883355993
0.5,0.4859268958115523,0.014073104188447705,0.014073104188447705
0.4,0.6866060682218811,-0.28660606822188106,0.28660606822188106
0.6,0.6134395257780472,-0.01343952577804719,0.01343952577804719
0.6,1.1422556335586511,-0.5422556335586511,0.5422556335586511
0.5048175502104532,1.0447789259209177,-0.5399613757104645,0.5399613757104645
0.7713261452057005,0.978820657293917,-0.20749451208821645,0.20749451208821645
0.5747979489963491,0.5043457082145378,0.07045224078181123,0.07045224078181123
0.1047330767226874,1.4785166228971456,-1.373783546174458,1.373783546174458
0.5842063659602571,0.6502523990624748,-0.06604603310221768,0.06604603310221768
0.6957406402698985,0.8564554753099187,-0.16071483504002027,0.16071483504002027
0.5562316869210366,0.1838229927977819,0.3724086941232547,0.3724086941232547
0.5,0.1444182701208949,0.3555817298791051,0.3555817298791051
0.3,0.0,0.3,0.3
0.4,0.0,0.4,0.4
0.6,0.1124844818722528,0.4875155181277472,0.4875155181277472
1.9919193221111424,2.8269037179790164,-0.834984395867874,0.834984395867874
1.60003238244435,1.8984064686266933,-0.2983740861823432,0.2983740861823432
1.4355644271735015,2.652584762967978,-1.2170203357944767,1.2170203357944767
1.6788303054282812,2.4136812016475284,-0.7348508962192473,0.7348508962192473
4.280134298861751,2.7307794951709368,1.549354803690814,1.549354803690814
1.0,2.3710488633626703,-1.3710488633626703,1.3710488633626703
1.3,1.8574696413856773,-0.5574696413856772,0.5574696413856772
2.5,2.49273788467993,0.007262115320069817,0.007262115320069817
2.1,2.1129673977699515,-0.012967397769951372,0.012967397769951372
0.879146894389113,1.2557447479551576,-0.3765978535660446,0.3765978535660446
0.8655043603230825,0.7130265325859982,0.1524778277370843,0.1524778277370843
0.7056484947012804,0.8012133070749414,-0.09556481237366099,0.09556481237366099
0.6700120852270204,0.6170399629674145,0.0529721222596059,0.0529721222596059
0.5422885207412549,0.7240849991674138,-0.18179647842615887,0.18179647842615887
0.8632751628341233,0.9002669132376981,-0.03699175040357483,0.03699175040357483
0.4787820909269001,0.4322319648424052,0.04655012608449488,0.04655012608449488
1.1835686146592244,1.159620525147078,0.023948089512146442,0.023948089512146442
0.4,0.1787777651192654,0.22122223488073461,0.22122223488073461
0.5,0.5373850111382368,-0.03738501113823678,0.03738501113823678
0.4,0.7998898933388113,-0.3998898933388113,0.3998898933388113
0.6,0.5475999558334619,0.052400044166538096,0.052400044166538096
0.6,0.9215789146560708,-0.3215789146560708,0.3215789146560708
0.5048175502104532,0.9539989760925376,-0.44918142588208443,0.44918142588208443
0.7713261452057005,0.949377501957401,-0.17805135675170047,0.17805135675170047
0.5747979489963491,0.5152580841196355,0.05953986487671359,0.05953986487671359
0.1047330767226874,1.4147848008479744,-1.310051724125287,1.310051724125287
0.5842063659602571,0.6370051885579637,-0.05279882259770663,0.05279882259770663
0.6957406402698985,0.7730393214599517,-0.07729868119005323,0.07729868119005323
0.5562316869210366,0.1578738898301233,0.39835779709091335,0.39835779709091335
0.5,0.2217417902923575,0.2782582097076425,0.2782582097076425
0.3,0.0774837563140404,0.22251624368595957,0.22251624368595957
0.4,0.0,0.4,0.4
0.6,0.0,0.6,0.6
1.9919193221111424,2.866554308293128,-0.8746349861819858,0.8746349861819858
1.60003238244435,1.8993259574673065,-0.2992935750229564,0.2992935750229564
1.4355644271735015,2.6520225314939934,-1.2164581043204918,1.2164581043204918
1.6788303054282812,2.4273891869586333,-0.7485588815303521,0.7485588815303521
4.280134298861751,2.740988637398184,1.5391456614635666,1.5391456614635666
1.0,2.331357487417965,-1.3313574874179648,1.3313574874179648
1.3,1.8240817950040225,-0.5240817950040224,0.5240817950040224
2.5,2.5661887481555627,-0.06618874815556275,0.06618874815556275
2.1,2.2184091043497323,-0.11840910434973217,0.11840910434973217
0.879146894389113,1.2852880662241934,-0.4061411718350805,0.4061411718350805
0.8655043603230825,0.6949518489725534,0.17055251135052918,0.17055251135052918
0.7056484947012804,0.8047680916518589,-0.09911959695057848,0.09911959695057848
0.6700120852270204,0.6458812427454226,0.024130842481597803,0.024130842481597803
0.5422885207412549,0.7068138289863234,-0.1645253082450685,0.1645253082450685
0.8632751628341233,0.8190010972914248,0.044274065542698526,0.044274065542698526
0.4787820909269001,0.4128302280783026,0.0659518628485975,0.0659518628485975
1.1835686146592244,1.1597223953292497,0.02384621932997466,0.02384621932997466
0.4,0.1016145529976593,0.2983854470023407,0.2983854470023407
0.5,0.4526592370741192,0.0473407629258808,0.0473407629258808
0.4,0.7500912453490313,-0.35009124534903124,0.35009124534903124
0.6,0.5708089695213959,0.029191030478604052,0.029191030478604052
0.6,0.9849225060866286,-0.3849225060866286,0.3849225060866286
0.5048175502104532,0.9725155299304544,-0.46769797972000127,0.46769797972000127
0.7713261452057005,0.9974972447574334,-0.22617109955173287,0.22617109955173287
0.5747979489963491,0.5055999478346268,0.06919800116172226,0.06919800116172226
0.1047330767226874,1.4430605001434125,-1.338327423420725,1.338327423420725
0.5842063659602571,0.5914702136607003,-0.007263847700443193,0.007263847700443193
0.6957406402698985,0.8349222124980011,-0.13918157222810268,0.13918157222810268
0.5562316869210366,0.1854596523371836,0.37077203458385305,0.37077203458385305
0.5,0.136399269964426,0.363600730035574,0.363600730035574
0.3,0.0416016717833915,0.25839832821660846,0.25839832821660846
0.4,0.0,0.4,0.4
0.6,0.0,0.6,0.6
1.9919193221111424,2.8177955475404146,-0.8258762254292722,0.8258762254292722
1.60003238244435,2.127915123133713,-0.5278827406893627,0.5278827406893627
1.4355644271735015,2.432378759887248,-0.9968143327137466,0.9968143327137466
1.6788303054282812,2.923039707896032,-1.244209402467751,1.244209402467751
4.280134298861751,2.813238935563529,1.4668953632982218,1.4668953632982218
1.0,2.021052674242002,-1.0210526742420019,1.0210526742420019
1.3,1.7266948566291946,-0.4266948566291946,0.4266948566291946
2.5,2.7501847525268714,-0.25018475252687145,0.25018475252687145
2.1,2.1938951338765493,-0.09389513387654924,0.09389513387654924
0.879146894389113,0.8239982233154112,0.055148671073701805,0.055148671073701805
0.8655043603230825,0.6366443131485915,0.22886004717449104,0.22886004717449104
0.7056484947012804,0.7569119028524527,-0.05126340815117225,0.05126340815117225
0.6700120852270204,0.6464030186625174,0.023609066564503012,0.023609066564503012
0.5422885207412549,0.6127303693541082,-0.0704418486128533,0.0704418486128533
0.8632751628341233,0.6871727862501333,0.17610237658398997,0.17610237658398997
0.4787820909269001,0.5879031756253902,-0.10912108469849008,0.10912108469849008
1.1835686146592244,0.8342341746665433,0.3493344399926811,0.3493344399926811
0.4,0.6086606682943936,-0.20866066829439356,0.20866066829439356
0.5,0.5989701187566455,-0.09897011875664552,0.09897011875664552
0.4,0.6083056252709665,-0.20830562527096652,0.20830562527096652
0.6,0.6231504832267326,-0.023150483226732632,0.023150483226732632
0.6,0.673840485532489,-0.07384048553248901,0.07384048553248901
0.5048175502104532,0.5986888129775377,-0.09387126276708457,0.09387126276708457
0.7713261452057005,0.7665498537268643,0.004776291478836181,0.004776291478836181
0.5747979489963491,0.536485873296315,0.03831207570003403,0.03831207570003403
0.1047330767226874,0.7536970323595008,-0.6489639556368134,0.6489639556368134
0.5842063659602571,0.5668054060291626,0.017400959931094473,0.017400959931094473
0.6957406402698985,0.6896117492465648,0.0061288910233336935,0.0061288910233336935
0.5562316869210366,0.5744565074125739,-0.018224820491537286,0.018224820491537286
0.5,0.5435051820245621,-0.043505182024562106,0.043505182024562106
0.3,0.5398327260813249,-0.23983272608132494,0.23983272608132494
0.4,0.5221499709804099,-0.12214997098040992,0.12214997098040992
0.6,0.5688175206572149,0.031182479342785063,0.031182479342785063
1.9919193221111424,2.551033735275269,-0.5591144131641266,0.5591144131641266
1.60003238244435,2.00903058052063,-0.4089981980762798,0.4089981980762798
1.4355644271735015,2.543457269668579,-1.1078928424950776,1.1078928424950776
1.6788303054282812,2.3755404949188232,-0.6967101894905421,0.6967101894905421
4.280134298861751,2.848558187484741,1.4315761113770096,1.4315761113770096
1.0,2.231541633605957,-1.231541633605957,1.231541633605957
1.3,1.441291570663452,-0.14129157066345188,0.14129157066345188
2.5,2.673920154571533,-0.1739201545715332,0.1739201545715332
2.1,2.293174982070923,-0.19317498207092276,0.19317498207092276
0.879146894389113,0.8622522950172424,0.016894599371870545,0.016894599371870545
0.8655043603230825,0.6922958493232727,0.17320851099980983,0.17320851099980983
0.7056484947012804,0.7199105620384216,-0.014262067337141193,0.014262067337141193
0.6700120852270204,0.797791063785553,-0.1277789785585326,0.1277789785585326
0.5422885207412549,0.4177061021327972,0.1245824186084577,0.1245824186084577
0.8632751628341233,0.5404118895530701,0.32286327328105324,0.32286327328105324
0.4787820909269001,0.3691492974758148,0.10963279345108529,0.10963279345108529
1.1835686146592244,1.0629719495773315,0.12059666508189282,0.12059666508189282
0.4,0.3701456189155578,0.029854381084442216,0.029854381084442216
0.5,0.9165576100349426,-0.4165576100349426,0.4165576100349426
0.4,0.978679656982422,-0.578679656982422,0.578679656982422
0.6,0.7155168056488037,-0.11551680564880373,0.11551680564880373
0.6,0.6329057812690735,-0.03290578126907351,0.03290578126907351
0.5048175502104532,0.8597134947776794,-0.3548959445672263,0.3548959445672263
0.7713261452057005,0.9518072009086608,-0.18048105570296025,0.18048105570296025
0.5747979489963491,0.2809124588966369,0.29388549009971215,0.29388549009971215
0.1047330767226874,3.516773700714112,-3.412040623991425,3.412040623991425
0.5842063659602571,1.0558383464813232,-0.47163198052106614,0.47163198052106614
0.6957406402698985,0.6705455780029297,0.02519506226696877,0.02519506226696877
0.5562316869210366,0.542117178440094,0.014114508480942645,0.014114508480942645
0.5,0.0234257988631725,0.4765742011368275,0.4765742011368275
0.3,0.2776325941085815,0.0223674058914185,0.0223674058914185
0.4,0.1581209748983383,0.24187902510166173,0.24187902510166173
0.6,0.5399494171142578,0.060050582885742165,0.060050582885742165
1.9919193221111424,1.227328442197014,0.7645908799141283,0.7645908799141283
1.60003238244435,1.227328442197014,0.372703940247336,0.372703940247336
1.4355644271735015,1.227328442197014,0.20823598497648743,0.20823598497648743
1.6788303054282812,1.227328442197014,0.45150186323126706,0.45150186323126706
4.280134298861751,1.227328442197014,3.0528058566647367,3.0528058566647367
1.0,1.227328442197014,-0.2273284421970141,0.2273284421970141
1.3,1.227328442197014,0.07267155780298595,0.07267155780298595
2.5,1.227328442197014,1.272671557802986,1.272671557802986
2.1,1.227328442197014,0.872671557802986,0.872671557802986
0.879146894389113,1.227328442197014,-0.3481815478079011,0.3481815478079011
0.8655043603230825,1.227328442197014,-0.36182408187393156,0.36182408187393156
0.7056484947012804,1.227328442197014,-0.5216799474957337,0.5216799474957337
0.6700120852270204,1.227328442197014,-0.5573163569699937,0.5573163569699937
0.5422885207412549,1.227328442197014,-0.6850399214557592,0.6850399214557592
0.8632751628341233,1.227328442197014,-0.3640532793628908,0.3640532793628908
0.4787820909269001,1.227328442197014,-0.748546351270114,0.748546351270114
1.1835686146592244,1.227328442197014,-0.04375982753778973,0.04375982753778973
0.4,1.227328442197014,-0.8273284421970141,0.8273284421970141
0.5,1.227328442197014,-0.7273284421970141,0.7273284421970141
0.4,1.227328442197014,-0.8273284421970141,0.8273284421970141
0.6,1.227328442197014,-0.6273284421970141,0.6273284421970141
0.6,1.227328442197014,-0.6273284421970141,0.6273284421970141
0.5048175502104532,1.227328442197014,-0.7225108919865609,0.7225108919865609
0.7713261452057005,1.227328442197014,-0.45600229699131356,0.45600229699131356
0.5747979489963491,1.227328442197014,-0.652530493200665,0.652530493200665
0.1047330767226874,1.227328442197014,-1.1225953654743266,1.1225953654743266
0.5842063659602571,1.227328442197014,-0.643122076236757,0.643122076236757
0.6957406402698985,1.227328442197014,-0.5315878019271156,0.5315878019271156
0.5562316869210366,1.227328442197014,-0.6710967552759775,0.6710967552759775
0.5,1.227328442197014,-0.7273284421970141,0.7273284421970141
0.3,1.227328442197014,-0.927328442197014,0.927328442197014
0.4,1.227328442197014,-0.8273284421970141,0.8273284421970141
0.6,1.227328442197014,-0.6273284421970141,0.6273284421970141
1.9919193221111424,0.9391361409589438,1.0527831811521986,1.0527831811521986
1.60003238244435,0.8181796238149897,0.7818527586293604,0.7818527586293604
1.4355644271735015,1.992636879160856,-0.5570724519873544,0.5570724519873544
1.6788303054282812,1.2988789499926896,0.37995135543559155,0.37995135543559155
4.280134298861751,1.3219367747563566,2.958197524105394,2.958197524105394
1.0,1.992636879160856,-0.992636879160856,0.992636879160856
1.3,1.0468237801747518,0.2531762198252483,0.2531762198252483
2.5,1.1803898398967538,1.3196101601032462,1.3196101601032462
2.1,1.3219367747563566,0.7780632252436435,0.7780632252436435
0.879146894389113,0.9391361409589438,-0.059989246569830845,0.059989246569830845
0.8655043603230825,0.9391361409589438,-0.07363178063586129,0.07363178063586129
0.7056484947012804,1.0029774722520295,-0.29732897755074905,0.29732897755074905
0.6700120852270204,1.5326730436102252,-0.8626609583832048,0.8626609583832048
0.5422885207412549,1.992636879160856,-1.450348358419601,1.450348358419601
0.8632751628341233,1.1803898398967538,-0.3171146770626305,0.3171146770626305
0.4787820909269001,0.8389679742274785,-0.3601858833005784,0.3601858833005784
1.1835686146592244,1.3219367747563566,-0.13836816009713226,0.13836816009713226
0.4,1.0029774722520295,-0.6029774722520295,0.6029774722520295
0.5,1.5326730436102252,-1.0326730436102252,1.0326730436102252
0.4,1.992636879160856,-1.5926368791608558,1.5926368791608558
0.6,1.2639293303910657,-0.6639293303910657,0.6639293303910657
0.6,1.1803898398967538,-0.5803898398967539,0.5803898398967539
0.5048175502104532,1.644635284096755,-1.1398177338863018,1.1398177338863018
0.7713261452057005,1.4185453880092809,-0.6472192428035803,0.6472192428035803
0.5747979489963491,1.992636879160856,-1.417838930164507,1.417838930164507
0.1047330767226874,1.992636879160856,-1.8879038024381685,1.8879038024381685
0.5842063659602571,1.3219367747563566,-0.7377304087960995,0.7377304087960995
0.6957406402698985,1.1739446016290038,-0.47820396135910537,0.47820396135910537
0.5562316869210366,1.1739446016290038,-0.6177129147079672,0.6177129147079672
0.5,0.8181796238149897,-0.31817962381498965,0.31817962381498965
0.3,1.0468237801747518,-0.7468237801747517,0.7468237801747517
0.4,0.8389679742274785,-0.43896797422747846,0.43896797422747846
0.6,1.1739446016290038,-0.5739446016290038,0.5739446016290038
1.5470171390615697,1.7448502379885895,-0.19783309892701983,0.19783309892701983
2.594196684748674,2.362074264052716,0.232122420695958,0.232122420695958
1.8697114647833253,1.771185823723631,0.09852564105969419,0.09852564105969419
1.5321273000173696,2.2148578344131686,-0.682730534395799,0.682730534395799
2.9489717758099068,2.745960406904773,0.2030113689051336,0.2030113689051336
2.235407081928281,2.2198107925624138,0.01559628936586721,0.01559628936586721
1.2660956469166913,2.141557950988761,-0.8754623040720695,0.8754623040720695
2.6368413584111803,2.719183532315947,-0.08234217390476672,0.08234217390476672
1.4980452432828957,2.149467445425702,-0.6514222021428064,0.6514222021428064
1.0,2.0413631136852306,-1.0413631136852306,1.0413631136852306
1.3,1.7467425687667868,-0.44674256876678675,0.44674256876678675
2.1,2.1150693939488265,-0.015069393948826448,0.015069393948826448
0.5175817230094645,0.1443280962694948,0.37325362673996965,0.37325362673996965
0.7056484947012804,0.7615521223336209,-0.05590362763234047,0.05590362763234047
0.5731757916040728,0.1706636820045357,0.40251210959953715,0.40251210959953715
0.4538514483659435,0.6143356926940735,-0.16048424432813002,0.16048424432813002
0.997989808692561,1.1454382651856785,-0.14744845649311744,0.14744845649311744
0.5494183061851179,0.6192886508433186,-0.06987034465820074,0.06987034465820074
0.5251432400895707,0.5410358092696658,-0.015892569180095073,0.015892569180095073
0.7559563988183644,1.118661390596852,-0.3627049917784877,0.3627049917784877
0.6778710254152407,0.548945303706607,0.1289257217086337,0.1289257217086337
0.4,0.4408409719661355,-0.04084097196613545,0.04084097196613545
0.3,0.1462204270476919,0.1537795729523081,0.1537795729523081
0.7,0.5145472522297312,0.18545274777026877,0.18545274777026877
0.4770632662036267,0.0,0.4770632662036267,0.4770632662036267
0.5641103408681047,0.5521527810364214,0.01195755983168334,0.01195755983168334
0.4869183122414556,0.0,0.4869183122414556,0.4869183122414556
0.3602760666772656,0.4049363513968738,-0.0446602847196082,0.0446602847196082
0.6658246650132922,0.9360389238884784,-0.27021425887518624,0.27021425887518624
0.4243713490577802,0.4098893095461191,0.014482039511661104,0.014482039511661104
0.4055485017270916,0.3316364679724661,0.07391203375462552,0.07391203375462552
0.6957406402698985,0.9092620492996524,-0.21352140902975392,0.21352140902975392
0.5562316869210366,0.3395459624094075,0.21668572451162915,0.21668572451162915
0.4,0.2314416306689359,0.16855836933106413,0.16855836933106413
0.3,0.0,0.3,0.3
0.6,0.3051479109325317,0.2948520890674683,0.2948520890674683
1.5470171390615697,1.7253862705062448,-0.17836913144467514,0.17836913144467514
2.594196684748674,2.405502879323539,0.1886938054251348,0.1886938054251348
1.8697114647833253,1.8862500641195,-0.01653859933617463,0.01653859933617463
1.5321273000173696,2.158465165119288,-0.6263378651019185,0.6263378651019185
2.9489717758099068,2.773868776451702,0.17510299935820495,0.17510299935820495
2.235407081928281,2.236389840961251,-0.0009827590329698488,0.0009827590329698488
1.2660956469166913,2.1010814718649247,-0.8349858249482334,0.8349858249482334
2.6368413584111803,2.7817237543270035,-0.1448823959158232,0.1448823959158232
1.4980452432828957,2.176888771730197,-0.6788435284473013,0.6788435284473013
1.0,1.972995311169916,-0.9729953111699161,0.9729953111699161
1.3,1.8262560825879088,-0.5262560825879088,0.5262560825879088
2.1,2.084958007165976,0.015041992834023965,0.015041992834023965
0.5175817230094645,0.131600996461118,0.3859807265483465,0.3859807265483465
0.7056484947012804,0.8117176052784123,-0.10606911057713186,0.10606911057713186
0.5731757916040728,0.2924647900743724,0.2807110015297004,0.2807110015297004
0.4538514483659435,0.5646798910741606,-0.11082844270821712,0.11082844270821712
0.997989808692561,1.1800835024065748,-0.18209369371401374,0.18209369371401374
0.5494183061851179,0.642604566916124,-0.09318626073100611,0.09318626073100611
0.5251432400895707,0.5072961978197977,0.01784704226977296,0.01784704226977296
0.7559563988183644,1.1879384802818769,-0.43198208146351247,0.43198208146351247
0.6778710254152407,0.5831034976850696,0.09476752773017105,0.09476752773017105
0.4,0.379210037124789,0.02078996287521101,0.02078996287521101
0.3,0.2324708085427818,0.0675291914572182,0.0675291914572182
0.7,0.4911727331208491,0.20882726687915087,0.20882726687915087
0.4770632662036267,0.0,0.4770632662036267,0.4770632662036267
0.5641103408681047,0.6047107544370256,-0.04060041356892086,0.04060041356892086
0.4869183122414556,0.0854579392329859,0.4014603730084697,0.4014603730084697
0.3602760666772656,0.3576730402327739,0.002603026444491674,0.002603026444491674
0.6658246650132922,0.9730766515651882,-0.307251986551896,0.307251986551896
0.4243713490577802,0.4355977160747373,-0.011226367016957117,0.011226367016957117
0.4055485017270916,0.3002893469784109,0.1052591547486807,0.1052591547486807
0.6957406402698985,0.98093162944049,-0.2851909891705915,0.2851909891705915
0.5562316869210366,0.376096646843683,0.18013504007735365,0.18013504007735365
0.4,0.1722031862834026,0.22779681371659743,0.22779681371659743
0.3,0.0254639577013953,0.2745360422986047,0.2745360422986047
0.6,0.2841658822794624,0.3158341177205376,0.3158341177205376
1.5470171390615697,1.7550674001891124,-0.20805026112754277,0.20805026112754277
2.594196684748674,2.416725497275933,0.17747118747274104,0.17747118747274104
1.8697114647833253,2.0011065825181182,-0.13139511773479295,0.13139511773479295
1.5321273000173696,2.181861337355208,-0.6497340373378382,0.6497340373378382
2.9489717758099068,2.792163410776757,0.15680836503314977,0.15680836503314977
2.235407081928281,2.2957018686542154,-0.06029478672593447,0.06029478672593447
1.2660956469166913,2.127947426712257,-0.8618517797955656,0.8618517797955656
2.6368413584111803,2.8315029399268057,-0.1946615815156254,0.1946615815156254
1.4980452432828957,2.229808818465425,-0.7317635751825293,0.7317635751825293
1.0,2.044985577358415,-1.044985577358415,1.044985577358415
1.3,1.868590971251704,-0.5685909712517039,0.5685909712517039
2.1,1.953553544449678,0.14644645555032199,0.14644645555032199
0.5175817230094645,0.1500815036264338,0.3675002193830307,0.3675002193830307
0.7056484947012804,0.8117396007132541,-0.10609110601197369,0.10609110601197369
0.5731757916040728,0.3961206859554392,0.17705510564863364,0.17705510564863364
0.4538514483659435,0.5768754407925293,-0.1230239924265858,0.1230239924265858
0.997989808692561,1.1871775142140784,-0.1891877055215173,0.1891877055215173
0.5494183061851179,0.6907159720915367,-0.1412976659064188,0.1412976659064188
0.5251432400895707,0.5229615301495779,0.002181709939992782,0.002181709939992782
0.7559563988183644,1.2265170433641266,-0.4705606445457622,0.4705606445457622
0.6778710254152407,0.6248229219027458,0.05304810351249489,0.05304810351249489
0.4,0.4399996807957361,-0.03999968079573607,0.03999968079573607
0.3,0.263605074689025,0.03639492531097499,0.03639492531097499
0.7,0.3485676478869992,0.3514323521130008,0.3514323521130008
0.4770632662036267,0.0,0.4770632662036267,0.4770632662036267
0.5641103408681047,0.6068040142596387,-0.04269367339153396,0.04269367339153396
0.4869183122414556,0.1911850995018233,0.29573321273963227,0.29573321273963227
0.3602760666772656,0.3719398543389132,-0.011663787661647607,0.011663787661647607
0.6658246650132922,0.9822419277604628,-0.31641726274717064,0.31641726274717064
0.4243713490577802,0.4857803856379212,-0.06140903658014102,0.06140903658014102
0.4055485017270916,0.318025943695962,0.08752255803112963,0.08752255803112963
0.6957406402698985,1.021581456910511,-0.3258408166406126,0.3258408166406126
0.5562316869210366,0.4198873354491299,0.13634435147190677,0.13634435147190677
0.4,0.2350640943421201,0.1649359056578799,0.1649359056578799
0.3,0.0586694882354095,0.24133051176459047,0.24133051176459047
0.6,0.1436320614333834,0.4563679385666166,0.4563679385666166
1.5470171390615697,1.7356271544969646,-0.1886100154353949,0.1886100154353949
2.594196684748674,2.417354344154505,0.17684234059416903,0.17684234059416903
1.8697114647833253,1.9481285647331608,-0.07841709994983548,0.07841709994983548
1.5321273000173696,2.1527519111629125,-0.6206246111455429,0.6206246111455429
2.9489717758099068,2.7931982103682937,0.15577356544161303,0.15577356544161303
2.235407081928281,2.261526235971921,-0.02611915404364007,0.02611915404364007
1.2660956469166913,2.109842583301408,-0.8437469363847168,0.8437469363847168
2.6368413584111803,2.826998933353956,-0.19015757494277574,0.19015757494277574
1.4980452432828957,2.2139677557459363,-0.7159225124630406,0.7159225124630406
1.0,1.9447140039270048,-0.9447140039270048,0.9447140039270048
1.3,1.8759312287741816,-0.5759312287741816,0.5759312287741816
2.1,2.024475935156965,0.07552406484303509,0.07552406484303509
0.5175817230094645,0.1292332059640659,0.3883485170453986,0.3883485170453986
0.7056484947012804,0.8109603956216058,-0.10531190092032539,0.10531190092032539
0.5731757916040728,0.3417346162002627,0.23144117540381015,0.23144117540381015
0.4538514483659435,0.5463579626300135,-0.09250651426406997,0.09250651426406997
0.997989808692561,1.1868042618353944,-0.1888144531428334,0.1888144531428334
0.5494183061851179,0.655132287439022,-0.10571398125390408,0.10571398125390408
0.5251432400895707,0.5034486347685088,0.021694605321061933,0.021694605321061933
0.7559563988183644,1.220604984821057,-0.46464858600269254,0.46464858600269254
0.6778710254152407,0.6075738072130372,0.07029721820220347,0.07029721820220347
0.4,0.3383200553941063,0.06167994460589371,0.06167994460589371
0.3,0.2695372802412825,0.030462719758717505,0.030462719758717505
0.7,0.4180819866240655,0.2819180133759345,0.2819180133759345
0.4770632662036267,0.0,0.4770632662036267,0.4770632662036267
0.5641103408681047,0.6040629127955139,-0.0399525719274092,0.0399525719274092
0.4869183122414556,0.1348371333741707,0.3520811788672849,0.3520811788672849
0.3602760666772656,0.3394604798039216,0.020815586873344005,0.020815586873344005
0.6658246650132922,0.9799067790093026,-0.3140821139960104,0.3140821139960104
0.4243713490577802,0.4482348046129301,-0.023863455555149904,0.023863455555149904
0.4055485017270916,0.2965511519424169,0.10899734978467474,0.10899734978467474
0.6957406402698985,1.013707501994965,-0.3179668617250666,0.3179668617250666
0.5562316869210366,0.4006763243869453,0.15555536253409136,0.15555536253409136
0.4,0.1314225725680144,0.26857742743198565,0.26857742743198565
0.3,0.0626397974151906,0.2373602025848094,0.2373602025848094
0.6,0.2111845037979738,0.38881549620202616,0.38881549620202616
1.5470171390615697,1.8927762967062824,-0.34575915764471277,0.34575915764471277
2.594196684748674,2.25779473951964,0.3364019452290341,0.3364019452290341
1.8697114647833253,2.0759865514687625,-0.20627508668543726,0.20627508668543726
1.5321273000173696,1.9805640981680588,-0.44843679815068915,0.44843679815068915
2.9489717758099068,2.2480178182338992,0.7009539575760075,0.7009539575760075
2.235407081928281,2.3433630452214804,-0.10795596329319945,0.10795596329319945
1.2660956469166913,1.9636510311809463,-0.697555384264255,0.697555384264255
2.6368413584111803,2.3864161954445,0.2504251629666805,0.2504251629666805
1.4980452432828957,1.998964996724824,-0.5009197534419283,0.5009197534419283
1.0,1.9861390771929432,-0.9861390771929432,0.9861390771929432
1.3,1.7716209143148791,-0.47162091431487907,0.47162091431487907
2.1,1.855585575834956,0.2444144241650441,0.2444144241650441
0.5175817230094645,0.5901818807631312,-0.07260015775366668,0.07260015775366668
0.7056484947012804,0.7067786496026685,-0.0011301549013880141,0.0011301549013880141
0.5731757916040728,0.6021534537323506,-0.028977662128277792,0.028977662128277792
0.4538514483659435,0.7229853914161446,-0.2691339430502011,0.2691339430502011
0.997989808692561,0.8891968432735395,0.1087929654190215,0.1087929654190215
0.5494183061851179,0.702890899002295,-0.15347259281717707,0.15347259281717707
0.5251432400895707,0.7506386732727166,-0.2254954331831459,0.2254954331831459
0.7559563988183644,0.9162484612154428,-0.16029206239707838,0.16029206239707838
0.6778710254152407,0.7070836117742157,-0.029212586358975057,0.029212586358975057
0.4,0.6284107086771271,-0.2284107086771271,0.2284107086771271
0.3,0.6962440546856214,-0.39624405468562146,0.39624405468562146
0.7,0.6951061351791199,0.004893864820880056,0.004893864820880056
0.4770632662036267,0.5111029004640504,-0.03403963426042367,0.03403963426042367
0.5641103408681047,0.5667965056940613,-0.0026861648259565163,0.0026861648259565163
0.4869183122414556,0.5230744734332697,-0.03615616119181414,0.03615616119181414
0.3602760666772656,0.6688013326597914,-0.3085252659825258,0.3085252659825258
0.6658246650132922,0.7729578813783042,-0.10713321636501205,0.10713321636501205
0.4243713490577802,0.6687522273013253,-0.24438087824354515,0.24438087824354515
0.4055485017270916,0.7002241872440126,-0.29467568551692097,0.29467568551692097
0.6957406402698985,0.8011612388495634,-0.1054205985796649,0.1054205985796649
0.5562316869210366,0.6763376028993221,-0.12010591597828546,0.12010591597828546
0.4,0.5614082770820606,-0.16140827708206062,0.16140827708206062
0.3,0.6736342256018395,-0.3736342256018395,0.3736342256018395
0.6,0.6701976372044826,-0.07019763720448258,0.07019763720448258
1.5470171390615697,1.845064878463745,-0.2980477394021752,0.2980477394021752
2.594196684748674,2.6822497844696045,-0.08805309972093056,0.08805309972093056
1.8697114647833253,2.230266094207764,-0.36055462942443883,0.36055462942443883
1.5321273000173696,1.695823311805725,-0.16369601178835547,0.16369601178835547
2.9489717758099068,2.410961389541626,0.5380103862682808,0.5380103862682808
2.235407081928281,2.4015204906463623,-0.16611340871808133,0.16611340871808133
1.2660956469166913,1.7796791791915894,-0.5135835322748981,0.5135835322748981
2.6368413584111803,2.843861818313598,-0.2070204599024179,0.2070204599024179
1.4980452432828957,1.980104923248291,-0.48205967996539534,0.48205967996539534
1.0,2.038633346557617,-1.0386333465576172,1.0386333465576172
1.3,1.4718782901763916,-0.17187829017639156,0.17187829017639156
2.1,1.6975376605987549,0.4024623394012452,0.4024623394012452
0.5175817230094645,0.5163148045539856,0.0012669184554788826,0.0012669184554788826
0.7056484947012804,0.7119035124778748,-0.006255017776594318,0.006255017776594318
0.5731757916040728,0.6964408159255981,-0.12326502432152531,0.12326502432152531
0.4538514483659435,0.6015662550926208,-0.14771480672667736,0.14771480672667736
0.997989808692561,0.8462967276573181,0.15169308103524293,0.15169308103524293
0.5494183061851179,1.3374515771865845,-0.7880332710014666,0.7880332710014666
0.5251432400895707,0.6795809864997864,-0.15443774641021568,0.15443774641021568
0.7559563988183644,0.9453784227371216,-0.18942202391875718,0.18942202391875718
0.6778710254152407,0.8323981761932373,-0.1545271507779966,0.1545271507779966
0.4,0.7731636762619019,-0.37316367626190183,0.37316367626190183
0.3,0.6611319780349731,-0.36113197803497316,0.36113197803497316
0.7,0.8069781064987183,-0.1069781064987183,0.1069781064987183
0.4770632662036267,0.3239132165908813,0.15315004961274542,0.15315004961274542
0.5641103408681047,0.474786639213562,0.08932370165454273,0.08932370165454273
0.4869183122414556,0.5088521838188171,-0.02193387157736154,0.02193387157736154
0.3602760666772656,0.4598836302757263,-0.09960756359846074,0.09960756359846074
0.6658246650132922,0.6272460222244263,0.03857864278886591,0.03857864278886591
0.4243713490577802,0.9206723570823668,-0.49630100802458665,0.49630100802458665
0.4055485017270916,0.5242497324943542,-0.11870123076726263,0.11870123076726263
0.6957406402698985,0.7430546879768372,-0.0473140477069387,0.0473140477069387
0.5562316869210366,0.6877849698066711,-0.1315532828856345,0.1315532828856345
0.4,0.4926576614379883,-0.09265766143798826,0.09265766143798826
0.3,0.5669562816619873,-0.2669562816619873,0.2669562816619873
0.6,0.6682700514793396,-0.06827005147933962,0.06827005147933962
1.5470171390615697,1.229064403570124,0.31795273549144576,0.31795273549144576
2.594196684748674,1.229064403570124,1.36513228117855,1.36513228117855
1.8697114647833253,1.229064403570124,0.6406470612132014,0.6406470612132014
1.5321273000173696,1.229064403570124,0.3030628964472457,0.3030628964472457
2.9489717758099068,1.229064403570124,1.7199073722397829,1.7199073722397829
2.235407081928281,1.229064403570124,1.006342678358157,1.006342678358157
1.2660956469166913,1.229064403570124,0.03703124334656738,0.03703124334656738
2.6368413584111803,1.229064403570124,1.4077769548410564,1.4077769548410564
1.4980452432828957,1.229064403570124,0.26898083971277176,0.26898083971277176
1.0,1.229064403570124,-0.22906440357012392,0.22906440357012392
1.3,1.229064403570124,0.07093559642987612,0.07093559642987612
2.1,1.229064403570124,0.8709355964298762,0.8709355964298762
0.5175817230094645,1.229064403570124,-0.7114826805606594,0.7114826805606594
0.7056484947012804,1.229064403570124,-0.5234159088688435,0.5234159088688435
0.5731757916040728,1.229064403570124,-0.6558886119660511,0.6558886119660511
0.4538514483659435,1.229064403570124,-0.7752129552041804,0.7752129552041804
0.997989808692561,1.229064403570124,-0.23107459487756288,0.23107459487756288
0.5494183061851179,1.229064403570124,-0.679646097385006,0.679646097385006
0.5251432400895707,1.229064403570124,-0.7039211634805532,0.7039211634805532
0.7559563988183644,1.229064403570124,-0.4731080047517595,0.4731080047517595
0.6778710254152407,1.229064403570124,-0.5511933781548832,0.5511933781548832
0.4,1.229064403570124,-0.8290644035701239,0.8290644035701239
0.3,1.229064403570124,-0.9290644035701239,0.9290644035701239
0.7,1.229064403570124,-0.529064403570124,0.529064403570124
0.4770632662036267,1.229064403570124,-0.7520011373664972,0.7520011373664972
0.5641103408681047,1.229064403570124,-0.6649540627020192,0.6649540627020192
0.4869183122414556,1.229064403570124,-0.7421460913286684,0.7421460913286684
0.3602760666772656,1.229064403570124,-0.8687883368928584,0.8687883368928584
0.6658246650132922,1.229064403570124,-0.5632397385568317,0.5632397385568317
0.4243713490577802,1.229064403570124,-0.8046930545123437,0.8046930545123437
0.4055485017270916,1.229064403570124,-0.8235159018430322,0.8235159018430322
0.6957406402698985,1.229064403570124,-0.5333237633002255,0.5333237633002255
0.5562316869210366,1.229064403570124,-0.6728327166490873,0.6728327166490873
0.4,1.229064403570124,-0.8290644035701239,0.8290644035701239
0.3,1.229064403570124,-0.9290644035701239,0.9290644035701239
0.6,1.229064403570124,-0.6290644035701239,0.6290644035701239
1.5470171390615697,1.229064403570124,0.31795273549144576,0.31795273549144576
2.594196684748674,1.229064403570124,1.36513228117855,1.36513228117855
1.8697114647833253,1.229064403570124,0.6406470612132014,0.6406470612132014
1.5321273000173696,1.229064403570124,0.3030628964472457,0.3030628964472457
2.9489717758099068,1.229064403570124,1.7199073722397829,1.7199073722397829
2.235407081928281,1.229064403570124,1.006342678358157,1.006342678358157
1.2660956469166913,1.229064403570124,0.03703124334656738,0.03703124334656738
2.6368413584111803,1.229064403570124,1.4077769548410564,1.4077769548410564
1.4980452432828957,1.229064403570124,0.26898083971277176,0.26898083971277176
1.0,1.229064403570124,-0.22906440357012392,0.22906440357012392
1.3,1.229064403570124,0.07093559642987612,0.07093559642987612
2.1,1.229064403570124,0.8709355964298762,0.8709355964298762
0.5175817230094645,1.229064403570124,-0.7114826805606594,0.7114826805606594
0.7056484947012804,1.229064403570124,-0.5234159088688435,0.5234159088688435
0.5731757916040728,1.229064403570124,-0.6558886119660511,0.6558886119660511
0.4538514483659435,1.229064403570124,-0.7752129552041804,0.7752129552041804
0.997989808692561,1.229064403570124,-0.23107459487756288,0.23107459487756288
0.5494183061851179,1.229064403570124,-0.679646097385006,0.679646097385006
0.5251432400895707,1.229064403570124,-0.7039211634805532,0.7039211634805532
0.7559563988183644,1.229064403570124,-0.4731080047517595,0.4731080047517595
0.6778710254152407,1.229064403570124,-0.5511933781548832,0.5511933781548832
0.4,1.229064403570124,-0.8290644035701239,0.8290644035701239
0.3,1.229064403570124,-0.9290644035701239,0.9290644035701239
0.7,1.229064403570124,-0.529064403570124,0.529064403570124
0.4770632662036267,1.229064403570124,-0.7520011373664972,0.7520011373664972
0.5641103408681047,1.229064403570124,-0.6649540627020192,0.6649540627020192
0.4869183122414556,1.229064403570124,-0.7421460913286684,0.7421460913286684
0.3602760666772656,1.229064403570124,-0.8687883368928584,0.8687883368928584
0.6658246650132922,1.229064403570124,-0.5632397385568317,0.5632397385568317
0.4243713490577802,1.229064403570124,-0.8046930545123437,0.8046930545123437
0.4055485017270916,1.229064403570124,-0.8235159018430322,0.8235159018430322
0.6957406402698985,1.229064403570124,-0.5333237633002255,0.5333237633002255
0.5562316869210366,1.229064403570124,-0.6728327166490873,0.6728327166490873
0.4,1.229064403570124,-0.8290644035701239,0.8290644035701239
0.3,1.229064403570124,-0.9290644035701239,0.9290644035701239
0.6,1.229064403570124,-0.6290644035701239,0.6290644035701239
2.291177593433027,2.0630874200944733,0.22809017333855364,0.22809017333855364
4.746403988018382,2.539354660880332,2.2070493271380496,2.2070493271380496
3.474743554785576,2.3947905180983025,1.0799530366872734,1.0799530366872734
1.6788303054282812,2.16953224633396,-0.490701940905679,0.490701940905679
4.580426866194772,2.677538441771164,1.9028884244236082,1.9028884244236082
2.9826713553861293,2.5791606276679824,0.4035107277181469,0.4035107277181469
3.0038294115831783,2.005587318363585,0.9982420932195932,0.9982420932195932
4.280134298861751,2.536684054805709,1.7434502440560418,1.7434502440560418
3.592580248493403,2.296192669949824,1.296387578543579,1.296387578543579
2.3,2.3661626389165007,-0.06616263891650087,0.06616263891650087
1.1,2.364993435485349,-1.2649934354853487,1.2649934354853487
2.1,2.4744329135161447,-0.3744329135161446,0.3744329135161446
0.7107039593083359,0.6963879189736053,0.014316040334730551,0.014316040334730551
1.3411688832335629,1.1726551597594637,0.1685137234740992,0.1685137234740992
0.9814360581560068,1.028091016977435,-0.04665495882142834,0.04665495882142834
0.6821726355797036,0.8028327452130917,-0.12066010963338802,0.12066010963338802
1.2309422257456628,1.3108389406502965,-0.07989671490463368,0.07989671490463368
0.9352419701157908,1.2124611265471148,-0.277219156431324,0.277219156431324
0.5714159022282193,0.6388878172427175,-0.06747191501449823,0.06747191501449823
1.1835686146592244,1.169984553684841,0.01358406097438336,0.01358406097438336
0.8099944456086376,0.929493168828956,-0.1194987232203184,0.1194987232203184
0.7,0.9994631377956328,-0.2994631377956328,0.2994631377956328
0.6,0.9982939343644812,-0.39829393436448124,0.39829393436448124
0.7,1.1077334123952771,-0.40773341239527716,0.40773341239527716
0.4892093570559104,0.5447614635524758,-0.05555210649656539,0.05555210649656539
0.5561447310735069,1.021028704338334,-0.464883973264827,0.464883973264827
0.5048175502104532,0.8764645615563054,-0.3716470113458522,0.3716470113458522
0.4632654520489824,0.6512062897919619,-0.18794083774297954,0.18794083774297954
0.7496304931127424,1.1592124852291668,-0.4095819921164243,0.4095819921164243
0.5633174517358029,1.060834671125985,-0.4975172193901821,0.4975172193901821
0.4788089757102604,0.4872613618215877,-0.008452386111327315,0.008452386111327315
0.8188652144271537,1.0183580982637113,-0.1994928838365576,0.1994928838365576
0.5842063659602571,0.7778667134078265,-0.19366034744756944,0.19366034744756944
0.5,0.8478366823745029,-0.34783668237450294,0.34783668237450294
0.4,0.8466674789433515,-0.44666747894335146,0.44666747894335146
0.6,0.9561069569741474,-0.3561069569741474,0.3561069569741474
2.291177593433027,2.085570189119621,0.20560740431340596,0.20560740431340596
4.746403988018382,2.5148637335599373,2.2315402544584444,2.2315402544584444
3.474743554785576,2.2872397420221464,1.1875038127634294,1.1875038127634294
1.6788303054282812,2.221803505249308,-0.542973199821027,0.542973199821027
4.580426866194772,2.6512665278433367,1.9291603383514353,1.9291603383514353
2.9826713553861293,2.4771755184659403,0.505495836920189,0.505495836920189
3.0038294115831783,2.0104478562239785,0.9933815553591998,0.9933815553591998
4.280134298861751,2.5219522593383688,1.758182039523382,1.758182039523382
3.592580248493403,2.1597857742290785,1.4327944742643246,1.4327944742643246
2.3,2.285973644939902,0.01402635506009764,0.01402635506009764
1.1,2.244228961572734,-1.144228961572734,1.144228961572734
2.1,2.341699663590533,-0.24169966359053285,0.24169966359053285
0.7107039593083359,0.7251961743085293,-0.014492215000193487,0.014492215000193487
1.3411688832335629,1.1544897187488457,0.18667916448471722,0.18667916448471722
0.9814360581560068,0.926865727211055,0.054570330944951784,0.054570330944951784
0.6821726355797036,0.8614294904382158,-0.17925685485851217,0.17925685485851217
1.2309422257456628,1.2908925130322453,-0.05995028728658247,0.05995028728658247
0.9352419701157908,1.116801503654849,-0.1815595335390583,0.1815595335390583
0.5714159022282193,0.6500738414128873,-0.07865793918466801,0.07865793918466801
1.1835686146592244,1.161578244527277,0.021990370131947268,0.021990370131947268
0.8099944456086376,0.7994117594179873,0.010582686190650392,0.010582686190650392
0.7,0.9255996301288107,-0.2255996301288108,0.2255996301288108
0.6,0.8838549467616423,-0.28385494676164236,0.28385494676164236
0.7,0.9813256487794416,-0.28132564877944166,0.28132564877944166
0.4892093570559104,0.5749027644780866,-0.08569340742217624,0.08569340742217624
0.5561447310735069,1.0041963089184032,-0.44805157784489624,0.44805157784489624
0.5048175502104532,0.7765723173806123,-0.2717547671701591,0.2717547671701591
0.4632654520489824,0.7111360806077732,-0.24787062855879083,0.24787062855879083
0.7496304931127424,1.1405991032018026,-0.39096861008906014,0.39096861008906014
0.5633174517358029,0.9665080938244066,-0.40319064208860367,0.40319064208860367
0.4788089757102604,0.4997804315824445,-0.02097145587218413,0.02097145587218413
0.8188652144271537,1.0112848346968346,-0.19241962026968096,0.19241962026968096
0.5842063659602571,0.6491183495875447,-0.06491198362728756,0.06491198362728756
0.5,0.7753062202983682,-0.27530622029836815,0.27530622029836815
0.4,0.7335615369311997,-0.3335615369311997,0.3335615369311997
0.6,0.831032238948999,-0.23103223894899905,0.23103223894899905
2.291177593433027,2.306408293199821,-0.015230699766794142,0.015230699766794142
4.746403988018382,2.805680126722532,1.9407238612958495,1.9407238612958495
3.474743554785576,2.5168434361967065,0.9579001185888694,0.9579001185888694
1.6788303054282812,2.377213103054605,-0.6983827976263239,0.6983827976263239
4.580426866194772,3.004632593502817,1.575794272691955,1.575794272691955
2.9826713553861293,2.7110620200708264,0.27160933531530285,0.27160933531530285
3.0038294115831783,2.306768013589088,0.6970613979940903,0.6970613979940903
4.280134298861751,2.596263757682379,1.6838705411793717,1.6838705411793717
3.592580248493403,2.3355318634036992,1.2570483850897038,1.2570483850897038
2.3,2.258296108989917,0.04170389101008265,0.04170389101008265
1.1,2.075913410148794,-0.9759134101487938,0.9759134101487938
2.1,2.1871162213092137,-0.08711622130921359,0.08711622130921359
0.7107039593083359,0.935011119388341,-0.22430716008000517,0.22430716008000517
1.3411688832335629,1.4342829529110517,-0.09311406967748881,0.09311406967748881
0.9814360581560068,1.1454462623852264,-0.16401020422921964,0.16401020422921964
0.6821726355797036,1.0058159292431252,-0.3236432936634216,0.3236432936634216
1.2309422257456628,1.6332354196913372,-0.4022931939456744,0.4022931939456744
0.9352419701157908,1.3396648462593463,-0.40442287614355554,0.40442287614355554
0.5714159022282193,0.9353708397776074,-0.3639549375493881,0.3639549375493881
1.1835686146592244,1.2248665838708992,-0.041297969211674834,0.041297969211674834
0.8099944456086376,0.9641346895922192,-0.1541402439835815,0.1541402439835815
0.7,0.8868989351784371,-0.18689893517843714,0.18689893517843714
0.6,0.7045162363373141,-0.1045162363373141,0.1045162363373141
0.7,0.8157190474977337,-0.11571904749773376,0.11571904749773376
0.4892093570559104,0.7880823366578243,-0.29887297960191395,0.29887297960191395
0.5561447310735069,1.2873541701805349,-0.731209439107028,0.731209439107028
0.5048175502104532,0.9985174796547096,-0.49369992944425645,0.49369992944425645
0.4632654520489824,0.8588871465126086,-0.39562169446362616,0.39562169446362616
0.7496304931127424,1.4863066369608202,-0.7366761438480778,0.7366761438480778
0.5633174517358029,1.1927360635288298,-0.6294186117930268,0.6294186117930268
0.4788089757102604,0.7884420570470907,-0.3096330813368303,0.3096330813368303
0.8188652144271537,1.0779378011403824,-0.25907258671322875,0.25907258671322875
0.5842063659602571,0.8172059068617024,-0.23299954090144526,0.23299954090144526
0.5,0.7399701524479205,-0.23997015244792053,0.23997015244792053
0.4,0.5575874536067973,-0.15758745360679727,0.15758745360679727
0.6,0.668790264767217,-0.06879026476721706,0.06879026476721706
2.291177593433027,2.209509170365725,0.08166842306730215,0.08166842306730215
4.746403988018382,2.6022685272701978,2.144135460748184,2.144135460748184
3.474743554785576,2.34230643609875,1.1324371186868256,1.1324371186868256
1.6788303054282812,2.390614216559986,-0.711783911131705,0.711783911131705
4.580426866194772,2.799305274274624,1.7811215919201482,1.7811215919201482
2.9826713553861293,2.590699161445679,0.39197219394045035,0.39197219394045035
3.0038294115831783,2.1247097632921044,0.8791196482910739,0.8791196482910739
4.280134298861751,2.566922677394113,1.7132116214676376,1.7132116214676376
3.592580248493403,2.168551701876349,1.4240285466170541,1.4240285466170541
2.3,2.2732901112773987,0.02670988872260116,0.02670988872260116
1.1,2.2098964395657337,-1.1098964395657336,1.1098964395657336
2.1,2.259789682658852,-0.15978968265885207,0.15978968265885207
0.7107039593083359,0.8414886826179375,-0.13078472330960167,0.13078472330960167
1.3411688832335629,1.2342480395224102,0.10692084371115262,0.10692084371115262
0.9814360581560068,0.9742859483509628,0.007150109805043936,0.007150109805043936
0.6821726355797036,1.0225937288121985,-0.3404210932324948,0.3404210932324948
1.2309422257456628,1.431284786526836,-0.2003425607811733,0.2003425607811733
0.9352419701157908,1.2226786736978916,-0.2874367035821008,0.2874367035821008
0.5714159022282193,0.7566892755443173,-0.18527337331609806,0.18527337331609806
1.1835686146592244,1.1989021896463257,-0.015333574987101306,0.015333574987101306
0.8099944456086376,0.8005312141285614,0.009463231480076217,0.009463231480076217
0.7,0.9052696235296112,-0.2052696235296112,0.2052696235296112
0.6,0.8418759518179459,-0.24187595181794597,0.24187595181794597
0.7,0.8917691949110647,-0.1917691949110647,0.1917691949110647
0.4892093570559104,0.6920793273621193,-0.2028699703062089,0.2028699703062089
0.5561447310735069,1.084838684266592,-0.5286939531930851,0.5286939531930851
0.5048175502104532,0.8248765930951446,-0.32005904288469145,0.32005904288469145
0.4632654520489824,0.8731843735563805,-0.40991892150739806,0.40991892150739806
0.7496304931127424,1.281875431271018,-0.5322449381582757,0.5322449381582757
0.5633174517358029,1.0732693184420734,-0.5099518667062705,0.5099518667062705
0.4788089757102604,0.6072799202884991,-0.1284709445782387,0.1284709445782387
0.8188652144271537,1.0494928343905077,-0.230627619963354,0.230627619963354
0.5842063659602571,0.6511218588727432,-0.06691549291248611,0.06691549291248611
0.5,0.7558602682737932,-0.25586026827379316,0.25586026827379316
0.4,0.6924665965621278,-0.2924665965621278,0.2924665965621278
0.6,0.7423598396552464,-0.14235983965524646,0.14235983965524646
2.291177593433027,2.5181304407009235,-0.22695284726789655,0.22695284726789655
4.746403988018382,2.669175680722424,2.077228307295958,2.077228307295958
3.474743554785576,2.5022414397574004,0.9725021150281754,0.9725021150281754
1.6788303054282812,2.40965714027283,-0.7308268348445488,0.7308268348445488
4.580426866194772,2.519269228225358,2.061157637969414,2.061157637969414
2.9826713553861293,2.365834689323356,0.6168366660627731,0.6168366660627731
3.0038294115831783,2.378836345415325,0.6249930661678533,0.6249930661678533
4.280134298861751,2.4733511014921934,1.8067831973695574,1.8067831973695574
3.592580248493403,2.3463069279237034,1.2462733205696996,1.2462733205696996
2.3,2.361527573731524,-0.0615275737315244,0.0615275737315244
1.1,2.360916724511608,-1.260916724511608,1.260916724511608
2.1,2.295878351463798,-0.19587835146379806,0.19587835146379806
0.7107039593083359,0.6278692421375909,0.08283471717074498,0.08283471717074498
1.3411688832335629,0.7220323543934655,0.6191365288400974,0.6191365288400974
0.9814360581560068,0.6298907360601527,0.3515453220958541,0.3515453220958541
0.6821726355797036,0.5818338345054915,0.10033880107421211,0.10033880107421211
1.2309422257456628,0.648532136509618,0.5824100892360448,0.5824100892360448
0.9352419701157908,0.5659312438752483,0.3693107262405425,0.3693107262405425
0.5714159022282193,0.8101344620987024,-0.23871855987048318,0.23871855987048318
1.1835686146592244,0.8881769759997595,0.29539163865946483,0.29539163865946483
0.8099944456086376,0.6948141992040533,0.11518024640458435,0.11518024640458435
0.7,0.5596169984066488,0.14038300159335115,0.14038300159335115
0.6,0.5204780464403271,0.07952195355967284,0.07952195355967284
0.7,0.6077647498003305,0.0922352501996695,0.0922352501996695
0.4892093570559104,0.6036161691418108,-0.11440681208590042,0.11440681208590042
0.5561447310735069,0.6916560867487379,-0.13551135567523098,0.13551135567523098
0.5048175502104532,0.6084709749677163,-0.10365342475726314,0.10365342475726314
0.4632654520489824,0.5615492246824819,-0.09828377263349952,0.09828377263349952
0.7496304931127424,0.6247744080176891,0.1248560850950533,0.1248560850950533
0.5633174517358029,0.5523336421400716,0.010983809595731309,0.010983809595731309
0.4788089757102604,0.7646339249048509,-0.28582494919459056,0.28582494919459056
0.8188652144271537,0.8416725581486233,-0.02280734372146964,0.02280734372146964
0.5842063659602571,0.6670790310541864,-0.08287266509392932,0.08287266509392932
0.5,0.5460193966714723,-0.04601939667147226,0.04601939667147226
0.4,0.5093496827167853,-0.10934968271678525,0.10934968271678525
0.6,0.5930389536912782,0.006961046308721741,0.006961046308721741
2.291177593433027,2.798692464828491,-0.5075148713954643,0.5075148713954643
4.746403988018382,3.7161223888397217,1.03028159917866,1.03028159917866
3.474743554785576,3.0094268321990967,0.46531672258647916,0.46531672258647916
1.6788303054282812,2.828361749649048,-1.1495314442207667,1.1495314442207667
4.580426866194772,3.759934663772583,0.820492202422189,0.820492202422189
2.9826713553861293,2.806170463562012,0.1765008918241171,0.1765008918241171
3.0038294115831783,2.3021514415740967,0.7016779700090816,0.7016779700090816
4.280134298861751,2.785550117492676,1.494584181369075,1.494584181369075
3.592580248493403,2.314741849899292,1.277838398594111,1.277838398594111
2.3,2.733172416687012,-0.43317241668701234,0.43317241668701234
1.1,2.695915699005127,-1.5959156990051269,1.5959156990051269
2.1,2.1290323734283447,-0.029032373428344638,0.029032373428344638
0.7107039593083359,1.123565912246704,-0.41286195293836825,0.41286195293836825
1.3411688832335629,1.6509376764297483,-0.30976879319618544,0.30976879319618544
0.9814360581560068,1.1698070764541626,-0.18837101829815583,0.18837101829815583
0.6821726355797036,1.0434410572052002,-0.36126842162549655,0.36126842162549655
1.2309422257456628,1.6314822435379028,-0.40054001779224,0.40054001779224
0.9352419701157908,1.037779450416565,-0.10253748030077414,0.10253748030077414
0.5714159022282193,0.9252972602844238,-0.3538813580562046,0.3538813580562046
1.1835686146592244,1.0639432668685913,0.11962534779063305,0.11962534779063305
0.8099944456086376,0.8470529913902283,-0.037058545781590624,0.037058545781590624
0.7,0.9408117532730104,-0.2408117532730104,0.2408117532730104
0.6,0.8805363774299622,-0.2805363774299622,0.2805363774299622
0.7,0.6594629287719727,0.0405370712280273,0.0405370712280273
0.4892093570559104,0.6337606906890869,-0.14455133363317652,0.14455133363317652
0.5561447310735069,1.067484736442566,-0.511340005369059,0.511340005369059
0.5048175502104532,0.6554547548294067,-0.15063720461895358,0.15063720461895358
0.4632654520489824,0.6194334626197815,-0.1561680105707991,0.1561680105707991
0.7496304931127424,1.1138266324996948,-0.3641961393869524,0.3641961393869524
0.5633174517358029,0.6107233166694641,-0.04740586493366117,0.04740586493366117
0.4788089757102604,0.8365057706832886,-0.3576967949730282,0.3576967949730282
0.8188652144271537,0.9073400497436525,-0.0884748353164988,0.0884748353164988
0.5842063659602571,0.7402673363685608,-0.1560609704083037,0.1560609704083037
0.5,0.4887067675590515,0.011293232440948486,0.011293232440948486
0.4,0.4915332198143005,-0.09153321981430046,0.09153321981430046
0.6,0.6064376831054688,-0.006437683105468772,0.006437683105468772
2.291177593433027,1.0942203337431495,1.1969572596898774,1.1969572596898774
4.746403988018382,1.0942203337431495,3.652183654275232,3.652183654275232
3.474743554785576,1.0942203337431495,2.3805232210424263,2.3805232210424263
1.6788303054282812,1.0942203337431495,0.5846099716851316,0.5846099716851316
4.580426866194772,1.0942203337431495,3.4862065324516225,3.4862065324516225
2.9826713553861293,1.0942203337431495,1.8884510216429797,1.8884510216429797
3.0038294115831783,1.0942203337431495,1.9096090778400288,1.9096090778400288
4.280134298861751,1.0942203337431495,3.1859139651186013,3.1859139651186013
3.592580248493403,1.0942203337431495,2.4983599147502535,2.4983599147502535
2.3,1.0942203337431495,1.2057796662568503,1.2057796662568503
1.1,1.0942203337431495,0.0057796662568505575,0.0057796662568505575
2.1,1.0942203337431495,1.0057796662568506,1.0057796662568506
0.7107039593083359,1.0942203337431495,-0.3835163744348137,0.3835163744348137
1.3411688832335629,1.0942203337431495,0.24694854949041334,0.24694854949041334
0.9814360581560068,1.0942203337431495,-0.11278427558714277,0.11278427558714277
0.6821726355797036,1.0942203337431495,-0.4120476981634459,0.4120476981634459
1.2309422257456628,1.0942203337431495,0.13672189200251328,0.13672189200251328
0.9352419701157908,1.0942203337431495,-0.15897836362735873,0.15897836362735873
0.5714159022282193,1.0942203337431495,-0.5228044315149303,0.5228044315149303
1.1835686146592244,1.0942203337431495,0.08934828091607483,0.08934828091607483
0.8099944456086376,1.0942203337431495,-0.2842258881345119,0.2842258881345119
0.7,1.0942203337431495,-0.3942203337431496,0.3942203337431496
0.6,1.0942203337431495,-0.49422033374314955,0.49422033374314955
0.7,1.0942203337431495,-0.3942203337431496,0.3942203337431496
0.4892093570559104,1.0942203337431495,-0.6050109766872391,0.6050109766872391
0.5561447310735069,1.0942203337431495,-0.5380756026696426,0.5380756026696426
0.5048175502104532,1.0942203337431495,-0.5894027835326964,0.5894027835326964
0.4632654520489824,1.0942203337431495,-0.6309548816941671,0.6309548816941671
0.7496304931127424,1.0942203337431495,-0.3445898406304071,0.3445898406304071
0.5633174517358029,1.0942203337431495,-0.5309028820073466,0.5309028820073466
0.4788089757102604,1.0942203337431495,-0.6154113580328892,0.6154113580328892
0.8188652144271537,1.0942203337431495,-0.2753551193159959,0.2753551193159959
0.5842063659602571,1.0942203337431495,-0.5100139677828924,0.5100139677828924
0.5,1.0942203337431495,-0.5942203337431495,0.5942203337431495
0.4,1.0942203337431495,-0.6942203337431495,0.6942203337431495
0.6,1.0942203337431495,-0.49422033374314955,0.49422033374314955
2.291177593433027,1.0942203337431495,1.1969572596898774,1.1969572596898774
4.746403988018382,1.0942203337431495,3.652183654275232,3.652183654275232
3.474743554785576,1.0942203337431495,2.3805232210424263,2.3805232210424263
1.6788303054282812,1.0942203337431495,0.5846099716851316,0.5846099716851316
4.580426866194772,1.0942203337431495,3.4862065324516225,3.4862065324516225
2.9826713553861293,1.0942203337431495,1.8884510216429797,1.8884510216429797
3.0038294115831783,1.0942203337431495,1.9096090778400288,1.9096090778400288
4.280134298861751,1.0942203337431495,3.1859139651186013,3.1859139651186013
3.592580248493403,1.0942203337431495,2.4983599147502535,2.4983599147502535
2.3,1.0942203337431495,1.2057796662568503,1.2057796662568503
1.1,1.0942203337431495,0.0057796662568505575,0.0057796662568505575
2.1,1.0942203337431495,1.0057796662568506,1.0057796662568506
0.7107039593083359,1.0942203337431495,-0.3835163744348137,0.3835163744348137
1.3411688832335629,1.0942203337431495,0.24694854949041334,0.24694854949041334
0.9814360581560068,1.0942203337431495,-0.11278427558714277,0.11278427558714277
0.6821726355797036,1.0942203337431495,-0.4120476981634459,0.4120476981634459
1.2309422257456628,1.0942203337431495,0.13672189200251328,0.13672189200251328
0.9352419701157908,1.0942203337431495,-0.15897836362735873,0.15897836362735873
0.5714159022282193,1.0942203337431495,-0.5228044315149303,0.5228044315149303
1.1835686146592244,1.0942203337431495,0.08934828091607483,0.08934828091607483
0.8099944456086376,1.0942203337431495,-0.2842258881345119,0.2842258881345119
0.7,1.0942203337431495,-0.3942203337431496,0.3942203337431496
0.6,1.0942203337431495,-0.49422033374314955,0.49422033374314955
0.7,1.0942203337431495,-0.3942203337431496,0.3942203337431496
0.4892093570559104,1.0942203337431495,-0.6050109766872391,0.6050109766872391
0.5561447310735069,1.0942203337431495,-0.5380756026696426,0.5380756026696426
0.5048175502104532,1.0942203337431495,-0.5894027835326964,0.5894027835326964
0.4632654520489824,1.0942203337431495,-0.6309548816941671,0.6309548816941671
0.7496304931127424,1.0942203337431495,-0.3445898406304071,0.3445898406304071
0.5633174517358029,1.0942203337431495,-0.5309028820073466,0.5309028820073466
0.4788089757102604,1.0942203337431495,-0.6154113580328892,0.6154113580328892
0.8188652144271537,1.0942203337431495,-0.2753551193159959,0.2753551193159959
0.5842063659602571,1.0942203337431495,-0.5100139677828924,0.5100139677828924
0.5,1.0942203337431495,-0.5942203337431495,0.5942203337431495
0.4,1.0942203337431495,-0.6942203337431495,0.6942203337431495
0.6,1.0942203337431495,-0.49422033374314955,0.49422033374314955
1.6268858066002263,2.2382190589667994,-0.6113332523665731,0.6113332523665731
1.9919193221111424,2.869992695377128,-0.8780733732659858,0.8780733732659858
1.6750870924050658,2.203688755481726,-0.5286016630766603,0.5286016630766603
2.591624259545572,2.3056120901706985,0.2860121693748736,0.2860121693748736
3.423349924580549,3.368155287887958,0.05519463669259084,0.05519463669259084
2.6510166735556018,2.53055180955789,0.12046486399771172,0.12046486399771172
1.3718829183654722,1.8402083183613616,-0.4683253999958894,0.4683253999958894
1.540156423059482,2.762809971363516,-1.2226535483040342,1.2226535483040342
1.4308611121074777,1.9010347453597365,-0.4701736332522588,0.4701736332522588
1.0,1.9500240933079096,-0.9500240933079096,0.9500240933079096
3.0,2.101872224829844,0.8981277751701562,0.8981277751701562
1.2,1.6098236016954417,-0.40982360169544174,0.40982360169544174
0.8570862730857126,0.6512194491312262,0.2058668239544864,0.2058668239544864
0.879146894389113,1.2829930855415552,-0.40384619115244225,0.40384619115244225
0.8655043603230825,0.6166891456461531,0.24881521467692946,0.24881521467692946
0.6700120852270204,0.7186124803351248,-0.04860039510810443,0.04860039510810443
0.653829971282899,1.781155678052385,-1.127325706769486,1.127325706769486
0.6636769574159984,0.9435521997223166,-0.2798752423063182,0.2798752423063182
0.4787820909269001,0.2532087085257886,0.22557338240111152,0.22557338240111152
0.7279249098775472,1.1758103615279427,-0.4478854516503955,0.4478854516503955
0.5480873832187684,0.3140351355241629,0.23405224769460548,0.23405224769460548
0.7,0.3630244834723366,0.33697551652766333,0.33697551652766333
0.5,0.5148726149942702,-0.014872614994270172,0.014872614994270172
0.4,0.0228239918598682,0.3771760081401318,0.3771760081401318
0.579730411471064,0.4374632333242112,0.14226717814685275,0.14226717814685275
0.774283389787513,1.06923686973454,-0.29495347994702703,0.29495347994702703
0.6391522952809118,0.4029329298391378,0.23621936544177397,0.23621936544177397
0.4950587775158489,0.5048562645281097,-0.009797487012260797,0.009797487012260797
0.7530910039174339,1.56739946224537,-0.8143084583279361,0.8143084583279361
0.5950828682883496,0.7297959839153015,-0.13471311562695198,0.13471311562695198
0.3687334249789068,0.0394524927187733,0.32928093226013355,0.32928093226013355
0.4313168954422955,0.9620541457209276,-0.5307372502786321,0.5307372502786321
0.3707166752248346,0.1002789197171476,0.270437755507687,0.270437755507687
0.6,0.1492682676653214,0.45073173233467856,0.45073173233467856
0.5,0.3011163991872549,0.1988836008127451,0.1988836008127451
0.4,0.0,0.4,0.4
1.6268858066002263,2.123026730557432,-0.4961409239572059,0.4961409239572059
1.9919193221111424,2.8933565965775485,-0.9014372744664061,0.9014372744664061
1.6750870924050658,2.213407342893017,-0.5383202504879514,0.5383202504879514
2.591624259545572,2.238770868123714,0.3528533914218581,0.3528533914218581
3.423349924580549,3.22674815805706,0.19660176652348893,0.19660176652348893
2.6510166735556018,2.5999715259250182,0.05104514763058354,0.05104514763058354
1.3718829183654722,1.908587323858725,-0.5367044054932528,0.5367044054932528
1.540156423059482,2.7416623567990657,-1.2015059337395837,1.2015059337395837
1.4308611121074777,2.038271161030381,-0.6074100489229033,0.6074100489229033
1.0,1.842262869883193,-0.8422628698831931,0.8422628698831931
3.0,2.057460418757892,0.9425395812421078,0.9425395812421078
1.2,1.6046597101958353,-0.40465971019583535,0.40465971019583535
0.8570862730857126,0.5408397370849545,0.31624653600075814,0.31624653600075814
0.879146894389113,1.3111696031050712,-0.43202270871595827,0.43202270871595827
0.8655043603230825,0.6312203494205398,0.2342840109025427,0.2342840109025427
0.6700120852270204,0.6565838746512371,0.01342821057578325,0.01342821057578325
0.653829971282899,1.644561164584583,-0.990731193301684,0.990731193301684
0.6636769574159984,1.017784532452541,-0.35410757503654255,0.35410757503654255
0.4787820909269001,0.3264003303862477,0.1523817605406524,0.1523817605406524
0.7279249098775472,1.1594753633265882,-0.43155045344904097,0.43155045344904097
0.5480873832187684,0.4560841675579036,0.09200321566086478,0.09200321566086478
0.7,0.2600758764107161,0.43992412358928384,0.43992412358928384
0.5,0.4752734252854153,0.024726574714584726,0.024726574714584726
0.4,0.0224727167233582,0.3775272832766418,0.3775272832766418
0.579730411471064,0.3313540308906635,0.24837638058040046,0.24837638058040046
0.774283389787513,1.1016838969107805,-0.3274005071232675,0.3274005071232675
0.6391522952809118,0.4217346432262489,0.2174176520546629,0.2174176520546629
0.4950587775158489,0.4470981684569463,0.04796060905890265,0.04796060905890265
0.7530910039174339,1.4350754583902925,-0.6819844544728586,0.6819844544728586
0.5950828682883496,0.80829882625825,-0.21321595796990045,0.21321595796990045
0.3687334249789068,0.1169146241919569,0.2518188007869499,0.2518188007869499
0.4313168954422955,0.9499896571322972,-0.5186727616900018,0.5186727616900018
0.3707166752248346,0.2465984613636128,0.1241182138612218,0.1241182138612218
0.6,0.0505901702164253,0.5494098297835747,0.5494098297835747
0.5,0.2657877190911243,0.2342122809088757,0.2342122809088757
0.4,0.0,0.4,0.4
1.6268858066002263,2.039557420254112,-0.4126716136538855,0.4126716136538855
1.9919193221111424,2.8295847983978395,-0.8376654762866971,0.8376654762866971
1.6750870924050658,2.1906841869751603,-0.5155970945700945,0.5155970945700945
2.591624259545572,2.182250811404525,0.4093734481410469,0.4093734481410469
3.423349924580549,3.0661351722372645,0.3572147523432845,0.3572147523432845
2.6510166735556018,2.6164147314430783,0.03460194211252343,0.03460194211252343
1.3718829183654722,2.037866082577992,-0.66598316421252,0.66598316421252
1.540156423059482,2.7639975135081976,-1.2238410904487156,1.2238410904487156
1.4308611121074777,2.2085228937119403,-0.7776617816044626,0.7776617816044626
1.0,1.675000518899861,-0.6750005188998609,0.6750005188998609
3.0,2.125072405311382,0.8749275946886179,0.8749275946886179
1.2,1.7123747844277586,-0.5123747844277586,0.5123747844277586
0.8570862730857126,0.4464490053701659,0.4106372677155467,0.4106372677155467
0.879146894389113,1.2364763835138934,-0.35732948912478046,0.35732948912478046
0.8655043603230825,0.597575772091214,0.2679285882318685,0.2679285882318685
0.6700120852270204,0.5891423965205789,0.08086968870644151,0.08086968870644151
0.653829971282899,1.4730267573533184,-0.8191967860704195,0.8191967860704195
0.6636769574159984,1.0233063165591318,-0.35962935914313343,0.35962935914313343
0.4787820909269001,0.444757667694045,0.034024423232855094,0.034024423232855094
0.7279249098775472,1.1708890986242515,-0.4429641887467043,0.4429641887467043
0.5480873832187684,0.6154144788279942,-0.06732709560922578,0.06732709560922578
0.7,0.0818921040159144,0.6181078959840856,0.6181078959840856
0.5,0.5319639904274357,-0.031963990427435696,0.031963990427435696
0.4,0.1192663695438125,0.2807336304561875,0.2807336304561875
0.579730411471064,0.2388015946115208,0.3409288168595431,0.3409288168595431
0.774283389787513,1.0288289727552486,-0.25454558296773566,0.25454558296773566
0.6391522952809118,0.389928361332569,0.2492239339483428,0.2492239339483428
0.4950587775158489,0.3814949857619339,0.11356379175391501,0.11356379175391501
0.7530910039174339,1.2653793465946737,-0.5122883426772398,0.5122883426772398
0.5950828682883496,0.8156589058004869,-0.2205760375121374,0.2205760375121374
0.3687334249789068,0.2371102569354002,0.13162316804350663,0.13162316804350663
0.4313168954422955,0.9632416878656064,-0.5319247924233108,0.5319247924233108
0.3707166752248346,0.4077670680693492,-0.03705039284451461,0.03705039284451461
0.6,0.0,0.6,0.6
0.5,0.3243165796687905,0.17568342033120948,0.17568342033120948
0.4,0.0,0.4,0.4
1.6268858066002263,2.0821767062626124,-0.4552908996623861,0.4552908996623861
1.9919193221111424,2.89848789741553,-0.9065685753043877,0.9065685753043877
1.6750870924050658,2.234654921332257,-0.5595678289271913,0.5595678289271913
2.591624259545572,2.202395301710058,0.38922895783551414,0.38922895783551414
3.423349924580549,3.081685270394037,0.3416646541865118,0.3416646541865118
2.6510166735556018,2.578453421197384,0.07256325235821759,0.07256325235821759
1.3718829183654722,1.9946530832463152,-0.622770164880843,0.622770164880843
1.540156423059482,2.7406492445152213,-1.2004928214557393,1.2004928214557393
1.4308611121074777,2.152227942755861,-0.7213668306483831,0.7213668306483831
1.0,1.753990325028937,-0.753990325028937,0.753990325028937
3.0,2.0239663221679143,0.9760336778320857,0.9760336778320857
1.2,1.6338375100166338,-0.43383751001663384,0.43383751001663384
0.8570862730857126,0.4864701172588817,0.37061615582683094,0.37061615582683094
0.879146894389113,1.3027813084117994,-0.4236344140226864,0.4236344140226864
0.8655043603230825,0.6389483323285268,0.22655602799455576,0.22655602799455576
0.6700120852270204,0.6066887127063268,0.06332337252069353,0.06332337252069353
0.653829971282899,1.4859786813903066,-0.8321487101074077,0.8321487101074077
0.6636769574159984,0.9827468321936524,-0.31906987477765403,0.31906987477765403
0.4787820909269001,0.3989464942425841,0.079835596684316,0.079835596684316
0.7279249098775472,1.1449426555114903,-0.4170177456339431,0.4170177456339431
0.5480873832187684,0.5565213537521301,-0.008433970533361701,0.008433970533361701
0.7,0.158283736025206,0.5417162639747939,0.5417162639747939
0.5,0.4282597331641832,0.0717402668358168,0.0717402668358168
0.4,0.0381309210129028,0.3618690789870972,0.3618690789870972
0.579730411471064,0.2769513744393881,0.30277903703167586,0.30277903703167586
0.774283389787513,1.0932625655923058,-0.31897917580479285,0.31897917580479285
0.6391522952809118,0.4294295895090332,0.20972270577187857,0.20972270577187857
0.4950587775158489,0.3971699698868333,0.09788880762901564,0.09788880762901564
0.7530910039174339,1.276459938570813,-0.5233689346533792,0.5233689346533792
0.5950828682883496,0.7732280893741588,-0.1781452210858092,0.1781452210858092
0.3687334249789068,0.1894277514230906,0.17930567355581623,0.17930567355581623
0.4313168954422955,0.935423912691997,-0.5041070172497015,0.5041070172497015
0.3707166752248346,0.3470026109326365,0.023714064292198078,0.023714064292198078
0.6,0.0,0.6,0.6
0.5,0.2187409903446897,0.2812590096553103,0.2812590096553103
0.4,0.0,0.4,0.4
1.6268858066002263,1.701048085409749,-0.07416227880952264,0.07416227880952264
1.9919193221111424,2.887884665596921,-0.8959653434857784,0.8959653434857784
1.6750870924050658,2.086351155571038,-0.4112640631659721,0.4112640631659721
2.591624259545572,3.2959665707903496,-0.7043423112447775,0.7043423112447775
3.423349924580549,4.162398020317442,-0.7390480957368935,0.7390480957368935
2.6510166735556018,3.689157197059085,-1.038140523503483,1.038140523503483
1.3718829183654722,1.713797772918943,-0.3419148545534709,0.3419148545534709
1.540156423059482,2.757597723429308,-1.2174413003698261,1.2174413003698261
1.4308611121074777,2.0720793687539456,-0.6412182566464679,0.6412182566464679
1.0,1.6743835959091158,-0.6743835959091158,0.6743835959091158
3.0,1.680749246523357,1.319250753476643,1.319250753476643
1.2,1.650980510799576,-0.45098051079957613,0.45098051079957613
0.8570862730857126,0.6059806568744874,0.2511056162112252,0.2511056162112252
0.879146894389113,0.920331228328792,-0.04118433393967902,0.04118433393967902
0.8655043603230825,0.5788985843436235,0.286605775979459,0.286605775979459
0.6700120852270204,0.6148131181127879,0.055198967114232445,0.055198967114232445
0.653829971282899,0.8478288214038001,-0.19399885012090112,0.19399885012090112
0.6636769574159984,0.6096976493120644,0.05397930810393403,0.05397930810393403
0.4787820909269001,0.5845212133044516,-0.10573912237755151,0.10573912237755151
0.7279249098775472,0.857880003778403,-0.1299550939008558,0.1299550939008558
0.5480873832187684,0.5896156017913249,-0.04152821857255651,0.04152821857255651
0.7,0.566454819736962,0.13354518026303797,0.13354518026303797
0.5,0.570182973901371,-0.07018297390137096,0.07018297390137096
0.4,0.549865275672594,-0.149865275672594,0.149865275672594
0.579730411471064,0.5494107356309846,0.03031967584007933,0.03031967584007933
0.774283389787513,0.6806502230492097,0.09363316673830324,0.09363316673830324
0.6391522952809118,0.5275545803203066,0.11159771496060522,0.11159771496060522
0.4950587775158489,0.5497150931119443,-0.054656315596095406,0.054656315596095406
0.7530910039174339,0.6013670777805087,0.1517239261369252,0.1517239261369252
0.5950828682883496,0.5421329605938198,0.052949907694529785,0.052949907694529785
0.3687334249789068,0.5369693495924835,-0.16823592461357673,0.16823592461357673
0.4313168954422955,0.6208358656884984,-0.18951897024620284,0.18951897024620284
0.3707166752248346,0.5373850297086769,-0.16666835448384226,0.16666835448384226
0.6,0.5174961490971949,0.0825038509028051,0.0825038509028051
0.5,0.5246993635312365,-0.024699363531236473,0.024699363531236473
0.4,0.4987390527012707,-0.0987390527012707,0.0987390527012707
1.6268858066002263,1.5771610736846924,0.04972473291553392,0.04972473291553392
1.9919193221111424,3.0720043182373047,-1.0800849961261623,1.0800849961261623
1.6750870924050658,2.213526725769043,-0.5384396333639772,0.5384396333639772
2.591624259545572,3.1099140644073486,-0.5182898048617766,0.5182898048617766
3.423349924580549,4.345386981964111,-0.9220370573835623,0.9220370573835623
2.6510166735556018,3.73281192779541,-1.0817952542398084,1.0817952542398084
1.3718829183654722,1.4343756437301636,-0.062492725364691415,0.062492725364691415
1.540156423059482,2.7365567684173584,-1.1964003453578764,1.1964003453578764
1.4308611121074777,2.132295608520508,-0.7014344964130301,0.7014344964130301
1.0,1.5461746454238892,-0.5461746454238892,0.5461746454238892
3.0,1.514043211936951,1.485956788063049,1.485956788063049
1.2,1.481101393699646,-0.28110139369964604,0.28110139369964604
0.8570862730857126,0.5020418763160706,0.35504439676964206,0.35504439676964206
0.879146894389113,0.9038971662521362,-0.024750271863023254,0.024750271863023254
0.8655043603230825,0.642977237701416,0.22252712262166652,0.22252712262166652
0.6700120852270204,1.1408448219299316,-0.47083273670291126,0.47083273670291126
0.653829971282899,1.419793963432312,-0.765963992149413,0.765963992149413
0.6636769574159984,1.2589149475097656,-0.5952379900937672,0.5952379900937672
0.4787820909269001,0.4006872773170471,0.07809481360985299,0.07809481360985299
0.7279249098775472,0.7341771125793457,-0.006252202701798493,0.006252202701798493
0.5480873832187684,0.6180151700973511,-0.0699277868785827,0.0699277868785827
0.7,0.477260559797287,0.22273944020271297,0.22273944020271297
0.5,0.481088250875473,0.018911749124526978,0.018911749124526978
0.4,0.4227670729160309,-0.02276707291603086,0.02276707291603086
0.579730411471064,0.3813722133636474,0.19835819810741656,0.19835819810741656
0.774283389787513,0.6098943948745728,0.16438899491294023,0.16438899491294023
0.6391522952809118,0.467582106590271,0.17157018869064078,0.17157018869064078
0.4950587775158489,0.4627374708652496,0.032321306650599346,0.032321306650599346
0.7530910039174339,0.6297526359558105,0.12333836796162334,0.12333836796162334
0.5950828682883496,0.5142224431037903,0.08086042518455927,0.08086042518455927
0.3687334249789068,0.2900871932506561,0.07864623172825075,0.07864623172825075
0.4313168954422955,0.4919666945934295,-0.060649799151134,0.060649799151134
0.3707166752248346,0.4622800648212433,-0.0915633895964087,0.0915633895964087
0.6,0.3616899251937866,0.23831007480621336,0.23831007480621336
0.5,0.3238786160945892,0.17612138390541082,0.17612138390541082
0.4,0.3273400068283081,0.07265999317169192,0.07265999317169192
1.6268858066002263,1.211256270446737,0.4156295361534894,0.4156295361534894
1.9919193221111424,1.211256270446737,0.7806630516644055,0.7806630516644055
1.6750870924050658,1.211256270446737,0.4638308219583289,0.4638308219583289
2.591624259545572,1.211256270446737,1.3803679890988352,1.3803679890988352
3.423349924580549,1.211256270446737,2.2120936541338123,2.2120936541338123
2.6510166735556018,1.211256270446737,1.4397604031088649,1.4397604031088649
1.3718829183654722,1.211256270446737,0.16062664791873527,0.16062664791873527
1.540156423059482,1.211256270446737,0.3289001526127451,0.3289001526127451
1.4308611121074777,1.211256270446737,0.2196048416607408,0.2196048416607408
1.0,1.211256270446737,-0.2112562704467369,0.2112562704467369
3.0,1.211256270446737,1.788743729553263,1.788743729553263
1.2,1.211256270446737,-0.011256270446736938,0.011256270446736938
0.8570862730857126,1.211256270446737,-0.3541699973610243,0.3541699973610243
0.879146894389113,1.211256270446737,-0.3321093760576239,0.3321093760576239
0.8655043603230825,1.211256270446737,-0.34575191012365436,0.34575191012365436
0.6700120852270204,1.211256270446737,-0.5412441852197165,0.5412441852197165
0.653829971282899,1.211256270446737,-0.5574262991638379,0.5574262991638379
0.6636769574159984,1.211256270446737,-0.5475793130307385,0.5475793130307385
0.4787820909269001,1.211256270446737,-0.7324741795198368,0.7324741795198368
0.7279249098775472,1.211256270446737,-0.4833313605691897,0.4833313605691897
0.5480873832187684,1.211256270446737,-0.6631688872279685,0.6631688872279685
0.7,1.211256270446737,-0.5112562704467369,0.5112562704467369
0.5,1.211256270446737,-0.7112562704467369,0.7112562704467369
0.4,1.211256270446737,-0.8112562704467369,0.8112562704467369
0.579730411471064,1.211256270446737,-0.6315258589756729,0.6315258589756729
0.774283389787513,1.211256270446737,-0.4369728806592239,0.4369728806592239
0.6391522952809118,1.211256270446737,-0.5721039751658251,0.5721039751658251
0.4950587775158489,1.211256270446737,-0.716197492930888,0.716197492930888
0.7530910039174339,1.211256270446737,-0.458165266529303,0.458165266529303
0.5950828682883496,1.211256270446737,-0.6161734021583873,0.6161734021583873
0.3687334249789068,1.211256270446737,-0.8425228454678301,0.8425228454678301
0.4313168954422955,1.211256270446737,-0.7799393750044414,0.7799393750044414
0.3707166752248346,1.211256270446737,-0.8405395952219024,0.8405395952219024
0.6,1.211256270446737,-0.6112562704467369,0.6112562704467369
0.5,1.211256270446737,-0.7112562704467369,0.7112562704467369
0.4,1.211256270446737,-0.8112562704467369,0.8112562704467369
1.6268858066002263,1.211256270446737,0.4156295361534894,0.4156295361534894
1.9919193221111424,1.211256270446737,0.7806630516644055,0.7806630516644055
1.6750870924050658,1.211256270446737,0.4638308219583289,0.4638308219583289
2.591624259545572,1.211256270446737,1.3803679890988352,1.3803679890988352
3.423349924580549,1.211256270446737,2.2120936541338123,2.2120936541338123
2.6510166735556018,1.211256270446737,1.4397604031088649,1.4397604031088649
1.3718829183654722,1.211256270446737,0.16062664791873527,0.16062664791873527
1.540156423059482,1.211256270446737,0.3289001526127451,0.3289001526127451
1.4308611121074777,1.211256270446737,0.2196048416607408,0.2196048416607408
1.0,1.211256270446737,-0.2112562704467369,0.2112562704467369
3.0,1.211256270446737,1.788743729553263,1.788743729553263
1.2,1.211256270446737,-0.011256270446736938,0.011256270446736938
0.8570862730857126,1.211256270446737,-0.3541699973610243,0.3541699973610243
0.879146894389113,1.211256270446737,-0.3321093760576239,0.3321093760576239
0.8655043603230825,1.211256270446737,-0.34575191012365436,0.34575191012365436
0.6700120852270204,1.211256270446737,-0.5412441852197165,0.5412441852197165
0.653829971282899,1.211256270446737,-0.5574262991638379,0.5574262991638379
0.6636769574159984,1.211256270446737,-0.5475793130307385,0.5475793130307385
0.4787820909269001,1.211256270446737,-0.7324741795198368,0.7324741795198368
0.7279249098775472,1.211256270446737,-0.4833313605691897,0.4833313605691897
0.5480873832187684,1.211256270446737,-0.6631688872279685,0.6631688872279685
0.7,1.211256270446737,-0.5112562704467369,0.5112562704467369
0.5,1.211256270446737,-0.7112562704467369,0.7112562704467369
0.4,1.211256270446737,-0.8112562704467369,0.8112562704467369
0.579730411471064,1.211256270446737,-0.6315258589756729,0.6315258589756729
0.774283389787513,1.211256270446737,-0.4369728806592239,0.4369728806592239
0.6391522952809118,1.211256270446737,-0.5721039751658251,0.5721039751658251
0.4950587775158489,1.211256270446737,-0.716197492930888,0.716197492930888
0.7530910039174339,1.211256270446737,-0.458165266529303,0.458165266529303
0.5950828682883496,1.211256270446737,-0.6161734021583873,0.6161734021583873
0.3687334249789068,1.211256270446737,-0.8425228454678301,0.8425228454678301
0.4313168954422955,1.211256270446737,-0.7799393750044414,0.7799393750044414
0.3707166752248346,1.211256270446737,-0.8405395952219024,0.8405395952219024
0.6,1.211256270446737,-0.6112562704467369,0.6112562704467369
0.5,1.211256270446737,-0.7112562704467369,0.7112562704467369
0.4,1.211256270446737,-0.8112562704467369,0.8112562704467369
1.5222384603844508,1.7740146762527331,-0.25177621586828236,0.25177621586828236
1.723713168491681,2.3436776477672714,-0.6199644792755903,0.6199644792755903
1.60003238244435,2.113925263019288,-0.5138928805749381,0.5138928805749381
1.2175480596073385,1.6307393013848048,-0.41319124177746636,0.41319124177746636
7.244065383360269,2.1577690060552923,5.0862963773049765,5.0862963773049765
1.4355644271735015,1.642501540335954,-0.20693711316245245,0.20693711316245245
1.658719821291578,2.0676371121060333,-0.4089172908144554,0.4089172908144554
2.314641460829224,2.424232331611992,-0.10959087078276797,0.10959087078276797
1.9348144714872644,2.258462064666529,-0.32364759317926484,0.32364759317926484
1.3,2.1081336850370453,-0.8081336850370453,0.8081336850370453
1.0,1.1891358872504103,-0.1891358872504103,0.1891358872504103
2.5,2.6090144932114727,-0.10901449321147272,0.10901449321147272
0.6401206168693183,0.2073303144884837,0.4327903023808346,0.4327903023808346
0.8018694899438292,0.7769932860030218,0.024876203940807473,0.024876203940807473
0.6904468967705395,0.5472409012550383,0.14320599551550117,0.14320599551550117
0.5422885207412549,0.0640549396205552,0.4782335811206997,0.4782335811206997
0.5422885207412549,0.0758171785717045,0.4664713421695504,0.4664713421695504
0.6286830497610721,0.5009527503417839,0.12773029941928826,0.12773029941928826
1.1321807165247717,0.8575479698477428,0.27463274667702886,0.27463274667702886
0.8632751628341233,0.6917777029022797,0.17149745993184362,0.17149745993184362
0.4,0.5414493232727962,-0.14144932327279613,0.14144932327279613
0.4,0.0,0.4,0.4
0.6,1.042330131447223,-0.4423301314472231,0.4423301314472231
0.3322482939632105,0.0246004356547999,0.30764785830841057,0.30764785830841057
0.4062549460293829,0.594263407169338,-0.18800846113995512,0.18800846113995512
0.3649043656974847,0.3645110224213548,0.0003933432761298872,0.0003933432761298872
0.5747979489963491,0.0,0.5747979489963491,0.5747979489963491
0.1047330767226874,0.4083547654573591,-0.3036216887346717,0.3036216887346717
0.5592824320954186,0.0,0.5592824320954186,0.5592824320954186
0.6198068833094819,0.3182228715081001,0.3015840118013818,0.3015840118013818
1.0649682679639256,0.6748180910140593,0.3901501769498663,0.3901501769498663
0.7696938879034653,0.509047824068596,0.2606460638348692,0.2606460638348692
0.5,0.3587194444391126,0.14128055556088742,0.14128055556088742
0.4,0.0,0.4,0.4
0.5,0.8596002526135395,-0.35960025261353945,0.35960025261353945
1.5222384603844508,1.7262520055822412,-0.20401354519779047,0.20401354519779047
1.723713168491681,2.3191802918676503,-0.5954671233759692,0.5954671233759692
1.60003238244435,2.118436507470645,-0.518404125026295,0.518404125026295
1.2175480596073385,1.6148501210706476,-0.39730206146330915,0.39730206146330915
7.244065383360269,2.159857541216138,5.0842078421441315,5.0842078421441315
1.4355644271735015,1.6856210376563396,-0.2500566104828381,0.2500566104828381
1.658719821291578,2.1022041582443154,-0.4434843369527375,0.4434843369527375
2.314641460829224,2.3961250991199936,-0.08148363829076954,0.08148363829076954
1.9348144714872644,2.25577866624904,-0.32096419476177585,0.32096419476177585
1.3,2.1217880556161592,-0.8217880556161592,0.8217880556161592
1.0,1.2557690200172176,-0.2557690200172176,0.2557690200172176
2.5,2.6237234338563336,-0.12372343385633355,0.12372343385633355
0.6401206168693183,0.1674404295554994,0.4726801873138189,0.4726801873138189
0.8018694899438292,0.7603687158409085,0.041500774102920746,0.041500774102920746
0.6904468967705395,0.5596249314439037,0.13082196532663581,0.13082196532663581
0.5422885207412549,0.056038545043906,0.4862499756973489,0.4862499756973489
0.5422885207412549,0.1268094616295978,0.41547905911165706,0.41547905911165706
0.6286830497610721,0.5433925822175738,0.08529046754349834,0.08529046754349834
1.1321807165247717,0.837313523093252,0.2948671934315197,0.2948671934315197
0.8632751628341233,0.6969670902222985,0.1663080726118248,0.1663080726118248
0.4,0.5629764795894177,-0.16297647958941763,0.16297647958941763
0.4,0.0,0.4,0.4
0.6,1.0649118578295915,-0.46491185782959155,0.46491185782959155
0.3322482939632105,0.0,0.3322482939632105,0.3322482939632105
0.4062549460293829,0.5785570776043796,-0.1723021315749967,0.1723021315749967
0.3649043656974847,0.3778132932073748,-0.012908927509890089,0.012908927509890089
0.5747979489963491,0.0,0.5747979489963491,0.5747979489963491
0.1047330767226874,0.4192343269528672,-0.31450125023017983,0.31450125023017983
0.5592824320954186,0.0,0.5592824320954186,0.5592824320954186
0.6198068833094819,0.3615809439810449,0.25822593932843696,0.25822593932843696
1.0649682679639256,0.655501884856723,0.4094663831072026,0.4094663831072026
0.7696938879034653,0.5151554519857696,0.25453843591769565,0.25453843591769565
0.5,0.3811648413528887,0.1188351586471113,0.1188351586471113
0.4,0.0,0.4,0.4
0.5,0.8831002195930628,-0.38310021959306284,0.38310021959306284
1.5222384603844508,1.7197488788576338,-0.19751041847318307,0.19751041847318307
1.723713168491681,2.315440172893232,-0.5917270044015508,0.5917270044015508
1.60003238244435,2.0505533803653844,-0.4505209979210343,0.4505209979210343
1.2175480596073385,1.6585296874284232,-0.44098162782108474,0.44098162782108474
7.244065383360269,2.2633666811393702,4.980698702220899,4.980698702220899
1.4355644271735015,1.8579959903715533,-0.42243156319805175,0.42243156319805175
1.658719821291578,2.286661606123501,-0.6279417848319229,0.6279417848319229
2.314641460829224,2.703427574097701,-0.3887861132684769,0.3887861132684769
1.9348144714872644,2.4881262832757143,-0.5533118117884499,0.5533118117884499
1.3,2.1273027570444305,-0.8273027570444305,0.8273027570444305
1.0,1.4577952237900222,-0.45779522379002224,0.45779522379002224
2.5,2.4188231720785063,0.08117682792149372,0.08117682792149372
0.6401206168693183,0.1530645170933824,0.4870560997759359,0.4870560997759359
0.8018694899438292,0.7487558111289802,0.053113678814849075,0.053113678814849075
0.6904468967705395,0.4838690186011329,0.2065778781694066,0.2065778781694066
0.5422885207412549,0.091845325664172,0.45044319507708286,0.45044319507708286
0.5422885207412549,0.2913116286073025,0.2509768921339524,0.2509768921339524
0.6286830497610721,0.7199772443592496,-0.09129419459817745,0.09129419459817745
1.1321807165247717,1.1367432123334495,-0.004562495808677847,0.004562495808677847
0.8632751628341233,0.9214419215114626,-0.058166758677339336,0.058166758677339336
0.4,0.5606183952801792,-0.16061839528017918,0.16061839528017918
0.4,0.0,0.4,0.4
0.6,0.8521388103142553,-0.25213881031425533,0.25213881031425533
0.3322482939632105,0.0,0.3322482939632105,0.3322482939632105
0.4062549460293829,0.5660259322953001,-0.15977098626591718,0.15977098626591718
0.3649043656974847,0.3011391397674527,0.06376522593003198,0.06376522593003198
0.5747979489963491,0.0,0.5747979489963491,0.5747979489963491
0.1047330767226874,0.5139524405414388,-0.40921936381875146,0.40921936381875146
0.5592824320954186,0.1085817497736223,0.45070068232179633,0.45070068232179633
0.6198068833094819,0.537247365525569,0.0825595177839129,0.0825595177839129
1.0649682679639256,0.9540133334997692,0.11095493446415639,0.11095493446415639
0.7696938879034653,0.7387120426777825,0.030981845225682814,0.030981845225682814
0.5,0.3778885164464988,0.12211148355350121,0.12211148355350121
0.4,0.0,0.4,0.4
0.5,0.6694089314805747,-0.16940893148057468,0.16940893148057468
1.5222384603844508,1.724229564439745,-0.2019911040552942,0.2019911040552942
1.723713168491681,2.3068149096482014,-0.5831017411565202,0.5831017411565202
1.60003238244435,2.0591742253663328,-0.4591418429219827,0.4591418429219827
1.2175480596073385,1.643311970626007,-0.4257639110186686,0.4257639110186686
7.244065383360269,2.2272026535951728,5.016862729765096,5.016862729765096
1.4355644271735015,1.8158125778964047,-0.3802481507229032,0.3802481507229032
1.658719821291578,2.2565231609285896,-0.5978033396370117,0.5978033396370117
2.314641460829224,2.6292539790179577,-0.3146125181887336,0.3146125181887336
1.9348144714872644,2.434301271830445,-0.4994868003431805,0.4994868003431805
1.3,2.106030412551798,-0.8060304125517981,0.8060304125517981
1.0,1.3924960963566189,-0.39249609635661886,0.39249609635661886
2.5,2.4670429450948554,0.032957054905144556,0.032957054905144556
0.6401206168693183,0.157807057184498,0.4823135596848203,0.4823135596848203
0.8018694899438292,0.7403924023929547,0.061477087550874554,0.061477087550874554
0.6904468967705395,0.492751718111086,0.19769517865945352,0.19769517865945352
0.5422885207412549,0.0768894633707601,0.4653990573704948,0.4653990573704948
0.5422885207412549,0.2493900706411583,0.2928984501000966,0.2928984501000966
0.6286830497610721,0.6901006536733426,-0.06141760391227047,0.06141760391227047
1.1321807165247717,1.062831471762711,0.06934924476206072,0.06934924476206072
0.8632751628341233,0.8678787645751982,-0.004603601741074881,0.004603601741074881
0.4,0.5396079052965512,-0.1396079052965512,0.1396079052965512
0.4,0.0,0.4,0.4
0.6,0.9006204378396085,-0.30062043783960857,0.30062043783960857
0.3322482939632105,0.0,0.3322482939632105,0.3322482939632105
0.4062549460293829,0.557693064901146,-0.15143811887176312,0.15143811887176312
0.3649043656974847,0.3100523806192774,0.054851985078207266,0.054851985078207266
0.5747979489963491,0.0,0.5747979489963491,0.5747979489963491
0.1047330767226874,0.4780808088481176,-0.3733477321254302,0.3733477321254302
0.5592824320954186,0.0666907331493498,0.4925916989460688,0.4925916989460688
0.6198068833094819,0.5074013161815342,0.11240556712794769,0.11240556712794769
1.0649682679639256,0.8801321342709025,0.1848361336930231,0.1848361336930231
0.7696938879034653,0.6851794270833896,0.08451446082007563,0.08451446082007563
0.5,0.3569085678047428,0.14309143219525722,0.14309143219525722
0.4,0.0,0.4,0.4
0.5,0.7179211003478001,-0.2179211003478001,0.2179211003478001
1.5222384603844508,1.98232815889003,-0.4600896985055791,0.4600896985055791
1.723713168491681,2.640072910947467,-0.9163597424557861,0.9163597424557861
1.60003238244435,2.010398410086073,-0.4103660276417229,0.4103660276417229
1.2175480596073385,1.7975567291770564,-0.580008669569718,0.580008669569718
7.244065383360269,2.220681328688398,5.023384054671871,5.023384054671871
1.4355644271735015,1.777135635969839,-0.3415712087963374,0.3415712087963374
1.658719821291578,2.262353146121307,-0.6036333248297292,0.6036333248297292
2.314641460829224,2.2722651981137587,0.04237626271546535,0.04237626271546535
1.9348144714872644,2.0737754198890426,-0.1389609484017782,0.1389609484017782
1.3,2.005990908385289,-0.7059909083852889,0.7059909083852889
1.0,1.8947939511175984,-0.8947939511175984,0.8947939511175984
2.5,2.120703734317506,0.37929626568249386,0.37929626568249386
0.6401206168693183,0.5858040535060344,0.05431656336328394,0.05431656336328394
0.8018694899438292,0.7988453604565962,0.0030241294872330737,0.0030241294872330737
0.6904468967705395,0.5799936553312802,0.11045324143925928,0.11045324143925928
0.5422885207412549,0.6533497373626294,-0.11106121662137447,0.11106121662137447
0.5422885207412549,0.6418800015378793,-0.09959148079662439,0.09959148079662439
0.6286830497610721,0.583953921111945,0.04472912864912715,0.04472912864912715
1.1321807165247717,0.8157997025120127,0.316381014012759,0.316381014012759
0.8632751628341233,0.6325399094143801,0.2307352534197432,0.2307352534197432
0.4,0.5657984013190028,-0.1657984013190028,0.1657984013190028
0.4,0.6471615354694924,-0.24716153546949238,0.24716153546949238
0.6,0.6672577014898802,-0.0672577014898802,0.0672577014898802
0.3322482939632105,0.534112729118135,-0.20186443515492453,0.20186443515492453
0.4062549460293829,0.6424253203883721,-0.2361703743589892,0.2361703743589892
0.3649043656974847,0.5220285856324803,-0.15712421993499565,0.15712421993499565
0.5747979489963491,0.5890569740204344,-0.014259025024085381,0.014259025024085381
0.1047330767226874,0.6544370332064221,-0.5497039564837347,0.5497039564837347
0.5592824320954186,0.5828369274160956,-0.023554495320676994,0.023554495320676994
0.6198068833094819,0.5339118135476779,0.08589506976180394,0.08589506976180394
1.0649682679639256,0.6672952183958811,0.3976730495680445,0.3976730495680445
0.7696938879034653,0.5818730449825901,0.1878208429208752,0.1878208429208752
0.5,0.5189089697061187,-0.01890896970611866,0.01890896970611866
0.4,0.5957195548484225,-0.19571955484842252,0.19571955484842252
0.5,0.6116193334813473,-0.11161933348134734,0.11161933348134734
1.5222384603844508,1.9062354564666748,-0.38399699608222404,0.38399699608222404
1.723713168491681,2.778292894363404,-1.054579725871723,1.054579725871723
1.60003238244435,1.873010277748108,-0.2729778953037578,0.2729778953037578
1.2175480596073385,1.395249366760254,-0.17770130715291543,0.17770130715291543
7.244065383360269,2.3508660793304443,4.8931993040298245,4.8931993040298245
1.4355644271735015,1.3920105695724487,0.04355385760105279,0.04355385760105279
1.658719821291578,2.320558786392212,-0.661838965100634,0.661838965100634
2.314641460829224,2.6477882862091064,-0.3331468253798824,0.3331468253798824
1.9348144714872644,2.256808996200561,-0.3219945247132967,0.3219945247132967
1.3,1.8278956413269043,-0.5278956413269043,0.5278956413269043
1.0,1.7745400667190552,-0.7745400667190552,0.7745400667190552
2.5,2.3317224979400635,0.16827750205993652,0.16827750205993652
0.6401206168693183,0.5509231090545654,0.08919750781475289,0.08919750781475289
0.8018694899438292,0.7793309688568115,0.022538521087017704,0.022538521087017704
0.6904468967705395,0.5620642304420471,0.12838266632849238,0.12838266632849238
0.5422885207412549,0.5163636803627014,0.02592484037855347,0.02592484037855347
0.5422885207412549,0.5291955471038818,0.013092973637373051,0.013092973637373051
0.6286830497610721,0.624491274356842,0.0041917754042301025,0.0041917754042301025
1.1321807165247717,0.7834376692771912,0.34874304724758054,0.34874304724758054
0.8632751628341233,0.6842575073242188,0.17901765550990456,0.17901765550990456
0.4,0.4857997298240661,-0.08579972982406608,0.08579972982406608
0.4,0.6896696090698242,-0.2896696090698242,0.2896696090698242
0.6,0.7997506856918335,-0.19975068569183352,0.19975068569183352
0.3322482939632105,0.4110499918460846,-0.07880169788287411,0.07880169788287411
0.4062549460293829,0.5630360841751099,-0.15678113814572697,0.15678113814572697
0.3649043656974847,0.4250703454017639,-0.06016597970427923,0.06016597970427923
0.5747979489963491,0.4164111018180847,0.15838684717826435,0.15838684717826435
0.1047330767226874,0.6367532014846802,-0.5320201247619928,0.5320201247619928
0.5592824320954186,0.4159035682678222,0.1433788638275964,0.1433788638275964
0.6198068833094819,0.4664750397205353,0.15333184358894658,0.15333184358894658
1.0649682679639256,0.613889217376709,0.45107905058721665,0.45107905058721665
0.7696938879034653,0.5623741745948792,0.20731971330858612,0.20731971330858612
0.5,0.3506252765655517,0.1493747234344483,0.1493747234344483
0.4,0.5787938833236694,-0.1787938833236694,0.1787938833236694
0.5,0.6779615879058838,-0.1779615879058838,0.1779615879058838
1.5222384603844508,1.1949953857315914,0.3272430746528594,0.3272430746528594
1.723713168491681,1.1949953857315914,0.5287177827600897,0.5287177827600897
1.60003238244435,1.1949953857315914,0.4050369967127587,0.4050369967127587
1.2175480596073385,1.1949953857315914,0.02255267387574711,0.02255267387574711
7.244065383360269,1.1949953857315914,6.049069997628678,6.049069997628678
1.4355644271735015,1.1949953857315914,0.24056904144191016,0.24056904144191016
1.658719821291578,1.1949953857315914,0.46372443555998655,0.46372443555998655
2.314641460829224,1.1949953857315914,1.1196460750976327,1.1196460750976327
1.9348144714872644,1.1949953857315914,0.739819085755673,0.739819085755673
1.3,1.1949953857315914,0.10500461426840868,0.10500461426840868
1.0,1.1949953857315914,-0.19499538573159136,0.19499538573159136
2.5,1.1949953857315914,1.3050046142684086,1.3050046142684086
0.6401206168693183,1.1949953857315914,-0.554874768862273,0.554874768862273
0.8018694899438292,1.1949953857315914,-0.39312589578776214,0.39312589578776214
0.6904468967705395,1.1949953857315914,-0.5045484889610519,0.5045484889610519
0.5422885207412549,1.1949953857315914,-0.6527068649903365,0.6527068649903365
0.5422885207412549,1.1949953857315914,-0.6527068649903365,0.6527068649903365
0.6286830497610721,1.1949953857315914,-0.5663123359705192,0.5663123359705192
1.1321807165247717,1.1949953857315914,-0.06281466920681966,0.06281466920681966
0.8632751628341233,1.1949953857315914,-0.33172022289746805,0.33172022289746805
0.4,1.1949953857315914,-0.7949953857315913,0.7949953857315913
0.4,1.1949953857315914,-0.7949953857315913,0.7949953857315913
0.6,1.1949953857315914,-0.5949953857315914,0.5949953857315914
0.3322482939632105,1.1949953857315914,-0.8627470917683808,0.8627470917683808
0.4062549460293829,1.1949953857315914,-0.7887404397022084,0.7887404397022084
0.3649043656974847,1.1949953857315914,-0.8300910200341067,0.8300910200341067
0.5747979489963491,1.1949953857315914,-0.6201974367352423,0.6201974367352423
0.1047330767226874,1.1949953857315914,-1.0902623090089039,1.0902623090089039
0.5592824320954186,1.1949953857315914,-0.6357129536361728,0.6357129536361728
0.6198068833094819,1.1949953857315914,-0.5751885024221095,0.5751885024221095
1.0649682679639256,1.1949953857315914,-0.13002711776766573,0.13002711776766573
0.7696938879034653,1.1949953857315914,-0.4253014978281261,0.4253014978281261
0.5,1.1949953857315914,-0.6949953857315914,0.6949953857315914
0.4,1.1949953857315914,-0.7949953857315913,0.7949953857315913
0.5,1.1949953857315914,-0.6949953857315914,0.6949953857315914
1.5222384603844508,1.1949953857315914,0.3272430746528594,0.3272430746528594
1.723713168491681,1.1949953857315914,0.5287177827600897,0.5287177827600897
1.60003238244435,1.1949953857315914,0.4050369967127587,0.4050369967127587
1.2175480596073385,1.1949953857315914,0.02255267387574711,0.02255267387574711
7.244065383360269,1.1949953857315914,6.049069997628678,6.049069997628678
1.4355644271735015,1.1949953857315914,0.24056904144191016,0.24056904144191016
1.658719821291578,1.1949953857315914,0.46372443555998655,0.46372443555998655
2.314641460829224,1.1949953857315914,1.1196460750976327,1.1196460750976327
1.9348144714872644,1.1949953857315914,0.739819085755673,0.739819085755673
1.3,1.1949953857315914,0.10500461426840868,0.10500461426840868
1.0,1.1949953857315914,-0.19499538573159136,0.19499538573159136
2.5,1.1949953857315914,1.3050046142684086,1.3050046142684086
0.6401206168693183,1.1949953857315914,-0.554874768862273,0.554874768862273
0.8018694899438292,1.1949953857315914,-0.39312589578776214,0.39312589578776214
0.6904468967705395,1.1949953857315914,-0.5045484889610519,0.5045484889610519
0.5422885207412549,1.1949953857315914,-0.6527068649903365,0.6527068649903365
0.5422885207412549,1.1949953857315914,-0.6527068649903365,0.6527068649903365
0.6286830497610721,1.1949953857315914,-0.5663123359705192,0.5663123359705192
1.1321807165247717,1.1949953857315914,-0.06281466920681966,0.06281466920681966
0.8632751628341233,1.1949953857315914,-0.33172022289746805,0.33172022289746805
0.4,1.1949953857315914,-0.7949953857315913,0.7949953857315913
0.4,1.1949953857315914,-0.7949953857315913,0.7949953857315913
0.6,1.1949953857315914,-0.5949953857315914,0.5949953857315914
0.3322482939632105,1.1949953857315914,-0.8627470917683808,0.8627470917683808
0.4062549460293829,1.1949953857315914,-0.7887404397022084,0.7887404397022084
0.3649043656974847,1.1949953857315914,-0.8300910200341067,0.8300910200341067
0.5747979489963491,1.1949953857315914,-0.6201974367352423,0.6201974367352423
0.1047330767226874,1.1949953857315914,-1.0902623090089039,1.0902623090089039
0.5592824320954186,1.1949953857315914,-0.6357129536361728,0.6357129536361728
0.6198068833094819,1.1949953857315914,-0.5751885024221095,0.5751885024221095
1.0649682679639256,1.1949953857315914,-0.13002711776766573,0.13002711776766573
0.7696938879034653,1.1949953857315914,-0.4253014978281261,0.4253014978281261
0.5,1.1949953857315914,-0.6949953857315914,0.6949953857315914
0.4,1.1949953857315914,-0.7949953857315913,0.7949953857315913
0.5,1.1949953857315914,-0.6949953857315914,0.6949953857315914
2.3426553850030096,2.1243098628991723,0.2183455221038373,0.2183455221038373
3.0549264654046246,2.568207232871249,0.48671923253337557,0.48671923253337557
2.5954365128642194,2.2193715293136904,0.376064983550529,0.376064983550529
2.169407944352197,1.9559490586030512,0.21345888574914573,0.21345888574914573
2.686740331121587,2.759547220328584,-0.07280688920699685,0.07280688920699685
2.404748318614775,2.2566625361633674,0.1480857824514077,0.1480857824514077
1.7,1.8137532275814128,-0.11375322758141282,0.11375322758141282
2.1,1.9625815725849287,0.13741842741507138,0.13741842741507138
0.826094714383351,0.5935750771993424,0.2325196371840086,0.2325196371840086
1.200511704804833,1.0374724471714194,0.16303925763341365,0.16303925763341365
0.98602045418736,0.6886367436138603,0.29738371057349966,0.29738371057349966
0.6433017110440628,0.4252142729032212,0.21808743814084153,0.21808743814084153
0.9823435270848496,1.2288124346287534,-0.24646890754390383,0.24646890754390383
0.7961939204401095,0.7259277504635377,0.07026616997657176,0.07026616997657176
0.7,0.2830184418815832,0.41698155811841675,0.41698155811841675
0.6,0.4318467868850993,0.16815321311490067,0.16815321311490067
0.6650306538588546,0.4104530666566415,0.25457758720221313,0.25457758720221313
0.7713261452057005,0.8543504366287186,-0.08302429142301804,0.08302429142301804
0.7333233775958355,0.5055147330711594,0.2278086445246762,0.2278086445246762
0.4198664546099319,0.2420922623605202,0.17777419224941168,0.17777419224941168
0.6052217822979895,1.0456904240860525,-0.440468641788063,0.440468641788063
0.4953986447362168,0.5428057399208368,-0.047407095184619996,0.047407095184619996
0.8,0.0998964313388823,0.7001035686611178,0.7001035686611178
0.6,0.2487247763423984,0.35127522365760155,0.35127522365760155
2.3426553850030096,2.139832797907792,0.2028225870952176,0.2028225870952176
3.0549264654046246,2.64752948937764,0.40739697602698444,0.40739697602698444
2.5954365128642194,2.212212597337831,0.38322391552638857,0.38322391552638857
2.169407944352197,2.0208379518611954,0.14856999249100156,0.14856999249100156
2.686740331121587,2.7576442804440453,-0.07090394932245836,0.07090394932245836
2.404748318614775,2.2635914195662963,0.14115689904847883,0.14115689904847883
1.7,1.8412674481160376,-0.14126744811603764,0.14126744811603764
2.1,1.9682028225231285,0.13179717747687159,0.13179717747687159
0.826094714383351,0.6151347575897674,0.2109599567935836,0.2109599567935836
1.200511704804833,1.1228314490596156,0.07768025574521742,0.07768025574521742
0.98602045418736,0.6875145570198062,0.2985058971675537,0.2985058971675537
0.6433017110440628,0.4961399115431708,0.14716179950089198,0.14716179950089198
0.9823435270848496,1.2329462401260212,-0.25060271304117154,0.25060271304117154
0.7961939204401095,0.7388933792482721,0.05730054119183736,0.05730054119183736
0.7,0.3165694077980135,0.38343059220198644,0.38343059220198644
0.6,0.443504782205104,0.156495217794896,0.156495217794896
0.6650306538588546,0.4339012545684456,0.23112939929040904,0.23112939929040904
0.7713261452057005,0.9415979460382938,-0.1702718008325933,0.1702718008325933
0.7333233775958355,0.5062810539984846,0.227042323597351,0.227042323597351
0.4198664546099319,0.314906408521849,0.1049600460880829,0.1049600460880829
0.6052217822979895,1.0517127371046993,-0.44649095480670975,0.44649095480670975
0.4953986447362168,0.5576598762269505,-0.06226123149073365,0.06226123149073365
0.8,0.1353359047766917,0.6646640952233084,0.6646640952233084
0.6,0.2622712791837822,0.3377287208162178,0.3377287208162178
2.3426553850030096,2.150146992150018,0.1925083928529916,0.1925083928529916
3.0549264654046246,2.6562298915039086,0.398696573900716,0.398696573900716
2.5954365128642194,2.201704825254115,0.39373168761010424,0.39373168761010424
2.169407944352197,2.02626905171328,0.143138892638917,0.143138892638917
2.686740331121587,2.697551540362166,-0.01081120924057899,0.01081120924057899
2.404748318614775,2.2349429222686594,0.1698053963461157,0.1698053963461157
1.7,1.758200764342465,-0.05820076434246513,0.05820076434246513
2.1,1.8765572343378047,0.22344276566219534,0.22344276566219534
0.826094714383351,0.6167608814599855,0.2093338329233655,0.2093338329233655
1.200511704804833,1.1228437808138765,0.07766792399095657,0.07766792399095657
0.98602045418736,0.6683187145640826,0.3177017396232773,0.3177017396232773
0.6433017110440628,0.4928829410232481,0.15041877002081466,0.15041877002081466
0.9823435270848496,1.164165429672134,-0.18182190258728437,0.18182190258728437
0.7961939204401095,0.7015568115786271,0.09463710886148236,0.09463710886148236
0.7,0.2248146536524327,0.47518534634756726,0.47518534634756726
0.6,0.343171123647773,0.25682887635222695,0.25682887635222695
0.6650306538588546,0.4362901959074866,0.22874045795136805,0.22874045795136805
0.7713261452057005,0.9423730952613774,-0.17104695005567683,0.17104695005567683
0.7333233775958355,0.4878480290115836,0.24547534858425196,0.24547534858425196
0.4198664546099319,0.3124122554707492,0.1074541991391827,0.1074541991391827
0.6052217822979895,0.9836947441196346,-0.37847296182164514,0.37847296182164514
0.4953986447362168,0.5210861260261281,-0.02568748128991133,0.02568748128991133
0.8,0.044343968099934,0.755656031900066,0.755656031900066
0.6,0.162700438095274,0.43729956190472596,0.43729956190472596
2.3426553850030096,2.1649082948147065,0.17774709018830315,0.17774709018830315
3.0549264654046246,2.7039748706718263,0.35095159473279836,0.35095159473279836
2.5954365128642194,2.2154932715272944,0.37994324133692503,0.37994324133692503
2.169407944352197,2.0780936286973244,0.09131431565487258,0.09131431565487258
2.686740331121587,2.743863315655376,-0.057122984533788834,0.057122984533788834
2.404748318614775,2.2648960366841875,0.13985228193058763,0.13985228193058763
1.7,1.8352436309747544,-0.13524363097475445,0.13524363097475445
2.1,1.9470710326948648,0.15292896730513528,0.15292896730513528
0.826094714383351,0.6288502307835258,0.19724448359982527,0.19724448359982527
1.200511704804833,1.1679168066406451,0.032594898164187924,0.032594898164187924
0.98602045418736,0.6794352074961131,0.30658524669124687,0.30658524669124687
0.6433017110440628,0.5420355646661437,0.10126614637791909,0.10126614637791909
0.9823435270848496,1.2078052516241942,-0.22546172453934454,0.22546172453934454
0.7961939204401095,0.7288379726530064,0.06735594778710308,0.06735594778710308
0.7,0.2991855669435732,0.4008144330564268,0.4008144330564268
0.6,0.4110129686636836,0.1889870313363164,0.1889870313363164
0.6650306538588546,0.4475072940654667,0.21752335979338794,0.21752335979338794
0.7713261452057005,0.9865738699225864,-0.2152477247168859,0.2152477247168859
0.7333233775958355,0.4980922707780542,0.23523110681778137,0.23523110681778137
0.4198664546099319,0.3606926279480846,0.059173826661847284,0.059173826661847284
0.6052217822979895,1.0264623149061352,-0.42124053260814565,0.42124053260814565
0.4953986447362168,0.5474950359349473,-0.052096391198730496,0.052096391198730496
0.8,0.1178426302255142,0.6821573697744858,0.6821573697744858
0.6,0.2296700319456246,0.37032996805437535,0.37032996805437535
2.3426553850030096,1.947474339031392,0.39518104597161763,0.39518104597161763
3.0549264654046246,2.638939207411008,0.4159872579936166,0.4159872579936166
2.5954365128642194,1.9089677547849813,0.6864687580792381,0.6864687580792381
2.169407944352197,2.18705700360265,-0.017649059250453014,0.017649059250453014
2.686740331121587,3.0282740248199698,-0.3415336936983828,0.3415336936983828
2.404748318614775,1.9033422730284848,0.5014060455862903,0.5014060455862903
1.7,1.682772471169239,0.017227528830761063,0.017227528830761063
2.1,1.75902151630579,0.34097848369421,0.34097848369421
0.826094714383351,0.6660289101009131,0.16006580428243788,0.16006580428243788
1.200511704804833,0.7792033116741104,0.42130839313072266,0.42130839313072266
0.98602045418736,0.6278479463796086,0.35817250780775134,0.35817250780775134
0.6433017110440628,0.6542290368751829,-0.010927325831120105,0.010927325831120105
0.9823435270848496,0.8479816278308023,0.1343618992540473,0.1343618992540473
0.7961939204401095,0.6310224201890273,0.16517150025108218,0.16517150025108218
0.7,0.5806737096749367,0.11932629032506326,0.11932629032506326
0.6,0.5955765400080242,0.004423459991975798,0.004423459991975798
0.6650306538588546,0.6184485848155234,0.046582069043331176,0.046582069043331176
0.7713261452057005,0.7068866032321115,0.06443954197358903,0.06443954197358903
0.7333233775958355,0.5934233865407834,0.13989999105505213,0.13989999105505213
0.4198664546099319,0.5985303791176532,-0.17866392450772128,0.17866392450772128
0.6052217822979895,0.7664129427165282,-0.16119116041853865,0.16119116041853865
0.4953986447362168,0.5842714388134466,-0.08887279407722976,0.08887279407722976
0.8,0.5409540184530632,0.2590459815469368,0.2590459815469368
0.6,0.5567315017797086,0.04326849822029133,0.04326849822029133
2.3426553850030096,2.0101094245910645,0.3325459604119452,0.3325459604119452
3.0549264654046246,2.913785696029663,0.14114076937496156,0.14114076937496156
2.5954365128642194,2.329404830932617,0.2660316819316022,0.2660316819316022
2.169407944352197,2.29510498046875,-0.12569703611655303,0.12569703611655303
2.686740331121587,3.0635974407196045,-0.37685710959801755,0.37685710959801755
2.404748318614775,2.07181978225708,0.33292853635769504,0.33292853635769504
1.7,1.3669191598892212,0.33308084011077876,0.33308084011077876
2.1,1.6008970737457275,0.49910292625427255,0.49910292625427255
0.826094714383351,0.7059636116027832,0.12013110278056782,0.12013110278056782
1.200511704804833,0.9090594053268432,0.2914522994779899,0.2914522994779899
0.98602045418736,0.81085604429245,0.17516440989491,0.17516440989491
0.6433017110440628,0.783675491809845,-0.14037378076578222,0.14037378076578222
0.9823435270848496,0.9836801886558532,-0.001336661571003539,0.001336661571003539
0.7961939204401095,0.7377060055732727,0.0584879148668368,0.0584879148668368
0.7,0.5108745694160461,0.1891254305839538,0.1891254305839538
0.6,0.6101617813110352,-0.010161781311035178,0.010161781311035178
0.6650306538588546,0.5312858819961548,0.13374477186269984,0.13374477186269984
0.7713261452057005,0.6712826490402222,0.10004349616547836,0.10004349616547836
0.7333233775958355,0.6189514398574829,0.11437193773835264,0.11437193773835264
0.4198664546099319,0.6102296710014343,-0.19036321639150244,0.19036321639150244
0.6052217822979895,0.7164246439933777,-0.11120286169538818,0.11120286169538818
0.4953986447362168,0.5418635010719299,-0.04646485633571312,0.04646485633571312
0.8,0.3697386980056762,0.43026130199432383,0.43026130199432383
0.6,0.4566380083560943,0.14336199164390567,0.14336199164390567
2.3426553850030096,1.1590910739922922,1.1835643110107175,1.1835643110107175
3.0549264654046246,1.1590910739922922,1.8958353914123325,1.8958353914123325
2.5954365128642194,1.1590910739922922,1.4363454388719272,1.4363454388719272
2.169407944352197,1.1590910739922922,1.0103168703599048,1.0103168703599048
2.686740331121587,1.1590910739922922,1.5276492571292948,1.5276492571292948
2.404748318614775,1.1590910739922922,1.245657244622483,1.245657244622483
1.7,1.1590910739922922,0.5409089260077078,0.5409089260077078
2.1,1.1590910739922922,0.9409089260077079,0.9409089260077079
0.826094714383351,1.1590910739922922,-0.33299635960894114,0.33299635960894114
1.200511704804833,1.1590910739922922,0.04142063081254088,0.04142063081254088
0.98602045418736,1.1590910739922922,-0.1730706198049322,0.1730706198049322
0.6433017110440628,1.1590910739922922,-0.5157893629482294,0.5157893629482294
0.9823435270848496,1.1590910739922922,-0.17674754690744254,0.17674754690744254
0.7961939204401095,1.1590910739922922,-0.36289715355218266,0.36289715355218266
0.7,1.1590910739922922,-0.4590910739922922,0.4590910739922922
0.6,1.1590910739922922,-0.5590910739922922,0.5590910739922922
0.6650306538588546,1.1590910739922922,-0.49406042013343754,0.49406042013343754
0.7713261452057005,1.1590910739922922,-0.38776492878659163,0.38776492878659163
0.7333233775958355,1.1590910739922922,-0.4257676963964566,0.4257676963964566
0.4198664546099319,1.1590910739922922,-0.7392246193823603,0.7392246193823603
0.6052217822979895,1.1590910739922922,-0.5538692916943027,0.5538692916943027
0.4953986447362168,1.1590910739922922,-0.6636924292560753,0.6636924292560753
0.8,1.1590910739922922,-0.3590910739922921,0.3590910739922921
0.6,1.1590910739922922,-0.5590910739922922,0.5590910739922922
2.3426553850030096,1.1590910739922922,1.1835643110107175,1.1835643110107175
3.0549264654046246,1.1590910739922922,1.8958353914123325,1.8958353914123325
2.5954365128642194,1.1590910739922922,1.4363454388719272,1.4363454388719272
2.169407944352197,1.1590910739922922,1.0103168703599048,1.0103168703599048
2.686740331121587,1.1590910739922922,1.5276492571292948,1.5276492571292948
2.404748318614775,1.1590910739922922,1.245657244622483,1.245657244622483
1.7,1.1590910739922922,0.5409089260077078,0.5409089260077078
2.1,1.1590910739922922,0.9409089260077079,0.9409089260077079
0.826094714383351,1.1590910739922922,-0.33299635960894114,0.33299635960894114
1.200511704804833,1.1590910739922922,0.04142063081254088,0.04142063081254088
0.98602045418736,1.1590910739922922,-0.1730706198049322,0.1730706198049322
0.6433017110440628,1.1590910739922922,-0.5157893629482294,0.5157893629482294
0.9823435270848496,1.1590910739922922,-0.17674754690744254,0.17674754690744254
0.7961939204401095,1.1590910739922922,-0.36289715355218266,0.36289715355218266
0.7,1.1590910739922922,-0.4590910739922922,0.4590910739922922
0.6,1.1590910739922922,-0.5590910739922922,0.5590910739922922
0.6650306538588546,1.1590910739922922,-0.49406042013343754,0.49406042013343754
0.7713261452057005,1.1590910739922922,-0.38776492878659163,0.38776492878659163
0.7333233775958355,1.1590910739922922,-0.4257676963964566,0.4257676963964566
0.4198664546099319,1.1590910739922922,-0.7392246193823603,0.7392246193823603
0.6052217822979895,1.1590910739922922,-0.5538692916943027,0.5538692916943027
0.4953986447362168,1.1590910739922922,-0.6636924292560753,0.6636924292560753
0.8,1.1590910739922922,-0.3590910739922921,0.3590910739922921
0.6,1.1590910739922922,-0.5590910739922922,0.5590910739922922
1.6268858066002263,0.1209814994629495,1.5059043071372769,1.5059043071372769
1.9919193221111424,0.9961498546758922,0.9957694674352502,0.9957694674352502
1.6750870924050658,2.021065804496673,-0.34597871209160713,0.34597871209160713
2.291177593433027,0.6643446295250285,1.6268329639079986,1.6268329639079986
4.746403988018382,0.3347682086492366,4.411635779369145,4.411635779369145
3.474743554785576,1.8610048483419883,1.6137387064435875,1.6137387064435875
1.5470171390615697,0.9441990981852796,0.6028180408762901,0.6028180408762901
2.594196684748674,1.2348198660347725,1.3593768187139015,1.3593768187139015
1.8697114647833253,2.429018626940928,-0.5593071621576029,0.5593071621576029
2.3426553850030096,0.7900975617237045,1.5525578232793051,1.5525578232793051
3.0549264654046246,1.0440833987716271,2.0108430666329973,2.0108430666329973
2.5954365128642194,2.152450538537364,0.4429859743268554,0.4429859743268554
1.5222384603844508,1.1584443071366226,0.36379415324782816,0.36379415324782816
1.723713168491681,1.3502994320029345,0.37341373648874665,0.37341373648874665
1.60003238244435,2.561126161771213,-0.961093779326863,0.961093779326863
2.591624259545572,1.2627756291804777,1.3288486303650944,1.3288486303650944
3.423349924580549,1.5945990089746256,1.8287509156059234,1.8287509156059234
2.6510166735556018,2.9133184177713543,-0.2623017442157525,0.2623017442157525
1.2175480596073385,0.4794551521078157,0.7380929074995228,0.7380929074995228
7.244065383360269,0.9280979361684928,6.315967447191776,6.315967447191776
1.4355644271735015,2.115338142917856,-0.6797737157443546,0.6797737157443546
1.6788303054282812,0.8505698841792578,0.8282604212490233,0.8282604212490233
4.580426866194772,0.1574921606889735,4.422934705505798,4.422934705505798
2.9826713553861293,1.7681390754019437,1.2145322799841856,1.2145322799841856
1.5321273000173696,0.2510325894043957,1.281094710612974,1.281094710612974
2.9489717758099068,0.9053994318335304,2.0435723439763764,2.0435723439763764
2.235407081928281,1.971493174164049,0.26391390776423207,0.26391390776423207
2.169407944352197,1.0959804701775815,1.0734274741746155,1.0734274741746155
2.686740331121587,1.012584381541915,1.6741559495796718,1.6741559495796718
2.404748318614775,2.266840457291895,0.1379078613228799,0.1379078613228799
1.658719821291578,0.8453310416221642,0.8133887796694137,0.8133887796694137
2.314641460829224,0.4648263311318522,1.849815129697372,1.849815129697372
1.9348144714872644,2.0300852558858606,-0.09527078439859626,0.09527078439859626
1.3718829183654722,0.6144669689272033,0.7574159494382688,0.7574159494382688
1.540156423059482,0.8934857078905476,0.6466707151689344,0.6466707151689344
1.4308611121074777,2.0827495899195547,-0.651888477812077,0.651888477812077
3.0038294115831783,0.7468944050226357,2.2569350065605427,2.2569350065605427
4.280134298861751,0.7369418874953855,3.5431924113663653,3.5431924113663653
3.592580248493403,1.9307407698171584,1.6618394786762447,1.6618394786762447
1.2660956469166913,0.3736054448272113,0.89249020208948,0.89249020208948
2.6368413584111803,0.955941752126642,1.6808996062845383,1.6808996062845383
1.4980452432828957,2.0302009375013763,-0.5321556942184806,0.5321556942184806
0.8570862730857126,0.0,0.8570862730857126,0.8570862730857126
0.879146894389113,0.0,0.879146894389113,0.879146894389113
0.8655043603230825,0.8782086616395302,-0.01270430131644762,0.01270430131644762
0.7107039593083359,0.0,0.7107039593083359,0.7107039593083359
1.3411688832335629,0.0,1.3411688832335629,1.3411688832335629
0.9814360581560068,0.7181477054848457,0.263288352671161,0.263288352671161
0.5175817230094645,0.0,0.5175817230094645,0.5175817230094645
0.7056484947012804,0.0919627231776295,0.6136857715236509,0.6136857715236509
0.5731757916040728,1.2861614840837845,-0.7129856924797117,0.7129856924797117
0.826094714383351,0.0,0.826094714383351,0.826094714383351
1.200511704804833,0.0,1.200511704804833,1.200511704804833
0.98602045418736,1.0095933956802212,-0.023572941492861266,0.023572941492861266
0.6401206168693183,0.0155871642794798,0.6245334525898385,0.6245334525898385
0.8018694899438292,0.2074422891457916,0.5944272007980376,0.5944272007980376
0.6904468967705395,1.4182690189140708,-0.7278221221435313,0.7278221221435313
0.6700120852270204,0.1199184863233348,0.5500935989036856,0.5500935989036856
0.653829971282899,0.4517418661174825,0.20208810516541648,0.20208810516541648
0.6636769574159984,1.7704612749142117,-1.1067843174982133,1.1067843174982133
0.5422885207412549,0.0,0.5422885207412549,0.5422885207412549
0.5422885207412549,0.9724810000607134,-0.4301924793194585,0.4301924793194585
0.6821726355797036,0.0,0.6821726355797036,0.6821726355797036
1.2309422257456628,0.0,1.2309422257456628,1.2309422257456628
0.9352419701157908,0.6252819325448006,0.3099600375709902,0.3099600375709902
0.4538514483659435,0.0,0.4538514483659435,0.4538514483659435
0.997989808692561,0.0,0.997989808692561,0.997989808692561
0.5494183061851179,0.828636031306906,-0.2792177251217881,0.2792177251217881
0.6433017110440628,0.0,0.6433017110440628,0.6433017110440628
0.9823435270848496,0.0,0.9823435270848496,0.9823435270848496
0.7961939204401095,1.1239833144347524,-0.3277893939946429,0.3277893939946429
0.6286830497610721,0.0,0.6286830497610721,0.6286830497610721
1.1321807165247717,0.0,1.1321807165247717,1.1321807165247717
0.8632751628341233,0.8872281130287178,-0.023952950194594536,0.023952950194594536
0.4787820909269001,0.0,0.4787820909269001,0.4787820909269001
0.7279249098775472,0.0,0.7279249098775472,0.7279249098775472
0.5480873832187684,0.939892447062412,-0.39180506384364366,0.39180506384364366
0.5714159022282193,0.0,0.5714159022282193,0.5714159022282193
1.1835686146592244,0.0,1.1835686146592244,1.1835686146592244
0.8099944456086376,0.7878836269600158,0.022110818648621855,0.022110818648621855
0.5251432400895707,0.0,0.5251432400895707,0.5251432400895707
0.7559563988183644,0.0,0.7559563988183644,0.7559563988183644
0.6778710254152407,0.8873437946442335,-0.20947276922899283,0.20947276922899283
0.579730411471064,0.0,0.579730411471064,0.579730411471064
0.774283389787513,0.0,0.774283389787513,0.774283389787513
0.6391522952809118,0.835351518782389,-0.19619922350147723,0.19619922350147723
0.4892093570559104,0.0,0.4892093570559104,0.4892093570559104
0.5561447310735069,0.0,0.5561447310735069,0.5561447310735069
0.5048175502104532,0.6752905626277047,-0.17047301241725155,0.17047301241725155
0.4770632662036267,0.0,0.4770632662036267,0.4770632662036267
0.5641103408681047,0.0491055803204885,0.5150047605476162,0.5150047605476162
0.4869183122414556,1.2433043412266434,-0.7563860289851878,0.7563860289851878
0.6650306538588546,0.0,0.6650306538588546,0.6650306538588546
0.7713261452057005,0.0,0.7713261452057005,0.7713261452057005
0.7333233775958355,0.9667362528230802,-0.23341287522724463,0.23341287522724463
0.3322482939632105,0.0,0.3322482939632105,0.3322482939632105
0.4062549460293829,0.1645851462886506,0.2416697997407323,0.2416697997407323
0.3649043656974847,1.3754118760569296,-1.010507510359445,1.010507510359445
0.4950587775158489,0.0770613434661937,0.4179974340496552,0.4179974340496552
0.7530910039174339,0.4088847232603415,0.3442062806570924,0.3442062806570924
0.5950828682883496,1.7276041320570703,-1.1325212637687208,1.1325212637687208
0.5747979489963491,0.0,0.5747979489963491,0.5747979489963491
0.1047330767226874,0.0,0.1047330767226874,0.1047330767226874
0.5592824320954186,0.9296238572035724,-0.3703414251081538,0.3703414251081538
0.4632654520489824,0.0,0.4632654520489824,0.4632654520489824
0.7496304931127424,0.0,0.7496304931127424,0.7496304931127424
0.5633174517358029,0.5824247896876595,-0.019107337951856596,0.019107337951856596
0.3602760666772656,0.0,0.3602760666772656,0.3602760666772656
0.6658246650132922,0.0,0.6658246650132922,0.6658246650132922
0.4243713490577802,0.785778888449765,-0.3614075393919848,0.3614075393919848
0.4198664546099319,0.0,0.4198664546099319,0.4198664546099319
0.6052217822979895,0.0,0.6052217822979895,0.6052217822979895
0.4953986447362168,1.0811261715776117,-0.5857275268413948,0.5857275268413948
0.6198068833094819,0.0,0.6198068833094819,0.6198068833094819
1.0649682679639256,0.0,1.0649682679639256,1.0649682679639256
0.7696938879034653,0.8443709701715768,-0.07467708226811154,0.07467708226811154
0.3687334249789068,0.0,0.3687334249789068,0.3687334249789068
0.4313168954422955,0.0,0.4313168954422955,0.4313168954422955
0.3707166752248346,0.8970353042052709,-0.5263186289804362,0.5263186289804362
0.4788089757102604,0.0,0.4788089757102604,0.4788089757102604
0.8188652144271537,0.0,0.8188652144271537,0.8188652144271537
0.5842063659602571,0.7450264841028748,-0.16082011814261765,0.16082011814261765
0.4055485017270916,0.0,0.4055485017270916,0.4055485017270916
0.6957406402698985,0.0,0.6957406402698985,0.6957406402698985
0.5562316869210366,0.8444866517870925,-0.28825496486605584,0.28825496486605584
1.6268858066002263,0.1454087707932675,1.4814770358069589,1.4814770358069589
1.9919193221111424,1.0002243735593987,0.9916949485517437,0.9916949485517437
1.6750870924050658,2.0013050687331857,-0.3262179763281199,0.3262179763281199
2.291177593433027,0.6761355489934388,1.6150420444395883,1.6150420444395883
4.746403988018382,0.3542236960449897,4.392180291973392,4.392180291973392
3.474743554785576,1.844966460396052,1.6297770943895238,1.6297770943895238
1.5470171390615697,0.9494817741964736,0.5975353648650961,0.5975353648650961
2.594196684748674,1.2333439195378388,1.360852765210835,1.360852765210835
1.8697114647833253,2.399770616236875,-0.5300591514535498,0.5300591514535498
2.3426553850030096,0.7989639943967962,1.5436913906062135,1.5436913906062135
3.0549264654046246,1.0470431840715115,2.007883281333113,2.007883281333113
2.5954365128642194,2.1296343438426977,0.4658021690215217,0.4658021690215217
1.5222384603844508,1.158744536428018,0.36349392395643276,0.36349392395643276
1.723713168491681,1.346137914204416,0.377575254287265,0.377575254287265
1.60003238244435,2.528805882815294,-0.9287735003709439,0.9287735003709439
2.591624259545572,1.2606495486569005,1.3309747108886716,1.3309747108886716
3.423349924580549,1.5847561056651376,1.8385938189154114,1.8385938189154114
2.6510166735556018,2.872807621234037,-0.2217909476784352,0.2217909476784352
1.2175480596073385,0.4955458268649978,0.7220022327423407,0.7220022327423407
7.244065383360269,0.933755057807985,6.310310325552284,6.310310325552284
1.4355644271735015,2.093385027191085,-0.6578206000175835,0.6578206000175835
1.6788303054282812,0.858029983771988,0.8208003216562931,0.8208003216562931
4.580426866194772,0.181070346874501,4.399356519320271,4.399356519320271
2.9826713553861293,1.754260356594147,1.2284109987919822,1.2284109987919822
1.5321273000173696,0.2724354167825876,1.259691883234782,1.259691883234782
2.9489717758099068,0.911584425666859,2.0373873501430477,2.0373873501430477
2.235407081928281,1.952885290268762,0.2825217916595191,0.2825217916595191
2.169407944352197,1.0977333468401185,1.0716745975120785,1.0716745975120785
2.686740331121587,1.016276702126211,1.670463628995376,1.670463628995376
2.404748318614775,2.2413640319285184,0.1633842866862567,0.1633842866862567
1.658719821291578,0.8529129747627329,0.805806846528845,0.805806846528845
2.314641460829224,0.4812572110280092,1.833384249801215,1.833384249801215
1.9348144714872644,2.0101147654389027,-0.07530029395163829,0.07530029395163829
1.3718829183654722,0.6274178339909111,0.744465084374561,0.744465084374561
1.540156423059482,0.8999477650713872,0.6402086579880948,0.6402086579880948
1.4308611121074777,2.061554347518326,-0.6306932354108481,0.6306932354108481
3.0038294115831783,0.7567655622701711,2.2470638493130073,2.2470638493130073
4.280134298861751,0.7470444986389034,3.5330898002228475,3.5330898002228475
3.592580248493403,1.9130806162555205,1.6794996322378826,1.6794996322378826
1.2660956469166913,0.3921577406839424,0.8739379062327489,0.8739379062327489
2.6368413584111803,0.9609513431624565,1.675890015248724,1.675890015248724
1.4980452432828957,2.010227756784291,-0.5121825135013955,0.5121825135013955
0.8570862730857126,0.0,0.8570862730857126,0.8570862730857126
0.879146894389113,0.0,0.879146894389113,0.879146894389113
0.8655043603230825,0.8763050687331855,-0.010800708410102944,0.010800708410102944
0.7107039593083359,0.0,0.7107039593083359,0.7107039593083359
1.3411688832335629,0.0,1.3411688832335629,1.3411688832335629
0.9814360581560068,0.7199664603960518,0.26146959775995493,0.26146959775995493
0.5175817230094645,0.0,0.5175817230094645,0.5175817230094645
0.7056484947012804,0.1083439195378386,0.5973045751634418,0.5973045751634418
0.5731757916040728,1.274770616236875,-0.7015948246328022,0.7015948246328022
0.826094714383351,0.0,0.826094714383351,0.826094714383351
1.200511704804833,0.0,1.200511704804833,1.200511704804833
0.98602045418736,1.0046343438426977,-0.018613889655337723,0.018613889655337723
0.6401206168693183,0.033744536428018,0.6063760804413003,0.6063760804413003
0.8018694899438292,0.2211379142044156,0.5807315757394136,0.5807315757394136
0.6904468967705395,1.403805882815294,-0.7133589860447545,0.7133589860447545
0.6700120852270204,0.1356495486569002,0.5343625365701201,0.5343625365701201
0.653829971282899,0.4597561056651374,0.19407386561776158,0.19407386561776158
0.6636769574159984,1.7478076212340368,-1.0841306638180384,1.0841306638180384
0.5422885207412549,0.0,0.5422885207412549,0.5422885207412549
0.5422885207412549,0.9683850271910852,-0.4260965064498303,0.4260965064498303
0.6821726355797036,0.0,0.6821726355797036,0.6821726355797036
1.2309422257456628,0.0,1.2309422257456628,1.2309422257456628
0.9352419701157908,0.629260356594147,0.30598161352164377,0.30598161352164377
0.4538514483659435,0.0,0.4538514483659435,0.4538514483659435
0.997989808692561,0.0,0.997989808692561,0.997989808692561
0.5494183061851179,0.827885290268762,-0.2784669840836441,0.2784669840836441
0.6433017110440628,0.0,0.6433017110440628,0.6433017110440628
0.9823435270848496,0.0,0.9823435270848496,0.9823435270848496
0.7961939204401095,1.1163640319285184,-0.3201701114884089,0.3201701114884089
0.6286830497610721,0.0,0.6286830497610721,0.6286830497610721
1.1321807165247717,0.0,1.1321807165247717,1.1321807165247717
0.8632751628341233,0.8851147654389028,-0.021839602604779462,0.021839602604779462
0.4787820909269001,0.0,0.4787820909269001,0.4787820909269001
0.7279249098775472,0.0,0.7279249098775472,0.7279249098775472
0.5480873832187684,0.9365543475183256,-0.3884669642995572,0.3884669642995572
0.5714159022282193,0.0,0.5714159022282193,0.5714159022282193
1.1835686146592244,0.0,1.1835686146592244,1.1835686146592244
0.8099944456086376,0.7880806162555203,0.021913829353117364,0.021913829353117364
0.5251432400895707,0.0,0.5251432400895707,0.5251432400895707
0.7559563988183644,0.0,0.7559563988183644,0.7559563988183644
0.6778710254152407,0.8852277567842912,-0.20735673136905053,0.20735673136905053
0.579730411471064,0.0,0.579730411471064,0.579730411471064
0.774283389787513,0.0,0.774283389787513,0.774283389787513
0.6391522952809118,0.8341175687331855,-0.19496527345227377,0.19496527345227377
0.4892093570559104,0.0,0.4892093570559104,0.4892093570559104
0.5561447310735069,0.0,0.5561447310735069,0.5561447310735069
0.5048175502104532,0.6777789603960518,-0.17296141018559863,0.17296141018559863
0.4770632662036267,0.0,0.4770632662036267,0.4770632662036267
0.5641103408681047,0.0661564195378386,0.49795392133026617,0.49795392133026617
0.4869183122414556,1.2325831162368752,-0.7456648039954197,0.7456648039954197
0.6650306538588546,0.0,0.6650306538588546,0.6650306538588546
0.7713261452057005,0.0,0.7713261452057005,0.7713261452057005
0.7333233775958355,0.9624468438426976,-0.22912346624686208,0.22912346624686208
0.3322482939632105,0.0,0.3322482939632105,0.3322482939632105
0.4062549460293829,0.1789504142044157,0.22730453182496718,0.22730453182496718
0.3649043656974847,1.361618382815294,-0.9967140171178093,0.9967140171178093
0.4950587775158489,0.0934620486569003,0.4015967288589486,0.4015967288589486
0.7530910039174339,0.4175686056651375,0.3355223982522964,0.3355223982522964
0.5950828682883496,1.7056201212340367,-1.1105372529456872,1.1105372529456872
0.5747979489963491,0.0,0.5747979489963491,0.5747979489963491
0.1047330767226874,0.0,0.1047330767226874,0.1047330767226874
0.5592824320954186,0.9261975271910852,-0.36691509509566655,0.36691509509566655
0.4632654520489824,0.0,0.4632654520489824,0.4632654520489824
0.7496304931127424,0.0,0.7496304931127424,0.7496304931127424
0.5633174517358029,0.5870728565941472,-0.023755404858344265,0.023755404858344265
0.3602760666772656,0.0,0.3602760666772656,0.3602760666772656
0.6658246650132922,0.0,0.6658246650132922,0.6658246650132922
0.4243713490577802,0.7856977902687621,-0.3613264412109819,0.3613264412109819
0.4198664546099319,0.0,0.4198664546099319,0.4198664546099319
0.6052217822979895,0.0,0.6052217822979895,0.6052217822979895
0.4953986447362168,1.0741765319285186,-0.5787778871923017,0.5787778871923017
0.6198068833094819,0.0,0.6198068833094819,0.6198068833094819
1.0649682679639256,0.0,1.0649682679639256,1.0649682679639256
0.7696938879034653,0.8429272654389028,-0.07323337753543757,0.07323337753543757
0.3687334249789068,0.0,0.3687334249789068,0.3687334249789068
0.4313168954422955,0.0,0.4313168954422955,0.4313168954422955
0.3707166752248346,0.8943668475183258,-0.5236501722934912,0.5236501722934912
0.4788089757102604,0.0,0.4788089757102604,0.4788089757102604
0.8188652144271537,0.0,0.8188652144271537,0.8188652144271537
0.5842063659602571,0.7458931162555203,-0.16168675029526325,0.16168675029526325
0.4055485017270916,0.0,0.4055485017270916,0.4055485017270916
0.6957406402698985,0.0,0.6957406402698985,0.6957406402698985
0.5562316869210366,0.8430402567842912,-0.28680856986325454,0.28680856986325454
1.6268858066002263,0.1209814994629494,1.5059043071372769,1.5059043071372769
1.9919193221111424,0.9961498546758928,0.9957694674352496,0.9957694674352496
1.6750870924050658,2.0210658044966743,-0.34597871209160846,0.34597871209160846
2.291177593433027,0.6643446295250292,1.6268329639079977,1.6268329639079977
4.746403988018382,0.3347682086492369,4.411635779369145,4.411635779369145
3.474743554785576,1.8610048483419888,1.613738706443587,1.613738706443587
1.5470171390615697,0.9441990981852804,0.6028180408762893,0.6028180408762893
2.594196684748674,1.2348198660347736,1.3593768187139004,1.3593768187139004
1.8697114647833253,2.4290186269409286,-0.5593071621576033,0.5593071621576033
2.3426553850030096,0.7900975617237048,1.552557823279305,1.552557823279305
3.0549264654046246,1.0440833987716278,2.010843066632997,2.010843066632997
2.5954365128642194,2.152450538537365,0.4429859743268545,0.4429859743268545
1.5222384603844508,1.158444307136624,0.3637941532478268,0.3637941532478268
1.723713168491681,1.3502994320029358,0.3734137364887453,0.3734137364887453
1.60003238244435,2.561126161771216,-0.9610937793268661,0.9610937793268661
2.591624259545572,1.2627756291804797,1.3288486303650924,1.3288486303650924
3.423349924580549,1.5945990089746274,1.8287509156059216,1.8287509156059216
2.6510166735556018,2.913318417771357,-0.26230174421575514,0.26230174421575514
1.2175480596073385,0.4794551521078167,0.7380929074995217,0.7380929074995217
7.244065383360269,0.9280979361684938,6.315967447191775,6.315967447191775
1.4355644271735015,2.115338142917857,-0.6797737157443555,0.6797737157443555
1.6788303054282812,0.8505698841792582,0.828260421249023,0.828260421249023
4.580426866194772,0.1574921606889741,4.4229347055057975,4.4229347055057975
2.9826713553861293,1.768139075401944,1.2145322799841853,1.2145322799841853
1.5321273000173696,0.2510325894043962,1.2810947106129733,1.2810947106129733
2.9489717758099068,0.9053994318335312,2.0435723439763755,2.0435723439763755
2.235407081928281,1.97149317416405,0.26391390776423096,0.26391390776423096
2.169407944352197,1.0959804701775826,1.0734274741746144,1.0734274741746144
2.686740331121587,1.0125843815419162,1.6741559495796707,1.6741559495796707
2.404748318614775,2.2668404572918965,0.13790786132287858,0.13790786132287858
1.658719821291578,0.8453310416221643,0.8133887796694136,0.8133887796694136
2.314641460829224,0.4648263311318522,1.849815129697372,1.849815129697372
1.9348144714872644,2.030085255885861,-0.09527078439859671,0.09527078439859671
1.3718829183654722,0.6144669689272042,0.757415949438268,0.757415949438268
1.540156423059482,0.8934857078905485,0.6466707151689335,0.6466707151689335
1.4308611121074777,2.082749589919556,-0.6518884778120784,0.6518884778120784
3.0038294115831783,0.7468944050226359,2.2569350065605422,2.2569350065605422
4.280134298861751,0.7369418874953855,3.5431924113663653,3.5431924113663653
3.592580248493403,1.93074076981716,1.6618394786762432,1.6618394786762432
1.2660956469166913,0.3736054448272121,0.8924902020894792,0.8924902020894792
2.6368413584111803,0.9559417521266426,1.6808996062845378,1.6808996062845378
1.4980452432828957,2.030200937501377,-0.5321556942184815,0.5321556942184815
0.8570862730857126,0.0,0.8570862730857126,0.8570862730857126
0.879146894389113,0.0,0.879146894389113,0.879146894389113
0.8655043603230825,0.8782086616395303,-0.01270430131644773,0.01270430131644773
0.7107039593083359,0.0,0.7107039593083359,0.7107039593083359
1.3411688832335629,0.0,1.3411688832335629,1.3411688832335629
0.9814360581560068,0.7181477054848455,0.26328835267116124,0.26328835267116124
0.5175817230094645,0.0,0.5175817230094645,0.5175817230094645
0.7056484947012804,0.0919627231776299,0.6136857715236506,0.6136857715236506
0.5731757916040728,1.286161484083785,-0.7129856924797121,0.7129856924797121
0.826094714383351,0.0,0.826094714383351,0.826094714383351
1.200511704804833,0.0,1.200511704804833,1.200511704804833
0.98602045418736,1.0095933956802212,-0.023572941492861266,0.023572941492861266
0.6401206168693183,0.0155871642794801,0.6245334525898382,0.6245334525898382
0.8018694899438292,0.2074422891457922,0.594427200798037,0.594427200798037
0.6904468967705395,1.4182690189140716,-0.7278221221435321,0.7278221221435321
0.6700120852270204,0.119918486323336,0.5500935989036844,0.5500935989036844
0.653829971282899,0.451741866117484,0.20208810516541498,0.20208810516541498
0.6636769574159984,1.7704612749142128,-1.1067843174982144,1.1067843174982144
0.5422885207412549,0.0,0.5422885207412549,0.5422885207412549
0.5422885207412549,0.9724810000607138,-0.4301924793194589,0.4301924793194589
0.6821726355797036,0.0,0.6821726355797036,0.6821726355797036
1.2309422257456628,0.0,1.2309422257456628,1.2309422257456628
0.9352419701157908,0.6252819325448004,0.30996003757099044,0.30996003757099044
0.4538514483659435,0.0,0.4538514483659435,0.4538514483659435
0.997989808692561,0.0,0.997989808692561,0.997989808692561
0.5494183061851179,0.8286360313069061,-0.2792177251217882,0.2792177251217882
0.6433017110440628,0.0,0.6433017110440628,0.6433017110440628
0.9823435270848496,0.0,0.9823435270848496,0.9823435270848496
0.7961939204401095,1.1239833144347529,-0.32778939399464335,0.32778939399464335
0.6286830497610721,0.0,0.6286830497610721,0.6286830497610721
1.1321807165247717,0.0,1.1321807165247717,1.1321807165247717
0.8632751628341233,0.8872281130287173,-0.02395295019459398,0.02395295019459398
0.4787820909269001,0.0,0.4787820909269001,0.4787820909269001
0.7279249098775472,0.0,0.7279249098775472,0.7279249098775472
0.5480873832187684,0.9398924470624124,-0.391805063843644,0.391805063843644
0.5714159022282193,0.0,0.5714159022282193,0.5714159022282193
1.1835686146592244,0.0,1.1835686146592244,1.1835686146592244
0.8099944456086376,0.7878836269600156,0.022110818648622077,0.022110818648622077
0.5251432400895707,0.0,0.5251432400895707,0.5251432400895707
0.7559563988183644,0.0,0.7559563988183644,0.7559563988183644
0.6778710254152407,0.8873437946442336,-0.20947276922899294,0.20947276922899294
0.579730411471064,0.0,0.579730411471064,0.579730411471064
0.774283389787513,0.0,0.774283389787513,0.774283389787513
0.6391522952809118,0.8353515187823897,-0.1961992235014779,0.1961992235014779
0.4892093570559104,0.0,0.4892093570559104,0.4892093570559104
0.5561447310735069,0.0,0.5561447310735069,0.5561447310735069
0.5048175502104532,0.6752905626277049,-0.17047301241725177,0.17047301241725177
0.4770632662036267,0.0,0.4770632662036267,0.4770632662036267
0.5641103408681047,0.0491055803204892,0.5150047605476156,0.5150047605476156
0.4869183122414556,1.2433043412266445,-0.7563860289851889,0.7563860289851889
0.6650306538588546,0.0,0.6650306538588546,0.6650306538588546
0.7713261452057005,0.0,0.7713261452057005,0.7713261452057005
0.7333233775958355,0.9667362528230806,-0.23341287522724508,0.23341287522724508
0.3322482939632105,0.0,0.3322482939632105,0.3322482939632105
0.4062549460293829,0.1645851462886517,0.2416697997407312,0.2416697997407312
0.3649043656974847,1.3754118760569312,-1.0105075103594465,1.0105075103594465
0.4950587775158489,0.0770613434661954,0.4179974340496535,0.4179974340496535
0.7530910039174339,0.4088847232603433,0.3442062806570906,0.3442062806570906
0.5950828682883496,1.7276041320570723,-1.1325212637687228,1.1325212637687228
0.5747979489963491,0.0,0.5747979489963491,0.5747979489963491
0.1047330767226874,0.0,0.1047330767226874,0.1047330767226874
0.5592824320954186,0.9296238572035732,-0.3703414251081546,0.3703414251081546
0.4632654520489824,0.0,0.4632654520489824,0.4632654520489824
0.7496304931127424,0.0,0.7496304931127424,0.7496304931127424
0.5633174517358029,0.5824247896876599,-0.01910733795185693,0.01910733795185693
0.3602760666772656,0.0,0.3602760666772656,0.3602760666772656
0.6658246650132922,0.0,0.6658246650132922,0.6658246650132922
0.4243713490577802,0.7857788884497655,-0.36140753939198533,0.36140753939198533
0.4198664546099319,0.0,0.4198664546099319,0.4198664546099319
0.6052217822979895,0.0,0.6052217822979895,0.6052217822979895
0.4953986447362168,1.081126171577612,-0.5857275268413951,0.5857275268413951
0.6198068833094819,0.0,0.6198068833094819,0.6198068833094819
1.0649682679639256,0.0,1.0649682679639256,1.0649682679639256
0.7696938879034653,0.8443709701715768,-0.07467708226811154,0.07467708226811154
0.3687334249789068,0.0,0.3687334249789068,0.3687334249789068
0.4313168954422955,0.0,0.4313168954422955,0.4313168954422955
0.3707166752248346,0.8970353042052718,-0.5263186289804371,0.5263186289804371
0.4788089757102604,0.0,0.4788089757102604,0.4788089757102604
0.8188652144271537,0.0,0.8188652144271537,0.8188652144271537
0.5842063659602571,0.745026484102875,-0.16082011814261787,0.16082011814261787
0.4055485017270916,0.0,0.4055485017270916,0.4055485017270916
0.6957406402698985,0.0,0.6957406402698985,0.6957406402698985
0.5562316869210366,0.8444866517870931,-0.2882549648660565,0.2882549648660565
1.6268858066002263,0.1209814994629493,1.505904307137277,1.505904307137277
1.9919193221111424,0.9961498546758928,0.9957694674352496,0.9957694674352496
1.6750870924050658,2.0210658044966747,-0.3459787120916089,0.3459787120916089
2.291177593433027,0.6643446295250293,1.6268329639079977,1.6268329639079977
4.746403988018382,0.3347682086492366,4.411635779369145,4.411635779369145
3.474743554785576,1.8610048483419903,1.6137387064435855,1.6137387064435855
1.5470171390615697,0.9441990981852804,0.6028180408762893,0.6028180408762893
2.594196684748674,1.2348198660347731,1.3593768187139008,1.3593768187139008
1.8697114647833253,2.429018626940929,-0.5593071621576038,0.5593071621576038
2.3426553850030096,0.7900975617237048,1.552557823279305,1.552557823279305
3.0549264654046246,1.0440833987716278,2.010843066632997,2.010843066632997
2.5954365128642194,2.152450538537366,0.4429859743268536,0.4429859743268536
1.5222384603844508,1.1584443071366235,0.36379415324782727,0.36379415324782727
1.723713168491681,1.350299432002936,0.3734137364887451,0.3734137364887451
1.60003238244435,2.561126161771216,-0.9610937793268661,0.9610937793268661
2.591624259545572,1.2627756291804797,1.3288486303650924,1.3288486303650924
3.423349924580549,1.5945990089746276,1.8287509156059214,1.8287509156059214
2.6510166735556018,2.913318417771358,-0.262301744215756,0.262301744215756
1.2175480596073385,0.4794551521078162,0.7380929074995223,0.7380929074995223
7.244065383360269,0.9280979361684936,6.315967447191776,6.315967447191776
1.4355644271735015,2.115338142917858,-0.6797737157443564,0.6797737157443564
1.6788303054282812,0.8505698841792588,0.8282604212490223,0.8282604212490223
4.580426866194772,0.1574921606889739,4.422934705505798,4.422934705505798
2.9826713553861293,1.7681390754019453,1.214532279984184,1.214532279984184
1.5321273000173696,0.251032589404396,1.2810947106129738,1.2810947106129738
2.9489717758099068,0.9053994318335312,2.0435723439763755,2.0435723439763755
2.235407081928281,1.971493174164051,0.26391390776423007,0.26391390776423007
2.169407944352197,1.0959804701775824,1.0734274741746146,1.0734274741746146
2.686740331121587,1.0125843815419158,1.6741559495796712,1.6741559495796712
2.404748318614775,2.266840457291897,0.13790786132287813,0.13790786132287813
1.658719821291578,0.8453310416221638,0.8133887796694141,0.8133887796694141
2.314641460829224,0.4648263311318513,1.8498151296973728,1.8498151296973728
1.9348144714872644,2.030085255885861,-0.09527078439859671,0.09527078439859671
1.3718829183654722,0.614466968927204,0.7574159494382682,0.7574159494382682
1.540156423059482,0.8934857078905486,0.6466707151689334,0.6466707151689334
1.4308611121074777,2.082749589919557,-0.6518884778120793,0.6518884778120793
3.0038294115831783,0.7468944050226367,2.256935006560542,2.256935006560542
4.280134298861751,0.7369418874953862,3.5431924113663644,3.5431924113663644
3.592580248493403,1.9307407698171608,1.6618394786762423,1.6618394786762423
1.2660956469166913,0.3736054448272118,0.8924902020894795,0.8924902020894795
2.6368413584111803,0.955941752126643,1.6808996062845374,1.6808996062845374
1.4980452432828957,2.0302009375013785,-0.5321556942184829,0.5321556942184829
0.8570862730857126,0.0,0.8570862730857126,0.8570862730857126
0.879146894389113,0.0,0.879146894389113,0.879146894389113
0.8655043603230825,0.8782086616395314,-0.01270430131644884,0.01270430131644884
0.7107039593083359,0.0,0.7107039593083359,0.7107039593083359
1.3411688832335629,0.0,1.3411688832335629,1.3411688832335629
0.9814360581560068,0.7181477054848467,0.26328835267116,0.26328835267116
0.5175817230094645,0.0,0.5175817230094645,0.5175817230094645
0.7056484947012804,0.0919627231776297,0.6136857715236508,0.6136857715236508
0.5731757916040728,1.2861614840837858,-0.712985692479713,0.712985692479713
0.826094714383351,0.0,0.826094714383351,0.826094714383351
1.200511704804833,0.0,1.200511704804833,1.200511704804833
0.98602045418736,1.0095933956802223,-0.023572941492862376,0.023572941492862376
0.6401206168693183,0.0155871642794799,0.6245334525898384,0.6245334525898384
0.8018694899438292,0.2074422891457924,0.5944272007980368,0.5944272007980368
0.6904468967705395,1.418269018914072,-0.7278221221435326,0.7278221221435326
0.6700120852270204,0.1199184863233363,0.550093598903684,0.550093598903684
0.653829971282899,0.4517418661174841,0.20208810516541487,0.20208810516541487
0.6636769574159984,1.770461274914214,-1.1067843174982155,1.1067843174982155
0.5422885207412549,0.0,0.5422885207412549,0.5422885207412549
0.5422885207412549,0.9724810000607144,-0.4301924793194595,0.4301924793194595
0.6821726355797036,0.0,0.6821726355797036,0.6821726355797036
1.2309422257456628,0.0,1.2309422257456628,1.2309422257456628
0.9352419701157908,0.6252819325448018,0.309960037570989,0.309960037570989
0.4538514483659435,0.0,0.4538514483659435,0.4538514483659435
0.997989808692561,0.0,0.997989808692561,0.997989808692561
0.5494183061851179,0.8286360313069073,-0.27921772512178944,0.27921772512178944
0.6433017110440628,0.0,0.6433017110440628,0.6433017110440628
0.9823435270848496,0.0,0.9823435270848496,0.9823435270848496
0.7961939204401095,1.1239833144347535,-0.327789393994644,0.327789393994644
0.6286830497610721,0.0,0.6286830497610721,0.6286830497610721
1.1321807165247717,0.0,1.1321807165247717,1.1321807165247717
0.8632751628341233,0.887228113028718,-0.023952950194594647,0.023952950194594647
0.4787820909269001,0.0,0.4787820909269001,0.4787820909269001
0.7279249098775472,0.0,0.7279249098775472,0.7279249098775472
0.5480873832187684,0.9398924470624131,-0.3918050638436448,0.3918050638436448
0.5714159022282193,0.0,0.5714159022282193,0.5714159022282193
1.1835686146592244,0.0,1.1835686146592244,1.1835686146592244
0.8099944456086376,0.7878836269600171,0.022110818648620523,0.022110818648620523
0.5251432400895707,0.0,0.5251432400895707,0.5251432400895707
0.7559563988183644,0.0,0.7559563988183644,0.7559563988183644
0.6778710254152407,0.8873437946442349,-0.20947276922899416,0.20947276922899416
0.579730411471064,0.0,0.579730411471064,0.579730411471064
0.774283389787513,0.0,0.774283389787513,0.774283389787513
0.6391522952809118,0.8353515187823886,-0.19619922350147678,0.19619922350147678
0.4892093570559104,0.0,0.4892093570559104,0.4892093570559104
0.5561447310735069,0.0,0.5561447310735069,0.5561447310735069
0.5048175502104532,0.6752905626277039,-0.17047301241725077,0.17047301241725077
0.4770632662036267,0.0,0.4770632662036267,0.4770632662036267
0.5641103408681047,0.0491055803204868,0.5150047605476179,0.5150047605476179
0.4869183122414556,1.2433043412266431,-0.7563860289851876,0.7563860289851876
0.6650306538588546,0.0,0.6650306538588546,0.6650306538588546
0.7713261452057005,0.0,0.7713261452057005,0.7713261452057005
0.7333233775958355,0.9667362528230796,-0.23341287522724408,0.23341287522724408
0.3322482939632105,0.0,0.3322482939632105,0.3322482939632105
0.4062549460293829,0.1645851462886495,0.24166979974073338,0.24166979974073338
0.3649043656974847,1.3754118760569294,-1.0105075103594447,1.0105075103594447
0.4950587775158489,0.0770613434661934,0.4179974340496555,0.4179974340496555
0.7530910039174339,0.4088847232603412,0.3442062806570927,0.3442062806570927
0.5950828682883496,1.7276041320570714,-1.1325212637687219,1.1325212637687219
0.5747979489963491,0.0,0.5747979489963491,0.5747979489963491
0.1047330767226874,0.0,0.1047330767226874,0.1047330767226874
0.5592824320954186,0.9296238572035715,-0.37034142510815293,0.37034142510815293
0.4632654520489824,0.0,0.4632654520489824,0.4632654520489824
0.7496304931127424,0.0,0.7496304931127424,0.7496304931127424
0.5633174517358029,0.5824247896876589,-0.01910733795185593,0.01910733795185593
0.3602760666772656,0.0,0.3602760666772656,0.3602760666772656
0.6658246650132922,0.0,0.6658246650132922,0.6658246650132922
0.4243713490577802,0.7857788884497645,-0.36140753939198433,0.36140753939198433
0.4198664546099319,0.0,0.4198664546099319,0.4198664546099319
0.6052217822979895,0.0,0.6052217822979895,0.6052217822979895
0.4953986447362168,1.0811261715776106,-0.5857275268413937,0.5857275268413937
0.6198068833094819,0.0,0.6198068833094819,0.6198068833094819
1.0649682679639256,0.0,1.0649682679639256,1.0649682679639256
0.7696938879034653,0.8443709701715751,-0.07467708226810987,0.07467708226810987
0.3687334249789068,0.0,0.3687334249789068,0.3687334249789068
0.4313168954422955,0.0,0.4313168954422955,0.4313168954422955
0.3707166752248346,0.8970353042052704,-0.5263186289804358,0.5263186289804358
0.4788089757102604,0.0,0.4788089757102604,0.4788089757102604
0.8188652144271537,0.0,0.8188652144271537,0.8188652144271537
0.5842063659602571,0.7450264841028744,-0.16082011814261732,0.16082011814261732
0.4055485017270916,0.0,0.4055485017270916,0.4055485017270916
0.6957406402698985,0.0,0.6957406402698985,0.6957406402698985
0.5562316869210366,0.8444866517870919,-0.2882549648660553,0.2882549648660553
1.6268858066002263,2.095364285714287,-0.4684784791140606,0.4684784791140606
1.9919193221111424,2.1490845238095257,-0.15716520169838333,0.15716520169838333
1.6750870924050658,2.1358259920634937,-0.46073889965842785,0.46073889965842785
2.291177593433027,2.142223809523811,0.14895378390921588,0.14895378390921588
4.746403988018382,2.142223809523811,2.6041801784945706,2.6041801784945706
3.474743554785576,2.1634148809523825,1.3113286738331933,1.3113286738331933
1.5470171390615697,2.1778321428571448,-0.6308150037955751,0.6308150037955751
2.594196684748674,1.861382521645024,0.73281416310365,0.73281416310365
1.8697114647833253,1.8835515692640712,-0.013840104480745907,0.013840104480745907
2.3426553850030096,2.113392857142858,0.22926252786015144,0.22926252786015144
3.0549264654046246,2.1498345238095258,0.9050919415950989,0.9050919415950989
2.5954365128642194,2.1499730158730173,0.44546349699120213,0.44546349699120213
1.5222384603844508,2.1778321428571448,-0.655593682472694,0.655593682472694
1.723713168491681,2.081645833333336,-0.357932664841655,0.357932664841655
1.60003238244435,2.1179291666666686,-0.5178967842223186,0.5178967842223186
2.591624259545572,1.8133354978354992,0.7782887617100729,0.7782887617100729
3.423349924580549,1.8133354978354992,1.6100144267450498,1.6100144267450498
2.6510166735556018,1.8630854978354991,0.7879311757201026,0.7879311757201026
1.2175480596073385,1.7651527597402612,-0.5476047001329227,0.5476047001329227
7.244065383360269,1.7679027597402612,5.476162623620008,5.476162623620008
1.4355644271735015,1.7623593073593085,-0.32679488018580694,0.32679488018580694
1.6788303054282812,2.142223809523811,-0.46339350409552993,0.46339350409552993
4.580426866194772,2.142223809523811,2.438203056670961,2.438203056670961
2.9826713553861293,2.142223809523811,0.8404475458623182,0.8404475458623182
1.5321273000173696,2.113392857142858,-0.5812655571254886,0.5812655571254886
2.9489717758099068,2.1498345238095258,0.799137252000381,0.799137252000381
2.235407081928281,2.1245882936507954,0.11081878827748559,0.11081878827748559
2.169407944352197,2.178769642857145,-0.009361698504947835,0.009361698504947835
2.686740331121587,2.178769642857145,0.5079706882644421,0.5079706882644421
2.404748318614775,2.1943011904761924,0.21044712813858268,0.21044712813858268
1.658719821291578,2.176751190476193,-0.518031369184615,0.518031369184615
2.314641460829224,2.1817696428571445,0.1328718179720796,0.1328718179720796
1.9348144714872644,2.2318815476190488,-0.2970670761317844,0.2970670761317844
1.3718829183654722,1.7797521645021666,-0.4078692461366944,0.4078692461366944
1.540156423059482,1.7797521645021666,-0.23959574144268458,0.23959574144268458
1.4308611121074777,1.712357521645023,-0.2814964095375454,0.2814964095375454
3.0038294115831783,2.177915476190478,0.8259139353927001,0.8259139353927001
4.280134298861751,2.173540476190478,2.1065938226712726,2.1065938226712726
3.592580248493403,1.943390079365081,1.6491901691283222,1.6491901691283222
1.2660956469166913,2.0538059523809538,-0.7877103054642625,0.7877103054642625
2.6368413584111803,2.098907142857145,0.5379342155540354,0.5379342155540354
1.4980452432828957,2.185566269841271,-0.6875210265583751,0.6875210265583751
0.8570862730857126,0.6567055351983759,0.20038073788733668,0.20038073788733668
0.879146894389113,0.6402130847566607,0.23893380963245225,0.23893380963245225
0.8655043603230825,0.6548064129970479,0.21069794732603464,0.21069794732603464
0.7107039593083359,0.6529291463094872,0.05777481299884868,0.05777481299884868
1.3411688832335629,0.6538874796428205,0.6872814035907424,0.6872814035907424
0.9814360581560068,0.6523800662229068,0.3290559919331,0.3290559919331
0.5175817230094645,0.5984461754340433,-0.08086445242457885,0.08086445242457885
0.7056484947012804,0.5172167111483289,0.18843178355295154,0.18843178355295154
0.5731757916040728,0.5360809073687752,0.03709488423529761,0.03709488423529761
0.826094714383351,0.6546097018650427,0.17148501251830828,0.17148501251830828
1.200511704804833,0.6146190737839734,0.5858926310208596,0.5858926310208596
0.98602045418736,0.6258559598554182,0.36016449433194175,0.36016449433194175
0.6401206168693183,0.5984461754340433,0.04167444143527499,0.04167444143527499
0.8018694899438292,0.5588164466252702,0.24305304331855904,0.24305304331855904
0.6904468967705395,0.5705567792093528,0.11989011756118673,0.11989011756118673
0.6700120852270204,0.4674240967365967,0.2025879884904237,0.2025879884904237
0.653829971282899,0.4681611201298702,0.18566885115302878,0.18566885115302878
0.6636769574159984,0.4906039344642287,0.17307302295176974,0.17307302295176974
0.5422885207412549,0.4918484684905738,0.0504400522506811,0.0504400522506811
0.5422885207412549,0.4848667661651217,0.05742175457613319,0.05742175457613319
0.6821726355797036,0.6538874796428205,0.02828515593688319,0.02828515593688319
1.2309422257456628,0.6538874796428205,0.5770547461028424,0.5770547461028424
0.9352419701157908,0.6538874796428205,0.28135449047297034,0.28135449047297034
0.4538514483659435,0.6550263685317093,-0.20117492016576577,0.20117492016576577
0.997989808692561,0.6144524071173066,0.3835374015752544,0.3835374015752544
0.5494183061851179,0.6256659373778958,-0.07624763119277789,0.07624763119277789
0.6433017110440628,0.6115843515617511,0.03171735948231169,0.03171735948231169
0.9823435270848496,0.5980295087673766,0.384314018317473,0.384314018317473
0.7961939204401095,0.5976689207442887,0.19852499969582083,0.19852499969582083
0.6286830497610721,0.568587315754421,0.060095734006651136,0.060095734006651136
1.1321807165247717,0.6067922159196154,0.5253885006051563,0.5253885006051563
0.8632751628341233,0.5627029053054788,0.30057225752864447,0.30057225752864447
0.4787820909269001,0.5142835695414837,-0.03550147861458358,0.03550147861458358
0.7279249098775472,0.511264247435571,0.21666066244197624,0.21666066244197624
0.5480873832187684,0.491967055819997,0.056120327398771375,0.056120327398771375
0.5714159022282193,0.6224492055802816,-0.051033303352062354,0.051033303352062354
1.1835686146592244,0.6133135182284177,0.5702550964308066,0.5702550964308066
0.8099944456086376,0.6249788598312594,0.1850155857773782,0.1850155857773782
0.5251432400895707,0.663943035198376,-0.13879979510880536,0.13879979510880536
0.7559563988183644,0.6144926848950845,0.14146371392327994,0.14146371392327994
0.6778710254152407,0.658406338071973,0.019464687343267673,0.019464687343267673
0.579730411471064,0.6401720756024162,-0.06044166413135221,0.06044166413135221
0.774283389787513,0.623679625160701,0.15060376462681202,0.15060376462681202
0.6391522952809118,0.6382729534010881,0.0008793418798236363,0.0008793418798236363
0.4892093570559104,0.6363956867135272,-0.1471863296576168,0.1471863296576168
0.5561447310735069,0.6373540200468605,-0.08120928897335356,0.08120928897335356
0.5048175502104532,0.6364132732936137,-0.1315957230831606,0.1315957230831606
0.4770632662036267,0.5833418825047502,-0.10627861630112345,0.10627861630112345
0.5641103408681047,0.510355221249339,0.05375511961876578,0.05375511961876578
0.4869183122414556,0.5292194174697852,-0.04230110522832958,0.04230110522832958
0.6650306538588546,0.6380762422690828,0.026954411589771854,0.026954411589771854
0.7713261452057005,0.5995147808546801,0.1718113643510204,0.1718113643510204
0.7333233775958355,0.6113183335927918,0.1220050440030438,0.1220050440030438
0.3322482939632105,0.5833418825047502,-0.2510935885415397,0.2510935885415397
0.4062549460293829,0.5458609632197868,-0.13960601719040394,0.13960601719040394
0.3649043656974847,0.5576012958038693,-0.1926969301063846,0.1926969301063846
0.4950587775158489,0.46618243006993,0.028876347445918937,0.028876347445918937
0.7530910039174339,0.4669194534632035,0.2861715504542304,0.2861715504542304
0.5950828682883496,0.489362267797562,0.10572060049078758,0.10572060049078758
0.5747979489963491,0.4891776351572405,0.08562031383910856,0.08562031383910856
0.1047330767226874,0.4873938252171805,-0.3826607484944931,0.3826607484944931
0.5592824320954186,0.4821959328317883,0.07708649926363031,0.07708649926363031
0.4632654520489824,0.6373540200468605,-0.17408856799787809,0.17408856799787809
0.7496304931127424,0.6373540200468605,0.11227647306588195,0.11227647306588195
0.5633174517358029,0.6373540200468605,-0.07403656831105754,0.07403656831105754
0.3602760666772656,0.6384929089357494,-0.2782168422584838,0.2782168422584838
0.6658246650132922,0.5993481141880135,0.0664765508252787,0.0664765508252787
0.4243713490577802,0.6105616444486025,-0.18619029539082232,0.18619029539082232
0.4198664546099319,0.5964800586324579,-0.17661360402252602,0.17661360402252602
0.6052217822979895,0.5829252158380835,0.022296566459905964,0.022296566459905964
0.4953986447362168,0.5831312944816623,-0.08773264974544553,0.08773264974544553
0.6198068833094819,0.5550496894917948,0.06475719381768708,0.06475719381768708
1.0649682679639256,0.592254589656989,0.47271367830693667,0.47271367830693667
0.7696938879034653,0.5491652790428526,0.22052860886061265,0.22052860886061265
0.3687334249789068,0.5110706907536048,-0.14233726577469796,0.14233726577469796
0.4313168954422955,0.5063194242032477,-0.0750025287609522,0.0750025287609522
0.3707166752248346,0.4887541770321181,-0.1180375018072835,0.1180375018072835
0.4788089757102604,0.6080199126509885,-0.12921093694072816,0.12921093694072816
0.8188652144271537,0.5982092252991246,0.22065598912802908,0.22065598912802908
0.5842063659602571,0.6098745669019663,-0.025668200941709185,0.025668200941709185
0.4055485017270916,0.6474095756024163,-0.24186107387532468,0.24186107387532468
0.6957406402698985,0.5993883919657913,0.09635224830410716,0.09635224830410716
0.5562316869210366,0.6418728784760132,-0.08564119155497651,0.08564119155497651
1.6268858066002263,2.110380172729492,-0.4834943661292659,0.4834943661292659
1.9919193221111424,2.0932517051696777,-0.10133238305853531,0.10133238305853531
1.6750870924050658,2.089594602584839,-0.41450751017977305,0.41450751017977305
2.291177593433027,2.24866795539856,0.042509638034466946,0.042509638034466946
4.746403988018382,2.26603102684021,2.4803729611781717,2.4803729611781717
3.474743554785576,2.1202759742736816,1.3544675805118942,1.3544675805118942
1.5470171390615697,2.249549388885498,-0.7025322498239284,0.7025322498239284
2.594196684748674,1.832741022109985,0.761455662638689,0.761455662638689
1.8697114647833253,2.539517402648926,-0.6698059378656005,0.6698059378656005
2.3426553850030096,2.1315033435821533,0.2111520414208563,0.2111520414208563
3.0549264654046246,2.1738762855529785,0.8810501798516461,0.8810501798516461
2.5954365128642194,2.1329574584960938,0.46247905436812564,0.46247905436812564
1.5222384603844508,2.253722906112671,-0.7314844457282201,0.7314844457282201
1.723713168491681,2.2060816287994385,-0.4823684603077574,0.4823684603077574
1.60003238244435,2.5963733196258545,-0.9963409371815044,0.9963409371815044
2.591624259545572,1.843805313110352,0.7478189464352201,0.7478189464352201
3.423349924580549,2.244401216506958,1.178948708073591,1.178948708073591
2.6510166735556018,2.377112627029419,0.27390404652618283,0.27390404652618283
1.2175480596073385,1.6997638940811155,-0.482215834473777,0.482215834473777
7.244065383360269,1.90883219242096,5.335233190939309,5.335233190939309
1.4355644271735015,1.7644575834274292,-0.3288931562539277,0.3288931562539277
1.6788303054282812,2.26603102684021,-0.5872007214119288,0.5872007214119288
4.580426866194772,2.26603102684021,2.314395839354562,2.314395839354562
2.9826713553861293,2.3390567302703857,0.6436146251157435,0.6436146251157435
1.5321273000173696,2.112455368041992,-0.5803280680246226,0.5803280680246226
2.9489717758099068,2.095085620880127,0.8538861549297798,0.8538861549297798
2.235407081928281,2.0550522804260254,0.18035480150225558,0.18035480150225558
2.169407944352197,2.357408285140991,-0.18800034078879424,0.18800034078879424
2.686740331121587,2.357408285140991,0.32933204598059573,0.32933204598059573
2.404748318614775,2.306098937988281,0.09864938062649431,0.09864938062649431
1.658719821291578,2.359966516494751,-0.7012466952031731,0.7012466952031731
2.314641460829224,2.355905055999756,-0.0412635951705318,0.0412635951705318
1.9348144714872644,2.41833758354187,-0.48352311205460574,0.48352311205460574
1.3718829183654722,1.726494312286377,-0.3546113939209048,0.3546113939209048
1.540156423059482,1.726494312286377,-0.18633788922689498,0.18633788922689498
1.4308611121074777,1.565129280090332,-0.13426816798285435,0.13426816798285435
3.0038294115831783,2.2572550773620605,0.7465743342211177,0.7465743342211177
4.280134298861751,2.2632625102996826,2.016871788562068,2.016871788562068
3.592580248493403,1.9770487546920776,1.6155314938013254,1.6155314938013254
1.2660956469166913,1.9738998413085933,-0.707804194391902,0.707804194391902
2.6368413584111803,2.098606824874878,0.5382345335363024,0.5382345335363024
1.4980452432828957,2.349409341812134,-0.8513640985292381,0.8513640985292381
0.8570862730857126,0.7305012345314026,0.12658503855431003,0.12658503855431003
0.879146894389113,0.7288674712181091,0.15027942317100385,0.15027942317100385
0.8655043603230825,0.6942921280860901,0.17121223223699245,0.17121223223699245
0.7107039593083359,0.7345004081726074,-0.02379644886427157,0.02379644886427157
1.3411688832335629,0.7493004202842712,0.5918684629492916,0.5918684629492916
0.9814360581560068,0.6751722693443298,0.30626378881167693,0.30626378881167693
0.5175817230094645,0.7044640779495239,-0.18688235494005945,0.18688235494005945
0.7056484947012804,0.5134857296943665,0.19216276500691398,0.19216276500691398
0.5731757916040728,0.7444116473197937,-0.17123585571572086,0.17123585571572086
0.826094714383351,0.7475770711898804,0.07851764319347065,0.07851764319347065
1.200511704804833,0.7042960524559021,0.49621565234893095,0.49621565234893095
0.98602045418736,0.6323609948158264,0.35365945937153354,0.35365945937153354
0.6401206168693183,0.7086377739906311,-0.06851715712131279,0.06851715712131279
0.8018694899438292,0.6456097960472107,0.15625969389661853,0.15625969389661853
0.6904468967705395,0.7748876214027405,-0.08444072463220098,0.08444072463220098
0.6700120852270204,0.5097092986106873,0.16030278661633313,0.16030278661633313
0.653829971282899,0.5887638330459595,0.06506613823693952,0.06506613823693952
0.6636769574159984,0.6297085881233215,0.03396836929267688,0.03396836929267688
0.5422885207412549,0.5074367523193359,0.03485176842191895,0.03485176842191895
0.5422885207412549,0.4858021736145019,0.05648634712675299,0.05648634712675299
0.6821726355797036,0.7493004202842712,-0.0671277847045676,0.0671277847045676
1.2309422257456628,0.7493004202842712,0.48164180546139157,0.48164180546139157
0.9352419701157908,0.7062416076660156,0.22900036244977517,0.22900036244977517
0.4538514483659435,0.7325767874717712,-0.27872533910582775,0.27872533910582775
0.997989808692561,0.7160956263542175,0.2818941823383435,0.2818941823383435
0.5494183061851179,0.677828311920166,-0.12841000573504813,0.12841000573504813
0.6433017110440628,0.7159478664398193,-0.07264615539575658,0.07264615539575658
0.9823435270848496,0.7159478664398193,0.2663956606450303,0.2663956606450303
0.7961939204401095,0.7216722965240479,0.07452162391606165,0.07452162391606165
0.6286830497610721,0.6807878017425537,-0.05210475198148157,0.05210475198148157
1.1321807165247717,0.7144446969032288,0.41773601962154294,0.41773601962154294
0.8632751628341233,0.692898690700531,0.1703764721335923,0.1703764721335923
0.4787820909269001,0.5346177816390991,-0.055835690712199015,0.055835690712199015
0.7279249098775472,0.5346177816390991,0.1933071282384481,0.1933071282384481
0.5480873832187684,0.472324401140213,0.07576298207855536,0.07576298207855536
0.5714159022282193,0.7500447034835815,-0.1786288012553623,0.1786288012553623
1.1835686146592244,0.7414465546607971,0.44212205999842724,0.44212205999842724
0.8099944456086376,0.6645100712776184,0.14548437433101924,0.14548437433101924
0.5251432400895707,0.7231780290603638,-0.19803478897079307,0.19803478897079307
0.7559563988183644,0.7196167707443237,0.036339628074040675,0.036339628074040675
0.6778710254152407,0.6884995102882385,-0.010628484872997834,0.010628484872997834
0.579730411471064,0.6766054630279541,-0.09687505155689013,0.09687505155689013
0.774283389787513,0.6841259002685547,0.0901574895189583,0.0901574895189583
0.6391522952809118,0.6400865912437439,-0.0009342959628321212,0.0009342959628321212
0.4892093570559104,0.6861936450004578,-0.19698428794454736,0.19698428794454736
0.5561447310735069,0.699735701084137,-0.14359097001063004,0.14359097001063004
0.5048175502104532,0.6307184100151062,-0.12590085980465304,0.12590085980465304
0.4770632662036267,0.6698752641677856,-0.19281199796415893,0.19281199796415893
0.5641103408681047,0.475196897983551,0.08891344288455372,0.08891344288455372
0.4869183122414556,0.7536076307296753,-0.2666893184882197,0.2666893184882197
0.6650306538588546,0.685474157333374,-0.020443503474519398,0.020443503474519398
0.7713261452057005,0.6568369269371033,0.11448921826859726,0.11448921826859726
0.7333233775958355,0.5924820899963379,0.14084128759949766,0.14084128759949766
0.3322482939632105,0.6740489602088928,-0.34180066624568234,0.34180066624568234
0.4062549460293829,0.585082471370697,-0.17882752534131413,0.17882752534131413
0.3649043656974847,0.7758764624595642,-0.4109720967620795,0.4109720967620795
0.4950587775158489,0.4791682362556457,0.015890541260203228,0.015890541260203228
0.7530910039174339,0.5783218145370483,0.17476918938038555,0.17476918938038555
0.5950828682883496,0.6607705950737,-0.0656877267853504,0.0656877267853504
0.5747979489963491,0.4588466882705688,0.11595126072578027,0.11595126072578027
0.1047330767226874,0.4936381578445434,-0.388905081121856,0.388905081121856
0.5592824320954186,0.4290051758289337,0.1302772562664849,0.1302772562664849
0.4632654520489824,0.699735701084137,-0.23647024903515457,0.23647024903515457
0.7496304931127424,0.699735701084137,0.04989479202860547,0.04989479202860547
0.5633174517358029,0.653959333896637,-0.09064188216083402,0.09064188216083402
0.3602760666772656,0.6786810159683228,-0.31840494929105717,0.31840494929105717
0.6658246650132922,0.6713540554046631,-0.005529390391370903,0.005529390391370903
0.4243713490577802,0.632459819316864,-0.20808847025908384,0.20808847025908384
0.4198664546099319,0.6661900877952576,-0.24632363318532569,0.24632363318532569
0.6052217822979895,0.6661900877952576,-0.06096830549726806,0.06096830549726806
0.4953986447362168,0.7339901924133301,-0.23859154767711327,0.23859154767711327
0.6198068833094819,0.6050915122032166,0.014715371106265307,0.014715371106265307
1.0649682679639256,0.664686918258667,0.40028134970525864,0.40028134970525864
0.7696938879034653,0.696167528629303,0.07352635927416229,0.07352635927416229
0.3687334249789068,0.4919980764389038,-0.12326465145999699,0.12326465145999699
0.4313168954422955,0.4919980764389038,-0.0606811809966083,0.0606811809966083
0.3707166752248346,0.4450327157974243,-0.07431604057258973,0.07431604057258973
0.4788089757102604,0.6971827745437622,-0.21837379883350183,0.21837379883350183
0.8188652144271537,0.6885846257209778,0.13028058870617587,0.13028058870617587
0.5842063659602571,0.6287277936935425,-0.04452142773328538,0.04452142773328538
0.4055485017270916,0.6781078577041626,-0.272559355977071,0.272559355977071
0.6957406402698985,0.6748751997947693,0.02086544047512917,0.02086544047512917
0.5562316869210366,0.6435999274253845,-0.08736824050434788,0.08736824050434788
1.6268858066002263,0.9166666666666666,0.7102191399335597,0.7102191399335597
1.9919193221111424,0.9166666666666666,1.075252655444476,1.075252655444476
1.6750870924050658,0.9166666666666666,0.7584204257383992,0.7584204257383992
2.291177593433027,0.9166666666666666,1.3745109267663604,1.3745109267663604
4.746403988018382,0.9166666666666666,3.829737321351715,3.829737321351715
3.474743554785576,0.9166666666666666,2.5580768881189093,2.5580768881189093
1.5470171390615697,0.9166666666666666,0.630350472394903,0.630350472394903
2.594196684748674,0.9166666666666666,1.6775300180820074,1.6775300180820074
1.8697114647833253,0.9166666666666666,0.9530447981166587,0.9530447981166587
2.3426553850030096,0.9166666666666666,1.425988718336343,1.425988718336343
3.0549264654046246,0.9166666666666666,2.138259798737958,2.138259798737958
2.5954365128642194,0.9166666666666666,1.6787698461975529,1.6787698461975529
1.5222384603844508,0.9166666666666666,0.6055717937177841,0.6055717937177841
1.723713168491681,0.9166666666666666,0.8070465018250145,0.8070465018250145
1.60003238244435,0.9166666666666666,0.6833657157776835,0.6833657157776835
2.591624259545572,0.9166666666666666,1.6749575928789056,1.6749575928789056
3.423349924580549,0.9166666666666666,2.5066832579138825,2.5066832579138825
2.6510166735556018,0.9166666666666666,1.7343500068889353,1.7343500068889353
1.2175480596073385,0.9166666666666666,0.30088139294067184,0.30088139294067184
7.244065383360269,0.9166666666666666,6.327398716693602,6.327398716693602
1.4355644271735015,0.9166666666666666,0.5188977605068349,0.5188977605068349
1.6788303054282812,0.9166666666666666,0.7621636387616145,0.7621636387616145
4.580426866194772,0.9166666666666666,3.6637601995281055,3.6637601995281055
2.9826713553861293,0.9166666666666666,2.0660046887194627,2.0660046887194627
1.5321273000173696,0.9166666666666666,0.615460633350703,0.615460633350703
2.9489717758099068,0.9166666666666666,2.0323051091432403,2.0323051091432403
2.235407081928281,0.9166666666666666,1.3187404152616145,1.3187404152616145
2.169407944352197,0.9166666666666666,1.2527412776855305,1.2527412776855305
2.686740331121587,0.9166666666666666,1.7700736644549204,1.7700736644549204
2.404748318614775,0.9166666666666666,1.4880816519481086,1.4880816519481086
1.658719821291578,0.9166666666666666,0.7420531546249113,0.7420531546249113
2.314641460829224,0.9166666666666666,1.3979747941625575,1.3979747941625575
1.9348144714872644,0.9166666666666666,1.0181478048205976,1.0181478048205976
1.3718829183654722,0.9166666666666666,0.45521625169880553,0.45521625169880553
1.540156423059482,0.9166666666666666,0.6234897563928153,0.6234897563928153
1.4308611121074777,0.9166666666666666,0.514194445440811,0.514194445440811
3.0038294115831783,0.9166666666666666,2.0871627449165118,2.0871627449165118
4.280134298861751,0.9166666666666666,3.3634676321950843,3.3634676321950843
3.592580248493403,0.9166666666666666,2.6759135818267366,2.6759135818267366
1.2660956469166913,0.9166666666666666,0.34942898025002467,0.34942898025002467
2.6368413584111803,0.9166666666666666,1.7201746917445138,1.7201746917445138
1.4980452432828957,0.9166666666666666,0.581378576616229,0.581378576616229
0.8570862730857126,0.9166666666666666,-0.059580393580954016,0.059580393580954016
0.879146894389113,0.9166666666666666,-0.037519772277553654,0.037519772277553654
0.8655043603230825,0.9166666666666666,-0.051162306343584096,0.051162306343584096
0.7107039593083359,0.9166666666666666,-0.20596270735833078,0.20596270735833078
1.3411688832335629,0.9166666666666666,0.42450221656689624,0.42450221656689624
0.9814360581560068,0.9166666666666666,0.06476939148934013,0.06476939148934013
0.5175817230094645,0.9166666666666666,-0.39908494365720215,0.39908494365720215
0.7056484947012804,0.9166666666666666,-0.2110181719653862,0.2110181719653862
0.5731757916040728,0.9166666666666666,-0.3434908750625938,0.3434908750625938
0.826094714383351,0.9166666666666666,-0.0905719522833156,0.0905719522833156
1.200511704804833,0.9166666666666666,0.2838450381381664,0.2838450381381664
0.98602045418736,0.9166666666666666,0.06935378752069332,0.06935378752069332
0.6401206168693183,0.9166666666666666,-0.2765460497973483,0.2765460497973483
0.8018694899438292,0.9166666666666666,-0.1147971767228374,0.1147971767228374
0.6904468967705395,0.9166666666666666,-0.22621976989612713,0.22621976989612713
0.6700120852270204,0.9166666666666666,-0.24665458143964625,0.24665458143964625
0.653829971282899,0.9166666666666666,-0.26283669538376764,0.26283669538376764
0.6636769574159984,0.9166666666666666,-0.2529897092506682,0.2529897092506682
0.5422885207412549,0.9166666666666666,-0.37437814592541174,0.37437814592541174
0.5422885207412549,0.9166666666666666,-0.37437814592541174,0.37437814592541174
0.6821726355797036,0.9166666666666666,-0.23449403108696298,0.23449403108696298
1.2309422257456628,0.9166666666666666,0.3142755590789962,0.3142755590789962
0.9352419701157908,0.9166666666666666,0.01857530344912417,0.01857530344912417
0.4538514483659435,0.9166666666666666,-0.46281521830072314,0.46281521830072314
0.997989808692561,0.9166666666666666,0.08132314202589441,0.08132314202589441
0.5494183061851179,0.9166666666666666,-0.36724836048154874,0.36724836048154874
0.6433017110440628,0.9166666666666666,-0.2733649556226039,0.2733649556226039
0.9823435270848496,0.9166666666666666,0.06567686041818299,0.06567686041818299
0.7961939204401095,0.9166666666666666,-0.12047274622655713,0.12047274622655713
0.6286830497610721,0.9166666666666666,-0.2879836169055945,0.2879836169055945
1.1321807165247717,0.9166666666666666,0.21551404985810507,0.21551404985810507
0.8632751628341233,0.9166666666666666,-0.05339150383254332,0.05339150383254332
0.4787820909269001,0.9166666666666666,-0.4378845757397665,0.4378845757397665
0.7279249098775472,0.9166666666666666,-0.18874175678911942,0.18874175678911942
0.5480873832187684,0.9166666666666666,-0.36857928344789825,0.36857928344789825
0.5714159022282193,0.9166666666666666,-0.3452507644384474,0.3452507644384474
1.1835686146592244,0.9166666666666666,0.26690194799255773,0.26690194799255773
0.8099944456086376,0.9166666666666666,-0.10667222105802898,0.10667222105802898
0.5251432400895707,0.9166666666666666,-0.39152342657709593,0.39152342657709593
0.7559563988183644,0.9166666666666666,-0.16071026784830222,0.16071026784830222
0.6778710254152407,0.9166666666666666,-0.23879564125142594,0.23879564125142594
0.579730411471064,0.9166666666666666,-0.33693625519560266,0.33693625519560266
0.774283389787513,0.9166666666666666,-0.14238327687915364,0.14238327687915364
0.6391522952809118,0.9166666666666666,-0.27751437138575485,0.27751437138575485
0.4892093570559104,0.9166666666666666,-0.42745730961075623,0.42745730961075623
0.5561447310735069,0.9166666666666666,-0.3605219355931597,0.3605219355931597
0.5048175502104532,0.9166666666666666,-0.41184911645621347,0.41184911645621347
0.4770632662036267,0.9166666666666666,-0.4396034004630399,0.4396034004630399
0.5641103408681047,0.9166666666666666,-0.3525563257985619,0.3525563257985619
0.4869183122414556,0.9166666666666666,-0.42974835442521103,0.42974835442521103
0.6650306538588546,0.9166666666666666,-0.251636012807812,0.251636012807812
0.7713261452057005,0.9166666666666666,-0.1453405214609661,0.1453405214609661
0.7333233775958355,0.9166666666666666,-0.18334328907083108,0.18334328907083108
0.3322482939632105,0.9166666666666666,-0.5844183727034562,0.5844183727034562
0.4062549460293829,0.9166666666666666,-0.5104117206372838,0.5104117206372838
0.3649043656974847,0.9166666666666666,-0.5517623009691819,0.5517623009691819
0.4950587775158489,0.9166666666666666,-0.4216078891508177,0.4216078891508177
0.7530910039174339,0.9166666666666666,-0.16357566274923274,0.16357566274923274
0.5950828682883496,0.9166666666666666,-0.3215837983783171,0.3215837983783171
0.5747979489963491,0.9166666666666666,-0.34186871767031757,0.34186871767031757
0.1047330767226874,0.9166666666666666,-0.8119335899439792,0.8119335899439792
0.5592824320954186,0.9166666666666666,-0.357384234571248,0.357384234571248
0.4632654520489824,0.9166666666666666,-0.45340121461768423,0.45340121461768423
0.7496304931127424,0.9166666666666666,-0.1670361735539242,0.1670361735539242
0.5633174517358029,0.9166666666666666,-0.3533492149308637,0.3533492149308637
0.3602760666772656,0.9166666666666666,-0.556390599989401,0.556390599989401
0.6658246650132922,0.9166666666666666,-0.25084200165337445,0.25084200165337445
0.4243713490577802,0.9166666666666666,-0.49229531760888645,0.49229531760888645
0.4198664546099319,0.9166666666666666,-0.49680021205673475,0.49680021205673475
0.6052217822979895,0.9166666666666666,-0.3114448843686771,0.3114448843686771
0.4953986447362168,0.9166666666666666,-0.4212680219304498,0.4212680219304498
0.6198068833094819,0.9166666666666666,-0.29685978335718477,0.29685978335718477
1.0649682679639256,0.9166666666666666,0.148301601297259,0.148301601297259
0.7696938879034653,0.9166666666666666,-0.14697277876320136,0.14697277876320136
0.3687334249789068,0.9166666666666666,-0.5479332416877598,0.5479332416877598
0.4313168954422955,0.9166666666666666,-0.4853497712243711,0.4853497712243711
0.3707166752248346,0.9166666666666666,-0.545949991441832,0.545949991441832
0.4788089757102604,0.9166666666666666,-0.43785769095640625,0.43785769095640625
0.8188652144271537,0.9166666666666666,-0.09780145223951298,0.09780145223951298
0.5842063659602571,0.9166666666666666,-0.33246030070640953,0.33246030070640953
0.4055485017270916,0.9166666666666666,-0.5111181649395751,0.5111181649395751
0.6957406402698985,0.9166666666666666,-0.22092602639676817,0.22092602639676817
0.5562316869210366,0.9166666666666666,-0.36043497974563,0.36043497974563
1.6268858066002263,0.7666666666666666,0.8602191399335597,0.8602191399335597
1.9919193221111424,0.7666666666666666,1.2252526554444758,1.2252526554444758
1.6750870924050658,0.7666666666666666,0.9084204257383992,0.9084204257383992
2.291177593433027,1.1666666666666667,1.1245109267663602,1.1245109267663602
4.746403988018382,1.1666666666666667,3.5797373213517147,3.5797373213517147
3.474743554785576,1.1666666666666667,2.308076888118909,2.308076888118909
1.5470171390615697,0.6,0.9470171390615697,0.9470171390615697
2.594196684748674,0.6,1.9941966847486738,1.9941966847486738
1.8697114647833253,0.6,1.2697114647833252,1.2697114647833252
2.3426553850030096,1.0666666666666669,1.2759887183363428,1.2759887183363428
3.0549264654046246,1.0666666666666669,1.9882597987379578,1.9882597987379578
2.5954365128642194,1.0666666666666669,1.5287698461975525,1.5287698461975525
1.5222384603844508,0.7333333333333334,0.7889051270511174,0.7889051270511174
1.723713168491681,0.7333333333333334,0.9903798351583477,0.9903798351583477
1.60003238244435,0.7333333333333334,0.8666990491110167,0.8666990491110167
2.591624259545572,1.3333333333333333,1.2582909262122388,1.2582909262122388
3.423349924580549,1.3333333333333333,2.090016591247216,2.090016591247216
2.6510166735556018,1.3333333333333333,1.3176833402222685,1.3176833402222685
1.2175480596073385,0.6,0.6175480596073385,0.6175480596073385
7.244065383360269,0.6,6.644065383360269,6.644065383360269
1.4355644271735015,0.6,0.8355644271735015,0.8355644271735015
1.6788303054282812,0.7000000000000001,0.9788303054282811,0.9788303054282811
4.580426866194772,0.7000000000000001,3.880426866194772,3.880426866194772
2.9826713553861293,0.7000000000000001,2.282671355386129,2.282671355386129
1.5321273000173696,0.6333333333333333,0.8987939666840363,0.8987939666840363
2.9489717758099068,0.6333333333333333,2.3156384424765735,2.3156384424765735
2.235407081928281,0.6333333333333333,1.6020737485949477,1.6020737485949477
2.169407944352197,1.1,1.0694079443521969,1.0694079443521969
2.686740331121587,1.1,1.5867403311215869,1.5867403311215869
2.404748318614775,1.1,1.304748318614775,1.304748318614775
1.658719821291578,1.2,0.45871982129157796,0.45871982129157796
2.314641460829224,1.2,1.114641460829224,1.114641460829224
1.9348144714872644,1.2,0.7348144714872644,0.7348144714872644
1.3718829183654722,0.6666666666666666,0.7052162516988055,0.7052162516988055
1.540156423059482,0.6666666666666666,0.8734897563928153,0.8734897563928153
1.4308611121074777,0.6666666666666666,0.764194445440811,0.764194445440811
3.0038294115831783,1.1333333333333333,1.870496078249845,1.870496078249845
4.280134298861751,1.1333333333333333,3.1468009655284175,3.1468009655284175
3.592580248493403,1.1333333333333333,2.4592469151600698,2.4592469151600698
1.2660956469166913,1.1333333333333333,0.132762313583358,0.132762313583358
2.6368413584111803,1.1333333333333333,1.503508025077847,1.503508025077847
1.4980452432828957,1.1333333333333333,0.3647119099495624,0.3647119099495624
0.8570862730857126,0.7666666666666666,0.090419606419046,0.090419606419046
0.879146894389113,0.7666666666666666,0.11248022772244637,0.11248022772244637
0.8655043603230825,0.7666666666666666,0.09883769365641593,0.09883769365641593
0.7107039593083359,1.1666666666666667,-0.4559627073583309,0.4559627073583309
1.3411688832335629,1.1666666666666667,0.17450221656689613,0.17450221656689613
0.9814360581560068,1.1666666666666667,-0.18523060851065998,0.18523060851065998
0.5175817230094645,0.6,-0.0824182769905355,0.0824182769905355
0.7056484947012804,0.6,0.10564849470128046,0.10564849470128046
0.5731757916040728,0.6,-0.02682420839592714,0.02682420839592714
0.826094714383351,1.0666666666666669,-0.24057195228331585,0.24057195228331585
1.200511704804833,1.0666666666666669,0.13384503813816617,0.13384503813816617
0.98602045418736,1.0666666666666669,-0.08064621247930692,0.08064621247930692
0.6401206168693183,0.7333333333333334,-0.09321271646401508,0.09321271646401508
0.8018694899438292,0.7333333333333334,0.06853615661049584,0.06853615661049584
0.6904468967705395,0.7333333333333334,-0.042886436562793895,0.042886436562793895
0.6700120852270204,1.3333333333333333,-0.6633212481063129,0.6633212481063129
0.653829971282899,1.3333333333333333,-0.6795033620504343,0.6795033620504343
0.6636769574159984,1.3333333333333333,-0.6696563759173348,0.6696563759173348
0.5422885207412549,0.6,-0.05771147925874509,0.05771147925874509
0.5422885207412549,0.6,-0.05771147925874509,0.05771147925874509
0.6821726355797036,0.7000000000000001,-0.01782736442029642,0.01782736442029642
1.2309422257456628,0.7000000000000001,0.5309422257456627,0.5309422257456627
0.9352419701157908,0.7000000000000001,0.23524197011579073,0.23524197011579073
0.4538514483659435,0.6333333333333333,-0.17948188496738982,0.17948188496738982
0.997989808692561,0.6333333333333333,0.36465647535922774,0.36465647535922774
0.5494183061851179,0.6333333333333333,-0.08391502714821542,0.08391502714821542
0.6433017110440628,1.1,-0.45669828895593734,0.45669828895593734
0.9823435270848496,1.1,-0.11765647291515047,0.11765647291515047
0.7961939204401095,1.1,-0.3038060795598906,0.3038060795598906
0.6286830497610721,1.2,-0.5713169502389278,0.5713169502389278
1.1321807165247717,1.2,-0.06781928347522825,0.06781928347522825
0.8632751628341233,1.2,-0.33672483716587664,0.33672483716587664
0.4787820909269001,0.6666666666666666,-0.18788457573976652,0.18788457573976652
0.7279249098775472,0.6666666666666666,0.06125824321088058,0.06125824321088058
0.5480873832187684,0.6666666666666666,-0.11857928344789825,0.11857928344789825
0.5714159022282193,1.1333333333333333,-0.561917431105114,0.561917431105114
1.1835686146592244,1.1333333333333333,0.05023528132589106,0.05023528132589106
0.8099944456086376,1.1333333333333333,-0.32333888772469566,0.32333888772469566
0.5251432400895707,1.1333333333333333,-0.6081900932437626,0.6081900932437626
0.7559563988183644,1.1333333333333333,-0.3773769345149689,0.3773769345149689
0.6778710254152407,1.1333333333333333,-0.4554623079180926,0.4554623079180926
0.579730411471064,0.7666666666666666,-0.18693625519560264,0.18693625519560264
0.774283389787513,0.7666666666666666,0.00761672312084638,0.00761672312084638
0.6391522952809118,0.7666666666666666,-0.12751437138575483,0.12751437138575483
0.4892093570559104,1.1666666666666667,-0.6774573096107563,0.6774573096107563
0.5561447310735069,1.1666666666666667,-0.6105219355931598,0.6105219355931598
0.5048175502104532,1.1666666666666667,-0.6618491164562136,0.6618491164562136
0.4770632662036267,0.6,-0.12293673379637327,0.12293673379637327
0.5641103408681047,0.6,-0.035889659131895235,0.035889659131895235
0.4869183122414556,0.6,-0.11308168775854438,0.11308168775854438
0.6650306538588546,1.0666666666666669,-0.40163601280781225,0.40163601280781225
0.7713261452057005,1.0666666666666669,-0.29534052146096634,0.29534052146096634
0.7333233775958355,1.0666666666666669,-0.33334328907083133,0.33334328907083133
0.3322482939632105,0.7333333333333334,-0.4010850393701229,0.4010850393701229
0.4062549460293829,0.7333333333333334,-0.3270783873039505,0.3270783873039505
0.3649043656974847,0.7333333333333334,-0.3684289676358487,0.3684289676358487
0.4950587775158489,1.3333333333333333,-0.8382745558174843,0.8382745558174843
0.7530910039174339,1.3333333333333333,-0.5802423294158994,0.5802423294158994
0.5950828682883496,1.3333333333333333,-0.7382504650449837,0.7382504650449837
0.5747979489963491,0.6,-0.025202051003650916,0.025202051003650916
0.1047330767226874,0.6,-0.4952669232773126,0.4952669232773126
0.5592824320954186,0.6,-0.040717567904581364,0.040717567904581364
0.4632654520489824,0.7000000000000001,-0.23673454795101767,0.23673454795101767
0.7496304931127424,0.7000000000000001,0.04963049311274237,0.04963049311274237
0.5633174517358029,0.7000000000000001,-0.13668254826419712,0.13668254826419712
0.3602760666772656,0.6333333333333333,-0.2730572666560677,0.2730572666560677
0.6658246650132922,0.6333333333333333,0.03249133167995888,0.03249133167995888
0.4243713490577802,0.6333333333333333,-0.20896198427555313,0.20896198427555313
0.4198664546099319,1.1,-0.6801335453900682,0.6801335453900682
0.6052217822979895,1.1,-0.4947782177020106,0.4947782177020106
0.4953986447362168,1.1,-0.6046013552637832,0.6046013552637832
0.6198068833094819,1.2,-0.5801931166905181,0.5801931166905181
1.0649682679639256,1.2,-0.13503173203607433,0.13503173203607433
0.7696938879034653,1.2,-0.4303061120965347,0.4303061120965347
0.3687334249789068,0.6666666666666666,-0.2979332416877598,0.2979332416877598
0.4313168954422955,0.6666666666666666,-0.23534977122437112,0.23534977122437112
0.3707166752248346,0.6666666666666666,-0.29594999144183204,0.29594999144183204
0.4788089757102604,1.1333333333333333,-0.6545243576230729,0.6545243576230729
0.8188652144271537,1.1333333333333333,-0.31446811890617965,0.31446811890617965
0.5842063659602571,1.1333333333333333,-0.5491269673730762,0.5491269673730762
0.4055485017270916,1.1333333333333333,-0.7277848316062416,0.7277848316062416
0.6957406402698985,1.1333333333333333,-0.43759269306343485,0.43759269306343485
0.5562316869210366,1.1333333333333333,-0.5771016464122967,0.5771016464122967
1.6268858066002263,1.0,0.6268858066002263,0.6268858066002263
1.9919193221111424,1.0,0.9919193221111424,0.9919193221111424
1.6750870924050658,1.0,0.6750870924050658,0.6750870924050658
2.291177593433027,2.3,-0.008822406566972862,0.008822406566972862
4.746403988018382,2.3,2.446403988018382,2.446403988018382
3.474743554785576,2.3,1.174743554785576,1.174743554785576
1.5470171390615697,1.0,0.5470171390615697,0.5470171390615697
2.594196684748674,1.0,1.594196684748674,1.594196684748674
1.8697114647833253,1.0,0.8697114647833253,0.8697114647833253
2.3426553850030096,1.7,0.6426553850030097,0.6426553850030097
3.0549264654046246,1.7,1.3549264654046247,1.3549264654046247
2.5954365128642194,1.7,0.8954365128642194,0.8954365128642194
1.5222384603844508,1.3,0.22223846038445072,0.22223846038445072
1.723713168491681,1.3,0.42371316849168106,0.42371316849168106
1.60003238244435,1.3,0.30003238244435004,0.30003238244435004
2.591624259545572,3.0,-0.4083757404544279,0.4083757404544279
3.423349924580549,3.0,0.423349924580549,0.423349924580549
2.6510166735556018,3.0,-0.3489833264443982,0.3489833264443982
1.2175480596073385,1.0,0.21754805960733847,0.21754805960733847
7.244065383360269,1.0,6.244065383360269,6.244065383360269
1.4355644271735015,1.0,0.4355644271735015,0.4355644271735015
1.6788303054282812,1.1,0.5788303054282811,0.5788303054282811
4.580426866194772,1.1,3.480426866194772,3.480426866194772
2.9826713553861293,1.1,1.8826713553861292,1.8826713553861292
1.5321273000173696,1.3,0.2321273000173696,0.2321273000173696
2.9489717758099068,1.3,1.6489717758099067,1.6489717758099067
2.235407081928281,1.3,0.9354070819282809,0.9354070819282809
2.169407944352197,2.1,0.06940794435219688,0.06940794435219688
2.686740331121587,2.1,0.5867403311215869,0.5867403311215869
2.404748318614775,2.1,0.304748318614775,0.304748318614775
1.658719821291578,2.5,-0.8412801787084221,0.8412801787084221
2.314641460829224,2.5,-0.18535853917077594,0.18535853917077594
1.9348144714872644,2.5,-0.5651855285127356,0.5651855285127356
1.3718829183654722,1.2,0.1718829183654722,0.1718829183654722
1.540156423059482,1.2,0.340156423059482,0.340156423059482
1.4308611121074777,1.2,0.23086111210747773,0.23086111210747773
3.0038294115831783,2.1,0.9038294115831782,0.9038294115831782
4.280134298861751,2.1,2.1801342988617507,2.1801342988617507
3.592580248493403,2.1,1.492580248493403,1.492580248493403
1.2660956469166913,2.1,-0.8339043530833088,0.8339043530833088
2.6368413584111803,2.1,0.5368413584111802,0.5368413584111802
1.4980452432828957,2.1,-0.6019547567171044,0.6019547567171044
0.8570862730857126,1.0,-0.1429137269142874,0.1429137269142874
0.879146894389113,1.0,-0.12085310561088702,0.12085310561088702
0.8655043603230825,1.0,-0.13449563967691747,0.13449563967691747
0.7107039593083359,2.3,-1.5892960406916639,1.5892960406916639
1.3411688832335629,2.3,-0.958831116766437,0.958831116766437
0.9814360581560068,2.3,-1.3185639418439932,1.3185639418439932
0.5175817230094645,1.0,-0.4824182769905355,0.4824182769905355
0.7056484947012804,1.0,-0.29435150529871956,0.29435150529871956
0.5731757916040728,1.0,-0.42682420839592716,0.42682420839592716
0.826094714383351,1.7,-0.8739052856166489,0.8739052856166489
1.200511704804833,1.7,-0.4994882951951669,0.4994882951951669
0.98602045418736,1.7,-0.71397954581264,0.71397954581264
0.6401206168693183,1.3,-0.6598793831306817,0.6598793831306817
0.8018694899438292,1.3,-0.4981305100561708,0.4981305100561708
0.6904468967705395,1.3,-0.6095531032294605,0.6095531032294605
0.6700120852270204,3.0,-2.3299879147729796,2.3299879147729796
0.653829971282899,3.0,-2.346170028717101,2.346170028717101
0.6636769574159984,3.0,-2.3363230425840014,2.3363230425840014
0.5422885207412549,1.0,-0.4577114792587451,0.4577114792587451
0.5422885207412549,1.0,-0.4577114792587451,0.4577114792587451
0.6821726355797036,1.1,-0.41782736442029644,0.41782736442029644
1.2309422257456628,1.1,0.13094222574566272,0.13094222574566272
0.9352419701157908,1.1,-0.1647580298842093,0.1647580298842093
0.4538514483659435,1.3,-0.8461485516340566,0.8461485516340566
0.997989808692561,1.3,-0.302010191307439,0.302010191307439
0.5494183061851179,1.3,-0.7505816938148822,0.7505816938148822
0.6433017110440628,2.1,-1.4566982889559372,1.4566982889559372
0.9823435270848496,2.1,-1.1176564729151504,1.1176564729151504
0.7961939204401095,2.1,-1.3038060795598905,1.3038060795598905
0.6286830497610721,2.5,-1.8713169502389277,1.8713169502389277
1.1321807165247717,2.5,-1.3678192834752283,1.3678192834752283
0.8632751628341233,2.5,-1.6367248371658767,1.6367248371658767
0.4787820909269001,1.2,-0.7212179090730999,0.7212179090730999
0.7279249098775472,1.2,-0.47207509012245275,0.47207509012245275
0.5480873832187684,1.2,-0.6519126167812316,0.6519126167812316
0.5714159022282193,2.1,-1.5285840977717808,1.5285840977717808
1.1835686146592244,2.1,-0.9164313853407757,0.9164313853407757
0.8099944456086376,2.1,-1.2900055543913624,1.2900055543913624
0.5251432400895707,2.1,-1.5748567599104293,1.5748567599104293
0.7559563988183644,2.1,-1.3440436011816357,1.3440436011816357
0.6778710254152407,2.1,-1.4221289745847594,1.4221289745847594
0.579730411471064,1.0,-0.42026958852893603,0.42026958852893603
0.774283389787513,1.0,-0.225716610212487,0.225716610212487
0.6391522952809118,1.0,-0.3608477047190882,0.3608477047190882
0.4892093570559104,2.3,-1.8107906429440894,1.8107906429440894
0.5561447310735069,2.3,-1.743855268926493,1.743855268926493
0.5048175502104532,2.3,-1.7951824497895466,1.7951824497895466
0.4770632662036267,1.0,-0.5229367337963733,0.5229367337963733
0.5641103408681047,1.0,-0.43588965913189526,0.43588965913189526
0.4869183122414556,1.0,-0.5130816877585445,0.5130816877585445
0.6650306538588546,1.7,-1.0349693461411453,1.0349693461411453
0.7713261452057005,1.7,-0.9286738547942994,0.9286738547942994
0.7333233775958355,1.7,-0.9666766224041644,0.9666766224041644
0.3322482939632105,1.3,-0.9677517060367895,0.9677517060367895
0.4062549460293829,1.3,-0.8937450539706171,0.8937450539706171
0.3649043656974847,1.3,-0.9350956343025154,0.9350956343025154
0.4950587775158489,3.0,-2.504941222484151,2.504941222484151
0.7530910039174339,3.0,-2.246908996082566,2.246908996082566
0.5950828682883496,3.0,-2.4049171317116507,2.4049171317116507
0.5747979489963491,1.0,-0.42520205100365094,0.42520205100365094
0.1047330767226874,1.0,-0.8952669232773126,0.8952669232773126
0.5592824320954186,1.0,-0.4407175679045814,0.4407175679045814
0.4632654520489824,1.1,-0.6367345479510177,0.6367345479510177
0.7496304931127424,1.1,-0.35036950688725765,0.35036950688725765
0.5633174517358029,1.1,-0.5366825482641971,0.5366825482641971
0.3602760666772656,1.3,-0.9397239333227345,0.9397239333227345
0.6658246650132922,1.3,-0.6341753349867079,0.6341753349867079
0.4243713490577802,1.3,-0.8756286509422199,0.8756286509422199
0.4198664546099319,2.1,-1.6801335453900683,1.6801335453900683
0.6052217822979895,2.1,-1.4947782177020106,1.4947782177020106
0.4953986447362168,2.1,-1.6046013552637832,1.6046013552637832
0.6198068833094819,2.5,-1.8801931166905181,1.8801931166905181
1.0649682679639256,2.5,-1.4350317320360744,1.4350317320360744
0.7696938879034653,2.5,-1.7303061120965348,1.7303061120965348
0.3687334249789068,1.2,-0.8312665750210931,0.8312665750210931
0.4313168954422955,1.2,-0.7686831045577045,0.7686831045577045
0.3707166752248346,1.2,-0.8292833247751654,0.8292833247751654
0.4788089757102604,2.1,-1.6211910242897396,1.6211910242897396
0.8188652144271537,2.1,-1.2811347855728465,1.2811347855728465
0.5842063659602571,2.1,-1.5157936340397429,1.5157936340397429
0.4055485017270916,2.1,-1.6944514982729084,1.6944514982729084
0.6957406402698985,2.1,-1.4042593597301016,1.4042593597301016
0.5562316869210366,2.1,-1.5437683130789635,1.5437683130789635
1.0,1.290087129692625,-0.29008712969262507,0.29008712969262507
2.3,2.2789918238668587,0.0210081761331411,0.0210081761331411
1.0,1.958749373278936,-0.9587493732789361,0.9587493732789361
1.7,1.5609844332795175,0.13901556672048243,0.13901556672048243
1.3,2.290606206234765,-0.9906062062347651,0.9906062062347651
3.0,2.1815562278520675,0.8184437721479325,0.8184437721479325
1.0,1.841692808004621,-0.8416928080046211,0.8416928080046211
1.1,1.9956670319163528,-0.8956670319163527,0.8956670319163527
1.3,1.3084719100699755,-0.008471910069975497,0.008471910069975497
2.1,1.7949944062342902,0.3050055937657099,0.3050055937657099
2.5,2.546937577196819,-0.046937577196819014,0.046937577196819014
1.2,1.3707710689046355,-0.17077106890463556,0.17077106890463556
2.1,2.220811608101418,-0.12081160810141789,0.12081160810141789
2.1,1.3209689852898472,0.7790310147101529,0.7790310147101529
0.7,0.0,0.7,0.7
0.7,0.6158887500359699,0.08411124996403008,0.08411124996403008
0.4,0.2956462994480464,0.10435370055195364,0.10435370055195364
0.7,0.0,0.7,0.7
0.4,0.627503132403876,-0.22750313240387599,0.22750313240387599
0.5,0.5184531540211783,-0.01845315402117831,0.01845315402117831
0.4,0.1785897341737321,0.2214102658262679,0.2214102658262679
0.6,0.332563958085464,0.26743604191453596,0.26743604191453596
0.3,0.0,0.3,0.3
0.6,0.1318913324034012,0.46810866759659875,0.46810866759659875
0.6,0.88383450336593,-0.28383450336592997,0.28383450336592997
0.4,0.0,0.4,0.4
0.7,0.5577085342705288,0.14229146572947116,0.14229146572947116
0.7,0.0,0.7,0.7
0.6,0.0,0.6,0.6
0.5,0.3830662496121602,0.11693375038783982,0.11693375038783982
0.4,0.0628237990242368,0.33717620097576323,0.33717620097576323
0.8,0.0,0.8,0.8
0.5,0.3946806319800664,0.10531936801993358,0.10531936801993358
0.5,0.2856306535973687,0.21436934640263128,0.21436934640263128
0.4,0.0,0.4,0.4
0.4,0.0997414576616544,0.3002585423383456,0.3002585423383456
0.3,0.0,0.3,0.3
0.6,0.0,0.6,0.6
0.5,0.6510120029421205,-0.15101200294212047,0.15101200294212047
0.4,0.0,0.4,0.4
0.6,0.3248860338467192,0.27511396615328076,0.27511396615328076
0.6,0.0,0.6,0.6
1.0,1.5403059370832015,-0.5403059370832015,0.5403059370832015
2.3,2.47462474467956,-0.17462474467956035,0.17462474467956035
1.0,2.142106196992948,-1.1421061969929478,1.1421061969929478
1.7,1.783388289621211,-0.08338828962121103,0.08338828962121103
1.3,2.5159372247205445,-1.2159372247205444,1.2159372247205444
3.0,2.354587185483542,0.6454128145164582,0.6454128145164582
1.0,2.0805459113897,-1.0805459113897,1.0805459113897
1.1,2.1381553468869585,-1.0381553468869584,1.0381553468869584
1.3,1.578171594691157,-0.27817159469115693,0.27817159469115693
2.1,1.9939001848363165,0.10609981516368361,0.10609981516368361
2.5,2.7844025255955387,-0.2844025255955387,0.2844025255955387
1.2,1.6199517950371811,-0.41995179503718116,0.41995179503718116
2.1,2.3929205268217766,-0.2929205268217765,0.2929205268217765
2.1,1.5522956252275772,0.5477043747724228,0.5477043747724228
0.7,0.0,0.7,0.7
0.7,0.82013783577415,-0.12013783577415005,0.12013783577415005
0.4,0.4876192880875386,-0.0876192880875386,0.0876192880875386
0.7,0.1289013807158017,0.5710986192841983,0.5710986192841983
0.4,0.8614503158151348,-0.46145031581513474,0.46145031581513474
0.5,0.7001002765781326,-0.20010027657813256,0.20010027657813256
0.4,0.4260590024842901,-0.02605900248429005,0.02605900248429005
0.6,0.4836684379815489,0.11633156201845107,0.11633156201845107
0.3,0.0,0.3,0.3
0.6,0.3394132759309068,0.26058672406909317,0.26058672406909317
0.6,1.1299156166901292,-0.5299156166901292,0.5299156166901292
0.4,0.0,0.4,0.4
0.7,0.7384336179163671,-0.038433617916367124,0.038433617916367124
0.7,0.0,0.7,0.7
0.6,0.0,0.6,0.6
0.5,0.5887171117708734,-0.08871711177087338,0.08871711177087338
0.4,0.2561985640842621,0.1438014359157379,0.1438014359157379
0.8,0.0,0.8,0.8
0.5,0.6300295918118582,-0.13002959181185825,0.13002959181185825
0.5,0.4686795525748559,0.031320447425144116,0.031320447425144116
0.4,0.1946382784810134,0.20536172151898663,0.20536172151898663
0.4,0.2522477139782721,0.1477522860217279,0.1477522860217279
0.3,0.0,0.3,0.3
0.6,0.1079925519276303,0.4920074480723697,0.4920074480723697
0.5,0.8984948926868525,-0.39849489268685245,0.39849489268685245
0.4,0.0,0.4,0.4
0.6,0.5070128939130903,0.09298710608690963,0.09298710608690963
0.6,0.0,0.6,0.6
1.0,1.8685404528114988,-0.8685404528114988,0.8685404528114988
2.3,2.7407570392288463,-0.44075703922884646,0.44075703922884646
1.0,2.366535837979435,-1.366535837979435,1.366535837979435
1.7,2.160600525409941,-0.460600525409941,0.460600525409941
1.3,2.6381037127047224,-1.3381037127047224,1.3381037127047224
3.0,2.571351739923829,0.4286482600761712,0.4286482600761712
1.0,2.420097328071294,-1.4200973280712939,1.4200973280712939
1.1,2.5025717256149704,-1.4025717256149703,1.4025717256149703
1.3,1.9774431459647488,-0.6774431459647487,0.6774431459647487
2.1,2.3489072499381862,-0.24890724993818614,0.24890724993818614
2.5,2.912544990062913,-0.412544990062913,0.412544990062913
1.2,1.9957847191634064,-0.7957847191634064,0.7957847191634064
2.1,2.634303787824225,-0.5343037878242249,0.5343037878242249
2.1,1.929796878295992,0.1702031217040081,0.1702031217040081
0.7,0.2051260277030646,0.49487397229693536,0.49487397229693536
0.7,1.0773426141204123,-0.37734261412041237,0.37734261412041237
0.4,0.703121412871001,-0.30312141287100103,0.30312141287100103
0.7,0.4971861003015073,0.20281389969849267,0.20281389969849267
0.4,0.9746892875962888,-0.5746892875962888,0.5746892875962888
0.5,0.9079373148153952,-0.4079373148153952,0.4079373148153952
0.4,0.7566829029628599,-0.35668290296285987,0.35668290296285987
0.6,0.8391573005065367,-0.23915730050653672,0.23915730050653672
0.3,0.3140287208563149,-0.014028720856314902,0.014028720856314902
0.6,0.6854928248297525,-0.08549282482975251,0.08549282482975251
0.6,1.2491305649544795,-0.6491305649544795,0.6491305649544795
0.4,0.3323702940549728,0.06762970594502721,0.06762970594502721
0.7,0.970889362715792,-0.270889362715792,0.270889362715792
0.7,0.2663824531875579,0.4336175468124421,0.4336175468124421
0.6,0.0,0.6,0.6
0.5,0.8448314649741477,-0.34483146497414774,0.34483146497414774
0.4,0.4706102637247364,-0.07061026372473639,0.07061026372473639
0.8,0.2646749511552426,0.5353250488447574,0.5353250488447574
0.5,0.7421781384500238,-0.24217813845002378,0.24217813845002378
0.5,0.6754261656691307,-0.17542616566913072,0.17542616566913072
0.4,0.5241717538165952,-0.12417175381659518,0.12417175381659518
0.4,0.6066461513602721,-0.2066461513602721,0.2066461513602721
0.3,0.0815175717100507,0.2184824282899493,0.2184824282899493
0.6,0.4529816756834878,0.14701832431651218,0.14701832431651218
0.5,1.016619415808215,-0.5166194158082149,0.5166194158082149
0.4,0.0998591449087085,0.3001408550912915,0.3001408550912915
0.6,0.7383782135695273,-0.1383782135695273,0.1383782135695273
0.6,0.0338713040412932,0.5661286959587067,0.5661286959587067
1.0,1.8198375706962269,-0.8198375706962269,0.8198375706962269
2.3,2.7141524398116217,-0.41415243981162186,0.41415243981162186
1.0,2.3437036559002307,-1.3437036559002307,1.3437036559002307
1.7,2.093378641481145,-0.3933786414811451,0.3933786414811451
1.3,2.6662521911521493,-1.3662521911521492,1.3662521911521492
3.0,2.551913096544996,0.4480869034550041,0.4480869034550041
1.0,2.372976116345707,-1.3729761163457068,1.3729761163457068
1.1,2.423954786829695,-1.3239547868296948,1.3239547868296948
1.3,1.912205641043406,-0.612205641043406,0.612205641043406
2.1,2.285949540061284,-0.18594954006128406,0.18594954006128406
2.5,2.947307545005258,-0.44730754500525816,0.44730754500525816
1.2,1.9329784906606324,-0.7329784906606325,0.7329784906606325
2.1,2.608091356491284,-0.5080913564912839,0.5080913564912839
2.1,1.860845082412972,0.239154917587028,0.239154917587028
0.7,0.1567747980120568,0.5432252019879431,0.5432252019879431
0.7,1.051089667127452,-0.35108966712745215,0.35108966712745215
0.4,0.6806408832160611,-0.28064088321606107,0.28064088321606107
0.7,0.4303158687969756,0.26968413120302437,0.26968413120302437
0.4,1.0031894184679793,-0.6031894184679792,0.6031894184679792
0.5,0.8888503238608262,-0.3888503238608262,0.3888503238608262
0.4,0.7099133436615374,-0.30991334366153733,0.30991334366153733
0.6,0.7608920141455253,-0.16089201414552534,0.16089201414552534
0.3,0.2491428683592362,0.050857131640763775,0.050857131640763775
0.6,0.6228867673771135,-0.02288676737711348,0.02288676737711348
0.6,1.2842447723210888,-0.6842447723210888,0.6842447723210888
0.4,0.2699157179764627,0.13008428202353733,0.13008428202353733
0.7,0.9450285838071144,-0.24502858380711445,0.24502858380711445
0.7,0.197782309728802,0.5022176902711979,0.5022176902711979
0.6,0.0,0.6,0.6
0.5,0.8196432987276152,-0.3196432987276152,0.3196432987276152
0.4,0.4491945148162244,-0.04919451481622439,0.04919451481622439
0.8,0.1988695003971388,0.6011304996028612,0.6011304996028612
0.5,0.7717430500681424,-0.27174305006814237,0.27174305006814237
0.5,0.6574039554609893,-0.1574039554609893,0.1574039554609893
0.4,0.4784669752617005,-0.07846697526170049,0.07846697526170049
0.4,0.5294456457456885,-0.1294456457456885,0.1294456457456885
0.3,0.0176964999593995,0.2823035000406005,0.2823035000406005
0.6,0.3914403989772766,0.20855960102272336,0.20855960102272336
0.5,1.052798403921252,-0.5527984039212519,0.5527984039212519
0.4,0.0384693495766257,0.36153065042337434,0.36153065042337434
0.6,0.7135822154072776,-0.11358221540727764,0.11358221540727764
0.6,0.0,0.6,0.6
1.0,2.4186198930553577,-1.4186198930553577,1.4186198930553577
2.3,2.8148451694318952,-0.5148451694318954,0.5148451694318954
1.0,2.0178531101061905,-1.0178531101061905,1.0178531101061905
1.7,1.9136315186691624,-0.2136315186691624,0.2136315186691624
1.3,2.230562915370881,-0.9305629153708808,0.9305629153708808
3.0,2.157201247375581,0.842798752624419,0.842798752624419
1.0,2.0874372527256715,-1.0874372527256715,1.0874372527256715
1.1,2.2362940880525004,-1.1362940880525003,1.1362940880525003
1.3,2.026812739933808,-0.726812739933808,0.726812739933808
2.1,1.9901003581928087,0.10989964180719136,0.10989964180719136
2.5,2.6424598690800387,-0.14245986908003871,0.14245986908003871
1.2,2.013689059081201,-0.8136890590812011,0.8136890590812011
2.1,2.2465284760393645,-0.14652847603936436,0.14652847603936436
2.1,1.934672567025436,0.16532743297456398,0.16532743297456398
0.7,0.7992009895188096,-0.09920098951880962,0.09920098951880962
0.7,0.6844282539221132,0.015571746077886806,0.015571746077886806
0.4,0.6511400219133577,-0.2511400219133577,0.2511400219133577
0.7,0.7185839382135444,-0.018583938213544426,0.018583938213544426
0.4,0.7632433645428894,-0.3632433645428894,0.3632433645428894
0.5,0.6943326741650848,-0.19433267416508482,0.19433267416508482
0.4,0.7501331754642118,-0.35013317546421174,0.35013317546421174
0.6,0.6840314145379277,-0.08403141453792773,0.08403141453792773
0.3,0.7404317766903388,-0.4404317766903388,0.4404317766903388
0.6,0.6730097147572762,-0.07300971475727625,0.07300971475727625
0.6,0.8144216913417793,-0.21442169134177935,0.21442169134177935
0.4,0.7302717157450601,-0.3302717157450601,0.3302717157450601
0.7,0.6885150094950832,0.011484990504916803,0.011484990504916803
0.7,0.7148367583440196,-0.014836758344019652,0.014836758344019652
0.6,0.6103600109711372,-0.010360010971137257,0.010360010971137257
0.5,0.5312354772251048,-0.03123547722510478,0.03123547722510478
0.4,0.5213058025811909,-0.12130580258119084,0.12130580258119084
0.8,0.6020942964889588,0.1979057035110412,0.1979057035110412
0.5,0.6053946044364387,-0.10539460443643867,0.10539460443643867
0.5,0.5668851231879838,-0.06688512318798379,0.06688512318798379
0.4,0.5812469363985053,-0.1812469363985053,0.1812469363985053
0.4,0.5637820309712671,-0.1637820309712671,0.1637820309712671
0.3,0.6021771783693892,-0.30217717836938923,0.30217717836938923
0.6,0.5708667467250145,0.029133253274985504,0.029133253274985504
0.5,0.650915771105726,-0.15091577110572596,0.15091577110572596
0.4,0.5809426363086285,-0.1809426363086285,0.1809426363086285
0.6,0.5557707494135241,0.044229250586475866,0.044229250586475866
0.6,0.5741781344770032,0.025821865522996812,0.025821865522996812
1.0,2.385530710220337,-1.385530710220337,1.385530710220337
2.3,2.77210545539856,-0.4721054553985602,0.4721054553985602
1.0,1.9510926008224487,-0.9510926008224487,0.9510926008224487
1.7,1.814324259757996,-0.1143242597579961,0.1143242597579961
1.3,2.216460704803467,-0.9164607048034668,0.9164607048034668
3.0,2.018897294998169,0.981102705001831,0.981102705001831
1.0,2.047699451446533,-1.0476994514465332,1.0476994514465332
1.1,1.991599917411804,-0.8915999174118039,0.8915999174118039
1.3,1.8172098398208616,-0.5172098398208615,0.5172098398208615
2.1,2.070861339569092,0.029138660430908292,0.029138660430908292
2.5,2.713033437728882,-0.21303343772888184,0.21303343772888184
1.2,1.7369550466537476,-0.5369550466537476,0.5369550466537476
2.1,2.784134864807129,-0.6841348648071288,0.6841348648071288
2.1,1.8616037368774407,0.23839626312255935,0.23839626312255935
0.7,0.9408462643623352,-0.24084626436233525,0.24084626436233525
0.7,0.7667245268821716,-0.06672452688217168,0.06672452688217168
0.4,0.5703493356704712,-0.17034933567047117,0.17034933567047117
0.7,0.6508471965789795,0.04915280342102046,0.04915280342102046
0.4,0.8008061051368713,-0.4008061051368713,0.4008061051368713
0.5,0.6983113884925842,-0.19831138849258423,0.19831138849258423
0.4,0.5734002590179443,-0.1734002590179443,0.1734002590179443
0.6,0.6537033915519714,-0.05370339155197146,0.05370339155197146
0.3,0.7122829556465149,-0.4122829556465149,0.4122829556465149
0.6,0.7554653286933899,-0.15546532869338991,0.15546532869338991
0.6,1.0272510051727295,-0.4272510051727295,0.4272510051727295
0.4,0.6405601501464844,-0.24056015014648435,0.24056015014648435
0.7,0.808333158493042,-0.10833315849304204,0.10833315849304204
0.7,0.723785936832428,-0.023785936832428023,0.023785936832428023
0.6,0.7684816718101501,-0.16848167181015017,0.16848167181015017
0.5,0.4785034358501434,0.021496564149856623,0.021496564149856623
0.4,0.3871384561061859,0.012861543893814109,0.012861543893814109
0.8,0.5085203051567078,0.2914796948432923,0.2914796948432923
0.5,0.6010547280311584,-0.10105472803115845,0.10105472803115845
0.5,0.523679256439209,-0.023679256439208984,0.023679256439208984
0.4,0.2268200516700744,0.17317994832992561,0.17317994832992561
0.4,0.4363590776920318,-0.03635907769203178,0.03635907769203178
0.3,0.5289278626441956,-0.22892786264419557,0.22892786264419557
0.6,0.5936076045036316,0.006392395496368386,0.006392395496368386
0.5,0.8618918657302856,-0.36189186573028564,0.36189186573028564
0.4,0.4572051167488098,-0.05720511674880979,0.05720511674880979
0.6,0.6080971956253052,-0.008097195625305198,0.008097195625305198
0.6,0.5252001881599426,0.07479981184005735,0.07479981184005735
1.0,1.265028573028058,-0.26502857302805793,0.26502857302805793
2.3,1.265028573028058,1.0349714269719419,1.0349714269719419
1.0,1.265028573028058,-0.26502857302805793,0.26502857302805793
1.7,1.265028573028058,0.434971426971942,0.434971426971942
1.3,1.265028573028058,0.03497142697194211,0.03497142697194211
3.0,1.265028573028058,1.734971426971942,1.734971426971942
1.0,1.265028573028058,-0.26502857302805793,0.26502857302805793
1.1,1.265028573028058,-0.16502857302805785,0.16502857302805785
1.3,1.265028573028058,0.03497142697194211,0.03497142697194211
2.1,1.265028573028058,0.8349714269719422,0.8349714269719422
2.5,1.265028573028058,1.234971426971942,1.234971426971942
1.2,1.265028573028058,-0.06502857302805798,0.06502857302805798
2.1,1.265028573028058,0.8349714269719422,0.8349714269719422
2.1,1.265028573028058,0.8349714269719422,0.8349714269719422
0.7,1.265028573028058,-0.565028573028058,0.565028573028058
0.7,1.265028573028058,-0.565028573028058,0.565028573028058
0.4,1.265028573028058,-0.8650285730280579,0.8650285730280579
0.7,1.265028573028058,-0.565028573028058,0.565028573028058
0.4,1.265028573028058,-0.8650285730280579,0.8650285730280579
0.5,1.265028573028058,-0.7650285730280579,0.7650285730280579
0.4,1.265028573028058,-0.8650285730280579,0.8650285730280579
0.6,1.265028573028058,-0.665028573028058,0.665028573028058
0.3,1.265028573028058,-0.9650285730280579,0.9650285730280579
0.6,1.265028573028058,-0.665028573028058,0.665028573028058
0.6,1.265028573028058,-0.665028573028058,0.665028573028058
0.4,1.265028573028058,-0.8650285730280579,0.8650285730280579
0.7,1.265028573028058,-0.565028573028058,0.565028573028058
0.7,1.265028573028058,-0.565028573028058,0.565028573028058
0.6,1.265028573028058,-0.665028573028058,0.665028573028058
0.5,1.265028573028058,-0.7650285730280579,0.7650285730280579
0.4,1.265028573028058,-0.8650285730280579,0.8650285730280579
0.8,1.265028573028058,-0.4650285730280579,0.4650285730280579
0.5,1.265028573028058,-0.7650285730280579,0.7650285730280579
0.5,1.265028573028058,-0.7650285730280579,0.7650285730280579
0.4,1.265028573028058,-0.8650285730280579,0.8650285730280579
0.4,1.265028573028058,-0.8650285730280579,0.8650285730280579
0.3,1.265028573028058,-0.9650285730280579,0.9650285730280579
0.6,1.265028573028058,-0.665028573028058,0.665028573028058
0.5,1.265028573028058,-0.7650285730280579,0.7650285730280579
0.4,1.265028573028058,-0.8650285730280579,0.8650285730280579
0.6,1.265028573028058,-0.665028573028058,0.665028573028058
0.6,1.265028573028058,-0.665028573028058,0.665028573028058
1.0,1.0987550939393147,-0.0987550939393147,0.0987550939393147
2.3,1.6773117416971957,0.6226882583028042,0.6226882583028042
1.0,1.0372692463579527,-0.0372692463579527,0.0372692463579527
1.7,1.4639250459230877,0.23607495407691226,0.23607495407691226
1.3,0.8979809578438053,0.4020190421561948,0.4020190421561948
3.0,1.3885269468143635,1.6114730531856365,1.6114730531856365
1.0,1.5275710461797591,-0.5275710461797591,0.5275710461797591
1.1,1.5407220839275408,-0.44072208392754075,0.44072208392754075
1.3,1.1298042001941686,0.17019579980583144,0.17019579980583144
2.1,1.2448025149224131,0.855197485077587,0.855197485077587
2.5,1.220753746878323,1.279246253121677,1.279246253121677
1.2,0.8076068703557427,0.3923931296442572,0.3923931296442572
2.1,1.7026003863924537,0.3973996136075464,0.3973996136075464
2.1,1.001941526872441,1.098058473127559,1.098058473127559
0.7,1.0987550939393147,-0.39875509393931474,0.39875509393931474
0.7,1.6773117416971957,-0.9773117416971957,0.9773117416971957
0.4,1.0372692463579527,-0.6372692463579527,0.6372692463579527
0.7,1.4639250459230877,-0.7639250459230877,0.7639250459230877
0.4,0.8979809578438053,-0.49798095784380525,0.49798095784380525
0.5,1.3885269468143635,-0.8885269468143635,0.8885269468143635
0.4,1.5275710461797591,-1.1275710461797592,1.1275710461797592
0.6,1.5407220839275408,-0.9407220839275409,0.9407220839275409
0.3,1.1298042001941686,-0.8298042001941686,0.8298042001941686
0.6,1.2448025149224131,-0.6448025149224131,0.6448025149224131
0.6,1.220753746878323,-0.620753746878323,0.620753746878323
0.4,0.8076068703557427,-0.4076068703557427,0.4076068703557427
0.7,1.7026003863924537,-1.0026003863924537,1.0026003863924537
0.7,1.001941526872441,-0.301941526872441,0.301941526872441
0.6,1.0987550939393147,-0.4987550939393147,0.4987550939393147
0.5,1.6773117416971957,-1.1773117416971957,1.1773117416971957
0.4,1.0372692463579527,-0.6372692463579527,0.6372692463579527
0.8,1.4639250459230877,-0.6639250459230877,0.6639250459230877
0.5,0.8979809578438053,-0.39798095784380527,0.39798095784380527
0.5,1.3885269468143635,-0.8885269468143635,0.8885269468143635
0.4,1.5275710461797591,-1.1275710461797592,1.1275710461797592
0.4,1.5407220839275408,-1.1407220839275407,1.1407220839275407
0.3,1.1298042001941686,-0.8298042001941686,0.8298042001941686
0.6,1.2448025149224131,-0.6448025149224131,0.6448025149224131
0.5,1.220753746878323,-0.7207537468783229,0.7207537468783229
0.4,0.8076068703557427,-0.4076068703557427,0.4076068703557427
0.6,1.7026003863924537,-1.1026003863924538,1.1026003863924538
0.6,1.001941526872441,-0.401941526872441,0.401941526872441
1.0,1.6268858066002263,-0.6268858066002263,0.6268858066002263
2.3,2.291177593433027,0.008822406566972862,0.008822406566972862
1.0,1.5470171390615697,-0.5470171390615697,0.5470171390615697
1.7,2.3426553850030096,-0.6426553850030097,0.6426553850030097
1.3,1.5222384603844508,-0.22223846038445072,0.22223846038445072
3.0,2.591624259545572,0.4083757404544279,0.4083757404544279
1.0,1.2175480596073385,-0.21754805960733847,0.21754805960733847
1.1,1.6788303054282812,-0.5788303054282811,0.5788303054282811
1.3,1.5321273000173696,-0.2321273000173696,0.2321273000173696
2.1,2.169407944352197,-0.06940794435219688,0.06940794435219688
2.5,1.658719821291578,0.8412801787084221,0.8412801787084221
1.2,1.3718829183654722,-0.1718829183654722,0.1718829183654722
2.1,3.0038294115831783,-0.9038294115831782,0.9038294115831782
2.1,1.2660956469166913,0.8339043530833088,0.8339043530833088
0.7,1.6268858066002263,-0.9268858066002263,0.9268858066002263
0.7,2.291177593433027,-1.591177593433027,1.591177593433027
0.4,1.5470171390615697,-1.1470171390615698,1.1470171390615698
0.7,2.3426553850030096,-1.6426553850030097,1.6426553850030097
0.4,1.5222384603844508,-1.1222384603844509,1.1222384603844509
0.5,2.591624259545572,-2.091624259545572,2.091624259545572
0.4,1.2175480596073385,-0.8175480596073385,0.8175480596073385
0.6,1.6788303054282812,-1.0788303054282813,1.0788303054282813
0.3,1.5321273000173696,-1.2321273000173696,1.2321273000173696
0.6,2.169407944352197,-1.5694079443521969,1.5694079443521969
0.6,1.658719821291578,-1.0587198212915778,1.0587198212915778
0.4,1.3718829183654722,-0.9718829183654721,0.9718829183654721
0.7,3.0038294115831783,-2.3038294115831786,2.3038294115831786
0.7,1.2660956469166913,-0.5660956469166913,0.5660956469166913
0.6,1.6268858066002263,-1.0268858066002262,1.0268858066002262
0.5,2.291177593433027,-1.791177593433027,1.791177593433027
0.4,1.5470171390615697,-1.1470171390615698,1.1470171390615698
0.8,2.3426553850030096,-1.5426553850030096,1.5426553850030096
0.5,1.5222384603844508,-1.0222384603844508,1.0222384603844508
0.5,2.591624259545572,-2.091624259545572,2.091624259545572
0.4,1.2175480596073385,-0.8175480596073385,0.8175480596073385
0.4,1.6788303054282812,-1.278830305428281,1.278830305428281
0.3,1.5321273000173696,-1.2321273000173696,1.2321273000173696
0.6,2.169407944352197,-1.5694079443521969,1.5694079443521969
0.5,1.658719821291578,-1.158719821291578,1.158719821291578
0.4,1.3718829183654722,-0.9718829183654721,0.9718829183654721
0.6,3.0038294115831783,-2.403829411583178,2.403829411583178
0.6,1.2660956469166913,-0.6660956469166913,0.6660956469166913
2.3426553850030096,2.175423654144211,0.1672317308587985,0.1672317308587985
1.5222384603844508,1.6835377993628189,-0.16129933897836812,0.16129933897836812
2.591624259545572,2.0023082144339543,0.5893160451116177,0.5893160451116177
3.423349924580549,2.610036913666473,0.8133130109140758,0.8133130109140758
1.2175480596073385,1.6648094187696114,-0.44726135916227294,0.44726135916227294
7.244065383360269,2.144514109919103,5.099551273441166,5.099551273441166
1.5321273000173696,1.9510744703170968,-0.41894717029972717,0.41894717029972717
2.404748318614775,2.2915653961661526,0.11318292244862249,0.11318292244862249
1.658719821291578,2.059658156007085,-0.4009383347155069,0.4009383347155069
2.314641460829224,2.4617543973437988,-0.1471129365145747,0.1471129365145747
1.0,1.9897347417231988,-0.9897347417231988,0.9897347417231988
2.1,2.015092517484305,0.08490748251569524,0.08490748251569524
2.1,2.0073085825708312,0.09269141742916887,0.09269141742916887
0.8570862730857126,0.5317517923756993,0.32533448071001336,0.32533448071001336
1.3411688832335629,1.5927349805048507,-0.25156609727128787,0.25156609727128787
0.98602045418736,0.8209116409224196,0.1651088132649403,0.1651088132649403
0.5422885207412549,0.2723067217011519,0.269981799040103,0.269981799040103
0.6821726355797036,0.9935034450841278,-0.31133080950442416,0.31133080950442416
0.9352419701157908,1.2561307325314095,-0.3208887624156187,0.3208887624156187
0.6433017110440628,0.6293376289725654,0.013964082071497352,0.013964082071497352
0.7,0.6949699139602172,0.005030086039782722,0.005030086039782722
0.4,0.4144790818981325,-0.014479081898132462,0.014479081898132462
0.6,0.6589528763061074,-0.05895287630610746,0.05895287630610746
0.3,0.3375980402205321,-0.03759804022053209,0.03759804022053209
0.4,0.2667370335895735,0.1332629664104265,0.1332629664104265
0.7,0.8102858504821961,-0.11028585048219619,0.11028585048219619
0.6650306538588546,0.5721165095444883,0.09291414431436629,0.09291414431436629
0.4632654520489824,0.8522410855153935,-0.38897563346641106,0.38897563346641106
0.7496304931127424,1.5661399141150691,-0.8165094210023267,0.8165094210023267
0.6658246650132922,0.8145570980668498,-0.14873243305355766,0.14873243305355766
0.6198068833094819,0.4563510114073625,0.16345587190211935,0.16345587190211935
0.4788089757102604,0.8893072542916449,-0.41049827858138455,0.41049827858138455
0.8188652144271537,1.2416029675899407,-0.42273775316278706,0.42273775316278706
0.4,0.517690516737373,-0.11769051673737296,0.11769051673737296
2.3426553850030096,2.1719188881717395,0.17073649683127012,0.17073649683127012
1.5222384603844508,1.6629515098435208,-0.14071304945907004,0.14071304945907004
2.591624259545572,1.9818383474191583,0.6097859121264138,0.6097859121264138
3.423349924580549,2.5861031805677426,0.8372467440128064,0.8372467440128064
1.2175480596073385,1.6447783136120664,-0.4272302540047279,0.4272302540047279
7.244065383360269,2.123400252920978,5.12066513043929,5.12066513043929
1.5321273000173696,1.9361862573608373,-0.40405895734346764,0.40405895734346764
2.404748318614775,2.2817321033181144,0.12301621529666074,0.12301621529666074
1.658719821291578,2.072046355512564,-0.4133265342209862,0.4133265342209862
2.314641460829224,2.4437791100390367,-0.12913764920981263,0.12913764920981263
1.0,1.9681128328304984,-0.9681128328304984,0.9681128328304984
2.1,2.006520415844644,0.09347958415535595,0.09347958415535595
2.1,1.993615401381998,0.10638459861800209,0.10638459861800209
0.8570862730857126,0.511294798571636,0.34579147451407666,0.34579147451407666
1.3411688832335629,1.5893489207912057,-0.24818003755764284,0.24818003755764284
0.98602045418736,0.8223754075275431,0.16364504665981683,0.16364504665981683
0.5422885207412549,0.2791459211295595,0.2631425996116954,0.2631425996116954
0.6821726355797036,1.0342840461065943,-0.35211141052689066,0.35211141052689066
0.9352419701157908,1.2550596684107316,-0.3198176982949408,0.3198176982949408
0.6433017110440628,0.6423987835003437,0.0009029275437190121,0.0009029275437190121
0.7,0.6997285425894261,0.0002714574105738832,0.0002714574105738832
0.4,0.4251331052150602,-0.02513310521506018,0.02513310521506018
0.6,0.6540050597913714,-0.05400505979137138,0.05400505979137138
0.3,0.3581872301458756,-0.058187230145875624,0.058187230145875624
0.4,0.2801192772575552,0.11988072274244482,0.11988072274244482
0.7,0.7967709978843475,-0.09677099788434751,0.09677099788434751
0.6650306538588546,0.5803768528271772,0.08465380103167741,0.08465380103167741
0.4632654520489824,0.8948341029860565,-0.4315686509370741,0.4315686509370741
0.7496304931127424,1.5766091298715066,-0.8269786367587642,0.8269786367587642
0.6658246650132922,0.8225270001871033,-0.15670233517381116,0.15670233517381116
0.6198068833094819,0.4805043201680021,0.13930256314147976,0.13930256314147976
0.4788089757102604,0.9032851985289052,-0.42447622281864483,0.42447622281864483
0.8188652144271537,1.2573787607372902,-0.4385135463101365,0.4385135463101365
0.4,0.5145551166708335,-0.11455511667083351,0.11455511667083351
2.3426553850030096,2.170971536899854,0.1716838481031555,0.1716838481031555
1.5222384603844508,1.6543793816036931,-0.13214092121924237,0.13214092121924237
2.591624259545572,1.974750687454502,0.6168735720910701,0.6168735720910701
3.423349924580549,2.566102503131647,0.8572474214489021,0.8572474214489021
1.2175480596073385,1.6292264141614048,-0.4116783545540663,0.4116783545540663
7.244065383360269,2.112759541897389,5.13130584146288,5.13130584146288
1.5321273000173696,1.9284464144324176,-0.39631911441504797,0.39631911441504797
2.404748318614775,2.286757074078541,0.11799124453623433,0.11799124453623433
1.658719821291578,2.133885028147529,-0.4751652068559511,0.4751652068559511
2.314641460829224,2.529141199779474,-0.21449973895024987,0.21449973895024987
1.0,1.938766925276641,-0.9387669252766411,0.9387669252766411
2.1,2.004383963924244,0.0956160360757563,0.0956160360757563
2.1,1.949789232426008,0.1502107675739921,0.1502107675739921
0.8570862730857126,0.484126451234801,0.3729598218509116,0.3729598218509116
1.3411688832335629,1.5656426013385214,-0.22447371810495853,0.22447371810495853
0.98602045418736,0.8322530328175791,0.15376742136978083,0.15376742136978083
0.5422885207412549,0.2880771387778774,0.2542113819633775,0.2542113819633775
0.6821726355797036,1.0893534902993829,-0.40718085471967924,0.40718085471967924
0.9352419701157908,1.2994762557563675,-0.3642342856405767,0.3642342856405767
0.6433017110440628,0.6441220766300167,-0.0008203655859539971,0.0008203655859539971
0.7,0.6597760838288869,0.040223916171113094,0.040223916171113094
0.4,0.4412505494748284,-0.04125054947482837,0.04125054947482837
0.6,0.6675937407008197,-0.0675937407008197,0.0675937407008197
0.3,0.370909106153184,-0.07090910615318402,0.07090910615318402
0.4,0.3134754170794516,0.08652458292054843,0.08652458292054843
0.7,0.7193022768828158,-0.019302276882815828,0.019302276882815828
0.6650306538588546,0.5761170393466218,0.08891361451223279,0.08891361451223279
0.4632654520489824,0.95236699987176,-0.4891015478227776,0.4891015478227776
0.7496304931127424,1.6097330422490326,-0.8601025491362901,0.8601025491362901
0.6658246650132922,0.8171657816454179,-0.15134111663212568,0.15134111663212568
0.6198068833094819,0.5390305305942973,0.08077635271518457,0.08077635271518457
0.4788089757102604,0.8929838373778181,-0.4141748616675577,0.4141748616675577
0.8188652144271537,1.2793127322917368,-0.46044751786458316,0.46044751786458316
0.4,0.5306072502731964,-0.13060725027319642,0.13060725027319642
2.3426553850030096,2.176052544436016,0.16660284056699348,0.16660284056699348
1.5222384603844508,1.6643137280186986,-0.14207526763424783,0.14207526763424783
2.591624259545572,1.9844256616169555,0.6071985979286165,0.6071985979286165
3.423349924580549,2.5668663499731816,0.8564835746073673,0.8564835746073673
1.2175480596073385,1.6409707410006056,-0.4234226813932671,0.4234226813932671
7.244065383360269,2.1149346807762783,5.129130702583991,5.129130702583991
1.5321273000173696,1.936144124143447,-0.4040168241260773,0.4040168241260773
2.404748318614775,2.2858091947225674,0.11893912389220773,0.11893912389220773
1.658719821291578,2.11445255776527,-0.45573273647369206,0.45573273647369206
2.314641460829224,2.4988430033653577,-0.18420154253613363,0.18420154253613363
1.0,1.935676587209892,-0.935676587209892,0.935676587209892
2.1,1.9972630021161009,0.10273699788389923,0.10273699788389923
2.1,1.957820209073549,0.14217979092645106,0.14217979092645106
0.8570862730857126,0.4920959845182826,0.36499028856743,0.36499028856743
1.3411688832335629,1.5725090617749962,-0.2313401785414333,0.2313401785414333
0.98602045418736,0.8271364468262602,0.15888400736109975,0.15888400736109975
0.5422885207412549,0.2876410396555902,0.2546474810856647,0.2546474810856647
0.6821726355797036,1.0913221040792938,-0.4091494684995901,0.4091494684995901
0.9352419701157908,1.2936789591348352,-0.3584369890190444,0.3584369890190444
0.6433017110440628,0.648999676829693,-0.005697965785630199,0.005697965785630199
0.7,0.6751148425594045,0.024885157440595496,0.024885157440595496
0.4,0.4181830462586315,-0.018183046258631486,0.018183046258631486
0.6,0.6644378528629877,-0.06443785286298775,0.06443785286298775
0.3,0.3598034281738915,-0.059803428173891504,0.059803428173891504
0.4,0.2907259504549053,0.10927404954509473,0.10927404954509473
0.7,0.7425645826821037,-0.042564582682103724,0.042564582682103724
0.6650306538588546,0.5830130517144545,0.08201760214440013,0.08201760214440013
0.4632654520489824,0.9575115186102064,-0.49424606656122405,0.49424606656122405
0.7496304931127424,1.6083250052876854,-0.858694512174943,0.858694512174943
0.6658246650132922,0.8203376268049171,-0.15451296179162488,0.15451296179162488
0.6198068833094819,0.5214130650437083,0.09839381826577354,0.09839381826577354
0.4788089757102604,0.9055729453227304,-0.42676396961247,0.42676396961247
0.8188652144271537,1.281142552377135,-0.46227733794998127,0.46227733794998127
0.4,0.5306272673939006,-0.13062726739390063,0.13062726739390063
2.3426553850030096,2.626179383276784,-0.2835239982737745,0.2835239982737745
1.5222384603844508,1.723766538392871,-0.20152807800842032,0.20152807800842032
2.591624259545572,2.012776272480792,0.5788479870647802,0.5788479870647802
3.423349924580549,2.148242436397867,1.275107488182682,1.275107488182682
1.2175480596073385,1.7125353724477668,-0.4949873128404283,0.4949873128404283
7.244065383360269,1.9362291342048368,5.307836249155432,5.307836249155432
1.5321273000173696,2.390833679796539,-0.8587063797791692,0.8587063797791692
2.404748318614775,1.8270080738604848,0.5777402447542903,0.5777402447542903
1.658719821291578,2.4286062376040203,-0.7698864163124424,0.7698864163124424
2.314641460829224,2.630118534373845,-0.31547707354462107,0.31547707354462107
1.0,1.6658831281815736,-0.6658831281815736,0.6658831281815736
2.1,1.9485408214006448,0.15145917859935532,0.15145917859935532
2.1,1.7744718687933458,0.32552813120665425,0.32552813120665425
0.8570862730857126,0.6154505973745397,0.24163567571117295,0.24163567571117295
1.3411688832335629,0.8397916316867665,0.5013772515467964,0.5013772515467964
0.98602045418736,0.642609081059803,0.343411373127557,0.343411373127557
0.5422885207412549,0.6122275642341151,-0.06993904349286018,0.06993904349286018
0.6821726355797036,0.7904619052817945,-0.10828926970209085,0.10828926970209085
0.9352419701157908,0.7187513849928977,0.2164905851228931,0.2164905851228931
0.6433017110440628,0.7054107267921813,-0.06210901574811856,0.06210901574811856
0.7,0.5606626222876814,0.13933737771231858,0.13933737771231858
0.4,0.5709960793781604,-0.17099607937816041,0.17099607937816041
0.6,0.56817491471631,0.03182508528368999,0.03182508528368999
0.3,0.5823683912088964,-0.2823683912088964,0.2823683912088964
0.4,0.570808857445418,-0.17080885744541796,0.17080885744541796
0.7,0.5669481668581924,0.13305183314180757,0.13305183314180757
0.6650306538588546,0.675334917782286,-0.010304263923431423,0.010304263923431423
0.4632654520489824,0.6978451174119994,-0.234579665363017,0.234579665363017
0.7496304931127424,0.8455964750054913,-0.09596598189274885,0.09596598189274885
0.6658246650132922,0.6760899138086287,-0.010265248795336523,0.010265248795336523
0.6198068833094819,0.6331200542970317,-0.013313170987549805,0.013313170987549805
0.4788089757102604,0.6729954335223668,-0.19418645781210642,0.19418645781210642
0.8188652144271537,0.82348686923458,-0.004621654807426379,0.004621654807426379
0.4,0.5108714907524222,-0.1108714907524222,0.1108714907524222
2.3426553850030096,2.3860023021698,-0.04334691716679018,0.04334691716679018
1.5222384603844508,1.572829246520996,-0.05059078613654533,0.05059078613654533
2.591624259545572,1.8370099067687988,0.7546143527767732,0.7546143527767732
3.423349924580549,2.3610520362854004,1.0622978882951486,1.0622978882951486
1.2175480596073385,1.5879757404327393,-0.3704276808254008,0.3704276808254008
7.244065383360269,1.7309978008270264,5.5130675825332425,5.5130675825332425
1.5321273000173696,1.6082346439361572,-0.0761073439187876,0.0761073439187876
2.404748318614775,1.916392207145691,0.4883561114690842,0.4883561114690842
1.658719821291578,2.284693717956543,-0.6259738966649651,0.6259738966649651
2.314641460829224,2.628706455230713,-0.31406499440148883,0.31406499440148883
1.0,1.8382080793380733,-0.8382080793380733,0.8382080793380733
2.1,1.8742233514785769,0.2257766485214232,0.2257766485214232
2.1,1.7290616035461426,0.3709383964538575,0.3709383964538575
0.8570862730857126,0.561675488948822,0.2954107841368906,0.2954107841368906
1.3411688832335629,1.022851586341858,0.31831729689170496,0.31831729689170496
0.98602045418736,0.9175612926483154,0.06845916153904452,0.06845916153904452
0.5422885207412549,0.5249500870704651,0.0173384336707898,0.0173384336707898
0.6821726355797036,0.2030341327190399,0.47913850286066373,0.47913850286066373
0.9352419701157908,0.8500468134880066,0.08519515662778421,0.08519515662778421
0.6433017110440628,0.6654776930809021,-0.022175982036839348,0.022175982036839348
0.7,0.7778809070587158,-0.07788090705871586,0.07788090705871586
0.4,0.4771782755851745,-0.07717827558517448,0.07717827558517448
0.6,0.1459437310695648,0.45405626893043516,0.45405626893043516
0.3,0.5088176131248474,-0.20881761312484742,0.20881761312484742
0.4,0.502368688583374,-0.102368688583374,0.102368688583374
0.7,0.6688531637191772,0.03114683628082271,0.03114683628082271
0.6650306538588546,0.6112211346626282,0.05380951919622645,0.05380951919622645
0.4632654520489824,0.0039739795029163,0.4592914725460661,0.4592914725460661
0.7496304931127424,1.2535427808761597,-0.5039122877634172,0.5039122877634172
0.6658246650132922,0.7348771095275879,-0.06905244451429571,0.06905244451429571
0.6198068833094819,0.5694522261619568,0.05035465714752507,0.05035465714752507
0.4788089757102604,0.6667032241821289,-0.18789424847186853,0.18789424847186853
0.8188652144271537,1.1746946573257446,-0.355829442898591,0.355829442898591
0.4,0.0,0.4,0.4
2.3426553850030096,1.1370551915022928,1.2056001935007168,1.2056001935007168
1.5222384603844508,1.1370551915022928,0.3851832688821579,0.3851832688821579
2.591624259545572,1.1370551915022928,1.4545690680432792,1.4545690680432792
3.423349924580549,1.1370551915022928,2.286294733078256,2.286294733078256
1.2175480596073385,1.1370551915022928,0.08049286810504563,0.08049286810504563
7.244065383360269,1.1370551915022928,6.107010191857976,6.107010191857976
1.5321273000173696,1.1370551915022928,0.3950721085150768,0.3950721085150768
2.404748318614775,1.1370551915022928,1.2676931271124823,1.2676931271124823
1.658719821291578,1.1370551915022928,0.5216646297892851,0.5216646297892851
2.314641460829224,1.1370551915022928,1.1775862693269312,1.1775862693269312
1.0,1.1370551915022928,-0.13705519150229284,0.13705519150229284
2.1,1.1370551915022928,0.9629448084977072,0.9629448084977072
2.1,1.1370551915022928,0.9629448084977072,0.9629448084977072
0.8570862730857126,1.1370551915022928,-0.2799689184165802,0.2799689184165802
1.3411688832335629,1.1370551915022928,0.20411369173127003,0.20411369173127003
0.98602045418736,1.1370551915022928,-0.1510347373149329,0.1510347373149329
0.5422885207412549,1.1370551915022928,-0.594766670761038,0.594766670761038
0.6821726355797036,1.1370551915022928,-0.4548825559225892,0.4548825559225892
0.9352419701157908,1.1370551915022928,-0.20181322138650204,0.20181322138650204
0.6433017110440628,1.1370551915022928,-0.4937534804582301,0.4937534804582301
0.7,1.1370551915022928,-0.4370551915022929,0.4370551915022929
0.4,1.1370551915022928,-0.7370551915022928,0.7370551915022928
0.6,1.1370551915022928,-0.5370551915022929,0.5370551915022929
0.3,1.1370551915022928,-0.8370551915022928,0.8370551915022928
0.4,1.1370551915022928,-0.7370551915022928,0.7370551915022928
0.7,1.1370551915022928,-0.4370551915022929,0.4370551915022929
0.6650306538588546,1.1370551915022928,-0.4720245376434382,0.4720245376434382
0.4632654520489824,1.1370551915022928,-0.6737897394533104,0.6737897394533104
0.7496304931127424,1.1370551915022928,-0.3874246983895504,0.3874246983895504
0.6658246650132922,1.1370551915022928,-0.47123052648900066,0.47123052648900066
0.6198068833094819,1.1370551915022928,-0.517248308192811,0.517248308192811
0.4788089757102604,1.1370551915022928,-0.6582462157920325,0.6582462157920325
0.8188652144271537,1.1370551915022928,-0.3181899770751392,0.3181899770751392
0.4,1.1370551915022928,-0.7370551915022928,0.7370551915022928
2.3426553850030096,1.3757354355842848,0.9669199494187248,0.9669199494187248
1.5222384603844508,0.8359590160209797,0.6862794443634711,0.6862794443634711
2.591624259545572,1.0481768337203152,1.5434474258252568,1.5434474258252568
3.423349924580549,1.0481768337203152,2.3751730908602338,2.3751730908602338
1.2175480596073385,0.6270833007161515,0.590464758891187,0.590464758891187
7.244065383360269,0.6270833007161515,6.6169820826441175,6.6169820826441175
1.5321273000173696,1.0633650929685396,0.46876220704883,0.46876220704883
2.404748318614775,1.039463622738098,1.3652846958766771,1.3652846958766771
1.658719821291578,1.1104017284971803,0.5483180927943976,0.5483180927943976
2.314641460829224,1.1104017284971803,1.2042397323320437,1.2042397323320437
1.0,1.033170957236812,-0.03317095723681196,0.03317095723681196
2.1,1.039463622738098,1.060536377261902,1.060536377261902
2.1,0.9379521583501792,1.1620478416498208,1.1620478416498208
0.8570862730857126,1.033170957236812,-0.17608468415109935,0.17608468415109935
1.3411688832335629,1.6554636792041195,-0.31429479597055665,0.31429479597055665
0.98602045418736,1.3757354355842848,-0.38971498139692484,0.38971498139692484
0.5422885207412549,0.6270833007161515,-0.0847947799748966,0.0847947799748966
0.6821726355797036,2.022698034081775,-1.3405253985020713,1.3405253985020713
0.9352419701157908,2.022698034081775,-1.087456063965984,1.087456063965984
0.6433017110440628,1.039463622738098,-0.39616191169403525,0.39616191169403525
0.7,1.6554636792041195,-0.9554636792041196,0.9554636792041196
0.4,0.8359590160209797,-0.43595901602097964,0.43595901602097964
0.6,2.022698034081775,-1.4226980340817748,1.4226980340817748
0.3,1.0633650929685396,-0.7633650929685396,0.7633650929685396
0.4,0.8062238030183351,-0.40622380301833505,0.40622380301833505
0.7,1.8584143652660745,-1.1584143652660746,1.1584143652660746
0.6650306538588546,1.3757354355842848,-0.7107047817254302,0.7107047817254302
0.4632654520489824,2.022698034081775,-1.5594325820327923,1.5594325820327923
0.7496304931127424,2.022698034081775,-1.2730675409690324,1.2730675409690324
0.6658246650132922,1.0633650929685396,-0.39754042795524747,0.39754042795524747
0.6198068833094819,1.1104017284971803,-0.49059484518769847,0.49059484518769847
0.4788089757102604,1.8584143652660745,-1.379605389555814,1.379605389555814
0.8188652144271537,1.8584143652660745,-1.039549150838921,1.039549150838921
0.4,2.022698034081775,-1.622698034081775,1.622698034081775
1.6750870924050658,2.152243544272733,-0.4771564518676672,0.4771564518676672
4.746403988018382,2.7238472188677774,2.0225567691506043,2.0225567691506043
1.5470171390615697,1.6454434047130913,-0.09842626565152157,0.09842626565152157
3.0549264654046246,2.617423143265758,0.43750332213886667,0.43750332213886667
2.5954365128642194,2.3054804254939025,0.28995608737031686,0.28995608737031686
4.580426866194772,2.679386766035604,1.9010401001591681,1.9010401001591681
2.235407081928281,2.085780717932006,0.14962636399627494,0.14962636399627494
2.169407944352197,2.0553298850237454,0.11407805932845161,0.11407805932845161
1.9348144714872644,2.3017965585105733,-0.3669820870233089,0.3669820870233089
3.0038294115831783,2.0789484323291805,0.9248809792539978,0.9248809792539978
3.592580248493403,2.4002977368464764,1.1922825116469267,1.1922825116469267
1.4980452432828957,2.019043076650672,-0.5209978333677763,0.5209978333677763
1.7,1.981199132984112,-0.28119913298411214,0.28119913298411214
0.826094714383351,0.6789886816304174,0.14710603275293366,0.14710603275293366
1.200511704804833,1.1586921965675996,0.04181950823723346,0.04181950823723346
0.6401206168693183,0.1949463611407599,0.4451742557285584,0.4451742557285584
0.8018694899438292,0.8110843802435012,-0.00921489029967193,0.00921489029967193
0.6286830497610721,0.5439452719192098,0.08473777784186232,0.08473777784186232
0.5251432400895707,0.4302236543777357,0.09491958571183501,0.09491958571183501
0.7559563988183644,1.0514243404880097,-0.2954679416696453,0.2954679416696453
0.6778710254152407,0.5603121299525139,0.1175588954627268,0.1175588954627268
0.7,0.3150473805942505,0.38495261940574943,0.38495261940574943
0.7,0.5224681862859537,0.17753181371404625,0.17753181371404625
0.774283389787513,1.009845635959299,-0.23556224617178612,0.23556224617178612
0.5641103408681047,0.5916248710029867,-0.02751453013488192,0.02751453013488192
0.4869183122414556,0.1247365087077888,0.3621818035336668,0.3621818035336668
0.4950587775158489,0.558229441067716,-0.06317066355186707,0.06317066355186707
0.5592824320954186,0.5859984386331578,-0.0267160065377392,0.0267160065377392
0.3602760666772656,0.3387643941387601,0.0215116725385055,0.0215116725385055
0.4953986447362168,0.7104460616147839,-0.21504741687856704,0.21504741687856704
0.7696938879034653,0.6709260794634138,0.09876780844005151,0.09876780844005151
0.3687334249789068,0.1124170242524049,0.2563164007265019,0.2563164007265019
0.3707166752248346,0.240304862088705,0.1304118131361296,0.1304118131361296
0.5,0.4141435050056674,0.08585649499433262,0.08585649499433262
1.6750870924050658,2.136430146864013,-0.46134305445894697,0.46134305445894697
4.746403988018382,2.6825233418879666,2.063880646130415,2.063880646130415
1.5470171390615697,1.62732599409615,-0.0803088550345803,0.0803088550345803
3.0549264654046246,2.6712352644384265,0.38369120096619813,0.38369120096619813
2.5954365128642194,2.2962868592431844,0.29914965362103496,0.29914965362103496
4.580426866194772,2.68976418537828,1.890662680816492,1.890662680816492
2.235407081928281,2.0863027976313955,0.1491042842968855,0.1491042842968855
2.169407944352197,2.087961589238943,0.08144635511325404,0.08144635511325404
1.9348144714872644,2.2592867472861755,-0.32447227579891114,0.32447227579891114
3.0038294115831783,2.0861084398911647,0.9177209716920136,0.9177209716920136
3.592580248493403,2.292987189041732,1.299593059451671,1.299593059451671
1.4980452432828957,2.0229134208036728,-0.5248681775207771,0.5248681775207771
1.7,1.9999559993878544,-0.29995599938785444,0.29995599938785444
0.826094714383351,0.6899147563393008,0.13617995804405025,0.13617995804405025
1.200511704804833,1.2209697923773484,-0.020458087572515327,0.020458087572515327
0.6401206168693183,0.1609798338483253,0.47914078302099306,0.47914078302099306
0.8018694899438292,0.7915121580764575,0.010357331867371755,0.010357331867371755
0.6286830497610721,0.5766076152462292,0.05207543451484298,0.05207543451484298
0.5251432400895707,0.4105480746791536,0.11459516541041709,0.11459516541041709
0.7559563988183644,1.100915132539391,-0.3449587337210267,0.3449587337210267
0.6778710254152407,0.572647948742595,0.10522307667264574,0.10522307667264574
0.7,0.2750273485990568,0.42497265140094315,0.42497265140094315
0.7,0.5496905273267763,0.1503094726732237,0.1503094726732237
0.774283389787513,1.02305028387279,-0.24876689408527697,0.24876689408527697
0.5641103408681047,0.6172804167421584,-0.053170075874053646,0.053170075874053646
0.4869183122414556,0.196422952004346,0.2904953602371096,0.2904953602371096
0.4950587775158489,0.5274837362202861,-0.03242495870443718,0.03242495870443718
0.5592824320954186,0.6177948362276148,-0.05851240413219616,0.05851240413219616
0.3602760666772656,0.3156996076378955,0.044576459039370075,0.044576459039370075
0.4953986447362168,0.7134569627213753,-0.21805831798515846,0.21805831798515846
0.7696938879034653,0.6396303867469054,0.13006350115655985,0.13006350115655985
0.3687334249789068,0.1765552818557043,0.19217814312320253,0.19217814312320253
0.3707166752248346,0.3284447115518402,0.042271963672994406,0.042271963672994406
0.5,0.3651273185009835,0.1348726814990165,0.1348726814990165
1.6750870924050658,2.0870405477456684,-0.41195345534060257,0.41195345534060257
4.746403988018382,2.6406049454169422,2.1057990426014395,2.1057990426014395
1.5470171390615697,1.643551982160298,-0.09653484309872828,0.09653484309872828
3.0549264654046246,2.6351234800886743,0.4198029853159504,0.4198029853159504
2.5954365128642194,2.303118631975756,0.2923178808884632,0.2923178808884632
4.580426866194772,2.72299924246968,1.857427623725092,1.857427623725092
2.235407081928281,2.133788340758052,0.10161874117022895,0.10161874117022895
2.169407944352197,2.111696730974028,0.05771121337816876,0.05771121337816876
1.9348144714872644,2.386139747314805,-0.4513252758275408,0.4513252758275408
3.0038294115831783,2.2240509679836293,0.779778443599549,0.779778443599549
3.592580248493403,2.286318612482438,1.306261636010965,1.306261636010965
1.4980452432828957,2.0328940821878594,-0.5348488389049637,0.5348488389049637
1.7,1.8725755862104785,-0.17257558621047853,0.17257558621047853
0.826094714383351,0.7612575555634086,0.06483715881994245,0.06483715881994245
1.200511704804833,1.1677736167059944,0.0327380880988386,0.0327380880988386
0.6401206168693183,0.0856726040611399,0.5544480128081785,0.5544480128081785
0.8018694899438292,0.6645622639848427,0.13730722595898648,0.13730722595898648
0.6286830497610721,0.7847569044250658,-0.1560738546639937,0.1560738546639937
0.5251432400895707,0.4345672611765016,0.09057597891306912,0.09057597891306912
0.7559563988183644,1.1235370456837153,-0.36758064686535086,0.36758064686535086
0.6778710254152407,0.5655442188051796,0.11232680661006111,0.11232680661006111
0.7,0.103959869018074,0.596040130981926,0.596040130981926
0.7,0.4052257228277984,0.29477427717220156,0.29477427717220156
0.774283389787513,0.9555750534942556,-0.18129166370674266,0.18129166370674266
0.5641103408681047,0.577402868361092,-0.01329252749298726,0.01329252749298726
0.4869183122414556,0.2805162345772363,0.2064020776642193,0.2064020776642193
0.4950587775158489,0.5208675866241367,-0.025808809108287756,0.025808809108287756
0.5592824320954186,0.6217996989032,-0.06251726680778136,0.06251726680778136
0.3602760666772656,0.3803406455861857,-0.020064578908920105,0.020064578908920105
0.4953986447362168,0.6959246313690748,-0.20052598663285798,0.20052598663285798
0.7696938879034653,0.7683125476479145,0.0013813402555508114,0.0013813402555508114
0.3687334249789068,0.2824431536215961,0.08629027135731071,0.08629027135731071
0.3707166752248346,0.4167295670380792,-0.04601289181324458,0.04601289181324458
0.5,0.4825245941607319,0.0174754058392681,0.0174754058392681
1.6750870924050658,2.138798793998038,-0.46371170159297215,0.46371170159297215
4.746403988018382,2.6499032073089013,2.0965007807094804,2.0965007807094804
1.5470171390615697,1.6260164152878795,-0.07899927622630987,0.07899927622630987
3.0549264654046246,2.71075377691533,0.34417268848929483,0.34417268848929483
2.5954365128642194,2.321268001125351,0.2741685117388686,0.2741685117388686
4.580426866194772,2.71804145661356,1.8623854095812122,1.8623854095812122
2.235407081928281,2.111355330321828,0.12405175160645276,0.12405175160645276
2.169407944352197,2.134665890763061,0.034742053589135846,0.034742053589135846
1.9348144714872644,2.298404403384429,-0.3635899318971647,0.3635899318971647
3.0038294115831783,2.1275360670166443,0.876293344566534,0.876293344566534
3.592580248493403,2.2555627493632464,1.3370174991301567,1.3370174991301567
1.4980452432828957,2.049816787807053,-0.5517715445241571,0.5517715445241571
1.7,1.9998909763919568,-0.29989097639195683,0.29989097639195683
0.826094714383351,0.7093725797354797,0.11672213464787129,0.11672213464787129
1.200511704804833,1.2411176313191032,-0.040605926514270196,0.040605926514270196
0.6401206168693183,0.1140391199116432,0.5260814969576751,0.5260814969576751
0.8018694899438292,0.7192677172127322,0.08260177273109703,0.08260177273109703
0.6286830497610721,0.6401515745579036,-0.01146852479683147,0.01146852479683147
0.5251432400895707,0.4032056593089618,0.1219375807806089,0.1219375807806089
0.7559563988183644,1.115089307942016,-0.3591329091236517,0.3591329091236517
0.6778710254152407,0.5801806422108263,0.09769038320441437,0.09769038320441437
0.7,0.1991737764066169,0.500826223593383,0.500826223593383
0.7,0.5302548307957305,0.1697451692042694,0.1697451692042694
0.774283389787513,1.009983948394355,-0.23570055860684191,0.23570055860684191
0.5641103408681047,0.5988404818317723,-0.034730140963667555,0.034730140963667555
0.4869183122414556,0.2319353167075573,0.2549829955338983,0.2549829955338983
0.4950587775158489,0.518993133594793,-0.02393435607894412,0.02393435607894412
0.5592824320954186,0.6466087504177266,-0.08732631832230797,0.08732631832230797
0.3602760666772656,0.3180629371892205,0.042213129488045065,0.042213129488045065
0.4953986447362168,0.7251737282065278,-0.229775083470311,0.229775083470311
0.7696938879034653,0.6734571707960302,0.09623671710743509,0.09623671710743509
0.3687334249789068,0.2374543660546628,0.13127905892424402,0.13127905892424402
0.3707166752248346,0.4002502935920612,-0.02953361836722662,0.02953361836722662
0.5,0.3492570477391322,0.1507429522608678,0.1507429522608678
1.6750870924050658,2.039212501106378,-0.3641254087013124,0.3641254087013124
4.746403988018382,2.710974002549437,2.035429985468945,2.035429985468945
1.5470171390615697,1.9445464747921224,-0.3975293357305527,0.3975293357305527
3.0549264654046246,2.465821413296316,0.5891050521083088,0.5891050521083088
2.5954365128642194,2.2469463347985017,0.3484901780657177,0.3484901780657177
4.580426866194772,2.602479018651028,1.977947847543744,1.977947847543744
2.235407081928281,2.105123826043917,0.13028325588436385,0.13028325588436385
2.169407944352197,2.156266598996095,0.013141345356102008,0.013141345356102008
1.9348144714872644,1.970746955467669,-0.03593248398040472,0.03593248398040472
3.0038294115831783,2.282633866775736,0.7211955448074421,0.7211955448074421
3.592580248493403,2.606104011814642,0.9864762366787612,0.9864762366787612
1.4980452432828957,1.8755326141622264,-0.3774873708793307,0.3774873708793307
1.7,1.7379155137561904,-0.0379155137561904,0.0379155137561904
0.826094714383351,0.6770789436015063,0.1490157707818447,0.1490157707818447
1.200511704804833,0.8380002202643605,0.36251148454047255,0.36251148454047255
0.6401206168693183,0.5941411443032706,0.04597947256604773,0.04597947256604773
0.8018694899438292,0.7317324849762268,0.07013700496760245,0.07013700496760245
0.6286830497610721,0.6410349450346916,-0.012351895273619462,0.012351895273619462
0.5251432400895707,0.6312082518331859,-0.10606501174361516,0.10606501174361516
0.7559563988183644,0.7784276669196163,-0.022471268101251884,0.022471268101251884
0.6778710254152407,0.5960208605720563,0.08185016484318441,0.08185016484318441
0.7,0.587129252846245,0.112870747153755,0.112870747153755
0.7,0.6143791982158818,0.08562080178411813,0.08562080178411813
0.774283389787513,0.6749076797441006,0.09937571004341239,0.09937571004341239
0.5641103408681047,0.6184052561070235,-0.05429491523891872,0.05429491523891872
0.4869183122414556,0.5385156357325754,-0.05159732349111984,0.05159732349111984
0.4950587775158489,0.5874869235916717,-0.09242814607582273,0.09242814607582273
0.5592824320954186,0.5746329681517526,-0.015350536056333963,0.015350536056333963
0.3602760666772656,0.5750935058762644,-0.21481743919899882,0.21481743919899882
0.4953986447362168,0.6110187487529486,-0.11562010401673178,0.11562010401673178
0.7696938879034653,0.6031320432654261,0.16656184463803914,0.16656184463803914
0.3687334249789068,0.536068134048697,-0.1673347090697902,0.1673347090697902
0.3707166752248346,0.5351442886280363,-0.16442761340320172,0.16442761340320172
0.5,0.5422969103873555,-0.0422969103873555,0.0422969103873555
1.6750870924050658,2.022156000137329,-0.3470689077322633,0.3470689077322633
4.746403988018382,2.607228279113769,2.1391757089046126,2.1391757089046126
1.5470171390615697,1.564982533454895,-0.01796539439332534,0.01796539439332534
3.0549264654046246,2.593989849090576,0.4609366163140485,0.4609366163140485
2.5954365128642194,2.4200031757354736,0.17543333712874576,0.17543333712874576
4.580426866194772,2.843949556350708,1.736477309844064,1.736477309844064
2.235407081928281,2.0001702308654785,0.23523685106280245,0.23523685106280245
2.169407944352197,1.9981257915496824,0.17128215280251458,0.17128215280251458
1.9348144714872644,2.1878576278686523,-0.25304315638138797,0.25304315638138797
3.0038294115831783,1.9968804121017456,1.0069489994814327,1.0069489994814327
3.592580248493403,2.2148141860961914,1.3777660623972117,1.3777660623972117
1.4980452432828957,1.9760937690734863,-0.47804852579059065,0.47804852579059065
1.7,1.8610496520996087,-0.16104965209960875,0.16104965209960875
0.826094714383351,0.8149427175521851,0.011151996831165967,0.011151996831165967
1.200511704804833,0.9497784376144408,0.25073326719039224,0.25073326719039224
0.6401206168693183,0.5219932198524475,0.1181273970168708,0.1181273970168708
0.8018694899438292,0.6673934459686279,0.1344760439752013,0.1344760439752013
0.6286830497610721,0.6160569787025452,0.012626071058526978,0.012626071058526978
0.5251432400895707,0.5043089389801025,0.020834301109468156,0.020834301109468156
0.7559563988183644,0.8718602657318115,-0.11590386691344712,0.11590386691344712
0.6778710254152407,0.6532748937606812,0.02459613165455954,0.02459613165455954
0.7,0.4386471807956695,0.26135281920433046,0.26135281920433046
0.7,0.6887521147727966,0.011247885227203325,0.011247885227203325
0.774283389787513,0.629549503326416,0.14473388646109697,0.14473388646109697
0.5641103408681047,0.5938968658447266,-0.02978652497662182,0.02978652497662182
0.4869183122414556,0.449737936258316,0.03718037598313961,0.03718037598313961
0.4950587775158489,0.6015272736549377,-0.10646849613908882,0.10646849613908882
0.5592824320954186,0.3458828032016754,0.2133996288937432,0.2133996288937432
0.3602760666772656,0.4098292887210846,-0.04955322204381901,0.04955322204381901
0.4953986447362168,0.5723205804824829,-0.0769219357462661,0.0769219357462661
0.7696938879034653,0.5598129034042358,0.20988098449922943,0.20988098449922943
0.3687334249789068,0.2801272273063659,0.08860619767254091,0.08860619767254091
0.3707166752248346,0.4008570313453674,-0.030140356120532785,0.030140356120532785
0.5,0.8437146544456482,-0.3437146544456482,0.3437146544456482
1.6750870924050658,1.121011029859525,0.5540760625455408,0.5540760625455408
4.746403988018382,1.121011029859525,3.625392958158857,3.625392958158857
1.5470171390615697,1.121011029859525,0.4260061092020446,0.4260061092020446
3.0549264654046246,1.121011029859525,1.9339154355450996,1.9339154355450996
2.5954365128642194,1.121011029859525,1.4744254830046943,1.4744254830046943
4.580426866194772,1.121011029859525,3.459415836335247,3.459415836335247
2.235407081928281,1.121011029859525,1.114396052068756,1.114396052068756
2.169407944352197,1.121011029859525,1.048396914492672,1.048396914492672
1.9348144714872644,1.121011029859525,0.8138034416277393,0.8138034416277393
3.0038294115831783,1.121011029859525,1.8828183817236532,1.8828183817236532
3.592580248493403,1.121011029859525,2.471569218633878,2.471569218633878
1.4980452432828957,1.121011029859525,0.3770342134233706,0.3770342134233706
1.7,1.121011029859525,0.5789889701404749,0.5789889701404749
0.826094714383351,1.121011029859525,-0.29491631547617403,0.29491631547617403
1.200511704804833,1.121011029859525,0.07950067494530799,0.07950067494530799
0.6401206168693183,1.121011029859525,-0.48089041299020674,0.48089041299020674
0.8018694899438292,1.121011029859525,-0.3191415399156958,0.3191415399156958
0.6286830497610721,1.121011029859525,-0.4923279800984529,0.4923279800984529
0.5251432400895707,1.121011029859525,-0.5958677897699544,0.5958677897699544
0.7559563988183644,1.121011029859525,-0.36505463104116065,0.36505463104116065
0.6778710254152407,1.121011029859525,-0.44314000444428436,0.44314000444428436
0.7,1.121011029859525,-0.4210110298595251,0.4210110298595251
0.7,1.121011029859525,-0.4210110298595251,0.4210110298595251
0.774283389787513,1.121011029859525,-0.34672764007201207,0.34672764007201207
0.5641103408681047,1.121011029859525,-0.5569006889914203,0.5569006889914203
0.4869183122414556,1.121011029859525,-0.6340927176180695,0.6340927176180695
0.4950587775158489,1.121011029859525,-0.6259522523436761,0.6259522523436761
0.5592824320954186,1.121011029859525,-0.5617285977641064,0.5617285977641064
0.3602760666772656,1.121011029859525,-0.7607349631822595,0.7607349631822595
0.4953986447362168,1.121011029859525,-0.6256123851233082,0.6256123851233082
0.7696938879034653,1.121011029859525,-0.3513171419560598,0.3513171419560598
0.3687334249789068,1.121011029859525,-0.7522776048806182,0.7522776048806182
0.3707166752248346,1.121011029859525,-0.7502943546346905,0.7502943546346905
0.5,1.121011029859525,-0.621011029859525,0.621011029859525
1.6750870924050658,1.0043805959179168,0.670706496487149,0.670706496487149
4.746403988018382,1.259036517023307,3.487367470995075,3.487367470995075
1.5470171390615697,0.9485974916722716,0.5984196473892981,0.5984196473892981
3.0549264654046246,1.0497260026417934,2.005200462762831,2.005200462762831
2.5954365128642194,1.0497260026417934,1.545710510222426,1.545710510222426
4.580426866194772,1.0350974444684633,3.5453294217263087,3.5453294217263087
2.235407081928281,0.9472554653141972,1.2881516166140838,1.2881516166140838
2.169407944352197,1.1838416045213305,0.9855663398308665,0.9855663398308665
1.9348144714872644,1.250399145861456,0.6844153256258083,0.6844153256258083
3.0038294115831783,1.2126993817455505,1.7911300298376278,1.7911300298376278
3.592580248493403,1.2126993817455505,2.3798808667478526,2.3798808667478526
1.4980452432828957,1.1200572292807374,0.3779880140021583,0.3779880140021583
1.7,1.0497260026417934,0.6502739973582066,0.6502739973582066
0.826094714383351,1.0497260026417934,-0.22363128825844236,0.22363128825844236
1.200511704804833,1.0497260026417934,0.15078570216303966,0.15078570216303966
0.6401206168693183,0.88398385137811,-0.24386323450879166,0.24386323450879166
0.8018694899438292,0.88398385137811,-0.08211436143428075,0.08211436143428075
0.6286830497610721,1.250399145861456,-0.6217160961003839,0.6217160961003839
0.5251432400895707,1.1200572292807374,-0.5949139891911667,0.5949139891911667
0.7559563988183644,1.1200572292807374,-0.36410083046237296,0.36410083046237296
0.6778710254152407,1.1200572292807374,-0.4421862038654967,0.4421862038654967
0.7,1.0043805959179168,-0.3043805959179169,0.3043805959179169
0.7,1.0497260026417934,-0.34972600264179343,0.34972600264179343
0.774283389787513,1.0043805959179168,-0.23009720613040385,0.23009720613040385
0.5641103408681047,0.9485974916722716,-0.38448715080416684,0.38448715080416684
0.4869183122414556,0.9485974916722716,-0.461679179430816,0.461679179430816
0.4950587775158489,1.5501683743813424,-1.0551095968654933,1.0551095968654933
0.5592824320954186,1.3461285937342655,-0.7868461616388469,0.7868461616388469
0.3602760666772656,0.9472554653141972,-0.5869793986369316,0.5869793986369316
0.4953986447362168,1.1838416045213305,-0.6884429597851136,0.6884429597851136
0.7696938879034653,1.250399145861456,-0.4807052579579908,0.4807052579579908
0.3687334249789068,0.8529011732997944,-0.4841677483208876,0.4841677483208876
0.3707166752248346,0.8529011732997944,-0.48218449807495983,0.48218449807495983
0.5,1.5501683743813424,-1.0501683743813424,1.0501683743813424
1.6268858066002263,2.271167971987321,-0.6442821653870947,0.6442821653870947
2.9826713553861293,2.835569843723013,0.14710151166311647,0.14710151166311647
2.9489717758099068,2.648114456153673,0.30085731965623363,0.30085731965623363
2.686740331121587,2.9212478533523027,-0.2345075222307158,0.2345075222307158
1.3718829183654722,1.6934924824790043,-0.32160956411353214,0.32160956411353214
1.2660956469166913,2.040796711557792,-0.7747010646411008,0.7747010646411008
2.6368413584111803,2.5498945145755973,0.08694684383558293,0.08694684383558293
1.0,1.8887875532706,-0.8887875532706,0.8887875532706
3.0,2.0742195548433733,0.9257804451566267,0.9257804451566267
0.9814360581560068,1.4411642587624571,-0.45972820060645037,0.45972820060645037
0.5175817230094645,0.0992434702372815,0.41833825277218295,0.41833825277218295
0.5731757916040728,0.1783031803322088,0.394872611271864,0.394872611271864
0.6636769574159984,0.8799475662723215,-0.2162706088563231,0.2162706088563231
0.4538514483659435,0.5636247631609432,-0.10977331479499974,0.10977331479499974
0.5494183061851179,0.5770935664536803,-0.027675260268562374,0.027675260268562374
0.7961939204401095,0.8140517232386872,-0.017857802798577738,0.017857802798577738
1.1321807165247717,0.9961830752251049,0.13599764129966685,0.13599764129966685
0.5480873832187684,0.1904944902932195,0.35759289292554886,0.35759289292554886
0.8099944456086376,1.2142568828855198,-0.40426243727688216,0.40426243727688216
0.579730411471064,0.5512984477845471,0.028431963686516903,0.028431963686516903
0.4892093570559104,0.7491007200093078,-0.25989136295339743,0.25989136295339743
0.5561447310735069,1.6137818111527606,-1.0576370800792536,1.0576370800792536
0.4770632662036267,0.0,0.4770632662036267,0.4770632662036267
0.7333233775958355,0.6403243795281248,0.09299899806771073,0.09299899806771073
0.3322482939632105,0.0,0.3322482939632105,0.3322482939632105
0.4062549460293829,0.7879750656403193,-0.3817201196109364,0.3817201196109364
0.7530910039174339,1.4302782227931734,-0.6771872188757395,0.6771872188757395
0.5633174517358029,1.115700319520239,-0.5523828677844361,0.5523828677844361
0.6052217822979895,1.2013783291495292,-0.5961565468515397,0.5961565468515397
0.4,0.1689180290678256,0.23108197093217442,0.23108197093217442
0.8,0.1317481886309357,0.6682518113690643,0.6682518113690643
0.6,0.3848796527281646,0.21512034727183538,0.21512034727183538
0.6,0.5859275006207303,0.014072499379269687,0.014072499379269687
1.6268858066002263,2.130941368596277,-0.5040555619960507,0.5040555619960507
2.9826713553861293,2.7853812796263697,0.19729007575975954,0.19729007575975954
2.9489717758099068,2.6781710929090234,0.2708006829008833,0.2708006829008833
2.686740331121587,2.888441646477071,-0.20170131535548386,0.20170131535548386
1.3718829183654722,1.7872354957797367,-0.41535257741426457,0.41535257741426457
1.2660956469166913,2.020438108618473,-0.7543424617017815,0.7543424617017815
2.6368413584111803,2.643813865586413,-0.006972507175232678,0.006972507175232678
1.0,1.7667205940843504,-0.7667205940843504,0.7667205940843504
3.0,1.9876872416885552,1.0123127583114448,1.0123127583114448
0.9814360581560068,1.283922698367513,-0.3024866402115062,0.3024866402115062
0.5175817230094645,0.0689157728365434,0.4486659501729211,0.4486659501729211
0.5731757916040728,0.3003847232244568,0.27279106837961603,0.27279106837961603
0.6636769574159984,0.9544341379259896,-0.2907571805099912,0.2907571805099912
0.4538514483659435,0.4986452137509787,-0.04479376538503521,0.04479376538503521
0.5494183061851179,0.5829134559303325,-0.033495149745214614,0.033495149745214614
0.7961939204401095,0.8160079111558748,-0.019813990715765284,0.019813990715765284
1.1321807165247717,0.941446405789677,0.19073431073509473,0.19073431073509473
0.5480873832187684,0.3423640787034882,0.2057233045152802,0.2057233045152802
0.8099944456086376,1.000347881749491,-0.19035343614085343,0.19035343614085343
0.579730411471064,0.4081945758292257,0.17153583564183827,0.17153583564183827
0.4892093570559104,0.7867736037259003,-0.29756424666998993,0.29756424666998993
0.5561447310735069,1.5494206324714557,-0.9932759013979487,0.9932759013979487
0.4770632662036267,0.0,0.4770632662036267,0.4770632662036267
0.7333233775958355,0.6093095800811742,0.12401379751466135,0.12401379751466135
0.3322482939632105,0.0,0.3322482939632105,0.3322482939632105
0.4062549460293829,0.7248319832671588,-0.3185770372377759,0.3185770372377759
0.7530910039174339,1.3291965989998904,-0.5761055950824565,0.5761055950824565
0.5633174517358029,1.0626344868593178,-0.4993170351235149,0.4993170351235149
0.6052217822979895,1.165694853710019,-0.5604730714120294,0.5604730714120294
0.4,0.0439738013172987,0.3560261986827013,0.3560261986827013
0.8,0.1532227614529515,0.6467772385470485,0.6467772385470485
0.6,0.3425065707314582,0.2574934292685418,0.2574934292685418
0.6,0.5113532272781106,0.08864677272188937,0.08864677272188937
1.6268858066002263,2.056537938168524,-0.4296521315682975,0.4296521315682975
2.9826713553861293,2.883530336034653,0.09914101935147634,0.09914101935147634
2.9489717758099068,2.696072495428908,0.2528992803809986,0.2528992803809986
2.686740331121587,2.8263192521825924,-0.13957892106100545,0.13957892106100545
1.3718829183654722,1.910624702533636,-0.5387417841681639,0.5387417841681639
1.2660956469166913,2.058820653417479,-0.7927250065007878,0.7927250065007878
2.6368413584111803,2.705118108146893,-0.06827674973571263,0.06827674973571263
1.0,1.7569468950613645,-0.7569468950613645,0.7569468950613645
3.0,1.9879545615091043,1.0120454384908957,1.0120454384908957
0.9814360581560068,1.1971585934152782,-0.21572253525927143,0.21572253525927143
0.5175817230094645,0.0703005310090942,0.4472811920003703,0.4472811920003703
0.5731757916040728,0.3624526308763376,0.21072316072773523,0.21072316072773523
0.6636769574159984,0.9699865872516422,-0.3063096298356438,0.3063096298356438
0.4538514483659435,0.4869354281424085,-0.03308397977646499,0.03308397977646499
0.5494183061851179,0.6217738125992311,-0.07235550641411326,0.07235550641411326
0.7961939204401095,0.7948851621568607,0.0013087582832488343,0.0013087582832488343
1.1321807165247717,1.0228076635010417,0.10937305302373002,0.10937305302373002
0.5480873832187684,0.498821190318888,0.04926619289988038,0.04926619289988038
0.8099944456086376,0.9135654510194208,-0.10357100541078312,0.10357100541078312
0.579730411471064,0.301633896362411,0.27809651510865296,0.27809651510865296
0.4892093570559104,0.7534944579726419,-0.2642851009167315,0.2642851009167315
0.5561447310735069,1.4558303328206432,-0.8996856017471363,0.8996856017471363
0.4770632662036267,0.0,0.4770632662036267,0.4770632662036267
0.7333233775958355,0.5875581609285809,0.14576521666725462,0.14576521666725462
0.3322482939632105,0.0,0.3322482939632105,0.3322482939632105
0.4062549460293829,0.5955258974385479,-0.189270951409165,0.189270951409165
0.7530910039174339,1.2023213879585326,-0.4492303840410987,0.4492303840410987
0.5633174517358029,1.1286262942285403,-0.5653088424927374,0.5653088424927374
0.6052217822979895,1.07141521037648,-0.4661934280784905,0.4661934280784905
0.4,0.0020428532552518,0.39795714674474825,0.39795714674474825
0.8,0.0782330657482086,0.7217669342517914,0.7217669342517914
0.6,0.2280541584206143,0.3719458415793857,0.3719458415793857
0.6,0.3414520556942819,0.2585479443057181,0.2585479443057181
1.6268858066002263,2.059640776834581,-0.4327549702343547,0.4327549702343547
2.9826713553861293,2.838474728588867,0.14419662679726208,0.14419662679726208
2.9489717758099068,2.7034539998181826,0.2455177759917242,0.2455177759917242
2.686740331121587,2.8670991847885725,-0.18035885366698556,0.18035885366698556
1.3718829183654722,1.878137715173803,-0.5062547968083309,0.5062547968083309
1.2660956469166913,2.041808790005395,-0.7757131430887036,0.7757131430887036
2.6368413584111803,2.713167109771116,-0.0763257513599358,0.0763257513599358
1.0,1.6962908577913312,-0.6962908577913312,0.6962908577913312
3.0,1.947101586079849,1.052898413920151,1.052898413920151
0.9814360581560068,1.1816299201841394,-0.2001938620281326,0.2001938620281326
0.5175817230094645,0.0444418851670536,0.47313983784241087,0.47313983784241087
0.5731757916040728,0.3260778242962611,0.24709796730781175,0.24709796730781175
0.6636769574159984,0.9664873692408842,-0.3028104118248858,0.3028104118248858
0.4538514483659435,0.4609960313569342,-0.007144582990990689,0.007144582990990689
0.5494183061851179,0.58694502180902,-0.037526715623902085,0.037526715623902085
0.7961939204401095,0.8021449065848225,-0.005950986144713011,0.005950986144713011
1.1321807165247717,0.9997419669258284,0.1324387495989433,0.1324387495989433
0.5480873832187684,0.4535567673514423,0.09453061586732608,0.09453061586732608
0.8099944456086376,0.8775497403605399,-0.06755529475190225,0.06755529475190225
0.579730411471064,0.3187397930363523,0.26099061843471166,0.26099061843471166
0.4892093570559104,0.7774070916021889,-0.2881977345462785,0.2881977345462785
0.5561447310735069,1.4858416781008053,-0.9296969470272983,0.9296969470272983
0.4770632662036267,0.0,0.4770632662036267,0.4770632662036267
0.7333233775958355,0.594351984322779,0.13897139327305652,0.13897139327305652
0.3322482939632105,0.0,0.3322482939632105,0.3322482939632105
0.4062549460293829,0.636892375422499,-0.2306374293931161,0.2306374293931161
0.7530910039174339,1.24962247900372,-0.49653147508628614,0.49653147508628614
0.5633174517358029,1.0975737447906382,-0.5342562930548352,0.5342562930548352
0.6052217822979895,1.1261982009903433,-0.5209764186923538,0.5209764186923538
0.4,0.0,0.4,0.4
0.8,0.1399543445023059,0.6600456554976941,0.6600456554976941
0.6,0.2864244146444089,0.3135755853555911,0.3135755853555911
0.6,0.408204168204039,0.191795831795961,0.191795831795961
1.6268858066002263,1.8887106306733568,-0.26182482407313046,0.26182482407313046
2.9826713553861293,3.022188154086938,-0.03951679870080893,0.03951679870080893
2.9489717758099068,2.2021878778841755,0.7467838979257313,0.7467838979257313
2.686740331121587,2.637706910391233,0.04903342073035377,0.04903342073035377
1.3718829183654722,1.8935738603478829,-0.5216909419824107,0.5216909419824107
1.2660956469166913,1.889676226346914,-0.6235805794302227,0.6235805794302227
2.6368413584111803,2.2385484594577063,0.398292898953474,0.398292898953474
1.0,1.8284981749199327,-0.8284981749199327,0.8284981749199327
3.0,1.8874440993674788,1.1125559006325212,1.1125559006325212
0.9814360581560068,0.5833931573241111,0.39804290083189564,0.39804290083189564
0.5175817230094645,0.6079807014645693,-0.0903989784551048,0.0903989784551048
0.5731757916040728,0.5353312912711571,0.037844500332915754,0.037844500332915754
0.6636769574159984,0.6193319778164362,0.044344979599562184,0.044344979599562184
0.4538514483659435,0.5800096555890754,-0.12615820722313187,0.12615820722313187
0.5494183061851179,0.5441051099293098,0.005313196255808061,0.005313196255808061
0.7961939204401095,0.6325644169407191,0.16362950349939043,0.16362950349939043
1.1321807165247717,0.9136938241137148,0.2184868924110569,0.2184868924110569
0.5480873832187684,0.5285132053756082,0.01957417784316018,0.01957417784316018
0.8099944456086376,0.6678267761124157,0.14216766949622195,0.14216766949622195
0.579730411471064,0.6012270888400217,-0.021496677368957773,0.021496677368957773
0.4892093570559104,0.6427650112285295,-0.15355565417261907,0.15355565417261907
0.5561447310735069,0.9074980244926272,-0.35135329341912025,0.35135329341912025
0.4770632662036267,0.5716834951818013,-0.09462022897817457,0.09462022897817457
0.7333233775958355,0.608541201876247,0.1247821757195885,0.1247821757195885
0.3322482939632105,0.6082633064293397,-0.2760150124661292,0.2760150124661292
0.4062549460293829,0.7052822128757984,-0.2990272668464155,0.2990272668464155
0.7530910039174339,0.7093761789535197,0.04371482496391421,0.04371482496391421
0.5633174517358029,0.6686700178915761,-0.10535256615577315,0.10535256615577315
0.6052217822979895,0.8576459807349631,-0.2524241984369736,0.2524241984369736
0.4,0.4816984488963704,-0.0816984488963704,0.0816984488963704
0.8,0.5879667185350517,0.21203328146494838,0.21203328146494838
0.6,0.5749791132653429,0.025020886734657077,0.025020886734657077
0.6,0.5220054142955886,0.07799458570441142,0.07799458570441142
1.6268858066002263,1.85840392112732,-0.2315181145270937,0.2315181145270937
2.9826713553861293,3.0203773975372314,-0.03770604215110218,0.03770604215110218
2.9489717758099068,2.396449565887451,0.5525222099224556,0.5525222099224556
2.686740331121587,3.013902425765991,-0.32716209464440427,0.32716209464440427
1.3718829183654722,1.734269618988037,-0.36238670062256495,0.36238670062256495
1.2660956469166913,1.6460658311843872,-0.3799701842676959,0.3799701842676959
2.6368413584111803,2.4128527641296387,0.2239885942815416,0.2239885942815416
1.0,1.7088528871536257,-0.7088528871536257,0.7088528871536257
3.0,1.82206392288208,1.17793607711792,1.17793607711792
0.9814360581560068,1.0133671760559082,-0.03193111789990144,0.03193111789990144
0.5175817230094645,0.5235193967819214,-0.005937673772456908,0.005937673772456908
0.5731757916040728,0.6082893013954163,-0.03511350979134342,0.03511350979134342
0.6636769574159984,0.868628978729248,-0.20495202131324963,0.20495202131324963
0.4538514483659435,0.5582904815673828,-0.10443903320143932,0.10443903320143932
0.5494183061851179,0.6755609512329102,-0.12614264504779227,0.12614264504779227
0.7961939204401095,0.7815068960189819,0.01468702442112757,0.01468702442112757
1.1321807165247717,0.8927533626556396,0.23942735386913205,0.23942735386913205
0.5480873832187684,0.520377516746521,0.02770986647224738,0.02770986647224738
0.8099944456086376,1.1315152645111084,-0.32152081890247075,0.32152081890247075
0.579730411471064,0.4766332805156708,0.10309713095539319,0.10309713095539319
0.4892093570559104,0.5729663968086243,-0.08375703975271387,0.08375703975271387
0.5561447310735069,1.0614935159683228,-0.5053487848948158,0.5053487848948158
0.4770632662036267,0.3861905634403229,0.09087270276330384,0.09087270276330384
0.7333233775958355,0.7741296887397766,-0.040806311143941065,0.040806311143941065
0.3322482939632105,0.3765408098697662,-0.044292515906555696,0.044292515906555696
0.4062549460293829,0.4753133654594421,-0.06905841943005919,0.06905841943005919
0.7530910039174339,0.5830299854278564,0.17006101848957744,0.17006101848957744
0.5633174517358029,0.578612744808197,-0.015295293072394078,0.015295293072394078
0.6052217822979895,0.8069144487380981,-0.20169266644010864,0.20169266644010864
0.4,0.3466376960277557,0.05336230397224434,0.05336230397224434
0.8,0.4390612244606018,0.36093877553939824,0.36093877553939824
0.6,0.4504288136959076,0.14957118630409239,0.14957118630409239
0.6,0.5099359750747681,0.09006402492523191,0.09006402492523191
1.6268858066002263,1.210352843761369,0.4165329628388572,0.4165329628388572
2.9826713553861293,1.210352843761369,1.7723185116247602,1.7723185116247602
2.9489717758099068,1.210352843761369,1.7386189320485377,1.7386189320485377
2.686740331121587,1.210352843761369,1.4763874873602179,1.4763874873602179
1.3718829183654722,1.210352843761369,0.16153007460410307,0.16153007460410307
1.2660956469166913,1.210352843761369,0.05574280315532221,0.05574280315532221
2.6368413584111803,1.210352843761369,1.4264885146498112,1.4264885146498112
1.0,1.210352843761369,-0.2103528437613691,0.2103528437613691
3.0,1.210352843761369,1.789647156238631,1.789647156238631
0.9814360581560068,1.210352843761369,-0.22891678560536233,0.22891678560536233
0.5175817230094645,1.210352843761369,-0.6927711207519046,0.6927711207519046
0.5731757916040728,1.210352843761369,-0.6371770521572963,0.6371770521572963
0.6636769574159984,1.210352843761369,-0.5466758863453707,0.5466758863453707
0.4538514483659435,1.210352843761369,-0.7565013953954256,0.7565013953954256
0.5494183061851179,1.210352843761369,-0.6609345375762512,0.6609345375762512
0.7961939204401095,1.210352843761369,-0.4141589233212596,0.4141589233212596
1.1321807165247717,1.210352843761369,-0.07817212723659739,0.07817212723659739
0.5480873832187684,1.210352843761369,-0.6622654605426007,0.6622654605426007
0.8099944456086376,1.210352843761369,-0.40035839815273144,0.40035839815273144
0.579730411471064,1.210352843761369,-0.6306224322903051,0.6306224322903051
0.4892093570559104,1.210352843761369,-0.7211434867054587,0.7211434867054587
0.5561447310735069,1.210352843761369,-0.6542081126878622,0.6542081126878622
0.4770632662036267,1.210352843761369,-0.7332895775577424,0.7332895775577424
0.7333233775958355,1.210352843761369,-0.47702946616553354,0.47702946616553354
0.3322482939632105,1.210352843761369,-0.8781045497981586,0.8781045497981586
0.4062549460293829,1.210352843761369,-0.8040978977319861,0.8040978977319861
0.7530910039174339,1.210352843761369,-0.4572618398439352,0.4572618398439352
0.5633174517358029,1.210352843761369,-0.6470353920255661,0.6470353920255661
0.6052217822979895,1.210352843761369,-0.6051310614633796,0.6051310614633796
0.4,1.210352843761369,-0.8103528437613691,0.8103528437613691
0.8,1.210352843761369,-0.41035284376136905,0.41035284376136905
0.6,1.210352843761369,-0.6103528437613691,0.6103528437613691
0.6,1.210352843761369,-0.6103528437613691,0.6103528437613691
1.6268858066002263,0.998217962738254,0.6286678438619723,0.6286678438619723
2.9826713553861293,1.2420509948225935,1.7406203605635358,1.7406203605635358
2.9489717758099068,0.9017773634873943,2.0471944123225123,2.0471944123225123
2.686740331121587,1.2268833250552542,1.4598570060663327,1.4598570060663327
1.3718829183654722,0.7348491531617445,0.6370337652037277,0.6370337652037277
1.2660956469166913,0.8514536736524099,0.4146419732642814,0.4146419732642814
2.6368413584111803,0.8514536736524099,1.7853876847587704,1.7853876847587704
1.0,1.1668003480577729,-0.16680034805777288,0.16680034805777288
3.0,1.3422193955550934,1.6577806044449066,1.6577806044449066
0.9814360581560068,1.84100172544326,-0.8595656672872533,0.8595656672872533
0.5175817230094645,1.1668003480577729,-0.6492186250483084,0.6492186250483084
0.5731757916040728,1.1668003480577729,-0.5936245564537,0.5936245564537
0.6636769574159984,1.3422193955550934,-0.678542438139095,0.678542438139095
0.4538514483659435,0.9017773634873943,-0.44792591512145086,0.44792591512145086
0.5494183061851179,0.9017773634873943,-0.35235905730227646,0.35235905730227646
0.7961939204401095,1.2268833250552542,-0.4306894046151447,0.4306894046151447
1.1321807165247717,1.2231457277618305,-0.0909650112370588,0.0909650112370588
0.5480873832187684,0.7348491531617445,-0.1867617699429761,0.1867617699429761
0.8099944456086376,1.7313409031923446,-0.9213464575837069,0.9213464575837069
0.579730411471064,0.998217962738254,-0.41848755126719006,0.41848755126719006
0.4892093570559104,1.84100172544326,-1.3517923683873496,1.3517923683873496
0.5561447310735069,1.84100172544326,-1.2848569943697532,1.2848569943697532
0.4770632662036267,1.1668003480577729,-0.6897370818541462,0.6897370818541462
0.7333233775958355,1.4842002035711954,-0.7508768259753599,0.7508768259753599
0.3322482939632105,0.9543325380601656,-0.6220842440969552,0.6220842440969552
0.4062549460293829,0.9543325380601656,-0.5480775920307828,0.5480775920307828
0.7530910039174339,1.3422193955550934,-0.5891283916376595,0.5891283916376595
0.5633174517358029,1.2420509948225935,-0.6787335430867906,0.6787335430867906
0.6052217822979895,1.2268833250552542,-0.6216615427572647,0.6216615427572647
0.4,1.1668003480577729,-0.7668003480577729,0.7668003480577729
0.8,1.4842002035711954,-0.6842002035711954,0.6842002035711954
0.6,1.2268833250552542,-0.6268833250552542,0.6268833250552542
0.6,1.7313409031923446,-1.1313409031923447,1.1313409031923447
2.291177593433027,2.100442384136436,0.19073520929659082,0.19073520929659082
3.474743554785576,2.533624517206466,0.9411190375791096,0.9411190375791096
2.594196684748674,2.5691904864563853,0.025006198292288673,0.025006198292288673
1.8697114647833253,1.9214334042929853,-0.051721939509659975,0.051721939509659975
1.723713168491681,2.470075395071873,-0.7463622265801919,0.7463622265801919
2.6510166735556018,2.5345341855627894,0.11648248799281236,0.11648248799281236
1.540156423059482,2.799610451856534,-1.259454028797052,1.259454028797052
1.4308611121074777,1.9701835089615445,-0.5393223968540668,0.5393223968540668
2.3,2.2437533950823982,0.056246604917601584,0.056246604917601584
1.3,2.0129461009941307,-0.7129461009941307,0.7129461009941307
1.1,2.2195954141978924,-1.1195954141978923,1.1195954141978923
1.2,1.709292676871654,-0.5092926768716541,0.5092926768716541
0.7107039593083359,0.5459354987617319,0.164768460546604,0.164768460546604
0.6904468967705395,0.2401379651567237,0.4503089316138158,0.4503089316138158
0.653829971282899,1.718286163405622,-1.064456192122723,1.064456192122723
1.2309422257456628,1.811371213585956,-0.5804289878402933,0.5804289878402933
0.997989808692561,1.2333184894667983,-0.2353286807742373,0.2353286807742373
0.9823435270848496,1.4281733739436049,-0.44582984685875526,0.44582984685875526
0.7279249098775472,1.2451035664818304,-0.5171786566042832,0.5171786566042832
0.5714159022282193,0.904034341711014,-0.3326184394827948,0.3326184394827948
0.7,0.3616163529091449,0.33838364709085506,0.33838364709085506
0.6391522952809118,0.3699712493807743,0.26918104590013747,0.26918104590013747
0.3649043656974847,0.0,0.3649043656974847,0.3649043656974847
0.5950828682883496,0.7274651743766949,-0.13238230608834534,0.13238230608834534
0.4243713490577802,0.3736337881706708,0.0507375608871094,0.0507375608871094
0.4198664546099319,0.2804489904579839,0.139417464151948,0.139417464151948
1.0649682679639256,0.977372210402174,0.0875960575617516,0.0875960575617516
0.4313168954422955,0.9925414406704396,-0.5612245452281441,0.5612245452281441
0.4055485017270916,0.0175070151660179,0.38804148656107373,0.38804148656107373
0.6,0.2309961849438642,0.3690038150561358,0.3690038150561358
0.5,0.4366843838963037,0.06331561610369629,0.06331561610369629
0.4,0.0,0.4,0.4
0.5,0.6647694876405827,-0.16476948764058275,0.16476948764058275
2.291177593433027,2.1388925944185995,0.1522849990144275,0.1522849990144275
3.474743554785576,2.463098119866605,1.0116454349189707,1.0116454349189707
2.594196684748674,2.5902737444358674,0.003922940312806489,0.003922940312806489
1.8697114647833253,2.00490233841135,-0.13519087362802473,0.13519087362802473
1.723713168491681,2.451614021033675,-0.7279008525419939,0.7279008525419939
2.6510166735556018,2.5688375352425856,0.08217913831301615,0.08217913831301615
1.540156423059482,2.7907700219812392,-1.2506135989217573,1.2506135989217573
1.4308611121074777,2.052285350326153,-0.6214242382186752,0.6214242382186752
2.3,2.266839573419057,0.03316042658094265,0.03316042658094265
1.3,2.0390585728273045,-0.7390585728273045,0.7390585728273045
1.1,2.193581706116729,-1.093581706116729,1.093581706116729
1.2,1.726762328140512,-0.526762328140512,0.526762328140512
0.7107039593083359,0.5870015714165798,0.12370238789175603,0.12370238789175603
0.6904468967705395,0.2974989145553885,0.392947982215151,0.392947982215151
0.653829971282899,1.6571185405850892,-1.0032885693021902,1.0032885693021902
1.2309422257456628,1.823827604360638,-0.5928853786149753,0.5928853786149753
0.997989808692561,1.2491848637837446,-0.25119505509118356,0.25119505509118356
0.9823435270848496,1.4094637525377591,-0.4271202254529095,0.4271202254529095
0.7279249098775472,1.2388789989792195,-0.5109540891016723,0.5109540891016723
0.5714159022282193,0.934745262803144,-0.3633293605749247,0.3633293605749247
0.7,0.3427079489406693,0.35729205105933065,0.35729205105933065
0.6391522952809118,0.3589855921074598,0.280166703173452,0.280166703173452
0.3649043656974847,0.0478201495534755,0.31708421614400917,0.31708421614400917
0.5950828682883496,0.7672677472386529,-0.17218487895030332,0.17218487895030332
0.4243713490577802,0.3864118826177644,0.0379594664400158,0.0379594664400158
0.4198664546099319,0.3219070736570552,0.0979593809528767,0.0979593809528767
1.0649682679639256,0.9285650089171787,0.13640325904674688,0.13640325904674688
0.4313168954422955,0.9892002339773066,-0.557883338535011,0.557883338535011
0.4055485017270916,0.0,0.4055485017270916,0.4055485017270916
0.6,0.1920811172513995,0.40791888274860044,0.40791888274860044
0.5,0.4652697854151247,0.034730214584875296,0.034730214584875296
0.4,0.0,0.4,0.4
0.5,0.6797332615834658,-0.1797332615834658,0.1797332615834658
2.291177593433027,2.15363971604232,0.13753787739070678,0.13753787739070678
3.474743554785576,2.409503902576718,1.0652396522088576,1.0652396522088576
2.594196684748674,2.5889071948977955,0.005289489850878404,0.005289489850878404
1.8697114647833253,2.079913373863153,-0.2102019090798275,0.2102019090798275
1.723713168491681,2.385814147659344,-0.6621009791676631,0.6621009791676631
2.6510166735556018,2.590625528323615,0.060391145231986965,0.060391145231986965
1.540156423059482,2.8108212173396825,-1.2706647942802005,1.2706647942802005
1.4308611121074777,2.157348106054892,-0.7264869939474141,0.7264869939474141
2.3,2.2061595512213006,0.09384044877869924,0.09384044877869924
1.3,2.137812255329058,-0.8378122553290581,0.8378122553290581
1.1,2.144338962131348,-1.0443389621313477,1.0443389621313477
1.2,1.80717959799904,-0.60717959799904,0.60717959799904
0.7107039593083359,0.5893414177461485,0.1213625415621874,0.1213625415621874
0.6904468967705395,0.2983677544284083,0.3920791423421312,0.3920791423421312
0.653829971282899,1.5753059444123554,-0.9214759731294564,0.9214759731294564
1.2309422257456628,1.8765395128827007,-0.6455972871370379,0.6455972871370379
0.997989808692561,1.2514897906439222,-0.25349998195136114,0.25349998195136114
0.9823435270848496,1.374701468357408,-0.3923579412725583,0.3923579412725583
0.7279249098775472,1.2465229190435112,-0.518598009165964,0.518598009165964
0.5714159022282193,0.9958610789152328,-0.42444517668701354,0.42444517668701354
0.7,0.2263357155126716,0.47366428448732834,0.47366428448732834
0.6391522952809118,0.3432742882640576,0.2958780070168542,0.2958780070168542
0.3649043656974847,0.0492730681475137,0.315631297549971,0.315631297549971
0.5950828682883496,0.777232543746549,-0.1821496754581995,0.1821496754581995
0.4243713490577802,0.4165049273454033,0.007866421712376892,0.007866421712376892
0.4198664546099319,0.3342636178766678,0.08560283673326408,0.08560283673326408
1.0649682679639256,0.9527385165561956,0.11222975140773006,0.11222975140773006
0.4313168954422955,0.9974282327626168,-0.5661113373203213,0.5661113373203213
0.4055485017270916,0.0,0.4055485017270916,0.4055485017270916
0.6,0.1498742465997722,0.45012575340022776,0.45012575340022776
0.5,0.3927665666442349,0.10723343335576507,0.10723343335576507
0.4,0.0208821529885991,0.37911784701140094,0.37911784701140094
0.5,0.620075515963767,-0.12007551596376698,0.12007551596376698
2.291177593433027,2.173735855111528,0.11744173832149896,0.11744173832149896
3.474743554785576,2.4054243174113266,1.0693192373742493,1.0693192373742493
2.594196684748674,2.598527908286176,-0.004331223537501927,0.004331223537501927
1.8697114647833253,2.0579041714442274,-0.18819270666090215,0.18819270666090215
1.723713168491681,2.415561747026288,-0.6918485785346067,0.6918485785346067
2.6510166735556018,2.5856058405138667,0.06541083304173512,0.06541083304173512
1.540156423059482,2.8006322518965536,-1.2604758288370717,1.2604758288370717
1.4308611121074777,2.1411388480963742,-0.7102777359888965,0.7102777359888965
2.3,2.261455766697806,0.03854423330219392,0.03854423330219392
1.3,2.0820117573608967,-0.7820117573608967,0.7820117573608967
1.1,2.1920772466476697,-1.0920772466476696,1.0920772466476696
1.2,1.7719835735007834,-0.5719835735007834,0.5719835735007834
0.7107039593083359,0.6056262151533577,0.10507774415497817,0.10507774415497817
0.6904468967705395,0.2960727102583094,0.3943741865122301,0.3943741865122301
0.653829971282899,1.5857685310284584,-0.9319385597455594,0.9319385597455594
1.2309422257456628,1.8422908642302585,-0.6113486384845956,0.6113486384845956
0.997989808692561,1.2482385069788149,-0.25024869828625385,0.25024869828625385
0.9823435270848496,1.3768879813033483,-0.3945444542184987,0.3945444542184987
0.7279249098775472,1.2325226119383834,-0.5045977020608362,0.5045977020608362
0.5714159022282193,0.9615421406024484,-0.3901262383742291,0.3901262383742291
0.7,0.2809596448546125,0.41904035514538746,0.41904035514538746
0.6391522952809118,0.3356138028432779,0.30353849243763387,0.30353849243763387
0.3649043656974847,0.0445565552475888,0.3203478104498959,0.3203478104498959
0.5950828682883496,0.7659800455449756,-0.170897177256626,0.170897177256626
0.4243713490577802,0.3890497522129909,0.035321596844789305,0.035321596844789305
0.4198664546099319,0.3507212051015621,0.06914524950836981,0.06914524950836981
1.0649682679639256,0.9343086511458738,0.13065961681805183,0.13065961681805183
0.4313168954422955,0.9810064569276628,-0.5496895614853672,0.5496895614853672
0.4055485017270916,0.0,0.4055485017270916,0.4055485017270916
0.6,0.1367593675137004,0.46324063248629954,0.46324063248629954
0.5,0.4418299717289149,0.058170028271085084,0.058170028271085084
0.4,0.0002477083882348,0.39975229161176523,0.39975229161176523
0.5,0.6355165763070291,-0.13551657630702907,0.13551657630702907
2.291177593433027,2.2357075617365765,0.055470031696450484,0.055470031696450484
3.474743554785576,2.008756688807632,1.465986865977944,1.465986865977944
2.594196684748674,3.020534361629365,-0.42633767688069124,0.42633767688069124
1.8697114647833253,2.0067435853319733,-0.137032120548648,0.137032120548648
1.723713168491681,3.047059217233356,-1.323346048741675,1.323346048741675
2.6510166735556018,2.710911885543508,-0.05989521198790637,0.05989521198790637
1.540156423059482,2.6396353610793937,-1.0994789380199117,1.0994789380199117
1.4308611121074777,1.935593729101783,-0.5047326169943054,0.5047326169943054
2.3,1.9142666438699805,0.38573335613001936,0.38573335613001936
1.3,2.3190771178209584,-1.0190771178209583,1.0190771178209583
1.1,1.868673221129224,-0.768673221129224,0.768673221129224
1.2,1.7534238137613585,-0.5534238137613585,0.5534238137613585
0.7107039593083359,0.7125934741749266,-0.0018895148665907247,0.0018895148665907247
0.6904468967705395,0.5894882310531494,0.1009586657173901,0.1009586657173901
0.653829971282899,0.7668879192515422,-0.11305794796864321,0.11305794796864321
1.2309422257456628,0.8882763600104043,0.3426658657352585,0.3426658657352585
0.997989808692561,0.7725926066940381,0.22539720199852298,0.22539720199852298
0.9823435270848496,0.8435347600098707,0.1388087670749789,0.1388087670749789
0.7279249098775472,0.7420461207431334,-0.014121210865586153,0.014121210865586153
0.5714159022282193,0.7488048887006226,-0.1773889864724033,0.1773889864724033
0.7,0.6168419210148354,0.08315807898516459,0.08315807898516459
0.6391522952809118,0.5947724853947427,0.044379809886169075,0.044379809886169075
0.3649043656974847,0.5571971301369003,-0.19229276443941562,0.19229276443941562
0.5950828682883496,0.5849959403457171,0.01008692794263244,0.01008692794263244
0.4243713490577802,0.5726598308104576,-0.1482884817526774,0.1482884817526774
0.4198664546099319,0.6093907403818399,-0.18952428577190805,0.18952428577190805
1.0649682679639256,0.6545183984916316,0.410449869472294,0.410449869472294
0.4313168954422955,0.6126664849008463,-0.1813495894585508,0.1813495894585508
0.4055485017270916,0.5732402051899848,-0.16769170346289314,0.16769170346289314
0.6,0.5957253981533848,0.004274601846615211,0.004274601846615211
0.5,0.5523465224544677,-0.05234652245446769,0.05234652245446769
0.4,0.4920891051351755,-0.09208910513517549,0.09208910513517549
0.5,0.6052183846999525,-0.10521838469995248,0.10521838469995248
2.291177593433027,2.3392210006713867,-0.04804340723835976,0.04804340723835976
3.474743554785576,2.1432363986968994,1.3315071560886764,1.3315071560886764
2.594196684748674,2.721003770828247,-0.12680708607957314,0.12680708607957314
1.8697114647833253,2.183735609054565,-0.3140241442712397,0.3140241442712397
1.723713168491681,2.691143274307251,-0.9674301058155699,0.9674301058155699
2.6510166735556018,2.797990083694458,-0.14697341013885623,0.14697341013885623
1.540156423059482,2.7199504375457764,-1.1797940144862944,1.1797940144862944
1.4308611121074777,1.949320912361145,-0.5184598002536673,0.5184598002536673
2.3,2.14743971824646,0.15256028175353986,0.15256028175353986
1.3,2.355173110961914,-1.055173110961914,1.055173110961914
1.1,1.9948137998580933,-0.8948137998580932,0.8948137998580932
1.2,1.5506529808044434,-0.3506529808044434,0.3506529808044434
0.7107039593083359,0.6911340355873108,0.019569923721025062,0.019569923721025062
0.6904468967705395,0.5636973977088928,0.12674949906164668,0.12674949906164668
0.653829971282899,0.9585071206092834,-0.30467714932638446,0.30467714932638446
1.2309422257456628,1.263014793395996,-0.032072567650333283,0.032072567650333283
0.997989808692561,0.8508524894714355,0.1471373192211255,0.1471373192211255
0.9823435270848496,0.9052161574363708,0.07712736964847877,0.07712736964847877
0.7279249098775472,0.8651491403579712,-0.13722423048042398,0.13722423048042398
0.5714159022282193,1.0060306787490845,-0.4346147765208652,0.4346147765208652
0.7,0.6375621557235718,0.06243784427642818,0.06243784427642818
0.6391522952809118,0.5161991715431213,0.12295312373779044,0.12295312373779044
0.3649043656974847,0.4508236944675445,-0.08591932877005981,0.08591932877005981
0.5950828682883496,0.5385041236877441,0.05657874460060541,0.05657874460060541
0.4243713490577802,0.5738930702209473,-0.1495217211631671,0.1495217211631671
0.4198664546099319,0.5888490080833435,-0.16898255347341162,0.16898255347341162
1.0649682679639256,0.547289252281189,0.5176790156827367,0.5176790156827367
0.4313168954422955,0.6265485286712646,-0.19523163322896914,0.19523163322896914
0.4055485017270916,0.3815800845623016,0.023968417164790035,0.023968417164790035
0.6,0.0511075221002101,0.5488924778997899,0.5488924778997899
0.5,0.4758111834526062,0.0241888165473938,0.0241888165473938
0.4,0.0,0.4,0.4
0.5,0.5543431043624878,-0.05434310436248779,0.05434310436248779
2.291177593433027,1.1906133339886869,1.10056425944434,1.10056425944434
3.474743554785576,1.1906133339886869,2.284130220796889,2.284130220796889
2.594196684748674,1.1906133339886869,1.403583350759987,1.403583350759987
1.8697114647833253,1.1906133339886869,0.6790981307946384,0.6790981307946384
1.723713168491681,1.1906133339886869,0.5330998345029943,0.5330998345029943
2.6510166735556018,1.1906133339886869,1.460403339566915,1.460403339566915
1.540156423059482,1.1906133339886869,0.3495430890707951,0.3495430890707951
1.4308611121074777,1.1906133339886869,0.24024777811879083,0.24024777811879083
2.3,1.1906133339886869,1.109386666011313,1.109386666011313
1.3,1.1906133339886869,0.1093866660113132,0.1093866660113132
1.1,1.1906133339886869,-0.09061333398868676,0.09061333398868676
1.2,1.1906133339886869,0.009386666011313105,0.009386666011313105
0.7107039593083359,1.1906133339886869,-0.479909374680351,0.479909374680351
0.6904468967705395,1.1906133339886869,-0.5001664372181474,0.5001664372181474
0.653829971282899,1.1906133339886869,-0.5367833627057879,0.5367833627057879
1.2309422257456628,1.1906133339886869,0.04032889175697596,0.04032889175697596
0.997989808692561,1.1906133339886869,-0.1926235252961258,0.1926235252961258
0.9823435270848496,1.1906133339886869,-0.20826980690383723,0.20826980690383723
0.7279249098775472,1.1906133339886869,-0.46268842411113964,0.46268842411113964
0.5714159022282193,1.1906133339886869,-0.6191974317604676,0.6191974317604676
0.7,1.1906133339886869,-0.4906133339886869,0.4906133339886869
0.6391522952809118,1.1906133339886869,-0.5514610387077751,0.5514610387077751
0.3649043656974847,1.1906133339886869,-0.8257089682912022,0.8257089682912022
0.5950828682883496,1.1906133339886869,-0.5955304657003373,0.5955304657003373
0.4243713490577802,1.1906133339886869,-0.7662419849309067,0.7662419849309067
0.4198664546099319,1.1906133339886869,-0.770746879378755,0.770746879378755
1.0649682679639256,1.1906133339886869,-0.12564506602476122,0.12564506602476122
0.4313168954422955,1.1906133339886869,-0.7592964385463914,0.7592964385463914
0.4055485017270916,1.1906133339886869,-0.7850648322615952,0.7850648322615952
0.6,1.1906133339886869,-0.5906133339886869,0.5906133339886869
0.5,1.1906133339886869,-0.6906133339886869,0.6906133339886869
0.4,1.1906133339886869,-0.7906133339886868,0.7906133339886868
0.5,1.1906133339886869,-0.6906133339886869,0.6906133339886869
2.291177593433027,1.3313115096782602,0.9598660837547668,0.9598660837547668
3.474743554785576,1.3313115096782602,2.143432045107316,2.143432045107316
2.594196684748674,0.6671515067689574,1.9270451779797164,1.9270451779797164
1.8697114647833253,0.6671515067689574,1.2025599580143678,1.2025599580143678
1.723713168491681,0.7753455237043178,0.9483676447873634,0.9483676447873634
2.6510166735556018,1.3996458898002693,1.2513707837553325,1.2513707837553325
1.540156423059482,0.562600356102126,0.977556066957356,0.977556066957356
1.4308611121074777,0.562600356102126,0.8682607560053517,0.8682607560053517
2.3,1.3313115096782602,0.9686884903217396,0.9686884903217396
1.3,0.7753455237043178,0.5246544762956823,0.5246544762956823
1.1,1.3635556529602204,-0.2635556529602203,0.2635556529602203
1.2,0.562600356102126,0.637399643897874,0.637399643897874
0.7107039593083359,1.3313115096782602,-0.6206075503699243,0.6206075503699243
0.6904468967705395,0.7753455237043178,-0.08489862693377825,0.08489862693377825
0.653829971282899,1.3996458898002693,-0.7458159185173703,0.7458159185173703
1.2309422257456628,1.3635556529602204,-0.1326134272145576,0.1326134272145576
0.997989808692561,1.0645876643997176,-0.0665978557071566,0.0665978557071566
0.9823435270848496,1.3101012652606938,-0.3277577381758442,0.3277577381758442
0.7279249098775472,0.562600356102126,0.1653245537754212,0.1653245537754212
0.5714159022282193,1.6501806886639876,-1.0787647864357683,1.0787647864357683
0.7,1.1311925240124878,-0.43119252401248787,0.43119252401248787
0.6391522952809118,1.0949643550172918,-0.45581205973638006,0.45581205973638006
0.3649043656974847,0.7753455237043178,-0.41044115800683306,0.41044115800683306
0.5950828682883496,1.3996458898002693,-0.8045630215119197,0.8045630215119197
0.4243713490577802,1.0645876643997176,-0.6402163153419375,0.6402163153419375
0.4198664546099319,1.3101012652606938,-0.8902348106507619,0.8902348106507619
1.0649682679639256,1.302181545394098,-0.2372132774301723,0.2372132774301723
0.4313168954422955,0.562600356102126,-0.1312834606598305,0.1312834606598305
0.4055485017270916,1.1311925240124878,-0.7256440222853962,0.7256440222853962
0.6,1.0949643550172918,-0.49496435501729186,0.49496435501729186
0.5,1.3313115096782602,-0.8313115096782602,0.8313115096782602
0.4,1.3620568369438073,-0.9620568369438073,0.9620568369438073
0.5,1.302181545394098,-0.8021815453940979,0.8021815453940979
1.9919193221111424,2.91340040656532,-0.9214810844541774,0.9214810844541774
1.60003238244435,1.8878532945715127,-0.28782091212716265,0.28782091212716265
1.4355644271735015,2.572163204303972,-1.1365987771304706,1.1365987771304706
1.6788303054282812,2.126430305580093,-0.44760000015181167,0.44760000015181167
4.280134298861751,2.618412206603657,1.6617220922580938,1.6617220922580938
1.0,2.218854938167089,-1.2188549381670888,1.2188549381670888
1.3,1.6652960508210823,-0.3652960508210823,0.3652960508210823
2.5,2.718407722550736,-0.21840772255073615,0.21840772255073615
2.1,2.4128804038935394,-0.3128804038935393,0.3128804038935393
0.879146894389113,1.3477335129401475,-0.46858661855103456,0.46858661855103456
0.8655043603230825,0.7400271453530618,0.12547721497002073,0.12547721497002073
0.7056484947012804,0.7895854104246199,-0.0839369157233395,0.0839369157233395
0.6700120852270204,0.7201818765688829,-0.0501697913418625,0.0501697913418625
0.5422885207412549,0.7578844731112597,-0.21559595237000484,0.21559595237000484
0.8632751628341233,0.8068935247150848,0.05638163811903851,0.05638163811903851
0.4787820909269001,0.2676949873983915,0.21108710352850862,0.21108710352850862
1.1835686146592244,1.0527453129784852,0.1308233016807392,0.1308233016807392
0.4,0.2038793465761381,0.19612065342386192,0.19612065342386192
0.5,0.5522365061392187,-0.05223650613921871,0.05223650613921871
0.4,0.6531880445419169,-0.2531880445419169,0.2531880445419169
0.6,0.6261505648699481,-0.026150564869948156,0.026150564869948156
0.6,1.1527408289255638,-0.5527408289255639,0.5527408289255639
0.5048175502104532,1.144368232292534,-0.6395506820820808,0.6395506820820808
0.7713261452057005,0.9155589728693484,-0.14423282766364787,0.14423282766364787
0.5747979489963491,0.5514623410213687,0.023335607974980355,0.023335607974980355
0.1047330767226874,1.525030889708251,-1.4202978129855635,1.4202978129855635
0.5842063659602571,0.7610484357716087,-0.17684206981135164,0.17684206981135164
0.6957406402698985,0.8266849086571102,-0.13094426838721174,0.13094426838721174
0.5562316869210366,0.1878831072227109,0.36834857969832574,0.36834857969832574
0.5,0.1221351482931603,0.3778648517068397,0.3778648517068397
0.3,0.0,0.3,0.3
0.4,0.0,0.4,0.4
0.6,0.1199556283462186,0.4800443716537814,0.4800443716537814
1.9919193221111424,2.90366857056575,-0.9117492484546075,0.9117492484546075
1.60003238244435,1.9241901213087136,-0.3241577388643635,0.3241577388643635
1.4355644271735015,2.596047003231357,-1.1604825760578554,1.1604825760578554
1.6788303054282812,2.2565362211139144,-0.5777059156856332,0.5777059156856332
4.280134298861751,2.678233248677654,1.6019010501840967,1.6019010501840967
1.0,2.2548331672424826,-1.2548331672424826,1.2548331672424826
1.3,1.7582574865422609,-0.45825748654226084,0.45825748654226084
2.5,2.7104827325792527,-0.21048273257925265,0.21048273257925265
2.1,2.363398696415282,-0.2633986964152819,0.2633986964152819
0.879146894389113,1.335441471545149,-0.45629457715603605,0.45629457715603605
0.8655043603230825,0.7127135091621897,0.15279085116089286,0.15279085116089286
0.7056484947012804,0.8202425469354103,-0.11459405223412988,0.11459405223412988
0.6700120852270204,0.6716508975188372,-0.001638812291816838,0.001638812291816838
0.5422885207412549,0.7077036397601136,-0.16541511901885875,0.16541511901885875
0.8632751628341233,0.7650589118123645,0.0982162510217588,0.0982162510217588
0.4787820909269001,0.3331051101425443,0.14567698078435581,0.14567698078435581
1.1835686146592244,1.110006149657053,0.07356246500217134,0.07356246500217134
0.4,0.1536910711664401,0.24630892883355993,0.24630892883355993
0.5,0.4859268958115523,0.014073104188447705,0.014073104188447705
0.4,0.6866060682218811,-0.28660606822188106,0.28660606822188106
0.6,0.6134395257780472,-0.01343952577804719,0.01343952577804719
0.6,1.1422556335586511,-0.5422556335586511,0.5422556335586511
0.5048175502104532,1.0447789259209177,-0.5399613757104645,0.5399613757104645
0.7713261452057005,0.978820657293917,-0.20749451208821645,0.20749451208821645
0.5747979489963491,0.5043457082145378,0.07045224078181123,0.07045224078181123
0.1047330767226874,1.4785166228971456,-1.373783546174458,1.373783546174458
0.5842063659602571,0.6502523990624748,-0.06604603310221768,0.06604603310221768
0.6957406402698985,0.8564554753099187,-0.16071483504002027,0.16071483504002027
0.5562316869210366,0.1838229927977819,0.3724086941232547,0.3724086941232547
0.5,0.1444182701208949,0.3555817298791051,0.3555817298791051
0.3,0.0,0.3,0.3
0.4,0.0,0.4,0.4
0.6,0.1124844818722528,0.4875155181277472,0.4875155181277472
1.9919193221111424,2.8269037179790164,-0.834984395867874,0.834984395867874
1.60003238244435,1.8984064686266933,-0.2983740861823432,0.2983740861823432
1.4355644271735015,2.652584762967978,-1.2170203357944767,1.2170203357944767
1.6788303054282812,2.4136812016475284,-0.7348508962192473,0.7348508962192473
4.280134298861751,2.7307794951709368,1.549354803690814,1.549354803690814
1.0,2.3710488633626703,-1.3710488633626703,1.3710488633626703
1.3,1.8574696413856773,-0.5574696413856772,0.5574696413856772
2.5,2.49273788467993,0.007262115320069817,0.007262115320069817
2.1,2.1129673977699515,-0.012967397769951372,0.012967397769951372
0.879146894389113,1.2557447479551576,-0.3765978535660446,0.3765978535660446
0.8655043603230825,0.7130265325859982,0.1524778277370843,0.1524778277370843
0.7056484947012804,0.8012133070749414,-0.09556481237366099,0.09556481237366099
0.6700120852270204,0.6170399629674145,0.0529721222596059,0.0529721222596059
0.5422885207412549,0.7240849991674138,-0.18179647842615887,0.18179647842615887
0.8632751628341233,0.9002669132376981,-0.03699175040357483,0.03699175040357483
0.4787820909269001,0.4322319648424052,0.04655012608449488,0.04655012608449488
1.1835686146592244,1.159620525147078,0.023948089512146442,0.023948089512146442
0.4,0.1787777651192654,0.22122223488073461,0.22122223488073461
0.5,0.5373850111382368,-0.03738501113823678,0.03738501113823678
0.4,0.7998898933388113,-0.3998898933388113,0.3998898933388113
0.6,0.5475999558334619,0.052400044166538096,0.052400044166538096
0.6,0.9215789146560708,-0.3215789146560708,0.3215789146560708
0.5048175502104532,0.9539989760925376,-0.44918142588208443,0.44918142588208443
0.7713261452057005,0.949377501957401,-0.17805135675170047,0.17805135675170047
0.5747979489963491,0.5152580841196355,0.05953986487671359,0.05953986487671359
0.1047330767226874,1.4147848008479744,-1.310051724125287,1.310051724125287
0.5842063659602571,0.6370051885579637,-0.05279882259770663,0.05279882259770663
0.6957406402698985,0.7730393214599517,-0.07729868119005323,0.07729868119005323
0.5562316869210366,0.1578738898301233,0.39835779709091335,0.39835779709091335
0.5,0.2217417902923575,0.2782582097076425,0.2782582097076425
0.3,0.0774837563140404,0.22251624368595957,0.22251624368595957
0.4,0.0,0.4,0.4
0.6,0.0,0.6,0.6
1.9919193221111424,2.866554308293128,-0.8746349861819858,0.8746349861819858
1.60003238244435,1.8993259574673065,-0.2992935750229564,0.2992935750229564
1.4355644271735015,2.6520225314939934,-1.2164581043204918,1.2164581043204918
1.6788303054282812,2.4273891869586333,-0.7485588815303521,0.7485588815303521
4.280134298861751,2.740988637398184,1.5391456614635666,1.5391456614635666
1.0,2.331357487417965,-1.3313574874179648,1.3313574874179648
1.3,1.8240817950040225,-0.5240817950040224,0.5240817950040224
2.5,2.5661887481555627,-0.06618874815556275,0.06618874815556275
2.1,2.2184091043497323,-0.11840910434973217,0.11840910434973217
0.879146894389113,1.2852880662241934,-0.4061411718350805,0.4061411718350805
0.8655043603230825,0.6949518489725534,0.17055251135052918,0.17055251135052918
0.7056484947012804,0.8047680916518589,-0.09911959695057848,0.09911959695057848
0.6700120852270204,0.6458812427454226,0.024130842481597803,0.024130842481597803
0.5422885207412549,0.7068138289863234,-0.1645253082450685,0.1645253082450685
0.8632751628341233,0.8190010972914248,0.044274065542698526,0.044274065542698526
0.4787820909269001,0.4128302280783026,0.0659518628485975,0.0659518628485975
1.1835686146592244,1.1597223953292497,0.02384621932997466,0.02384621932997466
0.4,0.1016145529976593,0.2983854470023407,0.2983854470023407
0.5,0.4526592370741192,0.0473407629258808,0.0473407629258808
0.4,0.7500912453490313,-0.35009124534903124,0.35009124534903124
0.6,0.5708089695213959,0.029191030478604052,0.029191030478604052
0.6,0.9849225060866286,-0.3849225060866286,0.3849225060866286
0.5048175502104532,0.9725155299304544,-0.46769797972000127,0.46769797972000127
0.7713261452057005,0.9974972447574334,-0.22617109955173287,0.22617109955173287
0.5747979489963491,0.5055999478346268,0.06919800116172226,0.06919800116172226
0.1047330767226874,1.4430605001434125,-1.338327423420725,1.338327423420725
0.5842063659602571,0.5914702136607003,-0.007263847700443193,0.007263847700443193
0.6957406402698985,0.8349222124980011,-0.13918157222810268,0.13918157222810268
0.5562316869210366,0.1854596523371836,0.37077203458385305,0.37077203458385305
0.5,0.136399269964426,0.363600730035574,0.363600730035574
0.3,0.0416016717833915,0.25839832821660846,0.25839832821660846
0.4,0.0,0.4,0.4
0.6,0.0,0.6,0.6
1.9919193221111424,2.8177955475404146,-0.8258762254292722,0.8258762254292722
1.60003238244435,2.127915123133713,-0.5278827406893627,0.5278827406893627
1.4355644271735015,2.432378759887248,-0.9968143327137466,0.9968143327137466
1.6788303054282812,2.923039707896032,-1.244209402467751,1.244209402467751
4.280134298861751,2.813238935563529,1.4668953632982218,1.4668953632982218
1.0,2.021052674242002,-1.0210526742420019,1.0210526742420019
1.3,1.7266948566291946,-0.4266948566291946,0.4266948566291946
2.5,2.7501847525268714,-0.25018475252687145,0.25018475252687145
2.1,2.1938951338765493,-0.09389513387654924,0.09389513387654924
0.879146894389113,0.8239982233154112,0.055148671073701805,0.055148671073701805
0.8655043603230825,0.6366443131485915,0.22886004717449104,0.22886004717449104
0.7056484947012804,0.7569119028524527,-0.05126340815117225,0.05126340815117225
0.6700120852270204,0.6464030186625174,0.023609066564503012,0.023609066564503012
0.5422885207412549,0.6127303693541082,-0.0704418486128533,0.0704418486128533
0.8632751628341233,0.6871727862501333,0.17610237658398997,0.17610237658398997
0.4787820909269001,0.5879031756253902,-0.10912108469849008,0.10912108469849008
1.1835686146592244,0.8342341746665433,0.3493344399926811,0.3493344399926811
0.4,0.6086606682943936,-0.20866066829439356,0.20866066829439356
0.5,0.5989701187566455,-0.09897011875664552,0.09897011875664552
0.4,0.6083056252709665,-0.20830562527096652,0.20830562527096652
0.6,0.6231504832267326,-0.023150483226732632,0.023150483226732632
0.6,0.673840485532489,-0.07384048553248901,0.07384048553248901
0.5048175502104532,0.5986888129775377,-0.09387126276708457,0.09387126276708457
0.7713261452057005,0.7665498537268643,0.004776291478836181,0.004776291478836181
0.5747979489963491,0.536485873296315,0.03831207570003403,0.03831207570003403
0.1047330767226874,0.7536970323595008,-0.6489639556368134,0.6489639556368134
0.5842063659602571,0.5668054060291626,0.017400959931094473,0.017400959931094473
0.6957406402698985,0.6896117492465648,0.0061288910233336935,0.0061288910233336935
0.5562316869210366,0.5744565074125739,-0.018224820491537286,0.018224820491537286
0.5,0.5435051820245621,-0.043505182024562106,0.043505182024562106
0.3,0.5398327260813249,-0.23983272608132494,0.23983272608132494
0.4,0.5221499709804099,-0.12214997098040992,0.12214997098040992
0.6,0.5688175206572149,0.031182479342785063,0.031182479342785063
1.9919193221111424,2.551033735275269,-0.5591144131641266,0.5591144131641266
1.60003238244435,2.00903058052063,-0.4089981980762798,0.4089981980762798
1.4355644271735015,2.543457269668579,-1.1078928424950776,1.1078928424950776
1.6788303054282812,2.3755404949188232,-0.6967101894905421,0.6967101894905421
4.280134298861751,2.848558187484741,1.4315761113770096,1.4315761113770096
1.0,2.231541633605957,-1.231541633605957,1.231541633605957
1.3,1.441291570663452,-0.14129157066345188,0.14129157066345188
2.5,2.673920154571533,-0.1739201545715332,0.1739201545715332
2.1,2.293174982070923,-0.19317498207092276,0.19317498207092276
0.879146894389113,0.8622522950172424,0.016894599371870545,0.016894599371870545
0.8655043603230825,0.6922958493232727,0.17320851099980983,0.17320851099980983
0.7056484947012804,0.7199105620384216,-0.014262067337141193,0.014262067337141193
0.6700120852270204,0.797791063785553,-0.1277789785585326,0.1277789785585326
0.5422885207412549,0.4177061021327972,0.1245824186084577,0.1245824186084577
0.8632751628341233,0.5404118895530701,0.32286327328105324,0.32286327328105324
0.4787820909269001,0.3691492974758148,0.10963279345108529,0.10963279345108529
1.1835686146592244,1.0629719495773315,0.12059666508189282,0.12059666508189282
0.4,0.3701456189155578,0.029854381084442216,0.029854381084442216
0.5,0.9165576100349426,-0.4165576100349426,0.4165576100349426
0.4,0.978679656982422,-0.578679656982422,0.578679656982422
0.6,0.7155168056488037,-0.11551680564880373,0.11551680564880373
0.6,0.6329057812690735,-0.03290578126907351,0.03290578126907351
0.5048175502104532,0.8597134947776794,-0.3548959445672263,0.3548959445672263
0.7713261452057005,0.9518072009086608,-0.18048105570296025,0.18048105570296025
0.5747979489963491,0.2809124588966369,0.29388549009971215,0.29388549009971215
0.1047330767226874,3.516773700714112,-3.412040623991425,3.412040623991425
0.5842063659602571,1.0558383464813232,-0.47163198052106614,0.47163198052106614
0.6957406402698985,0.6705455780029297,0.02519506226696877,0.02519506226696877
0.5562316869210366,0.542117178440094,0.014114508480942645,0.014114508480942645
0.5,0.0234257988631725,0.4765742011368275,0.4765742011368275
0.3,0.2776325941085815,0.0223674058914185,0.0223674058914185
0.4,0.1581209748983383,0.24187902510166173,0.24187902510166173
0.6,0.5399494171142578,0.060050582885742165,0.060050582885742165
1.9919193221111424,1.227328442197014,0.7645908799141283,0.7645908799141283
1.60003238244435,1.227328442197014,0.372703940247336,0.372703940247336
1.4355644271735015,1.227328442197014,0.20823598497648743,0.20823598497648743
1.6788303054282812,1.227328442197014,0.45150186323126706,0.45150186323126706
4.280134298861751,1.227328442197014,3.0528058566647367,3.0528058566647367
1.0,1.227328442197014,-0.2273284421970141,0.2273284421970141
1.3,1.227328442197014,0.07267155780298595,0.07267155780298595
2.5,1.227328442197014,1.272671557802986,1.272671557802986
2.1,1.227328442197014,0.872671557802986,0.872671557802986
0.879146894389113,1.227328442197014,-0.3481815478079011,0.3481815478079011
0.8655043603230825,1.227328442197014,-0.36182408187393156,0.36182408187393156
0.7056484947012804,1.227328442197014,-0.5216799474957337,0.5216799474957337
0.6700120852270204,1.227328442197014,-0.5573163569699937,0.5573163569699937
0.5422885207412549,1.227328442197014,-0.6850399214557592,0.6850399214557592
0.8632751628341233,1.227328442197014,-0.3640532793628908,0.3640532793628908
0.4787820909269001,1.227328442197014,-0.748546351270114,0.748546351270114
1.1835686146592244,1.227328442197014,-0.04375982753778973,0.04375982753778973
0.4,1.227328442197014,-0.8273284421970141,0.8273284421970141
0.5,1.227328442197014,-0.7273284421970141,0.7273284421970141
0.4,1.227328442197014,-0.8273284421970141,0.8273284421970141
0.6,1.227328442197014,-0.6273284421970141,0.6273284421970141
0.6,1.227328442197014,-0.6273284421970141,0.6273284421970141
0.5048175502104532,1.227328442197014,-0.7225108919865609,0.7225108919865609
0.7713261452057005,1.227328442197014,-0.45600229699131356,0.45600229699131356
0.5747979489963491,1.227328442197014,-0.652530493200665,0.652530493200665
0.1047330767226874,1.227328442197014,-1.1225953654743266,1.1225953654743266
0.5842063659602571,1.227328442197014,-0.643122076236757,0.643122076236757
0.6957406402698985,1.227328442197014,-0.5315878019271156,0.5315878019271156
0.5562316869210366,1.227328442197014,-0.6710967552759775,0.6710967552759775
0.5,1.227328442197014,-0.7273284421970141,0.7273284421970141
0.3,1.227328442197014,-0.927328442197014,0.927328442197014
0.4,1.227328442197014,-0.8273284421970141,0.8273284421970141
0.6,1.227328442197014,-0.6273284421970141,0.6273284421970141
1.9919193221111424,0.9391361409589438,1.0527831811521986,1.0527831811521986
1.60003238244435,0.8181796238149897,0.7818527586293604,0.7818527586293604
1.4355644271735015,1.992636879160856,-0.5570724519873544,0.5570724519873544
1.6788303054282812,1.2988789499926896,0.37995135543559155,0.37995135543559155
4.280134298861751,1.3219367747563566,2.958197524105394,2.958197524105394
1.0,1.992636879160856,-0.992636879160856,0.992636879160856
1.3,1.0468237801747518,0.2531762198252483,0.2531762198252483
2.5,1.1803898398967538,1.3196101601032462,1.3196101601032462
2.1,1.3219367747563566,0.7780632252436435,0.7780632252436435
0.879146894389113,0.9391361409589438,-0.059989246569830845,0.059989246569830845
0.8655043603230825,0.9391361409589438,-0.07363178063586129,0.07363178063586129
0.7056484947012804,1.0029774722520295,-0.29732897755074905,0.29732897755074905
0.6700120852270204,1.5326730436102252,-0.8626609583832048,0.8626609583832048
0.5422885207412549,1.992636879160856,-1.450348358419601,1.450348358419601
0.8632751628341233,1.1803898398967538,-0.3171146770626305,0.3171146770626305
0.4787820909269001,0.8389679742274785,-0.3601858833005784,0.3601858833005784
1.1835686146592244,1.3219367747563566,-0.13836816009713226,0.13836816009713226
0.4,1.0029774722520295,-0.6029774722520295,0.6029774722520295
0.5,1.5326730436102252,-1.0326730436102252,1.0326730436102252
0.4,1.992636879160856,-1.5926368791608558,1.5926368791608558
0.6,1.2639293303910657,-0.6639293303910657,0.6639293303910657
0.6,1.1803898398967538,-0.5803898398967539,0.5803898398967539
0.5048175502104532,1.644635284096755,-1.1398177338863018,1.1398177338863018
0.7713261452057005,1.4185453880092809,-0.6472192428035803,0.6472192428035803
0.5747979489963491,1.992636879160856,-1.417838930164507,1.417838930164507
0.1047330767226874,1.992636879160856,-1.8879038024381685,1.8879038024381685
0.5842063659602571,1.3219367747563566,-0.7377304087960995,0.7377304087960995
0.6957406402698985,1.1739446016290038,-0.47820396135910537,0.47820396135910537
0.5562316869210366,1.1739446016290038,-0.6177129147079672,0.6177129147079672
0.5,0.8181796238149897,-0.31817962381498965,0.31817962381498965
0.3,1.0468237801747518,-0.7468237801747517,0.7468237801747517
0.4,0.8389679742274785,-0.43896797422747846,0.43896797422747846
0.6,1.1739446016290038,-0.5739446016290038,0.5739446016290038
1.5470171390615697,1.7448502379885895,-0.19783309892701983,0.19783309892701983
2.594196684748674,2.362074264052716,0.232122420695958,0.232122420695958
1.8697114647833253,1.771185823723631,0.09852564105969419,0.09852564105969419
1.5321273000173696,2.2148578344131686,-0.682730534395799,0.682730534395799
2.9489717758099068,2.745960406904773,0.2030113689051336,0.2030113689051336
2.235407081928281,2.2198107925624138,0.01559628936586721,0.01559628936586721
1.2660956469166913,2.141557950988761,-0.8754623040720695,0.8754623040720695
2.6368413584111803,2.719183532315947,-0.08234217390476672,0.08234217390476672
1.4980452432828957,2.149467445425702,-0.6514222021428064,0.6514222021428064
1.0,2.0413631136852306,-1.0413631136852306,1.0413631136852306
1.3,1.7467425687667868,-0.44674256876678675,0.44674256876678675
2.1,2.1150693939488265,-0.015069393948826448,0.015069393948826448
0.5175817230094645,0.1443280962694948,0.37325362673996965,0.37325362673996965
0.7056484947012804,0.7615521223336209,-0.05590362763234047,0.05590362763234047
0.5731757916040728,0.1706636820045357,0.40251210959953715,0.40251210959953715
0.4538514483659435,0.6143356926940735,-0.16048424432813002,0.16048424432813002
0.997989808692561,1.1454382651856785,-0.14744845649311744,0.14744845649311744
0.5494183061851179,0.6192886508433186,-0.06987034465820074,0.06987034465820074
0.5251432400895707,0.5410358092696658,-0.015892569180095073,0.015892569180095073
0.7559563988183644,1.118661390596852,-0.3627049917784877,0.3627049917784877
0.6778710254152407,0.548945303706607,0.1289257217086337,0.1289257217086337
0.4,0.4408409719661355,-0.04084097196613545,0.04084097196613545
0.3,0.1462204270476919,0.1537795729523081,0.1537795729523081
0.7,0.5145472522297312,0.18545274777026877,0.18545274777026877
0.4770632662036267,0.0,0.4770632662036267,0.4770632662036267
0.5641103408681047,0.5521527810364214,0.01195755983168334,0.01195755983168334
0.4869183122414556,0.0,0.4869183122414556,0.4869183122414556
0.3602760666772656,0.4049363513968738,-0.0446602847196082,0.0446602847196082
0.6658246650132922,0.9360389238884784,-0.27021425887518624,0.27021425887518624
0.4243713490577802,0.4098893095461191,0.014482039511661104,0.014482039511661104
0.4055485017270916,0.3316364679724661,0.07391203375462552,0.07391203375462552
0.6957406402698985,0.9092620492996524,-0.21352140902975392,0.21352140902975392
0.5562316869210366,0.3395459624094075,0.21668572451162915,0.21668572451162915
0.4,0.2314416306689359,0.16855836933106413,0.16855836933106413
0.3,0.0,0.3,0.3
0.6,0.3051479109325317,0.2948520890674683,0.2948520890674683
1.5470171390615697,1.7253862705062448,-0.17836913144467514,0.17836913144467514
2.594196684748674,2.405502879323539,0.1886938054251348,0.1886938054251348
1.8697114647833253,1.8862500641195,-0.01653859933617463,0.01653859933617463
1.5321273000173696,2.158465165119288,-0.6263378651019185,0.6263378651019185
2.9489717758099068,2.773868776451702,0.17510299935820495,0.17510299935820495
2.235407081928281,2.236389840961251,-0.0009827590329698488,0.0009827590329698488
1.2660956469166913,2.1010814718649247,-0.8349858249482334,0.8349858249482334
2.6368413584111803,2.7817237543270035,-0.1448823959158232,0.1448823959158232
1.4980452432828957,2.176888771730197,-0.6788435284473013,0.6788435284473013
1.0,1.972995311169916,-0.9729953111699161,0.9729953111699161
1.3,1.8262560825879088,-0.5262560825879088,0.5262560825879088
2.1,2.084958007165976,0.015041992834023965,0.015041992834023965
0.5175817230094645,0.131600996461118,0.3859807265483465,0.3859807265483465
0.7056484947012804,0.8117176052784123,-0.10606911057713186,0.10606911057713186
0.5731757916040728,0.2924647900743724,0.2807110015297004,0.2807110015297004
0.4538514483659435,0.5646798910741606,-0.11082844270821712,0.11082844270821712
0.997989808692561,1.1800835024065748,-0.18209369371401374,0.18209369371401374
0.5494183061851179,0.642604566916124,-0.09318626073100611,0.09318626073100611
0.5251432400895707,0.5072961978197977,0.01784704226977296,0.01784704226977296
0.7559563988183644,1.1879384802818769,-0.43198208146351247,0.43198208146351247
0.6778710254152407,0.5831034976850696,0.09476752773017105,0.09476752773017105
0.4,0.379210037124789,0.02078996287521101,0.02078996287521101
0.3,0.2324708085427818,0.0675291914572182,0.0675291914572182
0.7,0.4911727331208491,0.20882726687915087,0.20882726687915087
0.4770632662036267,0.0,0.4770632662036267,0.4770632662036267
0.5641103408681047,0.6047107544370256,-0.04060041356892086,0.04060041356892086
0.4869183122414556,0.0854579392329859,0.4014603730084697,0.4014603730084697
0.3602760666772656,0.3576730402327739,0.002603026444491674,0.002603026444491674
0.6658246650132922,0.9730766515651882,-0.307251986551896,0.307251986551896
0.4243713490577802,0.4355977160747373,-0.011226367016957117,0.011226367016957117
0.4055485017270916,0.3002893469784109,0.1052591547486807,0.1052591547486807
0.6957406402698985,0.98093162944049,-0.2851909891705915,0.2851909891705915
0.5562316869210366,0.376096646843683,0.18013504007735365,0.18013504007735365
0.4,0.1722031862834026,0.22779681371659743,0.22779681371659743
0.3,0.0254639577013953,0.2745360422986047,0.2745360422986047
0.6,0.2841658822794624,0.3158341177205376,0.3158341177205376
1.5470171390615697,1.7550674001891124,-0.20805026112754277,0.20805026112754277
2.594196684748674,2.416725497275933,0.17747118747274104,0.17747118747274104
1.8697114647833253,2.0011065825181182,-0.13139511773479295,0.13139511773479295
1.5321273000173696,2.181861337355208,-0.6497340373378382,0.6497340373378382
2.9489717758099068,2.792163410776757,0.15680836503314977,0.15680836503314977
2.235407081928281,2.2957018686542154,-0.06029478672593447,0.06029478672593447
1.2660956469166913,2.127947426712257,-0.8618517797955656,0.8618517797955656
2.6368413584111803,2.8315029399268057,-0.1946615815156254,0.1946615815156254
1.4980452432828957,2.229808818465425,-0.7317635751825293,0.7317635751825293
1.0,2.044985577358415,-1.044985577358415,1.044985577358415
1.3,1.868590971251704,-0.5685909712517039,0.5685909712517039
2.1,1.953553544449678,0.14644645555032199,0.14644645555032199
0.5175817230094645,0.1500815036264338,0.3675002193830307,0.3675002193830307
0.7056484947012804,0.8117396007132541,-0.10609110601197369,0.10609110601197369
0.5731757916040728,0.3961206859554392,0.17705510564863364,0.17705510564863364
0.4538514483659435,0.5768754407925293,-0.1230239924265858,0.1230239924265858
0.997989808692561,1.1871775142140784,-0.1891877055215173,0.1891877055215173
0.5494183061851179,0.6907159720915367,-0.1412976659064188,0.1412976659064188
0.5251432400895707,0.5229615301495779,0.002181709939992782,0.002181709939992782
0.7559563988183644,1.2265170433641266,-0.4705606445457622,0.4705606445457622
0.6778710254152407,0.6248229219027458,0.05304810351249489,0.05304810351249489
0.4,0.4399996807957361,-0.03999968079573607,0.03999968079573607
0.3,0.263605074689025,0.03639492531097499,0.03639492531097499
0.7,0.3485676478869992,0.3514323521130008,0.3514323521130008
0.4770632662036267,0.0,0.4770632662036267,0.4770632662036267
0.5641103408681047,0.6068040142596387,-0.04269367339153396,0.04269367339153396
0.4869183122414556,0.1911850995018233,0.29573321273963227,0.29573321273963227
0.3602760666772656,0.3719398543389132,-0.011663787661647607,0.011663787661647607
0.6658246650132922,0.9822419277604628,-0.31641726274717064,0.31641726274717064
0.4243713490577802,0.4857803856379212,-0.06140903658014102,0.06140903658014102
0.4055485017270916,0.318025943695962,0.08752255803112963,0.08752255803112963
0.6957406402698985,1.021581456910511,-0.3258408166406126,0.3258408166406126
0.5562316869210366,0.4198873354491299,0.13634435147190677,0.13634435147190677
0.4,0.2350640943421201,0.1649359056578799,0.1649359056578799
0.3,0.0586694882354095,0.24133051176459047,0.24133051176459047
0.6,0.1436320614333834,0.4563679385666166,0.4563679385666166
1.5470171390615697,1.7356271544969646,-0.1886100154353949,0.1886100154353949
2.594196684748674,2.417354344154505,0.17684234059416903,0.17684234059416903
1.8697114647833253,1.9481285647331608,-0.07841709994983548,0.07841709994983548
1.5321273000173696,2.1527519111629125,-0.6206246111455429,0.6206246111455429
2.9489717758099068,2.7931982103682937,0.15577356544161303,0.15577356544161303
2.235407081928281,2.261526235971921,-0.02611915404364007,0.02611915404364007
1.2660956469166913,2.109842583301408,-0.8437469363847168,0.8437469363847168
2.6368413584111803,2.826998933353956,-0.19015757494277574,0.19015757494277574
1.4980452432828957,2.2139677557459363,-0.7159225124630406,0.7159225124630406
1.0,1.9447140039270048,-0.9447140039270048,0.9447140039270048
1.3,1.8759312287741816,-0.5759312287741816,0.5759312287741816
2.1,2.024475935156965,0.07552406484303509,0.07552406484303509
0.5175817230094645,0.1292332059640659,0.3883485170453986,0.3883485170453986
0.7056484947012804,0.8109603956216058,-0.10531190092032539,0.10531190092032539
0.5731757916040728,0.3417346162002627,0.23144117540381015,0.23144117540381015
0.4538514483659435,0.5463579626300135,-0.09250651426406997,0.09250651426406997
0.997989808692561,1.1868042618353944,-0.1888144531428334,0.1888144531428334
0.5494183061851179,0.655132287439022,-0.10571398125390408,0.10571398125390408
0.5251432400895707,0.5034486347685088,0.021694605321061933,0.021694605321061933
0.7559563988183644,1.220604984821057,-0.46464858600269254,0.46464858600269254
0.6778710254152407,0.6075738072130372,0.07029721820220347,0.07029721820220347
0.4,0.3383200553941063,0.06167994460589371,0.06167994460589371
0.3,0.2695372802412825,0.030462719758717505,0.030462719758717505
0.7,0.4180819866240655,0.2819180133759345,0.2819180133759345
0.4770632662036267,0.0,0.4770632662036267,0.4770632662036267
0.5641103408681047,0.6040629127955139,-0.0399525719274092,0.0399525719274092
0.4869183122414556,0.1348371333741707,0.3520811788672849,0.3520811788672849
0.3602760666772656,0.3394604798039216,0.020815586873344005,0.020815586873344005
0.6658246650132922,0.9799067790093026,-0.3140821139960104,0.3140821139960104
0.4243713490577802,0.4482348046129301,-0.023863455555149904,0.023863455555149904
0.4055485017270916,0.2965511519424169,0.10899734978467474,0.10899734978467474
0.6957406402698985,1.013707501994965,-0.3179668617250666,0.3179668617250666
0.5562316869210366,0.4006763243869453,0.15555536253409136,0.15555536253409136
0.4,0.1314225725680144,0.26857742743198565,0.26857742743198565
0.3,0.0626397974151906,0.2373602025848094,0.2373602025848094
0.6,0.2111845037979738,0.38881549620202616,0.38881549620202616
1.5470171390615697,1.8927762967062824,-0.34575915764471277,0.34575915764471277
2.594196684748674,2.25779473951964,0.3364019452290341,0.3364019452290341
1.8697114647833253,2.0759865514687625,-0.20627508668543726,0.20627508668543726
1.5321273000173696,1.9805640981680588,-0.44843679815068915,0.44843679815068915
2.9489717758099068,2.2480178182338992,0.7009539575760075,0.7009539575760075
2.235407081928281,2.3433630452214804,-0.10795596329319945,0.10795596329319945
1.2660956469166913,1.9636510311809463,-0.697555384264255,0.697555384264255
2.6368413584111803,2.3864161954445,0.2504251629666805,0.2504251629666805
1.4980452432828957,1.998964996724824,-0.5009197534419283,0.5009197534419283
1.0,1.9861390771929432,-0.9861390771929432,0.9861390771929432
1.3,1.7716209143148791,-0.47162091431487907,0.47162091431487907
2.1,1.855585575834956,0.2444144241650441,0.2444144241650441
0.5175817230094645,0.5901818807631312,-0.07260015775366668,0.07260015775366668
0.7056484947012804,0.7067786496026685,-0.0011301549013880141,0.0011301549013880141
0.5731757916040728,0.6021534537323506,-0.028977662128277792,0.028977662128277792
0.4538514483659435,0.7229853914161446,-0.2691339430502011,0.2691339430502011
0.997989808692561,0.8891968432735395,0.1087929654190215,0.1087929654190215
0.5494183061851179,0.702890899002295,-0.15347259281717707,0.15347259281717707
0.5251432400895707,0.7506386732727166,-0.2254954331831459,0.2254954331831459
0.7559563988183644,0.9162484612154428,-0.16029206239707838,0.16029206239707838
0.6778710254152407,0.7070836117742157,-0.029212586358975057,0.029212586358975057
0.4,0.6284107086771271,-0.2284107086771271,0.2284107086771271
0.3,0.6962440546856214,-0.39624405468562146,0.39624405468562146
0.7,0.6951061351791199,0.004893864820880056,0.004893864820880056
0.4770632662036267,0.5111029004640504,-0.03403963426042367,0.03403963426042367
0.5641103408681047,0.5667965056940613,-0.0026861648259565163,0.0026861648259565163
0.4869183122414556,0.5230744734332697,-0.03615616119181414,0.03615616119181414
0.3602760666772656,0.6688013326597914,-0.3085252659825258,0.3085252659825258
0.6658246650132922,0.7729578813783042,-0.10713321636501205,0.10713321636501205
0.4243713490577802,0.6687522273013253,-0.24438087824354515,0.24438087824354515
0.4055485017270916,0.7002241872440126,-0.29467568551692097,0.29467568551692097
0.6957406402698985,0.8011612388495634,-0.1054205985796649,0.1054205985796649
0.5562316869210366,0.6763376028993221,-0.12010591597828546,0.12010591597828546
0.4,0.5614082770820606,-0.16140827708206062,0.16140827708206062
0.3,0.6736342256018395,-0.3736342256018395,0.3736342256018395
0.6,0.6701976372044826,-0.07019763720448258,0.07019763720448258
1.5470171390615697,1.845064878463745,-0.2980477394021752,0.2980477394021752
2.594196684748674,2.6822497844696045,-0.08805309972093056,0.08805309972093056
1.8697114647833253,2.230266094207764,-0.36055462942443883,0.36055462942443883
1.5321273000173696,1.695823311805725,-0.16369601178835547,0.16369601178835547
2.9489717758099068,2.410961389541626,0.5380103862682808,0.5380103862682808
2.235407081928281,2.4015204906463623,-0.16611340871808133,0.16611340871808133
1.2660956469166913,1.7796791791915894,-0.5135835322748981,0.5135835322748981
2.6368413584111803,2.843861818313598,-0.2070204599024179,0.2070204599024179
1.4980452432828957,1.980104923248291,-0.48205967996539534,0.48205967996539534
1.0,2.038633346557617,-1.0386333465576172,1.0386333465576172
1.3,1.4718782901763916,-0.17187829017639156,0.17187829017639156
2.1,1.6975376605987549,0.4024623394012452,0.4024623394012452
0.5175817230094645,0.5163148045539856,0.0012669184554788826,0.0012669184554788826
0.7056484947012804,0.7119035124778748,-0.006255017776594318,0.006255017776594318
0.5731757916040728,0.6964408159255981,-0.12326502432152531,0.12326502432152531
0.4538514483659435,0.6015662550926208,-0.14771480672667736,0.14771480672667736
0.997989808692561,0.8462967276573181,0.15169308103524293,0.15169308103524293
0.5494183061851179,1.3374515771865845,-0.7880332710014666,0.7880332710014666
0.5251432400895707,0.6795809864997864,-0.15443774641021568,0.15443774641021568
0.7559563988183644,0.9453784227371216,-0.18942202391875718,0.18942202391875718
0.6778710254152407,0.8323981761932373,-0.1545271507779966,0.1545271507779966
0.4,0.7731636762619019,-0.37316367626190183,0.37316367626190183
0.3,0.6611319780349731,-0.36113197803497316,0.36113197803497316
0.7,0.8069781064987183,-0.1069781064987183,0.1069781064987183
0.4770632662036267,0.3239132165908813,0.15315004961274542,0.15315004961274542
0.5641103408681047,0.474786639213562,0.08932370165454273,0.08932370165454273
0.4869183122414556,0.5088521838188171,-0.02193387157736154,0.02193387157736154
0.3602760666772656,0.4598836302757263,-0.09960756359846074,0.09960756359846074
0.6658246650132922,0.6272460222244263,0.03857864278886591,0.03857864278886591
0.4243713490577802,0.9206723570823668,-0.49630100802458665,0.49630100802458665
0.4055485017270916,0.5242497324943542,-0.11870123076726263,0.11870123076726263
0.6957406402698985,0.7430546879768372,-0.0473140477069387,0.0473140477069387
0.5562316869210366,0.6877849698066711,-0.1315532828856345,0.1315532828856345
0.4,0.4926576614379883,-0.09265766143798826,0.09265766143798826
0.3,0.5669562816619873,-0.2669562816619873,0.2669562816619873
0.6,0.6682700514793396,-0.06827005147933962,0.06827005147933962
1.5470171390615697,1.229064403570124,0.31795273549144576,0.31795273549144576
2.594196684748674,1.229064403570124,1.36513228117855,1.36513228117855
1.8697114647833253,1.229064403570124,0.6406470612132014,0.6406470612132014
1.5321273000173696,1.229064403570124,0.3030628964472457,0.3030628964472457
2.9489717758099068,1.229064403570124,1.7199073722397829,1.7199073722397829
2.235407081928281,1.229064403570124,1.006342678358157,1.006342678358157
1.2660956469166913,1.229064403570124,0.03703124334656738,0.03703124334656738
2.6368413584111803,1.229064403570124,1.4077769548410564,1.4077769548410564
1.4980452432828957,1.229064403570124,0.26898083971277176,0.26898083971277176
1.0,1.229064403570124,-0.22906440357012392,0.22906440357012392
1.3,1.229064403570124,0.07093559642987612,0.07093559642987612
2.1,1.229064403570124,0.8709355964298762,0.8709355964298762
0.5175817230094645,1.229064403570124,-0.7114826805606594,0.7114826805606594
0.7056484947012804,1.229064403570124,-0.5234159088688435,0.5234159088688435
0.5731757916040728,1.229064403570124,-0.6558886119660511,0.6558886119660511
0.4538514483659435,1.229064403570124,-0.7752129552041804,0.7752129552041804
0.997989808692561,1.229064403570124,-0.23107459487756288,0.23107459487756288
0.5494183061851179,1.229064403570124,-0.679646097385006,0.679646097385006
0.5251432400895707,1.229064403570124,-0.7039211634805532,0.7039211634805532
0.7559563988183644,1.229064403570124,-0.4731080047517595,0.4731080047517595
0.6778710254152407,1.229064403570124,-0.5511933781548832,0.5511933781548832
0.4,1.229064403570124,-0.8290644035701239,0.8290644035701239
0.3,1.229064403570124,-0.9290644035701239,0.9290644035701239
0.7,1.229064403570124,-0.529064403570124,0.529064403570124
0.4770632662036267,1.229064403570124,-0.7520011373664972,0.7520011373664972
0.5641103408681047,1.229064403570124,-0.6649540627020192,0.6649540627020192
0.4869183122414556,1.229064403570124,-0.7421460913286684,0.7421460913286684
0.3602760666772656,1.229064403570124,-0.8687883368928584,0.8687883368928584
0.6658246650132922,1.229064403570124,-0.5632397385568317,0.5632397385568317
0.4243713490577802,1.229064403570124,-0.8046930545123437,0.8046930545123437
0.4055485017270916,1.229064403570124,-0.8235159018430322,0.8235159018430322
0.6957406402698985,1.229064403570124,-0.5333237633002255,0.5333237633002255
0.5562316869210366,1.229064403570124,-0.6728327166490873,0.6728327166490873
0.4,1.229064403570124,-0.8290644035701239,0.8290644035701239
0.3,1.229064403570124,-0.9290644035701239,0.9290644035701239
0.6,1.229064403570124,-0.6290644035701239,0.6290644035701239
1.5470171390615697,1.229064403570124,0.31795273549144576,0.31795273549144576
2.594196684748674,1.229064403570124,1.36513228117855,1.36513228117855
1.8697114647833253,1.229064403570124,0.6406470612132014,0.6406470612132014
1.5321273000173696,1.229064403570124,0.3030628964472457,0.3030628964472457
2.9489717758099068,1.229064403570124,1.7199073722397829,1.7199073722397829
2.235407081928281,1.229064403570124,1.006342678358157,1.006342678358157
1.2660956469166913,1.229064403570124,0.03703124334656738,0.03703124334656738
2.6368413584111803,1.229064403570124,1.4077769548410564,1.4077769548410564
1.4980452432828957,1.229064403570124,0.26898083971277176,0.26898083971277176
1.0,1.229064403570124,-0.22906440357012392,0.22906440357012392
1.3,1.229064403570124,0.07093559642987612,0.07093559642987612
2.1,1.229064403570124,0.8709355964298762,0.8709355964298762
0.5175817230094645,1.229064403570124,-0.7114826805606594,0.7114826805606594
0.7056484947012804,1.229064403570124,-0.5234159088688435,0.5234159088688435
0.5731757916040728,1.229064403570124,-0.6558886119660511,0.6558886119660511
0.4538514483659435,1.229064403570124,-0.7752129552041804,0.7752129552041804
0.997989808692561,1.229064403570124,-0.23107459487756288,0.23107459487756288
0.5494183061851179,1.229064403570124,-0.679646097385006,0.679646097385006
0.5251432400895707,1.229064403570124,-0.7039211634805532,0.7039211634805532
0.7559563988183644,1.229064403570124,-0.4731080047517595,0.4731080047517595
0.6778710254152407,1.229064403570124,-0.5511933781548832,0.5511933781548832
0.4,1.229064403570124,-0.8290644035701239,0.8290644035701239
0.3,1.229064403570124,-0.9290644035701239,0.9290644035701239
0.7,1.229064403570124,-0.529064403570124,0.529064403570124
0.4770632662036267,1.229064403570124,-0.7520011373664972,0.7520011373664972
0.5641103408681047,1.229064403570124,-0.6649540627020192,0.6649540627020192
0.4869183122414556,1.229064403570124,-0.7421460913286684,0.7421460913286684
0.3602760666772656,1.229064403570124,-0.8687883368928584,0.8687883368928584
0.6658246650132922,1.229064403570124,-0.5632397385568317,0.5632397385568317
0.4243713490577802,1.229064403570124,-0.8046930545123437,0.8046930545123437
0.4055485017270916,1.229064403570124,-0.8235159018430322,0.8235159018430322
0.6957406402698985,1.229064403570124,-0.5333237633002255,0.5333237633002255
0.5562316869210366,1.229064403570124,-0.6728327166490873,0.6728327166490873
0.4,1.229064403570124,-0.8290644035701239,0.8290644035701239
0.3,1.229064403570124,-0.9290644035701239,0.9290644035701239
0.6,1.229064403570124,-0.6290644035701239,0.6290644035701239
2.291177593433027,2.0630874200944733,0.22809017333855364,0.22809017333855364
4.746403988018382,2.539354660880332,2.2070493271380496,2.2070493271380496
3.474743554785576,2.3947905180983025,1.0799530366872734,1.0799530366872734
1.6788303054282812,2.16953224633396,-0.490701940905679,0.490701940905679
4.580426866194772,2.677538441771164,1.9028884244236082,1.9028884244236082
2.9826713553861293,2.5791606276679824,0.4035107277181469,0.4035107277181469
3.0038294115831783,2.005587318363585,0.9982420932195932,0.9982420932195932
4.280134298861751,2.536684054805709,1.7434502440560418,1.7434502440560418
3.592580248493403,2.296192669949824,1.296387578543579,1.296387578543579
2.3,2.3661626389165007,-0.06616263891650087,0.06616263891650087
1.1,2.364993435485349,-1.2649934354853487,1.2649934354853487
2.1,2.4744329135161447,-0.3744329135161446,0.3744329135161446
0.7107039593083359,0.6963879189736053,0.014316040334730551,0.014316040334730551
1.3411688832335629,1.1726551597594637,0.1685137234740992,0.1685137234740992
0.9814360581560068,1.028091016977435,-0.04665495882142834,0.04665495882142834
0.6821726355797036,0.8028327452130917,-0.12066010963338802,0.12066010963338802
1.2309422257456628,1.3108389406502965,-0.07989671490463368,0.07989671490463368
0.9352419701157908,1.2124611265471148,-0.277219156431324,0.277219156431324
0.5714159022282193,0.6388878172427175,-0.06747191501449823,0.06747191501449823
1.1835686146592244,1.169984553684841,0.01358406097438336,0.01358406097438336
0.8099944456086376,0.929493168828956,-0.1194987232203184,0.1194987232203184
0.7,0.9994631377956328,-0.2994631377956328,0.2994631377956328
0.6,0.9982939343644812,-0.39829393436448124,0.39829393436448124
0.7,1.1077334123952771,-0.40773341239527716,0.40773341239527716
0.4892093570559104,0.5447614635524758,-0.05555210649656539,0.05555210649656539
0.5561447310735069,1.021028704338334,-0.464883973264827,0.464883973264827
0.5048175502104532,0.8764645615563054,-0.3716470113458522,0.3716470113458522
0.4632654520489824,0.6512062897919619,-0.18794083774297954,0.18794083774297954
0.7496304931127424,1.1592124852291668,-0.4095819921164243,0.4095819921164243
0.5633174517358029,1.060834671125985,-0.4975172193901821,0.4975172193901821
0.4788089757102604,0.4872613618215877,-0.008452386111327315,0.008452386111327315
0.8188652144271537,1.0183580982637113,-0.1994928838365576,0.1994928838365576
0.5842063659602571,0.7778667134078265,-0.19366034744756944,0.19366034744756944
0.5,0.8478366823745029,-0.34783668237450294,0.34783668237450294
0.4,0.8466674789433515,-0.44666747894335146,0.44666747894335146
0.6,0.9561069569741474,-0.3561069569741474,0.3561069569741474
2.291177593433027,2.085570189119621,0.20560740431340596,0.20560740431340596
4.746403988018382,2.5148637335599373,2.2315402544584444,2.2315402544584444
3.474743554785576,2.2872397420221464,1.1875038127634294,1.1875038127634294
1.6788303054282812,2.221803505249308,-0.542973199821027,0.542973199821027
4.580426866194772,2.6512665278433367,1.9291603383514353,1.9291603383514353
2.9826713553861293,2.4771755184659403,0.505495836920189,0.505495836920189
3.0038294115831783,2.0104478562239785,0.9933815553591998,0.9933815553591998
4.280134298861751,2.5219522593383688,1.758182039523382,1.758182039523382
3.592580248493403,2.1597857742290785,1.4327944742643246,1.4327944742643246
2.3,2.285973644939902,0.01402635506009764,0.01402635506009764
1.1,2.244228961572734,-1.144228961572734,1.144228961572734
2.1,2.341699663590533,-0.24169966359053285,0.24169966359053285
0.7107039593083359,0.7251961743085293,-0.014492215000193487,0.014492215000193487
1.3411688832335629,1.1544897187488457,0.18667916448471722,0.18667916448471722
0.9814360581560068,0.926865727211055,0.054570330944951784,0.054570330944951784
0.6821726355797036,0.8614294904382158,-0.17925685485851217,0.17925685485851217
1.2309422257456628,1.2908925130322453,-0.05995028728658247,0.05995028728658247
0.9352419701157908,1.116801503654849,-0.1815595335390583,0.1815595335390583
0.5714159022282193,0.6500738414128873,-0.07865793918466801,0.07865793918466801
1.1835686146592244,1.161578244527277,0.021990370131947268,0.021990370131947268
0.8099944456086376,0.7994117594179873,0.010582686190650392,0.010582686190650392
0.7,0.9255996301288107,-0.2255996301288108,0.2255996301288108
0.6,0.8838549467616423,-0.28385494676164236,0.28385494676164236
0.7,0.9813256487794416,-0.28132564877944166,0.28132564877944166
0.4892093570559104,0.5749027644780866,-0.08569340742217624,0.08569340742217624
0.5561447310735069,1.0041963089184032,-0.44805157784489624,0.44805157784489624
0.5048175502104532,0.7765723173806123,-0.2717547671701591,0.2717547671701591
0.4632654520489824,0.7111360806077732,-0.24787062855879083,0.24787062855879083
0.7496304931127424,1.1405991032018026,-0.39096861008906014,0.39096861008906014
0.5633174517358029,0.9665080938244066,-0.40319064208860367,0.40319064208860367
0.4788089757102604,0.4997804315824445,-0.02097145587218413,0.02097145587218413
0.8188652144271537,1.0112848346968346,-0.19241962026968096,0.19241962026968096
0.5842063659602571,0.6491183495875447,-0.06491198362728756,0.06491198362728756
0.5,0.7753062202983682,-0.27530622029836815,0.27530622029836815
0.4,0.7335615369311997,-0.3335615369311997,0.3335615369311997
0.6,0.831032238948999,-0.23103223894899905,0.23103223894899905
2.291177593433027,2.306408293199821,-0.015230699766794142,0.015230699766794142
4.746403988018382,2.805680126722532,1.9407238612958495,1.9407238612958495
3.474743554785576,2.5168434361967065,0.9579001185888694,0.9579001185888694
1.6788303054282812,2.377213103054605,-0.6983827976263239,0.6983827976263239
4.580426866194772,3.004632593502817,1.575794272691955,1.575794272691955
2.9826713553861293,2.7110620200708264,0.27160933531530285,0.27160933531530285
3.0038294115831783,2.306768013589088,0.6970613979940903,0.6970613979940903
4.280134298861751,2.596263757682379,1.6838705411793717,1.6838705411793717
3.592580248493403,2.3355318634036992,1.2570483850897038,1.2570483850897038
2.3,2.258296108989917,0.04170389101008265,0.04170389101008265
1.1,2.075913410148794,-0.9759134101487938,0.9759134101487938
2.1,2.1871162213092137,-0.08711622130921359,0.08711622130921359
0.7107039593083359,0.935011119388341,-0.22430716008000517,0.22430716008000517
1.3411688832335629,1.4342829529110517,-0.09311406967748881,0.09311406967748881
0.9814360581560068,1.1454462623852264,-0.16401020422921964,0.16401020422921964
0.6821726355797036,1.0058159292431252,-0.3236432936634216,0.3236432936634216
1.2309422257456628,1.6332354196913372,-0.4022931939456744,0.4022931939456744
0.9352419701157908,1.3396648462593463,-0.40442287614355554,0.40442287614355554
0.5714159022282193,0.9353708397776074,-0.3639549375493881,0.3639549375493881
1.1835686146592244,1.2248665838708992,-0.041297969211674834,0.041297969211674834
0.8099944456086376,0.9641346895922192,-0.1541402439835815,0.1541402439835815
0.7,0.8868989351784371,-0.18689893517843714,0.18689893517843714
0.6,0.7045162363373141,-0.1045162363373141,0.1045162363373141
0.7,0.8157190474977337,-0.11571904749773376,0.11571904749773376
0.4892093570559104,0.7880823366578243,-0.29887297960191395,0.29887297960191395
0.5561447310735069,1.2873541701805349,-0.731209439107028,0.731209439107028
0.5048175502104532,0.9985174796547096,-0.49369992944425645,0.49369992944425645
0.4632654520489824,0.8588871465126086,-0.39562169446362616,0.39562169446362616
0.7496304931127424,1.4863066369608202,-0.7366761438480778,0.7366761438480778
0.5633174517358029,1.1927360635288298,-0.6294186117930268,0.6294186117930268
0.4788089757102604,0.7884420570470907,-0.3096330813368303,0.3096330813368303
0.8188652144271537,1.0779378011403824,-0.25907258671322875,0.25907258671322875
0.5842063659602571,0.8172059068617024,-0.23299954090144526,0.23299954090144526
0.5,0.7399701524479205,-0.23997015244792053,0.23997015244792053
0.4,0.5575874536067973,-0.15758745360679727,0.15758745360679727
0.6,0.668790264767217,-0.06879026476721706,0.06879026476721706
2.291177593433027,2.209509170365725,0.08166842306730215,0.08166842306730215
4.746403988018382,2.6022685272701978,2.144135460748184,2.144135460748184
3.474743554785576,2.34230643609875,1.1324371186868256,1.1324371186868256
1.6788303054282812,2.390614216559986,-0.711783911131705,0.711783911131705
4.580426866194772,2.799305274274624,1.7811215919201482,1.7811215919201482
2.9826713553861293,2.590699161445679,0.39197219394045035,0.39197219394045035
3.0038294115831783,2.1247097632921044,0.8791196482910739,0.8791196482910739
4.280134298861751,2.566922677394113,1.7132116214676376,1.7132116214676376
3.592580248493403,2.168551701876349,1.4240285466170541,1.4240285466170541
2.3,2.2732901112773987,0.02670988872260116,0.02670988872260116
1.1,2.2098964395657337,-1.1098964395657336,1.1098964395657336
2.1,2.259789682658852,-0.15978968265885207,0.15978968265885207
0.7107039593083359,0.8414886826179375,-0.13078472330960167,0.13078472330960167
1.3411688832335629,1.2342480395224102,0.10692084371115262,0.10692084371115262
0.9814360581560068,0.9742859483509628,0.007150109805043936,0.007150109805043936
0.6821726355797036,1.0225937288121985,-0.3404210932324948,0.3404210932324948
1.2309422257456628,1.431284786526836,-0.2003425607811733,0.2003425607811733
0.9352419701157908,1.2226786736978916,-0.2874367035821008,0.2874367035821008
0.5714159022282193,0.7566892755443173,-0.18527337331609806,0.18527337331609806
1.1835686146592244,1.1989021896463257,-0.015333574987101306,0.015333574987101306
0.8099944456086376,0.8005312141285614,0.009463231480076217,0.009463231480076217
0.7,0.9052696235296112,-0.2052696235296112,0.2052696235296112
0.6,0.8418759518179459,-0.24187595181794597,0.24187595181794597
0.7,0.8917691949110647,-0.1917691949110647,0.1917691949110647
0.4892093570559104,0.6920793273621193,-0.2028699703062089,0.2028699703062089
0.5561447310735069,1.084838684266592,-0.5286939531930851,0.5286939531930851
0.5048175502104532,0.8248765930951446,-0.32005904288469145,0.32005904288469145
0.4632654520489824,0.8731843735563805,-0.40991892150739806,0.40991892150739806
0.7496304931127424,1.281875431271018,-0.5322449381582757,0.5322449381582757
0.5633174517358029,1.0732693184420734,-0.5099518667062705,0.5099518667062705
0.4788089757102604,0.6072799202884991,-0.1284709445782387,0.1284709445782387
0.8188652144271537,1.0494928343905077,-0.230627619963354,0.230627619963354
0.5842063659602571,0.6511218588727432,-0.06691549291248611,0.06691549291248611
0.5,0.7558602682737932,-0.25586026827379316,0.25586026827379316
0.4,0.6924665965621278,-0.2924665965621278,0.2924665965621278
0.6,0.7423598396552464,-0.14235983965524646,0.14235983965524646
2.291177593433027,2.5181304407009235,-0.22695284726789655,0.22695284726789655
4.746403988018382,2.669175680722424,2.077228307295958,2.077228307295958
3.474743554785576,2.5022414397574004,0.9725021150281754,0.9725021150281754
1.6788303054282812,2.40965714027283,-0.7308268348445488,0.7308268348445488
4.580426866194772,2.519269228225358,2.061157637969414,2.061157637969414
2.9826713553861293,2.365834689323356,0.6168366660627731,0.6168366660627731
3.0038294115831783,2.378836345415325,0.6249930661678533,0.6249930661678533
4.280134298861751,2.4733511014921934,1.8067831973695574,1.8067831973695574
3.592580248493403,2.3463069279237034,1.2462733205696996,1.2462733205696996
2.3,2.361527573731524,-0.0615275737315244,0.0615275737315244
1.1,2.360916724511608,-1.260916724511608,1.260916724511608
2.1,2.295878351463798,-0.19587835146379806,0.19587835146379806
0.7107039593083359,0.6278692421375909,0.08283471717074498,0.08283471717074498
1.3411688832335629,0.7220323543934655,0.6191365288400974,0.6191365288400974
0.9814360581560068,0.6298907360601527,0.3515453220958541,0.3515453220958541
0.6821726355797036,0.5818338345054915,0.10033880107421211,0.10033880107421211
1.2309422257456628,0.648532136509618,0.5824100892360448,0.5824100892360448
0.9352419701157908,0.5659312438752483,0.3693107262405425,0.3693107262405425
0.5714159022282193,0.8101344620987024,-0.23871855987048318,0.23871855987048318
1.1835686146592244,0.8881769759997595,0.29539163865946483,0.29539163865946483
0.8099944456086376,0.6948141992040533,0.11518024640458435,0.11518024640458435
0.7,0.5596169984066488,0.14038300159335115,0.14038300159335115
0.6,0.5204780464403271,0.07952195355967284,0.07952195355967284
0.7,0.6077647498003305,0.0922352501996695,0.0922352501996695
0.4892093570559104,0.6036161691418108,-0.11440681208590042,0.11440681208590042
0.5561447310735069,0.6916560867487379,-0.13551135567523098,0.13551135567523098
0.5048175502104532,0.6084709749677163,-0.10365342475726314,0.10365342475726314
0.4632654520489824,0.5615492246824819,-0.09828377263349952,0.09828377263349952
0.7496304931127424,0.6247744080176891,0.1248560850950533,0.1248560850950533
0.5633174517358029,0.5523336421400716,0.010983809595731309,0.010983809595731309
0.4788089757102604,0.7646339249048509,-0.28582494919459056,0.28582494919459056
0.8188652144271537,0.8416725581486233,-0.02280734372146964,0.02280734372146964
0.5842063659602571,0.6670790310541864,-0.08287266509392932,0.08287266509392932
0.5,0.5460193966714723,-0.04601939667147226,0.04601939667147226
0.4,0.5093496827167853,-0.10934968271678525,0.10934968271678525
0.6,0.5930389536912782,0.006961046308721741,0.006961046308721741
2.291177593433027,2.798692464828491,-0.5075148713954643,0.5075148713954643
4.746403988018382,3.7161223888397217,1.03028159917866,1.03028159917866
3.474743554785576,3.0094268321990967,0.46531672258647916,0.46531672258647916
1.6788303054282812,2.828361749649048,-1.1495314442207667,1.1495314442207667
4.580426866194772,3.759934663772583,0.820492202422189,0.820492202422189
2.9826713553861293,2.806170463562012,0.1765008918241171,0.1765008918241171
3.0038294115831783,2.3021514415740967,0.7016779700090816,0.7016779700090816
4.280134298861751,2.785550117492676,1.494584181369075,1.494584181369075
3.592580248493403,2.314741849899292,1.277838398594111,1.277838398594111
2.3,2.733172416687012,-0.43317241668701234,0.43317241668701234
1.1,2.695915699005127,-1.5959156990051269,1.5959156990051269
2.1,2.1290323734283447,-0.029032373428344638,0.029032373428344638
0.7107039593083359,1.123565912246704,-0.41286195293836825,0.41286195293836825
1.3411688832335629,1.6509376764297483,-0.30976879319618544,0.30976879319618544
0.9814360581560068,1.1698070764541626,-0.18837101829815583,0.18837101829815583
0.6821726355797036,1.0434410572052002,-0.36126842162549655,0.36126842162549655
1.2309422257456628,1.6314822435379028,-0.40054001779224,0.40054001779224
0.9352419701157908,1.037779450416565,-0.10253748030077414,0.10253748030077414
0.5714159022282193,0.9252972602844238,-0.3538813580562046,0.3538813580562046
1.1835686146592244,1.0639432668685913,0.11962534779063305,0.11962534779063305
0.8099944456086376,0.8470529913902283,-0.037058545781590624,0.037058545781590624
0.7,0.9408117532730104,-0.2408117532730104,0.2408117532730104
0.6,0.8805363774299622,-0.2805363774299622,0.2805363774299622
0.7,0.6594629287719727,0.0405370712280273,0.0405370712280273
0.4892093570559104,0.6337606906890869,-0.14455133363317652,0.14455133363317652
0.5561447310735069,1.067484736442566,-0.511340005369059,0.511340005369059
0.5048175502104532,0.6554547548294067,-0.15063720461895358,0.15063720461895358
0.4632654520489824,0.6194334626197815,-0.1561680105707991,0.1561680105707991
0.7496304931127424,1.1138266324996948,-0.3641961393869524,0.3641961393869524
0.5633174517358029,0.6107233166694641,-0.04740586493366117,0.04740586493366117
0.4788089757102604,0.8365057706832886,-0.3576967949730282,0.3576967949730282
0.8188652144271537,0.9073400497436525,-0.0884748353164988,0.0884748353164988
0.5842063659602571,0.7402673363685608,-0.1560609704083037,0.1560609704083037
0.5,0.4887067675590515,0.011293232440948486,0.011293232440948486
0.4,0.4915332198143005,-0.09153321981430046,0.09153321981430046
0.6,0.6064376831054688,-0.006437683105468772,0.006437683105468772
2.291177593433027,1.0942203337431495,1.1969572596898774,1.1969572596898774
4.746403988018382,1.0942203337431495,3.652183654275232,3.652183654275232
3.474743554785576,1.0942203337431495,2.3805232210424263,2.3805232210424263
1.6788303054282812,1.0942203337431495,0.5846099716851316,0.5846099716851316
4.580426866194772,1.0942203337431495,3.4862065324516225,3.4862065324516225
2.9826713553861293,1.0942203337431495,1.8884510216429797,1.8884510216429797
3.0038294115831783,1.0942203337431495,1.9096090778400288,1.9096090778400288
4.280134298861751,1.0942203337431495,3.1859139651186013,3.1859139651186013
3.592580248493403,1.0942203337431495,2.4983599147502535,2.4983599147502535
2.3,1.0942203337431495,1.2057796662568503,1.2057796662568503
1.1,1.0942203337431495,0.0057796662568505575,0.0057796662568505575
2.1,1.0942203337431495,1.0057796662568506,1.0057796662568506
0.7107039593083359,1.0942203337431495,-0.3835163744348137,0.3835163744348137
1.3411688832335629,1.0942203337431495,0.24694854949041334,0.24694854949041334
0.9814360581560068,1.0942203337431495,-0.11278427558714277,0.11278427558714277
0.6821726355797036,1.0942203337431495,-0.4120476981634459,0.4120476981634459
1.2309422257456628,1.0942203337431495,0.13672189200251328,0.13672189200251328
0.9352419701157908,1.0942203337431495,-0.15897836362735873,0.15897836362735873
0.5714159022282193,1.0942203337431495,-0.5228044315149303,0.5228044315149303
1.1835686146592244,1.0942203337431495,0.08934828091607483,0.08934828091607483
0.8099944456086376,1.0942203337431495,-0.2842258881345119,0.2842258881345119
0.7,1.0942203337431495,-0.3942203337431496,0.3942203337431496
0.6,1.0942203337431495,-0.49422033374314955,0.49422033374314955
0.7,1.0942203337431495,-0.3942203337431496,0.3942203337431496
0.4892093570559104,1.0942203337431495,-0.6050109766872391,0.6050109766872391
0.5561447310735069,1.0942203337431495,-0.5380756026696426,0.5380756026696426
0.5048175502104532,1.0942203337431495,-0.5894027835326964,0.5894027835326964
0.4632654520489824,1.0942203337431495,-0.6309548816941671,0.6309548816941671
0.7496304931127424,1.0942203337431495,-0.3445898406304071,0.3445898406304071
0.5633174517358029,1.0942203337431495,-0.5309028820073466,0.5309028820073466
0.4788089757102604,1.0942203337431495,-0.6154113580328892,0.6154113580328892
0.8188652144271537,1.0942203337431495,-0.2753551193159959,0.2753551193159959
0.5842063659602571,1.0942203337431495,-0.5100139677828924,0.5100139677828924
0.5,1.0942203337431495,-0.5942203337431495,0.5942203337431495
0.4,1.0942203337431495,-0.6942203337431495,0.6942203337431495
0.6,1.0942203337431495,-0.49422033374314955,0.49422033374314955
2.291177593433027,1.0942203337431495,1.1969572596898774,1.1969572596898774
4.746403988018382,1.0942203337431495,3.652183654275232,3.652183654275232
3.474743554785576,1.0942203337431495,2.3805232210424263,2.3805232210424263
1.6788303054282812,1.0942203337431495,0.5846099716851316,0.5846099716851316
4.580426866194772,1.0942203337431495,3.4862065324516225,3.4862065324516225
2.9826713553861293,1.0942203337431495,1.8884510216429797,1.8884510216429797
3.0038294115831783,1.0942203337431495,1.9096090778400288,1.9096090778400288
4.280134298861751,1.0942203337431495,3.1859139651186013,3.1859139651186013
3.592580248493403,1.0942203337431495,2.4983599147502535,2.4983599147502535
2.3,1.0942203337431495,1.2057796662568503,1.2057796662568503
1.1,1.0942203337431495,0.0057796662568505575,0.0057796662568505575
2.1,1.0942203337431495,1.0057796662568506,1.0057796662568506
0.7107039593083359,1.0942203337431495,-0.3835163744348137,0.3835163744348137
1.3411688832335629,1.0942203337431495,0.24694854949041334,0.24694854949041334
0.9814360581560068,1.0942203337431495,-0.11278427558714277,0.11278427558714277
0.6821726355797036,1.0942203337431495,-0.4120476981634459,0.4120476981634459
1.2309422257456628,1.0942203337431495,0.13672189200251328,0.13672189200251328
0.9352419701157908,1.0942203337431495,-0.15897836362735873,0.15897836362735873
0.5714159022282193,1.0942203337431495,-0.5228044315149303,0.5228044315149303
1.1835686146592244,1.0942203337431495,0.08934828091607483,0.08934828091607483
0.8099944456086376,1.0942203337431495,-0.2842258881345119,0.2842258881345119
0.7,1.0942203337431495,-0.3942203337431496,0.3942203337431496
0.6,1.0942203337431495,-0.49422033374314955,0.49422033374314955
0.7,1.0942203337431495,-0.3942203337431496,0.3942203337431496
0.4892093570559104,1.0942203337431495,-0.6050109766872391,0.6050109766872391
0.5561447310735069,1.0942203337431495,-0.5380756026696426,0.5380756026696426
0.5048175502104532,1.0942203337431495,-0.5894027835326964,0.5894027835326964
0.4632654520489824,1.0942203337431495,-0.6309548816941671,0.6309548816941671
0.7496304931127424,1.0942203337431495,-0.3445898406304071,0.3445898406304071
0.5633174517358029,1.0942203337431495,-0.5309028820073466,0.5309028820073466
0.4788089757102604,1.0942203337431495,-0.6154113580328892,0.6154113580328892
0.8188652144271537,1.0942203337431495,-0.2753551193159959,0.2753551193159959
0.5842063659602571,1.0942203337431495,-0.5100139677828924,0.5100139677828924
0.5,1.0942203337431495,-0.5942203337431495,0.5942203337431495
0.4,1.0942203337431495,-0.6942203337431495,0.6942203337431495
0.6,1.0942203337431495,-0.49422033374314955,0.49422033374314955
1.6268858066002263,2.2382190589667994,-0.6113332523665731,0.6113332523665731
1.9919193221111424,2.869992695377128,-0.8780733732659858,0.8780733732659858
1.6750870924050658,2.203688755481726,-0.5286016630766603,0.5286016630766603
2.591624259545572,2.3056120901706985,0.2860121693748736,0.2860121693748736
3.423349924580549,3.368155287887958,0.05519463669259084,0.05519463669259084
2.6510166735556018,2.53055180955789,0.12046486399771172,0.12046486399771172
1.3718829183654722,1.8402083183613616,-0.4683253999958894,0.4683253999958894
1.540156423059482,2.762809971363516,-1.2226535483040342,1.2226535483040342
1.4308611121074777,1.9010347453597365,-0.4701736332522588,0.4701736332522588
1.0,1.9500240933079096,-0.9500240933079096,0.9500240933079096
3.0,2.101872224829844,0.8981277751701562,0.8981277751701562
1.2,1.6098236016954417,-0.40982360169544174,0.40982360169544174
0.8570862730857126,0.6512194491312262,0.2058668239544864,0.2058668239544864
0.879146894389113,1.2829930855415552,-0.40384619115244225,0.40384619115244225
0.8655043603230825,0.6166891456461531,0.24881521467692946,0.24881521467692946
0.6700120852270204,0.7186124803351248,-0.04860039510810443,0.04860039510810443
0.653829971282899,1.781155678052385,-1.127325706769486,1.127325706769486
0.6636769574159984,0.9435521997223166,-0.2798752423063182,0.2798752423063182
0.4787820909269001,0.2532087085257886,0.22557338240111152,0.22557338240111152
0.7279249098775472,1.1758103615279427,-0.4478854516503955,0.4478854516503955
0.5480873832187684,0.3140351355241629,0.23405224769460548,0.23405224769460548
0.7,0.3630244834723366,0.33697551652766333,0.33697551652766333
0.5,0.5148726149942702,-0.014872614994270172,0.014872614994270172
0.4,0.0228239918598682,0.3771760081401318,0.3771760081401318
0.579730411471064,0.4374632333242112,0.14226717814685275,0.14226717814685275
0.774283389787513,1.06923686973454,-0.29495347994702703,0.29495347994702703
0.6391522952809118,0.4029329298391378,0.23621936544177397,0.23621936544177397
0.4950587775158489,0.5048562645281097,-0.009797487012260797,0.009797487012260797
0.7530910039174339,1.56739946224537,-0.8143084583279361,0.8143084583279361
0.5950828682883496,0.7297959839153015,-0.13471311562695198,0.13471311562695198
0.3687334249789068,0.0394524927187733,0.32928093226013355,0.32928093226013355
0.4313168954422955,0.9620541457209276,-0.5307372502786321,0.5307372502786321
0.3707166752248346,0.1002789197171476,0.270437755507687,0.270437755507687
0.6,0.1492682676653214,0.45073173233467856,0.45073173233467856
0.5,0.3011163991872549,0.1988836008127451,0.1988836008127451
0.4,0.0,0.4,0.4
1.6268858066002263,2.123026730557432,-0.4961409239572059,0.4961409239572059
1.9919193221111424,2.8933565965775485,-0.9014372744664061,0.9014372744664061
1.6750870924050658,2.213407342893017,-0.5383202504879514,0.5383202504879514
2.591624259545572,2.238770868123714,0.3528533914218581,0.3528533914218581
3.423349924580549,3.22674815805706,0.19660176652348893,0.19660176652348893
2.6510166735556018,2.5999715259250182,0.05104514763058354,0.05104514763058354
1.3718829183654722,1.908587323858725,-0.5367044054932528,0.5367044054932528
1.540156423059482,2.7416623567990657,-1.2015059337395837,1.2015059337395837
1.4308611121074777,2.038271161030381,-0.6074100489229033,0.6074100489229033
1.0,1.842262869883193,-0.8422628698831931,0.8422628698831931
3.0,2.057460418757892,0.9425395812421078,0.9425395812421078
1.2,1.6046597101958353,-0.40465971019583535,0.40465971019583535
0.8570862730857126,0.5408397370849545,0.31624653600075814,0.31624653600075814
0.879146894389113,1.3111696031050712,-0.43202270871595827,0.43202270871595827
0.8655043603230825,0.6312203494205398,0.2342840109025427,0.2342840109025427
0.6700120852270204,0.6565838746512371,0.01342821057578325,0.01342821057578325
0.653829971282899,1.644561164584583,-0.990731193301684,0.990731193301684
0.6636769574159984,1.017784532452541,-0.35410757503654255,0.35410757503654255
0.4787820909269001,0.3264003303862477,0.1523817605406524,0.1523817605406524
0.7279249098775472,1.1594753633265882,-0.43155045344904097,0.43155045344904097
0.5480873832187684,0.4560841675579036,0.09200321566086478,0.09200321566086478
0.7,0.2600758764107161,0.43992412358928384,0.43992412358928384
0.5,0.4752734252854153,0.024726574714584726,0.024726574714584726
0.4,0.0224727167233582,0.3775272832766418,0.3775272832766418
0.579730411471064,0.3313540308906635,0.24837638058040046,0.24837638058040046
0.774283389787513,1.1016838969107805,-0.3274005071232675,0.3274005071232675
0.6391522952809118,0.4217346432262489,0.2174176520546629,0.2174176520546629
0.4950587775158489,0.4470981684569463,0.04796060905890265,0.04796060905890265
0.7530910039174339,1.4350754583902925,-0.6819844544728586,0.6819844544728586
0.5950828682883496,0.80829882625825,-0.21321595796990045,0.21321595796990045
0.3687334249789068,0.1169146241919569,0.2518188007869499,0.2518188007869499
0.4313168954422955,0.9499896571322972,-0.5186727616900018,0.5186727616900018
0.3707166752248346,0.2465984613636128,0.1241182138612218,0.1241182138612218
0.6,0.0505901702164253,0.5494098297835747,0.5494098297835747
0.5,0.2657877190911243,0.2342122809088757,0.2342122809088757
0.4,0.0,0.4,0.4
1.6268858066002263,2.039557420254112,-0.4126716136538855,0.4126716136538855
1.9919193221111424,2.8295847983978395,-0.8376654762866971,0.8376654762866971
1.6750870924050658,2.1906841869751603,-0.5155970945700945,0.5155970945700945
2.591624259545572,2.182250811404525,0.4093734481410469,0.4093734481410469
3.423349924580549,3.0661351722372645,0.3572147523432845,0.3572147523432845
2.6510166735556018,2.6164147314430783,0.03460194211252343,0.03460194211252343
1.3718829183654722,2.037866082577992,-0.66598316421252,0.66598316421252
1.540156423059482,2.7639975135081976,-1.2238410904487156,1.2238410904487156
1.4308611121074777,2.2085228937119403,-0.7776617816044626,0.7776617816044626
1.0,1.675000518899861,-0.6750005188998609,0.6750005188998609
3.0,2.125072405311382,0.8749275946886179,0.8749275946886179
1.2,1.7123747844277586,-0.5123747844277586,0.5123747844277586
0.8570862730857126,0.4464490053701659,0.4106372677155467,0.4106372677155467
0.879146894389113,1.2364763835138934,-0.35732948912478046,0.35732948912478046
0.8655043603230825,0.597575772091214,0.2679285882318685,0.2679285882318685
0.6700120852270204,0.5891423965205789,0.08086968870644151,0.08086968870644151
0.653829971282899,1.4730267573533184,-0.8191967860704195,0.8191967860704195
0.6636769574159984,1.0233063165591318,-0.35962935914313343,0.35962935914313343
0.4787820909269001,0.444757667694045,0.034024423232855094,0.034024423232855094
0.7279249098775472,1.1708890986242515,-0.4429641887467043,0.4429641887467043
0.5480873832187684,0.6154144788279942,-0.06732709560922578,0.06732709560922578
0.7,0.0818921040159144,0.6181078959840856,0.6181078959840856
0.5,0.5319639904274357,-0.031963990427435696,0.031963990427435696
0.4,0.1192663695438125,0.2807336304561875,0.2807336304561875
0.579730411471064,0.2388015946115208,0.3409288168595431,0.3409288168595431
0.774283389787513,1.0288289727552486,-0.25454558296773566,0.25454558296773566
0.6391522952809118,0.389928361332569,0.2492239339483428,0.2492239339483428
0.4950587775158489,0.3814949857619339,0.11356379175391501,0.11356379175391501
0.7530910039174339,1.2653793465946737,-0.5122883426772398,0.5122883426772398
0.5950828682883496,0.8156589058004869,-0.2205760375121374,0.2205760375121374
0.3687334249789068,0.2371102569354002,0.13162316804350663,0.13162316804350663
0.4313168954422955,0.9632416878656064,-0.5319247924233108,0.5319247924233108
0.3707166752248346,0.4077670680693492,-0.03705039284451461,0.03705039284451461
0.6,0.0,0.6,0.6
0.5,0.3243165796687905,0.17568342033120948,0.17568342033120948
0.4,0.0,0.4,0.4
1.6268858066002263,2.0821767062626124,-0.4552908996623861,0.4552908996623861
1.9919193221111424,2.89848789741553,-0.9065685753043877,0.9065685753043877
1.6750870924050658,2.234654921332257,-0.5595678289271913,0.5595678289271913
2.591624259545572,2.202395301710058,0.38922895783551414,0.38922895783551414
3.423349924580549,3.081685270394037,0.3416646541865118,0.3416646541865118
2.6510166735556018,2.578453421197384,0.07256325235821759,0.07256325235821759
1.3718829183654722,1.9946530832463152,-0.622770164880843,0.622770164880843
1.540156423059482,2.7406492445152213,-1.2004928214557393,1.2004928214557393
1.4308611121074777,2.152227942755861,-0.7213668306483831,0.7213668306483831
1.0,1.753990325028937,-0.753990325028937,0.753990325028937
3.0,2.0239663221679143,0.9760336778320857,0.9760336778320857
1.2,1.6338375100166338,-0.43383751001663384,0.43383751001663384
0.8570862730857126,0.4864701172588817,0.37061615582683094,0.37061615582683094
0.879146894389113,1.3027813084117994,-0.4236344140226864,0.4236344140226864
0.8655043603230825,0.6389483323285268,0.22655602799455576,0.22655602799455576
0.6700120852270204,0.6066887127063268,0.06332337252069353,0.06332337252069353
0.653829971282899,1.4859786813903066,-0.8321487101074077,0.8321487101074077
0.6636769574159984,0.9827468321936524,-0.31906987477765403,0.31906987477765403
0.4787820909269001,0.3989464942425841,0.079835596684316,0.079835596684316
0.7279249098775472,1.1449426555114903,-0.4170177456339431,0.4170177456339431
0.5480873832187684,0.5565213537521301,-0.008433970533361701,0.008433970533361701
0.7,0.158283736025206,0.5417162639747939,0.5417162639747939
0.5,0.4282597331641832,0.0717402668358168,0.0717402668358168
0.4,0.0381309210129028,0.3618690789870972,0.3618690789870972
0.579730411471064,0.2769513744393881,0.30277903703167586,0.30277903703167586
0.774283389787513,1.0932625655923058,-0.31897917580479285,0.31897917580479285
0.6391522952809118,0.4294295895090332,0.20972270577187857,0.20972270577187857
0.4950587775158489,0.3971699698868333,0.09788880762901564,0.09788880762901564
0.7530910039174339,1.276459938570813,-0.5233689346533792,0.5233689346533792
0.5950828682883496,0.7732280893741588,-0.1781452210858092,0.1781452210858092
0.3687334249789068,0.1894277514230906,0.17930567355581623,0.17930567355581623
0.4313168954422955,0.935423912691997,-0.5041070172497015,0.5041070172497015
0.3707166752248346,0.3470026109326365,0.023714064292198078,0.023714064292198078
0.6,0.0,0.6,0.6
0.5,0.2187409903446897,0.2812590096553103,0.2812590096553103
0.4,0.0,0.4,0.4
1.6268858066002263,1.701048085409749,-0.07416227880952264,0.07416227880952264
1.9919193221111424,2.887884665596921,-0.8959653434857784,0.8959653434857784
1.6750870924050658,2.086351155571038,-0.4112640631659721,0.4112640631659721
2.591624259545572,3.2959665707903496,-0.7043423112447775,0.7043423112447775
3.423349924580549,4.162398020317442,-0.7390480957368935,0.7390480957368935
2.6510166735556018,3.689157197059085,-1.038140523503483,1.038140523503483
1.3718829183654722,1.713797772918943,-0.3419148545534709,0.3419148545534709
1.540156423059482,2.757597723429308,-1.2174413003698261,1.2174413003698261
1.4308611121074777,2.0720793687539456,-0.6412182566464679,0.6412182566464679
1.0,1.6743835959091158,-0.6743835959091158,0.6743835959091158
3.0,1.680749246523357,1.319250753476643,1.319250753476643
1.2,1.650980510799576,-0.45098051079957613,0.45098051079957613
0.8570862730857126,0.6059806568744874,0.2511056162112252,0.2511056162112252
0.879146894389113,0.920331228328792,-0.04118433393967902,0.04118433393967902
0.8655043603230825,0.5788985843436235,0.286605775979459,0.286605775979459
0.6700120852270204,0.6148131181127879,0.055198967114232445,0.055198967114232445
0.653829971282899,0.8478288214038001,-0.19399885012090112,0.19399885012090112
0.6636769574159984,0.6096976493120644,0.05397930810393403,0.05397930810393403
0.4787820909269001,0.5845212133044516,-0.10573912237755151,0.10573912237755151
0.7279249098775472,0.857880003778403,-0.1299550939008558,0.1299550939008558
0.5480873832187684,0.5896156017913249,-0.04152821857255651,0.04152821857255651
0.7,0.566454819736962,0.13354518026303797,0.13354518026303797
0.5,0.570182973901371,-0.07018297390137096,0.07018297390137096
0.4,0.549865275672594,-0.149865275672594,0.149865275672594
0.579730411471064,0.5494107356309846,0.03031967584007933,0.03031967584007933
0.774283389787513,0.6806502230492097,0.09363316673830324,0.09363316673830324
0.6391522952809118,0.5275545803203066,0.11159771496060522,0.11159771496060522
0.4950587775158489,0.5497150931119443,-0.054656315596095406,0.054656315596095406
0.7530910039174339,0.6013670777805087,0.1517239261369252,0.1517239261369252
0.5950828682883496,0.5421329605938198,0.052949907694529785,0.052949907694529785
0.3687334249789068,0.5369693495924835,-0.16823592461357673,0.16823592461357673
0.4313168954422955,0.6208358656884984,-0.18951897024620284,0.18951897024620284
0.3707166752248346,0.5373850297086769,-0.16666835448384226,0.16666835448384226
0.6,0.5174961490971949,0.0825038509028051,0.0825038509028051
0.5,0.5246993635312365,-0.024699363531236473,0.024699363531236473
0.4,0.4987390527012707,-0.0987390527012707,0.0987390527012707
1.6268858066002263,1.5771610736846924,0.04972473291553392,0.04972473291553392
1.9919193221111424,3.0720043182373047,-1.0800849961261623,1.0800849961261623
1.6750870924050658,2.213526725769043,-0.5384396333639772,0.5384396333639772
2.591624259545572,3.1099140644073486,-0.5182898048617766,0.5182898048617766
3.423349924580549,4.345386981964111,-0.9220370573835623,0.9220370573835623
2.6510166735556018,3.73281192779541,-1.0817952542398084,1.0817952542398084
1.3718829183654722,1.4343756437301636,-0.062492725364691415,0.062492725364691415
1.540156423059482,2.7365567684173584,-1.1964003453578764,1.1964003453578764
1.4308611121074777,2.132295608520508,-0.7014344964130301,0.7014344964130301
1.0,1.5461746454238892,-0.5461746454238892,0.5461746454238892
3.0,1.514043211936951,1.485956788063049,1.485956788063049
1.2,1.481101393699646,-0.28110139369964604,0.28110139369964604
0.8570862730857126,0.5020418763160706,0.35504439676964206,0.35504439676964206
0.879146894389113,0.9038971662521362,-0.024750271863023254,0.024750271863023254
0.8655043603230825,0.642977237701416,0.22252712262166652,0.22252712262166652
0.6700120852270204,1.1408448219299316,-0.47083273670291126,0.47083273670291126
0.653829971282899,1.419793963432312,-0.765963992149413,0.765963992149413
0.6636769574159984,1.2589149475097656,-0.5952379900937672,0.5952379900937672
0.4787820909269001,0.4006872773170471,0.07809481360985299,0.07809481360985299
0.7279249098775472,0.7341771125793457,-0.006252202701798493,0.006252202701798493
0.5480873832187684,0.6180151700973511,-0.0699277868785827,0.0699277868785827
0.7,0.477260559797287,0.22273944020271297,0.22273944020271297
0.5,0.481088250875473,0.018911749124526978,0.018911749124526978
0.4,0.4227670729160309,-0.02276707291603086,0.02276707291603086
0.579730411471064,0.3813722133636474,0.19835819810741656,0.19835819810741656
0.774283389787513,0.6098943948745728,0.16438899491294023,0.16438899491294023
0.6391522952809118,0.467582106590271,0.17157018869064078,0.17157018869064078
0.4950587775158489,0.4627374708652496,0.032321306650599346,0.032321306650599346
0.7530910039174339,0.6297526359558105,0.12333836796162334,0.12333836796162334
0.5950828682883496,0.5142224431037903,0.08086042518455927,0.08086042518455927
0.3687334249789068,0.2900871932506561,0.07864623172825075,0.07864623172825075
0.4313168954422955,0.4919666945934295,-0.060649799151134,0.060649799151134
0.3707166752248346,0.4622800648212433,-0.0915633895964087,0.0915633895964087
0.6,0.3616899251937866,0.23831007480621336,0.23831007480621336
0.5,0.3238786160945892,0.17612138390541082,0.17612138390541082
0.4,0.3273400068283081,0.07265999317169192,0.07265999317169192
1.6268858066002263,1.211256270446737,0.4156295361534894,0.4156295361534894
1.9919193221111424,1.211256270446737,0.7806630516644055,0.7806630516644055
1.6750870924050658,1.211256270446737,0.4638308219583289,0.4638308219583289
2.591624259545572,1.211256270446737,1.3803679890988352,1.3803679890988352
3.423349924580549,1.211256270446737,2.2120936541338123,2.2120936541338123
2.6510166735556018,1.211256270446737,1.4397604031088649,1.4397604031088649
1.3718829183654722,1.211256270446737,0.16062664791873527,0.16062664791873527
1.540156423059482,1.211256270446737,0.3289001526127451,0.3289001526127451
1.4308611121074777,1.211256270446737,0.2196048416607408,0.2196048416607408
1.0,1.211256270446737,-0.2112562704467369,0.2112562704467369
3.0,1.211256270446737,1.788743729553263,1.788743729553263
1.2,1.211256270446737,-0.011256270446736938,0.011256270446736938
0.8570862730857126,1.211256270446737,-0.3541699973610243,0.3541699973610243
0.879146894389113,1.211256270446737,-0.3321093760576239,0.3321093760576239
0.8655043603230825,1.211256270446737,-0.34575191012365436,0.34575191012365436
0.6700120852270204,1.211256270446737,-0.5412441852197165,0.5412441852197165
0.653829971282899,1.211256270446737,-0.5574262991638379,0.5574262991638379
0.6636769574159984,1.211256270446737,-0.5475793130307385,0.5475793130307385
0.4787820909269001,1.211256270446737,-0.7324741795198368,0.7324741795198368
0.7279249098775472,1.211256270446737,-0.4833313605691897,0.4833313605691897
0.5480873832187684,1.211256270446737,-0.6631688872279685,0.6631688872279685
0.7,1.211256270446737,-0.5112562704467369,0.5112562704467369
0.5,1.211256270446737,-0.7112562704467369,0.7112562704467369
0.4,1.211256270446737,-0.8112562704467369,0.8112562704467369
0.579730411471064,1.211256270446737,-0.6315258589756729,0.6315258589756729
0.774283389787513,1.211256270446737,-0.4369728806592239,0.4369728806592239
0.6391522952809118,1.211256270446737,-0.5721039751658251,0.5721039751658251
0.4950587775158489,1.211256270446737,-0.716197492930888,0.716197492930888
0.7530910039174339,1.211256270446737,-0.458165266529303,0.458165266529303
0.5950828682883496,1.211256270446737,-0.6161734021583873,0.6161734021583873
0.3687334249789068,1.211256270446737,-0.8425228454678301,0.8425228454678301
0.4313168954422955,1.211256270446737,-0.7799393750044414,0.7799393750044414
0.3707166752248346,1.211256270446737,-0.8405395952219024,0.8405395952219024
0.6,1.211256270446737,-0.6112562704467369,0.6112562704467369
0.5,1.211256270446737,-0.7112562704467369,0.7112562704467369
0.4,1.211256270446737,-0.8112562704467369,0.8112562704467369
1.6268858066002263,1.211256270446737,0.4156295361534894,0.4156295361534894
1.9919193221111424,1.211256270446737,0.7806630516644055,0.7806630516644055
1.6750870924050658,1.211256270446737,0.4638308219583289,0.4638308219583289
2.591624259545572,1.211256270446737,1.3803679890988352,1.3803679890988352
3.423349924580549,1.211256270446737,2.2120936541338123,2.2120936541338123
2.6510166735556018,1.211256270446737,1.4397604031088649,1.4397604031088649
1.3718829183654722,1.211256270446737,0.16062664791873527,0.16062664791873527
1.540156423059482,1.211256270446737,0.3289001526127451,0.3289001526127451
1.4308611121074777,1.211256270446737,0.2196048416607408,0.2196048416607408
1.0,1.211256270446737,-0.2112562704467369,0.2112562704467369
3.0,1.211256270446737,1.788743729553263,1.788743729553263
1.2,1.211256270446737,-0.011256270446736938,0.011256270446736938
0.8570862730857126,1.211256270446737,-0.3541699973610243,0.3541699973610243
0.879146894389113,1.211256270446737,-0.3321093760576239,0.3321093760576239
0.8655043603230825,1.211256270446737,-0.34575191012365436,0.34575191012365436
0.6700120852270204,1.211256270446737,-0.5412441852197165,0.5412441852197165
0.653829971282899,1.211256270446737,-0.5574262991638379,0.5574262991638379
0.6636769574159984,1.211256270446737,-0.5475793130307385,0.5475793130307385
0.4787820909269001,1.211256270446737,-0.7324741795198368,0.7324741795198368
0.7279249098775472,1.211256270446737,-0.4833313605691897,0.4833313605691897
0.5480873832187684,1.211256270446737,-0.6631688872279685,0.6631688872279685
0.7,1.211256270446737,-0.5112562704467369,0.5112562704467369
0.5,1.211256270446737,-0.7112562704467369,0.7112562704467369
0.4,1.211256270446737,-0.8112562704467369,0.8112562704467369
0.579730411471064,1.211256270446737,-0.6315258589756729,0.6315258589756729
0.774283389787513,1.211256270446737,-0.4369728806592239,0.4369728806592239
0.6391522952809118,1.211256270446737,-0.5721039751658251,0.5721039751658251
0.4950587775158489,1.211256270446737,-0.716197492930888,0.716197492930888
0.7530910039174339,1.211256270446737,-0.458165266529303,0.458165266529303
0.5950828682883496,1.211256270446737,-0.6161734021583873,0.6161734021583873
0.3687334249789068,1.211256270446737,-0.8425228454678301,0.8425228454678301
0.4313168954422955,1.211256270446737,-0.7799393750044414,0.7799393750044414
0.3707166752248346,1.211256270446737,-0.8405395952219024,0.8405395952219024
0.6,1.211256270446737,-0.6112562704467369,0.6112562704467369
0.5,1.211256270446737,-0.7112562704467369,0.7112562704467369
0.4,1.211256270446737,-0.8112562704467369,0.8112562704467369
1.5222384603844508,1.7740146762527331,-0.25177621586828236,0.25177621586828236
1.723713168491681,2.3436776477672714,-0.6199644792755903,0.6199644792755903
1.60003238244435,2.113925263019288,-0.5138928805749381,0.5138928805749381
1.2175480596073385,1.6307393013848048,-0.41319124177746636,0.41319124177746636
7.244065383360269,2.1577690060552923,5.0862963773049765,5.0862963773049765
1.4355644271735015,1.642501540335954,-0.20693711316245245,0.20693711316245245
1.658719821291578,2.0676371121060333,-0.4089172908144554,0.4089172908144554
2.314641460829224,2.424232331611992,-0.10959087078276797,0.10959087078276797
1.9348144714872644,2.258462064666529,-0.32364759317926484,0.32364759317926484
1.3,2.1081336850370453,-0.8081336850370453,0.8081336850370453
1.0,1.1891358872504103,-0.1891358872504103,0.1891358872504103
2.5,2.6090144932114727,-0.10901449321147272,0.10901449321147272
0.6401206168693183,0.2073303144884837,0.4327903023808346,0.4327903023808346
0.8018694899438292,0.7769932860030218,0.024876203940807473,0.024876203940807473
0.6904468967705395,0.5472409012550383,0.14320599551550117,0.14320599551550117
0.5422885207412549,0.0640549396205552,0.4782335811206997,0.4782335811206997
0.5422885207412549,0.0758171785717045,0.4664713421695504,0.4664713421695504
0.6286830497610721,0.5009527503417839,0.12773029941928826,0.12773029941928826
1.1321807165247717,0.8575479698477428,0.27463274667702886,0.27463274667702886
0.8632751628341233,0.6917777029022797,0.17149745993184362,0.17149745993184362
0.4,0.5414493232727962,-0.14144932327279613,0.14144932327279613
0.4,0.0,0.4,0.4
0.6,1.042330131447223,-0.4423301314472231,0.4423301314472231
0.3322482939632105,0.0246004356547999,0.30764785830841057,0.30764785830841057
0.4062549460293829,0.594263407169338,-0.18800846113995512,0.18800846113995512
0.3649043656974847,0.3645110224213548,0.0003933432761298872,0.0003933432761298872
0.5747979489963491,0.0,0.5747979489963491,0.5747979489963491
0.1047330767226874,0.4083547654573591,-0.3036216887346717,0.3036216887346717
0.5592824320954186,0.0,0.5592824320954186,0.5592824320954186
0.6198068833094819,0.3182228715081001,0.3015840118013818,0.3015840118013818
1.0649682679639256,0.6748180910140593,0.3901501769498663,0.3901501769498663
0.7696938879034653,0.509047824068596,0.2606460638348692,0.2606460638348692
0.5,0.3587194444391126,0.14128055556088742,0.14128055556088742
0.4,0.0,0.4,0.4
0.5,0.8596002526135395,-0.35960025261353945,0.35960025261353945
1.5222384603844508,1.7262520055822412,-0.20401354519779047,0.20401354519779047
1.723713168491681,2.3191802918676503,-0.5954671233759692,0.5954671233759692
1.60003238244435,2.118436507470645,-0.518404125026295,0.518404125026295
1.2175480596073385,1.6148501210706476,-0.39730206146330915,0.39730206146330915
7.244065383360269,2.159857541216138,5.0842078421441315,5.0842078421441315
1.4355644271735015,1.6856210376563396,-0.2500566104828381,0.2500566104828381
1.658719821291578,2.1022041582443154,-0.4434843369527375,0.4434843369527375
2.314641460829224,2.3961250991199936,-0.08148363829076954,0.08148363829076954
1.9348144714872644,2.25577866624904,-0.32096419476177585,0.32096419476177585
1.3,2.1217880556161592,-0.8217880556161592,0.8217880556161592
1.0,1.2557690200172176,-0.2557690200172176,0.2557690200172176
2.5,2.6237234338563336,-0.12372343385633355,0.12372343385633355
0.6401206168693183,0.1674404295554994,0.4726801873138189,0.4726801873138189
0.8018694899438292,0.7603687158409085,0.041500774102920746,0.041500774102920746
0.6904468967705395,0.5596249314439037,0.13082196532663581,0.13082196532663581
0.5422885207412549,0.056038545043906,0.4862499756973489,0.4862499756973489
0.5422885207412549,0.1268094616295978,0.41547905911165706,0.41547905911165706
0.6286830497610721,0.5433925822175738,0.08529046754349834,0.08529046754349834
1.1321807165247717,0.837313523093252,0.2948671934315197,0.2948671934315197
0.8632751628341233,0.6969670902222985,0.1663080726118248,0.1663080726118248
0.4,0.5629764795894177,-0.16297647958941763,0.16297647958941763
0.4,0.0,0.4,0.4
0.6,1.0649118578295915,-0.46491185782959155,0.46491185782959155
0.3322482939632105,0.0,0.3322482939632105,0.3322482939632105
0.4062549460293829,0.5785570776043796,-0.1723021315749967,0.1723021315749967
0.3649043656974847,0.3778132932073748,-0.012908927509890089,0.012908927509890089
0.5747979489963491,0.0,0.5747979489963491,0.5747979489963491
0.1047330767226874,0.4192343269528672,-0.31450125023017983,0.31450125023017983
0.5592824320954186,0.0,0.5592824320954186,0.5592824320954186
0.6198068833094819,0.3615809439810449,0.25822593932843696,0.25822593932843696
1.0649682679639256,0.655501884856723,0.4094663831072026,0.4094663831072026
0.7696938879034653,0.5151554519857696,0.25453843591769565,0.25453843591769565
0.5,0.3811648413528887,0.1188351586471113,0.1188351586471113
0.4,0.0,0.4,0.4
0.5,0.8831002195930628,-0.38310021959306284,0.38310021959306284
1.5222384603844508,1.7197488788576338,-0.19751041847318307,0.19751041847318307
1.723713168491681,2.315440172893232,-0.5917270044015508,0.5917270044015508
1.60003238244435,2.0505533803653844,-0.4505209979210343,0.4505209979210343
1.2175480596073385,1.6585296874284232,-0.44098162782108474,0.44098162782108474
7.244065383360269,2.2633666811393702,4.980698702220899,4.980698702220899
1.4355644271735015,1.8579959903715533,-0.42243156319805175,0.42243156319805175
1.658719821291578,2.286661606123501,-0.6279417848319229,0.6279417848319229
2.314641460829224,2.703427574097701,-0.3887861132684769,0.3887861132684769
1.9348144714872644,2.4881262832757143,-0.5533118117884499,0.5533118117884499
1.3,2.1273027570444305,-0.8273027570444305,0.8273027570444305
1.0,1.4577952237900222,-0.45779522379002224,0.45779522379002224
2.5,2.4188231720785063,0.08117682792149372,0.08117682792149372
0.6401206168693183,0.1530645170933824,0.4870560997759359,0.4870560997759359
0.8018694899438292,0.7487558111289802,0.053113678814849075,0.053113678814849075
0.6904468967705395,0.4838690186011329,0.2065778781694066,0.2065778781694066
0.5422885207412549,0.091845325664172,0.45044319507708286,0.45044319507708286
0.5422885207412549,0.2913116286073025,0.2509768921339524,0.2509768921339524
0.6286830497610721,0.7199772443592496,-0.09129419459817745,0.09129419459817745
1.1321807165247717,1.1367432123334495,-0.004562495808677847,0.004562495808677847
0.8632751628341233,0.9214419215114626,-0.058166758677339336,0.058166758677339336
0.4,0.5606183952801792,-0.16061839528017918,0.16061839528017918
0.4,0.0,0.4,0.4
0.6,0.8521388103142553,-0.25213881031425533,0.25213881031425533
0.3322482939632105,0.0,0.3322482939632105,0.3322482939632105
0.4062549460293829,0.5660259322953001,-0.15977098626591718,0.15977098626591718
0.3649043656974847,0.3011391397674527,0.06376522593003198,0.06376522593003198
0.5747979489963491,0.0,0.5747979489963491,0.5747979489963491
0.1047330767226874,0.5139524405414388,-0.40921936381875146,0.40921936381875146
0.5592824320954186,0.1085817497736223,0.45070068232179633,0.45070068232179633
0.6198068833094819,0.537247365525569,0.0825595177839129,0.0825595177839129
1.0649682679639256,0.9540133334997692,0.11095493446415639,0.11095493446415639
0.7696938879034653,0.7387120426777825,0.030981845225682814,0.030981845225682814
0.5,0.3778885164464988,0.12211148355350121,0.12211148355350121
0.4,0.0,0.4,0.4
0.5,0.6694089314805747,-0.16940893148057468,0.16940893148057468
1.5222384603844508,1.724229564439745,-0.2019911040552942,0.2019911040552942
1.723713168491681,2.3068149096482014,-0.5831017411565202,0.5831017411565202
1.60003238244435,2.0591742253663328,-0.4591418429219827,0.4591418429219827
1.2175480596073385,1.643311970626007,-0.4257639110186686,0.4257639110186686
7.244065383360269,2.2272026535951728,5.016862729765096,5.016862729765096
1.4355644271735015,1.8158125778964047,-0.3802481507229032,0.3802481507229032
1.658719821291578,2.2565231609285896,-0.5978033396370117,0.5978033396370117
2.314641460829224,2.6292539790179577,-0.3146125181887336,0.3146125181887336
1.9348144714872644,2.434301271830445,-0.4994868003431805,0.4994868003431805
1.3,2.106030412551798,-0.8060304125517981,0.8060304125517981
1.0,1.3924960963566189,-0.39249609635661886,0.39249609635661886
2.5,2.4670429450948554,0.032957054905144556,0.032957054905144556
0.6401206168693183,0.157807057184498,0.4823135596848203,0.4823135596848203
0.8018694899438292,0.7403924023929547,0.061477087550874554,0.061477087550874554
0.6904468967705395,0.492751718111086,0.19769517865945352,0.19769517865945352
0.5422885207412549,0.0768894633707601,0.4653990573704948,0.4653990573704948
0.5422885207412549,0.2493900706411583,0.2928984501000966,0.2928984501000966
0.6286830497610721,0.6901006536733426,-0.06141760391227047,0.06141760391227047
1.1321807165247717,1.062831471762711,0.06934924476206072,0.06934924476206072
0.8632751628341233,0.8678787645751982,-0.004603601741074881,0.004603601741074881
0.4,0.5396079052965512,-0.1396079052965512,0.1396079052965512
0.4,0.0,0.4,0.4
0.6,0.9006204378396085,-0.30062043783960857,0.30062043783960857
0.3322482939632105,0.0,0.3322482939632105,0.3322482939632105
0.4062549460293829,0.557693064901146,-0.15143811887176312,0.15143811887176312
0.3649043656974847,0.3100523806192774,0.054851985078207266,0.054851985078207266
0.5747979489963491,0.0,0.5747979489963491,0.5747979489963491
0.1047330767226874,0.4780808088481176,-0.3733477321254302,0.3733477321254302
0.5592824320954186,0.0666907331493498,0.4925916989460688,0.4925916989460688
0.6198068833094819,0.5074013161815342,0.11240556712794769,0.11240556712794769
1.0649682679639256,0.8801321342709025,0.1848361336930231,0.1848361336930231
0.7696938879034653,0.6851794270833896,0.08451446082007563,0.08451446082007563
0.5,0.3569085678047428,0.14309143219525722,0.14309143219525722
0.4,0.0,0.4,0.4
0.5,0.7179211003478001,-0.2179211003478001,0.2179211003478001
1.5222384603844508,1.98232815889003,-0.4600896985055791,0.4600896985055791
1.723713168491681,2.640072910947467,-0.9163597424557861,0.9163597424557861
1.60003238244435,2.010398410086073,-0.4103660276417229,0.4103660276417229
1.2175480596073385,1.7975567291770564,-0.580008669569718,0.580008669569718
7.244065383360269,2.220681328688398,5.023384054671871,5.023384054671871
1.4355644271735015,1.777135635969839,-0.3415712087963374,0.3415712087963374
1.658719821291578,2.262353146121307,-0.6036333248297292,0.6036333248297292
2.314641460829224,2.2722651981137587,0.04237626271546535,0.04237626271546535
1.9348144714872644,2.0737754198890426,-0.1389609484017782,0.1389609484017782
1.3,2.005990908385289,-0.7059909083852889,0.7059909083852889
1.0,1.8947939511175984,-0.8947939511175984,0.8947939511175984
2.5,2.120703734317506,0.37929626568249386,0.37929626568249386
0.6401206168693183,0.5858040535060344,0.05431656336328394,0.05431656336328394
0.8018694899438292,0.7988453604565962,0.0030241294872330737,0.0030241294872330737
0.6904468967705395,0.5799936553312802,0.11045324143925928,0.11045324143925928
0.5422885207412549,0.6533497373626294,-0.11106121662137447,0.11106121662137447
0.5422885207412549,0.6418800015378793,-0.09959148079662439,0.09959148079662439
0.6286830497610721,0.583953921111945,0.04472912864912715,0.04472912864912715
1.1321807165247717,0.8157997025120127,0.316381014012759,0.316381014012759
0.8632751628341233,0.6325399094143801,0.2307352534197432,0.2307352534197432
0.4,0.5657984013190028,-0.1657984013190028,0.1657984013190028
0.4,0.6471615354694924,-0.24716153546949238,0.24716153546949238
0.6,0.6672577014898802,-0.0672577014898802,0.0672577014898802
0.3322482939632105,0.534112729118135,-0.20186443515492453,0.20186443515492453
0.4062549460293829,0.6424253203883721,-0.2361703743589892,0.2361703743589892
0.3649043656974847,0.5220285856324803,-0.15712421993499565,0.15712421993499565
0.5747979489963491,0.5890569740204344,-0.014259025024085381,0.014259025024085381
0.1047330767226874,0.6544370332064221,-0.5497039564837347,0.5497039564837347
0.5592824320954186,0.5828369274160956,-0.023554495320676994,0.023554495320676994
0.6198068833094819,0.5339118135476779,0.08589506976180394,0.08589506976180394
1.0649682679639256,0.6672952183958811,0.3976730495680445,0.3976730495680445
0.7696938879034653,0.5818730449825901,0.1878208429208752,0.1878208429208752
0.5,0.5189089697061187,-0.01890896970611866,0.01890896970611866
0.4,0.5957195548484225,-0.19571955484842252,0.19571955484842252
0.5,0.6116193334813473,-0.11161933348134734,0.11161933348134734
1.5222384603844508,1.9062354564666748,-0.38399699608222404,0.38399699608222404
1.723713168491681,2.778292894363404,-1.054579725871723,1.054579725871723
1.60003238244435,1.873010277748108,-0.2729778953037578,0.2729778953037578
1.2175480596073385,1.395249366760254,-0.17770130715291543,0.17770130715291543
7.244065383360269,2.3508660793304443,4.8931993040298245,4.8931993040298245
1.4355644271735015,1.3920105695724487,0.04355385760105279,0.04355385760105279
1.658719821291578,2.320558786392212,-0.661838965100634,0.661838965100634
2.314641460829224,2.6477882862091064,-0.3331468253798824,0.3331468253798824
1.9348144714872644,2.256808996200561,-0.3219945247132967,0.3219945247132967
1.3,1.8278956413269043,-0.5278956413269043,0.5278956413269043
1.0,1.7745400667190552,-0.7745400667190552,0.7745400667190552
2.5,2.3317224979400635,0.16827750205993652,0.16827750205993652
0.6401206168693183,0.5509231090545654,0.08919750781475289,0.08919750781475289
0.8018694899438292,0.7793309688568115,0.022538521087017704,0.022538521087017704
0.6904468967705395,0.5620642304420471,0.12838266632849238,0.12838266632849238
0.5422885207412549,0.5163636803627014,0.02592484037855347,0.02592484037855347
0.5422885207412549,0.5291955471038818,0.013092973637373051,0.013092973637373051
0.6286830497610721,0.624491274356842,0.0041917754042301025,0.0041917754042301025
1.1321807165247717,0.7834376692771912,0.34874304724758054,0.34874304724758054
0.8632751628341233,0.6842575073242188,0.17901765550990456,0.17901765550990456
0.4,0.4857997298240661,-0.08579972982406608,0.08579972982406608
0.4,0.6896696090698242,-0.2896696090698242,0.2896696090698242
0.6,0.7997506856918335,-0.19975068569183352,0.19975068569183352
0.3322482939632105,0.4110499918460846,-0.07880169788287411,0.07880169788287411
0.4062549460293829,0.5630360841751099,-0.15678113814572697,0.15678113814572697
0.3649043656974847,0.4250703454017639,-0.06016597970427923,0.06016597970427923
0.5747979489963491,0.4164111018180847,0.15838684717826435,0.15838684717826435
0.1047330767226874,0.6367532014846802,-0.5320201247619928,0.5320201247619928
0.5592824320954186,0.4159035682678222,0.1433788638275964,0.1433788638275964
0.6198068833094819,0.4664750397205353,0.15333184358894658,0.15333184358894658
1.0649682679639256,0.613889217376709,0.45107905058721665,0.45107905058721665
0.7696938879034653,0.5623741745948792,0.20731971330858612,0.20731971330858612
0.5,0.3506252765655517,0.1493747234344483,0.1493747234344483
0.4,0.5787938833236694,-0.1787938833236694,0.1787938833236694
0.5,0.6779615879058838,-0.1779615879058838,0.1779615879058838
1.5222384603844508,1.1949953857315914,0.3272430746528594,0.3272430746528594
1.723713168491681,1.1949953857315914,0.5287177827600897,0.5287177827600897
1.60003238244435,1.1949953857315914,0.4050369967127587,0.4050369967127587
1.2175480596073385,1.1949953857315914,0.02255267387574711,0.02255267387574711
7.244065383360269,1.1949953857315914,6.049069997628678,6.049069997628678
1.4355644271735015,1.1949953857315914,0.24056904144191016,0.24056904144191016
1.658719821291578,1.1949953857315914,0.46372443555998655,0.46372443555998655
2.314641460829224,1.1949953857315914,1.1196460750976327,1.1196460750976327
1.9348144714872644,1.1949953857315914,0.739819085755673,0.739819085755673
1.3,1.1949953857315914,0.10500461426840868,0.10500461426840868
1.0,1.1949953857315914,-0.19499538573159136,0.19499538573159136
2.5,1.1949953857315914,1.3050046142684086,1.3050046142684086
0.6401206168693183,1.1949953857315914,-0.554874768862273,0.554874768862273
0.8018694899438292,1.1949953857315914,-0.39312589578776214,0.39312589578776214
0.6904468967705395,1.1949953857315914,-0.5045484889610519,0.5045484889610519
0.5422885207412549,1.1949953857315914,-0.6527068649903365,0.6527068649903365
0.5422885207412549,1.1949953857315914,-0.6527068649903365,0.6527068649903365
0.6286830497610721,1.1949953857315914,-0.5663123359705192,0.5663123359705192
1.1321807165247717,1.1949953857315914,-0.06281466920681966,0.06281466920681966
0.8632751628341233,1.1949953857315914,-0.33172022289746805,0.33172022289746805
0.4,1.1949953857315914,-0.7949953857315913,0.7949953857315913
0.4,1.1949953857315914,-0.7949953857315913,0.7949953857315913
0.6,1.1949953857315914,-0.5949953857315914,0.5949953857315914
0.3322482939632105,1.1949953857315914,-0.8627470917683808,0.8627470917683808
0.4062549460293829,1.1949953857315914,-0.7887404397022084,0.7887404397022084
0.3649043656974847,1.1949953857315914,-0.8300910200341067,0.8300910200341067
0.5747979489963491,1.1949953857315914,-0.6201974367352423,0.6201974367352423
0.1047330767226874,1.1949953857315914,-1.0902623090089039,1.0902623090089039
0.5592824320954186,1.1949953857315914,-0.6357129536361728,0.6357129536361728
0.6198068833094819,1.1949953857315914,-0.5751885024221095,0.5751885024221095
1.0649682679639256,1.1949953857315914,-0.13002711776766573,0.13002711776766573
0.7696938879034653,1.1949953857315914,-0.4253014978281261,0.4253014978281261
0.5,1.1949953857315914,-0.6949953857315914,0.6949953857315914
0.4,1.1949953857315914,-0.7949953857315913,0.7949953857315913
0.5,1.1949953857315914,-0.6949953857315914,0.6949953857315914
1.5222384603844508,1.1949953857315914,0.3272430746528594,0.3272430746528594
1.723713168491681,1.1949953857315914,0.5287177827600897,0.5287177827600897
1.60003238244435,1.1949953857315914,0.4050369967127587,0.4050369967127587
1.2175480596073385,1.1949953857315914,0.02255267387574711,0.02255267387574711
7.244065383360269,1.1949953857315914,6.049069997628678,6.049069997628678
1.4355644271735015,1.1949953857315914,0.24056904144191016,0.24056904144191016
1.658719821291578,1.1949953857315914,0.46372443555998655,0.46372443555998655
2.314641460829224,1.1949953857315914,1.1196460750976327,1.1196460750976327
1.9348144714872644,1.1949953857315914,0.739819085755673,0.739819085755673
1.3,1.1949953857315914,0.10500461426840868,0.10500461426840868
1.0,1.1949953857315914,-0.19499538573159136,0.19499538573159136
2.5,1.1949953857315914,1.3050046142684086,1.3050046142684086
0.6401206168693183,1.1949953857315914,-0.554874768862273,0.554874768862273
0.8018694899438292,1.1949953857315914,-0.39312589578776214,0.39312589578776214
0.6904468967705395,1.1949953857315914,-0.5045484889610519,0.5045484889610519
0.5422885207412549,1.1949953857315914,-0.6527068649903365,0.6527068649903365
0.5422885207412549,1.1949953857315914,-0.6527068649903365,0.6527068649903365
0.6286830497610721,1.1949953857315914,-0.5663123359705192,0.5663123359705192
1.1321807165247717,1.1949953857315914,-0.06281466920681966,0.06281466920681966
0.8632751628341233,1.1949953857315914,-0.33172022289746805,0.33172022289746805
0.4,1.1949953857315914,-0.7949953857315913,0.7949953857315913
0.4,1.1949953857315914,-0.7949953857315913,0.7949953857315913
0.6,1.1949953857315914,-0.5949953857315914,0.5949953857315914
0.3322482939632105,1.1949953857315914,-0.8627470917683808,0.8627470917683808
0.4062549460293829,1.1949953857315914,-0.7887404397022084,0.7887404397022084
0.3649043656974847,1.1949953857315914,-0.8300910200341067,0.8300910200341067
0.5747979489963491,1.1949953857315914,-0.6201974367352423,0.6201974367352423
0.1047330767226874,1.1949953857315914,-1.0902623090089039,1.0902623090089039
0.5592824320954186,1.1949953857315914,-0.6357129536361728,0.6357129536361728
0.6198068833094819,1.1949953857315914,-0.5751885024221095,0.5751885024221095
1.0649682679639256,1.1949953857315914,-0.13002711776766573,0.13002711776766573
0.7696938879034653,1.1949953857315914,-0.4253014978281261,0.4253014978281261
0.5,1.1949953857315914,-0.6949953857315914,0.6949953857315914
0.4,1.1949953857315914,-0.7949953857315913,0.7949953857315913
0.5,1.1949953857315914,-0.6949953857315914,0.6949953857315914
2.3426553850030096,2.1243098628991723,0.2183455221038373,0.2183455221038373
3.0549264654046246,2.568207232871249,0.48671923253337557,0.48671923253337557
2.5954365128642194,2.2193715293136904,0.376064983550529,0.376064983550529
2.169407944352197,1.9559490586030512,0.21345888574914573,0.21345888574914573
2.686740331121587,2.759547220328584,-0.07280688920699685,0.07280688920699685
2.404748318614775,2.2566625361633674,0.1480857824514077,0.1480857824514077
1.7,1.8137532275814128,-0.11375322758141282,0.11375322758141282
2.1,1.9625815725849287,0.13741842741507138,0.13741842741507138
0.826094714383351,0.5935750771993424,0.2325196371840086,0.2325196371840086
1.200511704804833,1.0374724471714194,0.16303925763341365,0.16303925763341365
0.98602045418736,0.6886367436138603,0.29738371057349966,0.29738371057349966
0.6433017110440628,0.4252142729032212,0.21808743814084153,0.21808743814084153
0.9823435270848496,1.2288124346287534,-0.24646890754390383,0.24646890754390383
0.7961939204401095,0.7259277504635377,0.07026616997657176,0.07026616997657176
0.7,0.2830184418815832,0.41698155811841675,0.41698155811841675
0.6,0.4318467868850993,0.16815321311490067,0.16815321311490067
0.6650306538588546,0.4104530666566415,0.25457758720221313,0.25457758720221313
0.7713261452057005,0.8543504366287186,-0.08302429142301804,0.08302429142301804
0.7333233775958355,0.5055147330711594,0.2278086445246762,0.2278086445246762
0.4198664546099319,0.2420922623605202,0.17777419224941168,0.17777419224941168
0.6052217822979895,1.0456904240860525,-0.440468641788063,0.440468641788063
0.4953986447362168,0.5428057399208368,-0.047407095184619996,0.047407095184619996
0.8,0.0998964313388823,0.7001035686611178,0.7001035686611178
0.6,0.2487247763423984,0.35127522365760155,0.35127522365760155
2.3426553850030096,2.139832797907792,0.2028225870952176,0.2028225870952176
3.0549264654046246,2.64752948937764,0.40739697602698444,0.40739697602698444
2.5954365128642194,2.212212597337831,0.38322391552638857,0.38322391552638857
2.169407944352197,2.0208379518611954,0.14856999249100156,0.14856999249100156
2.686740331121587,2.7576442804440453,-0.07090394932245836,0.07090394932245836
2.404748318614775,2.2635914195662963,0.14115689904847883,0.14115689904847883
1.7,1.8412674481160376,-0.14126744811603764,0.14126744811603764
2.1,1.9682028225231285,0.13179717747687159,0.13179717747687159
0.826094714383351,0.6151347575897674,0.2109599567935836,0.2109599567935836
1.200511704804833,1.1228314490596156,0.07768025574521742,0.07768025574521742
0.98602045418736,0.6875145570198062,0.2985058971675537,0.2985058971675537
0.6433017110440628,0.4961399115431708,0.14716179950089198,0.14716179950089198
0.9823435270848496,1.2329462401260212,-0.25060271304117154,0.25060271304117154
0.7961939204401095,0.7388933792482721,0.05730054119183736,0.05730054119183736
0.7,0.3165694077980135,0.38343059220198644,0.38343059220198644
0.6,0.443504782205104,0.156495217794896,0.156495217794896
0.6650306538588546,0.4339012545684456,0.23112939929040904,0.23112939929040904
0.7713261452057005,0.9415979460382938,-0.1702718008325933,0.1702718008325933
0.7333233775958355,0.5062810539984846,0.227042323597351,0.227042323597351
0.4198664546099319,0.314906408521849,0.1049600460880829,0.1049600460880829
0.6052217822979895,1.0517127371046993,-0.44649095480670975,0.44649095480670975
0.4953986447362168,0.5576598762269505,-0.06226123149073365,0.06226123149073365
0.8,0.1353359047766917,0.6646640952233084,0.6646640952233084
0.6,0.2622712791837822,0.3377287208162178,0.3377287208162178
2.3426553850030096,2.150146992150018,0.1925083928529916,0.1925083928529916
3.0549264654046246,2.6562298915039086,0.398696573900716,0.398696573900716
2.5954365128642194,2.201704825254115,0.39373168761010424,0.39373168761010424
2.169407944352197,2.02626905171328,0.143138892638917,0.143138892638917
2.686740331121587,2.697551540362166,-0.01081120924057899,0.01081120924057899
2.404748318614775,2.2349429222686594,0.1698053963461157,0.1698053963461157
1.7,1.758200764342465,-0.05820076434246513,0.05820076434246513
2.1,1.8765572343378047,0.22344276566219534,0.22344276566219534
0.826094714383351,0.6167608814599855,0.2093338329233655,0.2093338329233655
1.200511704804833,1.1228437808138765,0.07766792399095657,0.07766792399095657
0.98602045418736,0.6683187145640826,0.3177017396232773,0.3177017396232773
0.6433017110440628,0.4928829410232481,0.15041877002081466,0.15041877002081466
0.9823435270848496,1.164165429672134,-0.18182190258728437,0.18182190258728437
0.7961939204401095,0.7015568115786271,0.09463710886148236,0.09463710886148236
0.7,0.2248146536524327,0.47518534634756726,0.47518534634756726
0.6,0.343171123647773,0.25682887635222695,0.25682887635222695
0.6650306538588546,0.4362901959074866,0.22874045795136805,0.22874045795136805
0.7713261452057005,0.9423730952613774,-0.17104695005567683,0.17104695005567683
0.7333233775958355,0.4878480290115836,0.24547534858425196,0.24547534858425196
0.4198664546099319,0.3124122554707492,0.1074541991391827,0.1074541991391827
0.6052217822979895,0.9836947441196346,-0.37847296182164514,0.37847296182164514
0.4953986447362168,0.5210861260261281,-0.02568748128991133,0.02568748128991133
0.8,0.044343968099934,0.755656031900066,0.755656031900066
0.6,0.162700438095274,0.43729956190472596,0.43729956190472596
2.3426553850030096,2.1649082948147065,0.17774709018830315,0.17774709018830315
3.0549264654046246,2.7039748706718263,0.35095159473279836,0.35095159473279836
2.5954365128642194,2.2154932715272944,0.37994324133692503,0.37994324133692503
2.169407944352197,2.0780936286973244,0.09131431565487258,0.09131431565487258
2.686740331121587,2.743863315655376,-0.057122984533788834,0.057122984533788834
2.404748318614775,2.2648960366841875,0.13985228193058763,0.13985228193058763
1.7,1.8352436309747544,-0.13524363097475445,0.13524363097475445
2.1,1.9470710326948648,0.15292896730513528,0.15292896730513528
0.826094714383351,0.6288502307835258,0.19724448359982527,0.19724448359982527
1.200511704804833,1.1679168066406451,0.032594898164187924,0.032594898164187924
0.98602045418736,0.6794352074961131,0.30658524669124687,0.30658524669124687
0.6433017110440628,0.5420355646661437,0.10126614637791909,0.10126614637791909
0.9823435270848496,1.2078052516241942,-0.22546172453934454,0.22546172453934454
0.7961939204401095,0.7288379726530064,0.06735594778710308,0.06735594778710308
0.7,0.2991855669435732,0.4008144330564268,0.4008144330564268
0.6,0.4110129686636836,0.1889870313363164,0.1889870313363164
0.6650306538588546,0.4475072940654667,0.21752335979338794,0.21752335979338794
0.7713261452057005,0.9865738699225864,-0.2152477247168859,0.2152477247168859
0.7333233775958355,0.4980922707780542,0.23523110681778137,0.23523110681778137
0.4198664546099319,0.3606926279480846,0.059173826661847284,0.059173826661847284
0.6052217822979895,1.0264623149061352,-0.42124053260814565,0.42124053260814565
0.4953986447362168,0.5474950359349473,-0.052096391198730496,0.052096391198730496
0.8,0.1178426302255142,0.6821573697744858,0.6821573697744858
0.6,0.2296700319456246,0.37032996805437535,0.37032996805437535
2.3426553850030096,1.947474339031392,0.39518104597161763,0.39518104597161763
3.0549264654046246,2.638939207411008,0.4159872579936166,0.4159872579936166
2.5954365128642194,1.9089677547849813,0.6864687580792381,0.6864687580792381
2.169407944352197,2.18705700360265,-0.017649059250453014,0.017649059250453014
2.686740331121587,3.0282740248199698,-0.3415336936983828,0.3415336936983828
2.404748318614775,1.9033422730284848,0.5014060455862903,0.5014060455862903
1.7,1.682772471169239,0.017227528830761063,0.017227528830761063
2.1,1.75902151630579,0.34097848369421,0.34097848369421
0.826094714383351,0.6660289101009131,0.16006580428243788,0.16006580428243788
1.200511704804833,0.7792033116741104,0.42130839313072266,0.42130839313072266
0.98602045418736,0.6278479463796086,0.35817250780775134,0.35817250780775134
0.6433017110440628,0.6542290368751829,-0.010927325831120105,0.010927325831120105
0.9823435270848496,0.8479816278308023,0.1343618992540473,0.1343618992540473
0.7961939204401095,0.6310224201890273,0.16517150025108218,0.16517150025108218
0.7,0.5806737096749367,0.11932629032506326,0.11932629032506326
0.6,0.5955765400080242,0.004423459991975798,0.004423459991975798
0.6650306538588546,0.6184485848155234,0.046582069043331176,0.046582069043331176
0.7713261452057005,0.7068866032321115,0.06443954197358903,0.06443954197358903
0.7333233775958355,0.5934233865407834,0.13989999105505213,0.13989999105505213
0.4198664546099319,0.5985303791176532,-0.17866392450772128,0.17866392450772128
0.6052217822979895,0.7664129427165282,-0.16119116041853865,0.16119116041853865
0.4953986447362168,0.5842714388134466,-0.08887279407722976,0.08887279407722976
0.8,0.5409540184530632,0.2590459815469368,0.2590459815469368
0.6,0.5567315017797086,0.04326849822029133,0.04326849822029133
2.3426553850030096,2.0101094245910645,0.3325459604119452,0.3325459604119452
3.0549264654046246,2.913785696029663,0.14114076937496156,0.14114076937496156
2.5954365128642194,2.329404830932617,0.2660316819316022,0.2660316819316022
2.169407944352197,2.29510498046875,-0.12569703611655303,0.12569703611655303
2.686740331121587,3.0635974407196045,-0.37685710959801755,0.37685710959801755
2.404748318614775,2.07181978225708,0.33292853635769504,0.33292853635769504
1.7,1.3669191598892212,0.33308084011077876,0.33308084011077876
2.1,1.6008970737457275,0.49910292625427255,0.49910292625427255
0.826094714383351,0.7059636116027832,0.12013110278056782,0.12013110278056782
1.200511704804833,0.9090594053268432,0.2914522994779899,0.2914522994779899
0.98602045418736,0.81085604429245,0.17516440989491,0.17516440989491
0.6433017110440628,0.783675491809845,-0.14037378076578222,0.14037378076578222
0.9823435270848496,0.9836801886558532,-0.001336661571003539,0.001336661571003539
0.7961939204401095,0.7377060055732727,0.0584879148668368,0.0584879148668368
0.7,0.5108745694160461,0.1891254305839538,0.1891254305839538
0.6,0.6101617813110352,-0.010161781311035178,0.010161781311035178
0.6650306538588546,0.5312858819961548,0.13374477186269984,0.13374477186269984
0.7713261452057005,0.6712826490402222,0.10004349616547836,0.10004349616547836
0.7333233775958355,0.6189514398574829,0.11437193773835264,0.11437193773835264
0.4198664546099319,0.6102296710014343,-0.19036321639150244,0.19036321639150244
0.6052217822979895,0.7164246439933777,-0.11120286169538818,0.11120286169538818
0.4953986447362168,0.5418635010719299,-0.04646485633571312,0.04646485633571312
0.8,0.3697386980056762,0.43026130199432383,0.43026130199432383
0.6,0.4566380083560943,0.14336199164390567,0.14336199164390567
2.3426553850030096,1.1590910739922922,1.1835643110107175,1.1835643110107175
3.0549264654046246,1.1590910739922922,1.8958353914123325,1.8958353914123325
2.5954365128642194,1.1590910739922922,1.4363454388719272,1.4363454388719272
2.169407944352197,1.1590910739922922,1.0103168703599048,1.0103168703599048
2.686740331121587,1.1590910739922922,1.5276492571292948,1.5276492571292948
2.404748318614775,1.1590910739922922,1.245657244622483,1.245657244622483
1.7,1.1590910739922922,0.5409089260077078,0.5409089260077078
2.1,1.1590910739922922,0.9409089260077079,0.9409089260077079
0.826094714383351,1.1590910739922922,-0.33299635960894114,0.33299635960894114
1.200511704804833,1.1590910739922922,0.04142063081254088,0.04142063081254088
0.98602045418736,1.1590910739922922,-0.1730706198049322,0.1730706198049322
0.6433017110440628,1.1590910739922922,-0.5157893629482294,0.5157893629482294
0.9823435270848496,1.1590910739922922,-0.17674754690744254,0.17674754690744254
0.7961939204401095,1.1590910739922922,-0.36289715355218266,0.36289715355218266
0.7,1.1590910739922922,-0.4590910739922922,0.4590910739922922
0.6,1.1590910739922922,-0.5590910739922922,0.5590910739922922
0.6650306538588546,1.1590910739922922,-0.49406042013343754,0.49406042013343754
0.7713261452057005,1.1590910739922922,-0.38776492878659163,0.38776492878659163
0.7333233775958355,1.1590910739922922,-0.4257676963964566,0.4257676963964566
0.4198664546099319,1.1590910739922922,-0.7392246193823603,0.7392246193823603
0.6052217822979895,1.1590910739922922,-0.5538692916943027,0.5538692916943027
0.4953986447362168,1.1590910739922922,-0.6636924292560753,0.6636924292560753
0.8,1.1590910739922922,-0.3590910739922921,0.3590910739922921
0.6,1.1590910739922922,-0.5590910739922922,0.5590910739922922
2.3426553850030096,1.1590910739922922,1.1835643110107175,1.1835643110107175
3.0549264654046246,1.1590910739922922,1.8958353914123325,1.8958353914123325
2.5954365128642194,1.1590910739922922,1.4363454388719272,1.4363454388719272
2.169407944352197,1.1590910739922922,1.0103168703599048,1.0103168703599048
2.686740331121587,1.1590910739922922,1.5276492571292948,1.5276492571292948
2.404748318614775,1.1590910739922922,1.245657244622483,1.245657244622483
1.7,1.1590910739922922,0.5409089260077078,0.5409089260077078
2.1,1.1590910739922922,0.9409089260077079,0.9409089260077079
0.826094714383351,1.1590910739922922,-0.33299635960894114,0.33299635960894114
1.200511704804833,1.1590910739922922,0.04142063081254088,0.04142063081254088
0.98602045418736,1.1590910739922922,-0.1730706198049322,0.1730706198049322
0.6433017110440628,1.1590910739922922,-0.5157893629482294,0.5157893629482294
0.9823435270848496,1.1590910739922922,-0.17674754690744254,0.17674754690744254
0.7961939204401095,1.1590910739922922,-0.36289715355218266,0.36289715355218266
0.7,1.1590910739922922,-0.4590910739922922,0.4590910739922922
0.6,1.1590910739922922,-0.5590910739922922,0.5590910739922922
0.6650306538588546,1.1590910739922922,-0.49406042013343754,0.49406042013343754
0.7713261452057005,1.1590910739922922,-0.38776492878659163,0.38776492878659163
0.7333233775958355,1.1590910739922922,-0.4257676963964566,0.4257676963964566
0.4198664546099319,1.1590910739922922,-0.7392246193823603,0.7392246193823603
0.6052217822979895,1.1590910739922922,-0.5538692916943027,0.5538692916943027
0.4953986447362168,1.1590910739922922,-0.6636924292560753,0.6636924292560753
0.8,1.1590910739922922,-0.3590910739922921,0.3590910739922921
0.6,1.1590910739922922,-0.5590910739922922,0.5590910739922922
1.6268858066002263,0.1209814994629495,1.5059043071372769,1.5059043071372769
1.9919193221111424,0.9961498546758922,0.9957694674352502,0.9957694674352502
1.6750870924050658,2.021065804496673,-0.34597871209160713,0.34597871209160713
2.291177593433027,0.6643446295250285,1.6268329639079986,1.6268329639079986
4.746403988018382,0.3347682086492366,4.411635779369145,4.411635779369145
3.474743554785576,1.8610048483419883,1.6137387064435875,1.6137387064435875
1.5470171390615697,0.9441990981852796,0.6028180408762901,0.6028180408762901
2.594196684748674,1.2348198660347725,1.3593768187139015,1.3593768187139015
1.8697114647833253,2.429018626940928,-0.5593071621576029,0.5593071621576029
2.3426553850030096,0.7900975617237045,1.5525578232793051,1.5525578232793051
3.0549264654046246,1.0440833987716271,2.0108430666329973,2.0108430666329973
2.5954365128642194,2.152450538537364,0.4429859743268554,0.4429859743268554
1.5222384603844508,1.1584443071366226,0.36379415324782816,0.36379415324782816
1.723713168491681,1.3502994320029345,0.37341373648874665,0.37341373648874665
1.60003238244435,2.561126161771213,-0.961093779326863,0.961093779326863
2.591624259545572,1.2627756291804777,1.3288486303650944,1.3288486303650944
3.423349924580549,1.5945990089746256,1.8287509156059234,1.8287509156059234
2.6510166735556018,2.9133184177713543,-0.2623017442157525,0.2623017442157525
1.2175480596073385,0.4794551521078157,0.7380929074995228,0.7380929074995228
7.244065383360269,0.9280979361684928,6.315967447191776,6.315967447191776
1.4355644271735015,2.115338142917856,-0.6797737157443546,0.6797737157443546
1.6788303054282812,0.8505698841792578,0.8282604212490233,0.8282604212490233
4.580426866194772,0.1574921606889735,4.422934705505798,4.422934705505798
2.9826713553861293,1.7681390754019437,1.2145322799841856,1.2145322799841856
1.5321273000173696,0.2510325894043957,1.281094710612974,1.281094710612974
2.9489717758099068,0.9053994318335304,2.0435723439763764,2.0435723439763764
2.235407081928281,1.971493174164049,0.26391390776423207,0.26391390776423207
2.169407944352197,1.0959804701775815,1.0734274741746155,1.0734274741746155
2.686740331121587,1.012584381541915,1.6741559495796718,1.6741559495796718
2.404748318614775,2.266840457291895,0.1379078613228799,0.1379078613228799
1.658719821291578,0.8453310416221642,0.8133887796694137,0.8133887796694137
2.314641460829224,0.4648263311318522,1.849815129697372,1.849815129697372
1.9348144714872644,2.0300852558858606,-0.09527078439859626,0.09527078439859626
1.3718829183654722,0.6144669689272033,0.7574159494382688,0.7574159494382688
1.540156423059482,0.8934857078905476,0.6466707151689344,0.6466707151689344
1.4308611121074777,2.0827495899195547,-0.651888477812077,0.651888477812077
3.0038294115831783,0.7468944050226357,2.2569350065605427,2.2569350065605427
4.280134298861751,0.7369418874953855,3.5431924113663653,3.5431924113663653
3.592580248493403,1.9307407698171584,1.6618394786762447,1.6618394786762447
1.2660956469166913,0.3736054448272113,0.89249020208948,0.89249020208948
2.6368413584111803,0.955941752126642,1.6808996062845383,1.6808996062845383
1.4980452432828957,2.0302009375013763,-0.5321556942184806,0.5321556942184806
0.8570862730857126,0.0,0.8570862730857126,0.8570862730857126
0.879146894389113,0.0,0.879146894389113,0.879146894389113
0.8655043603230825,0.8782086616395302,-0.01270430131644762,0.01270430131644762
0.7107039593083359,0.0,0.7107039593083359,0.7107039593083359
1.3411688832335629,0.0,1.3411688832335629,1.3411688832335629
0.9814360581560068,0.7181477054848457,0.263288352671161,0.263288352671161
0.5175817230094645,0.0,0.5175817230094645,0.5175817230094645
0.7056484947012804,0.0919627231776295,0.6136857715236509,0.6136857715236509
0.5731757916040728,1.2861614840837845,-0.7129856924797117,0.7129856924797117
0.826094714383351,0.0,0.826094714383351,0.826094714383351
1.200511704804833,0.0,1.200511704804833,1.200511704804833
0.98602045418736,1.0095933956802212,-0.023572941492861266,0.023572941492861266
0.6401206168693183,0.0155871642794798,0.6245334525898385,0.6245334525898385
0.8018694899438292,0.2074422891457916,0.5944272007980376,0.5944272007980376
0.6904468967705395,1.4182690189140708,-0.7278221221435313,0.7278221221435313
0.6700120852270204,0.1199184863233348,0.5500935989036856,0.5500935989036856
0.653829971282899,0.4517418661174825,0.20208810516541648,0.20208810516541648
0.6636769574159984,1.7704612749142117,-1.1067843174982133,1.1067843174982133
0.5422885207412549,0.0,0.5422885207412549,0.5422885207412549
0.5422885207412549,0.9724810000607134,-0.4301924793194585,0.4301924793194585
0.6821726355797036,0.0,0.6821726355797036,0.6821726355797036
1.2309422257456628,0.0,1.2309422257456628,1.2309422257456628
0.9352419701157908,0.6252819325448006,0.3099600375709902,0.3099600375709902
0.4538514483659435,0.0,0.4538514483659435,0.4538514483659435
0.997989808692561,0.0,0.997989808692561,0.997989808692561
0.5494183061851179,0.828636031306906,-0.2792177251217881,0.2792177251217881
0.6433017110440628,0.0,0.6433017110440628,0.6433017110440628
0.9823435270848496,0.0,0.9823435270848496,0.9823435270848496
0.7961939204401095,1.1239833144347524,-0.3277893939946429,0.3277893939946429
0.6286830497610721,0.0,0.6286830497610721,0.6286830497610721
1.1321807165247717,0.0,1.1321807165247717,1.1321807165247717
0.8632751628341233,0.8872281130287178,-0.023952950194594536,0.023952950194594536
0.4787820909269001,0.0,0.4787820909269001,0.4787820909269001
0.7279249098775472,0.0,0.7279249098775472,0.7279249098775472
0.5480873832187684,0.939892447062412,-0.39180506384364366,0.39180506384364366
0.5714159022282193,0.0,0.5714159022282193,0.5714159022282193
1.1835686146592244,0.0,1.1835686146592244,1.1835686146592244
0.8099944456086376,0.7878836269600158,0.022110818648621855,0.022110818648621855
0.5251432400895707,0.0,0.5251432400895707,0.5251432400895707
0.7559563988183644,0.0,0.7559563988183644,0.7559563988183644
0.6778710254152407,0.8873437946442335,-0.20947276922899283,0.20947276922899283
0.579730411471064,0.0,0.579730411471064,0.579730411471064
0.774283389787513,0.0,0.774283389787513,0.774283389787513
0.6391522952809118,0.835351518782389,-0.19619922350147723,0.19619922350147723
0.4892093570559104,0.0,0.4892093570559104,0.4892093570559104
0.5561447310735069,0.0,0.5561447310735069,0.5561447310735069
0.5048175502104532,0.6752905626277047,-0.17047301241725155,0.17047301241725155
0.4770632662036267,0.0,0.4770632662036267,0.4770632662036267
0.5641103408681047,0.0491055803204885,0.5150047605476162,0.5150047605476162
0.4869183122414556,1.2433043412266434,-0.7563860289851878,0.7563860289851878
0.6650306538588546,0.0,0.6650306538588546,0.6650306538588546
0.7713261452057005,0.0,0.7713261452057005,0.7713261452057005
0.7333233775958355,0.9667362528230802,-0.23341287522724463,0.23341287522724463
0.3322482939632105,0.0,0.3322482939632105,0.3322482939632105
0.4062549460293829,0.1645851462886506,0.2416697997407323,0.2416697997407323
0.3649043656974847,1.3754118760569296,-1.010507510359445,1.010507510359445
0.4950587775158489,0.0770613434661937,0.4179974340496552,0.4179974340496552
0.7530910039174339,0.4088847232603415,0.3442062806570924,0.3442062806570924
0.5950828682883496,1.7276041320570703,-1.1325212637687208,1.1325212637687208
0.5747979489963491,0.0,0.5747979489963491,0.5747979489963491
0.1047330767226874,0.0,0.1047330767226874,0.1047330767226874
0.5592824320954186,0.9296238572035724,-0.3703414251081538,0.3703414251081538
0.4632654520489824,0.0,0.4632654520489824,0.4632654520489824
0.7496304931127424,0.0,0.7496304931127424,0.7496304931127424
0.5633174517358029,0.5824247896876595,-0.019107337951856596,0.019107337951856596
0.3602760666772656,0.0,0.3602760666772656,0.3602760666772656
0.6658246650132922,0.0,0.6658246650132922,0.6658246650132922
0.4243713490577802,0.785778888449765,-0.3614075393919848,0.3614075393919848
0.4198664546099319,0.0,0.4198664546099319,0.4198664546099319
0.6052217822979895,0.0,0.6052217822979895,0.6052217822979895
0.4953986447362168,1.0811261715776117,-0.5857275268413948,0.5857275268413948
0.6198068833094819,0.0,0.6198068833094819,0.6198068833094819
1.0649682679639256,0.0,1.0649682679639256,1.0649682679639256
0.7696938879034653,0.8443709701715768,-0.07467708226811154,0.07467708226811154
0.3687334249789068,0.0,0.3687334249789068,0.3687334249789068
0.4313168954422955,0.0,0.4313168954422955,0.4313168954422955
0.3707166752248346,0.8970353042052709,-0.5263186289804362,0.5263186289804362
0.4788089757102604,0.0,0.4788089757102604,0.4788089757102604
0.8188652144271537,0.0,0.8188652144271537,0.8188652144271537
0.5842063659602571,0.7450264841028748,-0.16082011814261765,0.16082011814261765
0.4055485017270916,0.0,0.4055485017270916,0.4055485017270916
0.6957406402698985,0.0,0.6957406402698985,0.6957406402698985
0.5562316869210366,0.8444866517870925,-0.28825496486605584,0.28825496486605584
1.6268858066002263,0.1454087707932675,1.4814770358069589,1.4814770358069589
1.9919193221111424,1.0002243735593987,0.9916949485517437,0.9916949485517437
1.6750870924050658,2.0013050687331857,-0.3262179763281199,0.3262179763281199
2.291177593433027,0.6761355489934388,1.6150420444395883,1.6150420444395883
4.746403988018382,0.3542236960449897,4.392180291973392,4.392180291973392
3.474743554785576,1.844966460396052,1.6297770943895238,1.6297770943895238
1.5470171390615697,0.9494817741964736,0.5975353648650961,0.5975353648650961
2.594196684748674,1.2333439195378388,1.360852765210835,1.360852765210835
1.8697114647833253,2.399770616236875,-0.5300591514535498,0.5300591514535498
2.3426553850030096,0.7989639943967962,1.5436913906062135,1.5436913906062135
3.0549264654046246,1.0470431840715115,2.007883281333113,2.007883281333113
2.5954365128642194,2.1296343438426977,0.4658021690215217,0.4658021690215217
1.5222384603844508,1.158744536428018,0.36349392395643276,0.36349392395643276
1.723713168491681,1.346137914204416,0.377575254287265,0.377575254287265
1.60003238244435,2.528805882815294,-0.9287735003709439,0.9287735003709439
2.591624259545572,1.2606495486569005,1.3309747108886716,1.3309747108886716
3.423349924580549,1.5847561056651376,1.8385938189154114,1.8385938189154114
2.6510166735556018,2.872807621234037,-0.2217909476784352,0.2217909476784352
1.2175480596073385,0.4955458268649978,0.7220022327423407,0.7220022327423407
7.244065383360269,0.933755057807985,6.310310325552284,6.310310325552284
1.4355644271735015,2.093385027191085,-0.6578206000175835,0.6578206000175835
1.6788303054282812,0.858029983771988,0.8208003216562931,0.8208003216562931
4.580426866194772,0.181070346874501,4.399356519320271,4.399356519320271
2.9826713553861293,1.754260356594147,1.2284109987919822,1.2284109987919822
1.5321273000173696,0.2724354167825876,1.259691883234782,1.259691883234782
2.9489717758099068,0.911584425666859,2.0373873501430477,2.0373873501430477
2.235407081928281,1.952885290268762,0.2825217916595191,0.2825217916595191
2.169407944352197,1.0977333468401185,1.0716745975120785,1.0716745975120785
2.686740331121587,1.016276702126211,1.670463628995376,1.670463628995376
2.404748318614775,2.2413640319285184,0.1633842866862567,0.1633842866862567
1.658719821291578,0.8529129747627329,0.805806846528845,0.805806846528845
2.314641460829224,0.4812572110280092,1.833384249801215,1.833384249801215
1.9348144714872644,2.0101147654389027,-0.07530029395163829,0.07530029395163829
1.3718829183654722,0.6274178339909111,0.744465084374561,0.744465084374561
1.540156423059482,0.8999477650713872,0.6402086579880948,0.6402086579880948
1.4308611121074777,2.061554347518326,-0.6306932354108481,0.6306932354108481
3.0038294115831783,0.7567655622701711,2.2470638493130073,2.2470638493130073
4.280134298861751,0.7470444986389034,3.5330898002228475,3.5330898002228475
3.592580248493403,1.9130806162555205,1.6794996322378826,1.6794996322378826
1.2660956469166913,0.3921577406839424,0.8739379062327489,0.8739379062327489
2.6368413584111803,0.9609513431624565,1.675890015248724,1.675890015248724
1.4980452432828957,2.010227756784291,-0.5121825135013955,0.5121825135013955
0.8570862730857126,0.0,0.8570862730857126,0.8570862730857126
0.879146894389113,0.0,0.879146894389113,0.879146894389113
0.8655043603230825,0.8763050687331855,-0.010800708410102944,0.010800708410102944
0.7107039593083359,0.0,0.7107039593083359,0.7107039593083359
1.3411688832335629,0.0,1.3411688832335629,1.3411688832335629
0.9814360581560068,0.7199664603960518,0.26146959775995493,0.26146959775995493
0.5175817230094645,0.0,0.5175817230094645,0.5175817230094645
0.7056484947012804,0.1083439195378386,0.5973045751634418,0.5973045751634418
0.5731757916040728,1.274770616236875,-0.7015948246328022,0.7015948246328022
0.826094714383351,0.0,0.826094714383351,0.826094714383351
1.200511704804833,0.0,1.200511704804833,1.200511704804833
0.98602045418736,1.0046343438426977,-0.018613889655337723,0.018613889655337723
0.6401206168693183,0.033744536428018,0.6063760804413003,0.6063760804413003
0.8018694899438292,0.2211379142044156,0.5807315757394136,0.5807315757394136
0.6904468967705395,1.403805882815294,-0.7133589860447545,0.7133589860447545
0.6700120852270204,0.1356495486569002,0.5343625365701201,0.5343625365701201
0.653829971282899,0.4597561056651374,0.19407386561776158,0.19407386561776158
0.6636769574159984,1.7478076212340368,-1.0841306638180384,1.0841306638180384
0.5422885207412549,0.0,0.5422885207412549,0.5422885207412549
0.5422885207412549,0.9683850271910852,-0.4260965064498303,0.4260965064498303
0.6821726355797036,0.0,0.6821726355797036,0.6821726355797036
1.2309422257456628,0.0,1.2309422257456628,1.2309422257456628
0.9352419701157908,0.629260356594147,0.30598161352164377,0.30598161352164377
0.4538514483659435,0.0,0.4538514483659435,0.4538514483659435
0.997989808692561,0.0,0.997989808692561,0.997989808692561
0.5494183061851179,0.827885290268762,-0.2784669840836441,0.2784669840836441
0.6433017110440628,0.0,0.6433017110440628,0.6433017110440628
0.9823435270848496,0.0,0.9823435270848496,0.9823435270848496
0.7961939204401095,1.1163640319285184,-0.3201701114884089,0.3201701114884089
0.6286830497610721,0.0,0.6286830497610721,0.6286830497610721
1.1321807165247717,0.0,1.1321807165247717,1.1321807165247717
0.8632751628341233,0.8851147654389028,-0.021839602604779462,0.021839602604779462
0.4787820909269001,0.0,0.4787820909269001,0.4787820909269001
0.7279249098775472,0.0,0.7279249098775472,0.7279249098775472
0.5480873832187684,0.9365543475183256,-0.3884669642995572,0.3884669642995572
0.5714159022282193,0.0,0.5714159022282193,0.5714159022282193
1.1835686146592244,0.0,1.1835686146592244,1.1835686146592244
0.8099944456086376,0.7880806162555203,0.021913829353117364,0.021913829353117364
0.5251432400895707,0.0,0.5251432400895707,0.5251432400895707
0.7559563988183644,0.0,0.7559563988183644,0.7559563988183644
0.6778710254152407,0.8852277567842912,-0.20735673136905053,0.20735673136905053
0.579730411471064,0.0,0.579730411471064,0.579730411471064
0.774283389787513,0.0,0.774283389787513,0.774283389787513
0.6391522952809118,0.8341175687331855,-0.19496527345227377,0.19496527345227377
0.4892093570559104,0.0,0.4892093570559104,0.4892093570559104
0.5561447310735069,0.0,0.5561447310735069,0.5561447310735069
0.5048175502104532,0.6777789603960518,-0.17296141018559863,0.17296141018559863
0.4770632662036267,0.0,0.4770632662036267,0.4770632662036267
0.5641103408681047,0.0661564195378386,0.49795392133026617,0.49795392133026617
0.4869183122414556,1.2325831162368752,-0.7456648039954197,0.7456648039954197
0.6650306538588546,0.0,0.6650306538588546,0.6650306538588546
0.7713261452057005,0.0,0.7713261452057005,0.7713261452057005
0.7333233775958355,0.9624468438426976,-0.22912346624686208,0.22912346624686208
0.3322482939632105,0.0,0.3322482939632105,0.3322482939632105
0.4062549460293829,0.1789504142044157,0.22730453182496718,0.22730453182496718
0.3649043656974847,1.361618382815294,-0.9967140171178093,0.9967140171178093
0.4950587775158489,0.0934620486569003,0.4015967288589486,0.4015967288589486
0.7530910039174339,0.4175686056651375,0.3355223982522964,0.3355223982522964
0.5950828682883496,1.7056201212340367,-1.1105372529456872,1.1105372529456872
0.5747979489963491,0.0,0.5747979489963491,0.5747979489963491
0.1047330767226874,0.0,0.1047330767226874,0.1047330767226874
0.5592824320954186,0.9261975271910852,-0.36691509509566655,0.36691509509566655
0.4632654520489824,0.0,0.4632654520489824,0.4632654520489824
0.7496304931127424,0.0,0.7496304931127424,0.7496304931127424
0.5633174517358029,0.5870728565941472,-0.023755404858344265,0.023755404858344265
0.3602760666772656,0.0,0.3602760666772656,0.3602760666772656
0.6658246650132922,0.0,0.6658246650132922,0.6658246650132922
0.4243713490577802,0.7856977902687621,-0.3613264412109819,0.3613264412109819
0.4198664546099319,0.0,0.4198664546099319,0.4198664546099319
0.6052217822979895,0.0,0.6052217822979895,0.6052217822979895
0.4953986447362168,1.0741765319285186,-0.5787778871923017,0.5787778871923017
0.6198068833094819,0.0,0.6198068833094819,0.6198068833094819
1.0649682679639256,0.0,1.0649682679639256,1.0649682679639256
0.7696938879034653,0.8429272654389028,-0.07323337753543757,0.07323337753543757
0.3687334249789068,0.0,0.3687334249789068,0.3687334249789068
0.4313168954422955,0.0,0.4313168954422955,0.4313168954422955
0.3707166752248346,0.8943668475183258,-0.5236501722934912,0.5236501722934912
0.4788089757102604,0.0,0.4788089757102604,0.4788089757102604
0.8188652144271537,0.0,0.8188652144271537,0.8188652144271537
0.5842063659602571,0.7458931162555203,-0.16168675029526325,0.16168675029526325
0.4055485017270916,0.0,0.4055485017270916,0.4055485017270916
0.6957406402698985,0.0,0.6957406402698985,0.6957406402698985
0.5562316869210366,0.8430402567842912,-0.28680856986325454,0.28680856986325454
1.6268858066002263,0.1209814994629494,1.5059043071372769,1.5059043071372769
1.9919193221111424,0.9961498546758928,0.9957694674352496,0.9957694674352496
1.6750870924050658,2.0210658044966743,-0.34597871209160846,0.34597871209160846
2.291177593433027,0.6643446295250292,1.6268329639079977,1.6268329639079977
4.746403988018382,0.3347682086492369,4.411635779369145,4.411635779369145
3.474743554785576,1.8610048483419888,1.613738706443587,1.613738706443587
1.5470171390615697,0.9441990981852804,0.6028180408762893,0.6028180408762893
2.594196684748674,1.2348198660347736,1.3593768187139004,1.3593768187139004
1.8697114647833253,2.4290186269409286,-0.5593071621576033,0.5593071621576033
2.3426553850030096,0.7900975617237048,1.552557823279305,1.552557823279305
3.0549264654046246,1.0440833987716278,2.010843066632997,2.010843066632997
2.5954365128642194,2.152450538537365,0.4429859743268545,0.4429859743268545
1.5222384603844508,1.158444307136624,0.3637941532478268,0.3637941532478268
1.723713168491681,1.3502994320029358,0.3734137364887453,0.3734137364887453
1.60003238244435,2.561126161771216,-0.9610937793268661,0.9610937793268661
2.591624259545572,1.2627756291804797,1.3288486303650924,1.3288486303650924
3.423349924580549,1.5945990089746274,1.8287509156059216,1.8287509156059216
2.6510166735556018,2.913318417771357,-0.26230174421575514,0.26230174421575514
1.2175480596073385,0.4794551521078167,0.7380929074995217,0.7380929074995217
7.244065383360269,0.9280979361684938,6.315967447191775,6.315967447191775
1.4355644271735015,2.115338142917857,-0.6797737157443555,0.6797737157443555
1.6788303054282812,0.8505698841792582,0.828260421249023,0.828260421249023
4.580426866194772,0.1574921606889741,4.4229347055057975,4.4229347055057975
2.9826713553861293,1.768139075401944,1.2145322799841853,1.2145322799841853
1.5321273000173696,0.2510325894043962,1.2810947106129733,1.2810947106129733
2.9489717758099068,0.9053994318335312,2.0435723439763755,2.0435723439763755
2.235407081928281,1.97149317416405,0.26391390776423096,0.26391390776423096
2.169407944352197,1.0959804701775826,1.0734274741746144,1.0734274741746144
2.686740331121587,1.0125843815419162,1.6741559495796707,1.6741559495796707
2.404748318614775,2.2668404572918965,0.13790786132287858,0.13790786132287858
1.658719821291578,0.8453310416221643,0.8133887796694136,0.8133887796694136
2.314641460829224,0.4648263311318522,1.849815129697372,1.849815129697372
1.9348144714872644,2.030085255885861,-0.09527078439859671,0.09527078439859671
1.3718829183654722,0.6144669689272042,0.757415949438268,0.757415949438268
1.540156423059482,0.8934857078905485,0.6466707151689335,0.6466707151689335
1.4308611121074777,2.082749589919556,-0.6518884778120784,0.6518884778120784
3.0038294115831783,0.7468944050226359,2.2569350065605422,2.2569350065605422
4.280134298861751,0.7369418874953855,3.5431924113663653,3.5431924113663653
3.592580248493403,1.93074076981716,1.6618394786762432,1.6618394786762432
1.2660956469166913,0.3736054448272121,0.8924902020894792,0.8924902020894792
2.6368413584111803,0.9559417521266426,1.6808996062845378,1.6808996062845378
1.4980452432828957,2.030200937501377,-0.5321556942184815,0.5321556942184815
0.8570862730857126,0.0,0.8570862730857126,0.8570862730857126
0.879146894389113,0.0,0.879146894389113,0.879146894389113
0.8655043603230825,0.8782086616395303,-0.01270430131644773,0.01270430131644773
0.7107039593083359,0.0,0.7107039593083359,0.7107039593083359
1.3411688832335629,0.0,1.3411688832335629,1.3411688832335629
0.9814360581560068,0.7181477054848455,0.26328835267116124,0.26328835267116124
0.5175817230094645,0.0,0.5175817230094645,0.5175817230094645
0.7056484947012804,0.0919627231776299,0.6136857715236506,0.6136857715236506
0.5731757916040728,1.286161484083785,-0.7129856924797121,0.7129856924797121
0.826094714383351,0.0,0.826094714383351,0.826094714383351
1.200511704804833,0.0,1.200511704804833,1.200511704804833
0.98602045418736,1.0095933956802212,-0.023572941492861266,0.023572941492861266
0.6401206168693183,0.0155871642794801,0.6245334525898382,0.6245334525898382
0.8018694899438292,0.2074422891457922,0.594427200798037,0.594427200798037
0.6904468967705395,1.4182690189140716,-0.7278221221435321,0.7278221221435321
0.6700120852270204,0.119918486323336,0.5500935989036844,0.5500935989036844
0.653829971282899,0.451741866117484,0.20208810516541498,0.20208810516541498
0.6636769574159984,1.7704612749142128,-1.1067843174982144,1.1067843174982144
0.5422885207412549,0.0,0.5422885207412549,0.5422885207412549
0.5422885207412549,0.9724810000607138,-0.4301924793194589,0.4301924793194589
0.6821726355797036,0.0,0.6821726355797036,0.6821726355797036
1.2309422257456628,0.0,1.2309422257456628,1.2309422257456628
0.9352419701157908,0.6252819325448004,0.30996003757099044,0.30996003757099044
0.4538514483659435,0.0,0.4538514483659435,0.4538514483659435
0.997989808692561,0.0,0.997989808692561,0.997989808692561
0.5494183061851179,0.8286360313069061,-0.2792177251217882,0.2792177251217882
0.6433017110440628,0.0,0.6433017110440628,0.6433017110440628
0.9823435270848496,0.0,0.9823435270848496,0.9823435270848496
0.7961939204401095,1.1239833144347529,-0.32778939399464335,0.32778939399464335
0.6286830497610721,0.0,0.6286830497610721,0.6286830497610721
1.1321807165247717,0.0,1.1321807165247717,1.1321807165247717
0.8632751628341233,0.8872281130287173,-0.02395295019459398,0.02395295019459398
0.4787820909269001,0.0,0.4787820909269001,0.4787820909269001
0.7279249098775472,0.0,0.7279249098775472,0.7279249098775472
0.5480873832187684,0.9398924470624124,-0.391805063843644,0.391805063843644
0.5714159022282193,0.0,0.5714159022282193,0.5714159022282193
1.1835686146592244,0.0,1.1835686146592244,1.1835686146592244
0.8099944456086376,0.7878836269600156,0.022110818648622077,0.022110818648622077
0.5251432400895707,0.0,0.5251432400895707,0.5251432400895707
0.7559563988183644,0.0,0.7559563988183644,0.7559563988183644
0.6778710254152407,0.8873437946442336,-0.20947276922899294,0.20947276922899294
0.579730411471064,0.0,0.579730411471064,0.579730411471064
0.774283389787513,0.0,0.774283389787513,0.774283389787513
0.6391522952809118,0.8353515187823897,-0.1961992235014779,0.1961992235014779
0.4892093570559104,0.0,0.4892093570559104,0.4892093570559104
0.5561447310735069,0.0,0.5561447310735069,0.5561447310735069
0.5048175502104532,0.6752905626277049,-0.17047301241725177,0.17047301241725177
0.4770632662036267,0.0,0.4770632662036267,0.4770632662036267
0.5641103408681047,0.0491055803204892,0.5150047605476156,0.5150047605476156
0.4869183122414556,1.2433043412266445,-0.7563860289851889,0.7563860289851889
0.6650306538588546,0.0,0.6650306538588546,0.6650306538588546
0.7713261452057005,0.0,0.7713261452057005,0.7713261452057005
0.7333233775958355,0.9667362528230806,-0.23341287522724508,0.23341287522724508
0.3322482939632105,0.0,0.3322482939632105,0.3322482939632105
0.4062549460293829,0.1645851462886517,0.2416697997407312,0.2416697997407312
0.3649043656974847,1.3754118760569312,-1.0105075103594465,1.0105075103594465
0.4950587775158489,0.0770613434661954,0.4179974340496535,0.4179974340496535
0.7530910039174339,0.4088847232603433,0.3442062806570906,0.3442062806570906
0.5950828682883496,1.7276041320570723,-1.1325212637687228,1.1325212637687228
0.5747979489963491,0.0,0.5747979489963491,0.5747979489963491
0.1047330767226874,0.0,0.1047330767226874,0.1047330767226874
0.5592824320954186,0.9296238572035732,-0.3703414251081546,0.3703414251081546
0.4632654520489824,0.0,0.4632654520489824,0.4632654520489824
0.7496304931127424,0.0,0.7496304931127424,0.7496304931127424
0.5633174517358029,0.5824247896876599,-0.01910733795185693,0.01910733795185693
0.3602760666772656,0.0,0.3602760666772656,0.3602760666772656
0.6658246650132922,0.0,0.6658246650132922,0.6658246650132922
0.4243713490577802,0.7857788884497655,-0.36140753939198533,0.36140753939198533
0.4198664546099319,0.0,0.4198664546099319,0.4198664546099319
0.6052217822979895,0.0,0.6052217822979895,0.6052217822979895
0.4953986447362168,1.081126171577612,-0.5857275268413951,0.5857275268413951
0.6198068833094819,0.0,0.6198068833094819,0.6198068833094819
1.0649682679639256,0.0,1.0649682679639256,1.0649682679639256
0.7696938879034653,0.8443709701715768,-0.07467708226811154,0.07467708226811154
0.3687334249789068,0.0,0.3687334249789068,0.3687334249789068
0.4313168954422955,0.0,0.4313168954422955,0.4313168954422955
0.3707166752248346,0.8970353042052718,-0.5263186289804371,0.5263186289804371
0.4788089757102604,0.0,0.4788089757102604,0.4788089757102604
0.8188652144271537,0.0,0.8188652144271537,0.8188652144271537
0.5842063659602571,0.745026484102875,-0.16082011814261787,0.16082011814261787
0.4055485017270916,0.0,0.4055485017270916,0.4055485017270916
0.6957406402698985,0.0,0.6957406402698985,0.6957406402698985
0.5562316869210366,0.8444866517870931,-0.2882549648660565,0.2882549648660565
1.6268858066002263,0.1209814994629493,1.505904307137277,1.505904307137277
1.9919193221111424,0.9961498546758928,0.9957694674352496,0.9957694674352496
1.6750870924050658,2.0210658044966747,-0.3459787120916089,0.3459787120916089
2.291177593433027,0.6643446295250293,1.6268329639079977,1.6268329639079977
4.746403988018382,0.3347682086492366,4.411635779369145,4.411635779369145
3.474743554785576,1.8610048483419903,1.6137387064435855,1.6137387064435855
1.5470171390615697,0.9441990981852804,0.6028180408762893,0.6028180408762893
2.594196684748674,1.2348198660347731,1.3593768187139008,1.3593768187139008
1.8697114647833253,2.429018626940929,-0.5593071621576038,0.5593071621576038
2.3426553850030096,0.7900975617237048,1.552557823279305,1.552557823279305
3.0549264654046246,1.0440833987716278,2.010843066632997,2.010843066632997
2.5954365128642194,2.152450538537366,0.4429859743268536,0.4429859743268536
1.5222384603844508,1.1584443071366235,0.36379415324782727,0.36379415324782727
1.723713168491681,1.350299432002936,0.3734137364887451,0.3734137364887451
1.60003238244435,2.561126161771216,-0.9610937793268661,0.9610937793268661
2.591624259545572,1.2627756291804797,1.3288486303650924,1.3288486303650924
3.423349924580549,1.5945990089746276,1.8287509156059214,1.8287509156059214
2.6510166735556018,2.913318417771358,-0.262301744215756,0.262301744215756
1.2175480596073385,0.4794551521078162,0.7380929074995223,0.7380929074995223
7.244065383360269,0.9280979361684936,6.315967447191776,6.315967447191776
1.4355644271735015,2.115338142917858,-0.6797737157443564,0.6797737157443564
1.6788303054282812,0.8505698841792588,0.8282604212490223,0.8282604212490223
4.580426866194772,0.1574921606889739,4.422934705505798,4.422934705505798
2.9826713553861293,1.7681390754019453,1.214532279984184,1.214532279984184
1.5321273000173696,0.251032589404396,1.2810947106129738,1.2810947106129738
2.9489717758099068,0.9053994318335312,2.0435723439763755,2.0435723439763755
2.235407081928281,1.971493174164051,0.26391390776423007,0.26391390776423007
2.169407944352197,1.0959804701775824,1.0734274741746146,1.0734274741746146
2.686740331121587,1.0125843815419158,1.6741559495796712,1.6741559495796712
2.404748318614775,2.266840457291897,0.13790786132287813,0.13790786132287813
1.658719821291578,0.8453310416221638,0.8133887796694141,0.8133887796694141
2.314641460829224,0.4648263311318513,1.8498151296973728,1.8498151296973728
1.9348144714872644,2.030085255885861,-0.09527078439859671,0.09527078439859671
1.3718829183654722,0.614466968927204,0.7574159494382682,0.7574159494382682
1.540156423059482,0.8934857078905486,0.6466707151689334,0.6466707151689334
1.4308611121074777,2.082749589919557,-0.6518884778120793,0.6518884778120793
3.0038294115831783,0.7468944050226367,2.256935006560542,2.256935006560542
4.280134298861751,0.7369418874953862,3.5431924113663644,3.5431924113663644
3.592580248493403,1.9307407698171608,1.6618394786762423,1.6618394786762423
1.2660956469166913,0.3736054448272118,0.8924902020894795,0.8924902020894795
2.6368413584111803,0.955941752126643,1.6808996062845374,1.6808996062845374
1.4980452432828957,2.0302009375013785,-0.5321556942184829,0.5321556942184829
0.8570862730857126,0.0,0.8570862730857126,0.8570862730857126
0.879146894389113,0.0,0.879146894389113,0.879146894389113
0.8655043603230825,0.8782086616395314,-0.01270430131644884,0.01270430131644884
0.7107039593083359,0.0,0.7107039593083359,0.7107039593083359
1.3411688832335629,0.0,1.3411688832335629,1.3411688832335629
0.9814360581560068,0.7181477054848467,0.26328835267116,0.26328835267116
0.5175817230094645,0.0,0.5175817230094645,0.5175817230094645
0.7056484947012804,0.0919627231776297,0.6136857715236508,0.6136857715236508
0.5731757916040728,1.2861614840837858,-0.712985692479713,0.712985692479713
0.826094714383351,0.0,0.826094714383351,0.826094714383351
1.200511704804833,0.0,1.200511704804833,1.200511704804833
0.98602045418736,1.0095933956802223,-0.023572941492862376,0.023572941492862376
0.6401206168693183,0.0155871642794799,0.6245334525898384,0.6245334525898384
0.8018694899438292,0.2074422891457924,0.5944272007980368,0.5944272007980368
0.6904468967705395,1.418269018914072,-0.7278221221435326,0.7278221221435326
0.6700120852270204,0.1199184863233363,0.550093598903684,0.550093598903684
0.653829971282899,0.4517418661174841,0.20208810516541487,0.20208810516541487
0.6636769574159984,1.770461274914214,-1.1067843174982155,1.1067843174982155
0.5422885207412549,0.0,0.5422885207412549,0.5422885207412549
0.5422885207412549,0.9724810000607144,-0.4301924793194595,0.4301924793194595
0.6821726355797036,0.0,0.6821726355797036,0.6821726355797036
1.2309422257456628,0.0,1.2309422257456628,1.2309422257456628
0.9352419701157908,0.6252819325448018,0.309960037570989,0.309960037570989
0.4538514483659435,0.0,0.4538514483659435,0.4538514483659435
0.997989808692561,0.0,0.997989808692561,0.997989808692561
0.5494183061851179,0.8286360313069073,-0.27921772512178944,0.27921772512178944
0.6433017110440628,0.0,0.6433017110440628,0.6433017110440628
0.9823435270848496,0.0,0.9823435270848496,0.9823435270848496
0.7961939204401095,1.1239833144347535,-0.327789393994644,0.327789393994644
0.6286830497610721,0.0,0.6286830497610721,0.6286830497610721
1.1321807165247717,0.0,1.1321807165247717,1.1321807165247717
0.8632751628341233,0.887228113028718,-0.023952950194594647,0.023952950194594647
0.4787820909269001,0.0,0.4787820909269001,0.4787820909269001
0.7279249098775472,0.0,0.7279249098775472,0.7279249098775472
0.5480873832187684,0.9398924470624131,-0.3918050638436448,0.3918050638436448
0.5714159022282193,0.0,0.5714159022282193,0.5714159022282193
1.1835686146592244,0.0,1.1835686146592244,1.1835686146592244
0.8099944456086376,0.7878836269600171,0.022110818648620523,0.022110818648620523
0.5251432400895707,0.0,0.5251432400895707,0.5251432400895707
0.7559563988183644,0.0,0.7559563988183644,0.7559563988183644
0.6778710254152407,0.8873437946442349,-0.20947276922899416,0.20947276922899416
0.579730411471064,0.0,0.579730411471064,0.579730411471064
0.774283389787513,0.0,0.774283389787513,0.774283389787513
0.6391522952809118,0.8353515187823886,-0.19619922350147678,0.19619922350147678
0.4892093570559104,0.0,0.4892093570559104,0.4892093570559104
0.5561447310735069,0.0,0.5561447310735069,0.5561447310735069
0.5048175502104532,0.6752905626277039,-0.17047301241725077,0.17047301241725077
0.4770632662036267,0.0,0.4770632662036267,0.4770632662036267
0.5641103408681047,0.0491055803204868,0.5150047605476179,0.5150047605476179
0.4869183122414556,1.2433043412266431,-0.7563860289851876,0.7563860289851876
0.6650306538588546,0.0,0.6650306538588546,0.6650306538588546
0.7713261452057005,0.0,0.7713261452057005,0.7713261452057005
0.7333233775958355,0.9667362528230796,-0.23341287522724408,0.23341287522724408
0.3322482939632105,0.0,0.3322482939632105,0.3322482939632105
0.4062549460293829,0.1645851462886495,0.24166979974073338,0.24166979974073338
0.3649043656974847,1.3754118760569294,-1.0105075103594447,1.0105075103594447
0.4950587775158489,0.0770613434661934,0.4179974340496555,0.4179974340496555
0.7530910039174339,0.4088847232603412,0.3442062806570927,0.3442062806570927
0.5950828682883496,1.7276041320570714,-1.1325212637687219,1.1325212637687219
0.5747979489963491,0.0,0.5747979489963491,0.5747979489963491
0.1047330767226874,0.0,0.1047330767226874,0.1047330767226874
0.5592824320954186,0.9296238572035715,-0.37034142510815293,0.37034142510815293
0.4632654520489824,0.0,0.4632654520489824,0.4632654520489824
0.7496304931127424,0.0,0.7496304931127424,0.7496304931127424
0.5633174517358029,0.5824247896876589,-0.01910733795185593,0.01910733795185593
0.3602760666772656,0.0,0.3602760666772656,0.3602760666772656
0.6658246650132922,0.0,0.6658246650132922,0.6658246650132922
0.4243713490577802,0.7857788884497645,-0.36140753939198433,0.36140753939198433
0.4198664546099319,0.0,0.4198664546099319,0.4198664546099319
0.6052217822979895,0.0,0.6052217822979895,0.6052217822979895
0.4953986447362168,1.0811261715776106,-0.5857275268413937,0.5857275268413937
0.6198068833094819,0.0,0.6198068833094819,0.6198068833094819
1.0649682679639256,0.0,1.0649682679639256,1.0649682679639256
0.7696938879034653,0.8443709701715751,-0.07467708226810987,0.07467708226810987
0.3687334249789068,0.0,0.3687334249789068,0.3687334249789068
0.4313168954422955,0.0,0.4313168954422955,0.4313168954422955
0.3707166752248346,0.8970353042052704,-0.5263186289804358,0.5263186289804358
0.4788089757102604,0.0,0.4788089757102604,0.4788089757102604
0.8188652144271537,0.0,0.8188652144271537,0.8188652144271537
0.5842063659602571,0.7450264841028744,-0.16082011814261732,0.16082011814261732
0.4055485017270916,0.0,0.4055485017270916,0.4055485017270916
0.6957406402698985,0.0,0.6957406402698985,0.6957406402698985
0.5562316869210366,0.8444866517870919,-0.2882549648660553,0.2882549648660553
1.6268858066002263,2.095364285714287,-0.4684784791140606,0.4684784791140606
1.9919193221111424,2.1490845238095257,-0.15716520169838333,0.15716520169838333
1.6750870924050658,2.1358259920634937,-0.46073889965842785,0.46073889965842785
2.291177593433027,2.142223809523811,0.14895378390921588,0.14895378390921588
4.746403988018382,2.142223809523811,2.6041801784945706,2.6041801784945706
3.474743554785576,2.1634148809523825,1.3113286738331933,1.3113286738331933
1.5470171390615697,2.1778321428571448,-0.6308150037955751,0.6308150037955751
2.594196684748674,1.861382521645024,0.73281416310365,0.73281416310365
1.8697114647833253,1.8835515692640712,-0.013840104480745907,0.013840104480745907
2.3426553850030096,2.113392857142858,0.22926252786015144,0.22926252786015144
3.0549264654046246,2.1498345238095258,0.9050919415950989,0.9050919415950989
2.5954365128642194,2.1499730158730173,0.44546349699120213,0.44546349699120213
1.5222384603844508,2.1778321428571448,-0.655593682472694,0.655593682472694
1.723713168491681,2.081645833333336,-0.357932664841655,0.357932664841655
1.60003238244435,2.1179291666666686,-0.5178967842223186,0.5178967842223186
2.591624259545572,1.8133354978354992,0.7782887617100729,0.7782887617100729
3.423349924580549,1.8133354978354992,1.6100144267450498,1.6100144267450498
2.6510166735556018,1.8630854978354991,0.7879311757201026,0.7879311757201026
1.2175480596073385,1.7651527597402612,-0.5476047001329227,0.5476047001329227
7.244065383360269,1.7679027597402612,5.476162623620008,5.476162623620008
1.4355644271735015,1.7623593073593085,-0.32679488018580694,0.32679488018580694
1.6788303054282812,2.142223809523811,-0.46339350409552993,0.46339350409552993
4.580426866194772,2.142223809523811,2.438203056670961,2.438203056670961
2.9826713553861293,2.142223809523811,0.8404475458623182,0.8404475458623182
1.5321273000173696,2.113392857142858,-0.5812655571254886,0.5812655571254886
2.9489717758099068,2.1498345238095258,0.799137252000381,0.799137252000381
2.235407081928281,2.1245882936507954,0.11081878827748559,0.11081878827748559
2.169407944352197,2.178769642857145,-0.009361698504947835,0.009361698504947835
2.686740331121587,2.178769642857145,0.5079706882644421,0.5079706882644421
2.404748318614775,2.1943011904761924,0.21044712813858268,0.21044712813858268
1.658719821291578,2.176751190476193,-0.518031369184615,0.518031369184615
2.314641460829224,2.1817696428571445,0.1328718179720796,0.1328718179720796
1.9348144714872644,2.2318815476190488,-0.2970670761317844,0.2970670761317844
1.3718829183654722,1.7797521645021666,-0.4078692461366944,0.4078692461366944
1.540156423059482,1.7797521645021666,-0.23959574144268458,0.23959574144268458
1.4308611121074777,1.712357521645023,-0.2814964095375454,0.2814964095375454
3.0038294115831783,2.177915476190478,0.8259139353927001,0.8259139353927001
4.280134298861751,2.173540476190478,2.1065938226712726,2.1065938226712726
3.592580248493403,1.943390079365081,1.6491901691283222,1.6491901691283222
1.2660956469166913,2.0538059523809538,-0.7877103054642625,0.7877103054642625
2.6368413584111803,2.098907142857145,0.5379342155540354,0.5379342155540354
1.4980452432828957,2.185566269841271,-0.6875210265583751,0.6875210265583751
0.8570862730857126,0.6567055351983759,0.20038073788733668,0.20038073788733668
0.879146894389113,0.6402130847566607,0.23893380963245225,0.23893380963245225
0.8655043603230825,0.6548064129970479,0.21069794732603464,0.21069794732603464
0.7107039593083359,0.6529291463094872,0.05777481299884868,0.05777481299884868
1.3411688832335629,0.6538874796428205,0.6872814035907424,0.6872814035907424
0.9814360581560068,0.6523800662229068,0.3290559919331,0.3290559919331
0.5175817230094645,0.5984461754340433,-0.08086445242457885,0.08086445242457885
0.7056484947012804,0.5172167111483289,0.18843178355295154,0.18843178355295154
0.5731757916040728,0.5360809073687752,0.03709488423529761,0.03709488423529761
0.826094714383351,0.6546097018650427,0.17148501251830828,0.17148501251830828
1.200511704804833,0.6146190737839734,0.5858926310208596,0.5858926310208596
0.98602045418736,0.6258559598554182,0.36016449433194175,0.36016449433194175
0.6401206168693183,0.5984461754340433,0.04167444143527499,0.04167444143527499
0.8018694899438292,0.5588164466252702,0.24305304331855904,0.24305304331855904
0.6904468967705395,0.5705567792093528,0.11989011756118673,0.11989011756118673
0.6700120852270204,0.4674240967365967,0.2025879884904237,0.2025879884904237
0.653829971282899,0.4681611201298702,0.18566885115302878,0.18566885115302878
0.6636769574159984,0.4906039344642287,0.17307302295176974,0.17307302295176974
0.5422885207412549,0.4918484684905738,0.0504400522506811,0.0504400522506811
0.5422885207412549,0.4848667661651217,0.05742175457613319,0.05742175457613319
0.6821726355797036,0.6538874796428205,0.02828515593688319,0.02828515593688319
1.2309422257456628,0.6538874796428205,0.5770547461028424,0.5770547461028424
0.9352419701157908,0.6538874796428205,0.28135449047297034,0.28135449047297034
0.4538514483659435,0.6550263685317093,-0.20117492016576577,0.20117492016576577
0.997989808692561,0.6144524071173066,0.3835374015752544,0.3835374015752544
0.5494183061851179,0.6256659373778958,-0.07624763119277789,0.07624763119277789
0.6433017110440628,0.6115843515617511,0.03171735948231169,0.03171735948231169
0.9823435270848496,0.5980295087673766,0.384314018317473,0.384314018317473
0.7961939204401095,0.5976689207442887,0.19852499969582083,0.19852499969582083
0.6286830497610721,0.568587315754421,0.060095734006651136,0.060095734006651136
1.1321807165247717,0.6067922159196154,0.5253885006051563,0.5253885006051563
0.8632751628341233,0.5627029053054788,0.30057225752864447,0.30057225752864447
0.4787820909269001,0.5142835695414837,-0.03550147861458358,0.03550147861458358
0.7279249098775472,0.511264247435571,0.21666066244197624,0.21666066244197624
0.5480873832187684,0.491967055819997,0.056120327398771375,0.056120327398771375
0.5714159022282193,0.6224492055802816,-0.051033303352062354,0.051033303352062354
1.1835686146592244,0.6133135182284177,0.5702550964308066,0.5702550964308066
0.8099944456086376,0.6249788598312594,0.1850155857773782,0.1850155857773782
0.5251432400895707,0.663943035198376,-0.13879979510880536,0.13879979510880536
0.7559563988183644,0.6144926848950845,0.14146371392327994,0.14146371392327994
0.6778710254152407,0.658406338071973,0.019464687343267673,0.019464687343267673
0.579730411471064,0.6401720756024162,-0.06044166413135221,0.06044166413135221
0.774283389787513,0.623679625160701,0.15060376462681202,0.15060376462681202
0.6391522952809118,0.6382729534010881,0.0008793418798236363,0.0008793418798236363
0.4892093570559104,0.6363956867135272,-0.1471863296576168,0.1471863296576168
0.5561447310735069,0.6373540200468605,-0.08120928897335356,0.08120928897335356
0.5048175502104532,0.6364132732936137,-0.1315957230831606,0.1315957230831606
0.4770632662036267,0.5833418825047502,-0.10627861630112345,0.10627861630112345
0.5641103408681047,0.510355221249339,0.05375511961876578,0.05375511961876578
0.4869183122414556,0.5292194174697852,-0.04230110522832958,0.04230110522832958
0.6650306538588546,0.6380762422690828,0.026954411589771854,0.026954411589771854
0.7713261452057005,0.5995147808546801,0.1718113643510204,0.1718113643510204
0.7333233775958355,0.6113183335927918,0.1220050440030438,0.1220050440030438
0.3322482939632105,0.5833418825047502,-0.2510935885415397,0.2510935885415397
0.4062549460293829,0.5458609632197868,-0.13960601719040394,0.13960601719040394
0.3649043656974847,0.5576012958038693,-0.1926969301063846,0.1926969301063846
0.4950587775158489,0.46618243006993,0.028876347445918937,0.028876347445918937
0.7530910039174339,0.4669194534632035,0.2861715504542304,0.2861715504542304
0.5950828682883496,0.489362267797562,0.10572060049078758,0.10572060049078758
0.5747979489963491,0.4891776351572405,0.08562031383910856,0.08562031383910856
0.1047330767226874,0.4873938252171805,-0.3826607484944931,0.3826607484944931
0.5592824320954186,0.4821959328317883,0.07708649926363031,0.07708649926363031
0.4632654520489824,0.6373540200468605,-0.17408856799787809,0.17408856799787809
0.7496304931127424,0.6373540200468605,0.11227647306588195,0.11227647306588195
0.5633174517358029,0.6373540200468605,-0.07403656831105754,0.07403656831105754
0.3602760666772656,0.6384929089357494,-0.2782168422584838,0.2782168422584838
0.6658246650132922,0.5993481141880135,0.0664765508252787,0.0664765508252787
0.4243713490577802,0.6105616444486025,-0.18619029539082232,0.18619029539082232
0.4198664546099319,0.5964800586324579,-0.17661360402252602,0.17661360402252602
0.6052217822979895,0.5829252158380835,0.022296566459905964,0.022296566459905964
0.4953986447362168,0.5831312944816623,-0.08773264974544553,0.08773264974544553
0.6198068833094819,0.5550496894917948,0.06475719381768708,0.06475719381768708
1.0649682679639256,0.592254589656989,0.47271367830693667,0.47271367830693667
0.7696938879034653,0.5491652790428526,0.22052860886061265,0.22052860886061265
0.3687334249789068,0.5110706907536048,-0.14233726577469796,0.14233726577469796
0.4313168954422955,0.5063194242032477,-0.0750025287609522,0.0750025287609522
0.3707166752248346,0.4887541770321181,-0.1180375018072835,0.1180375018072835
0.4788089757102604,0.6080199126509885,-0.12921093694072816,0.12921093694072816
0.8188652144271537,0.5982092252991246,0.22065598912802908,0.22065598912802908
0.5842063659602571,0.6098745669019663,-0.025668200941709185,0.025668200941709185
0.4055485017270916,0.6474095756024163,-0.24186107387532468,0.24186107387532468
0.6957406402698985,0.5993883919657913,0.09635224830410716,0.09635224830410716
0.5562316869210366,0.6418728784760132,-0.08564119155497651,0.08564119155497651
1.6268858066002263,2.110380172729492,-0.4834943661292659,0.4834943661292659
1.9919193221111424,2.0932517051696777,-0.10133238305853531,0.10133238305853531
1.6750870924050658,2.089594602584839,-0.41450751017977305,0.41450751017977305
2.291177593433027,2.24866795539856,0.042509638034466946,0.042509638034466946
4.746403988018382,2.26603102684021,2.4803729611781717,2.4803729611781717
3.474743554785576,2.1202759742736816,1.3544675805118942,1.3544675805118942
1.5470171390615697,2.249549388885498,-0.7025322498239284,0.7025322498239284
2.594196684748674,1.832741022109985,0.761455662638689,0.761455662638689
1.8697114647833253,2.539517402648926,-0.6698059378656005,0.6698059378656005
2.3426553850030096,2.1315033435821533,0.2111520414208563,0.2111520414208563
3.0549264654046246,2.1738762855529785,0.8810501798516461,0.8810501798516461
2.5954365128642194,2.1329574584960938,0.46247905436812564,0.46247905436812564
1.5222384603844508,2.253722906112671,-0.7314844457282201,0.7314844457282201
1.723713168491681,2.2060816287994385,-0.4823684603077574,0.4823684603077574
1.60003238244435,2.5963733196258545,-0.9963409371815044,0.9963409371815044
2.591624259545572,1.843805313110352,0.7478189464352201,0.7478189464352201
3.423349924580549,2.244401216506958,1.178948708073591,1.178948708073591
2.6510166735556018,2.377112627029419,0.27390404652618283,0.27390404652618283
1.2175480596073385,1.6997638940811155,-0.482215834473777,0.482215834473777
7.244065383360269,1.90883219242096,5.335233190939309,5.335233190939309
1.4355644271735015,1.7644575834274292,-0.3288931562539277,0.3288931562539277
1.6788303054282812,2.26603102684021,-0.5872007214119288,0.5872007214119288
4.580426866194772,2.26603102684021,2.314395839354562,2.314395839354562
2.9826713553861293,2.3390567302703857,0.6436146251157435,0.6436146251157435
1.5321273000173696,2.112455368041992,-0.5803280680246226,0.5803280680246226
2.9489717758099068,2.095085620880127,0.8538861549297798,0.8538861549297798
2.235407081928281,2.0550522804260254,0.18035480150225558,0.18035480150225558
2.169407944352197,2.357408285140991,-0.18800034078879424,0.18800034078879424
2.686740331121587,2.357408285140991,0.32933204598059573,0.32933204598059573
2.404748318614775,2.306098937988281,0.09864938062649431,0.09864938062649431
1.658719821291578,2.359966516494751,-0.7012466952031731,0.7012466952031731
2.314641460829224,2.355905055999756,-0.0412635951705318,0.0412635951705318
1.9348144714872644,2.41833758354187,-0.48352311205460574,0.48352311205460574
1.3718829183654722,1.726494312286377,-0.3546113939209048,0.3546113939209048
1.540156423059482,1.726494312286377,-0.18633788922689498,0.18633788922689498
1.4308611121074777,1.565129280090332,-0.13426816798285435,0.13426816798285435
3.0038294115831783,2.2572550773620605,0.7465743342211177,0.7465743342211177
4.280134298861751,2.2632625102996826,2.016871788562068,2.016871788562068
3.592580248493403,1.9770487546920776,1.6155314938013254,1.6155314938013254
1.2660956469166913,1.9738998413085933,-0.707804194391902,0.707804194391902
2.6368413584111803,2.098606824874878,0.5382345335363024,0.5382345335363024
1.4980452432828957,2.349409341812134,-0.8513640985292381,0.8513640985292381
0.8570862730857126,0.7305012345314026,0.12658503855431003,0.12658503855431003
0.879146894389113,0.7288674712181091,0.15027942317100385,0.15027942317100385
0.8655043603230825,0.6942921280860901,0.17121223223699245,0.17121223223699245
0.7107039593083359,0.7345004081726074,-0.02379644886427157,0.02379644886427157
1.3411688832335629,0.7493004202842712,0.5918684629492916,0.5918684629492916
0.9814360581560068,0.6751722693443298,0.30626378881167693,0.30626378881167693
0.5175817230094645,0.7044640779495239,-0.18688235494005945,0.18688235494005945
0.7056484947012804,0.5134857296943665,0.19216276500691398,0.19216276500691398
0.5731757916040728,0.7444116473197937,-0.17123585571572086,0.17123585571572086
0.826094714383351,0.7475770711898804,0.07851764319347065,0.07851764319347065
1.200511704804833,0.7042960524559021,0.49621565234893095,0.49621565234893095
0.98602045418736,0.6323609948158264,0.35365945937153354,0.35365945937153354
0.6401206168693183,0.7086377739906311,-0.06851715712131279,0.06851715712131279
0.8018694899438292,0.6456097960472107,0.15625969389661853,0.15625969389661853
0.6904468967705395,0.7748876214027405,-0.08444072463220098,0.08444072463220098
0.6700120852270204,0.5097092986106873,0.16030278661633313,0.16030278661633313
0.653829971282899,0.5887638330459595,0.06506613823693952,0.06506613823693952
0.6636769574159984,0.6297085881233215,0.03396836929267688,0.03396836929267688
0.5422885207412549,0.5074367523193359,0.03485176842191895,0.03485176842191895
0.5422885207412549,0.4858021736145019,0.05648634712675299,0.05648634712675299
0.6821726355797036,0.7493004202842712,-0.0671277847045676,0.0671277847045676
1.2309422257456628,0.7493004202842712,0.48164180546139157,0.48164180546139157
0.9352419701157908,0.7062416076660156,0.22900036244977517,0.22900036244977517
0.4538514483659435,0.7325767874717712,-0.27872533910582775,0.27872533910582775
0.997989808692561,0.7160956263542175,0.2818941823383435,0.2818941823383435
0.5494183061851179,0.677828311920166,-0.12841000573504813,0.12841000573504813
0.6433017110440628,0.7159478664398193,-0.07264615539575658,0.07264615539575658
0.9823435270848496,0.7159478664398193,0.2663956606450303,0.2663956606450303
0.7961939204401095,0.7216722965240479,0.07452162391606165,0.07452162391606165
0.6286830497610721,0.6807878017425537,-0.05210475198148157,0.05210475198148157
1.1321807165247717,0.7144446969032288,0.41773601962154294,0.41773601962154294
0.8632751628341233,0.692898690700531,0.1703764721335923,0.1703764721335923
0.4787820909269001,0.5346177816390991,-0.055835690712199015,0.055835690712199015
0.7279249098775472,0.5346177816390991,0.1933071282384481,0.1933071282384481
0.5480873832187684,0.472324401140213,0.07576298207855536,0.07576298207855536
0.5714159022282193,0.7500447034835815,-0.1786288012553623,0.1786288012553623
1.1835686146592244,0.7414465546607971,0.44212205999842724,0.44212205999842724
0.8099944456086376,0.6645100712776184,0.14548437433101924,0.14548437433101924
0.5251432400895707,0.7231780290603638,-0.19803478897079307,0.19803478897079307
0.7559563988183644,0.7196167707443237,0.036339628074040675,0.036339628074040675
0.6778710254152407,0.6884995102882385,-0.010628484872997834,0.010628484872997834
0.579730411471064,0.6766054630279541,-0.09687505155689013,0.09687505155689013
0.774283389787513,0.6841259002685547,0.0901574895189583,0.0901574895189583
0.6391522952809118,0.6400865912437439,-0.0009342959628321212,0.0009342959628321212
0.4892093570559104,0.6861936450004578,-0.19698428794454736,0.19698428794454736
0.5561447310735069,0.699735701084137,-0.14359097001063004,0.14359097001063004
0.5048175502104532,0.6307184100151062,-0.12590085980465304,0.12590085980465304
0.4770632662036267,0.6698752641677856,-0.19281199796415893,0.19281199796415893
0.5641103408681047,0.475196897983551,0.08891344288455372,0.08891344288455372
0.4869183122414556,0.7536076307296753,-0.2666893184882197,0.2666893184882197
0.6650306538588546,0.685474157333374,-0.020443503474519398,0.020443503474519398
0.7713261452057005,0.6568369269371033,0.11448921826859726,0.11448921826859726
0.7333233775958355,0.5924820899963379,0.14084128759949766,0.14084128759949766
0.3322482939632105,0.6740489602088928,-0.34180066624568234,0.34180066624568234
0.4062549460293829,0.585082471370697,-0.17882752534131413,0.17882752534131413
0.3649043656974847,0.7758764624595642,-0.4109720967620795,0.4109720967620795
0.4950587775158489,0.4791682362556457,0.015890541260203228,0.015890541260203228
0.7530910039174339,0.5783218145370483,0.17476918938038555,0.17476918938038555
0.5950828682883496,0.6607705950737,-0.0656877267853504,0.0656877267853504
0.5747979489963491,0.4588466882705688,0.11595126072578027,0.11595126072578027
0.1047330767226874,0.4936381578445434,-0.388905081121856,0.388905081121856
0.5592824320954186,0.4290051758289337,0.1302772562664849,0.1302772562664849
0.4632654520489824,0.699735701084137,-0.23647024903515457,0.23647024903515457
0.7496304931127424,0.699735701084137,0.04989479202860547,0.04989479202860547
0.5633174517358029,0.653959333896637,-0.09064188216083402,0.09064188216083402
0.3602760666772656,0.6786810159683228,-0.31840494929105717,0.31840494929105717
0.6658246650132922,0.6713540554046631,-0.005529390391370903,0.005529390391370903
0.4243713490577802,0.632459819316864,-0.20808847025908384,0.20808847025908384
0.4198664546099319,0.6661900877952576,-0.24632363318532569,0.24632363318532569
0.6052217822979895,0.6661900877952576,-0.06096830549726806,0.06096830549726806
0.4953986447362168,0.7339901924133301,-0.23859154767711327,0.23859154767711327
0.6198068833094819,0.6050915122032166,0.014715371106265307,0.014715371106265307
1.0649682679639256,0.664686918258667,0.40028134970525864,0.40028134970525864
0.7696938879034653,0.696167528629303,0.07352635927416229,0.07352635927416229
0.3687334249789068,0.4919980764389038,-0.12326465145999699,0.12326465145999699
0.4313168954422955,0.4919980764389038,-0.0606811809966083,0.0606811809966083
0.3707166752248346,0.4450327157974243,-0.07431604057258973,0.07431604057258973
0.4788089757102604,0.6971827745437622,-0.21837379883350183,0.21837379883350183
0.8188652144271537,0.6885846257209778,0.13028058870617587,0.13028058870617587
0.5842063659602571,0.6287277936935425,-0.04452142773328538,0.04452142773328538
0.4055485017270916,0.6781078577041626,-0.272559355977071,0.272559355977071
0.6957406402698985,0.6748751997947693,0.02086544047512917,0.02086544047512917
0.5562316869210366,0.6435999274253845,-0.08736824050434788,0.08736824050434788
1.6268858066002263,0.9166666666666666,0.7102191399335597,0.7102191399335597
1.9919193221111424,0.9166666666666666,1.075252655444476,1.075252655444476
1.6750870924050658,0.9166666666666666,0.7584204257383992,0.7584204257383992
2.291177593433027,0.9166666666666666,1.3745109267663604,1.3745109267663604
4.746403988018382,0.9166666666666666,3.829737321351715,3.829737321351715
3.474743554785576,0.9166666666666666,2.5580768881189093,2.5580768881189093
1.5470171390615697,0.9166666666666666,0.630350472394903,0.630350472394903
2.594196684748674,0.9166666666666666,1.6775300180820074,1.6775300180820074
1.8697114647833253,0.9166666666666666,0.9530447981166587,0.9530447981166587
2.3426553850030096,0.9166666666666666,1.425988718336343,1.425988718336343
3.0549264654046246,0.9166666666666666,2.138259798737958,2.138259798737958
2.5954365128642194,0.9166666666666666,1.6787698461975529,1.6787698461975529
1.5222384603844508,0.9166666666666666,0.6055717937177841,0.6055717937177841
1.723713168491681,0.9166666666666666,0.8070465018250145,0.8070465018250145
1.60003238244435,0.9166666666666666,0.6833657157776835,0.6833657157776835
2.591624259545572,0.9166666666666666,1.6749575928789056,1.6749575928789056
3.423349924580549,0.9166666666666666,2.5066832579138825,2.5066832579138825
2.6510166735556018,0.9166666666666666,1.7343500068889353,1.7343500068889353
1.2175480596073385,0.9166666666666666,0.30088139294067184,0.30088139294067184
7.244065383360269,0.9166666666666666,6.327398716693602,6.327398716693602
1.4355644271735015,0.9166666666666666,0.5188977605068349,0.5188977605068349
1.6788303054282812,0.9166666666666666,0.7621636387616145,0.7621636387616145
4.580426866194772,0.9166666666666666,3.6637601995281055,3.6637601995281055
2.9826713553861293,0.9166666666666666,2.0660046887194627,2.0660046887194627
1.5321273000173696,0.9166666666666666,0.615460633350703,0.615460633350703
2.9489717758099068,0.9166666666666666,2.0323051091432403,2.0323051091432403
2.235407081928281,0.9166666666666666,1.3187404152616145,1.3187404152616145
2.169407944352197,0.9166666666666666,1.2527412776855305,1.2527412776855305
2.686740331121587,0.9166666666666666,1.7700736644549204,1.7700736644549204
2.404748318614775,0.9166666666666666,1.4880816519481086,1.4880816519481086
1.658719821291578,0.9166666666666666,0.7420531546249113,0.7420531546249113
2.314641460829224,0.9166666666666666,1.3979747941625575,1.3979747941625575
1.9348144714872644,0.9166666666666666,1.0181478048205976,1.0181478048205976
1.3718829183654722,0.9166666666666666,0.45521625169880553,0.45521625169880553
1.540156423059482,0.9166666666666666,0.6234897563928153,0.6234897563928153
1.4308611121074777,0.9166666666666666,0.514194445440811,0.514194445440811
3.0038294115831783,0.9166666666666666,2.0871627449165118,2.0871627449165118
4.280134298861751,0.9166666666666666,3.3634676321950843,3.3634676321950843
3.592580248493403,0.9166666666666666,2.6759135818267366,2.6759135818267366
1.2660956469166913,0.9166666666666666,0.34942898025002467,0.34942898025002467
2.6368413584111803,0.9166666666666666,1.7201746917445138,1.7201746917445138
1.4980452432828957,0.9166666666666666,0.581378576616229,0.581378576616229
0.8570862730857126,0.9166666666666666,-0.059580393580954016,0.059580393580954016
0.879146894389113,0.9166666666666666,-0.037519772277553654,0.037519772277553654
0.8655043603230825,0.9166666666666666,-0.051162306343584096,0.051162306343584096
0.7107039593083359,0.9166666666666666,-0.20596270735833078,0.20596270735833078
1.3411688832335629,0.9166666666666666,0.42450221656689624,0.42450221656689624
0.9814360581560068,0.9166666666666666,0.06476939148934013,0.06476939148934013
0.5175817230094645,0.9166666666666666,-0.39908494365720215,0.39908494365720215
0.7056484947012804,0.9166666666666666,-0.2110181719653862,0.2110181719653862
0.5731757916040728,0.9166666666666666,-0.3434908750625938,0.3434908750625938
0.826094714383351,0.9166666666666666,-0.0905719522833156,0.0905719522833156
1.200511704804833,0.9166666666666666,0.2838450381381664,0.2838450381381664
0.98602045418736,0.9166666666666666,0.06935378752069332,0.06935378752069332
0.6401206168693183,0.9166666666666666,-0.2765460497973483,0.2765460497973483
0.8018694899438292,0.9166666666666666,-0.1147971767228374,0.1147971767228374
0.6904468967705395,0.9166666666666666,-0.22621976989612713,0.22621976989612713
0.6700120852270204,0.9166666666666666,-0.24665458143964625,0.24665458143964625
0.653829971282899,0.9166666666666666,-0.26283669538376764,0.26283669538376764
0.6636769574159984,0.9166666666666666,-0.2529897092506682,0.2529897092506682
0.5422885207412549,0.9166666666666666,-0.37437814592541174,0.37437814592541174
0.5422885207412549,0.9166666666666666,-0.37437814592541174,0.37437814592541174
0.6821726355797036,0.9166666666666666,-0.23449403108696298,0.23449403108696298
1.2309422257456628,0.9166666666666666,0.3142755590789962,0.3142755590789962
0.9352419701157908,0.9166666666666666,0.01857530344912417,0.01857530344912417
0.4538514483659435,0.9166666666666666,-0.46281521830072314,0.46281521830072314
0.997989808692561,0.9166666666666666,0.08132314202589441,0.08132314202589441
0.5494183061851179,0.9166666666666666,-0.36724836048154874,0.36724836048154874
0.6433017110440628,0.9166666666666666,-0.2733649556226039,0.2733649556226039
0.9823435270848496,0.9166666666666666,0.06567686041818299,0.06567686041818299
0.7961939204401095,0.9166666666666666,-0.12047274622655713,0.12047274622655713
0.6286830497610721,0.9166666666666666,-0.2879836169055945,0.2879836169055945
1.1321807165247717,0.9166666666666666,0.21551404985810507,0.21551404985810507
0.8632751628341233,0.9166666666666666,-0.05339150383254332,0.05339150383254332
0.4787820909269001,0.9166666666666666,-0.4378845757397665,0.4378845757397665
0.7279249098775472,0.9166666666666666,-0.18874175678911942,0.18874175678911942
0.5480873832187684,0.9166666666666666,-0.36857928344789825,0.36857928344789825
0.5714159022282193,0.9166666666666666,-0.3452507644384474,0.3452507644384474
1.1835686146592244,0.9166666666666666,0.26690194799255773,0.26690194799255773
0.8099944456086376,0.9166666666666666,-0.10667222105802898,0.10667222105802898
0.5251432400895707,0.9166666666666666,-0.39152342657709593,0.39152342657709593
0.7559563988183644,0.9166666666666666,-0.16071026784830222,0.16071026784830222
0.6778710254152407,0.9166666666666666,-0.23879564125142594,0.23879564125142594
0.579730411471064,0.9166666666666666,-0.33693625519560266,0.33693625519560266
0.774283389787513,0.9166666666666666,-0.14238327687915364,0.14238327687915364
0.6391522952809118,0.9166666666666666,-0.27751437138575485,0.27751437138575485
0.4892093570559104,0.9166666666666666,-0.42745730961075623,0.42745730961075623
0.5561447310735069,0.9166666666666666,-0.3605219355931597,0.3605219355931597
0.5048175502104532,0.9166666666666666,-0.41184911645621347,0.41184911645621347
0.4770632662036267,0.9166666666666666,-0.4396034004630399,0.4396034004630399
0.5641103408681047,0.9166666666666666,-0.3525563257985619,0.3525563257985619
0.4869183122414556,0.9166666666666666,-0.42974835442521103,0.42974835442521103
0.6650306538588546,0.9166666666666666,-0.251636012807812,0.251636012807812
0.7713261452057005,0.9166666666666666,-0.1453405214609661,0.1453405214609661
0.7333233775958355,0.9166666666666666,-0.18334328907083108,0.18334328907083108
0.3322482939632105,0.9166666666666666,-0.5844183727034562,0.5844183727034562
0.4062549460293829,0.9166666666666666,-0.5104117206372838,0.5104117206372838
0.3649043656974847,0.9166666666666666,-0.5517623009691819,0.5517623009691819
0.4950587775158489,0.9166666666666666,-0.4216078891508177,0.4216078891508177
0.7530910039174339,0.9166666666666666,-0.16357566274923274,0.16357566274923274
0.5950828682883496,0.9166666666666666,-0.3215837983783171,0.3215837983783171
0.5747979489963491,0.9166666666666666,-0.34186871767031757,0.34186871767031757
0.1047330767226874,0.9166666666666666,-0.8119335899439792,0.8119335899439792
0.5592824320954186,0.9166666666666666,-0.357384234571248,0.357384234571248
0.4632654520489824,0.9166666666666666,-0.45340121461768423,0.45340121461768423
0.7496304931127424,0.9166666666666666,-0.1670361735539242,0.1670361735539242
0.5633174517358029,0.9166666666666666,-0.3533492149308637,0.3533492149308637
0.3602760666772656,0.9166666666666666,-0.556390599989401,0.556390599989401
0.6658246650132922,0.9166666666666666,-0.25084200165337445,0.25084200165337445
0.4243713490577802,0.9166666666666666,-0.49229531760888645,0.49229531760888645
0.4198664546099319,0.9166666666666666,-0.49680021205673475,0.49680021205673475
0.6052217822979895,0.9166666666666666,-0.3114448843686771,0.3114448843686771
0.4953986447362168,0.9166666666666666,-0.4212680219304498,0.4212680219304498
0.6198068833094819,0.9166666666666666,-0.29685978335718477,0.29685978335718477
1.0649682679639256,0.9166666666666666,0.148301601297259,0.148301601297259
0.7696938879034653,0.9166666666666666,-0.14697277876320136,0.14697277876320136
0.3687334249789068,0.9166666666666666,-0.5479332416877598,0.5479332416877598
0.4313168954422955,0.9166666666666666,-0.4853497712243711,0.4853497712243711
0.3707166752248346,0.9166666666666666,-0.545949991441832,0.545949991441832
0.4788089757102604,0.9166666666666666,-0.43785769095640625,0.43785769095640625
0.8188652144271537,0.9166666666666666,-0.09780145223951298,0.09780145223951298
0.5842063659602571,0.9166666666666666,-0.33246030070640953,0.33246030070640953
0.4055485017270916,0.9166666666666666,-0.5111181649395751,0.5111181649395751
0.6957406402698985,0.9166666666666666,-0.22092602639676817,0.22092602639676817
0.5562316869210366,0.9166666666666666,-0.36043497974563,0.36043497974563
1.6268858066002263,0.7666666666666666,0.8602191399335597,0.8602191399335597
1.9919193221111424,0.7666666666666666,1.2252526554444758,1.2252526554444758
1.6750870924050658,0.7666666666666666,0.9084204257383992,0.9084204257383992
2.291177593433027,1.1666666666666667,1.1245109267663602,1.1245109267663602
4.746403988018382,1.1666666666666667,3.5797373213517147,3.5797373213517147
3.474743554785576,1.1666666666666667,2.308076888118909,2.308076888118909
1.5470171390615697,0.6,0.9470171390615697,0.9470171390615697
2.594196684748674,0.6,1.9941966847486738,1.9941966847486738
1.8697114647833253,0.6,1.2697114647833252,1.2697114647833252
2.3426553850030096,1.0666666666666669,1.2759887183363428,1.2759887183363428
3.0549264654046246,1.0666666666666669,1.9882597987379578,1.9882597987379578
2.5954365128642194,1.0666666666666669,1.5287698461975525,1.5287698461975525
1.5222384603844508,0.7333333333333334,0.7889051270511174,0.7889051270511174
1.723713168491681,0.7333333333333334,0.9903798351583477,0.9903798351583477
1.60003238244435,0.7333333333333334,0.8666990491110167,0.8666990491110167
2.591624259545572,1.3333333333333333,1.2582909262122388,1.2582909262122388
3.423349924580549,1.3333333333333333,2.090016591247216,2.090016591247216
2.6510166735556018,1.3333333333333333,1.3176833402222685,1.3176833402222685
1.2175480596073385,0.6,0.6175480596073385,0.6175480596073385
7.244065383360269,0.6,6.644065383360269,6.644065383360269
1.4355644271735015,0.6,0.8355644271735015,0.8355644271735015
1.6788303054282812,0.7000000000000001,0.9788303054282811,0.9788303054282811
4.580426866194772,0.7000000000000001,3.880426866194772,3.880426866194772
2.9826713553861293,0.7000000000000001,2.282671355386129,2.282671355386129
1.5321273000173696,0.6333333333333333,0.8987939666840363,0.8987939666840363
2.9489717758099068,0.6333333333333333,2.3156384424765735,2.3156384424765735
2.235407081928281,0.6333333333333333,1.6020737485949477,1.6020737485949477
2.169407944352197,1.1,1.0694079443521969,1.0694079443521969
2.686740331121587,1.1,1.5867403311215869,1.5867403311215869
2.404748318614775,1.1,1.304748318614775,1.304748318614775
1.658719821291578,1.2,0.45871982129157796,0.45871982129157796
2.314641460829224,1.2,1.114641460829224,1.114641460829224
1.9348144714872644,1.2,0.7348144714872644,0.7348144714872644
1.3718829183654722,0.6666666666666666,0.7052162516988055,0.7052162516988055
1.540156423059482,0.6666666666666666,0.8734897563928153,0.8734897563928153
1.4308611121074777,0.6666666666666666,0.764194445440811,0.764194445440811
3.0038294115831783,1.1333333333333333,1.870496078249845,1.870496078249845
4.280134298861751,1.1333333333333333,3.1468009655284175,3.1468009655284175
3.592580248493403,1.1333333333333333,2.4592469151600698,2.4592469151600698
1.2660956469166913,1.1333333333333333,0.132762313583358,0.132762313583358
2.6368413584111803,1.1333333333333333,1.503508025077847,1.503508025077847
1.4980452432828957,1.1333333333333333,0.3647119099495624,0.3647119099495624
0.8570862730857126,0.7666666666666666,0.090419606419046,0.090419606419046
0.879146894389113,0.7666666666666666,0.11248022772244637,0.11248022772244637
0.8655043603230825,0.7666666666666666,0.09883769365641593,0.09883769365641593
0.7107039593083359,1.1666666666666667,-0.4559627073583309,0.4559627073583309
1.3411688832335629,1.1666666666666667,0.17450221656689613,0.17450221656689613
0.9814360581560068,1.1666666666666667,-0.18523060851065998,0.18523060851065998
0.5175817230094645,0.6,-0.0824182769905355,0.0824182769905355
0.7056484947012804,0.6,0.10564849470128046,0.10564849470128046
0.5731757916040728,0.6,-0.02682420839592714,0.02682420839592714
0.826094714383351,1.0666666666666669,-0.24057195228331585,0.24057195228331585
1.200511704804833,1.0666666666666669,0.13384503813816617,0.13384503813816617
0.98602045418736,1.0666666666666669,-0.08064621247930692,0.08064621247930692
0.6401206168693183,0.7333333333333334,-0.09321271646401508,0.09321271646401508
0.8018694899438292,0.7333333333333334,0.06853615661049584,0.06853615661049584
0.6904468967705395,0.7333333333333334,-0.042886436562793895,0.042886436562793895
0.6700120852270204,1.3333333333333333,-0.6633212481063129,0.6633212481063129
0.653829971282899,1.3333333333333333,-0.6795033620504343,0.6795033620504343
0.6636769574159984,1.3333333333333333,-0.6696563759173348,0.6696563759173348
0.5422885207412549,0.6,-0.05771147925874509,0.05771147925874509
0.5422885207412549,0.6,-0.05771147925874509,0.05771147925874509
0.6821726355797036,0.7000000000000001,-0.01782736442029642,0.01782736442029642
1.2309422257456628,0.7000000000000001,0.5309422257456627,0.5309422257456627
0.9352419701157908,0.7000000000000001,0.23524197011579073,0.23524197011579073
0.4538514483659435,0.6333333333333333,-0.17948188496738982,0.17948188496738982
0.997989808692561,0.6333333333333333,0.36465647535922774,0.36465647535922774
0.5494183061851179,0.6333333333333333,-0.08391502714821542,0.08391502714821542
0.6433017110440628,1.1,-0.45669828895593734,0.45669828895593734
0.9823435270848496,1.1,-0.11765647291515047,0.11765647291515047
0.7961939204401095,1.1,-0.3038060795598906,0.3038060795598906
0.6286830497610721,1.2,-0.5713169502389278,0.5713169502389278
1.1321807165247717,1.2,-0.06781928347522825,0.06781928347522825
0.8632751628341233,1.2,-0.33672483716587664,0.33672483716587664
0.4787820909269001,0.6666666666666666,-0.18788457573976652,0.18788457573976652
0.7279249098775472,0.6666666666666666,0.06125824321088058,0.06125824321088058
0.5480873832187684,0.6666666666666666,-0.11857928344789825,0.11857928344789825
0.5714159022282193,1.1333333333333333,-0.561917431105114,0.561917431105114
1.1835686146592244,1.1333333333333333,0.05023528132589106,0.05023528132589106
0.8099944456086376,1.1333333333333333,-0.32333888772469566,0.32333888772469566
0.5251432400895707,1.1333333333333333,-0.6081900932437626,0.6081900932437626
0.7559563988183644,1.1333333333333333,-0.3773769345149689,0.3773769345149689
0.6778710254152407,1.1333333333333333,-0.4554623079180926,0.4554623079180926
0.579730411471064,0.7666666666666666,-0.18693625519560264,0.18693625519560264
0.774283389787513,0.7666666666666666,0.00761672312084638,0.00761672312084638
0.6391522952809118,0.7666666666666666,-0.12751437138575483,0.12751437138575483
0.4892093570559104,1.1666666666666667,-0.6774573096107563,0.6774573096107563
0.5561447310735069,1.1666666666666667,-0.6105219355931598,0.6105219355931598
0.5048175502104532,1.1666666666666667,-0.6618491164562136,0.6618491164562136
0.4770632662036267,0.6,-0.12293673379637327,0.12293673379637327
0.5641103408681047,0.6,-0.035889659131895235,0.035889659131895235
0.4869183122414556,0.6,-0.11308168775854438,0.11308168775854438
0.6650306538588546,1.0666666666666669,-0.40163601280781225,0.40163601280781225
0.7713261452057005,1.0666666666666669,-0.29534052146096634,0.29534052146096634
0.7333233775958355,1.0666666666666669,-0.33334328907083133,0.33334328907083133
0.3322482939632105,0.7333333333333334,-0.4010850393701229,0.4010850393701229
0.4062549460293829,0.7333333333333334,-0.3270783873039505,0.3270783873039505
0.3649043656974847,0.7333333333333334,-0.3684289676358487,0.3684289676358487
0.4950587775158489,1.3333333333333333,-0.8382745558174843,0.8382745558174843
0.7530910039174339,1.3333333333333333,-0.5802423294158994,0.5802423294158994
0.5950828682883496,1.3333333333333333,-0.7382504650449837,0.7382504650449837
0.5747979489963491,0.6,-0.025202051003650916,0.025202051003650916
0.1047330767226874,0.6,-0.4952669232773126,0.4952669232773126
0.5592824320954186,0.6,-0.040717567904581364,0.040717567904581364
0.4632654520489824,0.7000000000000001,-0.23673454795101767,0.23673454795101767
0.7496304931127424,0.7000000000000001,0.04963049311274237,0.04963049311274237
0.5633174517358029,0.7000000000000001,-0.13668254826419712,0.13668254826419712
0.3602760666772656,0.6333333333333333,-0.2730572666560677,0.2730572666560677
0.6658246650132922,0.6333333333333333,0.03249133167995888,0.03249133167995888
0.4243713490577802,0.6333333333333333,-0.20896198427555313,0.20896198427555313
0.4198664546099319,1.1,-0.6801335453900682,0.6801335453900682
0.6052217822979895,1.1,-0.4947782177020106,0.4947782177020106
0.4953986447362168,1.1,-0.6046013552637832,0.6046013552637832
0.6198068833094819,1.2,-0.5801931166905181,0.5801931166905181
1.0649682679639256,1.2,-0.13503173203607433,0.13503173203607433
0.7696938879034653,1.2,-0.4303061120965347,0.4303061120965347
0.3687334249789068,0.6666666666666666,-0.2979332416877598,0.2979332416877598
0.4313168954422955,0.6666666666666666,-0.23534977122437112,0.23534977122437112
0.3707166752248346,0.6666666666666666,-0.29594999144183204,0.29594999144183204
0.4788089757102604,1.1333333333333333,-0.6545243576230729,0.6545243576230729
0.8188652144271537,1.1333333333333333,-0.31446811890617965,0.31446811890617965
0.5842063659602571,1.1333333333333333,-0.5491269673730762,0.5491269673730762
0.4055485017270916,1.1333333333333333,-0.7277848316062416,0.7277848316062416
0.6957406402698985,1.1333333333333333,-0.43759269306343485,0.43759269306343485
0.5562316869210366,1.1333333333333333,-0.5771016464122967,0.5771016464122967
1.6268858066002263,1.0,0.6268858066002263,0.6268858066002263
1.9919193221111424,1.0,0.9919193221111424,0.9919193221111424
1.6750870924050658,1.0,0.6750870924050658,0.6750870924050658
2.291177593433027,2.3,-0.008822406566972862,0.008822406566972862
4.746403988018382,2.3,2.446403988018382,2.446403988018382
3.474743554785576,2.3,1.174743554785576,1.174743554785576
1.5470171390615697,1.0,0.5470171390615697,0.5470171390615697
2.594196684748674,1.0,1.594196684748674,1.594196684748674
1.8697114647833253,1.0,0.8697114647833253,0.8697114647833253
2.3426553850030096,1.7,0.6426553850030097,0.6426553850030097
3.0549264654046246,1.7,1.3549264654046247,1.3549264654046247
2.5954365128642194,1.7,0.8954365128642194,0.8954365128642194
1.5222384603844508,1.3,0.22223846038445072,0.22223846038445072
1.723713168491681,1.3,0.42371316849168106,0.42371316849168106
1.60003238244435,1.3,0.30003238244435004,0.30003238244435004
2.591624259545572,3.0,-0.4083757404544279,0.4083757404544279
3.423349924580549,3.0,0.423349924580549,0.423349924580549
2.6510166735556018,3.0,-0.3489833264443982,0.3489833264443982
1.2175480596073385,1.0,0.21754805960733847,0.21754805960733847
7.244065383360269,1.0,6.244065383360269,6.244065383360269
1.4355644271735015,1.0,0.4355644271735015,0.4355644271735015
1.6788303054282812,1.1,0.5788303054282811,0.5788303054282811
4.580426866194772,1.1,3.480426866194772,3.480426866194772
2.9826713553861293,1.1,1.8826713553861292,1.8826713553861292
1.5321273000173696,1.3,0.2321273000173696,0.2321273000173696
2.9489717758099068,1.3,1.6489717758099067,1.6489717758099067
2.235407081928281,1.3,0.9354070819282809,0.9354070819282809
2.169407944352197,2.1,0.06940794435219688,0.06940794435219688
2.686740331121587,2.1,0.5867403311215869,0.5867403311215869
2.404748318614775,2.1,0.304748318614775,0.304748318614775
1.658719821291578,2.5,-0.8412801787084221,0.8412801787084221
2.314641460829224,2.5,-0.18535853917077594,0.18535853917077594
1.9348144714872644,2.5,-0.5651855285127356,0.5651855285127356
1.3718829183654722,1.2,0.1718829183654722,0.1718829183654722
1.540156423059482,1.2,0.340156423059482,0.340156423059482
1.4308611121074777,1.2,0.23086111210747773,0.23086111210747773
3.0038294115831783,2.1,0.9038294115831782,0.9038294115831782
4.280134298861751,2.1,2.1801342988617507,2.1801342988617507
3.592580248493403,2.1,1.492580248493403,1.492580248493403
1.2660956469166913,2.1,-0.8339043530833088,0.8339043530833088
2.6368413584111803,2.1,0.5368413584111802,0.5368413584111802
1.4980452432828957,2.1,-0.6019547567171044,0.6019547567171044
0.8570862730857126,1.0,-0.1429137269142874,0.1429137269142874
0.879146894389113,1.0,-0.12085310561088702,0.12085310561088702
0.8655043603230825,1.0,-0.13449563967691747,0.13449563967691747
0.7107039593083359,2.3,-1.5892960406916639,1.5892960406916639
1.3411688832335629,2.3,-0.958831116766437,0.958831116766437
0.9814360581560068,2.3,-1.3185639418439932,1.3185639418439932
0.5175817230094645,1.0,-0.4824182769905355,0.4824182769905355
0.7056484947012804,1.0,-0.29435150529871956,0.29435150529871956
0.5731757916040728,1.0,-0.42682420839592716,0.42682420839592716
0.826094714383351,1.7,-0.8739052856166489,0.8739052856166489
1.200511704804833,1.7,-0.4994882951951669,0.4994882951951669
0.98602045418736,1.7,-0.71397954581264,0.71397954581264
0.6401206168693183,1.3,-0.6598793831306817,0.6598793831306817
0.8018694899438292,1.3,-0.4981305100561708,0.4981305100561708
0.6904468967705395,1.3,-0.6095531032294605,0.6095531032294605
0.6700120852270204,3.0,-2.3299879147729796,2.3299879147729796
0.653829971282899,3.0,-2.346170028717101,2.346170028717101
0.6636769574159984,3.0,-2.3363230425840014,2.3363230425840014
0.5422885207412549,1.0,-0.4577114792587451,0.4577114792587451
0.5422885207412549,1.0,-0.4577114792587451,0.4577114792587451
0.6821726355797036,1.1,-0.41782736442029644,0.41782736442029644
1.2309422257456628,1.1,0.13094222574566272,0.13094222574566272
0.9352419701157908,1.1,-0.1647580298842093,0.1647580298842093
0.4538514483659435,1.3,-0.8461485516340566,0.8461485516340566
0.997989808692561,1.3,-0.302010191307439,0.302010191307439
0.5494183061851179,1.3,-0.7505816938148822,0.7505816938148822
0.6433017110440628,2.1,-1.4566982889559372,1.4566982889559372
0.9823435270848496,2.1,-1.1176564729151504,1.1176564729151504
0.7961939204401095,2.1,-1.3038060795598905,1.3038060795598905
0.6286830497610721,2.5,-1.8713169502389277,1.8713169502389277
1.1321807165247717,2.5,-1.3678192834752283,1.3678192834752283
0.8632751628341233,2.5,-1.6367248371658767,1.6367248371658767
0.4787820909269001,1.2,-0.7212179090730999,0.7212179090730999
0.7279249098775472,1.2,-0.47207509012245275,0.47207509012245275
0.5480873832187684,1.2,-0.6519126167812316,0.6519126167812316
0.5714159022282193,2.1,-1.5285840977717808,1.5285840977717808
1.1835686146592244,2.1,-0.9164313853407757,0.9164313853407757
0.8099944456086376,2.1,-1.2900055543913624,1.2900055543913624
0.5251432400895707,2.1,-1.5748567599104293,1.5748567599104293
0.7559563988183644,2.1,-1.3440436011816357,1.3440436011816357
0.6778710254152407,2.1,-1.4221289745847594,1.4221289745847594
0.579730411471064,1.0,-0.42026958852893603,0.42026958852893603
0.774283389787513,1.0,-0.225716610212487,0.225716610212487
0.6391522952809118,1.0,-0.3608477047190882,0.3608477047190882
0.4892093570559104,2.3,-1.8107906429440894,1.8107906429440894
0.5561447310735069,2.3,-1.743855268926493,1.743855268926493
0.5048175502104532,2.3,-1.7951824497895466,1.7951824497895466
0.4770632662036267,1.0,-0.5229367337963733,0.5229367337963733
0.5641103408681047,1.0,-0.43588965913189526,0.43588965913189526
0.4869183122414556,1.0,-0.5130816877585445,0.5130816877585445
0.6650306538588546,1.7,-1.0349693461411453,1.0349693461411453
0.7713261452057005,1.7,-0.9286738547942994,0.9286738547942994
0.7333233775958355,1.7,-0.9666766224041644,0.9666766224041644
0.3322482939632105,1.3,-0.9677517060367895,0.9677517060367895
0.4062549460293829,1.3,-0.8937450539706171,0.8937450539706171
0.3649043656974847,1.3,-0.9350956343025154,0.9350956343025154
0.4950587775158489,3.0,-2.504941222484151,2.504941222484151
0.7530910039174339,3.0,-2.246908996082566,2.246908996082566
0.5950828682883496,3.0,-2.4049171317116507,2.4049171317116507
0.5747979489963491,1.0,-0.42520205100365094,0.42520205100365094
0.1047330767226874,1.0,-0.8952669232773126,0.8952669232773126
0.5592824320954186,1.0,-0.4407175679045814,0.4407175679045814
0.4632654520489824,1.1,-0.6367345479510177,0.6367345479510177
0.7496304931127424,1.1,-0.35036950688725765,0.35036950688725765
0.5633174517358029,1.1,-0.5366825482641971,0.5366825482641971
0.3602760666772656,1.3,-0.9397239333227345,0.9397239333227345
0.6658246650132922,1.3,-0.6341753349867079,0.6341753349867079
0.4243713490577802,1.3,-0.8756286509422199,0.8756286509422199
0.4198664546099319,2.1,-1.6801335453900683,1.6801335453900683
0.6052217822979895,2.1,-1.4947782177020106,1.4947782177020106
0.4953986447362168,2.1,-1.6046013552637832,1.6046013552637832
0.6198068833094819,2.5,-1.8801931166905181,1.8801931166905181
1.0649682679639256,2.5,-1.4350317320360744,1.4350317320360744
0.7696938879034653,2.5,-1.7303061120965348,1.7303061120965348
0.3687334249789068,1.2,-0.8312665750210931,0.8312665750210931
0.4313168954422955,1.2,-0.7686831045577045,0.7686831045577045
0.3707166752248346,1.2,-0.8292833247751654,0.8292833247751654
0.4788089757102604,2.1,-1.6211910242897396,1.6211910242897396
0.8188652144271537,2.1,-1.2811347855728465,1.2811347855728465
0.5842063659602571,2.1,-1.5157936340397429,1.5157936340397429
0.4055485017270916,2.1,-1.6944514982729084,1.6944514982729084
0.6957406402698985,2.1,-1.4042593597301016,1.4042593597301016
0.5562316869210366,2.1,-1.5437683130789635,1.5437683130789635
1.0,1.290087129692625,-0.29008712969262507,0.29008712969262507
2.3,2.2789918238668587,0.0210081761331411,0.0210081761331411
1.0,1.958749373278936,-0.9587493732789361,0.9587493732789361
1.7,1.5609844332795175,0.13901556672048243,0.13901556672048243
1.3,2.290606206234765,-0.9906062062347651,0.9906062062347651
3.0,2.1815562278520675,0.8184437721479325,0.8184437721479325
1.0,1.841692808004621,-0.8416928080046211,0.8416928080046211
1.1,1.9956670319163528,-0.8956670319163527,0.8956670319163527
1.3,1.3084719100699755,-0.008471910069975497,0.008471910069975497
2.1,1.7949944062342902,0.3050055937657099,0.3050055937657099
2.5,2.546937577196819,-0.046937577196819014,0.046937577196819014
1.2,1.3707710689046355,-0.17077106890463556,0.17077106890463556
2.1,2.220811608101418,-0.12081160810141789,0.12081160810141789
2.1,1.3209689852898472,0.7790310147101529,0.7790310147101529
0.7,0.0,0.7,0.7
0.7,0.6158887500359699,0.08411124996403008,0.08411124996403008
0.4,0.2956462994480464,0.10435370055195364,0.10435370055195364
0.7,0.0,0.7,0.7
0.4,0.627503132403876,-0.22750313240387599,0.22750313240387599
0.5,0.5184531540211783,-0.01845315402117831,0.01845315402117831
0.4,0.1785897341737321,0.2214102658262679,0.2214102658262679
0.6,0.332563958085464,0.26743604191453596,0.26743604191453596
0.3,0.0,0.3,0.3
0.6,0.1318913324034012,0.46810866759659875,0.46810866759659875
0.6,0.88383450336593,-0.28383450336592997,0.28383450336592997
0.4,0.0,0.4,0.4
0.7,0.5577085342705288,0.14229146572947116,0.14229146572947116
0.7,0.0,0.7,0.7
0.6,0.0,0.6,0.6
0.5,0.3830662496121602,0.11693375038783982,0.11693375038783982
0.4,0.0628237990242368,0.33717620097576323,0.33717620097576323
0.8,0.0,0.8,0.8
0.5,0.3946806319800664,0.10531936801993358,0.10531936801993358
0.5,0.2856306535973687,0.21436934640263128,0.21436934640263128
0.4,0.0,0.4,0.4
0.4,0.0997414576616544,0.3002585423383456,0.3002585423383456
0.3,0.0,0.3,0.3
0.6,0.0,0.6,0.6
0.5,0.6510120029421205,-0.15101200294212047,0.15101200294212047
0.4,0.0,0.4,0.4
0.6,0.3248860338467192,0.27511396615328076,0.27511396615328076
0.6,0.0,0.6,0.6
1.0,1.5403059370832015,-0.5403059370832015,0.5403059370832015
2.3,2.47462474467956,-0.17462474467956035,0.17462474467956035
1.0,2.142106196992948,-1.1421061969929478,1.1421061969929478
1.7,1.783388289621211,-0.08338828962121103,0.08338828962121103
1.3,2.5159372247205445,-1.2159372247205444,1.2159372247205444
3.0,2.354587185483542,0.6454128145164582,0.6454128145164582
1.0,2.0805459113897,-1.0805459113897,1.0805459113897
1.1,2.1381553468869585,-1.0381553468869584,1.0381553468869584
1.3,1.578171594691157,-0.27817159469115693,0.27817159469115693
2.1,1.9939001848363165,0.10609981516368361,0.10609981516368361
2.5,2.7844025255955387,-0.2844025255955387,0.2844025255955387
1.2,1.6199517950371811,-0.41995179503718116,0.41995179503718116
2.1,2.3929205268217766,-0.2929205268217765,0.2929205268217765
2.1,1.5522956252275772,0.5477043747724228,0.5477043747724228
0.7,0.0,0.7,0.7
0.7,0.82013783577415,-0.12013783577415005,0.12013783577415005
0.4,0.4876192880875386,-0.0876192880875386,0.0876192880875386
0.7,0.1289013807158017,0.5710986192841983,0.5710986192841983
0.4,0.8614503158151348,-0.46145031581513474,0.46145031581513474
0.5,0.7001002765781326,-0.20010027657813256,0.20010027657813256
0.4,0.4260590024842901,-0.02605900248429005,0.02605900248429005
0.6,0.4836684379815489,0.11633156201845107,0.11633156201845107
0.3,0.0,0.3,0.3
0.6,0.3394132759309068,0.26058672406909317,0.26058672406909317
0.6,1.1299156166901292,-0.5299156166901292,0.5299156166901292
0.4,0.0,0.4,0.4
0.7,0.7384336179163671,-0.038433617916367124,0.038433617916367124
0.7,0.0,0.7,0.7
0.6,0.0,0.6,0.6
0.5,0.5887171117708734,-0.08871711177087338,0.08871711177087338
0.4,0.2561985640842621,0.1438014359157379,0.1438014359157379
0.8,0.0,0.8,0.8
0.5,0.6300295918118582,-0.13002959181185825,0.13002959181185825
0.5,0.4686795525748559,0.031320447425144116,0.031320447425144116
0.4,0.1946382784810134,0.20536172151898663,0.20536172151898663
0.4,0.2522477139782721,0.1477522860217279,0.1477522860217279
0.3,0.0,0.3,0.3
0.6,0.1079925519276303,0.4920074480723697,0.4920074480723697
0.5,0.8984948926868525,-0.39849489268685245,0.39849489268685245
0.4,0.0,0.4,0.4
0.6,0.5070128939130903,0.09298710608690963,0.09298710608690963
0.6,0.0,0.6,0.6
1.0,1.8685404528114988,-0.8685404528114988,0.8685404528114988
2.3,2.7407570392288463,-0.44075703922884646,0.44075703922884646
1.0,2.366535837979435,-1.366535837979435,1.366535837979435
1.7,2.160600525409941,-0.460600525409941,0.460600525409941
1.3,2.6381037127047224,-1.3381037127047224,1.3381037127047224
3.0,2.571351739923829,0.4286482600761712,0.4286482600761712
1.0,2.420097328071294,-1.4200973280712939,1.4200973280712939
1.1,2.5025717256149704,-1.4025717256149703,1.4025717256149703
1.3,1.9774431459647488,-0.6774431459647487,0.6774431459647487
2.1,2.3489072499381862,-0.24890724993818614,0.24890724993818614
2.5,2.912544990062913,-0.412544990062913,0.412544990062913
1.2,1.9957847191634064,-0.7957847191634064,0.7957847191634064
2.1,2.634303787824225,-0.5343037878242249,0.5343037878242249
2.1,1.929796878295992,0.1702031217040081,0.1702031217040081
0.7,0.2051260277030646,0.49487397229693536,0.49487397229693536
0.7,1.0773426141204123,-0.37734261412041237,0.37734261412041237
0.4,0.703121412871001,-0.30312141287100103,0.30312141287100103
0.7,0.4971861003015073,0.20281389969849267,0.20281389969849267
0.4,0.9746892875962888,-0.5746892875962888,0.5746892875962888
0.5,0.9079373148153952,-0.4079373148153952,0.4079373148153952
0.4,0.7566829029628599,-0.35668290296285987,0.35668290296285987
0.6,0.8391573005065367,-0.23915730050653672,0.23915730050653672
0.3,0.3140287208563149,-0.014028720856314902,0.014028720856314902
0.6,0.6854928248297525,-0.08549282482975251,0.08549282482975251
0.6,1.2491305649544795,-0.6491305649544795,0.6491305649544795
0.4,0.3323702940549728,0.06762970594502721,0.06762970594502721
0.7,0.970889362715792,-0.270889362715792,0.270889362715792
0.7,0.2663824531875579,0.4336175468124421,0.4336175468124421
0.6,0.0,0.6,0.6
0.5,0.8448314649741477,-0.34483146497414774,0.34483146497414774
0.4,0.4706102637247364,-0.07061026372473639,0.07061026372473639
0.8,0.2646749511552426,0.5353250488447574,0.5353250488447574
0.5,0.7421781384500238,-0.24217813845002378,0.24217813845002378
0.5,0.6754261656691307,-0.17542616566913072,0.17542616566913072
0.4,0.5241717538165952,-0.12417175381659518,0.12417175381659518
0.4,0.6066461513602721,-0.2066461513602721,0.2066461513602721
0.3,0.0815175717100507,0.2184824282899493,0.2184824282899493
0.6,0.4529816756834878,0.14701832431651218,0.14701832431651218
0.5,1.016619415808215,-0.5166194158082149,0.5166194158082149
0.4,0.0998591449087085,0.3001408550912915,0.3001408550912915
0.6,0.7383782135695273,-0.1383782135695273,0.1383782135695273
0.6,0.0338713040412932,0.5661286959587067,0.5661286959587067
1.0,1.8198375706962269,-0.8198375706962269,0.8198375706962269
2.3,2.7141524398116217,-0.41415243981162186,0.41415243981162186
1.0,2.3437036559002307,-1.3437036559002307,1.3437036559002307
1.7,2.093378641481145,-0.3933786414811451,0.3933786414811451
1.3,2.6662521911521493,-1.3662521911521492,1.3662521911521492
3.0,2.551913096544996,0.4480869034550041,0.4480869034550041
1.0,2.372976116345707,-1.3729761163457068,1.3729761163457068
1.1,2.423954786829695,-1.3239547868296948,1.3239547868296948
1.3,1.912205641043406,-0.612205641043406,0.612205641043406
2.1,2.285949540061284,-0.18594954006128406,0.18594954006128406
2.5,2.947307545005258,-0.44730754500525816,0.44730754500525816
1.2,1.9329784906606324,-0.7329784906606325,0.7329784906606325
2.1,2.608091356491284,-0.5080913564912839,0.5080913564912839
2.1,1.860845082412972,0.239154917587028,0.239154917587028
0.7,0.1567747980120568,0.5432252019879431,0.5432252019879431
0.7,1.051089667127452,-0.35108966712745215,0.35108966712745215
0.4,0.6806408832160611,-0.28064088321606107,0.28064088321606107
0.7,0.4303158687969756,0.26968413120302437,0.26968413120302437
0.4,1.0031894184679793,-0.6031894184679792,0.6031894184679792
0.5,0.8888503238608262,-0.3888503238608262,0.3888503238608262
0.4,0.7099133436615374,-0.30991334366153733,0.30991334366153733
0.6,0.7608920141455253,-0.16089201414552534,0.16089201414552534
0.3,0.2491428683592362,0.050857131640763775,0.050857131640763775
0.6,0.6228867673771135,-0.02288676737711348,0.02288676737711348
0.6,1.2842447723210888,-0.6842447723210888,0.6842447723210888
0.4,0.2699157179764627,0.13008428202353733,0.13008428202353733
0.7,0.9450285838071144,-0.24502858380711445,0.24502858380711445
0.7,0.197782309728802,0.5022176902711979,0.5022176902711979
0.6,0.0,0.6,0.6
0.5,0.8196432987276152,-0.3196432987276152,0.3196432987276152
0.4,0.4491945148162244,-0.04919451481622439,0.04919451481622439
0.8,0.1988695003971388,0.6011304996028612,0.6011304996028612
0.5,0.7717430500681424,-0.27174305006814237,0.27174305006814237
0.5,0.6574039554609893,-0.1574039554609893,0.1574039554609893
0.4,0.4784669752617005,-0.07846697526170049,0.07846697526170049
0.4,0.5294456457456885,-0.1294456457456885,0.1294456457456885
0.3,0.0176964999593995,0.2823035000406005,0.2823035000406005
0.6,0.3914403989772766,0.20855960102272336,0.20855960102272336
0.5,1.052798403921252,-0.5527984039212519,0.5527984039212519
0.4,0.0384693495766257,0.36153065042337434,0.36153065042337434
0.6,0.7135822154072776,-0.11358221540727764,0.11358221540727764
0.6,0.0,0.6,0.6
1.0,2.4186198930553577,-1.4186198930553577,1.4186198930553577
2.3,2.8148451694318952,-0.5148451694318954,0.5148451694318954
1.0,2.0178531101061905,-1.0178531101061905,1.0178531101061905
1.7,1.9136315186691624,-0.2136315186691624,0.2136315186691624
1.3,2.230562915370881,-0.9305629153708808,0.9305629153708808
3.0,2.157201247375581,0.842798752624419,0.842798752624419
1.0,2.0874372527256715,-1.0874372527256715,1.0874372527256715
1.1,2.2362940880525004,-1.1362940880525003,1.1362940880525003
1.3,2.026812739933808,-0.726812739933808,0.726812739933808
2.1,1.9901003581928087,0.10989964180719136,0.10989964180719136
2.5,2.6424598690800387,-0.14245986908003871,0.14245986908003871
1.2,2.013689059081201,-0.8136890590812011,0.8136890590812011
2.1,2.2465284760393645,-0.14652847603936436,0.14652847603936436
2.1,1.934672567025436,0.16532743297456398,0.16532743297456398
0.7,0.7992009895188096,-0.09920098951880962,0.09920098951880962
0.7,0.6844282539221132,0.015571746077886806,0.015571746077886806
0.4,0.6511400219133577,-0.2511400219133577,0.2511400219133577
0.7,0.7185839382135444,-0.018583938213544426,0.018583938213544426
0.4,0.7632433645428894,-0.3632433645428894,0.3632433645428894
0.5,0.6943326741650848,-0.19433267416508482,0.19433267416508482
0.4,0.7501331754642118,-0.35013317546421174,0.35013317546421174
0.6,0.6840314145379277,-0.08403141453792773,0.08403141453792773
0.3,0.7404317766903388,-0.4404317766903388,0.4404317766903388
0.6,0.6730097147572762,-0.07300971475727625,0.07300971475727625
0.6,0.8144216913417793,-0.21442169134177935,0.21442169134177935
0.4,0.7302717157450601,-0.3302717157450601,0.3302717157450601
0.7,0.6885150094950832,0.011484990504916803,0.011484990504916803
0.7,0.7148367583440196,-0.014836758344019652,0.014836758344019652
0.6,0.6103600109711372,-0.010360010971137257,0.010360010971137257
0.5,0.5312354772251048,-0.03123547722510478,0.03123547722510478
0.4,0.5213058025811909,-0.12130580258119084,0.12130580258119084
0.8,0.6020942964889588,0.1979057035110412,0.1979057035110412
0.5,0.6053946044364387,-0.10539460443643867,0.10539460443643867
0.5,0.5668851231879838,-0.06688512318798379,0.06688512318798379
0.4,0.5812469363985053,-0.1812469363985053,0.1812469363985053
0.4,0.5637820309712671,-0.1637820309712671,0.1637820309712671
0.3,0.6021771783693892,-0.30217717836938923,0.30217717836938923
0.6,0.5708667467250145,0.029133253274985504,0.029133253274985504
0.5,0.650915771105726,-0.15091577110572596,0.15091577110572596
0.4,0.5809426363086285,-0.1809426363086285,0.1809426363086285
0.6,0.5557707494135241,0.044229250586475866,0.044229250586475866
0.6,0.5741781344770032,0.025821865522996812,0.025821865522996812
1.0,2.385530710220337,-1.385530710220337,1.385530710220337
2.3,2.77210545539856,-0.4721054553985602,0.4721054553985602
1.0,1.9510926008224487,-0.9510926008224487,0.9510926008224487
1.7,1.814324259757996,-0.1143242597579961,0.1143242597579961
1.3,2.216460704803467,-0.9164607048034668,0.9164607048034668
3.0,2.018897294998169,0.981102705001831,0.981102705001831
1.0,2.047699451446533,-1.0476994514465332,1.0476994514465332
1.1,1.991599917411804,-0.8915999174118039,0.8915999174118039
1.3,1.8172098398208616,-0.5172098398208615,0.5172098398208615
2.1,2.070861339569092,0.029138660430908292,0.029138660430908292
2.5,2.713033437728882,-0.21303343772888184,0.21303343772888184
1.2,1.7369550466537476,-0.5369550466537476,0.5369550466537476
2.1,2.784134864807129,-0.6841348648071288,0.6841348648071288
2.1,1.8616037368774407,0.23839626312255935,0.23839626312255935
0.7,0.9408462643623352,-0.24084626436233525,0.24084626436233525
0.7,0.7667245268821716,-0.06672452688217168,0.06672452688217168
0.4,0.5703493356704712,-0.17034933567047117,0.17034933567047117
0.7,0.6508471965789795,0.04915280342102046,0.04915280342102046
0.4,0.8008061051368713,-0.4008061051368713,0.4008061051368713
0.5,0.6983113884925842,-0.19831138849258423,0.19831138849258423
0.4,0.5734002590179443,-0.1734002590179443,0.1734002590179443
0.6,0.6537033915519714,-0.05370339155197146,0.05370339155197146
0.3,0.7122829556465149,-0.4122829556465149,0.4122829556465149
0.6,0.7554653286933899,-0.15546532869338991,0.15546532869338991
0.6,1.0272510051727295,-0.4272510051727295,0.4272510051727295
0.4,0.6405601501464844,-0.24056015014648435,0.24056015014648435
0.7,0.808333158493042,-0.10833315849304204,0.10833315849304204
0.7,0.723785936832428,-0.023785936832428023,0.023785936832428023
0.6,0.7684816718101501,-0.16848167181015017,0.16848167181015017
0.5,0.4785034358501434,0.021496564149856623,0.021496564149856623
0.4,0.3871384561061859,0.012861543893814109,0.012861543893814109
0.8,0.5085203051567078,0.2914796948432923,0.2914796948432923
0.5,0.6010547280311584,-0.10105472803115845,0.10105472803115845
0.5,0.523679256439209,-0.023679256439208984,0.023679256439208984
0.4,0.2268200516700744,0.17317994832992561,0.17317994832992561
0.4,0.4363590776920318,-0.03635907769203178,0.03635907769203178
0.3,0.5289278626441956,-0.22892786264419557,0.22892786264419557
0.6,0.5936076045036316,0.006392395496368386,0.006392395496368386
0.5,0.8618918657302856,-0.36189186573028564,0.36189186573028564
0.4,0.4572051167488098,-0.05720511674880979,0.05720511674880979
0.6,0.6080971956253052,-0.008097195625305198,0.008097195625305198
0.6,0.5252001881599426,0.07479981184005735,0.07479981184005735
1.0,1.265028573028058,-0.26502857302805793,0.26502857302805793
2.3,1.265028573028058,1.0349714269719419,1.0349714269719419
1.0,1.265028573028058,-0.26502857302805793,0.26502857302805793
1.7,1.265028573028058,0.434971426971942,0.434971426971942
1.3,1.265028573028058,0.03497142697194211,0.03497142697194211
3.0,1.265028573028058,1.734971426971942,1.734971426971942
1.0,1.265028573028058,-0.26502857302805793,0.26502857302805793
1.1,1.265028573028058,-0.16502857302805785,0.16502857302805785
1.3,1.265028573028058,0.03497142697194211,0.03497142697194211
2.1,1.265028573028058,0.8349714269719422,0.8349714269719422
2.5,1.265028573028058,1.234971426971942,1.234971426971942
1.2,1.265028573028058,-0.06502857302805798,0.06502857302805798
2.1,1.265028573028058,0.8349714269719422,0.8349714269719422
2.1,1.265028573028058,0.8349714269719422,0.8349714269719422
0.7,1.265028573028058,-0.565028573028058,0.565028573028058
0.7,1.265028573028058,-0.565028573028058,0.565028573028058
0.4,1.265028573028058,-0.8650285730280579,0.8650285730280579
0.7,1.265028573028058,-0.565028573028058,0.565028573028058
0.4,1.265028573028058,-0.8650285730280579,0.8650285730280579
0.5,1.265028573028058,-0.7650285730280579,0.7650285730280579
0.4,1.265028573028058,-0.8650285730280579,0.8650285730280579
0.6,1.265028573028058,-0.665028573028058,0.665028573028058
0.3,1.265028573028058,-0.9650285730280579,0.9650285730280579
0.6,1.265028573028058,-0.665028573028058,0.665028573028058
0.6,1.265028573028058,-0.665028573028058,0.665028573028058
0.4,1.265028573028058,-0.8650285730280579,0.8650285730280579
0.7,1.265028573028058,-0.565028573028058,0.565028573028058
0.7,1.265028573028058,-0.565028573028058,0.565028573028058
0.6,1.265028573028058,-0.665028573028058,0.665028573028058
0.5,1.265028573028058,-0.7650285730280579,0.7650285730280579
0.4,1.265028573028058,-0.8650285730280579,0.8650285730280579
0.8,1.265028573028058,-0.4650285730280579,0.4650285730280579
0.5,1.265028573028058,-0.7650285730280579,0.7650285730280579
0.5,1.265028573028058,-0.7650285730280579,0.7650285730280579
0.4,1.265028573028058,-0.8650285730280579,0.8650285730280579
0.4,1.265028573028058,-0.8650285730280579,0.8650285730280579
0.3,1.265028573028058,-0.9650285730280579,0.9650285730280579
0.6,1.265028573028058,-0.665028573028058,0.665028573028058
0.5,1.265028573028058,-0.7650285730280579,0.7650285730280579
0.4,1.265028573028058,-0.8650285730280579,0.8650285730280579
0.6,1.265028573028058,-0.665028573028058,0.665028573028058
0.6,1.265028573028058,-0.665028573028058,0.665028573028058
1.0,1.0987550939393147,-0.0987550939393147,0.0987550939393147
2.3,1.6773117416971957,0.6226882583028042,0.6226882583028042
1.0,1.0372692463579527,-0.0372692463579527,0.0372692463579527
1.7,1.4639250459230877,0.23607495407691226,0.23607495407691226
1.3,0.8979809578438053,0.4020190421561948,0.4020190421561948
3.0,1.3885269468143635,1.6114730531856365,1.6114730531856365
1.0,1.5275710461797591,-0.5275710461797591,0.5275710461797591
1.1,1.5407220839275408,-0.44072208392754075,0.44072208392754075
1.3,1.1298042001941686,0.17019579980583144,0.17019579980583144
2.1,1.2448025149224131,0.855197485077587,0.855197485077587
2.5,1.220753746878323,1.279246253121677,1.279246253121677
1.2,0.8076068703557427,0.3923931296442572,0.3923931296442572
2.1,1.7026003863924537,0.3973996136075464,0.3973996136075464
2.1,1.001941526872441,1.098058473127559,1.098058473127559
0.7,1.0987550939393147,-0.39875509393931474,0.39875509393931474
0.7,1.6773117416971957,-0.9773117416971957,0.9773117416971957
0.4,1.0372692463579527,-0.6372692463579527,0.6372692463579527
0.7,1.4639250459230877,-0.7639250459230877,0.7639250459230877
0.4,0.8979809578438053,-0.49798095784380525,0.49798095784380525
0.5,1.3885269468143635,-0.8885269468143635,0.8885269468143635
0.4,1.5275710461797591,-1.1275710461797592,1.1275710461797592
0.6,1.5407220839275408,-0.9407220839275409,0.9407220839275409
0.3,1.1298042001941686,-0.8298042001941686,0.8298042001941686
0.6,1.2448025149224131,-0.6448025149224131,0.6448025149224131
0.6,1.220753746878323,-0.620753746878323,0.620753746878323
0.4,0.8076068703557427,-0.4076068703557427,0.4076068703557427
0.7,1.7026003863924537,-1.0026003863924537,1.0026003863924537
0.7,1.001941526872441,-0.301941526872441,0.301941526872441
0.6,1.0987550939393147,-0.4987550939393147,0.4987550939393147
0.5,1.6773117416971957,-1.1773117416971957,1.1773117416971957
0.4,1.0372692463579527,-0.6372692463579527,0.6372692463579527
0.8,1.4639250459230877,-0.6639250459230877,0.6639250459230877
0.5,0.8979809578438053,-0.39798095784380527,0.39798095784380527
0.5,1.3885269468143635,-0.8885269468143635,0.8885269468143635
0.4,1.5275710461797591,-1.1275710461797592,1.1275710461797592
0.4,1.5407220839275408,-1.1407220839275407,1.1407220839275407
0.3,1.1298042001941686,-0.8298042001941686,0.8298042001941686
0.6,1.2448025149224131,-0.6448025149224131,0.6448025149224131
0.5,1.220753746878323,-0.7207537468783229,0.7207537468783229
0.4,0.8076068703557427,-0.4076068703557427,0.4076068703557427
0.6,1.7026003863924537,-1.1026003863924538,1.1026003863924538
0.6,1.001941526872441,-0.401941526872441,0.401941526872441
1.0,1.6268858066002263,-0.6268858066002263,0.6268858066002263
2.3,2.291177593433027,0.008822406566972862,0.008822406566972862
1.0,1.5470171390615697,-0.5470171390615697,0.5470171390615697
1.7,2.3426553850030096,-0.6426553850030097,0.6426553850030097
1.3,1.5222384603844508,-0.22223846038445072,0.22223846038445072
3.0,2.591624259545572,0.4083757404544279,0.4083757404544279
1.0,1.2175480596073385,-0.21754805960733847,0.21754805960733847
1.1,1.6788303054282812,-0.5788303054282811,0.5788303054282811
1.3,1.5321273000173696,-0.2321273000173696,0.2321273000173696
2.1,2.169407944352197,-0.06940794435219688,0.06940794435219688
2.5,1.658719821291578,0.8412801787084221,0.8412801787084221
1.2,1.3718829183654722,-0.1718829183654722,0.1718829183654722
2.1,3.0038294115831783,-0.9038294115831782,0.9038294115831782
2.1,1.2660956469166913,0.8339043530833088,0.8339043530833088
0.7,1.6268858066002263,-0.9268858066002263,0.9268858066002263
0.7,2.291177593433027,-1.591177593433027,1.591177593433027
0.4,1.5470171390615697,-1.1470171390615698,1.1470171390615698
0.7,2.3426553850030096,-1.6426553850030097,1.6426553850030097
0.4,1.5222384603844508,-1.1222384603844509,1.1222384603844509
0.5,2.591624259545572,-2.091624259545572,2.091624259545572
0.4,1.2175480596073385,-0.8175480596073385,0.8175480596073385
0.6,1.6788303054282812,-1.0788303054282813,1.0788303054282813
0.3,1.5321273000173696,-1.2321273000173696,1.2321273000173696
0.6,2.169407944352197,-1.5694079443521969,1.5694079443521969
0.6,1.658719821291578,-1.0587198212915778,1.0587198212915778
0.4,1.3718829183654722,-0.9718829183654721,0.9718829183654721
0.7,3.0038294115831783,-2.3038294115831786,2.3038294115831786
0.7,1.2660956469166913,-0.5660956469166913,0.5660956469166913
0.6,1.6268858066002263,-1.0268858066002262,1.0268858066002262
0.5,2.291177593433027,-1.791177593433027,1.791177593433027
0.4,1.5470171390615697,-1.1470171390615698,1.1470171390615698
0.8,2.3426553850030096,-1.5426553850030096,1.5426553850030096
0.5,1.5222384603844508,-1.0222384603844508,1.0222384603844508
0.5,2.591624259545572,-2.091624259545572,2.091624259545572
0.4,1.2175480596073385,-0.8175480596073385,0.8175480596073385
0.4,1.6788303054282812,-1.278830305428281,1.278830305428281
0.3,1.5321273000173696,-1.2321273000173696,1.2321273000173696
0.6,2.169407944352197,-1.5694079443521969,1.5694079443521969
0.5,1.658719821291578,-1.158719821291578,1.158719821291578
0.4,1.3718829183654722,-0.9718829183654721,0.9718829183654721
0.6,3.0038294115831783,-2.403829411583178,2.403829411583178
0.6,1.2660956469166913,-0.6660956469166913,0.6660956469166913
